avgCushion,avgExpectedYAC,avgIntendedAirYards,avgSeparation,avgYAC,avgYACAboveExpectation,catchPercentage,percentShareOfIntendedAirYards,recTouchdowns,receptions,targets,yards,player,playerName,position,teamId,season,player_clean
7.4906,4.231568178941847,12.90403846153846,3.012980894494583,4.755172413793105,0.5236042348512573,55.76923076923077,13.654205778634232,5,29,52,402,"{'season': 2018, 'currentTeamId': '2510', 'displayName': 'Josh Reynolds', 'esbId': 'REY398905', 'firstName': 'Joshua', 'footballName': 'Josh', 'gsisId': '00-0033943', 'gsisItId': 44930, 'headshot': 'https://static.www.nfl.com/image/private/{formatInstructions}/league/yzpzvlpz5n7dmxue0geq', 'jerseyNumber': 83, 'lastName': 'Reynolds', 'ngsPosition': 'WR', 'ngsPositionGroup': 'WR', 'position': 'WR', 'positionGroup': 'WR', 'shortName': 'J.Reynolds', 'smartId': '32005245-5939-8905-3a79-3286353be377', 'status': 'ACT'}",Josh Reynolds,WR,2510,2018,josh reynolds
7.337777777777778,4.29977456773574,19.107702702702703,2.7365699466874687,4.554634146341463,0.2548595786057221,55.4054054054054,21.423041318257088,4,41,74,774,"{'season': 2018, 'currentTeamId': '4900', 'displayName': 'DeSean Jackson', 'esbId': 'JAC127681', 'firstName': 'DeSean', 'footballName': 'DeSean', 'gsisId': '00-0026189', 'gsisItId': 33130, 'headshot': 'https://static.www.nfl.com/image/private/{formatInstructions}/league/vkfjfhbfr6e02jmsw2oc', 'jerseyNumber': 11, 'lastName': 'Jackson', 'position': 'WR', 'positionGroup': 'WR', 'shortName': 'D.Jackson', 'smartId': '32004a41-4312-7681-93f9-b06ab3ee3184', 'status': 'ACT', 'ngsPosition': 'WR', 'ngsPositionGroup': 'WR'}",DeSean Jackson,WR,4900,2018,desean jackson
7.127454545454546,4.216796352956733,13.158928571428572,3.2227428029791154,4.674864864864865,0.4580685119081327,66.07142857142857,23.001960270192654,1,37,56,466,"{'season': 2018, 'currentTeamId': '2100', 'displayName': 'Taywan Taylor', 'esbId': 'TAY716250', 'firstName': 'Taywan', 'footballName': 'Taywan', 'gsisId': '00-0033911', 'gsisItId': 44884, 'headshot': 'https://static.www.nfl.com/image/private/{formatInstructions}/league/irvga1akmv2wze57jykn', 'jerseyNumber': 13, 'lastName': 'Taylor', 'ngsPosition': 'WR', 'ngsPositionGroup': 'WR', 'position': 'WR', 'positionGroup': 'WR', 'shortName': 'T.Taylor', 'smartId': '32005441-5971-6250-197f-078bbce0e7cb', 'status': 'ACT'}",Taywan Taylor,WR,2100,2018,taywan taylor
6.972650602409638,3.8326335765065664,11.038494623655913,3.467761146278252,3.5632835820895523,-0.2693499944170141,72.04301075268818,23.005470236401163,2,67,93,688,"{'season': 2018, 'currentTeamId': '0810', 'displayName': 'Taylor Gabriel', 'esbId': 'GAB627060', 'firstName': 'Taylor', 'footballName': 'Taylor', 'gsisId': '00-0031228', 'gsisItId': 42016, 'headshot': 'https://static.www.nfl.com/image/private/{formatInstructions}/league/nc4aoax8j5mnnrjewu7p', 'jerseyNumber': 18, 'lastName': 'Gabriel', 'ngsPosition': 'WR', 'ngsPositionGroup': 'WR', 'position': 'WR', 'positionGroup': 'WR', 'shortName': 'T.Gabriel', 'smartId': '32004741-4262-7060-f2df-7bd304949774', 'status': 'ACT'}",Taylor Gabriel,WR,810,2018,taylor gabriel
6.7276923076923065,2.545113781936781,12.164461538461536,2.4194832850358883,2.931025641025641,0.3859118590888597,60.0,19.15227059131294,5,39,65,494,"{'season': 2018, 'currentTeamId': '0750', 'displayName': 'Curtis Samuel', 'esbId': 'SAM633285', 'firstName': 'Curtis', 'footballName': 'Curtis', 'gsisId': '00-0033282', 'gsisItId': 44852, 'headshot': 'https://static.www.nfl.com/image/private/{formatInstructions}/league/i86hox9nhzunhykpexpg', 'jerseyNumber': 10, 'lastName': 'Samuel', 'ngsPosition': 'WR', 'ngsPositionGroup': 'WR', 'position': 'WR', 'positionGroup': 'WR', 'shortName': 'C.Samuel', 'smartId': '32005341-4d63-3285-ce5d-61e91947654e', 'status': 'ACT'}",Curtis Samuel,WR,750,2018,curtis samuel
6.683414634146341,5.7942574876180695,8.598909090909093,3.5412624492302016,7.749250000000001,1.9549925123819316,72.72727272727273,9.623731510629163,6,40,55,566,"{'season': 2018, 'currentTeamId': '2510', 'displayName': 'Cooper Kupp', 'esbId': 'KUP534597', 'firstName': 'Cooper', 'footballName': 'Cooper', 'gsisId': '00-0033908', 'gsisItId': 44881, 'headshot': 'https://static.www.nfl.com/image/private/{formatInstructions}/league/kfmofyneoponii4twxdq', 'jerseyNumber': 18, 'lastName': 'Kupp', 'position': 'WR', 'positionGroup': 'WR', 'shortName': 'C.Kupp', 'smartId': '32004b55-5053-4597-b958-87408c31956f', 'status': 'RES', 'ngsPosition': 'SLOT_WR', 'ngsPositionGroup': 'WR'}",Cooper Kupp,WR,2510,2018,cooper kupp
6.647058823529412,4.083272042090175,9.690428571428573,2.87739486389453,3.886315789473685,-0.1969562526164905,54.285714285714285,18.319182033250147,1,38,70,491,"{'season': 2018, 'currentTeamId': '2250', 'displayName': 'Keelan Cole', 'esbId': 'COL130738', 'firstName': 'Keelan', 'footballName': 'Keelan', 'gsisId': '00-0033681', 'gsisItId': 45555, 'headshot': 'https://static.www.nfl.com/image/private/{formatInstructions}/league/bhjafw7r4aflwm11iynh', 'jerseyNumber': 84, 'lastName': 'Cole', 'ngsPosition': 'WR', 'ngsPositionGroup': 'WR', 'position': 'WR', 'positionGroup': 'WR', 'shortName': 'K.Cole', 'smartId': '3200434f-4c13-0738-9b9e-38aa1121bdd9', 'status': 'ACT'}",Keelan Cole,WR,2250,2018,keelan cole
6.627878787878788,4.2320146212128975,6.619761904761904,3.3169090188726877,4.490740740740741,0.2587261195278438,64.28571428571429,13.368015905260805,2,54,84,558,"{'season': 2018, 'currentTeamId': '5110', 'displayName': 'Jordan Reed', 'esbId': 'REE302847', 'firstName': 'Jordan', 'footballName': 'Jordan', 'gsisId': '00-0030472', 'gsisItId': 40033, 'headshot': 'https://static.www.nfl.com/image/private/{formatInstructions}/league/jur0qgejd3lzv8flmxcq', 'jerseyNumber': 86, 'lastName': 'Reed', 'position': 'TE', 'positionGroup': 'TE', 'shortName': 'J.Reed', 'smartId': '32005245-4530-2847-ba4d-b3c01fedf34c', 'status': 'RES', 'ngsPosition': 'SLOT_WR', 'ngsPositionGroup': 'TE'}",Jordan Reed,TE,5110,2018,jordan reed
6.573623188405797,3.7110793148231,13.486999999999998,3.339030553751498,4.189473684210525,0.4783943693874253,81.42857142857143,24.43695530068308,10,57,70,965,"{'season': 2018, 'currentTeamId': '4600', 'displayName': 'Tyler Lockett', 'esbId': 'LOC420915', 'firstName': 'Tyler', 'footballName': 'Tyler', 'gsisId': '00-0032211', 'gsisItId': 42412, 'headshot': 'https://static.www.nfl.com/image/private/{formatInstructions}/league/kwcxus7rlqurps3gbbwu', 'jerseyNumber': 16, 'lastName': 'Lockett', 'ngsPosition': 'WR', 'ngsPositionGroup': 'WR', 'position': 'WR', 'positionGroup': 'WR', 'shortName': 'T.Lockett', 'smartId': '32004c4f-4342-0915-1af7-ec50f437887c', 'status': 'ACT'}",Tyler Lockett,WR,4600,2018,tyler lockett
6.5694871794871785,4.307956177704412,10.495106382978722,3.0630757555391246,3.358571428571428,-0.949384749132984,59.57446808510638,11.858506646023804,0,28,47,304,"{'season': 2018, 'currentTeamId': '5110', 'displayName': 'Maurice Harris', 'esbId': 'HAR485163', 'firstName': 'Maurice', 'footballName': 'Maurice', 'gsisId': '00-0032362', 'gsisItId': 43563, 'headshot': 'https://static.www.nfl.com/image/private/{formatInstructions}/league/w31fw8vgazrlgvyp2szu', 'jerseyNumber': 13, 'lastName': 'Harris', 'position': 'WR', 'positionGroup': 'WR', 'shortName': 'M.Harris', 'smartId': '32004841-5248-5163-915a-8240910dd87e', 'status': 'RES', 'suffix': 'Jr.', 'ngsPosition': 'WR', 'ngsPositionGroup': 'WR'}",Maurice Harris,WR,5110,2018,maurice harris
6.567777777777777,5.799000198603975,7.290588235294116,3.1436705680813573,7.689999999999999,1.890999801396025,55.88235294117647,10.727322691697662,1,38,68,450,"{'season': 2018, 'currentTeamId': '3430', 'displayName': 'Quincy Enunwa', 'esbId': 'ENU444955', 'firstName': 'Quincy', 'footballName': 'Quincy', 'gsisId': '00-0031023', 'gsisItId': 41438, 'headshot': 'https://static.www.nfl.com/image/private/{formatInstructions}/league/vsd27gfxzjt7v7izbjet', 'jerseyNumber': 81, 'lastName': 'Enunwa', 'position': 'WR', 'positionGroup': 'WR', 'shortName': 'Q.Enunwa', 'smartId': '3200454e-5544-4955-3b04-da7d5976635a', 'status': 'RES', 'ngsPosition': 'WR', 'ngsPositionGroup': 'WR'}",Quincy Enunwa,WR,3430,2018,quincy enunwa
6.538736842105264,5.069306980756434,6.0735238095238095,3.5643503240060106,5.7015789473684215,0.6322719666119871,72.38095238095238,9.662087533313231,5,76,105,816,"{'season': 2018, 'currentTeamId': '4900', 'displayName': 'Adam Humphries', 'esbId': 'HUM721507', 'firstName': 'Adam', 'footballName': 'Adam', 'gsisId': '00-0032009', 'gsisItId': 43010, 'headshot': 'https://static.www.nfl.com/image/private/{formatInstructions}/league/k0vkjiqxo1qntcqye1p3', 'jerseyNumber': 10, 'lastName': 'Humphries', 'ngsPosition': 'SLOT_WR', 'ngsPositionGroup': 'WR', 'position': 'WR', 'positionGroup': 'WR', 'shortName': 'A.Humphries', 'smartId': '32004855-4d72-1507-4b02-e4f7666b5805', 'status': 'ACT'}",Adam Humphries,WR,4900,2018,adam humphries
6.50375,3.4332824075748185,9.54730769230769,3.258717255995559,4.289375000000001,0.8560925924251821,61.53846153846154,9.40589369820658,5,32,52,334,"{'season': 2018, 'currentTeamId': '2310', 'displayName': 'Chris Conley', 'esbId': 'CON236839', 'firstName': 'Christian', 'footballName': 'Chris', 'gsisId': '00-0032128', 'gsisItId': 42419, 'headshot': 'https://static.www.nfl.com/image/private/{formatInstructions}/league/a53jzbb9mcuxhvirkjzs', 'jerseyNumber': 17, 'lastName': 'Conley', 'ngsPosition': 'SLOT_WR', 'ngsPositionGroup': 'WR', 'position': 'WR', 'positionGroup': 'WR', 'shortName': 'C.Conley', 'smartId': '3200434f-4e23-6839-29a1-a288b71f08e0', 'status': 'ACT', 'suffix': 'Jr.'}",Chris Conley,WR,2310,2018,chris conley
6.470980392156863,3.582686211520146,11.221698113207546,3.00698939270794,4.1523076923076925,0.5696214807875464,73.58490566037736,11.250269552486127,4,39,53,572,"{'season': 2018, 'currentTeamId': '1050', 'displayName': 'Rashard Higgins', 'esbId': 'HIG322107', 'firstName': 'Rashard', 'footballName': 'Rashard', 'gsisId': '00-0032977', 'gsisItId': 43461, 'headshot': 'https://static.www.nfl.com/image/private/{formatInstructions}/league/ya6ohfbuk96lfgarxbds', 'jerseyNumber': 81, 'lastName': 'Higgins', 'ngsPosition': 'WR', 'ngsPositionGroup': 'WR', 'position': 'WR', 'positionGroup': 'WR', 'shortName': 'R.Higgins', 'smartId': '32004849-4732-2107-8b68-79212110bd89', 'status': 'ACT'}",Rashard Higgins,WR,1050,2018,rashard higgins
6.464062500000001,3.648052674596732,9.055074626865672,2.80630083086052,3.6423809523809534,-0.0056717222157787,62.68656716417911,15.49702672878863,4,42,67,487,"{'season': 2018, 'currentTeamId': '4500', 'displayName': 'Kendrick Bourne', 'esbId': 'BOU434790', 'firstName': 'Kendrick', 'footballName': 'Kendrick', 'gsisId': '00-0033307', 'gsisItId': 45185, 'headshot': 'https://static.www.nfl.com/image/private/{formatInstructions}/league/ds0gb18xysmfji01ma58', 'jerseyNumber': 84, 'lastName': 'Bourne', 'ngsPosition': 'WR', 'ngsPositionGroup': 'WR', 'position': 'WR', 'positionGroup': 'WR', 'shortName': 'K.Bourne', 'smartId': '3200424f-5543-4790-acfc-7b92d77f3c8b', 'status': 'ACT'}",Kendrick Bourne,WR,4500,2018,kendrick bourne
6.439239130434784,3.624238880977121,16.500638297872342,2.303899888649516,3.6433999999999993,0.0191611190228782,53.191489361702125,33.56204843913301,6,50,94,752,"{'season': 2018, 'currentTeamId': '3430', 'displayName': 'Robby Anderson', 'esbId': 'AND460305', 'firstName': 'Robby', 'footballName': 'Robby', 'gsisId': '00-0032688', 'gsisItId': 43808, 'headshot': 'https://static.www.nfl.com/image/private/{formatInstructions}/league/vtqf5f1ti4ojfjggm388', 'jerseyNumber': 11, 'lastName': 'Anderson', 'ngsPosition': 'WR', 'ngsPositionGroup': 'WR', 'position': 'WR', 'positionGroup': 'WR', 'shortName': 'R.Anderson', 'smartId': '3200414e-4446-0305-58a8-61667bde4206', 'status': 'ACT'}",Robby Anderson,WR,3430,2018,robby anderson
6.369999999999999,5.028166449214257,9.103673469387756,2.895312885591882,7.638620689655172,2.610454240440915,59.18367346938776,10.72403074311898,2,29,49,388,"{'season': 2018, 'currentTeamId': '5110', 'displayName': 'Jamison Crowder', 'esbId': 'CRO697273', 'firstName': 'Jamison', 'footballName': 'Jamison', 'gsisId': '00-0031941', 'gsisItId': 42448, 'headshot': 'https://static.www.nfl.com/image/private/{formatInstructions}/league/vvkr9dehtvp58emtgn4y', 'jerseyNumber': 80, 'lastName': 'Crowder', 'ngsPosition': 'SLOT_WR', 'ngsPositionGroup': 'WR', 'position': 'WR', 'positionGroup': 'WR', 'shortName': 'J.Crowder', 'smartId': '32004352-4f69-7273-6662-7a928881f033', 'status': 'ACT'}",Jamison Crowder,WR,5110,2018,jamison crowder
6.365916666666666,4.764846957742511,11.288846153846151,2.9766510596485287,5.28546511627907,0.5206181585365588,66.15384615384615,29.86278846877791,6,86,130,1219,"{'season': 2018, 'currentTeamId': '2510', 'displayName': 'Robert Woods', 'esbId': 'WOO561144', 'firstName': 'Robert', 'footballName': 'Robert', 'gsisId': '00-0030431', 'gsisItId': 39989, 'headshot': 'https://static.www.nfl.com/image/private/{formatInstructions}/league/vwtoba3zfsmti9s9wwau', 'jerseyNumber': 17, 'lastName': 'Woods', 'ngsPosition': 'SLOT_WR', 'ngsPositionGroup': 'WR', 'position': 'WR', 'positionGroup': 'WR', 'shortName': 'R.Woods', 'smartId': '3200574f-4f56-1144-59b1-dbf0c9bdb37a', 'status': 'ACT'}",Robert Woods,WR,2510,2018,robert woods
6.351126760563381,3.1866600283594093,9.326052631578946,2.673896583650929,3.666756756756756,0.4800967283973465,48.68421052631579,15.336678589280034,1,37,76,371,"{'season': 2018, 'currentTeamId': '3430', 'displayName': 'Jermaine Kearse', 'esbId': 'KEA511674', 'firstName': 'Jermaine', 'footballName': 'Jermaine', 'gsisId': '00-0029159', 'gsisItId': 39141, 'headshot': 'https://static.www.nfl.com/image/private/{formatInstructions}/league/tvnzajvst7kdglamw4t6', 'jerseyNumber': 10, 'lastName': 'Kearse', 'position': 'WR', 'positionGroup': 'WR', 'shortName': 'J.Kearse', 'smartId': '32004b45-4151-1674-d596-03e4cb69bbc1', 'status': 'ACT', 'ngsPosition': 'SLOT_WR', 'ngsPositionGroup': 'WR'}",Jermaine Kearse,WR,3430,2018,jermaine kearse
6.338921568627452,2.539086636166959,9.596964285714288,2.261011108641268,3.21550724637681,0.6764206102098518,61.60714285714286,27.101045858420825,6,69,112,734,"{'season': 2018, 'currentTeamId': '3800', 'displayName': 'Larry Fitzgerald', 'esbId': 'FIT437493', 'firstName': 'Larry', 'footballName': 'Larry', 'gsisId': '00-0022921', 'gsisItId': 28955, 'headshot': 'https://static.www.nfl.com/image/private/{formatInstructions}/league/qljpf6rufzvn9zplcrgb', 'jerseyNumber': 11, 'lastName': 'Fitzgerald', 'ngsPosition': 'SLOT_WR', 'ngsPositionGroup': 'WR', 'position': 'WR', 'positionGroup': 'WR', 'shortName': 'L.Fitzgerald', 'smartId': '32004649-5443-7493-c0df-1747b7d5c143', 'status': 'ACT', 'suffix': 'Jr.'}",Larry Fitzgerald,WR,3800,2018,larry fitzgerald
6.316470588235296,2.846289917384272,5.962264150943396,2.8667062142826505,3.4097142857142866,0.5634243683300144,66.0377358490566,7.04771930450608,1,35,53,302,"{'season': 2018, 'currentTeamId': '3000', 'displayName': 'Laquon Treadwell', 'esbId': 'TRE425415', 'firstName': 'Laquon', 'footballName': 'Laquon', 'gsisId': '00-0032951', 'gsisItId': 43312, 'headshot': 'https://static.www.nfl.com/image/private/{formatInstructions}/league/ybfzsm2ae4zj5atjlm1k', 'jerseyNumber': 11, 'lastName': 'Treadwell', 'ngsPosition': 'WR', 'ngsPositionGroup': 'WR', 'position': 'WR', 'positionGroup': 'WR', 'shortName': 'L.Treadwell', 'smartId': '32005452-4542-5415-7fdd-740fe9181fcb', 'status': 'ACT'}",Laquon Treadwell,WR,3000,2018,laquon treadwell
6.315555555555555,5.96529107939447,10.042282608695652,3.168861894092877,5.79203125,-0.1732598293944702,69.56521739130434,17.68217294611654,10,64,92,821,"{'season': 2018, 'currentTeamId': '0200', 'displayName': 'Calvin Ridley', 'esbId': 'RID652384', 'firstName': 'Calvin', 'footballName': 'Calvin', 'gsisId': '00-0034837', 'gsisItId': 46095, 'headshot': 'https://static.www.nfl.com/image/private/{formatInstructions}/league/r8hye4mvynz7fxbfooxw', 'jerseyNumber': 18, 'lastName': 'Ridley', 'ngsPosition': 'WR', 'ngsPositionGroup': 'WR', 'position': 'WR', 'positionGroup': 'WR', 'shortName': 'C.Ridley', 'smartId': '32005249-4465-2384-7253-3a4b46622aa9', 'status': 'ACT'}",Calvin Ridley,WR,200,2018,calvin ridley
6.300000000000001,5.5715398844625685,20.629069767441862,2.713103557130228,6.511538461538462,0.9399985770758938,60.46511627906976,17.775057009229688,3,26,43,526,"{'season': 2018, 'currentTeamId': '0610', 'displayName': 'Robert Foster', 'esbId': 'FOS633097', 'firstName': 'Robert', 'footballName': 'Robert', 'gsisId': '00-0034510', 'gsisItId': 46694, 'headshot': 'https://static.www.nfl.com/image/private/{formatInstructions}/league/n5eaqh4cvtblpiqubi4b', 'jerseyNumber': 16, 'lastName': 'Foster', 'ngsPosition': 'WR', 'ngsPositionGroup': 'WR', 'position': 'WR', 'positionGroup': 'WR', 'shortName': 'R.Foster', 'smartId': '3200464f-5363-3097-c0bc-5d4f423cb6ba', 'status': 'ACT'}",Robert Foster,WR,610,2018,robert foster
6.288712871287128,3.9272931408627993,6.276548672566372,2.97512100877972,5.785135135135135,1.857841994272336,65.48672566371681,17.74602356461754,4,74,113,789,"{'season': 2018, 'currentTeamId': '3700', 'displayName': 'Golden Tate', 'esbId': 'TAT245022', 'firstName': 'Golden', 'footballName': 'Golden', 'gsisId': '00-0027891', 'gsisItId': 35499, 'headshot': 'https://static.www.nfl.com/image/private/{formatInstructions}/league/ou4hq9jwx5iqbvp1u62j', 'jerseyNumber': 19, 'lastName': 'Tate', 'ngsPosition': 'SLOT_WR', 'ngsPositionGroup': 'WR', 'position': 'WR', 'positionGroup': 'WR', 'shortName': 'G.Tate', 'smartId': '32005441-5424-5022-18f3-b9b5433de8e5', 'status': 'ACT', 'suffix': 'III'}",Golden Tate,WR,3700,2018,golden tate
6.2870833333333325,5.799869463063878,12.553835616438358,3.3161160249948374,6.185789473684211,0.3859200106203326,52.05479452054794,16.263234297193602,2,38,73,581,"{'season': 2018, 'currentTeamId': '1800', 'displayName': 'Marquez Valdes-Scantling', 'esbId': 'VAL142116', 'firstName': 'Marquez', 'footballName': 'Marquez', 'gsisId': '00-0034272', 'gsisItId': 46243, 'headshot': 'https://static.www.nfl.com/image/private/{formatInstructions}/league/kiu5rjfc7aaxaa86t0px', 'jerseyNumber': 83, 'lastName': 'Valdes-Scantling', 'ngsPosition': 'WR', 'ngsPositionGroup': 'WR', 'position': 'WR', 'positionGroup': 'WR', 'shortName': 'M.Valdes-Scantling', 'smartId': '32005641-4c14-2116-e6d9-84cbe2bdacf5', 'status': 'ACT'}",Marquez Valdes-Scantling,WR,1800,2018,marquez valdes-scantling
6.279117647058823,4.462121200735594,7.03886075949367,3.2199118670754148,4.181525423728814,-0.2805957770067797,74.68354430379746,15.565813267345574,1,59,79,575,"{'season': 2018, 'currentTeamId': '2700', 'displayName': 'Danny Amendola', 'esbId': 'AME359918', 'firstName': 'Daniel', 'footballName': 'Danny', 'gsisId': '00-0026035', 'gsisItId': 33566, 'headshot': 'https://static.www.nfl.com/image/private/{formatInstructions}/league/lsowpkotvrwu0pfgchne', 'jerseyNumber': 80, 'lastName': 'Amendola', 'ngsPosition': 'SLOT_WR', 'ngsPositionGroup': 'WR', 'position': 'WR', 'positionGroup': 'WR', 'shortName': 'D.Amendola', 'smartId': '3200414d-4535-9918-e336-c0dd118d7e30', 'status': 'ACT'}",Danny Amendola,WR,2700,2018,danny amendola
6.2510810810810815,4.40236600819168,9.28685393258427,2.9410835550333534,5.087454545454546,0.6850885372628657,61.79775280898876,14.667842654277388,2,55,89,636,"{'season': 2018, 'currentTeamId': '1800', 'displayName': 'Jimmy Graham', 'esbId': 'GRA207087', 'firstName': 'Jimmy', 'footballName': 'Jimmy', 'gsisId': '00-0027696', 'gsisItId': 35534, 'headshot': 'https://static.www.nfl.com/image/private/{formatInstructions}/league/k9ab1aej2g0xs0q83nio', 'jerseyNumber': 80, 'lastName': 'Graham', 'ngsPosition': 'SLOT_WR', 'ngsPositionGroup': 'TE', 'position': 'TE', 'positionGroup': 'TE', 'shortName': 'J.Graham', 'smartId': '32004752-4120-7087-8983-64184106d580', 'status': 'ACT'}",Jimmy Graham,TE,1800,2018,jimmy graham
6.244831460674157,3.5929689562764504,11.90242105263158,2.589310148656954,4.583898305084746,0.990929348808296,62.10526315789474,17.131675714331163,7,59,95,842,"{'season': 2018, 'currentTeamId': '4900', 'displayName': 'Chris Godwin', 'esbId': 'GOD549393', 'firstName': 'Rod', 'footballName': 'Chris', 'gsisId': '00-0033921', 'gsisItId': 44896, 'headshot': 'https://static.www.nfl.com/image/private/{formatInstructions}/league/gv8mcd9ndaqdud3yeooe', 'jerseyNumber': 12, 'lastName': 'Godwin', 'ngsPosition': 'WR', 'ngsPositionGroup': 'WR', 'position': 'WR', 'positionGroup': 'WR', 'shortName': 'C.Godwin', 'smartId': '3200474f-4454-9393-6eec-24189dd66641', 'status': 'ACT'}",Chris Godwin,WR,4900,2018,chris godwin
6.243061224489796,6.091129669889794,12.028727272727274,4.085806710119161,5.979428571428572,-0.1117010984612223,63.63636363636363,15.24469207832728,3,35,55,532,"{'season': 2018, 'currentTeamId': '3200', 'displayName': 'Chris Hogan', 'esbId': 'HOG008552', 'firstName': 'Chris', 'footballName': 'Chris', 'gsisId': '00-0028237', 'gsisItId': 37737, 'headshot': 'https://static.www.nfl.com/image/private/{formatInstructions}/league/dssn7zhhr5aqj3ujotfy', 'jerseyNumber': 15, 'lastName': 'Hogan', 'ngsPosition': 'WR', 'ngsPositionGroup': 'WR', 'position': 'WR', 'positionGroup': 'WR', 'shortName': 'C.Hogan', 'smartId': '3200484f-4700-8552-d771-1e9cfd53695f', 'status': 'ACT'}",Chris Hogan,WR,3200,2018,chris hogan
6.238292682926828,5.1817518617759015,10.473711340206185,3.4452432646504945,5.975156250000001,0.7934043882240998,65.97938144329896,23.08179901488577,4,64,97,743,"{'season': 2018, 'currentTeamId': '3700', 'displayName': 'Nelson Agholor', 'esbId': 'AGH474619', 'firstName': 'Nelson', 'footballName': 'Nelson', 'gsisId': '00-0031549', 'gsisItId': 42363, 'headshot': 'https://static.www.nfl.com/image/private/{formatInstructions}/league/rlo21k18vop9s50knzyb', 'jerseyNumber': 13, 'lastName': 'Agholor', 'ngsPosition': 'SLOT_WR', 'ngsPositionGroup': 'WR', 'position': 'WR', 'positionGroup': 'WR', 'shortName': 'N.Agholor', 'smartId': '32004147-4847-4619-b8a1-bb6c688fe5ac', 'status': 'ACT'}",Nelson Agholor,WR,3700,2018,nelson agholor
6.227065217391303,4.657301597325515,7.700925925925926,3.253567722120477,4.979864864864865,0.3225632675393504,68.51851851851852,19.164742588265664,6,74,108,850,"{'season': 2018, 'currentTeamId': '3200', 'displayName': 'Julian Edelman', 'esbId': 'EDE425791', 'firstName': 'Julian', 'footballName': 'Julian', 'gsisId': '00-0027150', 'gsisItId': 34683, 'headshot': 'https://static.www.nfl.com/image/private/{formatInstructions}/league/u0hbuo2bsvtlg7lnxm43', 'jerseyNumber': 11, 'lastName': 'Edelman', 'ngsPosition': 'SLOT_WR', 'ngsPositionGroup': 'WR', 'position': 'WR', 'positionGroup': 'WR', 'shortName': 'J.Edelman', 'smartId': '32004544-4542-5791-52f0-bc67f5a8aae9', 'status': 'ACT'}",Julian Edelman,WR,3200,2018,julian edelman
6.217812500000001,4.379806617399019,9.758676470588236,2.7124752117236675,5.437209302325582,1.0574026849265623,63.23529411764706,16.73146551289421,3,43,68,590,"{'season': 2018, 'currentTeamId': '3800', 'displayName': 'Christian Kirk', 'esbId': 'KIR257918', 'firstName': 'Christian', 'footballName': 'Christian', 'gsisId': '00-0034775', 'gsisItId': 46116, 'headshot': 'https://static.www.nfl.com/image/private/{formatInstructions}/league/xhicurlusjfytzmkrfo9', 'jerseyNumber': 13, 'lastName': 'Kirk', 'position': 'WR', 'positionGroup': 'WR', 'shortName': 'C.Kirk', 'smartId': '32004b49-5225-7918-e402-81feed3bdafb', 'status': 'RES', 'ngsPosition': 'WR', 'ngsPositionGroup': 'WR'}",Christian Kirk,WR,3800,2018,christian kirk
6.211965811965811,4.449483492944707,11.487016129032256,2.9700903750109457,4.538571428571428,0.0890879356267211,62.096774193548384,33.29865672967678,6,77,124,1052,"{'season': 2018, 'currentTeamId': '3410', 'displayName': 'Odell Beckham', 'esbId': 'BEC573252', 'firstName': 'Odell', 'footballName': 'Odell', 'gsisId': '00-0031235', 'gsisItId': 41238, 'headshot': 'https://static.www.nfl.com/image/private/{formatInstructions}/league/yzjnhcodduxtsqobvmpe', 'jerseyNumber': 13, 'lastName': 'Beckham', 'position': 'WR', 'positionGroup': 'WR', 'shortName': 'O.Beckham', 'smartId': '32004245-4357-3252-264b-1da3e93d2745', 'status': 'ACT', 'suffix': 'Jr.', 'ngsPosition': 'WR', 'ngsPositionGroup': 'WR'}",Odell Beckham,WR,3410,2018,odell beckham
6.180816326530612,2.335027600773416,12.684117647058825,2.7567293241341324,2.574821428571428,0.239793827798012,54.90196078431373,25.925272822728356,7,56,102,652,"{'season': 2018, 'currentTeamId': '0610', 'displayName': 'Zay Jones', 'esbId': 'JON403726', 'firstName': 'Isaiah', 'footballName': 'Zay', 'gsisId': '00-0033891', 'gsisItId': 44849, 'headshot': 'https://static.www.nfl.com/image/private/{formatInstructions}/league/nkixqtvictwfcuew1goo', 'jerseyNumber': 11, 'lastName': 'Jones', 'ngsPosition': 'WR', 'ngsPositionGroup': 'WR', 'position': 'WR', 'positionGroup': 'WR', 'shortName': 'Z.Jones', 'smartId': '32004a4f-4e40-3726-920b-837ea00d253e', 'status': 'ACT'}",Zay Jones,WR,610,2018,zay jones
6.1745,2.866592455249694,16.4134375,2.364326201132394,3.6597297297297295,0.7931372744800358,57.8125,29.40504649561356,6,37,64,553,"{'season': 2018, 'currentTeamId': '2700', 'displayName': 'Kenny Stills', 'esbId': 'STI417540', 'firstName': 'Kenneth', 'footballName': 'Kenny', 'gsisId': '00-0030085', 'gsisItId': 40092, 'headshot': 'https://static.www.nfl.com/image/private/{formatInstructions}/league/ets69ksudoveicvp50ob', 'jerseyNumber': 10, 'lastName': 'Stills', 'ngsPosition': 'WR', 'ngsPositionGroup': 'WR', 'position': 'WR', 'positionGroup': 'WR', 'shortName': 'K.Stills', 'smartId': '32005354-4941-7540-2f57-a0adf1ab483e', 'status': 'ACT', 'suffix': 'Jr.'}",Kenny Stills,WR,2700,2018,kenny stills
6.156363636363636,2.864980468421737,11.235319148936169,3.0912748421832053,3.451538461538462,0.5865579931167244,55.319148936170215,16.483125444806532,2,26,47,316,"{'season': 2018, 'currentTeamId': '2100', 'displayName': 'Tajae Sharpe', 'esbId': 'SHA495155', 'firstName': 'Tajae', 'footballName': 'Tajae', 'gsisId': '00-0032778', 'gsisItId': 43429, 'headshot': 'https://static.www.nfl.com/image/private/{formatInstructions}/league/olezztyjrp5ysdyppfgv', 'jerseyNumber': 19, 'lastName': 'Sharpe', 'ngsPosition': 'WR', 'ngsPositionGroup': 'WR', 'position': 'WR', 'positionGroup': 'WR', 'shortName': 'T.Sharpe', 'smartId': '32005348-4149-5155-e7a8-969107ac4215', 'status': 'ACT'}",Tajae Sharpe,WR,2100,2018,tajae sharpe
6.150212765957448,4.130715498728198,9.338979591836734,3.246848462389276,4.592394366197183,0.4616788674689855,72.44897959183673,20.929408240317045,4,71,98,866,"{'season': 2018, 'currentTeamId': '1400', 'displayName': 'Emmanuel Sanders', 'esbId': 'SAN295989', 'firstName': 'Emmanuel', 'footballName': 'Emmanuel', 'gsisId': '00-0027685', 'gsisItId': 35521, 'headshot': 'https://static.www.nfl.com/image/private/{formatInstructions}/league/r6ebggjkzsl1lt3w5ano', 'jerseyNumber': 10, 'lastName': 'Sanders', 'position': 'WR', 'positionGroup': 'WR', 'shortName': 'E.Sanders', 'smartId': '32005341-4e29-5989-16d2-05d6a07248e9', 'status': 'RES', 'ngsPosition': 'SLOT_WR', 'ngsPositionGroup': 'WR'}",Emmanuel Sanders,WR,1400,2018,emmanuel sanders
6.128426966292135,4.624369947480398,8.463069306930695,3.512672611513296,5.739848484848484,1.1154785373680864,65.34653465346535,23.084173229197045,5,66,101,715,"{'season': 2018, 'currentTeamId': '2250', 'displayName': 'Dede Westbrook', 'esbId': 'WES551470', 'firstName': 'Decrick', 'footballName': 'Dede', 'gsisId': '00-0033839', 'gsisItId': 44923, 'headshot': 'https://static.www.nfl.com/image/private/{formatInstructions}/league/ka3wmdkh42mcj3lgbjoe', 'jerseyNumber': 12, 'lastName': 'Westbrook', 'ngsPosition': 'SLOT_WR', 'ngsPositionGroup': 'WR', 'position': 'WR', 'positionGroup': 'WR', 'shortName': 'D.Westbrook', 'smartId': '32005745-5355-1470-8067-83ca40023853', 'status': 'ACT'}",Dede Westbrook,WR,2250,2018,dede westbrook
6.122115384615385,4.433120034245918,8.56734375,3.2284164571947667,5.227333333333333,0.7942132990874153,70.3125,14.923086134819712,2,45,64,494,"{'season': 2018, 'currentTeamId': '2520', 'displayName': 'Seth Roberts', 'esbId': 'ROB240370', 'firstName': 'Seth', 'footballName': 'Seth', 'gsisId': '00-0031166', 'gsisItId': 41983, 'headshot': 'https://static.www.nfl.com/image/private/{formatInstructions}/league/evaluuij0u4wrxo94tkw', 'jerseyNumber': 10, 'lastName': 'Roberts', 'ngsPosition': 'SLOT_WR', 'ngsPositionGroup': 'WR', 'position': 'WR', 'positionGroup': 'WR', 'shortName': 'S.Roberts', 'smartId': '3200524f-4224-0370-24b1-002f3e8d6b15', 'status': 'ACT'}",Seth Roberts,WR,2520,2018,seth roberts
6.113,4.711260973195302,9.014024390243902,2.887994523578129,7.929818181818183,3.2185572086228804,67.07317073170732,17.903857147009532,2,55,82,788,"{'season': 2018, 'currentTeamId': '0750', 'displayName': 'D.J. Moore', 'esbId': 'MOO272423', 'firstName': 'Denniston', 'footballName': 'D.J.', 'gsisId': '00-0034827', 'gsisItId': 46093, 'headshot': 'https://static.www.nfl.com/image/private/{formatInstructions}/league/hcupqutgexfiy98ln3me', 'jerseyNumber': 12, 'lastName': 'Moore', 'ngsPosition': 'WR', 'ngsPositionGroup': 'WR', 'position': 'WR', 'positionGroup': 'WR', 'shortName': 'D.Moore', 'smartId': '32004d4f-4f27-2423-f0b4-728a741b03cb', 'status': 'ACT'}",D.J. Moore,WR,750,2018,dj moore
6.083559322033899,4.195671522583348,12.03375,2.626242628331793,4.641702127659574,0.4460306050762259,65.27777777777779,19.96502094595529,3,47,72,682,"{'season': 2018, 'currentTeamId': '3200', 'displayName': 'Rob Gronkowski', 'esbId': 'GRO135948', 'firstName': 'Robert', 'footballName': 'Rob', 'gsisId': '00-0027656', 'gsisItId': 35481, 'headshot': 'https://static.www.nfl.com/image/private/{formatInstructions}/league/hdryd2czt78fk6bi4t3a', 'jerseyNumber': 87, 'lastName': 'Gronkowski', 'ngsPosition': 'TE', 'ngsPositionGroup': 'TE', 'position': 'TE', 'positionGroup': 'TE', 'shortName': 'R.Gronkowski', 'smartId': '32004752-4f13-5948-af95-481204a115ed', 'status': 'ACT'}",Rob Gronkowski,TE,3200,2018,rob gronkowski
6.080517241379311,6.6091049814622655,5.093906250000001,4.422359424302674,8.967333333333334,2.3582283518710687,70.3125,7.621294084093493,3,45,64,577,"{'season': 2018, 'currentTeamId': '3410', 'displayName': 'Evan Engram', 'esbId': 'ENG726325', 'firstName': 'Evan', 'footballName': 'Evan', 'gsisId': '00-0033881', 'gsisItId': 44835, 'headshot': 'https://static.www.nfl.com/image/private/{formatInstructions}/league/nyhnfypbeatlkr7wveja', 'jerseyNumber': 88, 'lastName': 'Engram', 'ngsPosition': 'TE', 'ngsPositionGroup': 'TE', 'position': 'TE', 'positionGroup': 'TE', 'shortName': 'E.Engram', 'smartId': '3200454e-4772-6325-a4a0-9b4b442fe68a', 'status': 'ACT'}",Evan Engram,TE,3410,2018,evan engram
6.079917355371902,3.8274464688868495,7.278653846153846,3.241403232048913,3.346896551724138,-0.4805499171627114,74.35897435897436,25.797224595139877,8,116,156,1163,"{'season': 2018, 'currentTeamId': '3700', 'displayName': 'Zach Ertz', 'esbId': 'ERT800920', 'firstName': 'Zachary', 'footballName': 'Zach', 'gsisId': '00-0030061', 'gsisItId': 39983, 'headshot': 'https://static.www.nfl.com/image/private/{formatInstructions}/league/irowplnl44sextckrrxb', 'jerseyNumber': 86, 'lastName': 'Ertz', 'ngsPosition': 'SLOT_WR', 'ngsPositionGroup': 'TE', 'position': 'TE', 'positionGroup': 'TE', 'shortName': 'Z.Ertz', 'smartId': '32004552-5480-0920-32a6-165b5a77814e', 'status': 'ACT'}",Zach Ertz,TE,3700,2018,zach ertz
6.079245283018868,3.659694965550988,10.254732142857142,3.0511981039825167,4.34553846153846,0.6858434959874722,58.03571428571429,35.850782235207454,4,65,112,891,"{'season': 2018, 'currentTeamId': '2100', 'displayName': 'Corey Davis', 'esbId': 'DAV247957', 'firstName': 'Corey', 'footballName': 'Corey', 'gsisId': '00-0033871', 'gsisItId': 44817, 'headshot': 'https://static.www.nfl.com/image/private/{formatInstructions}/league/bvc0v713yjjeq5pvlep4', 'jerseyNumber': 84, 'lastName': 'Davis', 'ngsPosition': 'WR', 'ngsPositionGroup': 'WR', 'position': 'WR', 'positionGroup': 'WR', 'shortName': 'C.Davis', 'smartId': '32004441-5624-7957-ef31-0e38b3301e4b', 'status': 'ACT'}",Corey Davis,WR,2100,2018,corey davis
6.04075,4.350000834347496,6.583265306122449,3.865717026718325,4.467500000000001,0.1174991656525055,65.3061224489796,6.5640954681328605,3,32,49,313,"{'season': 2018, 'currentTeamId': '2510', 'displayName': 'Gerald Everett', 'esbId': 'EVE166115', 'firstName': 'Gerald', 'footballName': 'Gerald', 'gsisId': '00-0033895', 'gsisItId': 44856, 'headshot': 'https://static.www.nfl.com/image/private/{formatInstructions}/league/brbt0jiilylj1v5m16f3', 'jerseyNumber': 81, 'lastName': 'Everett', 'ngsPosition': 'TE', 'ngsPositionGroup': 'TE', 'position': 'TE', 'positionGroup': 'TE', 'shortName': 'G.Everett', 'smartId': '32004556-4516-6115-f11c-124334bc44da', 'status': 'ACT'}",Gerald Everett,TE,2510,2018,gerald everett
5.981960784313726,3.778653827782158,9.911775700934578,2.9015131355453416,5.7434666666666665,1.9648128388845083,70.09345794392523,28.86474481797595,7,75,107,1005,"{'season': 2018, 'currentTeamId': '1200', 'displayName': 'Amari Cooper', 'esbId': 'COO487703', 'firstName': 'Amari', 'footballName': 'Amari', 'gsisId': '00-0031544', 'gsisItId': 42347, 'headshot': 'https://static.www.nfl.com/image/private/{formatInstructions}/league/ekwyie7av318q4eaffiy', 'jerseyNumber': 19, 'lastName': 'Cooper', 'ngsPosition': 'WR', 'ngsPositionGroup': 'WR', 'position': 'WR', 'positionGroup': 'WR', 'shortName': 'A.Cooper', 'smartId': '3200434f-4f48-7703-16a5-c78426109031', 'status': 'ACT'}",Amari Cooper,WR,1200,2018,amari cooper
5.964324324324324,4.47529019332817,6.286530612244898,3.4405284318322824,4.4366666666666665,-0.0386235266615031,73.46938775510205,7.461413996570136,2,36,49,333,"{'season': 2018, 'currentTeamId': '0750', 'displayName': 'Ian Thomas', 'esbId': 'THO197015', 'firstName': 'Ian', 'footballName': 'Ian', 'gsisId': '00-0034365', 'gsisItId': 46170, 'headshot': 'https://static.www.nfl.com/image/private/{formatInstructions}/league/gjnpi3smp9569mct38ap', 'jerseyNumber': 80, 'lastName': 'Thomas', 'ngsPosition': 'TE', 'ngsPositionGroup': 'TE', 'position': 'TE', 'positionGroup': 'TE', 'shortName': 'I.Thomas', 'smartId': '32005448-4f19-7015-e78d-8df0c5551bf1', 'status': 'ACT'}",Ian Thomas,TE,750,2018,ian thomas
5.955272727272729,4.886592772357037,5.723220338983051,3.2343276829872982,5.013720930232557,0.1271281578755196,72.88135593220339,8.179118504810537,1,43,59,447,"{'season': 2018, 'currentTeamId': '0750', 'displayName': 'Jarius Wright', 'esbId': 'WRI391959', 'firstName': 'Jarius', 'footballName': 'Jarius', 'gsisId': '00-0029572', 'gsisItId': 38648, 'headshot': 'https://static.www.nfl.com/image/private/{formatInstructions}/league/f4xgfra44cd6qjy6havp', 'jerseyNumber': 13, 'lastName': 'Wright', 'ngsPosition': 'SLOT_WR', 'ngsPositionGroup': 'WR', 'position': 'WR', 'positionGroup': 'WR', 'shortName': 'J.Wright', 'smartId': '32005752-4939-1959-ac18-30681b0a1cd5', 'status': 'ACT'}",Jarius Wright,WR,750,2018,jarius wright
5.919294117647059,4.21439086828141,10.37561797752809,3.021092108367718,4.931016949152543,0.7166260808711327,66.29213483146067,21.1171559312034,5,59,89,677,"{'season': 2018, 'currentTeamId': '2120', 'displayName': 'Demaryius Thomas', 'esbId': 'THO095855', 'firstName': 'Demaryius', 'footballName': 'Demaryius', 'gsisId': '00-0027874', 'gsisItId': 35461, 'headshot': 'https://static.www.nfl.com/image/private/{formatInstructions}/league/p1yjsqtqimjd6iazu3h9', 'jerseyNumber': 87, 'lastName': 'Thomas', 'position': 'WR', 'positionGroup': 'WR', 'shortName': 'De.Thomas', 'smartId': '32005448-4f09-5855-cc31-142ac25a7d75', 'status': 'RES', 'ngsPosition': 'WR', 'ngsPositionGroup': 'WR'}",Demaryius Thomas,WR,2120,2018,demaryius thomas
5.915244755244755,3.677371442292711,8.889664429530203,2.729485972114144,4.342058823529412,0.6646873812367007,68.45637583892618,29.541541398660044,9,102,149,1021,"{'season': 2018, 'currentTeamId': '3000', 'displayName': 'Stefon Diggs', 'esbId': 'DIG218895', 'firstName': 'Stefon', 'footballName': 'Stefon', 'gsisId': '00-0031588', 'gsisItId': 42489, 'headshot': 'https://static.www.nfl.com/image/private/{formatInstructions}/league/wrvjgnqxlwmh3jcpwknm', 'jerseyNumber': 14, 'lastName': 'Diggs', 'ngsPosition': 'WR', 'ngsPositionGroup': 'WR', 'position': 'WR', 'positionGroup': 'WR', 'shortName': 'S.Diggs', 'smartId': '32004449-4721-8895-fc23-d2bf4c921bd4', 'status': 'ACT'}",Stefon Diggs,WR,3000,2018,stefon diggs
5.912808988764045,3.331130816337429,12.847191011235951,2.246120902864039,5.139166666666666,1.808035850329237,53.93258426966292,30.879000983029226,3,48,89,672,"{'season': 2018, 'currentTeamId': '2250', 'displayName': 'Donte Moncrief', 'esbId': 'MON117004', 'firstName': 'Donte', 'footballName': 'Donte', 'gsisId': '00-0031339', 'gsisItId': 41319, 'headshot': 'https://static.www.nfl.com/image/private/{formatInstructions}/league/iippulnxfyjgrlj2p5qw', 'jerseyNumber': 10, 'lastName': 'Moncrief', 'ngsPosition': 'WR', 'ngsPositionGroup': 'WR', 'position': 'WR', 'positionGroup': 'WR', 'shortName': 'D.Moncrief', 'smartId': '32004d4f-4e11-7004-12bd-2d2a3d30b214', 'status': 'ACT'}",Donte Moncrief,WR,2250,2018,donte moncrief
5.899745762711864,5.355797857095663,11.323333333333334,2.305236259585714,6.176315789473684,0.8205179323780207,63.33333333333333,27.560580338036974,6,76,120,1270,"{'season': 2018, 'currentTeamId': '2200', 'displayName': 'T.Y. Hilton', 'esbId': 'HIL775449', 'firstName': 'Eugene', 'footballName': 'T.Y.', 'gsisId': '00-0029608', 'gsisItId': 38622, 'headshot': 'https://static.www.nfl.com/image/private/{formatInstructions}/league/kbickbqrcbj2gos5ourc', 'jerseyNumber': 13, 'lastName': 'Hilton', 'ngsPosition': 'WR', 'ngsPositionGroup': 'WR', 'position': 'WR', 'positionGroup': 'WR', 'shortName': 'T.Hilton', 'smartId': '32004849-4c77-5449-32f3-1710cf2948b2', 'status': 'ACT'}",T.Y. Hilton,WR,2200,2018,ty hilton
5.899390243902439,3.86549365790482,7.404137931034481,2.866364179493284,3.414153846153846,-0.4513398117509739,74.71264367816092,16.158332392670356,3,65,87,672,"{'season': 2018, 'currentTeamId': '1200', 'displayName': 'Cole Beasley', 'esbId': 'BEA434808', 'firstName': 'Cole', 'footballName': 'Cole', 'gsisId': '00-0029000', 'gsisItId': 38947, 'headshot': 'https://static.www.nfl.com/image/private/{formatInstructions}/league/f8ps0df05hmcu1tzrbub', 'jerseyNumber': 11, 'lastName': 'Beasley', 'ngsPosition': 'SLOT_WR', 'ngsPositionGroup': 'WR', 'position': 'WR', 'positionGroup': 'WR', 'shortName': 'C.Beasley', 'smartId': '32004245-4143-4808-b9d8-45a5d1a5ad73', 'status': 'ACT'}",Cole Beasley,WR,1200,2018,cole beasley
5.886262626262626,4.550699441860211,10.377009345794391,3.1383422819390634,5.155454545454546,0.6047551035943348,61.6822429906542,25.956957373492735,4,66,107,872,"{'season': 2018, 'currentTeamId': '3410', 'displayName': 'Sterling Shepard', 'esbId': 'SHE495754', 'firstName': 'Sterling', 'footballName': 'Sterling', 'gsisId': '00-0032385', 'gsisItId': 43329, 'headshot': 'https://static.www.nfl.com/image/private/{formatInstructions}/league/clyfhd10ta2iqitjn62q', 'jerseyNumber': 87, 'lastName': 'Shepard', 'ngsPosition': 'SLOT_WR', 'ngsPositionGroup': 'WR', 'position': 'WR', 'positionGroup': 'WR', 'shortName': 'S.Shepard', 'smartId': '32005348-4549-5754-5697-2a8312edc489', 'status': 'ACT'}",Sterling Shepard,WR,3410,2018,sterling shepard
5.855714285714284,4.846703825849509,14.804014598540146,3.1487175958362714,6.379655172413794,1.5329513465642846,63.503649635036496,38.42517686020561,12,87,137,1479,"{'season': 2018, 'currentTeamId': '2310', 'displayName': 'Tyreek Hill', 'esbId': 'HIL628694', 'firstName': 'Tyreek', 'footballName': 'Tyreek', 'gsisId': '00-0033040', 'gsisItId': 43454, 'headshot': 'https://static.www.nfl.com/image/private/{formatInstructions}/league/daheq1ssy3lui6kxtudq', 'jerseyNumber': 10, 'lastName': 'Hill', 'ngsPosition': 'WR', 'ngsPositionGroup': 'WR', 'position': 'WR', 'positionGroup': 'WR', 'shortName': 'T.Hill', 'smartId': '32004849-4c62-8694-8490-45499711dee4', 'status': 'ACT'}",Tyreek Hill,WR,2310,2018,tyreek hill
5.804216867469879,3.689992738854452,9.04556818181818,2.721723652085742,4.138095238095238,0.448102499240786,71.5909090909091,21.664616356035527,3,63,88,739,"{'season': 2018, 'currentTeamId': '2520', 'displayName': 'Jordy Nelson', 'esbId': 'NEL517441', 'firstName': 'Jordy', 'footballName': 'Jordy', 'gsisId': '00-0026176', 'gsisItId': 33117, 'headshot': 'https://static.www.nfl.com/image/private/{formatInstructions}/league/bde2n4ozsakatgs4yyp2', 'jerseyNumber': 82, 'lastName': 'Nelson', 'ngsPosition': 'WR', 'ngsPositionGroup': 'WR', 'position': 'WR', 'positionGroup': 'WR', 'shortName': 'J.Nelson', 'smartId': '32004e45-4c51-7441-cb9a-dcc50c9bd02c', 'status': 'ACT'}",Jordy Nelson,WR,2520,2018,jordy nelson
5.801904761904761,3.816841984421967,14.221136363636363,2.9575311744554456,5.914347826086956,2.0975058416649897,52.27272727272727,15.98337624652608,4,23,44,395,"{'season': 2018, 'currentTeamId': '4500', 'displayName': 'Marquise Goodwin', 'esbId': 'GOO681722', 'firstName': 'Marquise', 'footballName': 'Marquise', 'gsisId': '00-0030068', 'gsisItId': 40026, 'headshot': 'https://static.www.nfl.com/image/private/{formatInstructions}/league/nmjuzbsyji3coi0gjrvg', 'jerseyNumber': 11, 'lastName': 'Goodwin', 'position': 'WR', 'positionGroup': 'WR', 'shortName': 'M.Goodwin', 'smartId': '3200474f-4f68-1722-a2ec-9d5c7a13eba1', 'status': 'ACT', 'ngsPosition': 'WR', 'ngsPositionGroup': 'WR'}",Marquise Goodwin,WR,4500,2018,marquise goodwin
5.791142857142855,4.627421632705382,3.169318181818181,3.466580553872052,4.081111111111111,-0.546310521594271,81.81818181818183,2.669354205788162,1,36,44,253,"{'season': 2018, 'currentTeamId': '3900', 'displayName': 'Ryan Switzer', 'esbId': 'SWI749216', 'firstName': 'Ryan', 'footballName': 'Ryan', 'gsisId': '00-0033562', 'gsisItId': 44946, 'headshot': 'https://static.www.nfl.com/image/private/{formatInstructions}/league/ulrojzpaak3u6fpzlcra', 'jerseyNumber': 10, 'lastName': 'Switzer', 'ngsPosition': 'SLOT_WR', 'ngsPositionGroup': 'WR', 'position': 'WR', 'positionGroup': 'WR', 'shortName': 'R.Switzer', 'smartId': '32005357-4974-9216-55ce-2acba910db49', 'status': 'ACT'}",Ryan Switzer,WR,3900,2018,ryan switzer
5.770486111111111,3.427741437182549,9.596928104575165,2.9030900433731257,3.854867256637169,0.4271258194546194,73.8562091503268,32.748030653118384,9,113,153,1373,"{'season': 2018, 'currentTeamId': '3000', 'displayName': 'Adam Thielen', 'esbId': 'THI510348', 'firstName': 'Adam', 'footballName': 'Adam', 'gsisId': '00-0030035', 'gsisItId': 40488, 'headshot': 'https://static.www.nfl.com/image/private/{formatInstructions}/league/stmxpojttikyk6i8hgi0', 'jerseyNumber': 19, 'lastName': 'Thielen', 'ngsPosition': 'SLOT_WR', 'ngsPositionGroup': 'WR', 'position': 'WR', 'positionGroup': 'WR', 'shortName': 'A.Thielen', 'smartId': '32005448-4951-0348-440c-28f32f21652b', 'status': 'ACT'}",Adam Thielen,WR,3000,2018,adam thielen
5.763225806451611,3.737677266097048,6.874999999999998,3.5472514047159645,4.02765625,0.2899789839029516,78.04878048780488,12.573265056693993,4,64,82,634,"{'season': 2018, 'currentTeamId': '3000', 'displayName': 'Kyle Rudolph', 'esbId': 'RUD559717', 'firstName': 'Kyle', 'footballName': 'Kyle', 'gsisId': '00-0027981', 'gsisItId': 37118, 'headshot': 'https://static.www.nfl.com/image/private/{formatInstructions}/league/mghugoiw9q76t8dwqhz1', 'jerseyNumber': 82, 'lastName': 'Rudolph', 'ngsPosition': 'TE', 'ngsPositionGroup': 'TE', 'position': 'TE', 'positionGroup': 'TE', 'shortName': 'K.Rudolph', 'smartId': '32005255-4455-9717-7e48-fda7c76802aa', 'status': 'ACT'}",Kyle Rudolph,TE,3000,2018,kyle rudolph
5.763050847457627,4.309531813804577,8.054605263157894,3.44634933192696,3.716296296296296,-0.5932355175082811,71.05263157894737,13.718169655762797,6,54,76,569,"{'season': 2018, 'currentTeamId': '0810', 'displayName': 'Trey Burton', 'esbId': 'BUR817654', 'firstName': 'Lawrence', 'footballName': 'Trey', 'gsisId': '00-0030710', 'gsisItId': 41548, 'headshot': 'https://static.www.nfl.com/image/private/{formatInstructions}/league/vt2ce0szit4ozyh5s5iw', 'jerseyNumber': 80, 'lastName': 'Burton', 'position': 'TE', 'positionGroup': 'TE', 'shortName': 'T.Burton', 'smartId': '32004255-5281-7654-2730-ce3d8995f838', 'status': 'ACT', 'suffix': 'III', 'ngsPosition': 'TE', 'ngsPositionGroup': 'TE'}",Trey Burton,TE,810,2018,trey burton
5.753152173913043,3.750305338074281,9.858181818181816,3.38087739271302,3.8631818181818183,0.1128764801075377,60.0,21.994917072834333,13,66,110,750,"{'season': 2018, 'currentTeamId': '2200', 'displayName': 'Eric Ebron', 'esbId': 'EBR474619', 'firstName': 'Eric', 'footballName': 'Eric', 'gsisId': '00-0031387', 'gsisItId': 41236, 'headshot': 'https://static.www.nfl.com/image/private/{formatInstructions}/league/gxxogysbupsery4gckld', 'jerseyNumber': 85, 'lastName': 'Ebron', 'ngsPosition': 'SLOT_WR', 'ngsPositionGroup': 'TE', 'position': 'TE', 'positionGroup': 'TE', 'shortName': 'E.Ebron', 'smartId': '32004542-5247-4619-e13a-2be177a1a622', 'status': 'ACT', 'suffix': 'Jr.'}",Eric Ebron,TE,2200,2018,eric ebron
5.742619047619048,4.128700066742272,9.96375,3.1282313602852265,5.118461538461538,0.989761471719266,69.64285714285714,12.073431180987864,4,39,56,502,"{'season': 2018, 'currentTeamId': '3430', 'displayName': 'Chris Herndon', 'esbId': 'HER373492', 'firstName': 'Christopher', 'footballName': 'Christopher', 'gsisId': '00-0034766', 'gsisItId': 46176, 'headshot': 'https://static.www.nfl.com/image/private/{formatInstructions}/league/orypxaqv1ux3nbqssqqx', 'jerseyNumber': 89, 'lastName': 'Herndon', 'ngsPosition': 'TE', 'ngsPositionGroup': 'TE', 'position': 'TE', 'positionGroup': 'TE', 'shortName': 'C.Herndon', 'smartId': '32004845-5237-3492-2b18-4e74e810b869', 'status': 'ACT'}",Chris Herndon,TE,3430,2018,chris herndon
5.732777777777778,5.2569083056693895,6.093255813953488,3.68941833737443,5.2362068965517246,-0.0207014091176649,67.44186046511628,6.781902846478592,3,29,43,269,"{'season': 2018, 'currentTeamId': '4600', 'displayName': 'Nick Vannett', 'esbId': 'VAN643509', 'firstName': 'Nicholas', 'footballName': 'Nick', 'gsisId': '00-0032394', 'gsisItId': 43383, 'headshot': 'https://static.www.nfl.com/image/private/{formatInstructions}/league/lpdwiclht67qphzmyruz', 'jerseyNumber': 81, 'lastName': 'Vannett', 'ngsPosition': 'TE', 'ngsPositionGroup': 'TE', 'position': 'TE', 'positionGroup': 'TE', 'shortName': 'N.Vannett', 'smartId': '32005641-4e64-3509-b1ce-15322f2faec9', 'status': 'ACT'}",Nick Vannett,TE,4600,2018,nick vannett
5.71047619047619,3.7306462423783233,9.591521739130432,2.439853777017328,3.0996296296296286,-0.6310166127486947,58.69565217391305,8.949075398105162,2,27,46,268,"{'season': 2018, 'currentTeamId': '2200', 'displayName': 'Zach Pascal', 'esbId': 'PAS035497', 'firstName': 'Zachary', 'footballName': 'Zach', 'gsisId': '00-0033251', 'gsisItId': 45102, 'headshot': 'https://static.www.nfl.com/image/private/{formatInstructions}/league/ygh7tavdzx0h2ys4srxz', 'jerseyNumber': 14, 'lastName': 'Pascal', 'ngsPosition': 'WR', 'ngsPositionGroup': 'WR', 'position': 'WR', 'positionGroup': 'WR', 'shortName': 'Z.Pascal', 'smartId': '32005041-5303-5497-62e8-1fb281a506b7', 'status': 'ACT'}",Zach Pascal,WR,2200,2018,zach pascal
5.71047619047619,4.91092105142604,7.911170212765957,3.0317329518106684,6.136212121212123,1.2252910697860822,70.2127659574468,14.232590363982252,4,66,94,838,"{'season': 2018, 'currentTeamId': '0200', 'displayName': 'Mohamed Sanu', 'esbId': 'SAN808447', 'firstName': 'Mohamed', 'footballName': 'Mohamed', 'gsisId': '00-0029632', 'gsisItId': 38613, 'headshot': 'https://static.www.nfl.com/image/private/{formatInstructions}/league/h7hgvvjlefzoy7nbeb2j', 'jerseyNumber': 12, 'lastName': 'Sanu', 'ngsPosition': 'SLOT_WR', 'ngsPositionGroup': 'WR', 'position': 'WR', 'positionGroup': 'WR', 'shortName': 'M.Sanu', 'smartId': '32005341-4e80-8447-be59-af7546fda327', 'status': 'ACT'}",Mohamed Sanu,WR,200,2018,mohamed sanu
5.697839506172839,3.204687891255472,14.02658823529412,2.4845726567028485,4.198672566371681,0.9939846751162094,66.47058823529412,45.63692109826258,8,113,170,1677,"{'season': 2018, 'currentTeamId': '0200', 'displayName': 'Julio Jones', 'esbId': 'JON640315', 'firstName': 'Quintorris', 'footballName': 'Julio', 'gsisId': '00-0027944', 'gsisItId': 37079, 'headshot': 'https://static.www.nfl.com/image/private/{formatInstructions}/league/qs9ucm0ucvjjkbumufh8', 'jerseyNumber': 11, 'lastName': 'Jones', 'ngsPosition': 'WR', 'ngsPositionGroup': 'WR', 'position': 'WR', 'positionGroup': 'WR', 'shortName': 'J.Jones', 'smartId': '32004a4f-4e64-0315-6848-b53a911b9cd3', 'status': 'ACT'}",Julio Jones,WR,200,2018,julio jones
5.693805970149254,3.0308092429661726,15.679275362318842,2.0985110415281385,3.762441860465117,0.7316326174989438,62.31884057971014,32.78279696313613,8,86,138,1524,"{'season': 2018, 'currentTeamId': '4900', 'displayName': 'Mike Evans', 'esbId': 'EVA534309', 'firstName': 'Mike', 'footballName': 'Mike', 'gsisId': '00-0031408', 'gsisItId': 41233, 'headshot': 'https://static.www.nfl.com/image/private/{formatInstructions}/league/tof3xxtq6lajs03ctwpu', 'jerseyNumber': 13, 'lastName': 'Evans', 'ngsPosition': 'WR', 'ngsPositionGroup': 'WR', 'position': 'WR', 'positionGroup': 'WR', 'shortName': 'M.Evans', 'smartId': '32004556-4153-4309-b2ed-6b8233f6fea5', 'status': 'ACT'}",Mike Evans,WR,4900,2018,mike evans
5.683152173913043,3.4882040705201405,16.341030927835057,2.3436656743523248,4.095238095238095,0.6070340247179544,43.29896907216495,34.22183264317392,5,42,97,717,"{'season': 2018, 'currentTeamId': '0325', 'displayName': 'John Brown', 'esbId': 'BRO494712', 'firstName': 'John', 'footballName': 'John', 'gsisId': '00-0031051', 'gsisItId': 41320, 'headshot': 'https://static.www.nfl.com/image/private/{formatInstructions}/league/dozoxhu3uad5j1ik3pa0', 'jerseyNumber': 13, 'lastName': 'Brown', 'ngsPosition': 'WR', 'ngsPositionGroup': 'WR', 'position': 'WR', 'positionGroup': 'WR', 'shortName': 'J.Brown', 'smartId': '32004252-4f49-4712-7e90-42e293548523', 'status': 'ACT'}",John Brown,WR,325,2018,john brown
5.678955223880597,4.9787588794301065,6.389027777777779,3.644751079162615,5.096037735849056,0.1172788564189497,73.61111111111111,9.330396350677356,2,53,72,485,"{'season': 2018, 'currentTeamId': '2200', 'displayName': 'Chester Rogers', 'esbId': 'ROG146742', 'firstName': 'Chester', 'footballName': 'Chester', 'gsisId': '00-0032355', 'gsisItId': 43556, 'headshot': 'https://static.www.nfl.com/image/private/{formatInstructions}/league/xcttpybweoxgmeycjvof', 'jerseyNumber': 80, 'lastName': 'Rogers', 'ngsPosition': 'SLOT_WR', 'ngsPositionGroup': 'WR', 'position': 'WR', 'positionGroup': 'WR', 'shortName': 'C.Rogers', 'smartId': '3200524f-4714-6742-8aec-cfa06f6c3ab6', 'status': 'ACT', 'suffix': 'III'}",Chester Rogers,WR,2200,2018,chester rogers
5.678157894736842,4.522409683508384,12.913675213675212,2.7132488995035486,4.485249999999999,-0.0371596835083849,68.37606837606837,30.744906202498413,5,80,117,1204,"{'season': 2018, 'currentTeamId': '2510', 'displayName': 'Brandin Cooks', 'esbId': 'COO299382', 'firstName': 'Brandin', 'footballName': 'Brandin', 'gsisId': '00-0031236', 'gsisItId': 41246, 'headshot': 'https://static.www.nfl.com/image/private/{formatInstructions}/league/eds7l8wtfctqodval2jl', 'jerseyNumber': 12, 'lastName': 'Cooks', 'ngsPosition': 'WR', 'ngsPositionGroup': 'WR', 'position': 'WR', 'positionGroup': 'WR', 'shortName': 'B.Cooks', 'smartId': '3200434f-4f29-9382-29e1-70020b0a09be', 'status': 'ACT'}",Brandin Cooks,WR,2510,2018,brandin cooks
5.671282051282052,4.309548775800319,5.704374999999999,3.2957960638852764,4.982258064516132,0.6727092887158133,64.58333333333334,6.261534134176711,2,31,48,281,"{'season': 2018, 'currentTeamId': '1400', 'displayName': 'Jeff Heuerman', 'esbId': 'HEU190731', 'firstName': 'Jeff', 'footballName': 'Jeff', 'gsisId': '00-0032227', 'gsisItId': 42435, 'headshot': 'https://static.www.nfl.com/image/private/{formatInstructions}/league/u3cggxnuwxem6rnkwzvg', 'jerseyNumber': 82, 'lastName': 'Heuerman', 'position': 'TE', 'positionGroup': 'TE', 'shortName': 'J.Heuerman', 'smartId': '32004845-5519-0731-c160-ede9f629ceb1', 'status': 'RES', 'ngsPosition': 'TE', 'ngsPositionGroup': 'TE'}",Jeff Heuerman,TE,1400,2018,jeff heuerman
5.660980392156862,2.980693579817912,9.526346153846154,2.635366822098845,2.694285714285713,-0.2864078655321989,67.3076923076923,10.04760426998335,1,35,52,334,"{'season': 2018, 'currentTeamId': '2200', 'displayName': 'Ryan Grant', 'esbId': 'GRA498062', 'firstName': 'Ryan', 'footballName': 'Ryan', 'gsisId': '00-0031068', 'gsisItId': 41371, 'headshot': 'https://static.www.nfl.com/image/private/{formatInstructions}/league/im7fnk7uti759btkrdok', 'jerseyNumber': 11, 'lastName': 'Grant', 'position': 'WR', 'positionGroup': 'WR', 'shortName': 'R.Grant', 'smartId': '32004752-4149-8062-53de-6a2367e3296b', 'status': 'ACT', 'ngsPosition': 'WR', 'ngsPositionGroup': 'WR'}",Ryan Grant,WR,2200,2018,ryan grant
5.659411764705883,3.5566668461819897,10.805369127516778,3.273078564009502,3.811481481481482,0.2548146352994922,54.36241610738255,30.454701941156227,4,81,149,976,"{'season': 2018, 'currentTeamId': '1050', 'displayName': 'Jarvis Landry', 'esbId': 'LAN163029', 'firstName': 'Jarvis', 'footballName': 'Jarvis', 'gsisId': '00-0031382', 'gsisItId': 41292, 'headshot': 'https://static.www.nfl.com/image/private/{formatInstructions}/league/q69hmki4eshmfhyh6xzv', 'jerseyNumber': 80, 'lastName': 'Landry', 'ngsPosition': 'SLOT_WR', 'ngsPositionGroup': 'WR', 'position': 'WR', 'positionGroup': 'WR', 'shortName': 'J.Landry', 'smartId': '32004c41-4e16-3029-78da-4985470f8aab', 'status': 'ACT'}",Jarvis Landry,WR,1050,2018,jarvis landry
5.647837837837838,2.6567181391248105,8.701428571428572,2.868555935120268,2.1063333333333336,-0.5503848057914769,61.224489795918366,6.459926396504363,6,30,49,289,"{'season': 2018, 'currentTeamId': '4900', 'displayName': 'Cameron Brate', 'esbId': 'BRA663798', 'firstName': 'Cameron', 'footballName': 'Cameron', 'gsisId': '00-0031273', 'gsisItId': 42033, 'headshot': 'https://static.www.nfl.com/image/private/{formatInstructions}/league/og8g0lqdnbrwcbmjwbfu', 'jerseyNumber': 84, 'lastName': 'Brate', 'ngsPosition': 'SLOT_WR', 'ngsPositionGroup': 'TE', 'position': 'TE', 'positionGroup': 'TE', 'shortName': 'C.Brate', 'smartId': '32004252-4166-3798-c2b3-ef206ba23ba8', 'status': 'ACT'}",Cameron Brate,TE,4900,2018,cameron brate
5.641276595744681,5.0430102593852055,9.378518518518517,2.915722646056682,5.794736842105264,0.7517265827200585,70.37037037037037,22.926107170180305,7,76,108,1028,"{'season': 2018, 'currentTeamId': '0920', 'displayName': 'Tyler Boyd', 'esbId': 'BOY378353', 'firstName': 'Tyler', 'footballName': 'Tyler', 'gsisId': '00-0033009', 'gsisItId': 43344, 'headshot': 'https://static.www.nfl.com/image/private/{formatInstructions}/league/qr6agqmp7waq9oqmogjb', 'jerseyNumber': 83, 'lastName': 'Boyd', 'position': 'WR', 'positionGroup': 'WR', 'shortName': 'T.Boyd', 'smartId': '3200424f-5937-8353-b941-dfa7122ba16b', 'status': 'RES', 'ngsPosition': 'SLOT_WR', 'ngsPositionGroup': 'WR'}",Tyler Boyd,WR,920,2018,tyler boyd
5.618666666666666,4.644536824535757,8.906600000000001,2.894876456665061,5.825242718446603,1.1807058939108457,68.66666666666667,25.311565729096024,10,103,150,1336,"{'season': 2018, 'currentTeamId': '2310', 'displayName': 'Travis Kelce', 'esbId': 'KEL012458', 'firstName': 'Travis', 'footballName': 'Travis', 'gsisId': '00-0030506', 'gsisItId': 40011, 'headshot': 'https://static.www.nfl.com/image/private/{formatInstructions}/league/n0gfqddteoputgezwl0k', 'jerseyNumber': 87, 'lastName': 'Kelce', 'ngsPosition': 'TE', 'ngsPositionGroup': 'TE', 'position': 'TE', 'positionGroup': 'TE', 'shortName': 'T.Kelce', 'smartId': '32004b45-4c01-2458-b7b6-3a14cdb414dd', 'status': 'ACT'}",Travis Kelce,TE,2310,2018,travis kelce
5.586025641025641,3.082798645076926,14.305384615384618,2.422757691942154,3.295454545454545,0.2126559003776189,56.41025641025641,26.82498202965168,2,44,78,532,"{'season': 2018, 'currentTeamId': '5110', 'displayName': 'Josh Doctson', 'esbId': 'DOC662393', 'firstName': 'Joshua', 'footballName': 'Josh', 'gsisId': '00-0032760', 'gsisItId': 43311, 'headshot': 'https://static.www.nfl.com/image/private/{formatInstructions}/league/mkq3ycvjnr0ltb0yjczi', 'jerseyNumber': 18, 'lastName': 'Doctson', 'ngsPosition': 'WR', 'ngsPositionGroup': 'WR', 'position': 'WR', 'positionGroup': 'WR', 'shortName': 'J.Doctson', 'smartId': '3200444f-4366-2393-3396-cf5419f94811', 'status': 'ACT'}",Josh Doctson,WR,5110,2018,josh doctson
5.582361111111112,4.720179597414769,8.019009900990099,2.965243913338437,5.733970588235294,1.0137909908205245,67.32673267326733,22.04319804912036,6,68,101,896,"{'season': 2018, 'currentTeamId': '2520', 'displayName': 'Jared Cook', 'esbId': 'COO152641', 'firstName': 'Jared', 'footballName': 'Jared', 'gsisId': '00-0027061', 'gsisItId': 34540, 'headshot': 'https://static.www.nfl.com/image/private/{formatInstructions}/league/cogz3snqmlqne2ehsn7y', 'jerseyNumber': 87, 'lastName': 'Cook', 'ngsPosition': 'TE', 'ngsPositionGroup': 'TE', 'position': 'TE', 'positionGroup': 'TE', 'shortName': 'J.Cook', 'smartId': '3200434f-4f15-2641-bb32-32c02af1d6b5', 'status': 'ACT'}",Jared Cook,TE,2520,2018,jared cook
5.581395348837209,3.415494182174309,12.149318181818185,2.210701571882055,4.213214285714286,0.7977201035399766,63.63636363636363,14.27034559345652,5,28,44,427,"{'season': 2018, 'currentTeamId': '3300', 'displayName': ""Tre'Quan Smith"", 'esbId': 'SMI764556', 'firstName': ""Tre'Quan"", 'footballName': ""Tre'Quan"", 'gsisId': '00-0034765', 'gsisItId': 46160, 'headshot': 'https://static.www.nfl.com/image/private/{formatInstructions}/league/if2chjv6qwxa3fyjg35g', 'jerseyNumber': 10, 'lastName': 'Smith', 'ngsPosition': 'WR', 'ngsPositionGroup': 'WR', 'position': 'WR', 'positionGroup': 'WR', 'shortName': 'T.Smith', 'smartId': '3200534d-4976-4556-d545-e418d85634bb', 'status': 'ACT'}",Tre'Quan Smith,WR,3300,2018,tre'quan smith
5.577121212121212,3.2918024981494085,6.6877272727272725,3.239225478765151,3.514225352112677,0.2224228539632684,80.68181818181817,11.26358378405276,4,71,88,660,"{'season': 2018, 'currentTeamId': '0200', 'displayName': 'Austin Hooper', 'esbId': 'HOO570770', 'firstName': 'Austin', 'footballName': 'Austin', 'gsisId': '00-0032392', 'gsisItId': 43370, 'headshot': 'https://static.www.nfl.com/image/private/{formatInstructions}/league/lxmdogfbmblqzdzoprhx', 'jerseyNumber': 81, 'lastName': 'Hooper', 'ngsPosition': 'TE', 'ngsPositionGroup': 'TE', 'position': 'TE', 'positionGroup': 'TE', 'shortName': 'A.Hooper', 'smartId': '3200484f-4f57-0770-bd7c-1cf59d6025ab', 'status': 'ACT'}",Austin Hooper,TE,200,2018,austin hooper
5.575,5.187600436626096,8.812391304347827,2.7825083773804957,4.69,-0.4976004366260955,52.17391304347826,10.354595798594085,1,24,46,286,"{'season': 2018, 'currentTeamId': '4500', 'displayName': 'Pierre Garcon', 'esbId': 'GAR115573', 'firstName': 'Pierre', 'footballName': 'Pierre', 'gsisId': '00-0026345', 'gsisItId': 33286, 'headshot': 'https://static.www.nfl.com/image/private/{formatInstructions}/league/xwjogot7xrfj9qwhsgtn', 'jerseyNumber': 15, 'lastName': 'Garcon', 'position': 'WR', 'positionGroup': 'WR', 'shortName': 'P.Garcon', 'smartId': '32004741-5211-5573-1332-2787673651cd', 'status': 'RES', 'ngsPosition': 'WR', 'ngsPositionGroup': 'WR'}",Pierre Garcon,WR,4500,2018,pierre garcon
5.564677419354838,5.339300241647802,12.501846153846154,2.760509326157898,5.143658536585366,-0.1956417050624361,63.07692307692307,20.146471107408832,5,41,65,653,"{'season': 2018, 'currentTeamId': '4400', 'displayName': 'Tyrell Williams', 'esbId': 'WIL547641', 'firstName': 'Tyrell', 'footballName': 'Tyrell', 'gsisId': '00-0032160', 'gsisItId': 43090, 'headshot': 'https://static.www.nfl.com/image/private/{formatInstructions}/league/knhalhbzfbwtsvdav0q8', 'jerseyNumber': 16, 'lastName': 'Williams', 'ngsPosition': 'WR', 'ngsPositionGroup': 'WR', 'position': 'WR', 'positionGroup': 'WR', 'shortName': 'Ty.Williams', 'smartId': '32005749-4c54-7641-fdca-10f8368b7b2e', 'status': 'ACT'}",Tyrell Williams,WR,4400,2018,tyrell williams
5.555806451612903,4.247654392403208,8.52875,3.0614063144804686,6.039107142857142,1.7914527504539342,63.63636363636363,14.196998414842229,4,56,88,639,"{'season': 2018, 'currentTeamId': '1050', 'displayName': 'David Njoku', 'esbId': 'NJO355964', 'firstName': 'David', 'footballName': 'David', 'gsisId': '00-0033885', 'gsisItId': 44841, 'headshot': 'https://static.www.nfl.com/image/private/{formatInstructions}/league/qiehmamkrrmrcrpqoxvd', 'jerseyNumber': 85, 'lastName': 'Njoku', 'ngsPosition': 'TE', 'ngsPositionGroup': 'TE', 'position': 'TE', 'positionGroup': 'TE', 'shortName': 'D.Njoku', 'smartId': '32004e4a-4f35-5964-1f03-4dc0b4e0b757', 'status': 'ACT'}",David Njoku,TE,1050,2018,david njoku
5.543000000000001,3.3256145544805573,11.875425531914892,1.9572797717668184,4.5,1.174385445519443,58.51063829787234,25.015854945734628,4,55,94,754,"{'season': 2018, 'currentTeamId': '0810', 'displayName': 'Allen Robinson', 'esbId': 'ROB365982', 'firstName': 'Allen', 'footballName': 'Allen', 'gsisId': '00-0031428', 'gsisItId': 41290, 'headshot': 'https://static.www.nfl.com/image/private/{formatInstructions}/league/bk03jfsdlx66m3z22qqi', 'jerseyNumber': 12, 'lastName': 'Robinson', 'ngsPosition': 'WR', 'ngsPositionGroup': 'WR', 'position': 'WR', 'positionGroup': 'WR', 'shortName': 'A.Robinson II', 'smartId': '3200524f-4236-5982-45ce-8ca18ca03af8', 'status': 'ACT', 'suffix': 'II'}",Allen Robinson,WR,810,2018,allen robinson
5.521521739130435,5.421885860479625,5.697500000000002,3.276894349941222,7.9491999999999985,2.527314139520373,69.44444444444444,7.852438022935962,4,50,72,610,"{'season': 2018, 'currentTeamId': '3900', 'displayName': 'Vance McDonald', 'esbId': 'MCD589658', 'firstName': 'Vance', 'footballName': 'Vance', 'gsisId': '00-0030470', 'gsisItId': 40003, 'headshot': 'https://static.www.nfl.com/image/private/{formatInstructions}/league/sk4wyebbceeraudd7cma', 'jerseyNumber': 89, 'lastName': 'McDonald', 'ngsPosition': 'TE', 'ngsPositionGroup': 'TE', 'position': 'TE', 'positionGroup': 'TE', 'shortName': 'V.McDonald', 'smartId': '32004d43-4458-9658-1fa3-62884c020db7', 'status': 'ACT'}",Vance McDonald,TE,3900,2018,vance mcdonald
5.503962264150943,5.8410654968566265,8.406181818181818,3.453011173956086,6.220250000000001,0.3791845031433745,72.72727272727273,8.759458752827681,3,40,55,519,"{'season': 2018, 'currentTeamId': '2310', 'displayName': 'Sammy Watkins', 'esbId': 'WAT270480', 'firstName': 'Samuel', 'footballName': 'Sammy', 'gsisId': '00-0031325', 'gsisItId': 41230, 'headshot': 'https://static.www.nfl.com/image/private/{formatInstructions}/league/njpkvqr7lmjsc5hccdcr', 'jerseyNumber': 14, 'lastName': 'Watkins', 'ngsPosition': 'WR', 'ngsPositionGroup': 'WR', 'position': 'WR', 'positionGroup': 'WR', 'shortName': 'S.Watkins', 'smartId': '32005741-5427-0480-637c-854aaf86ba0e', 'status': 'ACT', 'suffix': 'IV'}",Sammy Watkins,WR,2310,2018,sammy watkins
5.4707462686567165,1.9504502124524024,15.946417910447762,1.7345776754712965,2.7692,0.8187497875475975,37.3134328358209,21.40922006564578,1,25,67,380,"{'season': 2018, 'currentTeamId': '2310', 'displayName': 'Kelvin Benjamin', 'esbId': 'BEN150538', 'firstName': 'Kelvin', 'footballName': 'Kelvin', 'gsisId': '00-0031359', 'gsisItId': 41254, 'headshot': 'https://static.www.nfl.com/image/private/{formatInstructions}/league/ygtlhauauds9yoyatu5e', 'jerseyNumber': 81, 'lastName': 'Benjamin', 'position': 'WR', 'positionGroup': 'WR', 'shortName': 'K.Benjamin', 'smartId': '32004245-4e15-0538-7acf-a6a8f1fabfd0', 'status': 'ACT', 'ngsPosition': 'WR', 'ngsPositionGroup': 'WR'}",Kelvin Benjamin,WR,2310,2018,kelvin benjamin
5.451333333333333,3.5369228292045127,10.842391304347828,2.491392530319847,4.669846153846153,1.1329233246416406,70.65217391304348,22.662625638415832,6,65,92,840,"{'season': 2018, 'currentTeamId': '3700', 'displayName': 'Alshon Jeffery', 'esbId': 'JEF498860', 'firstName': 'Alshon', 'footballName': 'Alshon', 'gsisId': '00-0029137', 'gsisItId': 38575, 'headshot': 'https://static.www.nfl.com/image/private/{formatInstructions}/league/qrbsgwhzlsmwgkdfjryh', 'jerseyNumber': 17, 'lastName': 'Jeffery', 'ngsPosition': 'WR', 'ngsPositionGroup': 'WR', 'position': 'WR', 'positionGroup': 'WR', 'shortName': 'A.Jeffery', 'smartId': '32004a45-4649-8860-b9ad-0608f64c795e', 'status': 'ACT'}",Alshon Jeffery,WR,3700,2018,alshon jeffery
5.448837209302326,4.824775500280637,14.562888888888889,3.3349896377846044,5.4665625,0.641786999719363,71.11111111111111,14.928674591205858,4,32,45,503,"{'season': 2018, 'currentTeamId': '2120', 'displayName': 'Will Fuller', 'esbId': 'FUL503598', 'firstName': 'Will', 'footballName': 'Will', 'gsisId': '00-0033127', 'gsisItId': 43310, 'headshot': 'https://static.www.nfl.com/image/private/{formatInstructions}/league/y0y6lyylu0iq0fmqb2i0', 'jerseyNumber': 15, 'lastName': 'Fuller', 'position': 'WR', 'positionGroup': 'WR', 'shortName': 'W.Fuller', 'smartId': '32004655-4c50-3598-6762-28495ce40669', 'status': 'RES', 'suffix': 'V', 'ngsPosition': 'WR', 'ngsPositionGroup': 'WR'}",Will Fuller,WR,2120,2018,will fuller
5.408478260869565,1.7790903321291065,13.22869565217391,1.895190927541503,0.917058823529412,-0.8620315085996941,36.95652173913043,15.34295482738797,1,17,46,171,"{'season': 2018, 'currentTeamId': '3800', 'displayName': 'Chad Williams', 'esbId': 'WIL179904', 'firstName': 'Chad', 'footballName': 'Chad', 'gsisId': '00-0033933', 'gsisItId': 44910, 'headshot': 'https://static.www.nfl.com/image/private/{formatInstructions}/league/euzfm4rfpar0i5lmm2df', 'jerseyNumber': 10, 'lastName': 'Williams', 'ngsPosition': 'WR', 'ngsPositionGroup': 'WR', 'position': 'WR', 'positionGroup': 'WR', 'shortName': 'C.Williams', 'smartId': '32005749-4c17-9904-3dde-37d07e19be35', 'status': 'ACT'}",Chad Williams,WR,3800,2018,chad williams
5.405480769230768,7.327922411541521,7.334117647058824,3.3138640925833163,10.19443181818182,2.866509406640298,64.70588235294117,25.478175576262885,5,88,136,1377,"{'season': 2018, 'currentTeamId': '4500', 'displayName': 'George Kittle', 'esbId': 'KIT388290', 'firstName': 'George', 'footballName': 'George', 'gsisId': '00-0033288', 'gsisItId': 44959, 'headshot': 'https://static.www.nfl.com/image/private/{formatInstructions}/league/n5dvz5zxymahzxnl4cq3', 'jerseyNumber': 85, 'lastName': 'Kittle', 'ngsPosition': 'TE', 'ngsPositionGroup': 'TE', 'position': 'TE', 'positionGroup': 'TE', 'shortName': 'G.Kittle', 'smartId': '32004b49-5438-8290-eeed-c9c9cca62ec1', 'status': 'ACT'}",George Kittle,TE,4500,2018,george kittle
5.395411764705883,4.556100060383662,8.311157894736843,3.1388964137386077,4.833225806451614,0.2771257460679512,65.26315789473685,17.046578205355182,1,62,95,651,"{'season': 2018, 'currentTeamId': '0325', 'displayName': 'Willie Snead', 'esbId': 'SNE115447', 'firstName': 'Willie', 'footballName': 'Willie', 'gsisId': '00-0030663', 'gsisItId': 41500, 'headshot': 'https://static.www.nfl.com/image/private/{formatInstructions}/league/xg1dlgeps42vv2gx8qkt', 'jerseyNumber': 83, 'lastName': 'Snead', 'ngsPosition': 'SLOT_WR', 'ngsPositionGroup': 'WR', 'position': 'WR', 'positionGroup': 'WR', 'shortName': 'W.Snead IV', 'smartId': '3200534e-4511-5447-652c-c9261bcca6a7', 'status': 'ACT', 'suffix': 'IV'}",Willie Snead,WR,325,2018,willie snead
5.385454545454545,3.070903819611631,13.987586206896552,2.2188453649021334,3.073333333333333,0.0024295137217018,36.206896551724135,18.36297708023051,7,21,58,210,"{'season': 2018, 'currentTeamId': '0920', 'displayName': 'John Ross', 'esbId': 'ROS616450', 'firstName': 'John', 'footballName': 'John', 'gsisId': '00-0033460', 'gsisItId': 44821, 'headshot': 'https://static.www.nfl.com/image/private/{formatInstructions}/league/lpfapcl7jtzho3ziwtcq', 'jerseyNumber': 15, 'lastName': 'Ross', 'ngsPosition': 'WR', 'ngsPositionGroup': 'WR', 'position': 'WR', 'positionGroup': 'WR', 'shortName': 'J.Ross', 'smartId': '3200524f-5361-6450-1052-04968bded2fc', 'status': 'ACT'}",John Ross,WR,920,2018,john ross
5.379655172413793,5.993805306697392,8.16606557377049,2.923928370475178,6.526052631578947,0.5322473248815554,62.29508196721312,8.839960390276449,2,38,61,383,"{'season': 2018, 'currentTeamId': '1800', 'displayName': 'Randall Cobb', 'esbId': 'COB365535', 'firstName': 'Randall', 'footballName': 'Randall', 'gsisId': '00-0028002', 'gsisItId': 37139, 'headshot': 'https://static.www.nfl.com/image/private/{formatInstructions}/league/mqz6skxxvjzs9pithxab', 'jerseyNumber': 18, 'lastName': 'Cobb', 'ngsPosition': 'SLOT_WR', 'ngsPositionGroup': 'WR', 'position': 'WR', 'positionGroup': 'WR', 'shortName': 'R.Cobb', 'smartId': '3200434f-4236-5535-cf6f-4337b5dff0b3', 'status': 'ACT', 'suffix': 'II'}",Randall Cobb,WR,1800,2018,randall cobb
5.36139534883721,5.359851902548684,11.837333333333332,3.376003079564008,7.5744444444444445,2.214592541895761,60.0,13.60654732712114,5,27,45,467,"{'season': 2018, 'currentTeamId': '4500', 'displayName': 'Dante Pettis', 'esbId': 'PET735981', 'firstName': 'Dante', 'footballName': 'Dante', 'gsisId': '00-0034860', 'gsisItId': 46113, 'headshot': 'https://static.www.nfl.com/image/private/{formatInstructions}/league/d0utivdrtm4tumhdm3ik', 'jerseyNumber': 18, 'lastName': 'Pettis', 'position': 'WR', 'positionGroup': 'WR', 'shortName': 'D.Pettis', 'smartId': '32005045-5473-5981-8eda-5f27db81c106', 'status': 'RES', 'ngsPosition': 'WR', 'ngsPositionGroup': 'WR'}",Dante Pettis,WR,4500,2018,dante pettis
5.328604651162791,2.9536985600230983,8.390217391304349,3.053193703215856,2.350666666666667,-0.6030318933564311,65.21739130434783,8.825970925406313,2,30,46,243,"{'season': 2018, 'currentTeamId': '1400', 'displayName': 'DaeSean Hamilton', 'esbId': 'HAM200565', 'firstName': 'DaeSean', 'footballName': 'DaeSean', 'gsisId': '00-0034370', 'gsisItId': 46182, 'headshot': 'https://static.www.nfl.com/image/private/{formatInstructions}/league/iz3vfnnc3rwi6mpdsvia', 'jerseyNumber': 17, 'lastName': 'Hamilton', 'ngsPosition': 'SLOT_WR', 'ngsPositionGroup': 'WR', 'position': 'WR', 'positionGroup': 'WR', 'shortName': 'D.Hamilton', 'smartId': '32004841-4d20-0565-a51e-2028f6290d41', 'status': 'ACT'}",DaeSean Hamilton,WR,1400,2018,daesean hamilton
5.32014705882353,5.002153178771081,13.996323529411764,2.682152740704302,5.464242424242424,0.4620892454713425,48.52941176470589,23.874026413816463,2,33,68,507,"{'season': 2018, 'currentTeamId': '1200', 'displayName': 'Michael Gallup', 'esbId': 'GAL779981', 'firstName': 'Michael', 'footballName': 'Michael', 'gsisId': '00-0034764', 'gsisItId': 46150, 'headshot': 'https://static.www.nfl.com/image/private/{formatInstructions}/league/ncxer9zjw2czcahas1ey', 'jerseyNumber': 13, 'lastName': 'Gallup', 'ngsPosition': 'WR', 'ngsPositionGroup': 'WR', 'position': 'WR', 'positionGroup': 'WR', 'shortName': 'M.Gallup', 'smartId': '32004741-4c77-9981-95e1-30b1c57c6002', 'status': 'ACT'}",Michael Gallup,WR,1200,2018,michael gallup
5.316601307189543,4.760915740318135,8.685783132530123,3.00124581675711,6.072522522522522,1.3116067822043878,66.86746987951807,27.599725120642557,7,111,166,1383,"{'season': 2018, 'currentTeamId': '3900', 'displayName': 'JuJu Smith-Schuster', 'esbId': 'SMI829709', 'firstName': 'John', 'footballName': 'JuJu', 'gsisId': '00-0033857', 'gsisItId': 44874, 'headshot': 'https://static.www.nfl.com/image/private/{formatInstructions}/league/sp4gz46f1rkpksvsmtg7', 'jerseyNumber': 19, 'lastName': 'Smith-Schuster', 'ngsPosition': 'SLOT_WR', 'ngsPositionGroup': 'WR', 'position': 'WR', 'positionGroup': 'WR', 'shortName': 'J.Smith-Schuster', 'smartId': '3200534d-4982-9709-6877-2f8181b1e986', 'status': 'ACT'}",JuJu Smith-Schuster,WR,3900,2018,juju smith-schuster
5.299285714285714,3.2742649693518,10.8181,2.8318179006637134,2.7003703703703703,-0.573894598981429,54.0,23.35624749016577,3,54,100,607,"{'season': 2018, 'currentTeamId': '0325', 'displayName': 'Michael Crabtree', 'esbId': 'CRA111040', 'firstName': 'Michael', 'footballName': 'Michael', 'gsisId': '00-0026986', 'gsisItId': 34461, 'headshot': 'https://static.www.nfl.com/image/private/{formatInstructions}/league/kcavcmeyaion38ewxwyk', 'jerseyNumber': 15, 'lastName': 'Crabtree', 'ngsPosition': 'WR', 'ngsPositionGroup': 'WR', 'position': 'WR', 'positionGroup': 'WR', 'shortName': 'M.Crabtree', 'smartId': '32004352-4111-1040-c59d-b7b219582be7', 'status': 'ACT', 'suffix': 'II'}",Michael Crabtree,WR,325,2018,michael crabtree
5.295882352941177,2.6895746344813314,9.84507246376812,2.7307876679597243,2.9729411764705884,0.283366541989257,49.275362318840585,17.12782265791252,1,34,69,343,"{'season': 2018, 'currentTeamId': '3800', 'displayName': 'Ricky Seals-Jones', 'esbId': 'SEA449742', 'firstName': 'Roderick', 'footballName': 'Ricky', 'gsisId': '00-0033611', 'gsisItId': 45481, 'headshot': 'https://static.www.nfl.com/image/private/{formatInstructions}/league/rmsvy1ooksbk6qwihdxk', 'jerseyNumber': 86, 'lastName': 'Seals-Jones', 'position': 'TE', 'positionGroup': 'TE', 'shortName': 'R.Seals-Jones', 'smartId': '32005345-4144-9742-e3b2-759908a92e0d', 'status': 'ACT', 'ngsPosition': 'SLOT_WR', 'ngsPositionGroup': 'TE'}",Ricky Seals-Jones,TE,3800,2018,ricky seals-jones
5.280672268907563,4.454373969116255,8.82485294117647,2.6677327066621324,4.377113402061856,-0.0772605670543988,71.32352941176471,29.75485675185195,6,97,136,1196,"{'season': 2018, 'currentTeamId': '4400', 'displayName': 'Keenan Allen', 'esbId': 'ALL532966', 'firstName': 'Keenan', 'footballName': 'Keenan', 'gsisId': '00-0030279', 'gsisItId': 40024, 'headshot': 'https://static.www.nfl.com/image/private/{formatInstructions}/league/vwlmmfcjxsx82ahs0fpb', 'jerseyNumber': 13, 'lastName': 'Allen', 'ngsPosition': 'SLOT_WR', 'ngsPositionGroup': 'WR', 'position': 'WR', 'positionGroup': 'WR', 'shortName': 'K.Allen', 'smartId': '3200414c-4c53-2966-dfa9-55ae464e7b3d', 'status': 'ACT'}",Keenan Allen,WR,4400,2018,keenan allen
5.244545454545454,5.41994271988596,10.462199999999998,2.904620378774616,6.482058823529411,1.0621161036434517,68.0,11.293930195302886,3,34,50,552,"{'season': 2018, 'currentTeamId': '0325', 'displayName': 'Mark Andrews', 'esbId': 'AND701433', 'firstName': 'Mark', 'footballName': 'Mark', 'gsisId': '00-0034753', 'gsisItId': 46155, 'headshot': 'https://static.www.nfl.com/image/private/{formatInstructions}/league/rx3nyhawhvj9lddniknj', 'jerseyNumber': 89, 'lastName': 'Andrews', 'ngsPosition': 'SLOT_WR', 'ngsPositionGroup': 'TE', 'position': 'TE', 'positionGroup': 'TE', 'shortName': 'M.Andrews', 'smartId': '3200414e-4470-1433-75dd-307507e53173', 'status': 'ACT'}",Mark Andrews,TE,325,2018,mark andrews
5.188510638297872,4.698406791426733,11.33148148148148,2.97224550965007,5.383636363636365,0.6852295722096313,61.11111111111112,13.712567201439608,7,33,54,423,"{'season': 2018, 'currentTeamId': '0810', 'displayName': 'Anthony Miller', 'esbId': 'MIL140090', 'firstName': 'Anthony', 'footballName': 'Anthony', 'gsisId': '00-0034353', 'gsisItId': 46120, 'headshot': 'https://static.www.nfl.com/image/private/{formatInstructions}/league/bd1p24ouboy5l6aqelbc', 'jerseyNumber': 17, 'lastName': 'Miller', 'ngsPosition': 'SLOT_WR', 'ngsPositionGroup': 'WR', 'position': 'WR', 'positionGroup': 'WR', 'shortName': 'A.Miller', 'smartId': '32004d49-4c14-0090-2d8a-386614adf145', 'status': 'ACT'}",Anthony Miller,WR,810,2018,anthony miller
5.1703125,3.2230015169804704,9.904565217391305,2.642627979604568,3.034,-0.1890015169804706,76.08695652173914,12.162508475662166,2,35,46,400,"{'season': 2018, 'currentTeamId': '3300', 'displayName': 'Benjamin Watson', 'esbId': 'WAT311042', 'firstName': 'Benjamin', 'footballName': 'Benjamin', 'gsisId': '00-0022943', 'gsisItId': 28985, 'headshot': 'https://static.www.nfl.com/image/private/{formatInstructions}/league/dorymozpdnrllkqlfzpu', 'jerseyNumber': 82, 'lastName': 'Watson', 'position': 'TE', 'positionGroup': 'TE', 'shortName': 'B.Watson', 'smartId': '32005741-5431-1042-6fe6-3cd4a15a0a0c', 'status': 'ACT', 'ngsPosition': 'TE', 'ngsPositionGroup': 'TE'}",Benjamin Watson,TE,3300,2018,benjamin watson
5.156515151515151,3.197621465802109,12.128630136986304,2.8235770082373737,3.6118,0.4141785341978909,68.4931506849315,22.91755643389062,5,50,73,618,"{'season': 2018, 'currentTeamId': '4600', 'displayName': 'Doug Baldwin', 'esbId': 'BAL312014', 'firstName': 'Doug', 'footballName': 'Doug', 'gsisId': '00-0028434', 'gsisItId': 37914, 'headshot': 'https://static.www.nfl.com/image/private/{formatInstructions}/league/kccmcttfdtl7m3g49vb8', 'jerseyNumber': 89, 'lastName': 'Baldwin', 'ngsPosition': 'SLOT_WR', 'ngsPositionGroup': 'WR', 'position': 'WR', 'positionGroup': 'WR', 'shortName': 'D.Baldwin', 'smartId': '32004241-4c31-2014-c93d-20c503b6b7fe', 'status': 'ACT', 'suffix': 'Jr.'}",Doug Baldwin,WR,4600,2018,doug baldwin
5.1517647058823535,5.04317607938636,7.737954545454545,3.2578008954318296,5.65060606060606,0.6074299812196999,75.0,7.735282357003948,4,33,44,334,"{'season': 2018, 'currentTeamId': '3700', 'displayName': 'Dallas Goedert', 'esbId': 'GOE595520', 'firstName': 'Dallas', 'footballName': 'Dallas', 'gsisId': '00-0034351', 'gsisItId': 46118, 'headshot': 'https://static.www.nfl.com/image/private/{formatInstructions}/league/bekz0emretqdor3engkr', 'jerseyNumber': 88, 'lastName': 'Goedert', 'ngsPosition': 'TE', 'ngsPositionGroup': 'TE', 'position': 'TE', 'positionGroup': 'TE', 'shortName': 'D.Goedert', 'smartId': '3200474f-4559-5520-b7af-5e002aedafbb', 'status': 'ACT'}",Dallas Goedert,TE,3700,2018,dallas goedert
5.118461538461539,5.693538919017438,7.866976744186048,3.448165033304475,6.751666666666666,1.0581277476492277,55.81395348837209,7.706151161572215,0,24,43,305,"{'season': 2018, 'currentTeamId': '2120', 'displayName': 'Ryan Griffin', 'esbId': 'GRI293499', 'firstName': 'Ryan', 'footballName': 'Ryan', 'gsisId': '00-0030108', 'gsisItId': 40149, 'headshot': 'https://static.www.nfl.com/image/private/{formatInstructions}/league/ntkwyyft1r9xefhlc66m', 'jerseyNumber': 84, 'lastName': 'Griffin', 'ngsPosition': 'TE', 'ngsPositionGroup': 'TE', 'position': 'TE', 'positionGroup': 'TE', 'shortName': 'R.Griffin', 'smartId': '32004752-4929-3499-4553-f2c6b22bb2af', 'status': 'ACT'}",Ryan Griffin,TE,2120,2018,ryan griffin
5.081702127659575,4.585625234418633,11.905319148936169,2.545867816003437,4.460833333333334,-0.1247919010852989,51.06382978723404,15.663227316242947,1,24,47,306,"{'season': 2018, 'currentTeamId': '2700', 'displayName': 'DeVante Parker', 'esbId': 'PAR226609', 'firstName': 'DeVante', 'footballName': 'DeVante', 'gsisId': '00-0031547', 'gsisItId': 42357, 'headshot': 'https://static.www.nfl.com/image/private/{formatInstructions}/league/eo6lkabi41o9qmivprcw', 'jerseyNumber': 11, 'lastName': 'Parker', 'ngsPosition': 'WR', 'ngsPositionGroup': 'WR', 'position': 'WR', 'positionGroup': 'WR', 'shortName': 'D.Parker', 'smartId': '32005041-5222-6609-dc38-38b3aae27410', 'status': 'ACT'}",DeVante Parker,WR,2700,2018,devante parker
5.04,4.051946758252041,11.21779761904762,2.6277769233152477,5.032788461538461,0.98084170328642,61.90476190476191,36.07485294145796,15,104,168,1297,"{'season': 2018, 'currentTeamId': '3900', 'displayName': 'Antonio Brown', 'esbId': 'BRO000001', 'firstName': 'Antonio', 'footballName': 'Antonio', 'gsisId': '00-0027793', 'gsisItId': 35634, 'headshot': 'https://static.www.nfl.com/image/private/{formatInstructions}/league/cyerysyv0ar5zndo5wik', 'jerseyNumber': 84, 'lastName': 'Brown', 'position': 'WR', 'positionGroup': 'WR', 'shortName': 'A.Brown', 'smartId': '32004252-4f00-0001-4ac0-67a98b776d89', 'status': 'ACT', 'ngsPosition': 'WR', 'ngsPositionGroup': 'WR'}",Antonio Brown,WR,3900,2018,antonio brown
5.025208333333334,4.472854716240144,7.452031250000001,2.7544353613575905,4.881162790697675,0.4083080744575307,67.1875,10.795107310514668,3,43,64,439,"{'season': 2018, 'currentTeamId': '0920', 'displayName': 'C.J. Uzomah', 'esbId': 'UZO415291', 'firstName': 'Christopher', 'footballName': 'C.J.', 'gsisId': '00-0032134', 'gsisItId': 42500, 'headshot': 'https://static.www.nfl.com/image/private/{formatInstructions}/league/dyibbshsufxng0ckdsv4', 'jerseyNumber': 87, 'lastName': 'Uzomah', 'ngsPosition': 'TE', 'ngsPositionGroup': 'TE', 'position': 'TE', 'positionGroup': 'TE', 'shortName': 'C.Uzomah', 'smartId': '3200555a-4f41-5291-7c48-f42f95ee20d2', 'status': 'ACT'}",C.J. Uzomah,TE,920,2018,cj uzomah
5.00921052631579,2.2165466554903657,12.661772151898736,2.2659341912580326,1.7979545454545451,-0.4185921100358205,55.69620253164557,24.229006598133928,4,44,79,549,"{'season': 2018, 'currentTeamId': '0750', 'displayName': 'Devin Funchess', 'esbId': 'FUN405541', 'firstName': 'Devin', 'footballName': 'Devin', 'gsisId': '00-0032055', 'gsisItId': 42384, 'headshot': 'https://static.www.nfl.com/image/private/{formatInstructions}/league/iarf5cwchnc3pcia84mu', 'jerseyNumber': 17, 'lastName': 'Funchess', 'position': 'WR', 'positionGroup': 'WR', 'shortName': 'D.Funchess', 'smartId': '32004655-4e40-5541-3ae9-16d8a3a4b0c1', 'status': 'ACT', 'ngsPosition': 'WR', 'ngsPositionGroup': 'WR'}",Devin Funchess,WR,750,2018,devin funchess
4.982077922077922,4.575319455568738,13.746202531645572,2.553133868281982,5.782558139534883,1.2072386839661453,54.43037974683544,20.54179103912957,5,43,79,586,"{'season': 2018, 'currentTeamId': '1050', 'displayName': 'Antonio Callaway', 'esbId': 'CAL612552', 'firstName': 'Antonio', 'footballName': 'Antonio', 'gsisId': '00-0034772', 'gsisItId': 46174, 'headshot': 'https://static.www.nfl.com/image/private/{formatInstructions}/league/eydr6upreksg0xwzztvw', 'jerseyNumber': 11, 'lastName': 'Callaway', 'ngsPosition': 'WR', 'ngsPositionGroup': 'WR', 'position': 'WR', 'positionGroup': 'WR', 'shortName': 'A.Callaway', 'smartId': '32004341-4c61-2552-abe1-70ec5629d91c', 'status': 'ACT'}",Antonio Callaway,WR,1050,2018,antonio callaway
4.93,2.171537503699315,15.184242424242424,2.051655987945469,2.983255813953488,0.811718310254173,65.15151515151516,24.84554587014944,10,43,66,664,"{'season': 2018, 'currentTeamId': '4400', 'displayName': 'Mike Williams', 'esbId': 'WIL000009', 'firstName': 'Michael', 'footballName': 'Mike', 'gsisId': '00-0033536', 'gsisItId': 44819, 'headshot': 'https://static.www.nfl.com/image/private/{formatInstructions}/league/fjnnliuxjyqzb7oo5hgi', 'jerseyNumber': 81, 'lastName': 'Williams', 'ngsPosition': 'WR', 'ngsPositionGroup': 'WR', 'position': 'WR', 'positionGroup': 'WR', 'shortName': 'M.Williams', 'smartId': '32005749-4c00-0009-75a2-9fccf6994099', 'status': 'ACT'}",Mike Williams,WR,4400,2018,mike williams
4.921987577639751,3.644685142115259,11.861472392638037,2.522421038243409,3.683217391304347,0.038532249189088,70.5521472392638,44.04406639117581,11,115,163,1572,"{'season': 2018, 'currentTeamId': '2120', 'displayName': 'DeAndre Hopkins', 'esbId': 'HOP161500', 'firstName': 'DeAndre', 'footballName': 'DeAndre', 'gsisId': '00-0030564', 'gsisItId': 39973, 'headshot': 'https://static.www.nfl.com/image/private/{formatInstructions}/league/boialnvkpcs0uvlbnsfv', 'jerseyNumber': 10, 'lastName': 'Hopkins', 'ngsPosition': 'WR', 'ngsPositionGroup': 'WR', 'position': 'WR', 'positionGroup': 'WR', 'shortName': 'D.Hopkins', 'smartId': '3200484f-5016-1500-bfbe-c87b292b639c', 'status': 'ACT'}",DeAndre Hopkins,WR,2120,2018,deandre hopkins
4.882695652173913,3.968443694413801,12.597478991596638,2.264946797684272,5.352714285714286,1.384270591300485,58.82352941176471,37.50872601440698,5,70,119,1063,"{'season': 2018, 'currentTeamId': '1540', 'displayName': 'Kenny Golladay', 'esbId': 'GOL573546', 'firstName': 'Kenneth', 'footballName': 'Kenny', 'gsisId': '00-0033932', 'gsisItId': 44908, 'headshot': 'https://static.www.nfl.com/image/private/{formatInstructions}/league/okf4aktpg4odbuhvtwtn', 'jerseyNumber': 19, 'lastName': 'Golladay', 'position': 'WR', 'positionGroup': 'WR', 'shortName': 'K.Golladay', 'smartId': '3200474f-4c57-3546-c21d-b780be32aca0', 'status': 'ACT', 'ngsPosition': 'WR', 'ngsPositionGroup': 'WR'}",Kenny Golladay,WR,1540,2018,kenny golladay
4.830617283950617,4.178552782763008,11.326213017751478,2.9691687972034053,4.647387387387387,0.4688346046243792,65.68047337278107,33.968709738100216,13,111,169,1386,"{'season': 2018, 'currentTeamId': '1800', 'displayName': 'Davante Adams', 'esbId': 'ADA218591', 'firstName': 'Davante', 'footballName': 'Davante', 'gsisId': '00-0031381', 'gsisItId': 41282, 'headshot': 'https://static.www.nfl.com/image/private/{formatInstructions}/league/ajawfxrv5pr1eehdguw0', 'jerseyNumber': 17, 'lastName': 'Adams', 'position': 'WR', 'positionGroup': 'WR', 'shortName': 'D.Adams', 'smartId': '32004144-4121-8591-4d26-4c0ac739af41', 'status': 'ACT', 'ngsPosition': 'WR', 'ngsPositionGroup': 'WR'}",Davante Adams,WR,1800,2018,davante adams
4.736415094339622,3.22084618610608,16.37698113207547,1.9987676923420887,3.7484615384615383,0.527615352355459,49.0566037735849,22.46691360133769,5,26,53,445,"{'season': 2018, 'currentTeamId': '4600', 'displayName': 'David Moore', 'esbId': 'MOO249444', 'firstName': 'David', 'footballName': 'David', 'gsisId': '00-0033589', 'gsisItId': 45039, 'headshot': 'https://static.www.nfl.com/image/private/{formatInstructions}/league/kwyhth14dkulxzjxrgup', 'jerseyNumber': 83, 'lastName': 'Moore', 'ngsPosition': 'WR', 'ngsPositionGroup': 'WR', 'position': 'WR', 'positionGroup': 'WR', 'shortName': 'D.Moore', 'smartId': '32004d4f-4f24-9444-1f85-e742d8abb0fb', 'status': 'ACT'}",David Moore,WR,4600,2018,david moore
4.721267605633802,4.109941086313921,13.997464788732394,2.1076711670281,7.077317073170732,2.967375986856811,57.74647887323944,22.900450257388695,4,41,71,737,"{'season': 2018, 'currentTeamId': '3200', 'displayName': 'Josh Gordon', 'esbId': 'GOR190310', 'firstName': 'Josh', 'footballName': 'Josh', 'gsisId': '00-0029664', 'gsisItId': 39646, 'headshot': 'https://static.www.nfl.com/image/private/{formatInstructions}/league/atwcq5nczzb5k85fince', 'jerseyNumber': 10, 'lastName': 'Gordon', 'position': 'WR', 'positionGroup': 'WR', 'shortName': 'J.Gordon', 'smartId': '3200474f-5219-0310-af1f-30d8c9d32e21', 'status': 'SUS', 'ngsPosition': 'WR', 'ngsPositionGroup': 'WR'}",Josh Gordon,WR,3200,2018,josh gordon
4.63503448275862,3.249160400367642,7.714353741496598,2.748359541846998,4.08832,0.8391595996323584,85.03401360544217,30.27239576937656,9,125,147,1405,"{'season': 2018, 'currentTeamId': '3300', 'displayName': 'Michael Thomas', 'esbId': 'THO308912', 'firstName': 'Michael', 'footballName': 'Michael', 'gsisId': '00-0032765', 'gsisItId': 43336, 'headshot': 'https://static.www.nfl.com/image/private/{formatInstructions}/league/liuzt7209f2hqa9mu1zw', 'jerseyNumber': 13, 'lastName': 'Thomas', 'ngsPosition': 'WR', 'ngsPositionGroup': 'WR', 'position': 'WR', 'positionGroup': 'WR', 'shortName': 'M.Thomas', 'smartId': '32005448-4f30-8912-926a-d25d51327661', 'status': 'ACT', 'suffix': 'Jr.'}",Michael Thomas,WR,3300,2018,michael thomas
4.624819277108434,3.555168798711821,14.365000000000004,2.1630736692701764,4.407857142857142,0.8526883441453212,50.0,27.594108244204644,4,42,84,704,"{'season': 2018, 'currentTeamId': '1400', 'displayName': 'Courtland Sutton', 'esbId': 'SUT333526', 'firstName': 'Courtland', 'footballName': 'Courtland', 'gsisId': '00-0034348', 'gsisItId': 46109, 'headshot': 'https://static.www.nfl.com/image/private/{formatInstructions}/league/kifp4mpoadcd1qrn3iiv', 'jerseyNumber': 14, 'lastName': 'Sutton', 'ngsPosition': 'WR', 'ngsPositionGroup': 'WR', 'position': 'WR', 'positionGroup': 'WR', 'shortName': 'C.Sutton', 'smartId': '32005355-5433-3526-b2bf-88d6b83781c0', 'status': 'ACT'}",Courtland Sutton,WR,1400,2018,courtland sutton
4.544857142857143,4.9901738600738135,11.149375,2.500796985844318,6.884705882352942,1.8945320222791289,70.83333333333334,8.108353799791823,5,34,48,565,"{'season': 2018, 'currentTeamId': '4900', 'displayName': 'O.J. Howard', 'esbId': 'HOW308864', 'firstName': 'O.J.', 'footballName': 'O.J.', 'gsisId': '00-0033879', 'gsisItId': 44831, 'headshot': 'https://static.www.nfl.com/image/private/{formatInstructions}/league/wljqvtjgzbcwfkepy13e', 'jerseyNumber': 80, 'lastName': 'Howard', 'position': 'TE', 'positionGroup': 'TE', 'shortName': 'O.Howard', 'smartId': '3200484f-5730-8864-f556-0040cd058670', 'status': 'RES', 'ngsPosition': 'TE', 'ngsPositionGroup': 'TE'}",O.J. Howard,TE,4900,2018,oj howard
4.449473684210527,4.675236958188076,8.789333333333333,2.464236806451032,4.533214285714285,-0.1420226724737903,62.22222222222222,9.805729925921517,2,28,45,333,"{'season': 2018, 'currentTeamId': '4400', 'displayName': 'Antonio Gates', 'esbId': 'GAT194627', 'firstName': 'Antonio', 'footballName': 'Antonio', 'gsisId': '00-0021547', 'gsisItId': 28495, 'headshot': 'https://static.www.nfl.com/image/private/{formatInstructions}/league/kndulvysinvn4tpvt0bc', 'jerseyNumber': 85, 'lastName': 'Gates', 'ngsPosition': 'SLOT_WR', 'ngsPositionGroup': 'TE', 'position': 'TE', 'positionGroup': 'TE', 'shortName': 'A.Gates', 'smartId': '32004741-5419-4627-d7b9-c6962c8e21f2', 'status': 'ACT'}",Antonio Gates,TE,4400,2018,antonio gates
4.395657894736843,3.657494254222297,12.712727272727276,2.028803888184738,4.258913043478261,0.6014187892559639,59.74025974025974,22.156531658978466,6,46,77,694,"{'season': 2018, 'currentTeamId': '0920', 'displayName': 'A.J. Green', 'esbId': 'GRE034604', 'firstName': 'A.J.', 'footballName': 'A.J.', 'gsisId': '00-0027942', 'gsisItId': 37077, 'headshot': 'https://static.www.nfl.com/image/private/{formatInstructions}/league/ify1tyrdfnh3oixudcuz', 'jerseyNumber': 18, 'lastName': 'Green', 'position': 'WR', 'positionGroup': 'WR', 'shortName': 'A.Green', 'smartId': '32004752-4503-4604-5592-82f254d9dbee', 'status': 'RES', 'ngsPosition': 'WR', 'ngsPositionGroup': 'WR'}",A.J. Green,WR,920,2018,aj green
3.9656451612903223,2.0853342031784403,15.243064516129031,2.2167045449790552,3.104571428571428,1.0192372253929871,56.451612903225815,23.64643565768502,5,35,62,508,"{'season': 2018, 'currentTeamId': '1540', 'displayName': 'Marvin Jones', 'esbId': 'JON601697', 'firstName': 'Marvin', 'footballName': 'Marvin', 'gsisId': '00-0029293', 'gsisItId': 38696, 'headshot': 'https://static.www.nfl.com/image/private/{formatInstructions}/league/mc0dz7flilovcjxkttcx', 'jerseyNumber': 11, 'lastName': 'Jones', 'position': 'WR', 'positionGroup': 'WR', 'shortName': 'M.Jones', 'smartId': '32004a4f-4e60-1697-4762-9c6d786d2931', 'status': 'RES', 'suffix': 'Jr.', 'ngsPosition': 'WR', 'ngsPositionGroup': 'WR'}",Marvin Jones,WR,1540,2018,marvin jones
7.396222222222222,2.5702715252914947,13.465698924731182,2.874055455725719,2.346825396825397,-0.2234461284660978,67.74193548387096,23.322395131072195,7,63,93,866,"{'season': 2019, 'currentTeamId': '0200', 'displayName': 'Calvin Ridley', 'esbId': 'RID652384', 'firstName': 'Calvin', 'footballName': 'Calvin', 'gsisId': '00-0034837', 'gsisItId': 46095, 'headshot': 'https://static.www.nfl.com/image/private/{formatInstructions}/league/r8hye4mvynz7fxbfooxw', 'jerseyNumber': 18, 'lastName': 'Ridley', 'position': 'WR', 'positionGroup': 'WR', 'shortName': 'C.Ridley', 'smartId': '32005249-4465-2384-7253-3a4b46622aa9', 'status': 'RES', 'ngsPosition': 'WR', 'ngsPositionGroup': 'WR'}",Calvin Ridley,WR,200,2019,calvin ridley
7.317022900763359,5.616025150540928,8.09928057553957,3.407958005883114,6.718333333333333,1.102308182792405,64.74820143884892,23.691326718505035,2,90,139,1134,"{'season': 2019, 'currentTeamId': '2510', 'displayName': 'Robert Woods', 'esbId': 'WOO561144', 'firstName': 'Robert', 'footballName': 'Robert', 'gsisId': '00-0030431', 'gsisItId': 39989, 'headshot': 'https://static.www.nfl.com/image/private/{formatInstructions}/league/vwtoba3zfsmti9s9wwau', 'jerseyNumber': 17, 'lastName': 'Woods', 'ngsPosition': 'WR', 'ngsPositionGroup': 'WR', 'position': 'WR', 'positionGroup': 'WR', 'shortName': 'R.Woods', 'smartId': '3200574f-4f56-1144-59b1-dbf0c9bdb37a', 'status': 'ACT', 'uniformNumber': '17'}",Robert Woods,WR,2510,2019,robert woods
7.209402985074626,3.3273468756573026,12.263333333333334,2.7124062336742987,4.902325581395349,1.5749787057380464,62.31884057971014,22.3244414074764,2,43,69,601,"{'season': 2019, 'currentTeamId': '2100', 'displayName': 'Corey Davis', 'esbId': 'DAV247957', 'firstName': 'Corey', 'footballName': 'Corey', 'gsisId': '00-0033871', 'gsisItId': 44817, 'headshot': 'https://static.www.nfl.com/image/private/{formatInstructions}/league/bvc0v713yjjeq5pvlep4', 'jerseyNumber': 84, 'lastName': 'Davis', 'ngsPosition': 'WR', 'ngsPositionGroup': 'WR', 'position': 'WR', 'positionGroup': 'WR', 'shortName': 'C.Davis', 'smartId': '32004441-5624-7957-ef31-0e38b3301e4b', 'status': 'ACT', 'uniformNumber': '84'}",Corey Davis,WR,2100,2019,corey davis
6.957142857142858,1.854187386597756,16.139285714285712,2.761898275965144,1.5300000000000002,-0.3241873865977553,53.57142857142857,24.795134249822368,2,30,56,421,"{'season': 2019, 'currentTeamId': '3300', 'displayName': 'Ted Ginn', 'esbId': 'GIN403290', 'firstName': 'Ted', 'footballName': 'Ted', 'gsisId': '00-0025396', 'gsisItId': 32202, 'headshot': 'https://static.www.nfl.com/image/private/{formatInstructions}/league/myuaipuopeaowqpksxnn', 'jerseyNumber': 19, 'lastName': 'Ginn', 'ngsPosition': 'WR', 'ngsPositionGroup': 'WR', 'position': 'WR', 'positionGroup': 'WR', 'shortName': 'T.Ginn', 'smartId': '32004749-4e40-3290-b291-829cfef68d62', 'status': 'ACT', 'suffix': 'Jr.', 'uniformNumber': '19'}",Ted Ginn,WR,3300,2019,ted ginn
6.890192307692308,4.34934337107711,5.171129032258063,3.4642170505473224,4.309302325581396,-0.0400410454957134,69.35483870967742,6.022564187336101,1,43,62,351,"{'season': 2019, 'currentTeamId': '2700', 'displayName': 'Albert Wilson', 'esbId': 'WIL648299', 'firstName': 'Albert', 'footballName': 'Albert', 'gsisId': '00-0030669', 'gsisItId': 41506, 'headshot': 'https://static.www.nfl.com/image/private/{formatInstructions}/league/dhrm3a5rcwxygwwsrmfo', 'jerseyNumber': 15, 'lastName': 'Wilson', 'ngsPosition': 'SLOT_WR', 'ngsPositionGroup': 'WR', 'position': 'WR', 'positionGroup': 'WR', 'shortName': 'A.Wilson', 'smartId': '32005749-4c64-8299-6db3-f70542658125', 'status': 'ACT', 'suffix': 'Jr.', 'uniformNumber': '15'}",Albert Wilson,WR,2700,2019,albert wilson
6.765909090909091,4.331822161148443,5.7986440677966105,3.4767921727744424,4.391951219512197,0.0601290583637537,69.49152542372882,7.300553537819396,3,41,59,349,"{'season': 2019, 'currentTeamId': '4600', 'displayName': 'Jacob Hollister', 'esbId': 'HOL292467', 'firstName': 'Jacob', 'footballName': 'Jacob', 'gsisId': '00-0033387', 'gsisItId': 45281, 'headshot': 'https://static.www.nfl.com/image/private/{formatInstructions}/league/ekswzksp2camcm4yrznj', 'jerseyNumber': 48, 'lastName': 'Hollister', 'ngsPosition': 'TE', 'ngsPositionGroup': 'TE', 'position': 'TE', 'positionGroup': 'TE', 'shortName': 'J.Hollister', 'smartId': '3200484f-4c29-2467-de51-661befd08df1', 'status': 'ACT', 'uniformNumber': '48'}",Jacob Hollister,TE,4600,2019,jacob hollister
6.732452830188679,4.447409206083343,7.3494642857142845,3.158416889400001,5.033823529411764,0.5864143233284214,60.71428571428571,11.602966922367784,4,34,56,310,"{'season': 2019, 'currentTeamId': '5110', 'displayName': 'Steven Sims', 'esbId': 'SIM809106', 'firstName': 'Steven', 'footballName': 'Steven', 'gsisId': '00-0034928', 'gsisItId': 48051, 'headshot': 'https://static.www.nfl.com/image/private/{formatInstructions}/league/swrcnypswgiyxaaidmwl', 'jerseyNumber': 15, 'lastName': 'Sims', 'ngsPosition': 'SLOT_WR', 'ngsPositionGroup': 'WR', 'position': 'WR', 'positionGroup': 'WR', 'shortName': 'S.Sims', 'smartId': '32005349-4d80-9106-3126-855ed37450b4', 'status': 'ACT', 'uniformNumber': '15'}",Steven Sims,WR,5110,2019,steven sims
6.635321100917431,4.6432541603333,10.353305785123966,2.812145577422178,7.075348837209304,2.4320946768760034,71.07438016528926,19.621125503155984,9,86,121,1333,"{'season': 2019, 'currentTeamId': '4900', 'displayName': 'Chris Godwin', 'esbId': 'GOD549393', 'firstName': 'Rod', 'footballName': 'Chris', 'gsisId': '00-0033921', 'gsisItId': 44896, 'headshot': 'https://static.www.nfl.com/image/private/{formatInstructions}/league/gv8mcd9ndaqdud3yeooe', 'jerseyNumber': 12, 'lastName': 'Godwin', 'position': 'WR', 'positionGroup': 'WR', 'shortName': 'C.Godwin', 'smartId': '3200474f-4454-9393-6eec-24189dd66641', 'status': 'INA', 'uniformNumber': '12', 'ngsPosition': 'SLOT_WR', 'ngsPositionGroup': 'WR'}",Chris Godwin,WR,4900,2019,chris godwin
6.579333333333334,3.995860084013541,8.800128205128205,2.7140402865516813,5.609534883720931,1.6136747997073897,55.12820512820513,14.406455945934605,0,43,78,529,"{'season': 2019, 'currentTeamId': '0920', 'displayName': 'Alex Erickson', 'esbId': 'ERI090697', 'firstName': 'Alex', 'footballName': 'Alex', 'gsisId': '00-0032543', 'gsisItId': 43663, 'headshot': 'https://static.www.nfl.com/image/private/{formatInstructions}/league/ynfigtd9x55vsxotphsg', 'jerseyNumber': 12, 'lastName': 'Erickson', 'ngsPosition': 'WR', 'ngsPositionGroup': 'WR', 'position': 'WR', 'positionGroup': 'WR', 'shortName': 'A.Erickson', 'smartId': '32004552-4909-0697-7ef2-dee5ba714d1b', 'status': 'ACT', 'uniformNumber': '12'}",Alex Erickson,WR,920,2019,alex erickson
6.552051282051282,3.066263802734825,7.102553191489362,2.5924802946709318,2.5376923076923075,-0.5285714950425171,55.319148936170215,9.411041664904667,1,26,47,198,"{'season': 2019, 'currentTeamId': '5110', 'displayName': 'Trey Quinn', 'esbId': 'QUI729117', 'firstName': 'Trey', 'footballName': 'Trey', 'gsisId': '00-0034339', 'gsisItId': 46325, 'headshot': 'https://static.www.nfl.com/image/private/{formatInstructions}/league/rhxxl93zbfmkourt1nf9', 'jerseyNumber': 18, 'lastName': 'Quinn', 'position': 'WR', 'positionGroup': 'WR', 'shortName': 'T.Quinn', 'smartId': '32005155-4972-9117-2267-ebb16141b054', 'status': 'RES', 'ngsPosition': 'SLOT_WR', 'ngsPositionGroup': 'WR'}",Trey Quinn,WR,5110,2019,trey quinn
6.532195121951218,2.392068560800512,10.606666666666666,2.507047908598182,2.030000000000001,-0.3620685608005107,68.88888888888889,13.558272449408582,3,31,45,294,"{'season': 2019, 'currentTeamId': '3000', 'displayName': 'Bisi Johnson', 'esbId': 'JOH000023', 'firstName': 'Olabisi', 'footballName': 'Olabisi', 'gsisId': '00-0035006', 'gsisItId': 48030, 'headshot': 'https://static.www.nfl.com/image/private/{formatInstructions}/league/hbzkzporasmgee2kpfyk', 'jerseyNumber': 81, 'lastName': 'Johnson', 'ngsPosition': 'WR', 'ngsPositionGroup': 'WR', 'position': 'WR', 'positionGroup': 'WR', 'shortName': 'O.Johnson', 'smartId': '32004a4f-4800-0023-5262-0061a9786a43', 'status': 'ACT', 'uniformNumber': '81'}",Bisi Johnson,WR,3000,2019,bisi johnson
6.527471264367816,2.263014035487562,13.152197802197806,2.0854807722890603,2.183709677419355,-0.0793043580682066,68.13186813186813,22.17123824378823,9,62,91,779,"{'season': 2019, 'currentTeamId': '1540', 'displayName': 'Marvin Jones', 'esbId': 'JON601697', 'firstName': 'Marvin', 'footballName': 'Marvin', 'gsisId': '00-0029293', 'gsisItId': 38696, 'headshot': 'https://static.www.nfl.com/image/private/{formatInstructions}/league/mc0dz7flilovcjxkttcx', 'jerseyNumber': 11, 'lastName': 'Jones', 'position': 'WR', 'positionGroup': 'WR', 'shortName': 'M.Jones Jr.', 'smartId': '32004a4f-4e60-1697-4762-9c6d786d2931', 'status': 'RES', 'suffix': 'Jr.', 'ngsPosition': 'WR', 'ngsPositionGroup': 'WR'}",Marvin Jones,WR,1540,2019,marvin jones
6.512982456140351,3.8479516858391887,11.910084745762711,2.77838487650492,4.417534246575342,0.5695825607361535,61.86440677966102,32.701816599536016,8,73,118,1008,"{'season': 2019, 'currentTeamId': '2250', 'displayName': 'D.J. Chark', 'esbId': 'CHA553392', 'firstName': 'Darrell', 'footballName': 'D.J.', 'gsisId': '00-0034777', 'gsisItId': 46130, 'headshot': 'https://static.www.nfl.com/image/private/{formatInstructions}/league/b4ycypxhn4x8dibjneao', 'jerseyNumber': 17, 'lastName': 'Chark', 'ngsPosition': 'WR', 'ngsPositionGroup': 'WR', 'position': 'WR', 'positionGroup': 'WR', 'shortName': 'D.Chark Jr.', 'smartId': '32004348-4155-3392-9ee6-7f21c24c95c9', 'status': 'ACT', 'uniformNumber': '17'}",D.J. Chark,WR,2250,2019,dj chark
6.472499999999998,3.9965569164400856,10.593793103448276,3.0198926571336,3.3582142857142867,-0.6383426307257989,48.27586206896552,12.330229571359766,0,28,58,296,"{'season': 2019, 'currentTeamId': '0750', 'displayName': 'Jarius Wright', 'esbId': 'WRI391959', 'firstName': 'Jarius', 'footballName': 'Jarius', 'gsisId': '00-0029572', 'gsisItId': 38648, 'headshot': 'https://static.www.nfl.com/image/private/{formatInstructions}/league/f4xgfra44cd6qjy6havp', 'jerseyNumber': 13, 'lastName': 'Wright', 'ngsPosition': 'SLOT_WR', 'ngsPositionGroup': 'WR', 'position': 'WR', 'positionGroup': 'WR', 'shortName': 'J.Wright', 'smartId': '32005752-4939-1959-ac18-30681b0a1cd5', 'status': 'ACT', 'uniformNumber': '13'}",Jarius Wright,WR,750,2019,jarius wright
6.452903225806451,4.750971742881813,6.582676056338028,3.456287092681197,6.774897959183673,2.0239262163018603,69.01408450704226,14.38521865458485,4,49,71,605,"{'season': 2019, 'currentTeamId': '2520', 'displayName': 'Hunter Renfrow', 'esbId': 'REN358499', 'firstName': 'Hunter', 'footballName': 'Hunter', 'gsisId': '00-0034983', 'gsisItId': 47932, 'headshot': 'https://static.www.nfl.com/image/private/{formatInstructions}/league/deywklpnyhcdnbi0tyzw', 'jerseyNumber': 13, 'lastName': 'Renfrow', 'ngsPosition': 'SLOT_WR', 'ngsPositionGroup': 'WR', 'position': 'WR', 'positionGroup': 'WR', 'shortName': 'H.Renfrow', 'smartId': '32005245-4e35-8499-ff02-b25484b87290', 'status': 'ACT', 'uniformNumber': '13'}",Hunter Renfrow,WR,2520,2019,hunter renfrow
6.4464,4.2743608965798,13.766153846153848,2.889291723033642,4.119142857142857,-0.1552180394369431,67.3076923076923,14.814661514868677,3,35,52,477,"{'season': 2019, 'currentTeamId': '1800', 'displayName': 'Allen Lazard', 'esbId': 'LAZ043714', 'firstName': 'Allen', 'footballName': 'Allen', 'gsisId': '00-0034521', 'gsisItId': 46705, 'headshot': 'https://static.www.nfl.com/image/private/{formatInstructions}/league/fzrgvzkdrlwgludqfsqk', 'jerseyNumber': 13, 'lastName': 'Lazard', 'ngsPosition': 'WR', 'ngsPositionGroup': 'WR', 'position': 'WR', 'positionGroup': 'WR', 'shortName': 'A.Lazard', 'smartId': '32004c41-5a04-3714-cfb7-872b20b0ce13', 'status': 'ACT', 'uniformNumber': '13'}",Allen Lazard,WR,1800,2019,allen lazard
6.443968253968255,4.769195805695394,10.876619718309858,2.955510969260665,5.377608695652174,0.6084128899567798,64.7887323943662,21.06969117394281,7,46,71,584,"{'season': 2019, 'currentTeamId': '0325', 'displayName': 'Marquise Brown', 'esbId': 'BRO413218', 'firstName': 'Marquise', 'footballName': 'Marquise', 'gsisId': '00-0035662', 'gsisItId': 47808, 'headshot': 'https://static.www.nfl.com/image/private/{formatInstructions}/league/zsfjardpwq8fw0jr2cnf', 'jerseyNumber': 15, 'lastName': 'Brown', 'ngsPosition': 'WR', 'ngsPositionGroup': 'WR', 'position': 'WR', 'positionGroup': 'WR', 'shortName': 'M.Brown', 'smartId': '32004252-4f41-3218-bf76-54f4042e0396', 'status': 'ACT', 'uniformNumber': '15'}",Marquise Brown,WR,325,2019,marquise brown
6.408666666666666,3.635019644613714,12.706875000000002,3.0456361070263114,4.179333333333333,0.5443136887196185,62.5,17.32578486291175,6,30,48,418,"{'season': 2019, 'currentTeamId': '3000', 'displayName': 'Adam Thielen', 'esbId': 'THI510348', 'firstName': 'Adam', 'footballName': 'Adam', 'gsisId': '00-0030035', 'gsisItId': 40488, 'headshot': 'https://static.www.nfl.com/image/private/{formatInstructions}/league/stmxpojttikyk6i8hgi0', 'jerseyNumber': 19, 'lastName': 'Thielen', 'ngsPosition': 'WR', 'ngsPositionGroup': 'WR', 'position': 'WR', 'positionGroup': 'WR', 'shortName': 'A.Thielen', 'smartId': '32005448-4951-0348-440c-28f32f21652b', 'status': 'ACT', 'uniformNumber': '19'}",Adam Thielen,WR,3000,2019,adam thielen
6.402999999999999,2.819583466937077,11.357727272727274,2.420682406867723,3.4483333333333337,0.6287498663962565,68.18181818181817,14.088652452278051,0,30,44,365,"{'season': 2019, 'currentTeamId': '5110', 'displayName': 'Kelvin Harmon', 'esbId': 'HAR206185', 'firstName': 'Kelvin', 'footballName': 'Kelvin', 'gsisId': '00-0035297', 'gsisItId': 47989, 'headshot': 'https://static.www.nfl.com/image/private/{formatInstructions}/league/s1iwostr3oruo2aoqchl', 'jerseyNumber': 13, 'lastName': 'Harmon', 'ngsPosition': 'WR', 'ngsPositionGroup': 'WR', 'position': 'WR', 'positionGroup': 'WR', 'shortName': 'K.Harmon', 'smartId': '32004841-5220-6185-a2b0-6140674f568a', 'status': 'ACT', 'uniformNumber': '13'}",Kelvin Harmon,WR,5110,2019,kelvin harmon
6.3118181818181816,4.003780815018818,11.000425531914896,3.028028628127338,3.4603124999999992,-0.5434683150188184,68.08510638297872,9.712068045714458,2,32,47,416,"{'season': 2019, 'currentTeamId': '2700', 'displayName': 'Allen Hurns', 'esbId': 'HUR436342', 'firstName': 'Allen', 'footballName': 'Allen', 'gsisId': '00-0030821', 'gsisItId': 41659, 'headshot': 'https://static.www.nfl.com/image/private/{formatInstructions}/league/ht8yxzhw0gb3pfqbmzdp', 'jerseyNumber': 17, 'lastName': 'Hurns', 'position': 'WR', 'positionGroup': 'WR', 'shortName': 'A.Hurns', 'smartId': '32004855-5243-6342-a061-156e2eb1ca31', 'status': 'INA', 'suffix': 'III', 'uniformNumber': '17', 'ngsPosition': 'WR', 'ngsPositionGroup': 'WR'}",Allen Hurns,WR,2700,2019,allen hurns
6.29658536585366,4.7288950870455455,7.221492537313433,3.387731480764349,5.957446808510638,1.2285517214650925,70.1492537313433,20.363850629741474,10,94,134,1161,"{'season': 2019, 'currentTeamId': '2510', 'displayName': 'Cooper Kupp', 'esbId': 'KUP534597', 'firstName': 'Cooper', 'footballName': 'Cooper', 'gsisId': '00-0033908', 'gsisItId': 44881, 'headshot': 'https://static.www.nfl.com/image/private/{formatInstructions}/league/kfmofyneoponii4twxdq', 'jerseyNumber': 18, 'lastName': 'Kupp', 'ngsPosition': 'SLOT_WR', 'ngsPositionGroup': 'WR', 'position': 'WR', 'positionGroup': 'WR', 'shortName': 'C.Kupp', 'smartId': '32004b55-5053-4597-b958-87408c31956f', 'status': 'ACT', 'uniformNumber': '18'}",Cooper Kupp,WR,2510,2019,cooper kupp
6.281392405063292,3.852767362801493,8.8619587628866,2.952040809931464,3.641935483870967,-0.2108318789305259,63.91752577319587,15.923982208917408,1,62,97,678,"{'season': 2019, 'currentTeamId': '1540', 'displayName': 'Danny Amendola', 'esbId': 'AME359918', 'firstName': 'Daniel', 'footballName': 'Danny', 'gsisId': '00-0026035', 'gsisItId': 33566, 'headshot': 'https://static.www.nfl.com/image/private/{formatInstructions}/league/lsowpkotvrwu0pfgchne', 'jerseyNumber': 80, 'lastName': 'Amendola', 'ngsPosition': 'SLOT_WR', 'ngsPositionGroup': 'WR', 'position': 'WR', 'positionGroup': 'WR', 'shortName': 'D.Amendola', 'smartId': '3200414d-4535-9918-e336-c0dd118d7e30', 'status': 'ACT', 'uniformNumber': '80'}",Danny Amendola,WR,1540,2019,danny amendola
6.265555555555554,4.674543333056885,12.818818181818182,3.2361316140388188,3.987926829268293,-0.6866165037885916,74.54545454545455,30.08970983009761,8,82,110,1057,"{'season': 2019, 'currentTeamId': '4600', 'displayName': 'Tyler Lockett', 'esbId': 'LOC420915', 'firstName': 'Tyler', 'footballName': 'Tyler', 'gsisId': '00-0032211', 'gsisItId': 42412, 'headshot': 'https://static.www.nfl.com/image/private/{formatInstructions}/league/kwcxus7rlqurps3gbbwu', 'jerseyNumber': 16, 'lastName': 'Lockett', 'ngsPosition': 'SLOT_WR', 'ngsPositionGroup': 'WR', 'position': 'WR', 'positionGroup': 'WR', 'shortName': 'T.Lockett', 'smartId': '32004c4f-4342-0915-1af7-ec50f437887c', 'status': 'ACT', 'uniformNumber': '16'}",Tyler Lockett,WR,4600,2019,tyler lockett
6.264230769230769,4.502923094289785,10.681272727272727,2.6633827707407347,3.734,-0.7689230942897844,72.72727272727273,12.930013690007172,4,40,55,561,"{'season': 2019, 'currentTeamId': '2120', 'displayName': 'Kenny Stills', 'esbId': 'STI417540', 'firstName': 'Kenneth', 'footballName': 'Kenny', 'gsisId': '00-0030085', 'gsisItId': 40092, 'headshot': 'https://static.www.nfl.com/image/private/{formatInstructions}/league/ets69ksudoveicvp50ob', 'jerseyNumber': 12, 'lastName': 'Stills', 'ngsPosition': 'WR', 'ngsPositionGroup': 'WR', 'position': 'WR', 'positionGroup': 'WR', 'shortName': 'K.Stills', 'smartId': '32005354-4941-7540-2f57-a0adf1ab483e', 'status': 'ACT', 'suffix': 'Jr.', 'uniformNumber': '12'}",Kenny Stills,WR,2120,2019,kenny stills
6.262857142857142,5.252298300035031,11.25186046511628,2.6739339568413523,6.886666666666667,1.6343683666316355,48.837209302325576,10.181714874946072,1,21,43,326,"{'season': 2019, 'currentTeamId': '2510', 'displayName': 'Josh Reynolds', 'esbId': 'REY398905', 'firstName': 'Joshua Dedmon-Reynolds', 'footballName': 'Josh', 'gsisId': '00-0033943', 'gsisItId': 44930, 'headshot': 'https://static.www.nfl.com/image/private/{formatInstructions}/league/yzpzvlpz5n7dmxue0geq', 'jerseyNumber': 83, 'lastName': 'Reynolds', 'ngsPosition': 'WR', 'ngsPositionGroup': 'WR', 'position': 'WR', 'positionGroup': 'WR', 'shortName': 'J.Reynolds', 'smartId': '32005245-5939-8905-3a79-3286353be377', 'status': 'ACT', 'uniformNumber': '83'}",Josh Reynolds,WR,2510,2019,josh reynolds
6.224383561643836,4.8771496302874535,9.529638554216866,3.032001076205204,6.223636363636363,1.3464867333489092,66.26506024096386,14.476504232441089,3,55,83,828,"{'season': 2019, 'currentTeamId': '1200', 'displayName': 'Randall Cobb', 'esbId': 'COB365535', 'firstName': 'Randall', 'footballName': 'Randall', 'gsisId': '00-0028002', 'gsisItId': 37139, 'headshot': 'https://static.www.nfl.com/image/private/{formatInstructions}/league/mqz6skxxvjzs9pithxab', 'jerseyNumber': 18, 'lastName': 'Cobb', 'ngsPosition': 'SLOT_WR', 'ngsPositionGroup': 'WR', 'position': 'WR', 'positionGroup': 'WR', 'shortName': 'R.Cobb', 'smartId': '3200434f-4236-5535-cf6f-4337b5dff0b3', 'status': 'ACT', 'suffix': 'II', 'uniformNumber': '18'}",Randall Cobb,WR,1200,2019,randall cobb
6.208965517241379,5.130657193238585,5.886744186046513,3.5920037032795924,5.249354838709676,0.1186976454710908,72.09302325581395,6.906364506966935,2,31,43,321,"{'season': 2019, 'currentTeamId': '0325', 'displayName': 'Nick Boyle', 'esbId': 'BOY688993', 'firstName': 'Nicholas', 'footballName': 'Nick', 'gsisId': '00-0031598', 'gsisItId': 42514, 'headshot': 'https://static.www.nfl.com/image/private/{formatInstructions}/league/rcs5hq9tbccj7lrwiqq2', 'jerseyNumber': 86, 'lastName': 'Boyle', 'ngsPosition': 'TE', 'ngsPositionGroup': 'TE', 'position': 'TE', 'positionGroup': 'TE', 'shortName': 'N.Boyle', 'smartId': '3200424f-5968-8993-3182-029e039889e7', 'status': 'ACT', 'uniformNumber': '86'}",Nick Boyle,TE,325,2019,nick boyle
6.206666666666667,4.791238366453641,6.970693069306931,3.1961597241781687,4.883030303030303,0.0917919365766621,65.34653465346535,16.382204910193852,3,66,101,660,"{'season': 2019, 'currentTeamId': '2250', 'displayName': 'Dede Westbrook', 'esbId': 'WES551470', 'firstName': 'Decrick', 'footballName': 'Dede', 'gsisId': '00-0033839', 'gsisItId': 44923, 'headshot': 'https://static.www.nfl.com/image/private/{formatInstructions}/league/ka3wmdkh42mcj3lgbjoe', 'jerseyNumber': 12, 'lastName': 'Westbrook', 'ngsPosition': 'SLOT_WR', 'ngsPositionGroup': 'WR', 'position': 'WR', 'positionGroup': 'WR', 'shortName': 'D.Westbrook', 'smartId': '32005745-5355-1470-8067-83ca40023853', 'status': 'ACT', 'uniformNumber': '12'}",Dede Westbrook,WR,2250,2019,dede westbrook
6.1692307692307695,3.547011425562431,15.596375,2.5320394958538133,4.838863636363636,1.2918522108012054,55.00000000000001,33.03240734612401,3,44,80,735,"{'season': 2019, 'currentTeamId': '3900', 'displayName': 'James Washington', 'esbId': 'WAS398381', 'firstName': 'James', 'footballName': 'James', 'gsisId': '00-0034676', 'gsisItId': 46129, 'headshot': 'https://static.www.nfl.com/image/private/{formatInstructions}/league/yptzwstif3onpqoobsau', 'jerseyNumber': 13, 'lastName': 'Washington', 'ngsPosition': 'WR', 'ngsPositionGroup': 'WR', 'position': 'WR', 'positionGroup': 'WR', 'shortName': 'J.Washington', 'smartId': '32005741-5339-8381-df30-c40eef116ddf', 'status': 'ACT', 'uniformNumber': '13'}",James Washington,WR,3900,2019,james washington
6.161666666666666,3.6399517105036887,13.839583333333332,3.111044563861014,4.089285714285714,0.4493340037820257,58.333333333333336,20.969286292995506,2,42,72,583,"{'season': 2019, 'currentTeamId': '2510', 'displayName': 'Brandin Cooks', 'esbId': 'COO299382', 'firstName': 'Brandin', 'footballName': 'Brandin', 'gsisId': '00-0031236', 'gsisItId': 41246, 'headshot': 'https://static.www.nfl.com/image/private/{formatInstructions}/league/eds7l8wtfctqodval2jl', 'jerseyNumber': 12, 'lastName': 'Cooks', 'ngsPosition': 'WR', 'ngsPositionGroup': 'WR', 'position': 'WR', 'positionGroup': 'WR', 'shortName': 'B.Cooks', 'smartId': '3200434f-4f29-9382-29e1-70020b0a09be', 'status': 'ACT', 'uniformNumber': '12'}",Brandin Cooks,WR,2510,2019,brandin cooks
6.151442307692308,4.468533393117079,7.485412844036698,2.975833333333373,5.050933333333332,0.582399940216253,68.80733944954129,21.61511317395728,4,75,109,804,"{'season': 2019, 'currentTeamId': '3800', 'displayName': 'Larry Fitzgerald', 'esbId': 'FIT437493', 'firstName': 'Larry', 'footballName': 'Larry', 'gsisId': '00-0022921', 'gsisItId': 28955, 'headshot': 'https://static.www.nfl.com/image/private/{formatInstructions}/league/qljpf6rufzvn9zplcrgb', 'jerseyNumber': 11, 'lastName': 'Fitzgerald', 'ngsPosition': 'SLOT_WR', 'ngsPositionGroup': 'WR', 'position': 'WR', 'positionGroup': 'WR', 'shortName': 'L.Fitzgerald', 'smartId': '32004649-5443-7493-c0df-1747b7d5c143', 'status': 'ACT', 'suffix': 'Jr.', 'uniformNumber': '11'}",Larry Fitzgerald,WR,3800,2019,larry fitzgerald
6.1040860215053785,4.786824608803656,7.620283018867925,3.1747728456998154,5.320746268656715,0.5339216598530596,63.20754716981132,17.923870979194774,6,67,106,778,"{'season': 2019, 'currentTeamId': '0610', 'displayName': 'Cole Beasley', 'esbId': 'BEA434808', 'firstName': 'Cole', 'footballName': 'Cole', 'gsisId': '00-0029000', 'gsisItId': 38947, 'headshot': 'https://static.www.nfl.com/image/private/{formatInstructions}/league/f8ps0df05hmcu1tzrbub', 'jerseyNumber': 10, 'lastName': 'Beasley', 'ngsPosition': 'SLOT_WR', 'ngsPositionGroup': 'WR', 'position': 'WR', 'positionGroup': 'WR', 'shortName': 'C.Beasley', 'smartId': '32004245-4143-4808-b9d8-45a5d1a5ad73', 'status': 'ACT', 'uniformNumber': '10'}",Cole Beasley,WR,610,2019,cole beasley
6.091304347826085,4.637080291265409,8.977282608695653,3.621548229435279,5.062881355932204,0.4258010646667944,64.13043478260869,21.865494026045543,5,59,92,680,"{'season': 2019, 'currentTeamId': '3900', 'displayName': 'Diontae Johnson', 'esbId': 'JOH000017', 'firstName': 'Diontae', 'footballName': 'Diontae', 'gsisId': '00-0035216', 'gsisItId': 47849, 'headshot': 'https://static.www.nfl.com/image/private/{formatInstructions}/league/sfjwmwa8p8hcnll6zy8p', 'jerseyNumber': 18, 'lastName': 'Johnson', 'ngsPosition': 'WR', 'ngsPositionGroup': 'WR', 'position': 'WR', 'positionGroup': 'WR', 'shortName': 'D.Johnson', 'smartId': '32004a4f-4800-0017-a19a-a554dee114ed', 'status': 'ACT', 'uniformNumber': '18'}",Diontae Johnson,WR,3900,2019,diontae johnson
6.085373134328359,3.940120009400776,10.197058823529412,3.009626716111791,4.8020000000000005,0.8618799905992245,66.17647058823529,17.612932068033572,5,45,68,501,"{'season': 2019, 'currentTeamId': '2200', 'displayName': 'T.Y. Hilton', 'esbId': 'HIL775449', 'firstName': 'Eugene', 'footballName': 'T.Y.', 'gsisId': '00-0029608', 'gsisItId': 38622, 'headshot': 'https://static.www.nfl.com/image/private/{formatInstructions}/league/kbickbqrcbj2gos5ourc', 'jerseyNumber': 13, 'lastName': 'Hilton', 'ngsPosition': 'WR', 'ngsPositionGroup': 'WR', 'position': 'WR', 'positionGroup': 'WR', 'shortName': 'T.Hilton', 'smartId': '32004849-4c77-5449-32f3-1710cf2948b2', 'status': 'ACT', 'uniformNumber': '13'}",T.Y. Hilton,WR,2200,2019,ty hilton
6.062615384615384,4.289393484703824,10.839690721649484,2.9820311548193823,4.895396825396825,0.6060033406930012,64.94845360824742,28.68761885533277,10,63,97,854,"{'season': 2019, 'currentTeamId': '0325', 'displayName': 'Mark Andrews', 'esbId': 'AND701433', 'firstName': 'Mark', 'footballName': 'Mark', 'gsisId': '00-0034753', 'gsisItId': 46155, 'headshot': 'https://static.www.nfl.com/image/private/{formatInstructions}/league/rx3nyhawhvj9lddniknj', 'jerseyNumber': 89, 'lastName': 'Andrews', 'ngsPosition': 'SLOT_WR', 'ngsPositionGroup': 'TE', 'position': 'TE', 'positionGroup': 'TE', 'shortName': 'M.Andrews', 'smartId': '3200414e-4470-1433-75dd-307507e53173', 'status': 'ACT', 'uniformNumber': '89'}",Mark Andrews,TE,325,2019,mark andrews
6.047029702970297,3.886787995586453,7.933852459016393,3.0286939843767,4.718076923076923,0.83128892749047,63.934426229508205,24.1320678040474,6,78,122,833,"{'season': 2019, 'currentTeamId': '3430', 'displayName': 'Jamison Crowder', 'esbId': 'CRO697273', 'firstName': 'Jamison', 'footballName': 'Jamison', 'gsisId': '00-0031941', 'gsisItId': 42448, 'headshot': 'https://static.www.nfl.com/image/private/{formatInstructions}/league/vvkr9dehtvp58emtgn4y', 'jerseyNumber': 82, 'lastName': 'Crowder', 'ngsPosition': 'SLOT_WR', 'ngsPositionGroup': 'WR', 'position': 'WR', 'positionGroup': 'WR', 'shortName': 'J.Crowder', 'smartId': '32004352-4f69-7273-6662-7a928881f033', 'status': 'ACT', 'uniformNumber': '82'}",Jamison Crowder,WR,3430,2019,jamison crowder
6.046354166666666,4.522327243451505,9.48101851851852,3.455413137471614,4.406029411764706,-0.1162978316867988,62.96296296296296,27.126515344184472,3,68,108,709,"{'season': 2019, 'currentTeamId': '3800', 'displayName': 'Christian Kirk', 'esbId': 'KIR257918', 'firstName': 'Christian', 'footballName': 'Christian', 'gsisId': '00-0034775', 'gsisItId': 46116, 'headshot': 'https://static.www.nfl.com/image/private/{formatInstructions}/league/xhicurlusjfytzmkrfo9', 'jerseyNumber': 13, 'lastName': 'Kirk', 'ngsPosition': 'WR', 'ngsPositionGroup': 'WR', 'position': 'WR', 'positionGroup': 'WR', 'shortName': 'C.Kirk', 'smartId': '32004b49-5225-7918-e402-81feed3bdafb', 'status': 'ACT', 'uniformNumber': '13'}",Christian Kirk,WR,3800,2019,christian kirk
5.981384615384615,5.778851135621632,6.472921348314606,3.681872099215854,6.088840579710145,0.3099894440885133,77.52808988764045,12.12323361988236,3,69,89,734,"{'season': 2019, 'currentTeamId': '2510', 'displayName': 'Tyler Higbee', 'esbId': 'HIG033222', 'firstName': 'Tyler', 'footballName': 'Tyler', 'gsisId': '00-0033110', 'gsisItId': 43399, 'headshot': 'https://static.www.nfl.com/image/private/{formatInstructions}/league/mfftaplxjqowrzdss1gp', 'jerseyNumber': 89, 'lastName': 'Higbee', 'ngsPosition': 'TE', 'ngsPositionGroup': 'TE', 'position': 'TE', 'positionGroup': 'TE', 'shortName': 'T.Higbee', 'smartId': '32004849-4703-3222-e4e8-bd596550bfdb', 'status': 'ACT', 'uniformNumber': '89'}",Tyler Higbee,TE,2510,2019,tyler higbee
5.960425531914894,3.2099165302442487,11.549583333333333,3.1487192281906142,2.910344827586207,-0.2995717026580418,60.41666666666666,12.477942235666957,4,29,48,353,"{'season': 2019, 'currentTeamId': '0810', 'displayName': 'Taylor Gabriel', 'esbId': 'GAB627060', 'firstName': 'Taylor', 'footballName': 'Taylor', 'gsisId': '00-0031228', 'gsisItId': 42016, 'headshot': 'https://static.www.nfl.com/image/private/{formatInstructions}/league/nc4aoax8j5mnnrjewu7p', 'jerseyNumber': 18, 'lastName': 'Gabriel', 'position': 'WR', 'positionGroup': 'WR', 'shortName': 'T.Gabriel', 'smartId': '32004741-4262-7060-f2df-7bd304949774', 'status': 'INA', 'uniformNumber': '18', 'ngsPosition': 'WR', 'ngsPositionGroup': 'WR'}",Taylor Gabriel,WR,810,2019,taylor gabriel
5.945365853658537,3.300368074227788,8.679772727272727,2.9051440143153524,4.133000000000001,0.8326319257722128,68.18181818181817,12.543024172359424,5,30,44,358,"{'season': 2019, 'currentTeamId': '4500', 'displayName': 'Kendrick Bourne', 'esbId': 'BOU434790', 'firstName': 'Kendrick', 'footballName': 'Kendrick', 'gsisId': '00-0033307', 'gsisItId': 45185, 'headshot': 'https://static.www.nfl.com/image/private/{formatInstructions}/league/ds0gb18xysmfji01ma58', 'jerseyNumber': 84, 'lastName': 'Bourne', 'ngsPosition': 'WR', 'ngsPositionGroup': 'WR', 'position': 'WR', 'positionGroup': 'WR', 'shortName': 'K.Bourne', 'smartId': '3200424f-5543-4790-acfc-7b92d77f3c8b', 'status': 'ACT', 'uniformNumber': '84'}",Kendrick Bourne,WR,4500,2019,kendrick bourne
5.939374999999999,4.892278818612394,16.081739130434784,2.621448715572315,4.228055555555557,-0.6642232630568374,52.17391304347826,17.37967328143844,6,36,69,645,"{'season': 2019, 'currentTeamId': '4900', 'displayName': 'Breshad Perriman', 'esbId': 'PER440170', 'firstName': 'Breshad', 'footballName': 'Breshad', 'gsisId': '00-0032054', 'gsisItId': 42369, 'headshot': 'https://static.www.nfl.com/image/private/{formatInstructions}/league/bne5jiks934q5elln42g', 'jerseyNumber': 19, 'lastName': 'Perriman', 'ngsPosition': 'WR', 'ngsPositionGroup': 'WR', 'position': 'WR', 'positionGroup': 'WR', 'shortName': 'B.Perriman', 'smartId': '32005045-5244-0170-6920-f60eb457c1fb', 'status': 'ACT', 'uniformNumber': '19'}",Breshad Perriman,WR,4900,2019,breshad perriman
5.895076923076922,3.7111500006731104,10.79913043478261,3.4033849537965333,3.917692307692308,0.2065423070191978,56.52173913043478,15.281662988818798,3,39,69,363,"{'season': 2019, 'currentTeamId': '3700', 'displayName': 'Nelson Agholor', 'esbId': 'AGH474619', 'firstName': 'Nelson', 'footballName': 'Nelson', 'gsisId': '00-0031549', 'gsisItId': 42363, 'headshot': 'https://static.www.nfl.com/image/private/{formatInstructions}/league/rlo21k18vop9s50knzyb', 'jerseyNumber': 13, 'lastName': 'Agholor', 'position': 'WR', 'positionGroup': 'WR', 'shortName': 'N.Agholor', 'smartId': '32004147-4847-4619-b8a1-bb6c688fe5ac', 'status': 'INA', 'uniformNumber': '13', 'ngsPosition': 'SLOT_WR', 'ngsPositionGroup': 'WR'}",Nelson Agholor,WR,3700,2019,nelson agholor
5.879203539823008,3.175665207495067,8.681555555555557,2.7199245568718675,3.2309090909090914,0.0552438834140245,65.18518518518519,24.036103067243094,6,88,135,916,"{'season': 2019, 'currentTeamId': '3700', 'displayName': 'Zach Ertz', 'esbId': 'ERT800920', 'firstName': 'Zachary', 'footballName': 'Zach', 'gsisId': '00-0030061', 'gsisItId': 39983, 'headshot': 'https://static.www.nfl.com/image/private/{formatInstructions}/league/irowplnl44sextckrrxb', 'jerseyNumber': 86, 'lastName': 'Ertz', 'ngsPosition': 'TE', 'ngsPositionGroup': 'TE', 'position': 'TE', 'positionGroup': 'TE', 'shortName': 'Z.Ertz', 'smartId': '32004552-5480-0920-32a6-165b5a77814e', 'status': 'ACT', 'uniformNumber': '86'}",Zach Ertz,TE,3700,2019,zach ertz
5.871754385964913,4.354599525461766,5.998676470588235,3.069753623893296,5.955227272727272,1.6006277472655055,64.70588235294117,8.360284804289279,3,44,68,467,"{'season': 2019, 'currentTeamId': '3410', 'displayName': 'Evan Engram', 'esbId': 'ENG726325', 'firstName': 'Evan', 'footballName': 'Evan', 'gsisId': '00-0033881', 'gsisItId': 44835, 'headshot': 'https://static.www.nfl.com/image/private/{formatInstructions}/league/nyhnfypbeatlkr7wveja', 'jerseyNumber': 88, 'lastName': 'Engram', 'position': 'TE', 'positionGroup': 'TE', 'shortName': 'E.Engram', 'smartId': '3200454e-4772-6325-a4a0-9b4b442fe68a', 'status': 'RES', 'ngsPosition': 'TE', 'ngsPositionGroup': 'TE'}",Evan Engram,TE,3410,2019,evan engram
5.869318181818182,3.101579366544691,11.19822222222222,3.04590044900358,2.85925925925926,-0.242320107285431,60.0,11.181921465596815,0,27,45,216,"{'season': 2019, 'currentTeamId': '2520', 'displayName': 'Zay Jones', 'esbId': 'JON403726', 'firstName': 'Isaiah', 'footballName': 'Zay', 'gsisId': '00-0033891', 'gsisItId': 44849, 'headshot': 'https://static.www.nfl.com/image/private/{formatInstructions}/league/nkixqtvictwfcuew1goo', 'jerseyNumber': 12, 'lastName': 'Jones', 'ngsPosition': 'WR', 'ngsPositionGroup': 'WR', 'position': 'WR', 'positionGroup': 'WR', 'shortName': 'Z.Jones', 'smartId': '32004a4f-4e40-3726-920b-837ea00d253e', 'status': 'ACT', 'uniformNumber': '12'}",Zay Jones,WR,2520,2019,zay jones
5.869250000000001,4.183096277586152,12.578876404494384,3.2090238021939355,4.874655172413793,0.691558894827641,65.1685393258427,23.858916298151208,7,58,89,860,"{'season': 2019, 'currentTeamId': '2310', 'displayName': 'Tyreek Hill', 'esbId': 'HIL628694', 'firstName': 'Tyreek', 'footballName': 'Tyreek', 'gsisId': '00-0033040', 'gsisItId': 43454, 'headshot': 'https://static.www.nfl.com/image/private/{formatInstructions}/league/daheq1ssy3lui6kxtudq', 'jerseyNumber': 10, 'lastName': 'Hill', 'ngsPosition': 'WR', 'ngsPositionGroup': 'WR', 'position': 'WR', 'positionGroup': 'WR', 'shortName': 'T.Hill', 'smartId': '32004849-4c62-8694-8490-45499711dee4', 'status': 'ACT', 'uniformNumber': '10'}",Tyreek Hill,WR,2310,2019,tyreek hill
5.856774193548386,4.620417708482472,4.842500000000001,3.65818254431772,8.377999999999998,3.757582291517527,79.54545454545455,5.621410272984147,3,35,44,439,"{'season': 2019, 'currentTeamId': '2100', 'displayName': 'Jonnu Smith', 'esbId': 'SMI443054', 'firstName': 'Jonnu', 'footballName': 'Jonnu', 'gsisId': '00-0033858', 'gsisItId': 44912, 'headshot': 'https://static.www.nfl.com/image/private/{formatInstructions}/league/tbtde5cbjhhi9vsfvoz6', 'jerseyNumber': 81, 'lastName': 'Smith', 'ngsPosition': 'TE', 'ngsPositionGroup': 'TE', 'position': 'TE', 'positionGroup': 'TE', 'shortName': 'J.Smith', 'smartId': '3200534d-4944-3054-540c-5ec35eb5903e', 'status': 'ACT', 'uniformNumber': '81'}",Jonnu Smith,TE,2100,2019,jonnu smith
5.843478260869565,3.4048680519492787,7.062297297297297,3.1899105333388564,3.50061224489796,0.0957441929486813,66.21621621621621,9.732827270763345,1,49,74,446,"{'season': 2019, 'currentTeamId': '0200', 'displayName': 'Russell Gage', 'esbId': 'GAG130654', 'firstName': 'Russell', 'footballName': 'Russell', 'gsisId': '00-0034411', 'gsisItId': 46263, 'headshot': 'https://static.www.nfl.com/image/private/{formatInstructions}/league/rb1fovzilcbbmdqx8ad0', 'jerseyNumber': 83, 'lastName': 'Gage', 'ngsPosition': 'SLOT_WR', 'ngsPositionGroup': 'WR', 'position': 'WR', 'positionGroup': 'WR', 'shortName': 'R.Gage', 'smartId': '32004741-4713-0654-eda3-03cdf234354d', 'status': 'ACT', 'uniformNumber': '83'}",Russell Gage,WR,200,2019,russell gage
5.8376,5.553497312958923,7.955593220338983,2.322400104786847,6.371250000000001,0.8177526870410778,54.23728813559322,8.695104488339654,2,32,59,367,"{'season': 2019, 'currentTeamId': '1540', 'displayName': 'T.J. Hockenson', 'esbId': 'HOC422041', 'firstName': 'T.J.', 'footballName': 'T.J.', 'gsisId': '00-0035229', 'gsisItId': 47791, 'headshot': 'https://static.www.nfl.com/image/private/{formatInstructions}/league/zodb4z1lbkw6hkxpvpgq', 'jerseyNumber': 88, 'lastName': 'Hockenson', 'position': 'TE', 'positionGroup': 'TE', 'shortName': 'T.Hockenson', 'smartId': '3200484f-4342-2041-c442-6c874885b155', 'status': 'RES', 'ngsPosition': 'TE', 'ngsPositionGroup': 'TE'}",T.J. Hockenson,TE,1540,2019,tj hockenson
5.832280701754387,4.493103598267984,9.905172413793103,2.479616909950358,5.134722222222222,0.6416186239542379,62.06896551724138,14.323218573063375,1,36,58,433,"{'season': 2019, 'currentTeamId': '3430', 'displayName': 'Demaryius Thomas', 'esbId': 'THO095855', 'firstName': 'Demaryius', 'footballName': 'Demaryius', 'gsisId': '00-0027874', 'gsisItId': 35461, 'headshot': 'https://static.www.nfl.com/image/private/{formatInstructions}/league/p1yjsqtqimjd6iazu3h9', 'jerseyNumber': 18, 'lastName': 'Thomas', 'position': 'WR', 'positionGroup': 'WR', 'shortName': 'D.Thomas', 'smartId': '32005448-4f09-5855-cc31-142ac25a7d75', 'status': 'INA', 'uniformNumber': '18', 'ngsPosition': 'WR', 'ngsPositionGroup': 'WR'}",Demaryius Thomas,WR,3430,2019,demaryius thomas
5.820198019801981,2.960100642713224,14.513619047619049,2.565260402440958,2.925,-0.0351006427132243,51.42857142857142,30.581353347246736,6,54,105,627,"{'season': 2019, 'currentTeamId': '0750', 'displayName': 'Curtis Samuel', 'esbId': 'SAM633285', 'firstName': 'Curtis', 'footballName': 'Curtis', 'gsisId': '00-0033282', 'gsisItId': 44852, 'headshot': 'https://static.www.nfl.com/image/private/{formatInstructions}/league/i86hox9nhzunhykpexpg', 'jerseyNumber': 10, 'lastName': 'Samuel', 'ngsPosition': 'WR', 'ngsPositionGroup': 'WR', 'position': 'WR', 'positionGroup': 'WR', 'shortName': 'C.Samuel', 'smartId': '32005341-4d63-3285-ce5d-61e91947654e', 'status': 'ACT', 'uniformNumber': '10'}",Curtis Samuel,WR,750,2019,curtis samuel
5.800125,2.9094827658462075,11.713375000000005,2.270224913395863,3.9675,1.0580172341537928,50.0,19.667338286529837,1,40,80,575,"{'season': 2019, 'currentTeamId': '0920', 'displayName': 'Auden Tate', 'esbId': 'TAT130154', 'firstName': 'Auden', 'footballName': 'Auden', 'gsisId': '00-0034686', 'gsisItId': 46322, 'headshot': 'https://static.www.nfl.com/image/private/{formatInstructions}/league/nvz4pe1zjboldjf5kial', 'jerseyNumber': 19, 'lastName': 'Tate', 'position': 'WR', 'positionGroup': 'WR', 'shortName': 'A.Tate', 'smartId': '32005441-5413-0154-6d9d-5c163b90a894', 'status': 'RES', 'ngsPosition': 'WR', 'ngsPositionGroup': 'WR'}",Auden Tate,WR,920,2019,auden tate
5.787575757575757,3.968177355237327,10.368314606741576,2.6193131430905785,3.918431372549018,-0.0497459826883091,57.30337078651685,17.334149841832787,5,51,89,570,"{'season': 2019, 'currentTeamId': '2700', 'displayName': 'Mike Gesicki', 'esbId': 'GES490798', 'firstName': 'Michael', 'footballName': 'Mike', 'gsisId': '00-0034829', 'gsisItId': 46111, 'headshot': 'https://static.www.nfl.com/image/private/{formatInstructions}/league/faruxkrb5psvgxbzab4j', 'jerseyNumber': 88, 'lastName': 'Gesicki', 'ngsPosition': 'TE', 'ngsPositionGroup': 'TE', 'position': 'TE', 'positionGroup': 'TE', 'shortName': 'M.Gesicki', 'smartId': '32004745-5349-0798-d83d-d46852aa6fbb', 'status': 'ACT', 'uniformNumber': '88'}",Mike Gesicki,TE,2700,2019,mike gesicki
5.786727272727274,5.557815788591535,14.93875,2.9426150298612086,7.445714285714286,1.8878984971227508,50.0,17.558032153800955,3,28,56,506,"{'season': 2019, 'currentTeamId': '0920', 'displayName': 'John Ross', 'esbId': 'ROS616450', 'firstName': 'John', 'footballName': 'John', 'gsisId': '00-0033460', 'gsisItId': 44821, 'headshot': 'https://static.www.nfl.com/image/private/{formatInstructions}/league/lpfapcl7jtzho3ziwtcq', 'jerseyNumber': 11, 'lastName': 'Ross', 'ngsPosition': 'WR', 'ngsPositionGroup': 'WR', 'position': 'WR', 'positionGroup': 'WR', 'shortName': 'J.Ross III', 'smartId': '3200524f-5361-6450-1052-04968bded2fc', 'status': 'ACT', 'uniformNumber': '11'}",John Ross,WR,920,2019,john ross
5.778484848484848,5.17053564083761,7.193454545454543,3.3879507137396168,7.066944444444444,1.8964088036068345,65.45454545454545,8.70790102697063,2,36,55,418,"{'season': 2019, 'currentTeamId': '2120', 'displayName': 'Jordan Akins', 'esbId': 'AKI501776', 'firstName': 'Jordan', 'footballName': 'Jordan', 'gsisId': '00-0034364', 'gsisItId': 46167, 'headshot': 'https://static.www.nfl.com/image/private/{formatInstructions}/league/eddkhw9lpz2lslot4aoj', 'jerseyNumber': 88, 'lastName': 'Akins', 'position': 'TE', 'positionGroup': 'TE', 'shortName': 'J.Akins', 'smartId': '3200414b-4950-1776-ed8f-713681e78d61', 'status': 'INA', 'uniformNumber': '88', 'ngsPosition': 'TE', 'ngsPositionGroup': 'TE'}",Jordan Akins,TE,2120,2019,jordan akins
5.771447368421053,7.0904785418004455,7.828888888888889,3.1797196177612954,8.518245614035088,1.4277670722346425,70.37037037037037,20.826983709931675,3,57,81,802,"{'season': 2019, 'currentTeamId': '4500', 'displayName': 'Deebo Samuel', 'esbId': 'SAM636097', 'firstName': 'Tyshun', 'footballName': 'Deebo', 'gsisId': '00-0035719', 'gsisItId': 47819, 'headshot': 'https://static.www.nfl.com/image/private/{formatInstructions}/league/lo27cc8jxyof165cquiw', 'jerseyNumber': 19, 'lastName': 'Samuel', 'ngsPosition': 'WR', 'ngsPositionGroup': 'WR', 'position': 'WR', 'positionGroup': 'WR', 'shortName': 'D.Samuel', 'smartId': '32005341-4d63-6097-eab1-34810e00be67', 'status': 'ACT', 'uniformNumber': '19'}",Deebo Samuel,WR,4500,2019,deebo samuel
5.7684444444444445,4.381942614801959,9.376346153846155,3.197176865359997,5.438064516129032,1.0561219013270726,59.61538461538461,12.384680254414668,3,31,52,375,"{'season': 2019, 'currentTeamId': '2200', 'displayName': 'Eric Ebron', 'esbId': 'EBR474619', 'firstName': 'Eric', 'footballName': 'Eric', 'gsisId': '00-0031387', 'gsisItId': 41236, 'headshot': 'https://static.www.nfl.com/image/private/{formatInstructions}/league/gxxogysbupsery4gckld', 'jerseyNumber': 85, 'lastName': 'Ebron', 'position': 'TE', 'positionGroup': 'TE', 'shortName': 'E.Ebron', 'smartId': '32004542-5247-4619-e13a-2be177a1a622', 'status': 'RES', 'suffix': 'Jr.', 'ngsPosition': 'SLOT_WR', 'ngsPositionGroup': 'TE'}",Eric Ebron,TE,2200,2019,eric ebron
5.742658227848102,3.3700570918075514,9.525764705882352,2.1694953348211907,6.09857142857143,2.7285143367638782,57.647058823529406,16.594932713551977,6,49,85,670,"{'season': 2019, 'currentTeamId': '3410', 'displayName': 'Golden Tate', 'esbId': 'TAT245022', 'firstName': 'Golden', 'footballName': 'Golden', 'gsisId': '00-0027891', 'gsisItId': 35499, 'headshot': 'https://static.www.nfl.com/image/private/{formatInstructions}/league/ou4hq9jwx5iqbvp1u62j', 'jerseyNumber': 15, 'lastName': 'Tate', 'ngsPosition': 'SLOT_WR', 'ngsPositionGroup': 'WR', 'position': 'WR', 'positionGroup': 'WR', 'shortName': 'G.Tate', 'smartId': '32005441-5424-5022-18f3-b9b5433de8e5', 'status': 'ACT', 'suffix': 'III', 'uniformNumber': '15'}",Golden Tate,WR,3410,2019,golden tate
5.736888888888889,3.878387517609293,9.71391304347826,3.163584990585864,4.9153125,1.036924982390707,69.56521739130434,11.8376992200746,1,32,46,359,"{'season': 2019, 'currentTeamId': '3800', 'displayName': 'Damiere Byrd', 'esbId': 'BYR127180', 'firstName': 'Damiere', 'footballName': 'Damiere', 'gsisId': '00-0031868', 'gsisItId': 42899, 'headshot': 'https://static.www.nfl.com/image/private/{formatInstructions}/league/sjanlnrsiibsloqhusfr', 'jerseyNumber': 14, 'lastName': 'Byrd', 'ngsPosition': 'WR', 'ngsPositionGroup': 'WR', 'position': 'WR', 'positionGroup': 'WR', 'shortName': 'D.Byrd', 'smartId': '32004259-5212-7180-f659-822413a5f5b7', 'status': 'ACT', 'uniformNumber': '14'}",Damiere Byrd,WR,3800,2019,damiere byrd
5.731805555555557,5.309552979763969,11.546666666666669,2.8249325736716018,5.864634146341463,0.5550811665774944,56.94444444444444,21.117229887626756,5,41,72,607,"{'season': 2019, 'currentTeamId': '2200', 'displayName': 'Zach Pascal', 'esbId': 'PAS035497', 'firstName': 'Zachary', 'footballName': 'Zach', 'gsisId': '00-0033251', 'gsisItId': 45102, 'headshot': 'https://static.www.nfl.com/image/private/{formatInstructions}/league/ygh7tavdzx0h2ys4srxz', 'jerseyNumber': 14, 'lastName': 'Pascal', 'ngsPosition': 'WR', 'ngsPositionGroup': 'WR', 'position': 'WR', 'positionGroup': 'WR', 'shortName': 'Z.Pascal', 'smartId': '32005041-5303-5497-62e8-1fb281a506b7', 'status': 'ACT', 'uniformNumber': '14'}",Zach Pascal,WR,2200,2019,zach pascal
5.717236842105263,4.548126993892458,10.33858823529412,3.118524860947137,4.438461538461538,-0.1096654554309202,61.1764705882353,19.779512388360708,2,52,85,656,"{'season': 2019, 'currentTeamId': '0810', 'displayName': 'Anthony Miller', 'esbId': 'MIL140090', 'firstName': 'Anthony', 'footballName': 'Anthony', 'gsisId': '00-0034353', 'gsisItId': 46120, 'headshot': 'https://static.www.nfl.com/image/private/{formatInstructions}/league/bd1p24ouboy5l6aqelbc', 'jerseyNumber': 17, 'lastName': 'Miller', 'ngsPosition': 'SLOT_WR', 'ngsPositionGroup': 'WR', 'position': 'WR', 'positionGroup': 'WR', 'shortName': 'A.Miller', 'smartId': '32004d49-4c14-0090-2d8a-386614adf145', 'status': 'ACT', 'uniformNumber': '17'}",Anthony Miller,WR,810,2019,anthony miller
5.7105,3.1776196778778134,9.937951807228917,3.129946214695416,3.318947368421053,0.1413276905432394,68.67469879518072,16.905643207614457,3,57,83,576,"{'season': 2019, 'currentTeamId': '3410', 'displayName': 'Sterling Shepard', 'esbId': 'SHE495754', 'firstName': 'Sterling', 'footballName': 'Sterling', 'gsisId': '00-0032385', 'gsisItId': 43329, 'headshot': 'https://static.www.nfl.com/image/private/{formatInstructions}/league/clyfhd10ta2iqitjn62q', 'jerseyNumber': 87, 'lastName': 'Shepard', 'ngsPosition': 'WR', 'ngsPositionGroup': 'WR', 'position': 'WR', 'positionGroup': 'WR', 'shortName': 'S.Shepard', 'smartId': '32005348-4549-5754-5697-2a8312edc489', 'status': 'ACT', 'uniformNumber': '87'}",Sterling Shepard,WR,3410,2019,sterling shepard
5.695535714285716,3.895221711009095,16.625535714285714,2.550962271732672,5.893076923076924,1.9978552120678292,46.42857142857143,19.268124595144425,2,26,56,452,"{'season': 2019, 'currentTeamId': '1800', 'displayName': 'Marquez Valdes-Scantling', 'esbId': 'VAL142116', 'firstName': 'Marquez', 'footballName': 'Marquez', 'gsisId': '00-0034272', 'gsisItId': 46243, 'headshot': 'https://static.www.nfl.com/image/private/{formatInstructions}/league/kiu5rjfc7aaxaa86t0px', 'jerseyNumber': 83, 'lastName': 'Valdes-Scantling', 'ngsPosition': 'WR', 'ngsPositionGroup': 'WR', 'position': 'WR', 'positionGroup': 'WR', 'shortName': 'M.Valdes-Scantling', 'smartId': '32005641-4c14-2116-e6d9-84cbe2bdacf5', 'status': 'ACT', 'uniformNumber': '83'}",Marquez Valdes-Scantling,WR,1800,2019,marquez valdes-scantling
5.695411764705883,4.160746928611204,6.815979381443298,3.538407924875193,4.548133333333333,0.3873864047221289,77.31958762886599,12.312926943734682,6,75,97,787,"{'season': 2019, 'currentTeamId': '0200', 'displayName': 'Austin Hooper', 'esbId': 'HOO570770', 'firstName': 'Austin', 'footballName': 'Austin', 'gsisId': '00-0032392', 'gsisItId': 43370, 'headshot': 'https://static.www.nfl.com/image/private/{formatInstructions}/league/lxmdogfbmblqzdzoprhx', 'jerseyNumber': 81, 'lastName': 'Hooper', 'ngsPosition': 'TE', 'ngsPositionGroup': 'TE', 'position': 'TE', 'positionGroup': 'TE', 'shortName': 'A.Hooper', 'smartId': '3200484f-4f57-0770-bd7c-1cf59d6025ab', 'status': 'ACT', 'uniformNumber': '81'}",Austin Hooper,TE,200,2019,austin hooper
5.68394366197183,3.866232032109537,9.175882352941176,2.835081643026798,3.549700000000001,-0.3165320321095355,65.359477124183,31.78366703795267,6,100,153,1117,"{'season': 2019, 'currentTeamId': '3200', 'displayName': 'Julian Edelman', 'esbId': 'EDE425791', 'firstName': 'Julian', 'footballName': 'Julian', 'gsisId': '00-0027150', 'gsisItId': 34683, 'headshot': 'https://static.www.nfl.com/image/private/{formatInstructions}/league/u0hbuo2bsvtlg7lnxm43', 'jerseyNumber': 11, 'lastName': 'Edelman', 'ngsPosition': 'SLOT_WR', 'ngsPositionGroup': 'WR', 'position': 'WR', 'positionGroup': 'WR', 'shortName': 'J.Edelman', 'smartId': '32004544-4542-5791-52f0-bc67f5a8aae9', 'status': 'ACT', 'uniformNumber': '11'}",Julian Edelman,WR,3200,2019,julian edelman
5.678473282442748,3.8772126590948233,9.802681159420292,2.587291262937547,5.538072289156627,1.660859630061804,60.14492753623188,29.608091190040533,6,83,138,1174,"{'season': 2019, 'currentTeamId': '1050', 'displayName': 'Jarvis Landry', 'esbId': 'LAN163029', 'firstName': 'Jarvis', 'footballName': 'Jarvis', 'gsisId': '00-0031382', 'gsisItId': 41292, 'headshot': 'https://static.www.nfl.com/image/private/{formatInstructions}/league/q69hmki4eshmfhyh6xzv', 'jerseyNumber': 80, 'lastName': 'Landry', 'ngsPosition': 'SLOT_WR', 'ngsPositionGroup': 'WR', 'position': 'WR', 'positionGroup': 'WR', 'shortName': 'J.Landry', 'smartId': '32004c41-4e16-3029-78da-4985470f8aab', 'status': 'ACT', 'uniformNumber': '80'}",Jarvis Landry,WR,1050,2019,jarvis landry
5.675098039215686,3.510348879408397,8.126363636363637,3.264178570710089,3.658823529411765,0.1484746500033678,61.81818181818181,9.249850475065037,2,34,55,287,"{'season': 2019, 'currentTeamId': '1800', 'displayName': 'Geronimo Allison', 'esbId': 'ALL713965', 'firstName': 'Geronimo', 'footballName': 'Geronimo', 'gsisId': '00-0032626', 'gsisItId': 43746, 'headshot': 'https://static.www.nfl.com/image/private/{formatInstructions}/league/e69fw9fgf6fngwjnfxhn', 'jerseyNumber': 81, 'lastName': 'Allison', 'ngsPosition': 'SLOT_WR', 'ngsPositionGroup': 'WR', 'position': 'WR', 'positionGroup': 'WR', 'shortName': 'G.Allison', 'smartId': '3200414c-4c71-3965-6283-5b398ba32110', 'status': 'ACT', 'uniformNumber': '81'}",Geronimo Allison,WR,1800,2019,geronimo allison
5.671481481481481,2.831400395936316,6.527710843373495,3.270660897315341,2.812222222222223,-0.019178173714093,75.90361445783132,9.916266300617709,4,63,83,529,"{'season': 2019, 'currentTeamId': '1200', 'displayName': 'Jason Witten', 'esbId': 'WIT559021', 'firstName': 'Christopher', 'footballName': 'Jason', 'gsisId': '00-0022127', 'gsisItId': 28103, 'headshot': 'https://static.www.nfl.com/image/private/{formatInstructions}/league/sgdcd0b8qhxmcssehvs1', 'jerseyNumber': 82, 'lastName': 'Witten', 'ngsPosition': 'TE', 'ngsPositionGroup': 'TE', 'position': 'TE', 'positionGroup': 'TE', 'shortName': 'J.Witten', 'smartId': '32005749-5455-9021-9f23-668d83c1b782', 'status': 'ACT', 'uniformNumber': '82'}",Jason Witten,TE,1200,2019,jason witten
5.64625,4.62129925260596,7.08625,3.3619483398826464,5.167179487179488,0.5458802345735281,81.25,9.662080014543967,6,39,48,367,"{'season': 2019, 'currentTeamId': '3000', 'displayName': 'Kyle Rudolph', 'esbId': 'RUD559717', 'firstName': 'Kyle', 'footballName': 'Kyle', 'gsisId': '00-0027981', 'gsisItId': 37118, 'headshot': 'https://static.www.nfl.com/image/private/{formatInstructions}/league/mghugoiw9q76t8dwqhz1', 'jerseyNumber': 82, 'lastName': 'Rudolph', 'ngsPosition': 'TE', 'ngsPositionGroup': 'TE', 'position': 'TE', 'positionGroup': 'TE', 'shortName': 'K.Rudolph', 'smartId': '32005255-4455-9717-7e48-fda7c76802aa', 'status': 'ACT', 'uniformNumber': '82'}",Kyle Rudolph,TE,3000,2019,kyle rudolph
5.644428571428572,5.1896691988279775,5.807325581395348,3.0433343028388897,6.227241379310344,1.0375721804823668,67.44186046511628,10.24253287503794,5,58,86,607,"{'season': 2019, 'currentTeamId': '3700', 'displayName': 'Dallas Goedert', 'esbId': 'GOE595520', 'firstName': 'Dallas', 'footballName': 'Dallas', 'gsisId': '00-0034351', 'gsisItId': 46118, 'headshot': 'https://static.www.nfl.com/image/private/{formatInstructions}/league/bekz0emretqdor3engkr', 'jerseyNumber': 88, 'lastName': 'Goedert', 'ngsPosition': 'TE', 'ngsPositionGroup': 'TE', 'position': 'TE', 'positionGroup': 'TE', 'shortName': 'D.Goedert', 'smartId': '3200474f-4559-5520-b7af-5e002aedafbb', 'status': 'ACT', 'uniformNumber': '88'}",Dallas Goedert,TE,3700,2019,dallas goedert
5.639669421487602,4.292667897564057,10.001811023622048,3.195246002143917,4.973012048192771,0.6803441506287147,65.35433070866141,26.288035728698645,5,83,127,997,"{'season': 2019, 'currentTeamId': '1800', 'displayName': 'Davante Adams', 'esbId': 'ADA218591', 'firstName': 'Davante', 'footballName': 'Davante', 'gsisId': '00-0031381', 'gsisItId': 41282, 'headshot': 'https://static.www.nfl.com/image/private/{formatInstructions}/league/ajawfxrv5pr1eehdguw0', 'jerseyNumber': 17, 'lastName': 'Adams', 'ngsPosition': 'WR', 'ngsPositionGroup': 'WR', 'position': 'WR', 'positionGroup': 'WR', 'shortName': 'D.Adams', 'smartId': '32004144-4121-8591-4d26-4c0ac739af41', 'status': 'ACT', 'uniformNumber': '17'}",Davante Adams,WR,1800,2019,davante adams
5.615,6.237965057776442,9.219666666666669,3.893748260661803,6.818684210526317,0.5807191527498743,63.33333333333333,11.448332667628318,3,38,60,447,"{'season': 2019, 'currentTeamId': '1800', 'displayName': 'Jimmy Graham', 'esbId': 'GRA207087', 'firstName': 'Jimmy', 'footballName': 'Jimmy', 'gsisId': '00-0027696', 'gsisItId': 35534, 'headshot': 'https://static.www.nfl.com/image/private/{formatInstructions}/league/k9ab1aej2g0xs0q83nio', 'jerseyNumber': 80, 'lastName': 'Graham', 'ngsPosition': 'SLOT_WR', 'ngsPositionGroup': 'TE', 'position': 'TE', 'positionGroup': 'TE', 'shortName': 'J.Graham', 'smartId': '32004752-4120-7087-8983-64184106d580', 'status': 'ACT', 'uniformNumber': '80'}",Jimmy Graham,TE,1800,2019,jimmy graham
5.57353982300885,3.832156521131957,12.604690265486726,2.2184359038056005,5.36590909090909,1.5337525697771333,58.4070796460177,26.068725692061317,6,66,113,1107,"{'season': 2019, 'currentTeamId': '1200', 'displayName': 'Michael Gallup', 'esbId': 'GAL779981', 'firstName': 'Michael', 'footballName': 'Michael', 'gsisId': '00-0034764', 'gsisItId': 46150, 'headshot': 'https://static.www.nfl.com/image/private/{formatInstructions}/league/ncxer9zjw2czcahas1ey', 'jerseyNumber': 13, 'lastName': 'Gallup', 'ngsPosition': 'WR', 'ngsPositionGroup': 'WR', 'position': 'WR', 'positionGroup': 'WR', 'shortName': 'M.Gallup', 'smartId': '32004741-4c77-9981-95e1-30b1c57c6002', 'status': 'ACT', 'uniformNumber': '13'}",Michael Gallup,WR,1200,2019,michael gallup
5.557046979865772,2.8359915691727795,12.285859872611466,2.1638664762468784,3.6737373737373744,0.8377458045645949,63.05732484076433,35.92249644291153,6,99,157,1394,"{'season': 2019, 'currentTeamId': '0200', 'displayName': 'Julio Jones', 'esbId': 'JON640315', 'firstName': 'Quintorris', 'footballName': 'Julio', 'gsisId': '00-0027944', 'gsisItId': 37079, 'headshot': 'https://static.www.nfl.com/image/private/{formatInstructions}/league/qs9ucm0ucvjjkbumufh8', 'jerseyNumber': 11, 'lastName': 'Jones', 'ngsPosition': 'WR', 'ngsPositionGroup': 'WR', 'position': 'WR', 'positionGroup': 'WR', 'shortName': 'J.Jones', 'smartId': '32004a4f-4e64-0315-6848-b53a911b9cd3', 'status': 'ACT', 'uniformNumber': '11'}",Julio Jones,WR,200,2019,julio jones
5.538142857142857,4.659799977701361,14.035070422535211,2.971224080090201,4.849591836734694,0.1897918590333329,69.01408450704226,21.932403938848363,3,49,71,670,"{'season': 2019, 'currentTeamId': '2120', 'displayName': 'Will Fuller', 'esbId': 'FUL503598', 'firstName': 'William', 'footballName': 'Will', 'gsisId': '00-0033127', 'gsisItId': 43310, 'headshot': 'https://static.www.nfl.com/image/private/{formatInstructions}/league/y0y6lyylu0iq0fmqb2i0', 'jerseyNumber': 15, 'lastName': 'Fuller', 'ngsPosition': 'WR', 'ngsPositionGroup': 'WR', 'position': 'WR', 'positionGroup': 'WR', 'shortName': 'W.Fuller', 'smartId': '32004655-4c50-3598-6762-28495ce40669', 'status': 'ACT', 'suffix': 'V', 'uniformNumber': '15'}",Will Fuller,WR,2120,2019,will fuller
5.5253658536585375,2.604988075046668,8.539782608695653,3.009347813534393,4.741612903225808,2.13662482817914,67.3913043478261,10.717920314746657,5,31,46,339,"{'season': 2019, 'currentTeamId': '0325', 'displayName': 'Willie Snead', 'esbId': 'SNE115447', 'firstName': 'Willie', 'footballName': 'Willie', 'gsisId': '00-0030663', 'gsisItId': 41500, 'headshot': 'https://static.www.nfl.com/image/private/{formatInstructions}/league/xg1dlgeps42vv2gx8qkt', 'jerseyNumber': 83, 'lastName': 'Snead', 'ngsPosition': 'SLOT_WR', 'ngsPositionGroup': 'WR', 'position': 'WR', 'positionGroup': 'WR', 'shortName': 'W.Snead IV', 'smartId': '3200534e-4511-5447-652c-c9261bcca6a7', 'status': 'ACT', 'suffix': 'IV', 'uniformNumber': '83'}",Willie Snead,WR,325,2019,willie snead
5.51484375,3.7518335642252794,13.25729323308271,2.5831583981690205,4.5940540540540535,0.8422204898287751,55.639097744360896,38.59161464853838,4,74,133,1035,"{'season': 2019, 'currentTeamId': '1050', 'displayName': 'Odell Beckham', 'esbId': 'BEC573252', 'firstName': 'Odell', 'footballName': 'Odell', 'gsisId': '00-0031235', 'gsisItId': 41238, 'headshot': 'https://static.www.nfl.com/image/private/{formatInstructions}/league/yzjnhcodduxtsqobvmpe', 'jerseyNumber': 13, 'lastName': 'Beckham', 'ngsPosition': 'WR', 'ngsPositionGroup': 'WR', 'position': 'WR', 'positionGroup': 'WR', 'shortName': 'O.Beckham Jr.', 'smartId': '32004245-4357-3252-264b-1da3e93d2745', 'status': 'ACT', 'suffix': 'Jr.', 'uniformNumber': '13'}",Odell Beckham,WR,1050,2019,odell beckham
5.5123255813953485,3.8417086708387287,7.198723404255318,2.9134374292434773,3.466486486486488,-0.375222184352241,78.72340425531915,8.926399548324287,2,37,47,374,"{'season': 2019, 'currentTeamId': '2100', 'displayName': 'Adam Humphries', 'esbId': 'HUM721507', 'firstName': 'Adam', 'footballName': 'Adam', 'gsisId': '00-0032009', 'gsisItId': 43010, 'headshot': 'https://static.www.nfl.com/image/private/{formatInstructions}/league/k0vkjiqxo1qntcqye1p3', 'jerseyNumber': 10, 'lastName': 'Humphries', 'ngsPosition': 'SLOT_WR', 'ngsPositionGroup': 'WR', 'position': 'WR', 'positionGroup': 'WR', 'shortName': 'A.Humphries', 'smartId': '32004855-4d72-1507-4b02-e4f7666b5805', 'status': 'ACT', 'uniformNumber': '10'}",Adam Humphries,WR,2100,2019,adam humphries
5.490350877192983,3.397810685437284,10.22842105263158,2.585142808065765,3.3083636363636364,-0.0894470490736476,72.36842105263158,15.776847796526232,5,55,76,652,"{'season': 2019, 'currentTeamId': '4400', 'displayName': 'Hunter Henry', 'esbId': 'HEN617052', 'firstName': 'Hunter', 'footballName': 'Hunter', 'gsisId': '00-0033090', 'gsisItId': 43324, 'headshot': 'https://static.www.nfl.com/image/private/{formatInstructions}/league/qtvftqcocs3z3pdghtrm', 'jerseyNumber': 86, 'lastName': 'Henry', 'ngsPosition': 'TE', 'ngsPositionGroup': 'TE', 'position': 'TE', 'positionGroup': 'TE', 'shortName': 'H.Henry', 'smartId': '32004845-4e61-7052-805d-daad1175a3b2', 'status': 'ACT', 'uniformNumber': '86'}",Hunter Henry,TE,4400,2019,hunter henry
5.486999999999999,6.218431623223093,7.843181818181816,2.716180840428184,8.4905,2.2720683767769074,60.60606060606061,15.182711682460914,3,40,66,562,"{'season': 2019, 'currentTeamId': '1400', 'displayName': 'Noah Fant', 'esbId': 'FAN405165', 'firstName': 'Noah', 'footballName': 'Noah', 'gsisId': '00-0035644', 'gsisItId': 47824, 'headshot': 'https://static.www.nfl.com/image/private/{formatInstructions}/league/fe7fi7oi3jxthvf7siyf', 'jerseyNumber': 87, 'lastName': 'Fant', 'ngsPosition': 'TE', 'ngsPositionGroup': 'TE', 'position': 'TE', 'positionGroup': 'TE', 'shortName': 'N.Fant', 'smartId': '32004641-4e40-5165-5070-db7e36dbc0d7', 'status': 'ACT', 'uniformNumber': '87'}",Noah Fant,TE,1400,2019,noah fant
5.473178294573643,3.770422163740732,9.160878378378378,2.642543885694602,4.157888888888888,0.387466725148156,60.810810810810814,28.45590395835957,5,90,148,1046,"{'season': 2019, 'currentTeamId': '0920', 'displayName': 'Tyler Boyd', 'esbId': 'BOY378353', 'firstName': 'Tyler', 'footballName': 'Tyler', 'gsisId': '00-0033009', 'gsisItId': 43344, 'headshot': 'https://static.www.nfl.com/image/private/{formatInstructions}/league/qr6agqmp7waq9oqmogjb', 'jerseyNumber': 83, 'lastName': 'Boyd', 'ngsPosition': 'SLOT_WR', 'ngsPositionGroup': 'WR', 'position': 'WR', 'positionGroup': 'WR', 'shortName': 'T.Boyd', 'smartId': '3200424f-5937-8353-b941-dfa7122ba16b', 'status': 'ACT', 'uniformNumber': '83'}",Tyler Boyd,WR,920,2019,tyler boyd
5.430212765957448,5.512180121438176,11.380212765957449,2.3976573016998257,6.007037037037037,0.4948569155988611,57.44680851063831,11.413676694649425,1,27,47,426,"{'season': 2019, 'currentTeamId': '4600', 'displayName': 'Josh Gordon', 'esbId': 'GOR190310', 'firstName': 'Josh', 'footballName': 'Josh', 'gsisId': '00-0029664', 'gsisItId': 39646, 'headshot': 'https://static.www.nfl.com/image/private/{formatInstructions}/league/atwcq5nczzb5k85fince', 'jerseyNumber': 10, 'lastName': 'Gordon', 'position': 'WR', 'positionGroup': 'WR', 'shortName': 'J.Gordon', 'smartId': '3200474f-5219-0310-af1f-30d8c9d32e21', 'status': 'SUS', 'ngsPosition': 'WR', 'ngsPositionGroup': 'WR'}",Josh Gordon,WR,4600,2019,josh gordon
5.421111111111111,2.2278545753972008,7.1516363636363645,2.570152218073181,2.7794444444444446,0.5515898690472438,65.45454545454545,6.160665340579825,4,36,55,311,"{'season': 2019, 'currentTeamId': '4900', 'displayName': 'Cameron Brate', 'esbId': 'BRA663798', 'firstName': 'Cameron', 'footballName': 'Cameron', 'gsisId': '00-0031273', 'gsisItId': 42033, 'headshot': 'https://static.www.nfl.com/image/private/{formatInstructions}/league/og8g0lqdnbrwcbmjwbfu', 'jerseyNumber': 84, 'lastName': 'Brate', 'ngsPosition': 'TE', 'ngsPositionGroup': 'TE', 'position': 'TE', 'positionGroup': 'TE', 'shortName': 'C.Brate', 'smartId': '32004252-4166-3798-c2b3-ef206ba23ba8', 'status': 'ACT', 'uniformNumber': '84'}",Cameron Brate,TE,4900,2019,cameron brate
5.394745762711865,3.649277367982215,12.848655462184874,2.55539862099071,3.275063291139241,-0.3742140768429745,66.38655462184873,27.98425989476093,8,79,119,1189,"{'season': 2019, 'currentTeamId': '1200', 'displayName': 'Amari Cooper', 'esbId': 'COO487703', 'firstName': 'Amari', 'footballName': 'Amari', 'gsisId': '00-0031544', 'gsisItId': 42347, 'headshot': 'https://static.www.nfl.com/image/private/{formatInstructions}/league/ekwyie7av318q4eaffiy', 'jerseyNumber': 19, 'lastName': 'Cooper', 'ngsPosition': 'WR', 'ngsPositionGroup': 'WR', 'position': 'WR', 'positionGroup': 'WR', 'shortName': 'A.Cooper', 'smartId': '3200434f-4f48-7703-16a5-c78426109031', 'status': 'ACT', 'uniformNumber': '19'}",Amari Cooper,WR,1200,2019,amari cooper
5.390392156862744,5.346033977223637,7.117083333333334,3.531383292748864,5.391162790697674,0.0451288134740366,59.72222222222222,13.01614476438195,4,43,72,448,"{'season': 2019, 'currentTeamId': '2200', 'displayName': 'Jack Doyle', 'esbId': 'DOY403968', 'firstName': 'John', 'footballName': 'Jack', 'gsisId': '00-0030181', 'gsisItId': 40641, 'headshot': 'https://static.www.nfl.com/image/private/{formatInstructions}/league/obbagomjnsgsyxrsolfb', 'jerseyNumber': 84, 'lastName': 'Doyle', 'ngsPosition': 'TE', 'ngsPositionGroup': 'TE', 'position': 'TE', 'positionGroup': 'TE', 'shortName': 'J.Doyle', 'smartId': '3200444f-5940-3968-7855-934761d8ebfe', 'status': 'ACT', 'uniformNumber': '84'}",Jack Doyle,TE,2200,2019,jack doyle
5.390367647058824,3.595639092044569,10.046778523489934,2.7453719251831754,3.722211538461537,0.1265724464169682,69.79865771812081,30.38163508022779,6,104,149,1199,"{'season': 2019, 'currentTeamId': '4400', 'displayName': 'Keenan Allen', 'esbId': 'ALL532966', 'firstName': 'Keenan', 'footballName': 'Keenan', 'gsisId': '00-0030279', 'gsisItId': 40024, 'headshot': 'https://static.www.nfl.com/image/private/{formatInstructions}/league/vwlmmfcjxsx82ahs0fpb', 'jerseyNumber': 13, 'lastName': 'Allen', 'ngsPosition': 'SLOT_WR', 'ngsPositionGroup': 'WR', 'position': 'WR', 'positionGroup': 'WR', 'shortName': 'K.Allen', 'smartId': '3200414c-4c53-2966-dfa9-55ae464e7b3d', 'status': 'ACT', 'uniformNumber': '13'}",Keenan Allen,WR,4400,2019,keenan allen
5.39,3.811219479023432,9.31051470588235,3.077840743283556,4.494639175257732,0.6834196962343007,71.32352941176471,26.9855612978848,5,97,136,1229,"{'season': 2019, 'currentTeamId': '2310', 'displayName': 'Travis Kelce', 'esbId': 'KEL012458', 'firstName': 'Travis', 'footballName': 'Travis', 'gsisId': '00-0030506', 'gsisItId': 40011, 'headshot': 'https://static.www.nfl.com/image/private/{formatInstructions}/league/n0gfqddteoputgezwl0k', 'jerseyNumber': 87, 'lastName': 'Kelce', 'ngsPosition': 'TE', 'ngsPositionGroup': 'TE', 'position': 'TE', 'positionGroup': 'TE', 'shortName': 'T.Kelce', 'smartId': '32004b45-4c01-2458-b7b6-3a14cdb414dd', 'status': 'ACT', 'uniformNumber': '87'}",Travis Kelce,TE,2310,2019,travis kelce
5.384000000000001,2.70938890753074,8.44031746031746,2.418961464481544,2.937906976744186,0.2285180692134458,68.25396825396825,11.160223313604504,3,43,63,436,"{'season': 2019, 'currentTeamId': '0920', 'displayName': 'Tyler Eifert', 'esbId': 'EIF131143', 'firstName': 'Tyler', 'footballName': 'Tyler', 'gsisId': '00-0030549', 'gsisItId': 39967, 'headshot': 'https://static.www.nfl.com/image/private/{formatInstructions}/league/mtpnivcnfgtz8sbkkvax', 'jerseyNumber': 85, 'lastName': 'Eifert', 'ngsPosition': 'SLOT_WR', 'ngsPositionGroup': 'TE', 'position': 'TE', 'positionGroup': 'TE', 'shortName': 'T.Eifert', 'smartId': '32004549-4613-1143-bfd0-182bad3b5b94', 'status': 'ACT', 'uniformNumber': '85'}",Tyler Eifert,TE,920,2019,tyler eifert
5.376315789473685,3.583268621496062,6.058510638297872,2.989143628427466,3.886944444444445,0.3036758229483824,76.59574468085107,8.088661386903611,2,36,47,311,"{'season': 2019, 'currentTeamId': '3000', 'displayName': 'Irv Smith', 'esbId': 'SMI000018', 'firstName': 'Irvin', 'footballName': 'Irv', 'gsisId': '00-0034970', 'gsisItId': 47833, 'headshot': 'https://static.www.nfl.com/image/private/{formatInstructions}/league/cjlvftb8bdj5qoarcll2', 'jerseyNumber': 84, 'lastName': 'Smith', 'ngsPosition': 'TE', 'ngsPositionGroup': 'TE', 'position': 'TE', 'positionGroup': 'TE', 'shortName': 'I.Smith', 'smartId': '3200534d-4900-0018-f675-8c060d792d35', 'status': 'ACT', 'uniformNumber': '84'}",Irv Smith,TE,3000,2019,irv smith
5.366063829787234,5.567095237908862,7.20837606837607,3.1432900864950613,6.862444444444443,1.2953492065355814,76.92307692307693,25.958460553530976,3,90,117,1145,"{'season': 2019, 'currentTeamId': '2520', 'displayName': 'Darren Waller', 'esbId': 'WAL509040', 'firstName': 'Darren', 'footballName': 'Darren', 'gsisId': '00-0031610', 'gsisItId': 42547, 'headshot': 'https://static.www.nfl.com/image/private/{formatInstructions}/league/avo1vfnndm2ickx907sj', 'jerseyNumber': 83, 'lastName': 'Waller', 'ngsPosition': 'TE', 'ngsPositionGroup': 'TE', 'position': 'TE', 'positionGroup': 'TE', 'shortName': 'D.Waller', 'smartId': '32005741-4c50-9040-67d6-042691fb535a', 'status': 'ACT', 'uniformNumber': '83'}",Darren Waller,TE,2520,2019,darren waller
5.363703703703703,3.495917910229764,13.359090909090911,3.0777932180031278,3.3753125000000006,-0.1206054102297633,58.18181818181818,15.65879908359529,4,32,55,449,"{'season': 2019, 'currentTeamId': '2310', 'displayName': 'Demarcus Robinson', 'esbId': 'ROB399065', 'firstName': 'Demarcus', 'footballName': 'Demarcus', 'gsisId': '00-0032775', 'gsisItId': 43415, 'headshot': 'https://static.www.nfl.com/image/private/{formatInstructions}/league/pvmfanhriut1pewvvpq4', 'jerseyNumber': 11, 'lastName': 'Robinson', 'ngsPosition': 'WR', 'ngsPositionGroup': 'WR', 'position': 'WR', 'positionGroup': 'WR', 'shortName': 'D.Robinson', 'smartId': '3200524f-4239-9065-1db8-5ff5da8a3829', 'status': 'ACT', 'uniformNumber': '11'}",Demarcus Robinson,WR,2310,2019,demarcus robinson
5.341710526315789,5.333175800240331,9.64811111111111,2.8675841172716185,5.880769230769231,0.5475934305289005,57.77777777777777,18.505620970749632,3,52,90,673,"{'season': 2019, 'currentTeamId': '2310', 'displayName': 'Sammy Watkins', 'esbId': 'WAT270480', 'firstName': 'Samuel', 'footballName': 'Sammy', 'gsisId': '00-0031325', 'gsisItId': 41230, 'headshot': 'https://static.www.nfl.com/image/private/{formatInstructions}/league/njpkvqr7lmjsc5hccdcr', 'jerseyNumber': 14, 'lastName': 'Watkins', 'ngsPosition': 'WR', 'ngsPositionGroup': 'WR', 'position': 'WR', 'positionGroup': 'WR', 'shortName': 'S.Watkins', 'smartId': '32005741-5427-0480-637c-854aaf86ba0e', 'status': 'ACT', 'suffix': 'IV', 'uniformNumber': '14'}",Sammy Watkins,WR,2310,2019,sammy watkins
5.34102564102564,4.017919094072769,15.27737288135593,2.42422152433902,4.31044776119403,0.2925286671212612,56.77966101694916,28.235155919620343,8,67,118,1157,"{'season': 2019, 'currentTeamId': '4900', 'displayName': 'Mike Evans', 'esbId': 'EVA534309', 'firstName': 'Mike', 'footballName': 'Mike', 'gsisId': '00-0031408', 'gsisItId': 41233, 'headshot': 'https://static.www.nfl.com/image/private/{formatInstructions}/league/tof3xxtq6lajs03ctwpu', 'jerseyNumber': 13, 'lastName': 'Evans', 'position': 'WR', 'positionGroup': 'WR', 'shortName': 'M.Evans', 'smartId': '32004556-4153-4309-b2ed-6b8233f6fea5', 'status': 'RES', 'ngsPosition': 'WR', 'ngsPositionGroup': 'WR'}",Mike Evans,WR,4900,2019,mike evans
5.3290384615384605,4.03385275147174,13.893148148148148,2.895081677180797,3.164482758620689,-0.8693699928510505,53.70370370370371,16.984750106405137,5,29,54,397,"{'season': 2019, 'currentTeamId': '3200', 'displayName': 'Phillip Dorsett', 'esbId': 'DOR488199', 'firstName': 'Phillip', 'footballName': 'Phillip', 'gsisId': '00-0032208', 'gsisItId': 42372, 'headshot': 'https://static.www.nfl.com/image/private/{formatInstructions}/league/imisp1exzlw9m0yvy5rh', 'jerseyNumber': 13, 'lastName': 'Dorsett', 'ngsPosition': 'WR', 'ngsPositionGroup': 'WR', 'position': 'WR', 'positionGroup': 'WR', 'shortName': 'P.Dorsett II', 'smartId': '3200444f-5248-8199-3ca5-f2de722dd057', 'status': 'ACT', 'suffix': 'Jr.', 'uniformNumber': '13'}",Phillip Dorsett,WR,3200,2019,phillip dorsett
5.271041666666667,4.420150617463089,8.56326923076923,3.2562365624093905,4.630357142857143,0.2102065253940539,53.84615384615385,13.060387684889449,1,28,52,297,"{'season': 2019, 'currentTeamId': '1400', 'displayName': 'DaeSean Hamilton', 'esbId': 'HAM200565', 'firstName': 'DaeSean', 'footballName': 'DaeSean', 'gsisId': '00-0034370', 'gsisItId': 46182, 'headshot': 'https://static.www.nfl.com/image/private/{formatInstructions}/league/iz3vfnnc3rwi6mpdsvia', 'jerseyNumber': 17, 'lastName': 'Hamilton', 'ngsPosition': 'SLOT_WR', 'ngsPositionGroup': 'WR', 'position': 'WR', 'positionGroup': 'WR', 'shortName': 'D.Hamilton', 'smartId': '32004841-4d20-0565-a51e-2028f6290d41', 'status': 'ACT', 'uniformNumber': '17'}",DaeSean Hamilton,WR,1400,2019,daesean hamilton
5.270877192982456,4.1894620708923735,15.403275862068968,1.9475060260614048,4.889076923076924,0.69961485218455,56.03448275862068,33.09949038662817,11,65,116,1190,"{'season': 2019, 'currentTeamId': '1540', 'displayName': 'Kenny Golladay', 'esbId': 'GOL573546', 'firstName': 'Kenneth', 'footballName': 'Kenny', 'gsisId': '00-0033932', 'gsisItId': 44908, 'headshot': 'https://static.www.nfl.com/image/private/{formatInstructions}/league/okf4aktpg4odbuhvtwtn', 'jerseyNumber': 19, 'lastName': 'Golladay', 'ngsPosition': 'WR', 'ngsPositionGroup': 'WR', 'position': 'WR', 'positionGroup': 'WR', 'shortName': 'K.Golladay', 'smartId': '3200474f-4c57-3546-c21d-b780be32aca0', 'status': 'ACT', 'uniformNumber': '19'}",Kenny Golladay,WR,1540,2019,kenny golladay
5.25625,3.976858447581344,11.14214814814815,2.640551014593727,4.783103448275862,0.8062450006945183,64.44444444444444,30.185222347086203,4,87,135,1175,"{'season': 2019, 'currentTeamId': '0750', 'displayName': 'D.J. Moore', 'esbId': 'MOO272423', 'firstName': 'Denniston', 'footballName': 'D.J.', 'gsisId': '00-0034827', 'gsisItId': 46093, 'headshot': 'https://static.www.nfl.com/image/private/{formatInstructions}/league/hcupqutgexfiy98ln3me', 'jerseyNumber': 12, 'lastName': 'Moore', 'position': 'WR', 'positionGroup': 'WR', 'shortName': 'D.Moore', 'smartId': '32004d4f-4f27-2423-f0b4-728a741b03cb', 'status': 'INA', 'uniformNumber': '12', 'ngsPosition': 'WR', 'ngsPositionGroup': 'WR'}",D.J. Moore,WR,750,2019,dj moore
5.233258426966292,3.431137930389899,17.38944444444444,2.003895259376511,4.761020408163265,1.3298824777733662,54.44444444444444,31.76334728305209,2,49,90,1001,"{'season': 2019, 'currentTeamId': '4400', 'displayName': 'Mike Williams', 'esbId': 'WIL000009', 'firstName': 'Michael', 'footballName': 'Mike', 'gsisId': '00-0033536', 'gsisItId': 44819, 'headshot': 'https://static.www.nfl.com/image/private/{formatInstructions}/league/fjnnliuxjyqzb7oo5hgi', 'jerseyNumber': 81, 'lastName': 'Williams', 'ngsPosition': 'WR', 'ngsPositionGroup': 'WR', 'position': 'WR', 'positionGroup': 'WR', 'shortName': 'M.Williams', 'smartId': '32005749-4c00-0009-75a2-9fccf6994099', 'status': 'ACT', 'uniformNumber': '81'}",Mike Williams,WR,4400,2019,mike williams
5.231739130434782,2.634287752902213,14.147096774193546,2.1118652327080616,3.896551724137931,1.262263971235718,62.36559139784946,37.09160415098488,7,58,93,919,"{'season': 2019, 'currentTeamId': '5110', 'displayName': 'Terry McLaurin', 'esbId': 'MCL278328', 'firstName': 'Terry', 'footballName': 'Terry', 'gsisId': '00-0035659', 'gsisItId': 47859, 'headshot': 'https://static.www.nfl.com/image/private/{formatInstructions}/league/bt4s1goiaogipi9fluzx', 'jerseyNumber': 17, 'lastName': 'McLaurin', 'position': 'WR', 'positionGroup': 'WR', 'shortName': 'T.McLaurin', 'smartId': '32004d43-4c27-8328-8097-b130ba0e8060', 'status': 'INA', 'uniformNumber': '17', 'ngsPosition': 'WR', 'ngsPositionGroup': 'WR'}",Terry McLaurin,WR,5110,2019,terry mclaurin
5.200952380952381,4.680495530904674,8.764146341463414,2.821402272195776,4.449038461538461,-0.231457069366213,63.41463414634146,14.421656766736229,2,52,82,597,"{'season': 2019, 'currentTeamId': '0750', 'displayName': 'Greg Olsen', 'esbId': 'OLS094822', 'firstName': 'Gregory', 'footballName': 'Greg', 'gsisId': '00-0025418', 'gsisItId': 32224, 'headshot': 'https://static.www.nfl.com/image/private/{formatInstructions}/league/k6v0zo7ofhdmmqmqtwc5', 'jerseyNumber': 88, 'lastName': 'Olsen', 'ngsPosition': 'TE', 'ngsPositionGroup': 'TE', 'position': 'TE', 'positionGroup': 'TE', 'shortName': 'G.Olsen', 'smartId': '32004f4c-5309-4822-46ea-83c77b58b18c', 'status': 'ACT', 'uniformNumber': '88'}",Greg Olsen,TE,750,2019,greg olsen
5.162903225806451,3.884020077960858,4.634545454545455,3.7804529651738825,4.74842105263158,0.8644009746707213,69.0909090909091,6.748331449236609,3,38,55,273,"{'season': 2019, 'currentTeamId': '3900', 'displayName': 'Vance McDonald', 'esbId': 'MCD589658', 'firstName': 'Vance', 'footballName': 'Vance', 'gsisId': '00-0030470', 'gsisItId': 40003, 'headshot': 'https://static.www.nfl.com/image/private/{formatInstructions}/league/sk4wyebbceeraudd7cma', 'jerseyNumber': 89, 'lastName': 'McDonald', 'ngsPosition': 'TE', 'ngsPositionGroup': 'TE', 'position': 'TE', 'positionGroup': 'TE', 'shortName': 'V.McDonald', 'smartId': '32004d43-4458-9658-1fa3-62884c020db7', 'status': 'ACT', 'uniformNumber': '89'}",Vance McDonald,TE,3900,2019,vance mcdonald
5.161025641025641,3.6392794244582274,7.551797752808989,3.1013661273672146,3.2762711864406766,-0.3630082380175508,66.29213483146067,15.216160902677789,2,59,89,520,"{'season': 2019, 'currentTeamId': '3200', 'displayName': 'Mohamed Sanu', 'esbId': 'SAN808447', 'firstName': 'Mohamed', 'footballName': 'Mohamed', 'gsisId': '00-0029632', 'gsisItId': 38613, 'headshot': 'https://static.www.nfl.com/image/private/{formatInstructions}/league/h7hgvvjlefzoy7nbeb2j', 'jerseyNumber': 14, 'lastName': 'Sanu', 'ngsPosition': 'SLOT_WR', 'ngsPositionGroup': 'WR', 'position': 'WR', 'positionGroup': 'WR', 'shortName': 'M.Sanu Sr.', 'smartId': '32005341-4e80-8447-be59-af7546fda327', 'status': 'ACT', 'uniformNumber': '14'}",Mohamed Sanu,WR,3200,2019,mohamed sanu
5.154972375690608,3.41148382444712,8.144486486486487,2.563296072890534,4.065704697986578,0.6542208735394581,80.54054054054053,41.336106028142126,9,149,185,1725,"{'season': 2019, 'currentTeamId': '3300', 'displayName': 'Michael Thomas', 'esbId': 'THO308912', 'firstName': 'Michael', 'footballName': 'Michael', 'gsisId': '00-0032765', 'gsisItId': 43336, 'headshot': 'https://static.www.nfl.com/image/private/{formatInstructions}/league/liuzt7209f2hqa9mu1zw', 'jerseyNumber': 13, 'lastName': 'Thomas', 'ngsPosition': 'WR', 'ngsPositionGroup': 'WR', 'position': 'WR', 'positionGroup': 'WR', 'shortName': 'M.Thomas', 'smartId': '32005448-4f30-8912-926a-d25d51327661', 'status': 'ACT', 'suffix': 'Jr.', 'uniformNumber': '13'}",Michael Thomas,WR,3300,2019,michael thomas
5.151511627906976,5.826984498366679,5.746261682242991,3.2686503820599238,7.533058823529411,1.7060743251627324,79.43925233644859,20.193444561219117,5,85,107,1053,"{'season': 2019, 'currentTeamId': '4500', 'displayName': 'George Kittle', 'esbId': 'KIT388290', 'firstName': 'George', 'footballName': 'George', 'gsisId': '00-0033288', 'gsisItId': 44959, 'headshot': 'https://static.www.nfl.com/image/private/{formatInstructions}/league/n5dvz5zxymahzxnl4cq3', 'jerseyNumber': 85, 'lastName': 'Kittle', 'ngsPosition': 'TE', 'ngsPositionGroup': 'TE', 'position': 'TE', 'positionGroup': 'TE', 'shortName': 'G.Kittle', 'smartId': '32004b49-5438-8290-eeed-c9c9cca62ec1', 'status': 'ACT', 'uniformNumber': '85'}",George Kittle,TE,4500,2019,george kittle
5.137659574468085,3.923006650737977,10.851340206185569,2.5030176603901757,3.835151515151515,-0.0878551355864618,68.04123711340206,34.56975827640565,5,66,97,869,"{'season': 2019, 'currentTeamId': '4500', 'displayName': 'Emmanuel Sanders', 'esbId': 'SAN295989', 'firstName': 'Emmanuel', 'footballName': 'Emmanuel', 'gsisId': '00-0027685', 'gsisItId': 35521, 'headshot': 'https://static.www.nfl.com/image/private/{formatInstructions}/league/r6ebggjkzsl1lt3w5ano', 'jerseyNumber': 17, 'lastName': 'Sanders', 'ngsPosition': 'WR', 'ngsPositionGroup': 'WR', 'position': 'WR', 'positionGroup': 'WR', 'shortName': 'E.Sanders', 'smartId': '32005341-4e29-5989-16d2-05d6a07248e9', 'status': 'ACT', 'uniformNumber': '17'}",Emmanuel Sanders,WR,4500,2019,emmanuel sanders
5.116422764227643,3.693511596275766,11.803951612903226,2.5014440745555566,5.206249999999999,1.5127384037242328,58.06451612903226,42.930132835895336,6,72,124,1112,"{'season': 2019, 'currentTeamId': '1400', 'displayName': 'Courtland Sutton', 'esbId': 'SUT333526', 'firstName': 'Courtland', 'footballName': 'Courtland', 'gsisId': '00-0034348', 'gsisItId': 46109, 'headshot': 'https://static.www.nfl.com/image/private/{formatInstructions}/league/kifp4mpoadcd1qrn3iiv', 'jerseyNumber': 14, 'lastName': 'Sutton', 'ngsPosition': 'WR', 'ngsPositionGroup': 'WR', 'position': 'WR', 'positionGroup': 'WR', 'shortName': 'C.Sutton', 'smartId': '32005355-5433-3526-b2bf-88d6b83781c0', 'status': 'ACT', 'uniformNumber': '14'}",Courtland Sutton,WR,1400,2019,courtland sutton
5.11265306122449,4.135146858087536,8.394333333333332,2.959677203971577,5.0410810810810815,0.9059342229935456,61.66666666666667,10.599017245551824,2,37,60,408,"{'season': 2019, 'currentTeamId': '2510', 'displayName': 'Gerald Everett', 'esbId': 'EVE166115', 'firstName': 'Gerald', 'footballName': 'Gerald', 'gsisId': '00-0033895', 'gsisItId': 44856, 'headshot': 'https://static.www.nfl.com/image/private/{formatInstructions}/league/brbt0jiilylj1v5m16f3', 'jerseyNumber': 81, 'lastName': 'Everett', 'ngsPosition': 'TE', 'ngsPositionGroup': 'TE', 'position': 'TE', 'positionGroup': 'TE', 'shortName': 'G.Everett', 'smartId': '32004556-4516-6115-f11c-124334bc44da', 'status': 'ACT', 'uniformNumber': '81'}",Gerald Everett,TE,2510,2019,gerald everett
5.058531468531468,3.2587426677974456,11.082207792207791,2.235413760294153,3.0587755102040823,-0.1999671575933632,63.63636363636363,38.41337150677038,7,98,154,1147,"{'season': 2019, 'currentTeamId': '0810', 'displayName': 'Allen Robinson', 'esbId': 'ROB365982', 'firstName': 'Allen', 'footballName': 'Allen', 'gsisId': '00-0031428', 'gsisItId': 41290, 'headshot': 'https://static.www.nfl.com/image/private/{formatInstructions}/league/bk03jfsdlx66m3z22qqi', 'jerseyNumber': 12, 'lastName': 'Robinson', 'ngsPosition': 'WR', 'ngsPositionGroup': 'WR', 'position': 'WR', 'positionGroup': 'WR', 'shortName': 'A.Robinson', 'smartId': '3200524f-4236-5982-45ce-8ca18ca03af8', 'status': 'ACT', 'suffix': 'II', 'uniformNumber': '12'}",Allen Robinson,WR,810,2019,allen robinson
5.050625,4.348480393313975,5.464375,2.896780837068276,5.344411764705882,0.9959313713919072,70.83333333333334,5.772913154292102,7,34,48,341,"{'season': 2019, 'currentTeamId': '2120', 'displayName': 'Darren Fells', 'esbId': 'FEL484741', 'firstName': 'Darren', 'footballName': 'Darren', 'gsisId': '00-0029738', 'gsisItId': 39907, 'headshot': 'https://static.www.nfl.com/image/private/{formatInstructions}/league/k9wphsxmikgerwiokwzi', 'jerseyNumber': 87, 'lastName': 'Fells', 'ngsPosition': 'TE', 'ngsPositionGroup': 'TE', 'position': 'TE', 'positionGroup': 'TE', 'shortName': 'D.Fells', 'smartId': '32004645-4c48-4741-3cde-85c41f8d14ee', 'status': 'ACT', 'uniformNumber': '87'}",Darren Fells,TE,2120,2019,darren fells
5.042903225806451,3.482921734768838,13.77359375,2.134388209428416,4.203194444444446,0.7202727096756076,56.25,33.11781015425999,9,72,128,1202,"{'season': 2019, 'currentTeamId': '2700', 'displayName': 'DeVante Parker', 'esbId': 'PAR226609', 'firstName': 'DeVante', 'footballName': 'DeVante', 'gsisId': '00-0031547', 'gsisItId': 42357, 'headshot': 'https://static.www.nfl.com/image/private/{formatInstructions}/league/eo6lkabi41o9qmivprcw', 'jerseyNumber': 11, 'lastName': 'Parker', 'ngsPosition': 'WR', 'ngsPositionGroup': 'WR', 'position': 'WR', 'positionGroup': 'WR', 'shortName': 'D.Parker', 'smartId': '32005041-5222-6609-dc38-38b3aae27410', 'status': 'ACT', 'uniformNumber': '11'}",DeVante Parker,WR,2700,2019,devante parker
5.0408333333333335,4.190909562001303,9.415660377358492,2.4667951758729707,5.020882352941177,0.8299727909398742,64.15094339622641,7.816028944194716,1,34,53,459,"{'season': 2019, 'currentTeamId': '4900', 'displayName': 'O.J. Howard', 'esbId': 'HOW308864', 'firstName': ""O'Terrius"", 'footballName': 'O.J.', 'gsisId': '00-0033879', 'gsisItId': 44831, 'headshot': 'https://static.www.nfl.com/image/private/{formatInstructions}/league/wljqvtjgzbcwfkepy13e', 'jerseyNumber': 80, 'lastName': 'Howard', 'ngsPosition': 'TE', 'ngsPositionGroup': 'TE', 'position': 'TE', 'positionGroup': 'TE', 'shortName': 'O.Howard', 'smartId': '3200484f-5730-8864-f556-0040cd058670', 'status': 'ACT', 'uniformNumber': '80'}",O.J. Howard,TE,4900,2019,oj howard
5.038819444444445,4.017570459668804,10.286333333333332,2.6727643592259467,3.9088461538461536,-0.1087243058226499,69.33333333333334,33.95980156092493,7,104,150,1165,"{'season': 2019, 'currentTeamId': '2120', 'displayName': 'DeAndre Hopkins', 'esbId': 'HOP161500', 'firstName': 'DeAndre', 'footballName': 'DeAndre', 'gsisId': '00-0030564', 'gsisItId': 39973, 'headshot': 'https://static.www.nfl.com/image/private/{formatInstructions}/league/boialnvkpcs0uvlbnsfv', 'jerseyNumber': 10, 'lastName': 'Hopkins', 'ngsPosition': 'WR', 'ngsPositionGroup': 'WR', 'position': 'WR', 'positionGroup': 'WR', 'shortName': 'D.Hopkins', 'smartId': '3200484f-5016-1500-bfbe-c87b292b639c', 'status': 'ACT', 'uniformNumber': '10'}",DeAndre Hopkins,WR,2120,2019,deandre hopkins
5.002222222222222,3.8859414978182407,14.306333333333338,2.3433141275290925,5.351489361702127,1.465547863883886,52.22222222222223,29.960280063942825,5,47,90,775,"{'season': 2019, 'currentTeamId': '2250', 'displayName': 'Chris Conley', 'esbId': 'CON236839', 'firstName': 'Christian', 'footballName': 'Chris', 'gsisId': '00-0032128', 'gsisItId': 42419, 'headshot': 'https://static.www.nfl.com/image/private/{formatInstructions}/league/a53jzbb9mcuxhvirkjzs', 'jerseyNumber': 18, 'lastName': 'Conley', 'ngsPosition': 'WR', 'ngsPositionGroup': 'WR', 'position': 'WR', 'positionGroup': 'WR', 'shortName': 'C.Conley', 'smartId': '3200434f-4e23-6839-29a1-a288b71f08e0', 'status': 'ACT', 'suffix': 'Jr.', 'uniformNumber': '18'}",Chris Conley,WR,2250,2019,chris conley
4.960862068965517,4.511714970406716,13.48765625,2.619734890048775,5.038809523809523,0.5270945534028071,65.625,26.568809711415348,6,42,64,651,"{'season': 2019, 'currentTeamId': '2520', 'displayName': 'Tyrell Williams', 'esbId': 'WIL547641', 'firstName': 'Tyrell', 'footballName': 'Tyrell', 'gsisId': '00-0032160', 'gsisItId': 43090, 'headshot': 'https://static.www.nfl.com/image/private/{formatInstructions}/league/knhalhbzfbwtsvdav0q8', 'jerseyNumber': 16, 'lastName': 'Williams', 'ngsPosition': 'WR', 'ngsPositionGroup': 'WR', 'position': 'WR', 'positionGroup': 'WR', 'shortName': 'T.Williams', 'smartId': '32005749-4c54-7641-fdca-10f8368b7b2e', 'status': 'ACT', 'uniformNumber': '16'}",Tyrell Williams,WR,2520,2019,tyrell williams
4.9575000000000005,4.108227992379418,13.446666666666667,2.1862734695694725,8.835384615384614,4.727156623005196,61.90476190476191,29.800043795658947,8,52,84,1051,"{'season': 2019, 'currentTeamId': '2100', 'displayName': 'A.J. Brown', 'esbId': 'BRO413223', 'firstName': 'Arthur', 'footballName': 'A.J.', 'gsisId': '00-0035676', 'gsisItId': 47834, 'headshot': 'https://static.www.nfl.com/image/private/{formatInstructions}/league/ucz9frks91kdccmgkkct', 'jerseyNumber': 11, 'lastName': 'Brown', 'ngsPosition': 'WR', 'ngsPositionGroup': 'WR', 'position': 'WR', 'positionGroup': 'WR', 'shortName': 'A.Brown', 'smartId': '32004252-4f41-3223-e4c5-1e30dffa87f8', 'status': 'ACT', 'uniformNumber': '11'}",A.J. Brown,WR,2100,2019,aj brown
4.9111,3.4174571138019783,13.359100000000002,2.4797912297425224,5.038275862068965,1.620818748266987,57.99999999999999,28.50719769878496,7,58,100,900,"{'season': 2019, 'currentTeamId': '4600', 'displayName': 'D.K. Metcalf', 'esbId': 'MET363377', 'firstName': 'DeKaylin', 'footballName': 'DK', 'gsisId': '00-0035640', 'gsisItId': 47847, 'headshot': 'https://static.www.nfl.com/image/private/{formatInstructions}/league/fcqab5su86kysoaeghmn', 'jerseyNumber': 14, 'lastName': 'Metcalf', 'ngsPosition': 'WR', 'ngsPositionGroup': 'WR', 'position': 'WR', 'positionGroup': 'WR', 'shortName': 'DK.Metcalf', 'smartId': '32004d45-5436-3377-5806-d2746f1b94aa', 'status': 'ACT', 'uniformNumber': '14'}",D.K. Metcalf,WR,4600,2019,dk metcalf
4.88078431372549,4.060558359056714,10.87353846153846,2.3494534969478744,6.057209302325581,1.9966509432688675,66.15384615384615,19.39002543161037,9,43,65,705,"{'season': 2019, 'currentTeamId': '3300', 'displayName': 'Jared Cook', 'esbId': 'COO152641', 'firstName': 'Jared', 'footballName': 'Jared', 'gsisId': '00-0027061', 'gsisItId': 34540, 'headshot': 'https://static.www.nfl.com/image/private/{formatInstructions}/league/cogz3snqmlqne2ehsn7y', 'jerseyNumber': 87, 'lastName': 'Cook', 'ngsPosition': 'SLOT_WR', 'ngsPositionGroup': 'TE', 'position': 'TE', 'positionGroup': 'TE', 'shortName': 'J.Cook', 'smartId': '3200434f-4f15-2641-bb32-32c02af1d6b5', 'status': 'ACT', 'uniformNumber': '87'}",Jared Cook,TE,3300,2019,jared cook
4.861612903225807,4.341737683751738,9.573285714285714,2.373298045699334,6.033095238095238,1.6913575543435,60.0,17.74130778374629,3,42,70,552,"{'season': 2019, 'currentTeamId': '3900', 'displayName': 'JuJu Smith-Schuster', 'esbId': 'SMI829709', 'firstName': 'John', 'footballName': 'JuJu', 'gsisId': '00-0033857', 'gsisItId': 44874, 'headshot': 'https://static.www.nfl.com/image/private/{formatInstructions}/league/sp4gz46f1rkpksvsmtg7', 'jerseyNumber': 19, 'lastName': 'Smith-Schuster', 'ngsPosition': 'SLOT_WR', 'ngsPositionGroup': 'WR', 'position': 'WR', 'positionGroup': 'WR', 'shortName': 'J.Smith-Schuster', 'smartId': '3200534d-4982-9709-6877-2f8181b1e986', 'status': 'ACT', 'uniformNumber': '19'}",JuJu Smith-Schuster,WR,3900,2019,juju smith-schuster
4.806666666666666,3.170067805224779,14.524404761904762,2.163035077518718,3.984375,0.8143071947752212,57.14285714285714,25.00543128502154,8,48,84,740,"{'season': 2019, 'currentTeamId': '3410', 'displayName': 'Darius Slayton', 'esbId': 'SLA500077', 'firstName': 'Darius', 'footballName': 'Darius', 'gsisId': '00-0035535', 'gsisItId': 47954, 'headshot': 'https://static.www.nfl.com/image/private/{formatInstructions}/league/dmmwezroq3otqrv4mqet', 'jerseyNumber': 86, 'lastName': 'Slayton', 'ngsPosition': 'WR', 'ngsPositionGroup': 'WR', 'position': 'WR', 'positionGroup': 'WR', 'shortName': 'D.Slayton', 'smartId': '3200534c-4150-0077-315f-47cff2877b23', 'status': 'ACT', 'uniformNumber': '86'}",Darius Slayton,WR,3410,2019,darius slayton
4.767638888888888,3.4283617165000035,11.21,2.4836472991077696,3.1402325581395347,-0.2881291583604688,58.9041095890411,16.782676106020457,4,43,73,490,"{'season': 2019, 'currentTeamId': '3700', 'displayName': 'Alshon Jeffery', 'esbId': 'JEF498860', 'firstName': 'Alshon', 'footballName': 'Alshon', 'gsisId': '00-0029137', 'gsisItId': 38575, 'headshot': 'https://static.www.nfl.com/image/private/{formatInstructions}/league/qrbsgwhzlsmwgkdfjryh', 'jerseyNumber': 17, 'lastName': 'Jeffery', 'position': 'WR', 'positionGroup': 'WR', 'shortName': 'A.Jeffery', 'smartId': '32004a45-4649-8860-b9ad-0608f64c795e', 'status': 'RES', 'ngsPosition': 'WR', 'ngsPositionGroup': 'WR'}",Alshon Jeffery,WR,3700,2019,alshon jeffery
4.649553571428572,3.0427590796305406,14.16173913043478,2.387455361457852,3.112777777777777,0.0700186981472366,62.60869565217392,36.13842931193636,6,72,115,1060,"{'season': 2019, 'currentTeamId': '0610', 'displayName': 'John Brown', 'esbId': 'BRO494712', 'firstName': 'John', 'footballName': 'John', 'gsisId': '00-0031051', 'gsisItId': 41320, 'headshot': 'https://static.www.nfl.com/image/private/{formatInstructions}/league/dozoxhu3uad5j1ik3pa0', 'jerseyNumber': 15, 'lastName': 'Brown', 'ngsPosition': 'WR', 'ngsPositionGroup': 'WR', 'position': 'WR', 'positionGroup': 'WR', 'shortName': 'J.Brown', 'smartId': '32004252-4f49-4712-7e90-42e293548523', 'status': 'ACT', 'uniformNumber': '15'}",John Brown,WR,610,2019,john brown
4.621182795698925,4.229065313174703,14.897978723404256,2.504979811260199,5.098571428571429,0.8695061153967254,67.02127659574468,39.78030655955641,6,63,94,1126,"{'season': 2019, 'currentTeamId': '3000', 'displayName': 'Stefon Diggs', 'esbId': 'DIG218895', 'firstName': 'Stefon', 'footballName': 'Stefon', 'gsisId': '00-0031588', 'gsisItId': 42489, 'headshot': 'https://static.www.nfl.com/image/private/{formatInstructions}/league/wrvjgnqxlwmh3jcpwknm', 'jerseyNumber': 14, 'lastName': 'Diggs', 'ngsPosition': 'WR', 'ngsPositionGroup': 'WR', 'position': 'WR', 'positionGroup': 'WR', 'shortName': 'S.Diggs', 'smartId': '32004449-4721-8895-fc23-d2bf4c921bd4', 'status': 'ACT', 'uniformNumber': '14'}",Stefon Diggs,WR,3000,2019,stefon diggs
4.540338983050847,2.495263625508766,14.3445,2.125521710972518,2.42,-0.0752636255087662,53.333333333333336,16.16743183030649,3,32,60,428,"{'season': 2019, 'currentTeamId': '2700', 'displayName': 'Preston Williams', 'esbId': 'WIL469697', 'firstName': 'Preston', 'footballName': 'Preston', 'gsisId': '00-0035350', 'gsisItId': 48480, 'headshot': 'https://static.www.nfl.com/image/private/{formatInstructions}/league/abp66jqwr4j6lww3t5i6', 'jerseyNumber': 18, 'lastName': 'Williams', 'position': 'WR', 'positionGroup': 'WR', 'shortName': 'P.Williams', 'smartId': '32005749-4c46-9697-124a-eb66b52308ae', 'status': 'RES', 'ngsPosition': 'WR', 'ngsPositionGroup': 'WR'}",Preston Williams,WR,2700,2019,preston williams
4.45975,4.594862036034763,9.4782,2.8445422268720857,5.597142857142858,1.0022808211080951,56.00000000000001,10.516003337357096,2,28,50,388,"{'season': 2019, 'currentTeamId': '0610', 'displayName': 'Dawson Knox', 'esbId': 'KNO490795', 'firstName': 'Dawson', 'footballName': 'Dawson', 'gsisId': '00-0035689', 'gsisItId': 47879, 'headshot': 'https://static.www.nfl.com/image/private/{formatInstructions}/league/zdroobetjkebjvzzu8sq', 'jerseyNumber': 88, 'lastName': 'Knox', 'ngsPosition': 'TE', 'ngsPositionGroup': 'TE', 'position': 'TE', 'positionGroup': 'TE', 'shortName': 'D.Knox', 'smartId': '32004b4e-4f49-0795-942a-0c363ee9b439', 'status': 'ACT', 'uniformNumber': '88'}",Dawson Knox,TE,610,2019,dawson knox
4.337446808510639,3.5477605935239307,15.344375,2.173501234922027,3.8,0.2522394064760691,54.16666666666666,36.72577954958528,5,52,96,779,"{'season': 2019, 'currentTeamId': '3430', 'displayName': 'Robby Anderson', 'esbId': 'AND460305', 'firstName': 'Robby', 'footballName': 'Robby', 'gsisId': '00-0032688', 'gsisItId': 43808, 'headshot': 'https://static.www.nfl.com/image/private/{formatInstructions}/league/vtqf5f1ti4ojfjggm388', 'jerseyNumber': 11, 'lastName': 'Anderson', 'ngsPosition': 'WR', 'ngsPositionGroup': 'WR', 'position': 'WR', 'positionGroup': 'WR', 'shortName': 'Ro.Anderson', 'smartId': '3200414e-4446-0305-58a8-61667bde4206', 'status': 'ACT', 'uniformNumber': '11'}",Robby Anderson,WR,3430,2019,robby anderson
7.62752808988764,3.913009416524956,11.735408163265308,3.219063439899961,4.420327868852459,0.5073184523275027,62.24489795918368,24.448922931056117,4,61,98,631,"{'season': 2020, 'currentTeamId': '0810', 'displayName': 'Darnell Mooney', 'esbId': 'MOO076900', 'firstName': 'Darnell', 'footballName': 'Darnell', 'gsisId': '00-0036309', 'gsisItId': 52581, 'headshot': 'https://static.www.nfl.com/image/private/{formatInstructions}/league/sxldzvwuh31gcmbiuavt', 'jerseyNumber': 11, 'lastName': 'Mooney', 'position': 'WR', 'positionGroup': 'WR', 'shortName': 'D.Mooney', 'smartId': '32004d4f-4f07-6900-2883-f3ddae0181d4', 'status': 'INA', 'uniformNumber': '11', 'ngsPosition': 'WR', 'ngsPositionGroup': 'WR'}",Darnell Mooney,WR,810,2020,darnell mooney
7.455670103092784,3.876105686856629,13.7479,3.2657447915639746,4.845344827586207,0.9692391407295792,57.99999999999999,39.2965556667143,8,58,100,769,"{'season': 2020, 'currentTeamId': '0325', 'displayName': 'Marquise Brown', 'esbId': 'BRO413218', 'firstName': 'Marquise', 'footballName': 'Marquise', 'gsisId': '00-0035662', 'gsisItId': 47808, 'headshot': 'https://static.www.nfl.com/image/private/{formatInstructions}/league/zsfjardpwq8fw0jr2cnf', 'jerseyNumber': 15, 'lastName': 'Brown', 'ngsPosition': 'WR', 'ngsPositionGroup': 'WR', 'position': 'WR', 'positionGroup': 'WR', 'shortName': 'M.Brown', 'smartId': '32004252-4f41-3218-bf76-54f4042e0396', 'status': 'ACT', 'uniformNumber': '15'}",Marquise Brown,WR,325,2020,marquise brown
7.141666666666667,5.614923542776559,7.707999999999999,3.42324568054728,6.172702702702702,0.5577791599261435,67.27272727272727,10.428848703712356,3,37,55,394,"{'season': 2020, 'currentTeamId': '3430', 'displayName': 'Braxton Berrios', 'esbId': 'BER456050', 'firstName': 'Braxton', 'footballName': 'Braxton', 'gsisId': '00-0034419', 'gsisItId': 46279, 'headshot': 'https://static.www.nfl.com/image/private/{formatInstructions}/league/iduydmfnwwumvdkafogu', 'jerseyNumber': 10, 'lastName': 'Berrios', 'ngsPosition': 'SLOT_WR', 'ngsPositionGroup': 'WR', 'position': 'WR', 'positionGroup': 'WR', 'shortName': 'B.Berrios', 'smartId': '32004245-5245-6050-b9d8-8b288006bd46', 'status': 'ACT', 'uniformNumber': '10'}",Braxton Berrios,WR,3430,2020,braxton berrios
7.064571428571428,4.135107290009778,6.410253164556963,3.311375512820381,5.222068965517241,1.0869616755074638,73.41772151898735,10.522958256016189,5,58,79,600,"{'season': 2020, 'currentTeamId': '2250', 'displayName': 'Laviska Shenault', 'esbId': 'SHE458893', 'firstName': 'Laviska', 'footballName': 'Laviska', 'gsisId': '00-0036268', 'gsisItId': 52450, 'headshot': 'https://static.www.nfl.com/image/private/{formatInstructions}/league/mmx64blok0j1a5e9zhww', 'jerseyNumber': 10, 'lastName': 'Shenault', 'ngsPosition': 'WR', 'ngsPositionGroup': 'WR', 'position': 'WR', 'positionGroup': 'WR', 'shortName': 'L.Shenault Jr.', 'smartId': '32005348-4545-8893-4e8b-5724302de088', 'status': 'ACT', 'uniformNumber': '10'}",Laviska Shenault,WR,2250,2020,laviska shenault
6.963589743589744,5.83080015370688,16.91953488372093,3.3474026702350392,5.998076923076924,0.1672767693700443,60.46511627906976,16.758381609407213,2,26,43,452,"{'season': 2020, 'currentTeamId': '2520', 'displayName': 'Henry Ruggs', 'esbId': 'RUG318217', 'firstName': 'Henry', 'footballName': 'Henry', 'gsisId': '00-0036357', 'gsisItId': 52420, 'headshot': 'https://static.www.nfl.com/image/private/{formatInstructions}/league/qgyu27brqcvyquh7btov', 'jerseyNumber': 11, 'lastName': 'Ruggs', 'ngsPosition': 'WR', 'ngsPositionGroup': 'WR', 'position': 'WR', 'positionGroup': 'WR', 'shortName': 'H.Ruggs', 'smartId': '32005255-4731-8217-5970-b4a47789eeaf', 'status': 'ACT', 'uniformNumber': '11'}",Henry Ruggs,WR,2520,2020,henry ruggs
6.951458333333332,6.475281805924173,10.934166666666668,3.524658652918649,8.1090625,1.6337806940758277,66.66666666666666,14.561011202911985,1,32,48,477,"{'season': 2020, 'currentTeamId': '5110', 'displayName': 'Cam Sims', 'esbId': 'SIM667389', 'firstName': 'Cam', 'footballName': 'Cam', 'gsisId': '00-0034104', 'gsisItId': 46362, 'headshot': 'https://static.www.nfl.com/image/private/{formatInstructions}/league/dpybr24pjtonx4gvb1qv', 'jerseyNumber': 89, 'lastName': 'Sims', 'ngsPosition': 'WR', 'ngsPositionGroup': 'WR', 'position': 'WR', 'positionGroup': 'WR', 'shortName': 'C.Sims', 'smartId': '32005349-4d66-7389-635d-47b12e2ab8b9', 'status': 'ACT', 'uniformNumber': '89'}",Cam Sims,WR,5110,2020,cam sims
6.914634146341462,7.829263578780611,2.106818181818182,4.60005230039468,12.26939393939394,4.44013036061333,75.0,2.459362157659175,1,33,44,391,"{'season': 2020, 'currentTeamId': '4500', 'displayName': 'Deebo Samuel', 'esbId': 'SAM636097', 'firstName': 'Tyshun', 'footballName': 'Deebo', 'gsisId': '00-0035719', 'gsisItId': 47819, 'headshot': 'https://static.www.nfl.com/image/private/{formatInstructions}/league/lo27cc8jxyof165cquiw', 'jerseyNumber': 19, 'lastName': 'Samuel', 'position': 'WR', 'positionGroup': 'WR', 'shortName': 'D.Samuel', 'smartId': '32005341-4d63-6097-eab1-34810e00be67', 'status': 'INA', 'uniformNumber': '19', 'ngsPosition': 'WR', 'ngsPositionGroup': 'WR'}",Deebo Samuel,WR,4500,2020,deebo samuel
6.900932203389831,5.717379116319747,7.077906976744186,3.4120911201123416,5.669888888888888,-0.0474902274308588,69.76744186046511,23.932029419319655,6,90,129,936,"{'season': 2020, 'currentTeamId': '2510', 'displayName': 'Robert Woods', 'esbId': 'WOO561144', 'firstName': 'Robert', 'footballName': 'Robert', 'gsisId': '00-0030431', 'gsisItId': 39989, 'headshot': 'https://static.www.nfl.com/image/private/{formatInstructions}/league/yhevkmorup1plsdhwar0', 'jerseyNumber': 17, 'lastName': 'Woods', 'ngsPosition': 'WR', 'ngsPositionGroup': 'WR', 'position': 'WR', 'positionGroup': 'WR', 'shortName': 'R.Woods', 'smartId': '3200574f-4f56-1144-59b1-dbf0c9bdb37a', 'status': 'ACT', 'uniformNumber': '17'}",Robert Woods,WR,2510,2020,robert woods
6.805316455696203,4.752918988072676,7.058041237113401,3.473624456270824,4.562987012987013,-0.1899319750856634,79.38144329896907,17.125040334381396,3,77,97,851,"{'season': 2020, 'currentTeamId': '0750', 'displayName': 'Curtis Samuel', 'esbId': 'SAM633285', 'firstName': 'Curtis', 'footballName': 'Curtis', 'gsisId': '00-0033282', 'gsisItId': 44852, 'headshot': 'https://static.www.nfl.com/image/private/{formatInstructions}/league/jm3ykkg4iln5taz7mbh4', 'jerseyNumber': 10, 'lastName': 'Samuel', 'ngsPosition': 'SLOT_WR', 'ngsPositionGroup': 'WR', 'position': 'WR', 'positionGroup': 'WR', 'shortName': 'C.Samuel', 'smartId': '32005341-4d63-3285-ce5d-61e91947654e', 'status': 'ACT', 'uniformNumber': '10'}",Curtis Samuel,WR,750,2020,curtis samuel
6.780000000000001,4.009703099208185,12.291956521739133,2.4113056853050225,4.483076923076924,0.473373823868739,70.65217391304348,28.83890546502436,5,65,92,984,"{'season': 2020, 'currentTeamId': '2100', 'displayName': 'Corey Davis', 'esbId': 'DAV247957', 'firstName': 'Corey', 'footballName': 'Corey', 'gsisId': '00-0033871', 'gsisItId': 44817, 'headshot': 'https://static.www.nfl.com/image/private/{formatInstructions}/league/x8g1t1ngums0fvu82aqi', 'jerseyNumber': 84, 'lastName': 'Davis', 'ngsPosition': 'WR', 'ngsPositionGroup': 'WR', 'position': 'WR', 'positionGroup': 'WR', 'shortName': 'C.Davis', 'smartId': '32004441-5624-7957-ef31-0e38b3301e4b', 'status': 'ACT', 'uniformNumber': '84'}",Corey Davis,WR,2100,2020,corey davis
6.7175,4.939943265579102,9.26872340425532,4.093774476688737,5.173428571428572,0.2334853058494701,74.46808510638297,9.43516370701026,6,35,47,417,"{'season': 2020, 'currentTeamId': '4600', 'displayName': 'David Moore', 'esbId': 'MOO249444', 'firstName': 'David', 'footballName': 'David', 'gsisId': '00-0033589', 'gsisItId': 45039, 'headshot': 'https://static.www.nfl.com/image/private/{formatInstructions}/league/kwyhth14dkulxzjxrgup', 'jerseyNumber': 83, 'lastName': 'Moore', 'ngsPosition': 'WR', 'ngsPositionGroup': 'WR', 'position': 'WR', 'positionGroup': 'WR', 'shortName': 'D.Moore', 'smartId': '32004d4f-4f24-9444-1f85-e742d8abb0fb', 'status': 'CUT', 'uniformNumber': '83'}",David Moore,WR,4600,2020,david moore
6.692454545454546,3.6840213758180864,12.027563025210084,2.9825091500315444,4.318518518518519,0.6344971427004324,68.0672268907563,30.35009224114168,6,81,119,1143,"{'season': 2020, 'currentTeamId': '2120', 'displayName': 'Brandin Cooks', 'esbId': 'COO299382', 'firstName': 'Brandin', 'footballName': 'Brandin', 'gsisId': '00-0031236', 'gsisItId': 41246, 'headshot': 'https://static.www.nfl.com/image/private/{formatInstructions}/league/rf0zx5emnigq8zoewpmn', 'jerseyNumber': 13, 'lastName': 'Cooks', 'ngsPosition': 'WR', 'ngsPositionGroup': 'WR', 'position': 'WR', 'positionGroup': 'WR', 'shortName': 'B.Cooks', 'smartId': '3200434f-4f29-9382-29e1-70020b0a09be', 'status': 'ACT', 'uniformNumber': '13'}",Brandin Cooks,WR,2120,2020,brandin cooks
6.680000000000001,2.8928126062000303,9.5078,3.484883469912088,3.855882352941176,0.9630697467411452,68.0,14.565581731667788,4,34,50,448,"{'season': 2020, 'currentTeamId': '3300', 'displayName': ""Tre'Quan Smith"", 'esbId': 'SMI764556', 'firstName': ""Tre'Quan"", 'footballName': ""Tre'Quan"", 'gsisId': '00-0034765', 'gsisItId': 46160, 'headshot': 'https://static.www.nfl.com/image/private/{formatInstructions}/league/kahblkco0b8ustozftur', 'jerseyNumber': 10, 'lastName': 'Smith', 'ngsPosition': 'SLOT_WR', 'ngsPositionGroup': 'WR', 'position': 'WR', 'positionGroup': 'WR', 'shortName': 'T.Smith', 'smartId': '3200534d-4976-4556-d545-e418d85634bb', 'status': 'ACT', 'uniformNumber': '10'}",Tre'Quan Smith,WR,3300,2020,tre'quan smith
6.6728125,5.39282229410541,8.304202898550724,3.4342340432477467,6.553260869565217,1.160438575459807,66.66666666666666,11.518752977740071,0,46,69,602,"{'season': 2020, 'currentTeamId': '1540', 'displayName': 'Danny Amendola', 'esbId': 'AME359918', 'firstName': 'Daniel', 'footballName': 'Danny', 'gsisId': '00-0026035', 'gsisItId': 33566, 'headshot': 'https://static.www.nfl.com/image/private/{formatInstructions}/league/q4buywkxroggmv24uor5', 'jerseyNumber': 80, 'lastName': 'Amendola', 'ngsPosition': 'SLOT_WR', 'ngsPositionGroup': 'WR', 'position': 'WR', 'positionGroup': 'WR', 'shortName': 'D.Amendola', 'smartId': '3200414d-4535-9918-e336-c0dd118d7e30', 'status': 'UFA', 'uniformNumber': '80'}",Danny Amendola,WR,1540,2020,danny amendola
6.661071428571428,2.525771339184228,12.866695652173911,2.5339970249728228,2.7855263157894727,0.2597549766052447,66.08695652173913,29.745638176185725,9,76,115,978,"{'season': 2020, 'currentTeamId': '1540', 'displayName': 'Marvin Jones', 'esbId': 'JON601697', 'firstName': 'Marvin', 'footballName': 'Marvin', 'gsisId': '00-0029293', 'gsisItId': 38696, 'headshot': 'https://static.www.nfl.com/image/private/{formatInstructions}/league/enqqhmprl1evmyyqkvx3', 'jerseyNumber': 11, 'lastName': 'Jones', 'ngsPosition': 'WR', 'ngsPositionGroup': 'WR', 'position': 'WR', 'positionGroup': 'WR', 'shortName': 'M.Jones', 'smartId': '32004a4f-4e60-1697-4762-9c6d786d2931', 'status': 'ACT', 'uniformNumber': '11'}",Marvin Jones,WR,1540,2020,marvin jones
6.647580645161289,3.5372186040896056,6.737191011235954,3.0650836734815274,4.491746031746032,0.954527427656426,70.78651685393258,12.84885913633792,4,63,89,615,"{'season': 2020, 'currentTeamId': '1200', 'displayName': 'Dalton Schultz', 'esbId': 'SCH647271', 'firstName': 'Dalton', 'footballName': 'Dalton', 'gsisId': '00-0034383', 'gsisItId': 46206, 'headshot': 'https://static.www.nfl.com/image/private/{formatInstructions}/league/vmji0oq1dx5pbpiqmsra', 'jerseyNumber': 86, 'lastName': 'Schultz', 'ngsPosition': 'TE', 'ngsPositionGroup': 'TE', 'position': 'TE', 'positionGroup': 'TE', 'shortName': 'D.Schultz', 'smartId': '32005343-4864-7271-8c9c-893e6cc8875d', 'status': 'ACT', 'uniformNumber': '86'}",Dalton Schultz,TE,1200,2020,dalton schultz
6.631029411764706,5.711911941267915,6.841688311688312,3.4774215288126973,6.495892857142855,0.78398091587494,72.72727272727273,12.1347046425651,2,56,77,656,"{'season': 2020, 'currentTeamId': '2520', 'displayName': 'Hunter Renfrow', 'esbId': 'REN358499', 'firstName': 'Hunter', 'footballName': 'Hunter', 'gsisId': '00-0034983', 'gsisItId': 47932, 'headshot': 'https://static.www.nfl.com/image/private/{formatInstructions}/league/suli3bogz0uok3lqoklu', 'jerseyNumber': 13, 'lastName': 'Renfrow', 'ngsPosition': 'SLOT_WR', 'ngsPositionGroup': 'WR', 'position': 'WR', 'positionGroup': 'WR', 'shortName': 'H.Renfrow', 'smartId': '32005245-4e35-8499-ff02-b25484b87290', 'status': 'ACT', 'uniformNumber': '13'}",Hunter Renfrow,WR,2520,2020,hunter renfrow
6.608245614035087,3.606818805267104,9.587118644067797,4.223176900745077,3.862888888888888,0.2560700836217839,76.27118644067797,11.274062321862075,3,45,59,466,"{'season': 2020, 'currentTeamId': '2310', 'displayName': 'Demarcus Robinson', 'esbId': 'ROB399065', 'firstName': 'Demarcus', 'footballName': 'Demarcus', 'gsisId': '00-0032775', 'gsisItId': 43415, 'headshot': 'https://static.www.nfl.com/image/private/{formatInstructions}/league/cqa88i0xhxrd37ksclac', 'jerseyNumber': 11, 'lastName': 'Robinson', 'ngsPosition': 'WR', 'ngsPositionGroup': 'WR', 'position': 'WR', 'positionGroup': 'WR', 'shortName': 'D.Robinson', 'smartId': '3200524f-4239-9065-1db8-5ff5da8a3829', 'status': 'ACT', 'uniformNumber': '11'}",Demarcus Robinson,WR,2310,2020,demarcus robinson
6.589245283018867,3.566878881840959,10.117777777777778,3.1467739735857205,4.798888888888889,1.2320100070479305,66.66666666666666,12.857828694072357,1,36,54,373,"{'season': 2020, 'currentTeamId': '2700', 'displayName': 'Jakeem Grant', 'esbId': 'GRA443889', 'firstName': 'Jakeem', 'footballName': 'Jakeem', 'gsisId': '00-0032791', 'gsisItId': 43475, 'headshot': 'https://static.www.nfl.com/image/private/{formatInstructions}/league/mwkqkktel8zofue74uvl', 'jerseyNumber': 19, 'lastName': 'Grant', 'position': 'WR', 'positionGroup': 'WR', 'shortName': 'J.Grant', 'smartId': '32004752-4144-3889-2927-1b651b380f48', 'status': 'INA', 'uniformNumber': '19', 'ngsPosition': 'WR', 'ngsPositionGroup': 'WR'}",Jakeem Grant,WR,2700,2020,jakeem grant
6.579012345679012,3.1027834240453487,11.389204545454543,3.2609386382485868,3.462727272727273,0.3599438486819242,62.5,20.8262769536388,5,55,88,642,"{'season': 2020, 'currentTeamId': '2250', 'displayName': 'Keelan Cole', 'esbId': 'COL130738', 'firstName': 'Keelan', 'footballName': 'Keelan', 'gsisId': '00-0033681', 'gsisItId': 45555, 'headshot': 'https://static.www.nfl.com/image/private/{formatInstructions}/league/m8dbxvxhubsmkfwv4dfe', 'jerseyNumber': 84, 'lastName': 'Cole', 'ngsPosition': 'SLOT_WR', 'ngsPositionGroup': 'WR', 'position': 'WR', 'positionGroup': 'WR', 'shortName': 'K.Cole Sr.', 'smartId': '3200434f-4c13-0738-9b9e-38aa1121bdd9', 'status': 'ACT', 'uniformNumber': '84'}",Keelan Cole,WR,2250,2020,keelan cole
6.578958333333335,2.5540160683995183,9.095,2.1363611776062816,2.4134285714285717,-0.140587496970947,67.3076923076923,12.0676897011018,2,35,52,388,"{'season': 2020, 'currentTeamId': '3410', 'displayName': 'Golden Tate', 'esbId': 'TAT245022', 'firstName': 'Golden', 'footballName': 'Golden', 'gsisId': '00-0027891', 'gsisItId': 35499, 'headshot': 'https://static.www.nfl.com/image/private/{formatInstructions}/league/ou4hq9jwx5iqbvp1u62j', 'jerseyNumber': 15, 'lastName': 'Tate', 'position': 'WR', 'positionGroup': 'WR', 'shortName': 'G.Tate III', 'smartId': '32005441-5424-5022-18f3-b9b5433de8e5', 'status': 'UFA', 'uniformNumber': '15', 'ngsPosition': 'SLOT_WR', 'ngsPositionGroup': 'WR'}",Golden Tate,WR,3410,2020,golden tate
6.559506172839505,3.3306203287555327,9.351829268292684,3.1250955253671084,2.860655737704917,-0.4699645910506156,74.39024390243902,23.495690592838397,5,61,82,726,"{'season': 2020, 'currentTeamId': '3300', 'displayName': 'Emmanuel Sanders', 'esbId': 'SAN295989', 'firstName': 'Emmanuel', 'footballName': 'Emmanuel', 'gsisId': '00-0027685', 'gsisItId': 35521, 'headshot': 'https://static.www.nfl.com/image/private/{formatInstructions}/league/a7y4lor47rsusu08bise', 'jerseyNumber': 17, 'lastName': 'Sanders', 'ngsPosition': 'WR', 'ngsPositionGroup': 'WR', 'position': 'WR', 'positionGroup': 'WR', 'shortName': 'E.Sanders', 'smartId': '32005341-4e29-5989-16d2-05d6a07248e9', 'status': 'ACT', 'uniformNumber': '17'}",Emmanuel Sanders,WR,3300,2020,emmanuel sanders
6.558548387096774,5.195441399944125,6.696136363636362,3.418660985400963,4.7871428571428565,-0.4082985428012682,63.63636363636363,10.767951611282172,6,56,88,571,"{'season': 2020, 'currentTeamId': '0200', 'displayName': 'Hayden Hurst', 'esbId': 'HUR495014', 'firstName': 'Hayden', 'footballName': 'Hayden', 'gsisId': '00-0034830', 'gsisItId': 46094, 'headshot': 'https://static.www.nfl.com/image/private/{formatInstructions}/league/cw9mplvltikyayjsjmc3', 'jerseyNumber': 81, 'lastName': 'Hurst', 'ngsPosition': 'TE', 'ngsPositionGroup': 'TE', 'position': 'TE', 'positionGroup': 'TE', 'shortName': 'H.Hurst', 'smartId': '32004855-5249-5014-7c57-e10d2c41fe87', 'status': 'ACT', 'uniformNumber': '81'}",Hayden Hurst,TE,200,2020,hayden hurst
6.5578125,3.6869751400640007,9.109692307692306,2.5315409526690544,4.61,0.9230248599359996,70.76923076923077,25.377145012257213,5,92,130,1114,"{'season': 2020, 'currentTeamId': '1200', 'displayName': 'Amari Cooper', 'esbId': 'COO487703', 'firstName': 'Amari', 'footballName': 'Amari', 'gsisId': '00-0031544', 'gsisItId': 42347, 'headshot': 'https://static.www.nfl.com/image/private/{formatInstructions}/league/wkba2o3gogsar5ysdvwq', 'jerseyNumber': 19, 'lastName': 'Cooper', 'ngsPosition': 'WR', 'ngsPositionGroup': 'WR', 'position': 'WR', 'positionGroup': 'WR', 'shortName': 'A.Cooper', 'smartId': '3200434f-4f48-7703-16a5-c78426109031', 'status': 'ACT', 'uniformNumber': '19'}",Amari Cooper,WR,1200,2020,amari cooper
6.53076923076923,5.470692287826298,13.851481481481482,3.281032594239553,5.553225806451613,0.0825335186253157,57.407407407407405,14.360094763800843,1,31,54,396,"{'season': 2020, 'currentTeamId': '3700', 'displayName': 'Jalen Reagor', 'esbId': 'REA338982', 'firstName': 'Jalen', 'footballName': 'Jalen', 'gsisId': '00-0036387', 'gsisItId': 52429, 'headshot': 'https://static.www.nfl.com/image/private/{formatInstructions}/league/pfzlwlua7rh1kf3wv8iq', 'jerseyNumber': 18, 'lastName': 'Reagor', 'ngsPosition': 'WR', 'ngsPositionGroup': 'WR', 'position': 'WR', 'positionGroup': 'WR', 'shortName': 'J.Reagor', 'smartId': '32005245-4133-8982-9a32-957d59a1e153', 'status': 'ACT', 'uniformNumber': '18'}",Jalen Reagor,WR,3700,2020,jalen reagor
6.495735294117647,3.656230578748114,7.624395604395605,2.996042494538109,3.622857142857143,-0.0333734358909714,61.53846153846154,14.619355654354289,5,56,91,558,"{'season': 2020, 'currentTeamId': '3900', 'displayName': 'Eric Ebron', 'esbId': 'EBR474619', 'firstName': 'Eric', 'footballName': 'Eric', 'gsisId': '00-0031387', 'gsisItId': 41236, 'headshot': 'https://static.www.nfl.com/image/private/{formatInstructions}/league/gxxogysbupsery4gckld', 'jerseyNumber': 85, 'lastName': 'Ebron', 'ngsPosition': 'TE', 'ngsPositionGroup': 'TE', 'position': 'TE', 'positionGroup': 'TE', 'shortName': 'E.Ebron', 'smartId': '32004542-5247-4619-e13a-2be177a1a622', 'status': 'ACT', 'uniformNumber': '85'}",Eric Ebron,TE,3900,2020,eric ebron
6.4868539325842685,3.4922379862569866,8.160222222222222,3.026044201664412,3.1839393939393936,-0.3082985923175929,73.33333333333333,18.73969778467286,3,66,90,656,"{'season': 2020, 'currentTeamId': '3410', 'displayName': 'Sterling Shepard', 'esbId': 'SHE495754', 'firstName': 'Sterling', 'footballName': 'Sterling', 'gsisId': '00-0032385', 'gsisItId': 43329, 'headshot': 'https://static.www.nfl.com/image/private/{formatInstructions}/league/clyfhd10ta2iqitjn62q', 'jerseyNumber': 87, 'lastName': 'Shepard', 'ngsPosition': 'WR', 'ngsPositionGroup': 'WR', 'position': 'WR', 'positionGroup': 'WR', 'shortName': 'S.Shepard', 'smartId': '32005348-4549-5754-5697-2a8312edc489', 'status': 'ACT', 'uniformNumber': '87'}",Sterling Shepard,WR,3410,2020,sterling shepard
6.45829268292683,4.732513176151268,6.974374999999999,2.8636152896080707,4.723421052631578,-0.0090921235196894,79.16666666666666,7.098751033736934,3,38,48,441,"{'season': 2020, 'currentTeamId': '2120', 'displayName': 'Randall Cobb', 'esbId': 'COB365535', 'firstName': 'Randall', 'footballName': 'Randall', 'gsisId': '00-0028002', 'gsisItId': 37139, 'headshot': 'https://static.www.nfl.com/image/private/{formatInstructions}/league/lgdqefi7aa9lqoxgf5ru', 'jerseyNumber': 18, 'lastName': 'Cobb', 'position': 'WR', 'positionGroup': 'WR', 'shortName': 'R.Cobb', 'smartId': '3200434f-4236-5535-cf6f-4337b5dff0b3', 'status': 'RES', 'uniformNumber': '18', 'ngsPosition': 'SLOT_WR', 'ngsPositionGroup': 'WR'}",Randall Cobb,WR,2120,2020,randall cobb
6.4354545454545455,3.738555946474669,9.795238095238094,2.953453672044493,4.811692307692309,1.0731363612176397,77.38095238095238,14.69115191986644,7,65,84,840,"{'season': 2020, 'currentTeamId': '4900', 'displayName': 'Chris Godwin', 'esbId': 'GOD549393', 'firstName': 'Rod', 'footballName': 'Chris', 'gsisId': '00-0033921', 'gsisItId': 44896, 'headshot': 'https://static.www.nfl.com/image/private/{formatInstructions}/league/tj59ipzac4m2vagb3ki5', 'jerseyNumber': 14, 'lastName': 'Godwin', 'ngsPosition': 'SLOT_WR', 'ngsPositionGroup': 'WR', 'position': 'WR', 'positionGroup': 'WR', 'shortName': 'C.Godwin', 'smartId': '3200474f-4454-9393-6eec-24189dd66641', 'status': 'ACT', 'uniformNumber': '14'}",Chris Godwin,WR,4900,2020,chris godwin
6.432755905511811,4.811136185741002,9.594338235294115,2.8827387634713024,5.475157894736842,0.6640217089958398,69.85294117647058,32.63845636257669,3,95,136,1093,"{'season': 2020, 'currentTeamId': '0750', 'displayName': 'Robby Anderson', 'esbId': 'AND460305', 'firstName': 'Robby', 'footballName': 'Robby', 'gsisId': '00-0032688', 'gsisItId': 43808, 'headshot': 'https://static.www.nfl.com/image/private/{formatInstructions}/league/ew3fzelndoialgn6a2ra', 'jerseyNumber': 11, 'lastName': 'Anderson', 'ngsPosition': 'WR', 'ngsPositionGroup': 'WR', 'position': 'WR', 'positionGroup': 'WR', 'shortName': 'R.Anderson', 'smartId': '3200414e-4446-0305-58a8-61667bde4206', 'status': 'ACT', 'uniformNumber': '11'}",Robby Anderson,WR,750,2020,robby anderson
6.4280188679245285,3.244749659403016,12.045,2.479922859739996,4.621492537313433,1.376742877910417,62.03703703703704,27.29126543559533,6,67,108,908,"{'season': 2020, 'currentTeamId': '0920', 'displayName': 'Tee Higgins', 'esbId': 'HIG387791', 'firstName': 'Tamaurice', 'footballName': 'Tee', 'gsisId': '00-0036410', 'gsisItId': 52441, 'headshot': 'https://static.www.nfl.com/image/private/{formatInstructions}/league/xcymtg1vdkbntbzlmbrw', 'jerseyNumber': 85, 'lastName': 'Higgins', 'ngsPosition': 'WR', 'ngsPositionGroup': 'WR', 'position': 'WR', 'positionGroup': 'WR', 'shortName': 'T.Higgins', 'smartId': '32004849-4738-7791-9f89-d556c4b59b9a', 'status': 'ACT', 'uniformNumber': '85'}",Tee Higgins,WR,920,2020,tee higgins
6.427096774193548,5.189630391120947,6.157272727272726,3.5571709967818976,5.498928571428571,0.309298180307624,63.63636363636363,5.759390472303182,2,28,44,243,"{'season': 2020, 'currentTeamId': '0810', 'displayName': 'Cole Kmet', 'esbId': 'KME200895', 'firstName': 'Cole', 'footballName': 'Cole', 'gsisId': '00-0036290', 'gsisItId': 52451, 'headshot': 'https://static.www.nfl.com/image/private/{formatInstructions}/league/dpo09k2ilcdrqbybirpa', 'jerseyNumber': 85, 'lastName': 'Kmet', 'ngsPosition': 'TE', 'ngsPositionGroup': 'TE', 'position': 'TE', 'positionGroup': 'TE', 'shortName': 'C.Kmet', 'smartId': '32004b4d-4520-0895-f027-61d779beeff4', 'status': 'ACT', 'uniformNumber': '85'}",Cole Kmet,TE,810,2020,cole kmet
6.4071428571428575,4.138771865463368,8.760153846153848,2.8509259067268204,4.491521739130435,0.3527498736670669,70.76923076923077,10.931818443615924,3,46,65,524,"{'season': 2020, 'currentTeamId': '3700', 'displayName': 'Dallas Goedert', 'esbId': 'GOE595520', 'firstName': 'Dallas', 'footballName': 'Dallas', 'gsisId': '00-0034351', 'gsisItId': 46118, 'headshot': 'https://static.www.nfl.com/image/private/{formatInstructions}/league/bekz0emretqdor3engkr', 'jerseyNumber': 88, 'lastName': 'Goedert', 'position': 'TE', 'positionGroup': 'TE', 'shortName': 'D.Goedert', 'smartId': '3200474f-4559-5520-b7af-5e002aedafbb', 'status': 'INA', 'uniformNumber': '88', 'ngsPosition': 'TE', 'ngsPositionGroup': 'TE'}",Dallas Goedert,TE,3700,2020,dallas goedert
6.371621621621622,3.102038423195095,7.172830188679246,2.4210218083590065,3.7053846153846153,0.6033461921895205,73.58490566037736,9.694744089970165,1,39,53,387,"{'season': 2020, 'currentTeamId': '2100', 'displayName': 'Anthony Firkser', 'esbId': 'FIR355963', 'firstName': 'Anthony', 'footballName': 'Anthony', 'gsisId': '00-0033455', 'gsisItId': 45355, 'headshot': 'https://static.www.nfl.com/image/private/{formatInstructions}/league/s1mjbvtn2mrliukptu5n', 'jerseyNumber': 86, 'lastName': 'Firkser', 'ngsPosition': 'SLOT_WR', 'ngsPositionGroup': 'TE', 'position': 'TE', 'positionGroup': 'TE', 'shortName': 'A.Firkser', 'smartId': '32004649-5235-5963-ed29-7b11917cedd5', 'status': 'ACT', 'uniformNumber': '86'}",Anthony Firkser,TE,2100,2020,anthony firkser
6.346637931034483,4.428676558776318,6.328064516129033,3.2377422670247293,5.8128260869565205,1.3841495281802023,74.19354838709677,20.567312682494663,3,92,124,974,"{'season': 2020, 'currentTeamId': '2510', 'displayName': 'Cooper Kupp', 'esbId': 'KUP534597', 'firstName': 'Cooper', 'footballName': 'Cooper', 'gsisId': '00-0033908', 'gsisItId': 44881, 'headshot': 'https://static.www.nfl.com/image/private/{formatInstructions}/league/kfmofyneoponii4twxdq', 'jerseyNumber': 10, 'lastName': 'Kupp', 'position': 'WR', 'positionGroup': 'WR', 'shortName': 'C.Kupp', 'smartId': '32004b55-5053-4597-b958-87408c31956f', 'status': 'INA', 'uniformNumber': '10', 'ngsPosition': 'SLOT_WR', 'ngsPositionGroup': 'WR'}",Cooper Kupp,WR,2510,2020,cooper kupp
6.343035714285713,6.400721649058064,10.56032258064516,3.408409829710322,7.199024390243902,0.7983027411858377,66.12903225806451,13.049960336284524,4,41,62,560,"{'season': 2020, 'currentTeamId': '2310', 'displayName': 'Mecole Hardman', 'esbId': 'HAR069520', 'firstName': 'Mecole', 'footballName': 'Mecole', 'gsisId': '00-0035140', 'gsisItId': 47839, 'headshot': 'https://static.www.nfl.com/image/private/{formatInstructions}/league/g80apc2ume5jq3u57xhv', 'jerseyNumber': 17, 'lastName': 'Hardman', 'ngsPosition': 'WR', 'ngsPositionGroup': 'WR', 'position': 'WR', 'positionGroup': 'WR', 'shortName': 'M.Hardman', 'smartId': '32004841-5206-9520-9e70-d5597391d8c0', 'status': 'ACT', 'uniformNumber': '17'}",Mecole Hardman,WR,2310,2020,mecole hardman
6.30496855345912,3.629404293483714,8.9670625,3.142846883761298,4.690782608695652,1.0613783152119378,71.875,33.2071916936309,6,115,160,1407,"{'season': 2020, 'currentTeamId': '3800', 'displayName': 'DeAndre Hopkins', 'esbId': 'HOP161500', 'firstName': 'DeAndre', 'footballName': 'DeAndre', 'gsisId': '00-0030564', 'gsisItId': 39973, 'headshot': 'https://static.www.nfl.com/image/private/{formatInstructions}/league/rfdif7ec0f3czwyeyfxq', 'jerseyNumber': 10, 'lastName': 'Hopkins', 'ngsPosition': 'WR', 'ngsPositionGroup': 'WR', 'position': 'WR', 'positionGroup': 'WR', 'shortName': 'D.Hopkins', 'smartId': '3200484f-5016-1500-bfbe-c87b292b639c', 'status': 'ACT', 'uniformNumber': '10'}",DeAndre Hopkins,WR,3800,2020,deandre hopkins
6.297551020408163,2.0086925200277705,11.711,2.200846681597638,3.305675675675676,1.2969831556479052,61.66666666666667,21.528958664619967,7,37,60,504,"{'season': 2020, 'currentTeamId': '3300', 'displayName': 'Jared Cook', 'esbId': 'COO152641', 'firstName': 'Jared', 'footballName': 'Jared', 'gsisId': '00-0027061', 'gsisItId': 34540, 'headshot': 'https://static.www.nfl.com/image/private/{formatInstructions}/league/hek6kwvkzqj2dvgc5ob6', 'jerseyNumber': 87, 'lastName': 'Cook', 'ngsPosition': 'SLOT_WR', 'ngsPositionGroup': 'TE', 'position': 'TE', 'positionGroup': 'TE', 'shortName': 'J.Cook', 'smartId': '3200434f-4f15-2641-bb32-32c02af1d6b5', 'status': 'ACT', 'uniformNumber': '87'}",Jared Cook,TE,3300,2020,jared cook
6.290975609756098,3.047049384989416,8.535,2.4778503514365395,3.1980555555555554,0.1510061705661392,60.0,10.641193742038842,2,36,60,349,"{'season': 2020, 'currentTeamId': '2250', 'displayName': 'Tyler Eifert', 'esbId': 'EIF131143', 'firstName': 'Tyler', 'footballName': 'Tyler', 'gsisId': '00-0030549', 'gsisItId': 39967, 'headshot': 'https://static.www.nfl.com/image/private/{formatInstructions}/league/sextvbehmeu7ydutxtsu', 'jerseyNumber': 88, 'lastName': 'Eifert', 'ngsPosition': 'SLOT_WR', 'ngsPositionGroup': 'TE', 'position': 'TE', 'positionGroup': 'TE', 'shortName': 'T.Eifert', 'smartId': '32004549-4613-1143-bfd0-182bad3b5b94', 'status': 'UFA', 'uniformNumber': '88'}",Tyler Eifert,TE,2250,2020,tyler eifert
6.290133333333334,3.8641313807546895,10.290864197530864,3.4127916360903354,3.804576271186441,-0.0595551095682482,72.8395061728395,28.295885426037135,0,59,81,729,"{'season': 2020, 'currentTeamId': '3200', 'displayName': 'Jakobi Meyers', 'esbId': 'MEY171606', 'firstName': 'Jakobi', 'footballName': 'Jakobi', 'gsisId': '00-0034960', 'gsisItId': 48097, 'headshot': 'https://static.www.nfl.com/image/private/{formatInstructions}/league/b9kob1qeepd8fm7drm5f', 'jerseyNumber': 16, 'lastName': 'Meyers', 'ngsPosition': 'SLOT_WR', 'ngsPositionGroup': 'WR', 'position': 'WR', 'positionGroup': 'WR', 'shortName': 'J.Meyers', 'smartId': '32004d45-5917-1606-4197-8f46779fb9b7', 'status': 'ACT', 'uniformNumber': '16'}",Jakobi Meyers,WR,3200,2020,jakobi meyers
6.276166666666667,5.83581786555059,8.503114754098359,3.174078157408016,7.08325,1.2474321344494097,65.57377049180327,13.020634601867656,1,40,61,503,"{'season': 2020, 'currentTeamId': '2200', 'displayName': 'Michael Pittman', 'esbId': 'PIT228050', 'firstName': 'Michael', 'footballName': 'Michael', 'gsisId': '00-0036252', 'gsisItId': 52442, 'headshot': None, 'jerseyNumber': 11, 'lastName': 'Pittman', 'ngsPosition': 'WR', 'ngsPositionGroup': 'WR', 'position': 'WR', 'positionGroup': 'WR', 'shortName': 'M.Pittman', 'smartId': '32005049-5422-8050-a8f8-f5210135a4b3', 'status': 'ACT', 'uniformNumber': '11'}",Michael Pittman,WR,2200,2020,michael pittman
6.269239130434783,4.186592712420572,8.78980198019802,3.2089577951429136,4.885833333333333,0.6992406209127617,71.28712871287128,21.146141496715316,3,72,101,840,"{'season': 2020, 'currentTeamId': '1050', 'displayName': 'Jarvis Landry', 'esbId': 'LAN163029', 'firstName': 'Jarvis', 'footballName': 'Jarvis', 'gsisId': '00-0031382', 'gsisItId': 41292, 'headshot': 'https://static.www.nfl.com/image/private/{formatInstructions}/league/munogq6pr4gicsicbyhh', 'jerseyNumber': 80, 'lastName': 'Landry', 'ngsPosition': 'SLOT_WR', 'ngsPositionGroup': 'WR', 'position': 'WR', 'positionGroup': 'WR', 'shortName': 'J.Landry', 'smartId': '32004c41-4e16-3029-78da-4985470f8aab', 'status': 'ACT', 'uniformNumber': '80'}",Jarvis Landry,WR,1050,2020,jarvis landry
6.266885245901639,3.7027487231820926,15.904999999999998,3.1674838795699958,3.9342857142857146,0.231536991103622,56.451612903225815,19.45412219613722,7,35,62,599,"{'season': 2020, 'currentTeamId': '0610', 'displayName': 'Gabriel Davis', 'esbId': 'DAV329675', 'firstName': 'Gabriel', 'footballName': 'Gabriel', 'gsisId': '00-0036196', 'gsisItId': 52536, 'headshot': 'https://static.www.nfl.com/image/private/{formatInstructions}/league/gsci852t9zgfxblq9ukz', 'jerseyNumber': 13, 'lastName': 'Davis', 'ngsPosition': 'WR', 'ngsPositionGroup': 'WR', 'position': 'WR', 'positionGroup': 'WR', 'shortName': 'G.Davis', 'smartId': '32004441-5632-9675-38f5-3e009da4e98e', 'status': 'ACT', 'uniformNumber': '13'}",Gabriel Davis,WR,610,2020,gabriel davis
6.250163934426229,5.274193670261415,8.760483870967743,3.212629713617664,5.747777777777777,0.4735841075163627,72.58064516129032,9.697981484292004,4,45,62,483,"{'season': 2020, 'currentTeamId': '4900', 'displayName': 'Antonio Brown', 'esbId': 'BRO000001', 'firstName': 'Antonio', 'footballName': 'Antonio', 'gsisId': '00-0027793', 'gsisItId': 35634, 'headshot': 'https://static.www.nfl.com/image/private/{formatInstructions}/league/cyerysyv0ar5zndo5wik', 'jerseyNumber': 81, 'lastName': 'Brown', 'ngsPosition': 'WR', 'ngsPositionGroup': 'WR', 'position': 'WR', 'positionGroup': 'WR', 'shortName': 'A.Brown', 'smartId': '32004252-4f00-0001-4ac0-67a98b776d89', 'status': 'ACT', 'uniformNumber': '81'}",Antonio Brown,WR,4900,2020,antonio brown
6.23810810810811,5.3837898718614845,12.61111111111111,3.904784194227957,5.808709677419355,0.4249198055578702,68.88888888888889,13.134932207548133,4,31,45,438,"{'season': 2020, 'currentTeamId': '3800', 'displayName': 'Dan Arnold', 'esbId': 'ARN413883', 'firstName': 'Daniel', 'footballName': 'Dan', 'gsisId': '00-0034011', 'gsisItId': 45785, 'headshot': 'https://static.www.nfl.com/image/private/{formatInstructions}/league/od0cezg8gqjalkzvuju6', 'jerseyNumber': 85, 'lastName': 'Arnold', 'ngsPosition': 'TE', 'ngsPositionGroup': 'TE', 'position': 'TE', 'positionGroup': 'TE', 'shortName': 'D.Arnold', 'smartId': '32004152-4e41-3883-2521-46a3b5976b3b', 'status': 'ACT', 'uniformNumber': '85'}",Dan Arnold,TE,3800,2020,dan arnold
6.223333333333334,6.452034026250855,10.180652173913042,3.691646871640101,6.091818181818182,-0.3602158444326733,71.73913043478261,11.575385467182766,3,33,46,451,"{'season': 2020, 'currentTeamId': '1800', 'displayName': 'Allen Lazard', 'esbId': 'LAZ043714', 'firstName': 'Allen', 'footballName': 'Allen', 'gsisId': '00-0034521', 'gsisItId': 46705, 'headshot': 'https://static.www.nfl.com/image/private/{formatInstructions}/league/ymohw0lnwbqphttnfouy', 'jerseyNumber': 13, 'lastName': 'Lazard', 'ngsPosition': 'WR', 'ngsPositionGroup': 'WR', 'position': 'WR', 'positionGroup': 'WR', 'shortName': 'A.Lazard', 'smartId': '32004c41-5a04-3714-cfb7-872b20b0ce13', 'status': 'ACT', 'uniformNumber': '13'}",Allen Lazard,WR,1800,2020,allen lazard
6.222926829268293,3.314748201909096,7.508723404255319,3.253626961260987,3.1674999999999995,-0.1472482019090963,59.57446808510638,8.859072196003615,3,28,47,250,"{'season': 2020, 'currentTeamId': '2200', 'displayName': 'Trey Burton', 'esbId': 'BUR817654', 'firstName': 'Lawrence', 'footballName': 'Trey', 'gsisId': '00-0030710', 'gsisItId': 41548, 'headshot': 'https://static.www.nfl.com/image/private/{formatInstructions}/league/vt2ce0szit4ozyh5s5iw', 'jerseyNumber': 80, 'lastName': 'Burton', 'ngsPosition': 'TE', 'ngsPositionGroup': 'TE', 'position': 'TE', 'positionGroup': 'TE', 'shortName': 'T.Burton', 'smartId': '32004255-5281-7654-2730-ce3d8995f838', 'status': 'UFA', 'uniformNumber': '80'}",Trey Burton,TE,2200,2020,trey burton
6.218,3.472188840655485,9.648783783783784,2.8452337081016608,4.544897959183674,1.0727091185281887,66.21621621621621,18.942925287920477,2,49,74,667,"{'season': 2020, 'currentTeamId': '4500', 'displayName': 'Kendrick Bourne', 'esbId': 'BOU434790', 'firstName': 'Kendrick', 'footballName': 'Kendrick', 'gsisId': '00-0033307', 'gsisItId': 45185, 'headshot': 'https://static.www.nfl.com/image/private/{formatInstructions}/league/ds0gb18xysmfji01ma58', 'jerseyNumber': 84, 'lastName': 'Bourne', 'ngsPosition': 'WR', 'ngsPositionGroup': 'WR', 'position': 'WR', 'positionGroup': 'WR', 'shortName': 'K.Bourne', 'smartId': '3200424f-5543-4790-acfc-7b92d77f3c8b', 'status': 'ACT', 'uniformNumber': '84'}",Kendrick Bourne,WR,4500,2020,kendrick bourne
6.205583333333334,4.028511750404554,10.005454545454546,3.3953803506450804,3.4658,-0.5627117504045547,75.75757575757575,28.605030441251948,10,100,132,1054,"{'season': 2020, 'currentTeamId': '4600', 'displayName': 'Tyler Lockett', 'esbId': 'LOC420915', 'firstName': 'Tyler', 'footballName': 'Tyler', 'gsisId': '00-0032211', 'gsisItId': 42412, 'headshot': 'https://static.www.nfl.com/image/private/{formatInstructions}/league/kwcxus7rlqurps3gbbwu', 'jerseyNumber': 16, 'lastName': 'Lockett', 'ngsPosition': 'SLOT_WR', 'ngsPositionGroup': 'WR', 'position': 'WR', 'positionGroup': 'WR', 'shortName': 'T.Lockett', 'smartId': '32004c4f-4342-0915-1af7-ec50f437887c', 'status': 'ACT', 'uniformNumber': '16'}",Tyler Lockett,WR,4600,2020,tyler lockett
6.191351351351351,4.290852385527763,11.974177215189872,3.45400726743457,3.901875000000001,-0.3889773855277618,60.75949367088608,21.894485411545784,6,48,79,621,"{'season': 2020, 'currentTeamId': '3800', 'displayName': 'Christian Kirk', 'esbId': 'KIR257918', 'firstName': 'Christian', 'footballName': 'Christian', 'gsisId': '00-0034775', 'gsisItId': 46116, 'headshot': 'https://static.www.nfl.com/image/private/{formatInstructions}/league/yrt2bdvkrknccsofrtvs', 'jerseyNumber': 13, 'lastName': 'Kirk', 'position': 'WR', 'positionGroup': 'WR', 'shortName': 'C.Kirk', 'smartId': '32004b49-5225-7918-e402-81feed3bdafb', 'status': 'RES', 'uniformNumber': '13', 'ngsPosition': 'WR', 'ngsPositionGroup': 'WR'}",Christian Kirk,WR,3800,2020,christian kirk
6.191090909090908,4.957030787958173,16.405272727272727,3.0701127569768443,6.755357142857145,1.798326354898972,50.90909090909091,19.188351182830456,3,28,55,511,"{'season': 2020, 'currentTeamId': '4400', 'displayName': 'Jalen Guyton', 'esbId': 'GUY706299', 'firstName': 'Jalen', 'footballName': 'Jalen', 'gsisId': '00-0035414', 'gsisItId': 48556, 'headshot': 'https://static.www.nfl.com/image/private/{formatInstructions}/league/dsh0m17sl7afrzo9xnd7', 'jerseyNumber': 15, 'lastName': 'Guyton', 'ngsPosition': 'WR', 'ngsPositionGroup': 'WR', 'position': 'WR', 'positionGroup': 'WR', 'shortName': 'J.Guyton', 'smartId': '32004755-5970-6299-fcda-7c74fd80b038', 'status': 'ACT', 'uniformNumber': '15'}",Jalen Guyton,WR,4400,2020,jalen guyton
6.190602409638555,3.822835034784793,7.094220183486239,2.947230694005752,4.7339682539682535,0.9111332191834608,57.798165137614674,19.73100692513001,1,63,109,654,"{'season': 2020, 'currentTeamId': '3410', 'displayName': 'Evan Engram', 'esbId': 'ENG726325', 'firstName': 'Evan', 'footballName': 'Evan', 'gsisId': '00-0033881', 'gsisItId': 44835, 'headshot': 'https://static.www.nfl.com/image/private/{formatInstructions}/league/nyhnfypbeatlkr7wveja', 'jerseyNumber': 88, 'lastName': 'Engram', 'ngsPosition': 'SLOT_WR', 'ngsPositionGroup': 'TE', 'position': 'TE', 'positionGroup': 'TE', 'shortName': 'E.Engram', 'smartId': '3200454e-4772-6325-a4a0-9b4b442fe68a', 'status': 'ACT', 'uniformNumber': '88'}",Evan Engram,TE,3410,2020,evan engram
6.189154929577466,4.858543879964824,6.9265591397849455,3.4737569946062905,6.12016129032258,1.261617410357756,66.66666666666666,12.758873395658377,3,62,93,673,"{'season': 2020, 'currentTeamId': '1400', 'displayName': 'Noah Fant', 'esbId': 'FAN405165', 'firstName': 'Noah', 'footballName': 'Noah', 'gsisId': '00-0035644', 'gsisItId': 47803, 'headshot': 'https://static.www.nfl.com/image/private/{formatInstructions}/league/lbzwxhdsynwom7ustooi', 'jerseyNumber': 87, 'lastName': 'Fant', 'ngsPosition': 'TE', 'ngsPositionGroup': 'TE', 'position': 'TE', 'positionGroup': 'TE', 'shortName': 'N.Fant', 'smartId': '32004641-4e40-5165-5070-db7e36dbc0d7', 'status': 'ACT', 'uniformNumber': '87'}",Noah Fant,TE,1400,2020,noah fant
6.188,4.119554905194186,15.31188679245283,3.437165888203161,3.774848484848485,-0.3447064203457013,62.264150943396224,14.489925276530402,3,33,53,501,"{'season': 2020, 'currentTeamId': '4900', 'displayName': 'Scott Miller', 'esbId': 'MIL546315', 'firstName': 'Scott', 'footballName': 'Scott', 'gsisId': '00-0035298', 'gsisItId': 47991, 'headshot': 'https://static.www.nfl.com/image/private/{formatInstructions}/league/knmpvvmftnvmqtx5g8me', 'jerseyNumber': 10, 'lastName': 'Miller', 'ngsPosition': 'WR', 'ngsPositionGroup': 'WR', 'position': 'WR', 'positionGroup': 'WR', 'shortName': 'S.Miller', 'smartId': '32004d49-4c54-6315-cdf3-7806972abae8', 'status': 'ACT', 'uniformNumber': '10'}",Scott Miller,WR,4900,2020,scott miller
6.186881720430107,4.701335437662576,7.87411214953271,3.51071433150835,4.452804878048781,-0.248530559613795,76.63551401869158,16.62155497247923,4,82,107,967,"{'season': 2020, 'currentTeamId': '0610', 'displayName': 'Cole Beasley', 'esbId': 'BEA434808', 'firstName': 'Cole', 'footballName': 'Cole', 'gsisId': '00-0029000', 'gsisItId': 38947, 'headshot': 'https://static.www.nfl.com/image/private/{formatInstructions}/league/ydpdhw4uw8rc2bobc6b7', 'jerseyNumber': 11, 'lastName': 'Beasley', 'ngsPosition': 'SLOT_WR', 'ngsPositionGroup': 'WR', 'position': 'WR', 'positionGroup': 'WR', 'shortName': 'C.Beasley', 'smartId': '32004245-4143-4808-b9d8-45a5d1a5ad73', 'status': 'ACT', 'uniformNumber': '11'}",Cole Beasley,WR,610,2020,cole beasley
6.172769230769231,3.284252101176808,11.734411764705882,2.7329357101143965,4.7086274509803925,1.4243753498035845,75.0,14.581304192897024,3,51,68,771,"{'season': 2020, 'currentTeamId': '0200', 'displayName': 'Julio Jones', 'esbId': 'JON640315', 'firstName': 'Quintorris', 'footballName': 'Julio', 'gsisId': '00-0027944', 'gsisItId': 37079, 'headshot': 'https://static.www.nfl.com/image/private/{formatInstructions}/league/qs9ucm0ucvjjkbumufh8', 'jerseyNumber': 11, 'lastName': 'Jones', 'position': 'WR', 'positionGroup': 'WR', 'shortName': 'J.Jones', 'smartId': '32004a4f-4e64-0315-6848-b53a911b9cd3', 'status': 'INA', 'uniformNumber': '11', 'ngsPosition': 'WR', 'ngsPositionGroup': 'WR'}",Julio Jones,WR,200,2020,julio jones
6.159512195121951,4.489490310584889,8.636458333333332,3.2268457660593928,6.026969696969696,1.537479386384807,68.75,11.849364013148488,3,33,48,432,"{'season': 2020, 'currentTeamId': '0325', 'displayName': 'Willie Snead', 'esbId': 'SNE115447', 'firstName': 'Willie', 'footballName': 'Willie', 'gsisId': '00-0030663', 'gsisItId': 41500, 'headshot': 'https://static.www.nfl.com/image/private/{formatInstructions}/league/xg1dlgeps42vv2gx8qkt', 'jerseyNumber': 83, 'lastName': 'Snead', 'ngsPosition': 'SLOT_WR', 'ngsPositionGroup': 'WR', 'position': 'WR', 'positionGroup': 'WR', 'shortName': 'W.Snead', 'smartId': '3200534e-4511-5447-652c-c9261bcca6a7', 'status': 'ACT', 'uniformNumber': '83'}",Willie Snead,WR,325,2020,willie snead
6.159423076923077,2.938530965514927,12.13472222222222,2.668449227231602,3.210000000000001,0.2714690344850736,68.51851851851852,32.46909298119565,14,74,108,925,"{'season': 2020, 'currentTeamId': '3000', 'displayName': 'Adam Thielen', 'esbId': 'THI510348', 'firstName': 'Adam', 'footballName': 'Adam', 'gsisId': '00-0030035', 'gsisItId': 40488, 'headshot': 'https://static.www.nfl.com/image/private/{formatInstructions}/league/ivv1msxgjhj02lwmkwtj', 'jerseyNumber': 19, 'lastName': 'Thielen', 'ngsPosition': 'WR', 'ngsPositionGroup': 'WR', 'position': 'WR', 'positionGroup': 'WR', 'shortName': 'A.Thielen', 'smartId': '32005448-4951-0348-440c-28f32f21652b', 'status': 'ACT', 'uniformNumber': '19'}",Adam Thielen,WR,3000,2020,adam thielen
6.153877551020409,5.850756792760309,7.873389830508474,4.243192497644826,4.457307692307693,-1.3934491004526155,88.13559322033898,11.481953857637912,11,52,59,586,"{'season': 2020, 'currentTeamId': '1800', 'displayName': 'Robert Tonyan', 'esbId': 'TON816385', 'firstName': 'Robert', 'footballName': 'Robert', 'gsisId': '00-0033757', 'gsisItId': 45635, 'headshot': 'https://static.www.nfl.com/image/private/{formatInstructions}/league/z9djtrw0ncxandqumune', 'jerseyNumber': 85, 'lastName': 'Tonyan', 'ngsPosition': 'TE', 'ngsPositionGroup': 'TE', 'position': 'TE', 'positionGroup': 'TE', 'shortName': 'R.Tonyan', 'smartId': '3200544f-4e81-6385-721e-9beac148ba1c', 'status': 'ACT', 'uniformNumber': '85'}",Robert Tonyan,TE,1800,2020,robert tonyan
6.143000000000001,3.645406925339284,5.915277777777779,3.312021113309328,3.557407407407407,-0.0879995179318768,75.0,9.857564100783703,1,54,72,409,"{'season': 2020, 'currentTeamId': '3800', 'displayName': 'Larry Fitzgerald', 'esbId': 'FIT437493', 'firstName': 'Larry', 'footballName': 'Larry', 'gsisId': '00-0022921', 'gsisItId': 28955, 'headshot': 'https://static.www.nfl.com/image/private/{formatInstructions}/league/ycgjjaad5un42gy4pnga', 'jerseyNumber': 11, 'lastName': 'Fitzgerald', 'position': 'WR', 'positionGroup': 'WR', 'shortName': 'L.Fitzgerald', 'smartId': '32004649-5443-7493-c0df-1747b7d5c143', 'status': 'UFA', 'uniformNumber': '11', 'ngsPosition': 'SLOT_WR', 'ngsPositionGroup': 'WR'}",Larry Fitzgerald,WR,3800,2020,larry fitzgerald
6.141764705882352,3.5583349030476588,11.018392857142857,3.1892486267052083,4.418333333333333,0.8599984302856742,53.57142857142857,12.221319917604184,3,30,56,381,"{'season': 2020, 'currentTeamId': '1400', 'displayName': 'K.J. Hamler', 'esbId': 'HAM386186', 'firstName': 'Kahlee', 'footballName': 'K.J.', 'gsisId': '00-0036412', 'gsisItId': 52454, 'headshot': 'https://static.www.nfl.com/image/private/{formatInstructions}/league/w2zhcr5cconyonvyhhbo', 'jerseyNumber': 13, 'lastName': 'Hamler', 'position': 'WR', 'positionGroup': 'WR', 'shortName': 'K.Hamler', 'smartId': '32004841-4d38-6186-eea5-110d32b9644c', 'status': 'RES', 'uniformNumber': '13', 'ngsPosition': 'SLOT_WR', 'ngsPositionGroup': 'WR'}",K.J. Hamler,WR,1400,2020,kj hamler
6.138846153846154,4.141888591958335,5.827265625,3.056727045884082,4.38618556701031,0.2442969750519754,75.78125,15.716513200868118,9,97,128,831,"{'season': 2020, 'currentTeamId': '3900', 'displayName': 'JuJu Smith-Schuster', 'esbId': 'SMI829709', 'firstName': 'John', 'footballName': 'JuJu', 'gsisId': '00-0033857', 'gsisItId': 44874, 'headshot': 'https://static.www.nfl.com/image/private/{formatInstructions}/league/sp4gz46f1rkpksvsmtg7', 'jerseyNumber': 19, 'lastName': 'Smith-Schuster', 'ngsPosition': 'SLOT_WR', 'ngsPositionGroup': 'WR', 'position': 'WR', 'positionGroup': 'WR', 'shortName': 'J.Smith-Schuster', 'smartId': '3200534d-4982-9709-6877-2f8181b1e986', 'status': 'ACT', 'uniformNumber': '19'}",JuJu Smith-Schuster,WR,3900,2020,juju smith-schuster
6.100909090909092,2.3867680857351408,13.06313432835821,2.491713157807801,2.8984210526315795,0.5116529668964387,56.71641791044776,16.803104013638617,4,38,67,539,"{'season': 2020, 'currentTeamId': '3700', 'displayName': 'Travis Fulgham', 'esbId': 'FUL119395', 'firstName': 'Travis', 'footballName': 'Travis', 'gsisId': '00-0035592', 'gsisItId': 47967, 'headshot': 'https://static.www.nfl.com/image/private/{formatInstructions}/league/l7cyohbdkvt8qmglk6fp', 'jerseyNumber': 13, 'lastName': 'Fulgham', 'ngsPosition': 'WR', 'ngsPositionGroup': 'WR', 'position': 'WR', 'positionGroup': 'WR', 'shortName': 'T.Fulgham', 'smartId': '32004655-4c11-9395-5f24-196b3c9defed', 'status': 'CUT', 'uniformNumber': '13'}",Travis Fulgham,WR,3700,2020,travis fulgham
6.088,4.5929903728527375,6.796444444444444,3.640405903119683,4.546129032258063,-0.046861340594674,68.88888888888889,7.523609679538112,3,31,45,287,"{'season': 2020, 'currentTeamId': '3430', 'displayName': 'Christopher Herndon', 'esbId': 'HER373492', 'firstName': 'Christopher', 'footballName': 'Christopher', 'gsisId': '00-0034766', 'gsisItId': 46176, 'headshot': 'https://static.www.nfl.com/image/private/{formatInstructions}/league/orypxaqv1ux3nbqssqqx', 'jerseyNumber': 89, 'lastName': 'Herndon', 'ngsPosition': 'TE', 'ngsPositionGroup': 'TE', 'position': 'TE', 'positionGroup': 'TE', 'shortName': 'C.Herndon', 'smartId': '32004845-5237-3492-2b18-4e74e810b869', 'status': 'ACT', 'uniformNumber': '89'}",Christopher Herndon,TE,3430,2020,christopher herndon
6.087142857142857,4.224010739611987,13.82909090909091,2.8051718209543752,3.969130434782609,-0.2548803048293777,52.27272727272727,12.051972745999052,2,23,44,293,"{'season': 2020, 'currentTeamId': '1400', 'displayName': 'DaeSean Hamilton', 'esbId': 'HAM200565', 'firstName': 'DaeSean', 'footballName': 'DaeSean', 'gsisId': '00-0034370', 'gsisItId': 46182, 'headshot': 'https://static.www.nfl.com/image/private/{formatInstructions}/league/thfspx6c8befeosbsj1b', 'jerseyNumber': 17, 'lastName': 'Hamilton', 'ngsPosition': 'WR', 'ngsPositionGroup': 'WR', 'position': 'WR', 'positionGroup': 'WR', 'shortName': 'D.Hamilton', 'smartId': '32004841-4d20-0565-a51e-2028f6290d41', 'status': 'ACT', 'uniformNumber': '17'}",DaeSean Hamilton,WR,1400,2020,daesean hamilton
6.086571428571428,3.0458284758441447,14.883986013986013,2.9264692495979574,3.0712222222222225,0.0253937463780777,62.93706293706294,38.89389384816396,9,90,143,1374,"{'season': 2020, 'currentTeamId': '0200', 'displayName': 'Calvin Ridley', 'esbId': 'RID652384', 'firstName': 'Calvin', 'footballName': 'Calvin', 'gsisId': '00-0034837', 'gsisItId': 46095, 'headshot': 'https://static.www.nfl.com/image/private/{formatInstructions}/league/r8hye4mvynz7fxbfooxw', 'jerseyNumber': 18, 'lastName': 'Ridley', 'ngsPosition': 'WR', 'ngsPositionGroup': 'WR', 'position': 'WR', 'positionGroup': 'WR', 'shortName': 'C.Ridley', 'smartId': '32005249-4465-2384-7253-3a4b46622aa9', 'status': 'ACT', 'uniformNumber': '18'}",Calvin Ridley,WR,200,2020,calvin ridley
6.0845,4.298200759258664,7.553595505617977,3.2318027797125466,5.589491525423728,1.291290766165064,66.29213483146067,16.537722597642844,6,59,89,699,"{'season': 2020, 'currentTeamId': '3430', 'displayName': 'Jamison Crowder', 'esbId': 'CRO697273', 'firstName': 'Jamison', 'footballName': 'Jamison', 'gsisId': '00-0031941', 'gsisItId': 42448, 'headshot': 'https://static.www.nfl.com/image/private/{formatInstructions}/league/vvkr9dehtvp58emtgn4y', 'jerseyNumber': 82, 'lastName': 'Crowder', 'ngsPosition': 'SLOT_WR', 'ngsPositionGroup': 'WR', 'position': 'WR', 'positionGroup': 'WR', 'shortName': 'J.Crowder', 'smartId': '32004352-4f69-7273-6662-7a928881f033', 'status': 'ACT', 'uniformNumber': '82'}",Jamison Crowder,WR,3430,2020,jamison crowder
6.038035714285714,2.9321064608299467,8.152982456140352,2.854030523473694,3.3327272727272725,0.4006208118973258,57.89473684210527,15.775305767056937,2,33,57,309,"{'season': 2020, 'currentTeamId': '3200', 'displayName': ""N'Keal Harry"", 'esbId': 'HAR654593', 'firstName': ""N'Keal"", 'footballName': ""N'Keal"", 'gsisId': '00-0035624', 'gsisItId': 47815, 'headshot': 'https://static.www.nfl.com/image/private/{formatInstructions}/league/btk6zy5hg3kulr1g7kfh', 'jerseyNumber': 15, 'lastName': 'Harry', 'ngsPosition': 'WR', 'ngsPositionGroup': 'WR', 'position': 'WR', 'positionGroup': 'WR', 'shortName': 'N.Harry', 'smartId': '32004841-5265-4593-d716-d972ec2d4468', 'status': 'ACT', 'uniformNumber': '15'}",N'Keal Harry,WR,3200,2020,n'keal harry
6.02923076923077,4.254826102503714,13.407881355932204,2.510260779717669,6.09621212121212,1.8413860187084052,55.932203389830505,39.57471928521223,4,66,118,1193,"{'season': 2020, 'currentTeamId': '0750', 'displayName': 'D.J. Moore', 'esbId': 'MOO272423', 'firstName': 'Denniston', 'footballName': 'D.J.', 'gsisId': '00-0034827', 'gsisItId': 46093, 'headshot': 'https://static.www.nfl.com/image/private/{formatInstructions}/league/yy6o0pkengsmm6dox1wy', 'jerseyNumber': 12, 'lastName': 'Moore', 'ngsPosition': 'WR', 'ngsPositionGroup': 'WR', 'position': 'WR', 'positionGroup': 'WR', 'shortName': 'D.Moore', 'smartId': '32004d4f-4f27-2423-f0b4-728a741b03cb', 'status': 'ACT', 'uniformNumber': '12'}",D.J. Moore,WR,750,2020,dj moore
5.930833333333333,4.733315451109865,15.574000000000003,2.620778233718892,5.662000000000001,0.9286845488901356,50.0,22.987058033441,3,30,60,505,"{'season': 2020, 'currentTeamId': '3430', 'displayName': 'Breshad Perriman', 'esbId': 'PER440170', 'firstName': 'Breshad', 'footballName': 'Breshad', 'gsisId': '00-0032054', 'gsisItId': 42369, 'headshot': 'https://static.www.nfl.com/image/private/{formatInstructions}/league/bne5jiks934q5elln42g', 'jerseyNumber': 19, 'lastName': 'Perriman', 'ngsPosition': 'WR', 'ngsPositionGroup': 'WR', 'position': 'WR', 'positionGroup': 'WR', 'shortName': 'B.Perriman', 'smartId': '32005045-5244-0170-6920-f60eb457c1fb', 'status': 'CUT', 'uniformNumber': '19'}",Breshad Perriman,WR,3430,2020,breshad perriman
5.918194444444444,3.341530750383199,11.133882352941177,2.049102035389857,3.7754716981132073,0.4339409477300084,62.35294117647059,22.271747418361876,6,53,85,703,"{'season': 2020, 'currentTeamId': '2700', 'displayName': 'Mike Gesicki', 'esbId': 'GES490798', 'firstName': 'Michael', 'footballName': 'Mike', 'gsisId': '00-0034829', 'gsisItId': 46111, 'headshot': 'https://static.www.nfl.com/image/private/{formatInstructions}/league/faruxkrb5psvgxbzab4j', 'jerseyNumber': 88, 'lastName': 'Gesicki', 'ngsPosition': 'SLOT_WR', 'ngsPositionGroup': 'TE', 'position': 'TE', 'positionGroup': 'TE', 'shortName': 'M.Gesicki', 'smartId': '32004745-5349-0798-d83d-d46852aa6fbb', 'status': 'ACT', 'uniformNumber': '88'}",Mike Gesicki,TE,2700,2020,mike gesicki
5.903253012048193,3.5931478683363207,8.620636363636363,2.741550116144465,4.76253164556962,1.1693837772332991,71.81818181818181,19.894137935375053,4,79,110,841,"{'season': 2020, 'currentTeamId': '0920', 'displayName': 'Tyler Boyd', 'esbId': 'BOY378353', 'firstName': 'Tyler', 'footballName': 'Tyler', 'gsisId': '00-0033009', 'gsisItId': 43344, 'headshot': 'https://static.www.nfl.com/image/private/{formatInstructions}/league/mwjj5sldplsmfnwqpzbe', 'jerseyNumber': 83, 'lastName': 'Boyd', 'ngsPosition': 'SLOT_WR', 'ngsPositionGroup': 'WR', 'position': 'WR', 'positionGroup': 'WR', 'shortName': 'T.Boyd', 'smartId': '3200424f-5937-8353-b941-dfa7122ba16b', 'status': 'ACT', 'uniformNumber': '83'}",Tyler Boyd,WR,920,2020,tyler boyd
5.873218390804598,4.635239299785805,9.376486486486488,3.015356082812003,4.560945945945946,-0.0742933538398595,66.66666666666666,22.302770301544587,5,74,111,935,"{'season': 2020, 'currentTeamId': '1200', 'displayName': 'CeeDee Lamb', 'esbId': 'LAM138457', 'firstName': 'Cedarian', 'footballName': 'CeeDee', 'gsisId': '00-0036358', 'gsisItId': 52425, 'headshot': 'https://static.www.nfl.com/image/private/{formatInstructions}/league/e8ftgnyivmkwtffd6tcr', 'jerseyNumber': 88, 'lastName': 'Lamb', 'ngsPosition': 'SLOT_WR', 'ngsPositionGroup': 'WR', 'position': 'WR', 'positionGroup': 'WR', 'shortName': 'C.Lamb', 'smartId': '32004c41-4d13-8457-fcbe-d37fdbd87233', 'status': 'ACT', 'uniformNumber': '88'}",CeeDee Lamb,WR,1200,2020,ceedee lamb
5.858305084745764,3.1526231731013725,7.33875,2.967404200894425,2.862222222222222,-0.2904009508791505,50.0,10.144295933373522,1,36,72,335,"{'season': 2020, 'currentTeamId': '3700', 'displayName': 'Zach Ertz', 'esbId': 'ERT800920', 'firstName': 'Zachary', 'footballName': 'Zach', 'gsisId': '00-0030061', 'gsisItId': 39983, 'headshot': 'https://static.www.nfl.com/image/private/{formatInstructions}/league/icuoo1jw9otwklr1xudr', 'jerseyNumber': 86, 'lastName': 'Ertz', 'ngsPosition': 'SLOT_WR', 'ngsPositionGroup': 'TE', 'position': 'TE', 'positionGroup': 'TE', 'shortName': 'Z.Ertz', 'smartId': '32004552-5480-0920-32a6-165b5a77814e', 'status': 'ACT', 'uniformNumber': '86'}",Zach Ertz,TE,3700,2020,zach ertz
5.8521875,4.840522950368609,4.454905660377357,3.855346142624045,5.1995000000000005,0.3589770496313917,75.47169811320755,4.953446706024025,1,40,53,349,"{'season': 2020, 'currentTeamId': '0920', 'displayName': 'Drew Sample', 'esbId': 'SAM093961', 'firstName': 'Drew', 'footballName': 'Drew', 'gsisId': '00-0035631', 'gsisItId': 47835, 'headshot': 'https://static.www.nfl.com/image/private/{formatInstructions}/league/oefmqcyci8xlr8fxvnms', 'jerseyNumber': 89, 'lastName': 'Sample', 'ngsPosition': 'TE', 'ngsPositionGroup': 'TE', 'position': 'TE', 'positionGroup': 'TE', 'shortName': 'D.Sample', 'smartId': '32005341-4d09-3961-4a51-98a97d3cf50f', 'status': 'ACT', 'uniformNumber': '89'}",Drew Sample,TE,920,2020,drew sample
5.831290322580644,4.654480276147283,10.93887323943662,2.9433158098848864,5.584772727272727,0.9302924511254442,61.97183098591549,19.496435385078826,5,44,71,629,"{'season': 2020, 'currentTeamId': '2200', 'displayName': 'Zach Pascal', 'esbId': 'PAS035497', 'firstName': 'Zachary', 'footballName': 'Zach', 'gsisId': '00-0033251', 'gsisItId': 45102, 'headshot': 'https://static.www.nfl.com/image/private/{formatInstructions}/league/ygh7tavdzx0h2ys4srxz', 'jerseyNumber': 14, 'lastName': 'Pascal', 'ngsPosition': 'SLOT_WR', 'ngsPositionGroup': 'WR', 'position': 'WR', 'positionGroup': 'WR', 'shortName': 'Z.Pascal', 'smartId': '32005041-5303-5497-62e8-1fb281a506b7', 'status': 'ACT', 'uniformNumber': '14'}",Zach Pascal,WR,2200,2020,zach pascal
5.821,3.5792203805890046,6.059240506329114,3.5234527034270933,3.032830188679246,-0.5463901919097585,67.08860759493672,9.189938449605854,6,53,79,419,"{'season': 2020, 'currentTeamId': '3700', 'displayName': 'Greg Ward', 'esbId': 'WAR170484', 'firstName': 'Gregory', 'footballName': 'Greg', 'gsisId': '00-0033733', 'gsisItId': 45607, 'headshot': 'https://static.www.nfl.com/image/private/{formatInstructions}/league/u3rspijhwrmzah2fahpb', 'jerseyNumber': 84, 'lastName': 'Ward', 'ngsPosition': 'SLOT_WR', 'ngsPositionGroup': 'WR', 'position': 'WR', 'positionGroup': 'WR', 'shortName': 'G.Ward', 'smartId': '32005741-5217-0484-b321-8aea367bc0a5', 'status': 'ACT', 'uniformNumber': '84'}",Greg Ward,WR,3700,2020,greg ward
5.806184210526317,4.2802818110909975,11.854415584415584,2.9814615976466623,3.493617021276596,-0.7866647898144015,61.03896103896104,30.98541347717313,1,47,77,604,"{'season': 2020, 'currentTeamId': '3200', 'displayName': 'Damiere Byrd', 'esbId': 'BYR127180', 'firstName': 'Damiere', 'footballName': 'Damiere', 'gsisId': '00-0031868', 'gsisItId': 42899, 'headshot': 'https://static.www.nfl.com/image/private/{formatInstructions}/league/thhwhd13yrxfotpmg3mr', 'jerseyNumber': 10, 'lastName': 'Byrd', 'ngsPosition': 'WR', 'ngsPositionGroup': 'WR', 'position': 'WR', 'positionGroup': 'WR', 'shortName': 'D.Byrd', 'smartId': '32004259-5212-7180-f659-822413a5f5b7', 'status': 'ACT', 'uniformNumber': '10'}",Damiere Byrd,WR,3200,2020,damiere byrd
5.797131147540983,3.374740373766634,11.500080000000002,2.6343901965568284,5.318977272727273,1.944236898960639,70.39999999999999,35.614547977107755,7,88,125,1400,"{'season': 2020, 'currentTeamId': '3000', 'displayName': 'Justin Jefferson', 'esbId': 'JEF269287', 'firstName': 'Justin', 'footballName': 'Justin', 'gsisId': '00-0036322', 'gsisItId': 52430, 'headshot': None, 'jerseyNumber': 18, 'lastName': 'Jefferson', 'ngsPosition': 'WR', 'ngsPositionGroup': 'WR', 'position': 'WR', 'positionGroup': 'WR', 'shortName': 'J.Jefferson', 'smartId': '32004a45-4626-9287-c454-479b942cbd26', 'status': 'ACT', 'uniformNumber': '18'}",Justin Jefferson,WR,3000,2020,justin jefferson
5.777477477477478,4.868387932476608,7.883931034482759,2.953782115922538,5.679906542056074,0.8115186095794655,73.79310344827587,26.33213171018232,9,107,145,1196,"{'season': 2020, 'currentTeamId': '2520', 'displayName': 'Darren Waller', 'esbId': 'WAL509040', 'firstName': 'Darren', 'footballName': 'Darren', 'gsisId': '00-0031610', 'gsisItId': 42547, 'headshot': 'https://static.www.nfl.com/image/private/{formatInstructions}/league/rhkmz0hgvksweumwf03u', 'jerseyNumber': 83, 'lastName': 'Waller', 'ngsPosition': 'TE', 'ngsPositionGroup': 'TE', 'position': 'TE', 'positionGroup': 'TE', 'shortName': 'D.Waller', 'smartId': '32005741-4c50-9040-67d6-042691fb535a', 'status': 'ACT', 'uniformNumber': '83'}",Darren Waller,TE,2520,2020,darren waller
5.768918918918919,3.399045736654964,7.2880909090909105,2.9025726389213498,4.099166666666666,0.700120930011702,65.45454545454545,22.24185860693261,6,72,110,670,"{'season': 2020, 'currentTeamId': '5110', 'displayName': 'Logan Thomas', 'esbId': 'THO296280', 'firstName': 'Logan', 'footballName': 'Logan', 'gsisId': '00-0031260', 'gsisItId': 41349, 'headshot': 'https://static.www.nfl.com/image/private/{formatInstructions}/league/rdtcovvvxsmag3er42um', 'jerseyNumber': 82, 'lastName': 'Thomas', 'ngsPosition': 'SLOT_WR', 'ngsPositionGroup': 'TE', 'position': 'TE', 'positionGroup': 'TE', 'shortName': 'L.Thomas', 'smartId': '32005448-4f29-6280-e212-928e7f08f1ce', 'status': 'ACT', 'uniformNumber': '82'}",Logan Thomas,TE,5110,2020,logan thomas
5.75904761904762,3.96652621323566,7.101842105263158,3.03781797448002,4.1266,0.16007378676434,65.78947368421053,11.474137802749594,8,50,76,456,"{'season': 2020, 'currentTeamId': '0810', 'displayName': 'Jimmy Graham', 'esbId': 'GRA207087', 'firstName': 'Jimmy', 'footballName': 'Jimmy', 'gsisId': '00-0027696', 'gsisItId': 35534, 'headshot': 'https://static.www.nfl.com/image/private/{formatInstructions}/league/iwwyf70p2gckryfv7cyn', 'jerseyNumber': 80, 'lastName': 'Graham', 'ngsPosition': 'TE', 'ngsPositionGroup': 'TE', 'position': 'TE', 'positionGroup': 'TE', 'shortName': 'J.Graham', 'smartId': '32004752-4120-7087-8983-64184106d580', 'status': 'ACT', 'uniformNumber': '80'}",Jimmy Graham,TE,810,2020,jimmy graham
5.726792452830188,4.983655412288744,6.309999999999999,3.6019644774990733,6.026341463414635,1.0426860511258909,66.12903225806451,10.254299928181627,1,41,62,417,"{'season': 2020, 'currentTeamId': '2510', 'displayName': 'Gerald Everett', 'esbId': 'EVE166115', 'firstName': 'Gerald', 'footballName': 'Gerald', 'gsisId': '00-0033895', 'gsisItId': 44856, 'headshot': 'https://static.www.nfl.com/image/private/{formatInstructions}/league/rj2vwzixa1nf9h4nbasp', 'jerseyNumber': 81, 'lastName': 'Everett', 'ngsPosition': 'TE', 'ngsPositionGroup': 'TE', 'position': 'TE', 'positionGroup': 'TE', 'shortName': 'G.Everett', 'smartId': '32004556-4516-6115-f11c-124334bc44da', 'status': 'ACT', 'uniformNumber': '81'}",Gerald Everett,TE,2510,2020,gerald everett
5.726766917293234,4.642977006155443,7.237823129251701,2.9445020194984743,4.651500000000001,0.0085229938445579,68.02721088435374,22.626470563216145,8,100,147,992,"{'season': 2020, 'currentTeamId': '4400', 'displayName': 'Keenan Allen', 'esbId': 'ALL532966', 'firstName': 'Keenan', 'footballName': 'Keenan', 'gsisId': '00-0030279', 'gsisItId': 40024, 'headshot': 'https://static.www.nfl.com/image/private/{formatInstructions}/league/b8qnvpzmwsfituhchmkp', 'jerseyNumber': 13, 'lastName': 'Allen', 'position': 'WR', 'positionGroup': 'WR', 'shortName': 'K.Allen', 'smartId': '3200414c-4c53-2966-dfa9-55ae464e7b3d', 'status': 'RES', 'uniformNumber': '13', 'ngsPosition': 'SLOT_WR', 'ngsPositionGroup': 'WR'}",Keenan Allen,WR,4400,2020,keenan allen
5.722307692307691,4.849888360390121,5.683692307692307,3.272765979644888,6.260487804878049,1.4105994444879275,63.07692307692307,9.4213653635274,8,41,65,448,"{'season': 2020, 'currentTeamId': '2100', 'displayName': 'Jonnu Smith', 'esbId': 'SMI443054', 'firstName': 'Jonnu', 'footballName': 'Jonnu', 'gsisId': '00-0033858', 'gsisItId': 44912, 'headshot': 'https://static.www.nfl.com/image/private/{formatInstructions}/league/lszb7vp0xxueph7ubdqc', 'jerseyNumber': 81, 'lastName': 'Smith', 'ngsPosition': 'TE', 'ngsPositionGroup': 'TE', 'position': 'TE', 'positionGroup': 'TE', 'shortName': 'J.Smith', 'smartId': '3200534d-4944-3054-540c-5ec35eb5903e', 'status': 'ACT', 'uniformNumber': '81'}",Jonnu Smith,TE,2100,2020,jonnu smith
5.712242990654206,3.4436767496496183,13.304311926605507,2.513778395444474,5.209354838709678,1.7656780890600596,56.88073394495413,30.556269622200222,9,62,109,859,"{'season': 2020, 'currentTeamId': '3900', 'displayName': 'Chase Claypool', 'esbId': 'CLA781009', 'firstName': 'Chase', 'footballName': 'Chase', 'gsisId': '00-0036326', 'gsisItId': 52457, 'headshot': 'https://static.www.nfl.com/image/private/{formatInstructions}/league/to50lyvotmzynmy3ds1a', 'jerseyNumber': 11, 'lastName': 'Claypool', 'ngsPosition': 'WR', 'ngsPositionGroup': 'WR', 'position': 'WR', 'positionGroup': 'WR', 'shortName': 'C.Claypool', 'smartId': '3200434c-4178-1009-34a1-bfb9899e5d84', 'status': 'ACT', 'uniformNumber': '11'}",Chase Claypool,WR,3900,2020,chase claypool
5.700263157894736,3.908519459096816,12.461898734177216,2.595981617564615,4.995098039215687,1.0865785801188714,64.55696202531645,19.499485026144832,6,51,79,742,"{'season': 2020, 'currentTeamId': '1400', 'displayName': 'Tim Patrick', 'esbId': 'PAT283375', 'firstName': 'Tim', 'footballName': 'Tim', 'gsisId': '00-0033375', 'gsisItId': 45267, 'headshot': 'https://static.www.nfl.com/image/private/{formatInstructions}/league/wokwngkb2toke3lf8ejq', 'jerseyNumber': 81, 'lastName': 'Patrick', 'ngsPosition': 'WR', 'ngsPositionGroup': 'WR', 'position': 'WR', 'positionGroup': 'WR', 'shortName': 'T.Patrick', 'smartId': '32005041-5428-3375-95f4-ff207c5ba0aa', 'status': 'ACT', 'uniformNumber': '81'}",Tim Patrick,WR,1400,2020,tim patrick
5.689506172839506,5.319777835168202,7.167425742574258,3.325123785014396,5.062686567164179,-0.2570912680040234,66.33663366336634,14.552680619410149,6,67,101,723,"{'season': 2020, 'currentTeamId': '1540', 'displayName': 'T.J. Hockenson', 'esbId': 'HOC422041', 'firstName': 'Thomas', 'footballName': 'T.J.', 'gsisId': '00-0035229', 'gsisItId': 47791, 'headshot': 'https://static.www.nfl.com/image/private/{formatInstructions}/league/ad89lw2t6v9bywmbh2uu', 'jerseyNumber': 88, 'lastName': 'Hockenson', 'ngsPosition': 'TE', 'ngsPositionGroup': 'TE', 'position': 'TE', 'positionGroup': 'TE', 'shortName': 'T.Hockenson', 'smartId': '3200484f-4342-2041-c442-6c874885b155', 'status': 'ACT', 'uniformNumber': '88'}",T.J. Hockenson,TE,1540,2020,tj hockenson
5.675862068965517,3.51405394956612,10.820317460317462,2.7858465805720543,4.70325,1.1891960504338797,63.49206349206349,14.164985256928407,2,40,63,471,"{'season': 2020, 'currentTeamId': '2250', 'displayName': 'Chris Conley', 'esbId': 'CON236839', 'firstName': 'Christian', 'footballName': 'Chris', 'gsisId': '00-0032128', 'gsisItId': 42419, 'headshot': 'https://static.www.nfl.com/image/private/{formatInstructions}/league/wjg9xv9g6lrzc50tpemy', 'jerseyNumber': 18, 'lastName': 'Conley', 'ngsPosition': 'WR', 'ngsPositionGroup': 'WR', 'position': 'WR', 'positionGroup': 'WR', 'shortName': 'C.Conley', 'smartId': '3200434f-4e23-6839-29a1-a288b71f08e0', 'status': 'ACT', 'uniformNumber': '18'}",Chris Conley,WR,2250,2020,chris conley
5.671454545454545,3.324876512479745,12.993571428571428,2.2765616170010192,4.607333333333333,1.282456820853588,53.57142857142857,15.331970753703198,5,30,56,392,"{'season': 2020, 'currentTeamId': '3900', 'displayName': 'James Washington', 'esbId': 'WAS398381', 'firstName': 'James', 'footballName': 'James', 'gsisId': '00-0034676', 'gsisItId': 46129, 'headshot': 'https://static.www.nfl.com/image/private/{formatInstructions}/league/yptzwstif3onpqoobsau', 'jerseyNumber': 13, 'lastName': 'Washington', 'ngsPosition': 'WR', 'ngsPositionGroup': 'WR', 'position': 'WR', 'positionGroup': 'WR', 'shortName': 'J.Washington', 'smartId': '32005741-5339-8381-df30-c40eef116ddf', 'status': 'ACT', 'uniformNumber': '13'}",James Washington,WR,3900,2020,james washington
5.670377358490566,4.351664934478072,6.921904761904762,3.859116871256198,6.624583333333333,2.2729183988552606,76.19047619047619,11.569348972082128,2,48,63,634,"{'season': 2020, 'currentTeamId': '4500', 'displayName': 'George Kittle', 'esbId': 'KIT388290', 'firstName': 'George', 'footballName': 'George', 'gsisId': '00-0033288', 'gsisItId': 44959, 'headshot': 'https://static.www.nfl.com/image/private/{formatInstructions}/league/n5dvz5zxymahzxnl4cq3', 'jerseyNumber': 85, 'lastName': 'Kittle', 'ngsPosition': 'TE', 'ngsPositionGroup': 'TE', 'position': 'TE', 'positionGroup': 'TE', 'shortName': 'G.Kittle', 'smartId': '32004b49-5438-8290-eeed-c9c9cca62ec1', 'status': 'ACT', 'uniformNumber': '85'}",George Kittle,TE,4500,2020,george kittle
5.6320895522388055,3.341108134325743,10.42590909090909,2.5955981920808107,3.386551724137931,0.0454435898121876,65.9090909090909,26.224953551522077,7,58,88,701,"{'season': 2020, 'currentTeamId': '0325', 'displayName': 'Mark Andrews', 'esbId': 'AND701433', 'firstName': 'Mark', 'footballName': 'Mark', 'gsisId': '00-0034753', 'gsisItId': 46155, 'headshot': 'https://static.www.nfl.com/image/private/{formatInstructions}/league/rx3nyhawhvj9lddniknj', 'jerseyNumber': 89, 'lastName': 'Andrews', 'ngsPosition': 'SLOT_WR', 'ngsPositionGroup': 'TE', 'position': 'TE', 'positionGroup': 'TE', 'shortName': 'M.Andrews', 'smartId': '3200414e-4470-1433-75dd-307507e53173', 'status': 'ACT', 'uniformNumber': '89'}",Mark Andrews,TE,325,2020,mark andrews
5.626465517241378,4.217577847953602,13.225111111111111,3.4330638514174847,5.2218390804597705,1.0042612325061686,64.44444444444444,35.58552812536126,15,87,135,1276,"{'season': 2020, 'currentTeamId': '2310', 'displayName': 'Tyreek Hill', 'esbId': 'HIL628694', 'firstName': 'Tyreek', 'footballName': 'Tyreek', 'gsisId': '00-0033040', 'gsisItId': 43454, 'headshot': 'https://static.www.nfl.com/image/private/{formatInstructions}/league/bsgiiaeo4l2arlrw1sbz', 'jerseyNumber': 10, 'lastName': 'Hill', 'ngsPosition': 'SLOT_WR', 'ngsPositionGroup': 'WR', 'position': 'WR', 'positionGroup': 'WR', 'shortName': 'T.Hill', 'smartId': '32004849-4c62-8694-8490-45499711dee4', 'status': 'ACT', 'uniformNumber': '10'}",Tyreek Hill,WR,2310,2020,tyreek hill
5.625490196078431,4.239709345703062,7.607666666666668,3.065636977125739,5.817045454545454,1.5773361088423918,73.33333333333333,11.964310989258696,5,44,60,521,"{'season': 2020, 'currentTeamId': '2510', 'displayName': 'Tyler Higbee', 'esbId': 'HIG033222', 'firstName': 'Tyler', 'footballName': 'Tyler', 'gsisId': '00-0033110', 'gsisItId': 43399, 'headshot': 'https://static.www.nfl.com/image/private/{formatInstructions}/league/bj4bwulzt446tzapz5hf', 'jerseyNumber': 89, 'lastName': 'Higbee', 'ngsPosition': 'TE', 'ngsPositionGroup': 'TE', 'position': 'TE', 'positionGroup': 'TE', 'shortName': 'T.Higbee', 'smartId': '32004849-4703-3222-e4e8-bd596550bfdb', 'status': 'ACT', 'uniformNumber': '89'}",Tyler Higbee,TE,2510,2020,tyler higbee
5.609230769230769,2.933678139656427,14.217096774193548,2.2804497233154364,3.3179245283018863,0.3842463886454594,56.98924731182796,27.474477550842284,5,53,93,706,"{'season': 2020, 'currentTeamId': '2250', 'displayName': 'D.J. Chark', 'esbId': 'CHA553392', 'firstName': 'Darrell', 'footballName': 'D.J.', 'gsisId': '00-0034777', 'gsisItId': 46130, 'headshot': 'https://static.www.nfl.com/image/private/{formatInstructions}/league/zqgiekprlo1d7eknxhcd', 'jerseyNumber': 17, 'lastName': 'Chark', 'position': 'WR', 'positionGroup': 'WR', 'shortName': 'D.Chark Jr.', 'smartId': '32004348-4155-3392-9ee6-7f21c24c95c9', 'status': 'INA', 'uniformNumber': '17', 'ngsPosition': 'WR', 'ngsPositionGroup': 'WR'}",D.J. Chark,WR,2250,2020,dj chark
5.609210526315789,2.780870324597042,9.224772727272727,2.760845131925641,2.876071428571428,0.0952011039743863,63.63636363636363,9.55206107445096,0,28,44,276,"{'season': 2020, 'currentTeamId': '2700', 'displayName': 'Isaiah Ford', 'esbId': 'FOR208311', 'firstName': 'Isaiah', 'footballName': 'Isaiah', 'gsisId': '00-0033471', 'gsisItId': 45050, 'headshot': 'https://static.www.nfl.com/image/private/{formatInstructions}/league/psvrbubluifylipfv4ak', 'jerseyNumber': 84, 'lastName': 'Ford', 'ngsPosition': 'SLOT_WR', 'ngsPositionGroup': 'WR', 'position': 'WR', 'positionGroup': 'WR', 'shortName': 'I.Ford', 'smartId': '3200464f-5220-8311-e1cb-5d924d912ba3', 'status': 'CUT', 'uniformNumber': '84'}",Isaiah Ford,WR,2700,2020,isaiah ford
5.600753424657534,3.274145068721575,9.50006622516556,2.307674202102864,3.6412745098039214,0.3671294410823464,67.54966887417218,30.49573020236098,6,102,151,1250,"{'season': 2020, 'currentTeamId': '0810', 'displayName': 'Allen Robinson', 'esbId': 'ROB365982', 'firstName': 'Allen', 'footballName': 'Allen', 'gsisId': '00-0031428', 'gsisItId': 41290, 'headshot': 'https://static.www.nfl.com/image/private/{formatInstructions}/league/pph9jgnrnnlilxz8xhd9', 'jerseyNumber': 12, 'lastName': 'Robinson', 'ngsPosition': 'WR', 'ngsPositionGroup': 'WR', 'position': 'WR', 'positionGroup': 'WR', 'shortName': 'A.Robinson', 'smartId': '3200524f-4236-5982-45ce-8ca18ca03af8', 'status': 'ACT', 'uniformNumber': '12'}",Allen Robinson,WR,810,2020,allen robinson
5.55695238095238,3.2637270450657967,12.126190476190478,2.71861943553522,4.511016949152542,1.2472899040867451,56.19047619047619,27.28408448048276,5,59,105,843,"{'season': 2020, 'currentTeamId': '1200', 'displayName': 'Michael Gallup', 'esbId': 'GAL779981', 'firstName': 'Michael', 'footballName': 'Michael', 'gsisId': '00-0034764', 'gsisItId': 46150, 'headshot': 'https://static.www.nfl.com/image/private/{formatInstructions}/league/urgdbqzgf0f8vunybwft', 'jerseyNumber': 13, 'lastName': 'Gallup', 'ngsPosition': 'WR', 'ngsPositionGroup': 'WR', 'position': 'WR', 'positionGroup': 'WR', 'shortName': 'M.Gallup', 'smartId': '32004741-4c77-9981-95e1-30b1c57c6002', 'status': 'ACT', 'uniformNumber': '13'}",Michael Gallup,WR,1200,2020,michael gallup
5.548461538461539,4.0730405189695285,9.6671875,2.7800341384372405,4.882500000000003,0.8094594810304745,62.5,24.62147842951022,5,60,96,748,"{'season': 2020, 'currentTeamId': '4500', 'displayName': 'Brandon Aiyuk', 'esbId': 'AIY189231', 'firstName': 'Brandon', 'footballName': 'Brandon', 'gsisId': '00-0036261', 'gsisItId': 52433, 'headshot': None, 'jerseyNumber': 11, 'lastName': 'Aiyuk', 'position': 'WR', 'positionGroup': 'WR', 'shortName': 'B.Aiyuk', 'smartId': '32004149-5918-9231-4476-63b611051b08', 'status': 'INA', 'uniformNumber': '11', 'ngsPosition': 'WR', 'ngsPositionGroup': 'WR'}",Brandon Aiyuk,WR,4500,2020,brandon aiyuk
5.539069767441862,2.532507408432456,8.464782608695655,2.0924867505134954,3.2603846153846145,0.7278772069521589,56.52173913043478,10.330382275613053,4,26,46,231,"{'season': 2020, 'currentTeamId': '4500', 'displayName': 'Jordan Reed', 'esbId': 'REE302847', 'firstName': 'Jordan', 'footballName': 'Jordan', 'gsisId': '00-0030472', 'gsisItId': 40033, 'headshot': 'https://static.www.nfl.com/image/private/{formatInstructions}/league/jur0qgejd3lzv8flmxcq', 'jerseyNumber': 81, 'lastName': 'Reed', 'position': 'TE', 'positionGroup': 'TE', 'shortName': 'J.Reed', 'smartId': '32005245-4530-2847-ba4d-b3c01fedf34c', 'status': 'ACT', 'uniformNumber': '81', 'ngsPosition': 'SLOT_WR', 'ngsPositionGroup': 'TE'}",Jordan Reed,TE,4500,2020,jordan reed
5.532666666666666,6.453174686102682,18.028253968253967,3.120286621298216,7.623939393939393,1.1707647078367112,52.38095238095239,28.07347975895634,6,33,63,690,"{'season': 2020, 'currentTeamId': '1800', 'displayName': 'Marquez Valdes-Scantling', 'esbId': 'VAL142116', 'firstName': 'Marquez', 'footballName': 'Marquez', 'gsisId': '00-0034272', 'gsisItId': 46243, 'headshot': 'https://static.www.nfl.com/image/private/{formatInstructions}/league/y4msjj3juc7rg08twriq', 'jerseyNumber': 83, 'lastName': 'Valdes-Scantling', 'ngsPosition': 'WR', 'ngsPositionGroup': 'WR', 'position': 'WR', 'positionGroup': 'WR', 'shortName': 'M.Valdes-Scantling', 'smartId': '32005641-4c14-2116-e6d9-84cbe2bdacf5', 'status': 'ACT', 'uniformNumber': '83'}",Marquez Valdes-Scantling,WR,1800,2020,marquez valdes-scantling
5.506617647058824,3.824940722470824,9.625263157894738,2.956582269264672,3.1724489795918367,-0.6524917428789867,64.47368421052632,15.551119586221851,2,49,76,485,"{'season': 2020, 'currentTeamId': '0810', 'displayName': 'Anthony Miller', 'esbId': 'MIL140090', 'firstName': 'Anthony', 'footballName': 'Anthony', 'gsisId': '00-0034353', 'gsisItId': 46120, 'headshot': 'https://static.www.nfl.com/image/private/{formatInstructions}/league/yhnxkbu614nzgmz1vmkm', 'jerseyNumber': 17, 'lastName': 'Miller', 'ngsPosition': 'SLOT_WR', 'ngsPositionGroup': 'WR', 'position': 'WR', 'positionGroup': 'WR', 'shortName': 'A.Miller', 'smartId': '32004d49-4c14-0090-2d8a-386614adf145', 'status': 'ACT', 'uniformNumber': '17'}",Anthony Miller,WR,810,2020,anthony miller
5.493647058823529,2.656320162509759,15.071176470588238,2.0811188244137915,3.427083333333333,0.7707631708235745,56.47058823529412,27.24316714444908,5,48,85,756,"{'season': 2020, 'currentTeamId': '4400', 'displayName': 'Mike Williams', 'esbId': 'WIL000009', 'firstName': 'Michael', 'footballName': 'Mike', 'gsisId': '00-0033536', 'gsisItId': 44819, 'headshot': 'https://static.www.nfl.com/image/private/{formatInstructions}/league/gvcnrejoagdphmr4dtas', 'jerseyNumber': 81, 'lastName': 'Williams', 'ngsPosition': 'WR', 'ngsPositionGroup': 'WR', 'position': 'WR', 'positionGroup': 'WR', 'shortName': 'M.Williams', 'smartId': '32005749-4c00-0009-75a2-9fccf6994099', 'status': 'ACT', 'uniformNumber': '81'}",Mike Williams,WR,4400,2020,mike williams
5.4821,4.093116497275221,8.802660550458715,2.819598169622757,4.086666666666667,-0.0064498306085543,66.05504587155964,17.533418001407078,4,72,109,786,"{'season': 2020, 'currentTeamId': '0200', 'displayName': 'Russell Gage', 'esbId': 'GAG130654', 'firstName': 'Russell', 'footballName': 'Russell', 'gsisId': '00-0034411', 'gsisItId': 46263, 'headshot': 'https://static.www.nfl.com/image/private/{formatInstructions}/league/oh8urg1edgyaqwdg6jid', 'jerseyNumber': 83, 'lastName': 'Gage', 'ngsPosition': 'SLOT_WR', 'ngsPositionGroup': 'WR', 'position': 'WR', 'positionGroup': 'WR', 'shortName': 'R.Gage', 'smartId': '32004741-4713-0654-eda3-03cdf234354d', 'status': 'ACT', 'uniformNumber': '83'}",Russell Gage,WR,200,2020,russell gage
5.48,4.850102844428309,8.076545454545455,3.6185620963211145,4.497297297297298,-0.3528055471310107,67.27272727272727,8.853778417357956,2,37,55,421,"{'season': 2020, 'currentTeamId': '2310', 'displayName': 'Sammy Watkins', 'esbId': 'WAT270480', 'firstName': 'Samuel', 'footballName': 'Sammy', 'gsisId': '00-0031325', 'gsisItId': 41230, 'headshot': 'https://static.www.nfl.com/image/private/{formatInstructions}/league/q8ps7j9ao7davbhlwfgr', 'jerseyNumber': 14, 'lastName': 'Watkins', 'ngsPosition': 'WR', 'ngsPositionGroup': 'WR', 'position': 'WR', 'positionGroup': 'WR', 'shortName': 'S.Watkins', 'smartId': '32005741-5427-0480-637c-854aaf86ba0e', 'status': 'ACT', 'uniformNumber': '14'}",Sammy Watkins,WR,2310,2020,sammy watkins
5.470379746835444,3.532189457700051,10.242289156626509,2.9518911362621414,3.6747244094488183,0.1425349517487677,76.50602409638554,33.542188640533446,8,127,166,1535,"{'season': 2020, 'currentTeamId': '0610', 'displayName': 'Stefon Diggs', 'esbId': 'DIG218895', 'firstName': 'Stefon', 'footballName': 'Stefon', 'gsisId': '00-0031588', 'gsisItId': 42489, 'headshot': 'https://static.www.nfl.com/image/private/{formatInstructions}/league/vcjoh0xhf8ip8digkkai', 'jerseyNumber': 14, 'lastName': 'Diggs', 'ngsPosition': 'WR', 'ngsPositionGroup': 'WR', 'position': 'WR', 'positionGroup': 'WR', 'shortName': 'S.Diggs', 'smartId': '32004449-4721-8895-fc23-d2bf4c921bd4', 'status': 'ACT', 'uniformNumber': '14'}",Stefon Diggs,WR,610,2020,stefon diggs
5.445809523809524,3.6550776018996656,11.32141509433962,2.404694913284214,6.162714285714285,2.50763668381462,66.0377358490566,30.603881365873555,11,70,106,1075,"{'season': 2020, 'currentTeamId': '2100', 'displayName': 'A.J. Brown', 'esbId': 'BRO413223', 'firstName': 'Arthur', 'footballName': 'A.J.', 'gsisId': '00-0035676', 'gsisItId': 47834, 'headshot': 'https://static.www.nfl.com/image/private/{formatInstructions}/league/ucz9frks91kdccmgkkct', 'jerseyNumber': 11, 'lastName': 'Brown', 'ngsPosition': 'WR', 'ngsPositionGroup': 'WR', 'position': 'WR', 'positionGroup': 'WR', 'shortName': 'A.Brown', 'smartId': '32004252-4f41-3223-e4c5-1e30dffa87f8', 'status': 'ACT', 'uniformNumber': '11'}",A.J. Brown,WR,2100,2020,aj brown
5.427952755905512,3.194530421362892,13.60294573643411,2.615326192435222,4.733253012048193,1.5387225906853017,64.34108527131784,38.00619004611129,10,83,129,1303,"{'season': 2020, 'currentTeamId': '4600', 'displayName': 'DK Metcalf', 'esbId': 'MET363377', 'firstName': 'DeKaylin', 'footballName': 'DK', 'gsisId': '00-0035640', 'gsisItId': 47847, 'headshot': 'https://static.www.nfl.com/image/private/{formatInstructions}/league/fcqab5su86kysoaeghmn', 'jerseyNumber': 14, 'lastName': 'Metcalf', 'ngsPosition': 'WR', 'ngsPositionGroup': 'WR', 'position': 'WR', 'positionGroup': 'WR', 'shortName': 'D.Metcalf', 'smartId': '32004d45-5436-3377-5806-d2746f1b94aa', 'status': 'ACT', 'uniformNumber': '14'}",DK Metcalf,WR,4600,2020,dk metcalf
5.420699300699301,4.3409898100548245,8.051388888888887,3.16699427028552,4.633068181818183,0.2920783717633579,61.11111111111112,24.42950757495944,7,88,144,923,"{'season': 2020, 'currentTeamId': '3900', 'displayName': 'Diontae Johnson', 'esbId': 'JOH000017', 'firstName': 'Diontae', 'footballName': 'Diontae', 'gsisId': '00-0035216', 'gsisItId': 47849, 'headshot': 'https://static.www.nfl.com/image/private/{formatInstructions}/league/sfjwmwa8p8hcnll6zy8p', 'jerseyNumber': 18, 'lastName': 'Johnson', 'ngsPosition': 'WR', 'ngsPositionGroup': 'WR', 'position': 'WR', 'positionGroup': 'WR', 'shortName': 'Di.Johnson', 'smartId': '32004a4f-4800-0017-a19a-a554dee114ed', 'status': 'ACT', 'uniformNumber': '18'}",Diontae Johnson,WR,3900,2020,diontae johnson
5.419894736842105,2.939752340649394,14.05979166666667,2.3150101130326,3.2064000000000004,0.2666476593506064,52.083333333333336,34.44040152485546,3,50,96,751,"{'season': 2020, 'currentTeamId': '3410', 'displayName': 'Darius Slayton', 'esbId': 'SLA500077', 'firstName': 'Darius', 'footballName': 'Darius', 'gsisId': '00-0035535', 'gsisItId': 47954, 'headshot': 'https://static.www.nfl.com/image/private/{formatInstructions}/league/dmmwezroq3otqrv4mqet', 'jerseyNumber': 86, 'lastName': 'Slayton', 'ngsPosition': 'WR', 'ngsPositionGroup': 'WR', 'position': 'WR', 'positionGroup': 'WR', 'shortName': 'D.Slayton', 'smartId': '3200534c-4150-0077-315f-47cff2877b23', 'status': 'ACT', 'uniformNumber': '86'}",Darius Slayton,WR,3410,2020,darius slayton
5.3516935483870975,4.864403014103026,8.747034482758618,3.0274271475446954,5.846476190476191,0.9820731763731656,72.41379310344827,25.279539502270183,11,105,145,1416,"{'season': 2020, 'currentTeamId': '2310', 'displayName': 'Travis Kelce', 'esbId': 'KEL012458', 'firstName': 'Travis', 'footballName': 'Travis', 'gsisId': '00-0030506', 'gsisItId': 40011, 'headshot': 'https://static.www.nfl.com/image/private/{formatInstructions}/league/b5hgyjflobudjoic3scp', 'jerseyNumber': 87, 'lastName': 'Kelce', 'ngsPosition': 'TE', 'ngsPositionGroup': 'TE', 'position': 'TE', 'positionGroup': 'TE', 'shortName': 'T.Kelce', 'smartId': '32004b45-4c01-2458-b7b6-3a14cdb414dd', 'status': 'ACT', 'uniformNumber': '87'}",Travis Kelce,TE,2310,2020,travis kelce
5.343205128205128,4.101332660837345,10.782716049382715,2.4674975656596208,4.179230769230769,0.0778981083934242,64.19753086419753,22.892759974627666,2,52,81,618,"{'season': 2020, 'currentTeamId': '2510', 'displayName': 'Josh Reynolds', 'esbId': 'REY398905', 'firstName': 'Joshua Dedmon-Reynolds', 'footballName': 'Josh', 'gsisId': '00-0033943', 'gsisItId': 44930, 'headshot': 'https://static.www.nfl.com/image/private/{formatInstructions}/league/yptdi5jjpecztymilu2b', 'jerseyNumber': 11, 'lastName': 'Reynolds', 'ngsPosition': 'WR', 'ngsPositionGroup': 'WR', 'position': 'WR', 'positionGroup': 'WR', 'shortName': 'J.Reynolds', 'smartId': '32005245-5939-8905-3a79-3286353be377', 'status': 'ACT', 'uniformNumber': '11'}",Josh Reynolds,WR,2510,2020,josh reynolds
5.33,5.267558796755116,7.057142857142858,3.0453617778674453,3.769782608695652,-1.497776188059464,65.71428571428571,11.76677957058401,4,46,70,435,"{'season': 2020, 'currentTeamId': '1050', 'displayName': 'Austin Hooper', 'esbId': 'HOO570770', 'firstName': 'Austin', 'footballName': 'Austin', 'gsisId': '00-0032392', 'gsisItId': 43370, 'headshot': 'https://static.www.nfl.com/image/private/{formatInstructions}/league/yeobojameg9dram1qiqo', 'jerseyNumber': 81, 'lastName': 'Hooper', 'ngsPosition': 'TE', 'ngsPositionGroup': 'TE', 'position': 'TE', 'positionGroup': 'TE', 'shortName': 'A.Hooper', 'smartId': '3200484f-4f57-0770-bd7c-1cf59d6025ab', 'status': 'ACT', 'uniformNumber': '81'}",Austin Hooper,TE,1050,2020,austin hooper
5.3111764705882365,3.604404936241985,7.763877551020408,3.666369829477432,4.838918918918918,1.2345139826769334,75.51020408163265,8.066964948366168,1,37,49,403,"{'season': 2020, 'currentTeamId': '2120', 'displayName': 'Jordan Akins', 'esbId': 'AKI501776', 'firstName': 'Jordan', 'footballName': 'Jordan', 'gsisId': '00-0034364', 'gsisItId': 46167, 'headshot': 'https://static.www.nfl.com/image/private/{formatInstructions}/league/wuxw6o0sgzl77lnqifsz', 'jerseyNumber': 88, 'lastName': 'Akins', 'ngsPosition': 'TE', 'ngsPositionGroup': 'TE', 'position': 'TE', 'positionGroup': 'TE', 'shortName': 'J.Akins', 'smartId': '3200414b-4950-1776-ed8f-713681e78d61', 'status': 'ACT', 'uniformNumber': '88'}",Jordan Akins,TE,2120,2020,jordan akins
5.259117647058823,1.9204500134740292,13.90038461538462,1.7240434676516958,2.1051063829787235,0.1846563695046941,45.19230769230769,30.328663318354053,2,47,104,523,"{'season': 2020, 'currentTeamId': '0920', 'displayName': 'A.J. Green', 'esbId': 'GRE034604', 'firstName': 'Adriel', 'footballName': 'A.J.', 'gsisId': '00-0027942', 'gsisItId': 37077, 'headshot': 'https://static.www.nfl.com/image/private/{formatInstructions}/league/tjbqdoyciafr8sd0iccm', 'jerseyNumber': 18, 'lastName': 'Green', 'ngsPosition': 'WR', 'ngsPositionGroup': 'WR', 'position': 'WR', 'positionGroup': 'WR', 'shortName': 'A.Green', 'smartId': '32004752-4503-4604-5592-82f254d9dbee', 'status': 'ACT', 'uniformNumber': '18'}",A.J. Green,WR,920,2020,aj green
5.235546875000001,4.12553097835819,9.58455223880597,2.8262907833157573,5.816781609195403,1.6912506308372128,64.92537313432835,35.63208505113167,4,87,134,1118,"{'season': 2020, 'currentTeamId': '5110', 'displayName': 'Terry McLaurin', 'esbId': 'MCL278328', 'firstName': 'Terry', 'footballName': 'Terry', 'gsisId': '00-0035659', 'gsisItId': 47859, 'headshot': 'https://static.www.nfl.com/image/private/{formatInstructions}/league/qvlo4mrvbyiw2hjfoh27', 'jerseyNumber': 17, 'lastName': 'McLaurin', 'ngsPosition': 'WR', 'ngsPositionGroup': 'WR', 'position': 'WR', 'positionGroup': 'WR', 'shortName': 'T.McLaurin', 'smartId': '32004d43-4c27-8328-8097-b130ba0e8060', 'status': 'ACT', 'uniformNumber': '17'}",Terry McLaurin,WR,5110,2020,terry mclaurin
5.22560975609756,2.3821929915764524,14.246279069767445,2.6416206247963983,1.764347826086956,-0.6178451654894963,53.48837209302325,14.59152124927947,3,23,43,319,"{'season': 2020, 'currentTeamId': '1050', 'displayName': 'Odell Beckham', 'esbId': 'BEC573252', 'firstName': 'Odell', 'footballName': 'Odell', 'gsisId': '00-0031235', 'gsisItId': 41238, 'headshot': 'https://static.www.nfl.com/image/private/{formatInstructions}/league/tdmjzyhxihazjteaxhiq', 'jerseyNumber': 13, 'lastName': 'Beckham', 'position': 'WR', 'positionGroup': 'WR', 'shortName': 'O.Beckham', 'smartId': '32004245-4357-3252-264b-1da3e93d2745', 'status': 'RES', 'uniformNumber': '13', 'ngsPosition': 'WR', 'ngsPositionGroup': 'WR'}",Odell Beckham,WR,1050,2020,odell beckham
5.217102803738319,3.6347371961049504,12.765137614678904,2.8136680383904884,3.814,0.1792628038950496,64.22018348623854,24.843544945675955,13,70,109,1006,"{'season': 2020, 'currentTeamId': '4900', 'displayName': 'Mike Evans', 'esbId': 'EVA534309', 'firstName': 'Mike', 'footballName': 'Mike', 'gsisId': '00-0031408', 'gsisItId': 41233, 'headshot': 'https://static.www.nfl.com/image/private/{formatInstructions}/league/hp7exmuqylysgife5p9m', 'jerseyNumber': 13, 'lastName': 'Evans', 'ngsPosition': 'WR', 'ngsPositionGroup': 'WR', 'position': 'WR', 'positionGroup': 'WR', 'shortName': 'M.Evans', 'smartId': '32004556-4153-4309-b2ed-6b8233f6fea5', 'status': 'ACT', 'uniformNumber': '13'}",Mike Evans,WR,4900,2020,mike evans
5.206666666666667,3.40768151450687,12.689784946236555,2.460379168662627,3.5967857142857147,0.189104199778844,60.215053763440864,29.62521337483683,5,56,93,762,"{'season': 2020, 'currentTeamId': '2200', 'displayName': 'T.Y. Hilton', 'esbId': 'HIL775449', 'firstName': 'Eugene', 'footballName': 'T.Y.', 'gsisId': '00-0029608', 'gsisItId': 38622, 'headshot': 'https://static.www.nfl.com/image/private/{formatInstructions}/league/kbickbqrcbj2gos5ourc', 'jerseyNumber': 13, 'lastName': 'Hilton', 'ngsPosition': 'WR', 'ngsPositionGroup': 'WR', 'position': 'WR', 'positionGroup': 'WR', 'shortName': 'T.Hilton', 'smartId': '32004849-4c77-5449-32f3-1710cf2948b2', 'status': 'ACT', 'uniformNumber': '13'}",T.Y. Hilton,WR,2200,2020,ty hilton
5.197761194029851,3.3912190688306643,8.28043010752688,2.469098920961302,4.156166666666667,0.7649475978360023,64.51612903225806,16.37673639170785,4,60,93,613,"{'season': 2020, 'currentTeamId': '4400', 'displayName': 'Hunter Henry', 'esbId': 'HEN617052', 'firstName': 'Hunter', 'footballName': 'Hunter', 'gsisId': '00-0033090', 'gsisItId': 43324, 'headshot': 'https://static.www.nfl.com/image/private/{formatInstructions}/league/nwcg3wd0a8k4a4to3ze8', 'jerseyNumber': 86, 'lastName': 'Henry', 'position': 'TE', 'positionGroup': 'TE', 'shortName': 'H.Henry', 'smartId': '32004845-4e61-7052-805d-daad1175a3b2', 'status': 'RES', 'uniformNumber': '86', 'ngsPosition': 'TE', 'ngsPositionGroup': 'TE'}",Hunter Henry,TE,4400,2020,hunter henry
5.183461538461539,4.181145426771966,15.340243902439026,2.439920333974401,5.259375,1.0782295732280334,58.53658536585365,28.974858051067063,8,48,82,896,"{'season': 2020, 'currentTeamId': '2520', 'displayName': 'Nelson Agholor', 'esbId': 'AGH474619', 'firstName': 'Nelson', 'footballName': 'Nelson', 'gsisId': '00-0031549', 'gsisItId': 42363, 'headshot': 'https://static.www.nfl.com/image/private/{formatInstructions}/league/fk3xbu2ah4c06vla1bhy', 'jerseyNumber': 15, 'lastName': 'Agholor', 'ngsPosition': 'WR', 'ngsPositionGroup': 'WR', 'position': 'WR', 'positionGroup': 'WR', 'shortName': 'N.Agholor', 'smartId': '32004147-4847-4619-b8a1-bb6c688fe5ac', 'status': 'ACT', 'uniformNumber': '15'}",Nelson Agholor,WR,2520,2020,nelson agholor
5.10377358490566,2.3561068975012898,9.644909090909092,2.48569839025688,2.0787500000000008,-0.277356897501289,72.72727272727273,16.25319030942555,0,40,55,438,"{'season': 2020, 'currentTeamId': '3300', 'displayName': 'Michael Thomas', 'esbId': 'THO308912', 'firstName': 'Michael', 'footballName': 'Michael', 'gsisId': '00-0032765', 'gsisItId': 43336, 'headshot': 'https://static.www.nfl.com/image/private/{formatInstructions}/league/liuzt7209f2hqa9mu1zw', 'jerseyNumber': 13, 'lastName': 'Thomas', 'ngsPosition': 'WR', 'ngsPositionGroup': 'WR', 'position': 'WR', 'positionGroup': 'WR', 'shortName': 'M.Thomas', 'smartId': '32005448-4f30-8912-926a-d25d51327661', 'status': 'ACT', 'uniformNumber': '13'}",Michael Thomas,WR,3300,2020,michael thomas
5.096880733944955,4.082979662210732,13.915486725663715,2.6999388325775078,5.454999999999998,1.3720203377892668,46.017699115044245,31.145024560291564,3,52,113,856,"{'season': 2020, 'currentTeamId': '1400', 'displayName': 'Jerry Jeudy', 'esbId': 'JEU415291', 'firstName': 'Jerry', 'footballName': 'Jerry', 'gsisId': '00-0036407', 'gsisItId': 52423, 'headshot': 'https://static.www.nfl.com/image/private/{formatInstructions}/league/fvdnrep98wisgfokxqar', 'jerseyNumber': 10, 'lastName': 'Jeudy', 'ngsPosition': 'WR', 'ngsPositionGroup': 'WR', 'position': 'WR', 'positionGroup': 'WR', 'shortName': 'J.Jeudy', 'smartId': '32004a45-5541-5291-9f8b-8595dc100c90', 'status': 'ACT', 'uniformNumber': '10'}",Jerry Jeudy,WR,1400,2020,jerry jeudy
5.07527027027027,4.969613797571675,12.544,2.976643360066983,5.898679245283018,0.9290654477113433,70.66666666666667,19.94953243283361,8,53,75,879,"{'season': 2020, 'currentTeamId': '2120', 'displayName': 'Will Fuller', 'esbId': 'FUL503598', 'firstName': 'William', 'footballName': 'Will', 'gsisId': '00-0033127', 'gsisItId': 43310, 'headshot': 'https://static.www.nfl.com/image/private/{formatInstructions}/league/dgemxvhu8ffqmvmqczks', 'jerseyNumber': 15, 'lastName': 'Fuller', 'position': 'WR', 'positionGroup': 'WR', 'shortName': 'W.Fuller', 'smartId': '32004655-4c50-3598-6762-28495ce40669', 'status': 'RES', 'uniformNumber': '15', 'ngsPosition': 'WR', 'ngsPositionGroup': 'WR'}",Will Fuller,WR,2120,2020,will fuller
5.042187499999999,5.414871766442498,8.287272727272727,3.969420906644357,7.232916666666665,1.818044900224168,54.54545454545454,7.193671210716326,3,24,44,288,"{'season': 2020, 'currentTeamId': '0610', 'displayName': 'Dawson Knox', 'esbId': 'KNO490795', 'firstName': 'Dawson', 'footballName': 'Dawson', 'gsisId': '00-0035689', 'gsisItId': 47879, 'headshot': 'https://static.www.nfl.com/image/private/{formatInstructions}/league/nfxkya3qusm0vjzsgqyv', 'jerseyNumber': 88, 'lastName': 'Knox', 'ngsPosition': 'TE', 'ngsPositionGroup': 'TE', 'position': 'TE', 'positionGroup': 'TE', 'shortName': 'D.Knox', 'smartId': '32004b4e-4f49-0795-942a-0c363ee9b439', 'status': 'ACT', 'uniformNumber': '88'}",Dawson Knox,TE,610,2020,dawson knox
5.002884615384615,4.969177031651332,11.512597402597404,2.710043002883795,5.83688888888889,0.8677118572375582,58.44155844155844,15.827984251827914,7,45,77,623,"{'season': 2020, 'currentTeamId': '4900', 'displayName': 'Rob Gronkowski', 'esbId': 'GRO135948', 'firstName': 'Robert', 'footballName': 'Rob', 'gsisId': '00-0027656', 'gsisItId': 35481, 'headshot': 'https://static.www.nfl.com/image/private/{formatInstructions}/league/ldajm3cj1rs1sfwykyyk', 'jerseyNumber': 87, 'lastName': 'Gronkowski', 'ngsPosition': 'TE', 'ngsPositionGroup': 'TE', 'position': 'TE', 'positionGroup': 'TE', 'shortName': 'R.Gronkowski', 'smartId': '32004752-4f13-5948-af95-481204a115ed', 'status': 'ACT', 'uniformNumber': '87'}",Rob Gronkowski,TE,4900,2020,rob gronkowski
4.977142857142858,5.196027881215745,9.086912751677854,3.166504884077351,5.345739130434782,0.1497112492190373,77.18120805369128,33.466065540543894,18,115,149,1374,"{'season': 2020, 'currentTeamId': '1800', 'displayName': 'Davante Adams', 'esbId': 'ADA218591', 'firstName': 'Davante', 'footballName': 'Davante', 'gsisId': '00-0031381', 'gsisItId': 41282, 'headshot': 'https://static.www.nfl.com/image/private/{formatInstructions}/league/if8ugbd2i2lqbilqard3', 'jerseyNumber': 17, 'lastName': 'Adams', 'ngsPosition': 'WR', 'ngsPositionGroup': 'WR', 'position': 'WR', 'positionGroup': 'WR', 'shortName': 'D.Adams', 'smartId': '32004144-4121-8591-4d26-4c0ac739af41', 'status': 'ACT', 'uniformNumber': '17'}",Davante Adams,WR,1800,2020,davante adams
4.953255813953489,3.49245791988162,15.111136363636364,2.134927897603069,4.959130434782607,1.4666725149009876,52.27272727272727,16.356175908409938,0,23,44,357,"{'season': 2020, 'currentTeamId': '3430', 'displayName': 'Denzel Mims', 'esbId': 'MIM624399', 'firstName': 'Denzel', 'footballName': 'Denzel', 'gsisId': '00-0036255', 'gsisItId': 52467, 'headshot': 'https://static.www.nfl.com/image/private/{formatInstructions}/league/tarcibslkjmoogwkhb5j', 'jerseyNumber': 11, 'lastName': 'Mims', 'ngsPosition': 'WR', 'ngsPositionGroup': 'WR', 'position': 'WR', 'positionGroup': 'WR', 'shortName': 'D.Mims', 'smartId': '32004d49-4d62-4399-5aee-b92ce1fc40e6', 'status': 'ACT', 'uniformNumber': '11'}",Denzel Mims,WR,3430,2020,denzel mims
4.826504854368933,2.239745615043096,10.31504854368932,1.7382519083106531,2.9528571428571424,0.7131115278140467,61.16504854368932,25.003294706818163,4,63,103,793,"{'season': 2020, 'currentTeamId': '2700', 'displayName': 'DeVante Parker', 'esbId': 'PAR226609', 'firstName': 'DeVante', 'footballName': 'DeVante', 'gsisId': '00-0031547', 'gsisItId': 42357, 'headshot': 'https://static.www.nfl.com/image/private/{formatInstructions}/league/f8orziy8p43hogpe3m41', 'jerseyNumber': 11, 'lastName': 'Parker', 'ngsPosition': 'WR', 'ngsPositionGroup': 'WR', 'position': 'WR', 'positionGroup': 'WR', 'shortName': 'D.Parker', 'smartId': '32005041-5222-6609-dc38-38b3aae27410', 'status': 'ACT', 'uniformNumber': '11'}",DeVante Parker,WR,2700,2020,devante parker
4.819615384615384,2.6541109937644256,14.38269230769231,2.802317658729074,2.470270270270269,-0.1838407234941561,71.15384615384616,17.814523159594696,4,37,52,599,"{'season': 2020, 'currentTeamId': '1050', 'displayName': 'Rashard Higgins', 'esbId': 'HIG322107', 'firstName': 'Rashard', 'footballName': 'Rashard', 'gsisId': '00-0032977', 'gsisItId': 43461, 'headshot': 'https://static.www.nfl.com/image/private/{formatInstructions}/league/ya6ohfbuk96lfgarxbds', 'jerseyNumber': 82, 'lastName': 'Higgins', 'ngsPosition': 'WR', 'ngsPositionGroup': 'WR', 'position': 'WR', 'positionGroup': 'WR', 'shortName': 'R.Higgins', 'smartId': '32004849-4732-2107-8b68-79212110bd89', 'status': 'ACT', 'uniformNumber': '82'}",Rashard Higgins,WR,1050,2020,rashard higgins
4.743076923076924,3.719866683515924,12.843846153846156,3.26218547868259,5.0621212121212125,1.3422545286052885,63.46153846153846,13.176034248061708,3,33,52,458,"{'season': 2020, 'currentTeamId': '0610', 'displayName': 'John Brown', 'esbId': 'BRO494712', 'firstName': 'John', 'footballName': 'John', 'gsisId': '00-0031051', 'gsisItId': 41320, 'headshot': 'https://static.www.nfl.com/image/private/{formatInstructions}/league/nt7ayufpigrryzaxjviz', 'jerseyNumber': 15, 'lastName': 'Brown', 'ngsPosition': 'WR', 'ngsPositionGroup': 'WR', 'position': 'WR', 'positionGroup': 'WR', 'shortName': 'J.Brown', 'smartId': '32004252-4f49-4712-7e90-42e293548523', 'status': 'CUT', 'uniformNumber': '15'}",John Brown,WR,610,2020,john brown
4.692499999999999,4.05386456139477,8.277209302325582,2.9899444625870464,4.426333333333332,0.3724687719385624,69.76744186046511,8.817976859995543,5,30,43,365,"{'season': 2020, 'currentTeamId': '3000', 'displayName': 'Irv Smith', 'esbId': 'SMI000018', 'firstName': 'Irvin', 'footballName': 'Irv', 'gsisId': '00-0034970', 'gsisItId': 47833, 'headshot': 'https://static.www.nfl.com/image/private/{formatInstructions}/league/e3blveltgbptcpkzzpaw', 'jerseyNumber': 84, 'lastName': 'Smith', 'ngsPosition': 'TE', 'ngsPositionGroup': 'TE', 'position': 'TE', 'positionGroup': 'TE', 'shortName': 'I.Smith', 'smartId': '3200534d-4900-0018-f675-8c060d792d35', 'status': 'ACT', 'uniformNumber': '84'}",Irv Smith,TE,3000,2020,irv smith
7.957272727272727,6.849621543283773,1.1118749999999995,5.6636366978063775,8.371296296296295,1.5216747530125223,84.375,1.6852615399918054,1,54,64,435,"{'season': 2021, 'currentTeamId': '3800', 'displayName': 'Rondale Moore', 'esbId': 'MOO672093', 'firstName': 'Rondale', 'footballName': 'Rondale', 'gsisId': '00-0036936', 'gsisItId': 53478, 'headshot': 'https://static.www.nfl.com/image/private/{formatInstructions}/league/qwcd3lglkknslsavcvr7', 'jerseyNumber': 4, 'lastName': 'Moore', 'position': 'WR', 'positionGroup': 'WR', 'shortName': 'R.Moore', 'smartId': '32004d4f-4f67-2093-7b5b-808e901606a0', 'status': 'ACT', 'uniformNumber': '4', 'ngsPosition': 'SLOT_WR', 'ngsPositionGroup': 'WR'}",Rondale Moore,WR,3800,2021,rondale moore
7.904749999999998,4.713766498233957,6.885106382978724,3.730289275576693,4.539999999999998,-0.1737664982339586,70.2127659574468,6.1607115659934815,2,33,47,272,"{'season': 2021, 'seasonType': 'PRO', 'week': 22, 'jerseyNumber': 13, 'lastName': 'Duvernay', 'footballName': 'Devin', 'firstName': 'Devin', 'position': 'WR', 'gsisItId': 52500, 'gsisId': '00-0036331', 'esbId': 'DUV459005', 'displayName': 'Devin Duvernay', 'shortName': 'D.Duvernay', 'uniformNumber': '13', 'status': 'ACT', 'currentTeamId': '8600', 'smartId': '32004455-5645-9005-cfce-f0b0bb8205b8', 'headshot': 'https://static.www.nfl.com/image/private/{formatInstructions}/league/kcfjuebtxvkg9kapy71o', 'positionGroup': 'WR', 'ngsPosition': 'SLOT_WR', 'ngsPositionGroup': 'WR'}",Devin Duvernay,WR,8600,2021,devin duvernay
7.694693877551021,3.515493990423016,7.948113207547169,2.618812387855782,3.259722222222222,-0.2557717682007938,67.9245283018868,10.119731133457927,1,36,53,366,"{'season': 2021, 'currentTeamId': '3410', 'displayName': 'Sterling Shepard', 'esbId': 'SHE495754', 'firstName': 'Sterling', 'footballName': 'Sterling', 'gsisId': '00-0032385', 'gsisItId': 43329, 'headshot': 'https://static.www.nfl.com/image/private/{formatInstructions}/league/apha3gqxgww5w48msti9', 'jerseyNumber': 3, 'lastName': 'Shepard', 'position': 'WR', 'positionGroup': 'WR', 'shortName': 'S.Shepard', 'smartId': '32005348-4549-5754-5697-2a8312edc489', 'status': 'RES', 'uniformNumber': '3', 'ngsPosition': 'SLOT_WR', 'ngsPositionGroup': 'WR'}",Sterling Shepard,WR,3410,2021,sterling shepard
7.661544117647058,4.553452978384384,11.52013698630137,3.547443575365998,4.337032967032966,-0.2164200113514178,62.32876712328768,32.020850467574405,6,91,146,1008,"{'season': 2021, 'currentTeamId': '0325', 'displayName': 'Marquise Brown', 'esbId': 'BRO413218', 'firstName': 'Marquise', 'footballName': 'Marquise', 'gsisId': '00-0035662', 'gsisItId': 47808, 'headshot': 'https://static.www.nfl.com/image/private/{formatInstructions}/league/fihs5hshnjghcpimjjtw', 'jerseyNumber': 5, 'lastName': 'Brown', 'position': 'WR', 'positionGroup': 'WR', 'shortName': 'M.Brown', 'smartId': '32004252-4f41-3218-bf76-54f4042e0396', 'status': 'ACT', 'uniformNumber': '5', 'ngsPosition': 'WR', 'ngsPositionGroup': 'WR'}",Marquise Brown,WR,325,2021,marquise brown
7.182592592592592,5.560030271078478,10.361355932203388,3.629111707167015,6.88638888888889,1.3263586178104116,61.01694915254237,16.181305155719777,3,36,59,570,"{'season': 2021, 'currentTeamId': '3300', 'displayName': 'Deonte Harris', 'esbId': 'HAR363871', 'firstName': 'Deonte', 'footballName': 'Deonte', 'gsisId': '00-0035215', 'gsisItId': 48415, 'headshot': 'https://static.www.nfl.com/image/private/{formatInstructions}/league/yjq2zdkus7z8zoxigr5u', 'jerseyNumber': 11, 'lastName': 'Harris', 'position': 'WR', 'positionGroup': 'WR', 'shortName': 'D.Harris', 'smartId': '32004841-5236-3871-2f21-12e477161944', 'status': 'ACT', 'uniformNumber': '11', 'ngsPosition': 'WR', 'ngsPositionGroup': 'WR'}",Deonte Harris,WR,3300,2021,deonte harris
7.138979591836733,4.498181098648355,6.699298245614036,3.3632154570395225,6.1038461538461535,1.6056650551977985,68.42105263157895,9.173461200290197,0,39,57,420,"{'season': 2021, 'currentTeamId': '3410', 'displayName': 'Kadarius Toney', 'esbId': 'TON593115', 'firstName': 'Kadarius', 'footballName': 'Kadarius', 'gsisId': '00-0036913', 'gsisItId': 53449, 'headshot': 'https://static.www.nfl.com/image/private/{formatInstructions}/league/hyl8jzsa7dto7qekd7vl', 'jerseyNumber': 89, 'lastName': 'Toney', 'position': 'WR', 'positionGroup': 'WR', 'shortName': 'K.Toney', 'smartId': '3200544f-4e59-3115-b817-44100e7d8fff', 'status': 'ACT', 'uniformNumber': '89', 'ngsPosition': 'SLOT_WR', 'ngsPositionGroup': 'WR'}",Kadarius Toney,WR,3410,2021,kadarius toney
7.105238095238095,4.090608236121748,11.271,2.9021977255486555,5.073703703703704,0.983095467581956,57.85714285714286,36.42714179192341,4,81,140,1055,"{'season': 2021, 'currentTeamId': '0810', 'displayName': 'Darnell Mooney', 'esbId': 'MOO076900', 'firstName': 'Darnell', 'footballName': 'Darnell', 'gsisId': '00-0036309', 'gsisItId': 52581, 'headshot': 'https://static.www.nfl.com/image/private/{formatInstructions}/league/dax89kaaa4us5hl7q5xr', 'jerseyNumber': 11, 'lastName': 'Mooney', 'position': 'WR', 'positionGroup': 'WR', 'shortName': 'D.Mooney', 'smartId': '32004d4f-4f07-6900-2883-f3ddae0181d4', 'status': 'ACT', 'uniformNumber': '11', 'ngsPosition': 'WR', 'ngsPositionGroup': 'WR'}",Darnell Mooney,WR,810,2021,darnell mooney
7.097878787878789,2.976438712422824,11.347878787878788,1.9389784472967624,2.629210526315789,-0.347228186107035,57.57575757575758,17.289929982432124,1,38,66,410,"{'season': 2021, 'currentTeamId': '0810', 'displayName': 'Allen Robinson', 'esbId': 'ROB365982', 'firstName': 'Allen', 'footballName': 'Allen', 'gsisId': '00-0031428', 'gsisItId': 41290, 'headshot': 'https://static.www.nfl.com/image/private/{formatInstructions}/league/pph9jgnrnnlilxz8xhd9', 'jerseyNumber': 12, 'lastName': 'Robinson', 'position': 'WR', 'positionGroup': 'WR', 'shortName': 'A.Robinson', 'smartId': '3200524f-4236-5982-45ce-8ca18ca03af8', 'status': 'ACT', 'uniformNumber': '12', 'ngsPosition': 'WR', 'ngsPositionGroup': 'WR'}",Allen Robinson,WR,810,2021,allen robinson
7.063970588235294,2.691524910029428,13.853,3.339461319732372,3.892553191489362,1.201028281459934,67.14285714285714,19.93278381878353,1,47,70,546,"{'season': 2021, 'currentTeamId': '2520', 'displayName': 'Zay Jones', 'esbId': 'JON403726', 'firstName': 'Isaiah', 'footballName': 'Zay', 'gsisId': '00-0033891', 'gsisItId': 44849, 'headshot': 'https://static.www.nfl.com/image/private/{formatInstructions}/league/cbusqo5hvl7zlb25n9n0', 'jerseyNumber': 7, 'lastName': 'Jones', 'position': 'WR', 'positionGroup': 'WR', 'shortName': 'Z.Jones', 'smartId': '32004a4f-4e40-3726-920b-837ea00d253e', 'status': 'ACT', 'uniformNumber': '7', 'ngsPosition': 'WR', 'ngsPositionGroup': 'WR'}",Zay Jones,WR,2520,2021,zay jones
7.046633663366335,3.4601758166350014,10.908272727272726,2.777792879944084,2.9347169811320764,-0.525458835502925,48.18181818181818,27.866389220472183,5,53,110,519,"{'season': 2021, 'currentTeamId': '0750', 'displayName': 'Robby Anderson', 'esbId': 'AND460305', 'firstName': 'Robby', 'footballName': 'Robby', 'gsisId': '00-0032688', 'gsisItId': 43808, 'headshot': 'https://static.www.nfl.com/image/private/{formatInstructions}/league/zgwiwdaqskofwe9rsvtj', 'jerseyNumber': 11, 'lastName': 'Anderson', 'position': 'WR', 'positionGroup': 'WR', 'shortName': 'R.Anderson', 'smartId': '3200414e-4446-0305-58a8-61667bde4206', 'status': 'ACT', 'uniformNumber': '11', 'ngsPosition': 'WR', 'ngsPositionGroup': 'WR'}",Robby Anderson,WR,750,2021,robby anderson
7.003555555555555,3.950103032174981,11.016458333333334,3.4221027409155726,4.840967741935484,0.8908647097605025,64.58333333333334,10.499864976490027,3,31,48,448,"{'season': 2021, 'currentTeamId': '4400', 'displayName': 'Jalen Guyton', 'esbId': 'GUY706299', 'firstName': 'Jalen', 'footballName': 'Jalen', 'gsisId': '00-0035414', 'gsisItId': 48556, 'headshot': 'https://static.www.nfl.com/image/private/{formatInstructions}/league/bbvqbvctga7wrtnt9b4h', 'jerseyNumber': 15, 'lastName': 'Guyton', 'position': 'WR', 'positionGroup': 'WR', 'shortName': 'J.Guyton', 'smartId': '32004755-5970-6299-fcda-7c74fd80b038', 'status': 'ACT', 'uniformNumber': '15', 'ngsPosition': 'WR', 'ngsPositionGroup': 'WR'}",Jalen Guyton,WR,4400,2021,jalen guyton
6.986736842105263,3.9310103380404793,14.878037383177569,3.225007835351896,4.151780821917808,0.2207704838773287,68.22429906542055,35.576527693352865,8,73,107,1175,"{'season': 2021, 'currentTeamId': '4600', 'displayName': 'Tyler Lockett', 'esbId': 'LOC420915', 'firstName': 'Tyler', 'footballName': 'Tyler', 'gsisId': '00-0032211', 'gsisItId': 42412, 'headshot': 'https://static.www.nfl.com/image/private/{formatInstructions}/league/z3gwnzhfaiq9dkhx1ui5', 'jerseyNumber': 16, 'lastName': 'Lockett', 'position': 'WR', 'positionGroup': 'WR', 'shortName': 'T.Lockett', 'smartId': '32004c4f-4342-0915-1af7-ec50f437887c', 'status': 'ACT', 'uniformNumber': '16', 'ngsPosition': 'WR', 'ngsPositionGroup': 'WR'}",Tyler Lockett,WR,4600,2021,tyler lockett
6.907272727272726,3.137007098111812,9.174264705882353,2.662842684306441,3.879130434782609,0.7421233366707969,67.64705882352942,11.876884766517408,1,46,68,515,"{'season': 2021, 'currentTeamId': '0325', 'displayName': 'Rashod Bateman', 'esbId': 'BAT103884', 'firstName': 'Rashod', 'footballName': 'Rashod', 'gsisId': '00-0036550', 'gsisItId': 53456, 'headshot': 'https://static.www.nfl.com/image/private/{formatInstructions}/league/vpcmsc93xuzhv4bupbzu', 'jerseyNumber': 12, 'lastName': 'Bateman', 'position': 'WR', 'positionGroup': 'WR', 'shortName': 'R.Bateman', 'smartId': '32004241-5410-3884-8ac5-165a4f1f770e', 'status': 'ACT', 'uniformNumber': '12', 'ngsPosition': 'WR', 'ngsPositionGroup': 'WR'}",Rashod Bateman,WR,325,2021,rashod bateman
6.846666666666666,3.6475665579707632,7.659122807017544,2.563676998936545,2.9133333333333327,-0.7342332246374306,52.63157894736842,7.637055735445129,4,30,57,245,"{'season': 2021, 'currentTeamId': '4900', 'displayName': 'Cameron Brate', 'esbId': 'BRA663798', 'firstName': 'Cameron', 'footballName': 'Cameron', 'gsisId': '00-0031273', 'gsisItId': 42033, 'headshot': 'https://static.www.nfl.com/image/private/{formatInstructions}/league/lh1e0z6x8k9hqz1aba5b', 'jerseyNumber': 84, 'lastName': 'Brate', 'position': 'TE', 'positionGroup': 'TE', 'shortName': 'C.Brate', 'smartId': '32004252-4166-3798-c2b3-ef206ba23ba8', 'status': 'ACT', 'uniformNumber': '84', 'ngsPosition': 'TE', 'ngsPositionGroup': 'TE'}",Cameron Brate,TE,4900,2021,cameron brate
6.82927536231884,6.538327236941041,7.163132530120483,4.122586127723884,8.750677966101694,2.212350729160653,71.08433734939759,12.764038961512952,2,59,83,693,"{'season': 2021, 'currentTeamId': '2310', 'displayName': 'Mecole Hardman', 'esbId': 'HAR069520', 'firstName': 'Mecole', 'footballName': 'Mecole', 'gsisId': '00-0035140', 'gsisItId': 47839, 'headshot': 'https://static.www.nfl.com/image/private/{formatInstructions}/league/isxo1qciv0ikmo8urkpc', 'jerseyNumber': 17, 'lastName': 'Hardman', 'position': 'WR', 'positionGroup': 'WR', 'shortName': 'M.Hardman', 'smartId': '32004841-5206-9520-9e70-d5597391d8c0', 'status': 'ACT', 'uniformNumber': '17', 'ngsPosition': 'WR', 'ngsPositionGroup': 'WR'}",Mecole Hardman,WR,2310,2021,mecole hardman
6.809130434782608,5.449962812429114,10.012957746478875,3.703546754644782,6.010625,0.5606621875708857,67.6056338028169,19.079466466278426,4,48,71,576,"{'season': 2021, 'currentTeamId': '1540', 'displayName': 'Kalif Raymond', 'esbId': 'RAY748263', 'firstName': 'Kalif', 'footballName': 'Kalif', 'gsisId': '00-0032464', 'gsisItId': 43584, 'headshot': 'https://static.www.nfl.com/image/private/{formatInstructions}/league/v5tzzalsktjaeeepc59o', 'jerseyNumber': 11, 'lastName': 'Raymond', 'position': 'WR', 'positionGroup': 'WR', 'shortName': 'K.Raymond', 'smartId': '32005241-5974-8263-1ad0-b2ba085ce237', 'status': 'ACT', 'uniformNumber': '11', 'ngsPosition': 'WR', 'ngsPositionGroup': 'WR'}",Kalif Raymond,WR,1540,2021,kalif raymond
6.786153846153845,3.4184878687269125,11.202596153846155,2.607778832721773,3.713088235294118,0.2946003665672054,65.38461538461539,22.68716762375448,8,68,104,865,"{'season': 2021, 'currentTeamId': '1200', 'displayName': 'Amari Cooper', 'esbId': 'COO487703', 'firstName': 'Amari', 'footballName': 'Amari', 'gsisId': '00-0031544', 'gsisItId': 42347, 'headshot': 'https://static.www.nfl.com/image/private/{formatInstructions}/league/gr04vdf3sfnunemciftn', 'jerseyNumber': 19, 'lastName': 'Cooper', 'position': 'WR', 'positionGroup': 'WR', 'shortName': 'A.Cooper', 'smartId': '3200434f-4f48-7703-16a5-c78426109031', 'status': 'ACT', 'uniformNumber': '19', 'ngsPosition': 'WR', 'ngsPositionGroup': 'WR'}",Amari Cooper,WR,1200,2021,amari cooper
6.769278350515464,4.4226351130323325,5.363482142857144,4.001007353190731,3.95,-0.4726351130323327,73.21428571428571,11.229378721176946,1,82,112,693,"{'season': 2021, 'currentTeamId': '0610', 'displayName': 'Cole Beasley', 'esbId': 'BEA434808', 'firstName': 'Cole', 'footballName': 'Cole', 'gsisId': '00-0029000', 'gsisItId': 38947, 'headshot': 'https://static.www.nfl.com/image/private/{formatInstructions}/league/y5r0fhwctl6ljwvmktvu', 'jerseyNumber': 11, 'lastName': 'Beasley', 'position': 'WR', 'positionGroup': 'WR', 'shortName': 'C.Beasley', 'smartId': '32004245-4143-4808-b9d8-45a5d1a5ad73', 'status': 'ACT', 'uniformNumber': '11', 'ngsPosition': 'SLOT_WR', 'ngsPositionGroup': 'WR'}",Cole Beasley,WR,610,2021,cole beasley
6.762241379310345,3.034228005007341,13.423448275862066,2.967717340044389,2.6230769230769218,-0.4111510819304191,44.82758620689656,18.703425213685467,2,26,58,339,"{'season': 2021, 'currentTeamId': '3410', 'displayName': 'Darius Slayton', 'esbId': 'SLA500077', 'firstName': 'Darius', 'footballName': 'Darius', 'gsisId': '00-0035535', 'gsisItId': 47954, 'headshot': 'https://static.www.nfl.com/image/private/{formatInstructions}/league/z8cclxg4cdyh990ruqjf', 'jerseyNumber': 86, 'lastName': 'Slayton', 'position': 'WR', 'positionGroup': 'WR', 'shortName': 'D.Slayton', 'smartId': '3200534c-4150-0077-315f-47cff2877b23', 'status': 'ACT', 'uniformNumber': '86', 'ngsPosition': 'WR', 'ngsPositionGroup': 'WR'}",Darius Slayton,WR,3410,2021,darius slayton
6.759473684210525,2.6478314037131483,13.097118644067796,2.6700590654322283,3.602352941176469,0.9545215374633212,57.6271186440678,18.065286866178987,4,34,59,492,"{'season': 2021, 'currentTeamId': '3430', 'displayName': 'Corey Davis', 'esbId': 'DAV247957', 'firstName': 'Corey', 'footballName': 'Corey', 'gsisId': '00-0033871', 'gsisItId': 44817, 'headshot': 'https://static.www.nfl.com/image/private/{formatInstructions}/league/e96ltr3bnrq6bs4o0gvx', 'jerseyNumber': 84, 'lastName': 'Davis', 'position': 'WR', 'positionGroup': 'WR', 'shortName': 'C.Davis', 'smartId': '32004441-5624-7957-ef31-0e38b3301e4b', 'status': 'RES', 'uniformNumber': '84', 'ngsPosition': 'WR', 'ngsPositionGroup': 'WR'}",Corey Davis,WR,3430,2021,corey davis
6.740000000000001,4.495883592704384,5.455079365079367,4.134476052880254,5.307291666666666,0.8114080739622818,76.19047619047619,7.680257088711698,4,48,63,478,"{'season': 2021, 'currentTeamId': '4600', 'displayName': 'Gerald Everett', 'esbId': 'EVE166115', 'firstName': 'Gerald', 'footballName': 'Gerald', 'gsisId': '00-0033895', 'gsisItId': 44856, 'headshot': 'https://static.www.nfl.com/image/private/{formatInstructions}/league/cstlbdkqplchtbgjdcxf', 'jerseyNumber': 81, 'lastName': 'Everett', 'position': 'TE', 'positionGroup': 'TE', 'shortName': 'G.Everett', 'smartId': '32004556-4516-6115-f11c-124334bc44da', 'status': 'ACT', 'uniformNumber': '81', 'ngsPosition': 'TE', 'ngsPositionGroup': 'WR'}",Gerald Everett,TE,4600,2021,gerald everett
6.722264150943396,4.31125255476594,7.122258064516129,3.2064886385923006,3.889024390243902,-0.4222281645220374,66.12903225806451,10.599310629554596,0,41,62,383,"{'season': 2021, 'currentTeamId': '5110', 'displayName': 'Adam Humphries', 'esbId': 'HUM721507', 'firstName': 'Adam', 'footballName': 'Adam', 'gsisId': '00-0032009', 'gsisItId': 43010, 'headshot': 'https://static.www.nfl.com/image/private/{formatInstructions}/league/l56ywjejfpraigzs4qia', 'jerseyNumber': 13, 'lastName': 'Humphries', 'position': 'WR', 'positionGroup': 'WR', 'shortName': 'A.Humphries', 'smartId': '32004855-4d72-1507-4b02-e4f7666b5805', 'status': 'ACT', 'uniformNumber': '13', 'ngsPosition': 'SLOT_WR', 'ngsPositionGroup': 'WR'}",Adam Humphries,WR,5110,2021,adam humphries
6.697747747747746,5.173695638553282,8.651900826446282,3.320780213898697,10.3712987012987,5.197603062745419,63.63636363636363,26.612909376088343,6,77,121,1397,"{'season': 2021, 'seasonType': 'PRO', 'week': 22, 'jerseyNumber': 19, 'lastName': 'Samuel', 'footballName': 'Deebo', 'firstName': 'Tyshun', 'position': 'WR', 'gsisItId': 47819, 'gsisId': '00-0035719', 'esbId': 'SAM636097', 'displayName': 'Deebo Samuel', 'shortName': 'D.Samuel', 'uniformNumber': '19', 'status': 'ACT', 'currentTeamId': '8700', 'smartId': '32005341-4d63-6097-eab1-34810e00be67', 'headshot': 'https://static.www.nfl.com/image/private/{formatInstructions}/league/ccgevhaduyc9llngcnlu', 'positionGroup': 'WR', 'ngsPosition': 'WR', 'ngsPositionGroup': 'WR'}",Deebo Samuel,WR,8700,2021,deebo samuel
6.696315789473685,4.800664831138769,10.051929824561402,2.8799380316634937,4.440303030303031,-0.3603618008357374,57.89473684210527,14.131807419100234,2,33,57,299,"{'season': 2021, 'currentTeamId': '3700', 'displayName': 'Jalen Reagor', 'esbId': 'REA338982', 'firstName': 'Jalen', 'footballName': 'Jalen', 'gsisId': '00-0036387', 'gsisItId': 52429, 'headshot': 'https://static.www.nfl.com/image/private/{formatInstructions}/league/zfubpbpgf0lhhhixkotn', 'jerseyNumber': 18, 'lastName': 'Reagor', 'position': 'WR', 'positionGroup': 'WR', 'shortName': 'J.Reagor', 'smartId': '32005245-4133-8982-9a32-957d59a1e153', 'status': 'ACT', 'uniformNumber': '18', 'ngsPosition': 'WR', 'ngsPositionGroup': 'WR'}",Jalen Reagor,WR,3700,2021,jalen reagor
6.692584269662921,4.834031740866362,5.762399999999999,3.6496709514602177,6.566507936507937,1.732476195641575,63.0,12.24671962867089,0,63,100,619,"{'season': 2021, 'currentTeamId': '2250', 'displayName': 'Laviska Shenault', 'esbId': 'SHE458893', 'firstName': 'Laviska', 'footballName': 'Laviska', 'gsisId': '00-0036268', 'gsisItId': 52450, 'headshot': 'https://static.www.nfl.com/image/private/{formatInstructions}/league/zkrdtuid0lmeopve1c7e', 'jerseyNumber': 10, 'lastName': 'Shenault', 'position': 'WR', 'positionGroup': 'WR', 'shortName': 'L.Shenault', 'smartId': '32005348-4545-8893-4e8b-5724302de088', 'status': 'ACT', 'uniformNumber': '10', 'ngsPosition': 'SLOT_WR', 'ngsPositionGroup': 'WR'}",Laviska Shenault,WR,2250,2021,laviska shenault
6.662577319587629,4.113220312176523,7.203949579831932,3.485304831758373,4.825444444444443,0.7122241322679201,75.63025210084034,23.00716566919836,5,90,119,912,"{'season': 2021, 'currentTeamId': '1540', 'displayName': 'Amon-Ra St. Brown', 'esbId': 'STB415291', 'firstName': 'Amon-Ra', 'footballName': 'Amon-Ra', 'gsisId': '00-0036963', 'gsisItId': 53541, 'headshot': 'https://static.www.nfl.com/image/private/{formatInstructions}/league/wriyln01fppggo6jwvc0', 'jerseyNumber': 14, 'lastName': 'St. Brown', 'position': 'WR', 'positionGroup': 'WR', 'shortName': 'A.St. Brown', 'smartId': '32005354-4241-5291-a564-57e98d35161d', 'status': 'ACT', 'uniformNumber': '14', 'ngsPosition': 'SLOT_WR', 'ngsPositionGroup': 'WR'}",Amon-Ra St. Brown,WR,1540,2021,amon-ra st brown
6.63551724137931,5.10654811857684,4.74123076923077,4.092235706711843,5.578478260869565,0.4719301422927247,70.76923076923077,7.204793532565114,2,46,65,409,"{'season': 2021, 'currentTeamId': '3430', 'displayName': 'Braxton Berrios', 'esbId': 'BER456050', 'firstName': 'Braxton', 'footballName': 'Braxton', 'gsisId': '00-0034419', 'gsisItId': 46279, 'headshot': 'https://static.www.nfl.com/image/private/{formatInstructions}/league/vlx5vkd8ghcq1snnhdij', 'jerseyNumber': 10, 'lastName': 'Berrios', 'position': 'WR', 'positionGroup': 'WR', 'shortName': 'B.Berrios', 'smartId': '32004245-5245-6050-b9d8-8b288006bd46', 'status': 'RES', 'uniformNumber': '10', 'ngsPosition': 'SLOT_WR', 'ngsPositionGroup': 'WR'}",Braxton Berrios,WR,3430,2021,braxton berrios
6.61,2.7936857200944027,9.9348,2.356899085133115,3.6821875,0.8885017799055976,64.0,13.148435390715573,3,32,50,377,"{'season': 2021, 'currentTeamId': '3300', 'displayName': ""Tre'Quan Smith"", 'esbId': 'SMI764556', 'firstName': ""Tre'Quan"", 'footballName': ""Tre'Quan"", 'gsisId': '00-0034765', 'gsisItId': 46160, 'headshot': 'https://static.www.nfl.com/image/private/{formatInstructions}/league/csh1ehzlmtc8lbupeky3', 'jerseyNumber': 10, 'lastName': 'Smith', 'position': 'WR', 'positionGroup': 'WR', 'shortName': 'T.Smith', 'smartId': '3200534d-4976-4556-d545-e418d85634bb', 'status': 'ACT', 'uniformNumber': '10', 'ngsPosition': 'WR', 'ngsPositionGroup': 'WR'}",Tre'Quan Smith,WR,3300,2021,tre'quan smith
6.583805309734515,4.614241637024221,6.5453125,3.393140888393014,4.64135922330097,0.0271175862767494,80.46875,17.221320068243955,9,103,128,1038,"{'season': 2021, 'currentTeamId': '2520', 'displayName': 'Hunter Renfrow', 'esbId': 'REN358499', 'firstName': 'Hunter', 'footballName': 'Hunter', 'gsisId': '00-0034983', 'gsisItId': 47932, 'headshot': 'https://static.www.nfl.com/image/private/{formatInstructions}/league/ei9rwrzfpwto9ktqc3mt', 'jerseyNumber': 13, 'lastName': 'Renfrow', 'position': 'WR', 'positionGroup': 'WR', 'shortName': 'H.Renfrow', 'smartId': '32005245-4e35-8499-ff02-b25484b87290', 'status': 'ACT', 'uniformNumber': '13R', 'ngsPosition': 'SLOT_WR', 'ngsPositionGroup': 'WR'}",Hunter Renfrow,WR,2520,2021,hunter renfrow
6.565126582278481,4.849522867847579,8.382879581151833,3.630612090067914,6.156896551724138,1.307373683876559,75.91623036649214,31.314148699815377,16,145,191,1947,"{'season': 2021, 'seasonType': 'PRO', 'week': 22, 'jerseyNumber': 10, 'lastName': 'Kupp', 'footballName': 'Cooper', 'firstName': 'Cooper', 'position': 'WR', 'gsisItId': 44881, 'gsisId': '00-0033908', 'esbId': 'KUP534597', 'displayName': 'Cooper Kupp', 'shortName': 'C.Kupp', 'uniformNumber': '10', 'status': 'ACT', 'currentTeamId': '8700', 'smartId': '32004b55-5053-4597-b958-87408c31956f', 'headshot': 'https://static.www.nfl.com/image/private/{formatInstructions}/league/jiaeufv3lpbkhulrddjq', 'positionGroup': 'WR', 'ngsPosition': 'SLOT_WR', 'ngsPositionGroup': 'WR'}",Cooper Kupp,WR,8700,2021,cooper kupp
6.519593495934959,4.2261415203388175,6.790785714285716,3.33687711861522,4.574903846153847,0.348762325815029,74.28571428571429,21.991344194341583,6,104,140,1015,"{'season': 2021, 'currentTeamId': '2700', 'displayName': 'Jaylen Waddle', 'esbId': 'WAD088683', 'firstName': 'Jaylen', 'footballName': 'Jaylen', 'gsisId': '00-0036613', 'gsisItId': 53435, 'headshot': 'https://static.www.nfl.com/image/private/{formatInstructions}/league/hkwyhd9w8pouxwhqn6ly', 'jerseyNumber': 17, 'lastName': 'Waddle', 'position': 'WR', 'positionGroup': 'WR', 'shortName': 'J.Waddle', 'smartId': '32005741-4408-8683-c826-c882ad6fd5c2', 'status': 'ACT', 'uniformNumber': '17', 'ngsPosition': 'SLOT_WR', 'ngsPositionGroup': 'WR'}",Jaylen Waddle,WR,2700,2021,jaylen waddle
6.51060606060606,4.682410524394524,6.359795918367346,3.5148706295025933,4.895333333333335,0.2129228089388108,61.224489795918366,7.480101389302273,2,30,49,271,"{'season': 2021, 'currentTeamId': '5110', 'displayName': 'Ricky Seals-Jones', 'esbId': 'SEA449742', 'firstName': 'Roderick', 'footballName': 'Ricky', 'gsisId': '00-0033611', 'gsisItId': 45481, 'headshot': 'https://static.www.nfl.com/image/private/{formatInstructions}/league/qodkouwmexklezoqmcg6', 'jerseyNumber': 83, 'lastName': 'Seals-Jones', 'position': 'TE', 'positionGroup': 'TE', 'shortName': 'R.Seals-Jones', 'smartId': '32005345-4144-9742-e3b2-759908a92e0d', 'status': 'RES', 'uniformNumber': '83', 'ngsPosition': 'TE', 'ngsPositionGroup': 'TE'}",Ricky Seals-Jones,TE,5110,2021,ricky seals-jones
6.506262626262625,3.854940774159224,8.700714285714286,2.7814075355909087,3.455068493150685,-0.3998722810085389,65.17857142857143,22.541179845065244,2,73,112,780,"{'season': 2021, 'currentTeamId': '2700', 'displayName': 'Mike Gesicki', 'esbId': 'GES490798', 'firstName': 'Michael', 'footballName': 'Mike', 'gsisId': '00-0034829', 'gsisItId': 46111, 'headshot': 'https://static.www.nfl.com/image/private/{formatInstructions}/league/kbyrwisjf858egz7e8im', 'jerseyNumber': 88, 'lastName': 'Gesicki', 'position': 'TE', 'positionGroup': 'TE', 'shortName': 'M.Gesicki', 'smartId': '32004745-5349-0798-d83d-d46852aa6fbb', 'status': 'ACT', 'uniformNumber': '88', 'ngsPosition': 'SLOT_WR', 'ngsPositionGroup': 'WR'}",Mike Gesicki,TE,2700,2021,mike gesicki
6.504000000000001,2.6384069762309115,9.6511320754717,2.454409475956601,3.087741935483871,0.4493349592529596,58.490566037735846,12.646957742926867,3,31,53,406,"{'season': 2021, 'currentTeamId': '0200', 'displayName': 'Olamide Zaccheaus', 'esbId': 'ZAC133180', 'firstName': 'Olamide', 'footballName': 'Olamide', 'gsisId': '00-0035208', 'gsisItId': 48374, 'headshot': 'https://static.www.nfl.com/image/private/{formatInstructions}/league/pjhk3vxzcmeywvsvhsr7', 'jerseyNumber': 17, 'lastName': 'Zaccheaus', 'position': 'WR', 'positionGroup': 'WR', 'shortName': 'O.Zaccheaus', 'smartId': '32005a41-4313-3180-ba01-ae8103314fa2', 'status': 'ACT', 'uniformNumber': '17', 'ngsPosition': 'WR', 'ngsPositionGroup': 'WR'}",Olamide Zaccheaus,WR,200,2021,olamide zaccheaus
6.433970588235293,4.389565524616543,8.481571428571426,3.298332501040528,7.117636363636364,2.7280708390198205,78.57142857142857,14.003453041931817,5,55,70,800,"{'season': 2021, 'currentTeamId': '3200', 'displayName': 'Kendrick Bourne', 'esbId': 'BOU434790', 'firstName': 'Kendrick', 'footballName': 'Kendrick', 'gsisId': '00-0033307', 'gsisItId': 45185, 'headshot': 'https://static.www.nfl.com/image/private/{formatInstructions}/league/juhjhxyvitkwt0qcfqod', 'jerseyNumber': 84, 'lastName': 'Bourne', 'position': 'WR', 'positionGroup': 'WR', 'shortName': 'K.Bourne', 'smartId': '3200424f-5543-4790-acfc-7b92d77f3c8b', 'status': 'ACT', 'uniformNumber': '84', 'ngsPosition': 'WR', 'ngsPositionGroup': 'WR'}",Kendrick Bourne,WR,3200,2021,kendrick bourne
6.382093023255813,4.0478168767373806,10.39375,3.5815596715801434,5.0894736842105255,1.041656807473145,67.85714285714286,13.27353912393045,0,38,56,467,"{'season': 2021, 'currentTeamId': '1400', 'displayName': 'Jerry Jeudy', 'esbId': 'JEU415291', 'firstName': 'Jerry', 'footballName': 'Jerry', 'gsisId': '00-0036407', 'gsisItId': 52423, 'headshot': 'https://static.www.nfl.com/image/private/{formatInstructions}/league/unhcnjpbwzbykujxhcqe', 'jerseyNumber': 10, 'lastName': 'Jeudy', 'position': 'WR', 'positionGroup': 'WR', 'shortName': 'J.Jeudy', 'smartId': '32004a45-5541-5291-9f8b-8595dc100c90', 'status': 'ACT', 'uniformNumber': '10', 'ngsPosition': 'SLOT_WR', 'ngsPositionGroup': 'WR'}",Jerry Jeudy,WR,1400,2021,jerry jeudy
6.373174603174602,3.3085162384349305,5.987746478873239,3.4457359077801164,3.429803921568628,0.1212876831336968,71.83098591549296,9.938911916735046,2,51,71,447,"{'season': 2021, 'currentTeamId': '3430', 'displayName': 'Jamison Crowder', 'esbId': 'CRO697273', 'firstName': 'Jamison', 'footballName': 'Jamison', 'gsisId': '00-0031941', 'gsisItId': 42448, 'headshot': 'https://static.www.nfl.com/image/private/{formatInstructions}/league/q83pw5ewke0y9k4ei7qe', 'jerseyNumber': 82, 'lastName': 'Crowder', 'position': 'WR', 'positionGroup': 'WR', 'shortName': 'J.Crowder', 'smartId': '32004352-4f69-7273-6662-7a928881f033', 'status': 'ACT', 'uniformNumber': '82', 'ngsPosition': 'SLOT_WR', 'ngsPositionGroup': 'WR'}",Jamison Crowder,WR,3430,2021,jamison crowder
6.35568,3.6059085397828903,10.6305223880597,3.257264016889394,3.886555555555556,0.280647015772665,67.16417910447761,36.748324450383606,6,90,134,1028,"{'season': 2021, 'currentTeamId': '2120', 'displayName': 'Brandin Cooks', 'esbId': 'COO299382', 'firstName': 'Brandin', 'footballName': 'Brandin', 'gsisId': '00-0031236', 'gsisItId': 41246, 'headshot': 'https://static.www.nfl.com/image/private/{formatInstructions}/league/f3z5yinzicnr0phuhewt', 'jerseyNumber': 13, 'lastName': 'Cooks', 'position': 'WR', 'positionGroup': 'WR', 'shortName': 'B.Cooks', 'smartId': '3200434f-4f29-9382-29e1-70020b0a09be', 'status': 'ACT', 'uniformNumber': '13', 'ngsPosition': 'WR', 'ngsPositionGroup': 'WR'}",Brandin Cooks,WR,2120,2021,brandin cooks
6.350960000000001,3.8542639342960334,10.454313725490197,3.0550902755485985,4.493364485981308,0.6391005516852739,69.93464052287581,30.45154436626153,9,107,153,1361,"{'season': 2021, 'seasonType': 'PRO', 'week': 22, 'jerseyNumber': 89, 'lastName': 'Andrews', 'footballName': 'Mark', 'firstName': 'Mark', 'position': 'TE', 'gsisItId': 46155, 'gsisId': '00-0034753', 'esbId': 'AND701433', 'displayName': 'Mark Andrews', 'shortName': 'M.Andrews', 'uniformNumber': '89', 'status': 'ACT', 'currentTeamId': '8600', 'smartId': '3200414e-4470-1433-75dd-307507e53173', 'headshot': 'https://static.www.nfl.com/image/private/{formatInstructions}/league/jl7a95vyxownvkevbcr8', 'positionGroup': 'TE', 'ngsPosition': 'SLOT_WR', 'ngsPositionGroup': 'WR'}",Mark Andrews,TE,8600,2021,mark andrews
6.3470796460177,5.361638865662791,7.308661417322834,3.290494590203812,6.263877551020408,0.9022386853576164,77.16535433070865,16.23729329463813,5,98,127,1103,"{'season': 2021, 'currentTeamId': '4900', 'displayName': 'Chris Godwin', 'esbId': 'GOD549393', 'firstName': 'Rod', 'footballName': 'Chris', 'gsisId': '00-0033921', 'gsisItId': 44896, 'headshot': 'https://static.www.nfl.com/image/private/{formatInstructions}/league/ckwncz8djwnlo1miq1vq', 'jerseyNumber': 14, 'lastName': 'Godwin', 'position': 'WR', 'positionGroup': 'WR', 'shortName': 'C.Godwin', 'smartId': '3200474f-4454-9393-6eec-24189dd66641', 'status': 'RES', 'uniformNumber': '14', 'ngsPosition': 'SLOT_WR', 'ngsPositionGroup': 'WR'}",Chris Godwin,WR,4900,2021,chris godwin
6.34407894736842,5.157607702295264,8.028936170212768,3.169977055618785,5.873432835820894,0.7158251335256294,71.27659574468085,17.28198869269926,5,67,94,828,"{'season': 2021, 'currentTeamId': '0920', 'displayName': 'Tyler Boyd', 'esbId': 'BOY378353', 'firstName': 'Tyler', 'footballName': 'Tyler', 'gsisId': '00-0033009', 'gsisItId': 43344, 'headshot': 'https://static.www.nfl.com/image/private/{formatInstructions}/league/p4khoqwg4cbtvkyxnyop', 'jerseyNumber': 83, 'lastName': 'Boyd', 'position': 'WR', 'positionGroup': 'WR', 'shortName': 'T.Boyd', 'smartId': '3200424f-5937-8353-b941-dfa7122ba16b', 'status': 'ACT', 'uniformNumber': '83', 'ngsPosition': 'SLOT_WR', 'ngsPositionGroup': 'WR'}",Tyler Boyd,WR,920,2021,tyler boyd
6.340238095238094,3.828703451772691,9.691937984496125,2.76280033927554,4.100681818181818,0.2719783664091273,68.21705426356588,31.2751869241872,6,88,129,1082,"{'season': 2021, 'currentTeamId': '2200', 'displayName': 'Michael Pittman', 'esbId': 'PIT228050', 'firstName': 'Michael', 'footballName': 'Michael', 'gsisId': '00-0036252', 'gsisItId': 52442, 'headshot': 'https://static.www.nfl.com/image/private/{formatInstructions}/league/jhiv3hec1nnxwg4ok46w', 'jerseyNumber': 11, 'lastName': 'Pittman', 'position': 'WR', 'positionGroup': 'WR', 'shortName': 'M.Pittman', 'smartId': '32005049-5422-8050-a8f8-f5210135a4b3', 'status': 'ACT', 'uniformNumber': '11', 'ngsPosition': 'WR', 'ngsPositionGroup': 'WR'}",Michael Pittman,WR,2200,2021,michael pittman
6.337118644067798,4.281868842906537,11.16225806451613,3.410888017884933,4.892380952380951,0.6105121094744144,67.74193548387096,12.10642232006816,4,42,62,545,"{'season': 2021, 'currentTeamId': '4900', 'displayName': 'Antonio Brown', 'esbId': 'BRO000001', 'firstName': 'Antonio', 'footballName': 'Antonio', 'gsisId': '00-0027793', 'gsisItId': 35634, 'headshot': 'https://static.www.nfl.com/image/private/{formatInstructions}/league/ecxsx9t7bfg42bgfwj3v', 'jerseyNumber': 81, 'lastName': 'Brown', 'position': 'WR', 'positionGroup': 'WR', 'shortName': 'A.Brown', 'smartId': '32004252-4f00-0001-4ac0-67a98b776d89', 'status': 'CUT', 'uniformNumber': '81', 'ngsPosition': 'WR', 'ngsPositionGroup': 'WR'}",Antonio Brown,WR,4900,2021,antonio brown
6.3146,4.394511315330987,4.577777777777777,3.657359885201356,6.212653061224492,1.818141745893505,77.77777777777779,6.603939923381471,5,49,63,493,"{'season': 2021, 'currentTeamId': '0920', 'displayName': 'C.J. Uzomah', 'esbId': 'UZO415291', 'firstName': 'Christopher', 'footballName': 'C.J.', 'gsisId': '00-0032134', 'gsisItId': 42500, 'headshot': 'https://static.www.nfl.com/image/private/{formatInstructions}/league/mx5gvpkq84jphclpkvux', 'jerseyNumber': 87, 'lastName': 'Uzomah', 'position': 'TE', 'positionGroup': 'TE', 'shortName': 'C.Uzomah', 'smartId': '3200555a-4f41-5291-7c48-f42f95ee20d2', 'status': 'ACT', 'uniformNumber': '87', 'ngsPosition': 'TE', 'ngsPositionGroup': 'TE'}",C.J. Uzomah,TE,920,2021,cj uzomah
6.310090909090908,3.6198266823483065,10.629,3.067840135274804,5.651772151898734,2.0319454695504278,65.83333333333333,24.83715876363339,6,79,120,1102,"{'season': 2021, 'currentTeamId': '1200', 'displayName': 'CeeDee Lamb', 'esbId': 'LAM138457', 'firstName': 'Cedarian', 'footballName': 'CeeDee', 'gsisId': '00-0036358', 'gsisItId': 52425, 'headshot': 'https://static.www.nfl.com/image/private/{formatInstructions}/league/fe4iwsyp8kiiqjigeooo', 'jerseyNumber': 88, 'lastName': 'Lamb', 'position': 'WR', 'positionGroup': 'WR', 'shortName': 'C.Lamb', 'smartId': '32004c41-4d13-8457-fcbe-d37fdbd87233', 'status': 'ACT', 'uniformNumber': '88', 'ngsPosition': 'WR', 'ngsPositionGroup': 'WR'}",CeeDee Lamb,WR,1200,2021,ceedee lamb
6.297111111111112,4.969084761360317,9.479672131147542,3.641353164570318,6.209111111111112,1.2400263497507948,73.77049180327869,11.260337619295202,6,45,61,602,"{'season': 2021, 'currentTeamId': '1200', 'displayName': 'Cedrick Wilson', 'esbId': 'WIL656498', 'firstName': 'Cedrick', 'footballName': 'Cedrick', 'gsisId': '00-0034418', 'gsisItId': 46277, 'headshot': 'https://static.www.nfl.com/image/private/{formatInstructions}/league/mqx2ue8p1i49rsft8lrx', 'jerseyNumber': 1, 'lastName': 'Wilson', 'position': 'WR', 'positionGroup': 'WR', 'shortName': 'C.Wilson', 'smartId': '32005749-4c65-6498-c69c-d263ba915a14', 'status': 'ACT', 'uniformNumber': '1', 'ngsPosition': 'SLOT_WR', 'ngsPositionGroup': 'WR'}",Cedrick Wilson,WR,1200,2021,cedrick wilson
6.292,2.244507042158325,11.670638297872342,2.790234487883644,1.7587499999999994,-0.4857570421583255,51.06382978723404,13.409050351164966,1,24,47,275,"{'season': 2021, 'currentTeamId': '1050', 'displayName': 'Rashard Higgins', 'esbId': 'HIG322107', 'firstName': 'Rashard', 'footballName': 'Rashard', 'gsisId': '00-0032977', 'gsisItId': 43461, 'headshot': 'https://static.www.nfl.com/image/private/{formatInstructions}/league/j74zpzosjgeqpb0ponif', 'jerseyNumber': 82, 'lastName': 'Higgins', 'position': 'WR', 'positionGroup': 'WR', 'shortName': 'R.Higgins', 'smartId': '32004849-4732-2107-8b68-79212110bd89', 'status': 'ACT', 'uniformNumber': '82', 'ngsPosition': 'WR', 'ngsPositionGroup': 'WR'}",Rashard Higgins,WR,1050,2021,rashard higgins
6.288095238095239,2.947574352250816,12.732480620155036,2.584869216875035,4.588133333333334,1.6405589810825183,58.13953488372093,36.705983838094895,12,75,129,967,"{'season': 2021, 'currentTeamId': '4600', 'displayName': 'DK Metcalf', 'esbId': 'MET363377', 'firstName': 'DeKaylin', 'footballName': 'DK', 'gsisId': '00-0035640', 'gsisItId': 47847, 'headshot': 'https://static.www.nfl.com/image/private/{formatInstructions}/league/oa43ir8zoaiofwbupkrt', 'jerseyNumber': 14, 'lastName': 'Metcalf', 'position': 'WR', 'positionGroup': 'WR', 'shortName': 'D.Metcalf', 'smartId': '32004d45-5436-3377-5806-d2746f1b94aa', 'status': 'ACT', 'uniformNumber': '14', 'ngsPosition': 'WR', 'ngsPositionGroup': 'WR'}",DK Metcalf,WR,4600,2021,dk metcalf
6.264166666666667,4.640360172781814,5.130410958904111,3.4021816268153797,4.405869565217391,-0.2344906075644228,63.013698630136986,8.99713164178674,3,46,73,408,"{'season': 2021, 'currentTeamId': '3410', 'displayName': 'Evan Engram', 'esbId': 'ENG726325', 'firstName': 'Evan', 'footballName': 'Evan', 'gsisId': '00-0033881', 'gsisItId': 44835, 'headshot': 'https://static.www.nfl.com/image/private/{formatInstructions}/league/mvkkl292m78tv1p1tqr4', 'jerseyNumber': 88, 'lastName': 'Engram', 'position': 'TE', 'positionGroup': 'TE', 'shortName': 'E.Engram', 'smartId': '3200454e-4772-6325-a4a0-9b4b442fe68a', 'status': 'ACT', 'uniformNumber': '88', 'ngsPosition': 'SLOT_WR', 'ngsPositionGroup': 'WR'}",Evan Engram,TE,3410,2021,evan engram
6.261951219512195,3.661718838689001,13.178658536585363,2.631560672147918,3.6945454545454552,0.0328266158564547,53.65853658536586,21.134845260819223,5,44,82,537,"{'season': 2021, 'currentTeamId': '2510', 'displayName': 'Odell Beckham', 'esbId': 'BEC573252', 'firstName': 'Odell', 'footballName': 'Odell', 'gsisId': '00-0031235', 'gsisItId': 41238, 'headshot': 'https://static.www.nfl.com/image/private/{formatInstructions}/league/dw6kneiq5flxfw0m6rf3', 'jerseyNumber': 3, 'lastName': 'Beckham', 'position': 'WR', 'positionGroup': 'WR', 'shortName': 'O.Beckham', 'smartId': '32004245-4357-3252-264b-1da3e93d2745', 'status': 'ACT', 'uniformNumber': '3', 'ngsPosition': 'WR', 'ngsPositionGroup': 'WR'}",Odell Beckham,WR,2510,2021,odell beckham
6.217183098591549,4.447781095926232,10.026881720430108,2.852018169062335,4.9176363636363645,0.4698552677101322,59.13978494623656,19.16791712059857,2,55,93,665,"{'season': 2021, 'currentTeamId': '2520', 'displayName': 'Darren Waller', 'esbId': 'WAL509040', 'firstName': 'Darren', 'footballName': 'Darren', 'gsisId': '00-0031610', 'gsisItId': 42547, 'headshot': 'https://static.www.nfl.com/image/private/{formatInstructions}/league/zr239ya4yqyvi16jmoyh', 'jerseyNumber': 83, 'lastName': 'Waller', 'position': 'TE', 'positionGroup': 'TE', 'shortName': 'D.Waller', 'smartId': '32005741-4c50-9040-67d6-042691fb535a', 'status': 'ACT', 'uniformNumber': '83', 'ngsPosition': 'SLOT_WR', 'ngsPositionGroup': 'WR'}",Darren Waller,TE,2520,2021,darren waller
6.201515151515153,4.718762534971543,8.500144927536232,3.780679239585852,4.764222222222222,0.0454596872506796,65.21739130434783,11.47068717338924,4,45,69,556,"{'season': 2021, 'currentTeamId': '2510', 'displayName': 'Robert Woods', 'esbId': 'WOO561144', 'firstName': 'Robert', 'footballName': 'Robert', 'gsisId': '00-0030431', 'gsisItId': 39989, 'headshot': 'https://static.www.nfl.com/image/private/{formatInstructions}/league/reiacycshzdzlvjwdity', 'jerseyNumber': 2, 'lastName': 'Woods', 'position': 'WR', 'positionGroup': 'WR', 'shortName': 'R.Woods', 'smartId': '3200574f-4f56-1144-59b1-dbf0c9bdb37a', 'status': 'RES', 'uniformNumber': '2', 'ngsPosition': 'WR', 'ngsPositionGroup': 'WR'}",Robert Woods,WR,2510,2021,robert woods
6.1909230769230765,3.5283668444853165,7.475119047619048,2.812075744449009,3.565245901639344,0.0368790571540276,72.61904761904762,16.851667963822763,4,61,84,583,"{'season': 2021, 'currentTeamId': '1540', 'displayName': 'T.J. Hockenson', 'esbId': 'HOC422041', 'firstName': 'Thomas', 'footballName': 'T.J.', 'gsisId': '00-0035229', 'gsisItId': 47791, 'headshot': 'https://static.www.nfl.com/image/private/{formatInstructions}/league/ad89lw2t6v9bywmbh2uu', 'jerseyNumber': 88, 'lastName': 'Hockenson', 'position': 'TE', 'positionGroup': 'TE', 'shortName': 'T.Hockenson', 'smartId': '3200484f-4342-2041-c442-6c874885b155', 'status': 'RES', 'uniformNumber': '88', 'ngsPosition': 'TE', 'ngsPositionGroup': 'TE'}",T.J. Hockenson,TE,1540,2021,tj hockenson
6.125966386554622,2.614532536861155,12.780666666666669,2.460201246616825,1.8457534246575344,-0.7687791122036207,60.83333333333333,32.595010690163775,4,73,120,832,"{'season': 2021, 'currentTeamId': '2250', 'displayName': 'Marvin Jones', 'esbId': 'JON601697', 'firstName': 'Marvin', 'footballName': 'Marvin', 'gsisId': '00-0029293', 'gsisItId': 38696, 'headshot': 'https://static.www.nfl.com/image/private/{formatInstructions}/league/x09ruarqlcrdsjqq5mpg', 'jerseyNumber': 11, 'lastName': 'Jones', 'position': 'WR', 'positionGroup': 'WR', 'shortName': 'M.Jones', 'smartId': '32004a4f-4e60-1697-4762-9c6d786d2931', 'status': 'ACT', 'uniformNumber': '11', 'ngsPosition': 'WR', 'ngsPositionGroup': 'WR'}",Marvin Jones,WR,2250,2021,marvin jones
6.119591836734694,3.763652824775516,10.4011320754717,3.5866316882727016,4.098198198198198,0.3345453734226824,69.81132075471697,35.5046125639501,9,111,159,1239,"{'season': 2021, 'seasonType': 'PRO', 'week': 22, 'jerseyNumber': 10, 'lastName': 'Hill', 'footballName': 'Tyreek', 'firstName': 'Tyreek', 'position': 'WR', 'gsisItId': 43454, 'gsisId': '00-0033040', 'esbId': 'HIL628694', 'displayName': 'Tyreek Hill', 'shortName': 'T.Hill', 'uniformNumber': '10', 'status': 'ACT', 'currentTeamId': '8600', 'smartId': '32004849-4c62-8694-8490-45499711dee4', 'headshot': 'https://static.www.nfl.com/image/private/{formatInstructions}/league/xw0jhb7zeobj4bkxfpwg', 'positionGroup': 'WR', 'ngsPosition': 'SLOT_WR', 'ngsPositionGroup': 'WR'}",Tyreek Hill,WR,8600,2021,tyreek hill
6.118765432098765,4.833968133212803,8.287356321839082,2.996522887677956,5.259038461538462,0.4250703283256589,59.77011494252874,17.62547455551291,2,52,87,570,"{'season': 2021, 'currentTeamId': '1050', 'displayName': 'Jarvis Landry', 'esbId': 'LAN163029', 'firstName': 'Jarvis', 'footballName': 'Jarvis', 'gsisId': '00-0031382', 'gsisItId': 41292, 'headshot': 'https://static.www.nfl.com/image/private/{formatInstructions}/league/munogq6pr4gicsicbyhh', 'jerseyNumber': 80, 'lastName': 'Landry', 'position': 'WR', 'positionGroup': 'WR', 'shortName': 'J.Landry', 'smartId': '32004c41-4e16-3029-78da-4985470f8aab', 'status': 'ACT', 'uniformNumber': '80', 'ngsPosition': 'SLOT_WR', 'ngsPositionGroup': 'WR'}",Jarvis Landry,WR,1050,2021,jarvis landry
6.111111111111111,3.486857002234314,12.049904761904765,2.640335918704501,3.653650793650794,0.1667937914164801,60.0,32.10902308112018,5,63,105,869,"{'season': 2021, 'currentTeamId': '2100', 'displayName': 'A.J. Brown', 'esbId': 'BRO413223', 'firstName': 'Arthur', 'footballName': 'A.J.', 'gsisId': '00-0035676', 'gsisItId': 47834, 'headshot': 'https://static.www.nfl.com/image/private/{formatInstructions}/league/oiacjddbxvaeiewm9v62', 'jerseyNumber': 11, 'lastName': 'Brown', 'position': 'WR', 'positionGroup': 'WR', 'shortName': 'A.Brown', 'smartId': '32004252-4f41-3223-e4c5-1e30dffa87f8', 'status': 'ACT', 'uniformNumber': '11', 'ngsPosition': 'WR', 'ngsPositionGroup': 'WR'}",A.J. Brown,WR,2100,2021,aj brown
6.097920792079208,2.670238345505596,14.811153846153845,2.320067131055984,2.9459374999999994,0.2756991544944038,61.53846153846154,37.99230465666928,5,64,104,916,"{'season': 2021, 'currentTeamId': '3700', 'displayName': 'DeVonta Smith', 'esbId': 'SMI206016', 'firstName': 'DeVonta', 'footballName': 'DeVonta', 'gsisId': '00-0036912', 'gsisItId': 53439, 'headshot': 'https://static.www.nfl.com/image/private/{formatInstructions}/league/hol7dluumxi1cqxyagg3', 'jerseyNumber': 6, 'lastName': 'Smith', 'position': 'WR', 'positionGroup': 'WR', 'shortName': 'D.Smith', 'smartId': '3200534d-4920-6016-573c-fcc767bafc4d', 'status': 'ACT', 'uniformNumber': '6', 'ngsPosition': 'WR', 'ngsPositionGroup': 'WR'}",DeVonta Smith,WR,3700,2021,devonta smith
6.081379310344826,4.631354445990845,13.629662921348316,2.543856325861221,4.6786,0.0472455540091552,56.17977528089888,23.724066714647805,6,50,89,802,"{'season': 2021, 'currentTeamId': '2510', 'displayName': 'Van Jefferson', 'esbId': 'JEF436716', 'firstName': 'Vanchii', 'footballName': 'Van', 'gsisId': '00-0036415', 'gsisItId': 52465, 'headshot': 'https://static.www.nfl.com/image/private/{formatInstructions}/league/mpf79etf7jsptmu1ywv8', 'jerseyNumber': 12, 'lastName': 'Jefferson', 'position': 'WR', 'positionGroup': 'WR', 'shortName': 'V.Jefferson', 'smartId': '32004a45-4643-6716-6cf6-1dcc41075f1f', 'status': 'ACT', 'uniformNumber': '12', 'ngsPosition': 'WR', 'ngsPositionGroup': 'WR'}",Van Jefferson,WR,2510,2021,van jefferson
6.081358024691359,3.713366967543432,9.420744680851064,3.101704611897956,4.130606060606061,0.4172390930626291,70.2127659574468,21.89500386942365,4,66,94,771,"{'season': 2021, 'currentTeamId': '0200', 'displayName': 'Russell Gage', 'esbId': 'GAG130654', 'firstName': 'Russell', 'footballName': 'Russell', 'gsisId': '00-0034411', 'gsisItId': 46263, 'headshot': 'https://static.www.nfl.com/image/private/{formatInstructions}/league/yvgvukodrs3aabp4qty7', 'jerseyNumber': 14, 'lastName': 'Gage', 'position': 'WR', 'positionGroup': 'WR', 'shortName': 'R.Gage', 'smartId': '32004741-4713-0654-eda3-03cdf234354d', 'status': 'ACT', 'uniformNumber': '14', 'ngsPosition': 'WR', 'ngsPositionGroup': 'WR'}",Russell Gage,WR,200,2021,russell gage
6.066065573770491,3.407687024305554,9.4168115942029,3.200508008891377,3.2584210526315798,-0.1492659716739748,55.072463768115945,16.253711592676627,3,38,69,384,"{'season': 2021, 'currentTeamId': '2200', 'displayName': 'Zach Pascal', 'esbId': 'PAS035497', 'firstName': 'Zachary', 'footballName': 'Zach', 'gsisId': '00-0033251', 'gsisItId': 45102, 'headshot': 'https://static.www.nfl.com/image/private/{formatInstructions}/league/rnqfuvudqkxumzde9wl8', 'jerseyNumber': 14, 'lastName': 'Pascal', 'position': 'WR', 'positionGroup': 'WR', 'shortName': 'Z.Pascal', 'smartId': '32005041-5303-5497-62e8-1fb281a506b7', 'status': 'ACT', 'uniformNumber': '14', 'ngsPosition': 'SLOT_WR', 'ngsPositionGroup': 'WR'}",Zach Pascal,WR,2200,2021,zach pascal
6.061868131868132,3.635868096493071,9.747263157894738,3.1240155458580188,3.77776119402985,0.1418930975367787,70.52631578947368,20.35975145883811,10,67,95,726,"{'season': 2021, 'currentTeamId': '3000', 'displayName': 'Adam Thielen', 'esbId': 'THI510348', 'firstName': 'Adam', 'footballName': 'Adam', 'gsisId': '00-0030035', 'gsisItId': 40488, 'headshot': 'https://static.www.nfl.com/image/private/{formatInstructions}/league/yaqb24k1lrtbl4a0hxtl', 'jerseyNumber': 19, 'lastName': 'Thielen', 'position': 'WR', 'positionGroup': 'WR', 'shortName': 'A.Thielen', 'smartId': '32005448-4951-0348-440c-28f32f21652b', 'status': 'RES', 'uniformNumber': '19', 'ngsPosition': 'WR', 'ngsPositionGroup': 'WR'}",Adam Thielen,WR,3000,2021,adam thielen
6.052087912087912,3.541295591133527,12.363043478260874,2.512337025728572,4.001296296296297,0.4600007051627699,58.69565217391305,26.936712697957848,3,54,92,848,"{'season': 2021, 'currentTeamId': '3800', 'displayName': 'A.J. Green', 'esbId': 'GRE034604', 'firstName': 'Adriel', 'footballName': 'A.J.', 'gsisId': '00-0027942', 'gsisItId': 37077, 'headshot': 'https://static.www.nfl.com/image/private/{formatInstructions}/league/ibugzfv4xaeq9y4xurmj', 'jerseyNumber': 18, 'lastName': 'Green', 'position': 'WR', 'positionGroup': 'WR', 'shortName': 'A.Green', 'smartId': '32004752-4503-4604-5592-82f254d9dbee', 'status': 'ACT', 'uniformNumber': '18', 'ngsPosition': 'WR', 'ngsPositionGroup': 'WR'}",A.J. Green,WR,3800,2021,aj green
6.045,5.392866698885181,8.247763157894736,3.574250972076271,7.048392857142858,1.6555261582576764,73.68421052631578,15.460487371744277,4,56,76,830,"{'season': 2021, 'currentTeamId': '3700', 'displayName': 'Dallas Goedert', 'esbId': 'GOE595520', 'firstName': 'Dallas', 'footballName': 'Dallas', 'gsisId': '00-0034351', 'gsisItId': 46118, 'headshot': 'https://static.www.nfl.com/image/private/{formatInstructions}/league/toiqpnmbuxgfwr8wkw4r', 'jerseyNumber': 88, 'lastName': 'Goedert', 'position': 'TE', 'positionGroup': 'TE', 'shortName': 'D.Goedert', 'smartId': '3200474f-4559-5520-b7af-5e002aedafbb', 'status': 'ACT', 'uniformNumber': '88', 'ngsPosition': 'TE', 'ngsPositionGroup': 'TE'}",Dallas Goedert,TE,3700,2021,dallas goedert
6.0382278481012674,3.0891518377596427,11.990235294117648,2.757911754205331,4.145849056603775,1.0566972188441324,62.35294117647059,23.241977268166305,5,53,85,734,"{'season': 2021, 'currentTeamId': '1400', 'displayName': 'Tim Patrick', 'esbId': 'PAT283375', 'firstName': 'Tim', 'footballName': 'Tim', 'gsisId': '00-0033375', 'gsisItId': 45267, 'headshot': 'https://static.www.nfl.com/image/private/{formatInstructions}/league/hun9pdqwtwz76tiac5d3', 'jerseyNumber': 81, 'lastName': 'Patrick', 'position': 'WR', 'positionGroup': 'WR', 'shortName': 'T.Patrick', 'smartId': '32005041-5428-3375-95f4-ff207c5ba0aa', 'status': 'ACT', 'uniformNumber': '81', 'ngsPosition': 'WR', 'ngsPositionGroup': 'WR'}",Tim Patrick,WR,1400,2021,tim patrick
6.006595744680851,4.734857671569865,7.659732142857143,3.161096317720252,4.815405405405405,0.08054773383554,66.07142857142857,21.15948105761641,5,74,112,763,"{'season': 2021, 'currentTeamId': '3800', 'displayName': 'Zach Ertz', 'esbId': 'ERT800920', 'firstName': 'Zachary', 'footballName': 'Zach', 'gsisId': '00-0030061', 'gsisItId': 39983, 'headshot': 'https://static.www.nfl.com/image/private/{formatInstructions}/league/y4cua1auc75ybocf2ijz', 'jerseyNumber': 86, 'lastName': 'Ertz', 'position': 'TE', 'positionGroup': 'TE', 'shortName': 'Z.Ertz', 'smartId': '32004552-5480-0920-32a6-165b5a77814e', 'status': 'ACT', 'uniformNumber': '86', 'ngsPosition': 'SLOT_WR', 'ngsPositionGroup': 'WR'}",Zach Ertz,TE,3800,2021,zach ertz
6.000733944954129,2.9197578876309733,12.096818181818184,2.268951119376171,4.008243243243244,1.0884853556122702,67.27272727272727,30.46994680668363,6,74,110,1091,"{'season': 2021, 'currentTeamId': '0920', 'displayName': 'Tee Higgins', 'esbId': 'HIG387791', 'firstName': 'Tamaurice', 'footballName': 'Tee', 'gsisId': '00-0036410', 'gsisItId': 52441, 'headshot': 'https://static.www.nfl.com/image/private/{formatInstructions}/league/bhghlnepvrsmsztx0wzh', 'jerseyNumber': 85, 'lastName': 'Higgins', 'position': 'WR', 'positionGroup': 'WR', 'shortName': 'T.Higgins', 'smartId': '32004849-4738-7791-9f89-d556c4b59b9a', 'status': 'ACT', 'uniformNumber': '85', 'ngsPosition': 'WR', 'ngsPositionGroup': 'WR'}",Tee Higgins,WR,920,2021,tee higgins
5.999787234042554,4.109475585394576,11.434271844660197,3.379195378249628,3.263896103896104,-0.8455794814984721,74.75728155339806,27.8918363335378,5,77,103,982,"{'season': 2021, 'currentTeamId': '3800', 'displayName': 'Christian Kirk', 'esbId': 'KIR257918', 'firstName': 'Christian', 'footballName': 'Christian', 'gsisId': '00-0034775', 'gsisItId': 46116, 'headshot': 'https://static.www.nfl.com/image/private/{formatInstructions}/league/y1uvf0zoqcmhdnnm9zpt', 'jerseyNumber': 13, 'lastName': 'Kirk', 'position': 'WR', 'positionGroup': 'WR', 'shortName': 'C.Kirk', 'smartId': '32004b49-5225-7918-e402-81feed3bdafb', 'status': 'ACT', 'uniformNumber': '13', 'ngsPosition': 'SLOT_WR', 'ngsPositionGroup': 'WR'}",Christian Kirk,WR,3800,2021,christian kirk
5.997636363636364,4.238913016454524,12.328225806451616,3.3748816275932096,6.040000000000001,1.8010869835454768,69.35483870967742,18.852357932123127,1,43,62,647,"{'season': 2021, 'currentTeamId': '3700', 'displayName': 'Quez Watkins', 'esbId': 'WAT256754', 'firstName': 'Terrance', 'footballName': 'Quez', 'gsisId': '00-0036271', 'gsisItId': 52608, 'headshot': 'https://static.www.nfl.com/image/private/{formatInstructions}/league/gwow6ytckqv1ukrbrl5l', 'jerseyNumber': 16, 'lastName': 'Watkins', 'position': 'WR', 'positionGroup': 'WR', 'shortName': 'Q.Watkins', 'smartId': '32005741-5425-6754-e1b1-afc9abed8980', 'status': 'ACT', 'uniformNumber': '16', 'ngsPosition': 'SLOT_WR', 'ngsPositionGroup': 'WR'}",Quez Watkins,WR,3700,2021,quez watkins
5.984397163120567,3.834647703470501,8.53248407643312,3.154428759718232,3.4380188679245283,-0.3966288355459726,67.51592356687898,26.599631465243363,6,106,157,1138,"{'season': 2021, 'seasonType': 'PRO', 'week': 22, 'jerseyNumber': 13, 'lastName': 'Allen', 'footballName': 'Keenan', 'firstName': 'Keenan', 'position': 'WR', 'gsisItId': 40024, 'gsisId': '00-0030279', 'esbId': 'ALL532966', 'displayName': 'Keenan Allen', 'shortName': 'K.Allen', 'uniformNumber': '13', 'status': 'ACT', 'currentTeamId': '8600', 'smartId': '3200414c-4c53-2966-dfa9-55ae464e7b3d', 'headshot': 'https://static.www.nfl.com/image/private/{formatInstructions}/league/h3qhoqtyodmmympbw71k', 'positionGroup': 'WR', 'ngsPosition': 'SLOT_WR', 'ngsPositionGroup': 'WR'}",Keenan Allen,WR,8600,2021,keenan allen
5.979600000000001,3.4471065068891065,13.700263157894735,1.7375851345858917,3.2489189189189185,-0.1981875879701879,48.68421052631579,25.01333282084051,0,37,76,521,"{'season': 2021, 'currentTeamId': '3410', 'displayName': 'Kenny Golladay', 'esbId': 'GOL573546', 'firstName': 'Kenneth', 'footballName': 'Kenny', 'gsisId': '00-0033932', 'gsisItId': 44908, 'headshot': 'https://static.www.nfl.com/image/private/{formatInstructions}/league/gdihhyi6bpsvyljtenua', 'jerseyNumber': 19, 'lastName': 'Golladay', 'position': 'WR', 'positionGroup': 'WR', 'shortName': 'K.Golladay', 'smartId': '3200474f-4c57-3546-c21d-b780be32aca0', 'status': 'ACT', 'uniformNumber': '19', 'ngsPosition': 'WR', 'ngsPositionGroup': 'WR'}",Kenny Golladay,WR,3410,2021,kenny golladay
5.962467532467532,5.70513673283133,5.32035294117647,3.1039976555198003,4.812131147540984,-0.8930055852903465,71.76470588235294,8.844501987045088,5,61,85,560,"{'season': 2021, 'currentTeamId': '2510', 'displayName': 'Tyler Higbee', 'esbId': 'HIG033222', 'firstName': 'Tyler', 'footballName': 'Tyler', 'gsisId': '00-0033110', 'gsisItId': 43399, 'headshot': 'https://static.www.nfl.com/image/private/{formatInstructions}/league/bu5gamvcta2q5smo17pb', 'jerseyNumber': 89, 'lastName': 'Higbee', 'position': 'TE', 'positionGroup': 'TE', 'shortName': 'T.Higbee', 'smartId': '32004849-4703-3222-e4e8-bd596550bfdb', 'status': 'RES', 'uniformNumber': '89', 'ngsPosition': 'TE', 'ngsPositionGroup': 'TE'}",Tyler Higbee,TE,2510,2021,tyler higbee
5.941698113207546,5.1158226488222445,17.12690909090909,2.3729497686210688,6.002307692307694,0.8864850434854494,47.27272727272727,21.643467991342437,3,26,55,430,"{'season': 2021, 'currentTeamId': '1800', 'displayName': 'Marquez Valdes-Scantling', 'esbId': 'VAL142116', 'firstName': 'Marquez', 'footballName': 'Marquez', 'gsisId': '00-0034272', 'gsisItId': 46243, 'headshot': 'https://static.www.nfl.com/image/private/{formatInstructions}/league/y4msjj3juc7rg08twriq', 'jerseyNumber': 83, 'lastName': 'Valdes-Scantling', 'position': 'WR', 'positionGroup': 'WR', 'shortName': 'M.Valdes-Scantling', 'smartId': '32005641-4c14-2116-e6d9-84cbe2bdacf5', 'status': 'ACT', 'uniformNumber': '83', 'ngsPosition': 'WR', 'ngsPositionGroup': 'WR'}",Marquez Valdes-Scantling,WR,1800,2021,marquez valdes-scantling
5.937681159420291,4.706432333946728,8.691325301204818,2.770401527564225,5.282291666666667,0.5758593327199382,57.831325301204814,14.32400876858559,4,48,83,564,"{'season': 2021, 'currentTeamId': '4400', 'displayName': 'Jared Cook', 'esbId': 'COO152641', 'firstName': 'Jared', 'footballName': 'Jared', 'gsisId': '00-0027061', 'gsisItId': 34540, 'headshot': 'https://static.www.nfl.com/image/private/{formatInstructions}/league/cthoenebptadlu4g928v', 'jerseyNumber': 87, 'lastName': 'Cook', 'position': 'TE', 'positionGroup': 'TE', 'shortName': 'J.Cook', 'smartId': '3200434f-4f15-2641-bb32-32c02af1d6b5', 'status': 'ACT', 'uniformNumber': '87', 'ngsPosition': 'SLOT_WR', 'ngsPositionGroup': 'WR'}",Jared Cook,TE,4400,2021,jared cook
5.933269230769231,3.479749933338793,9.90326923076923,3.0348152815582257,3.056129032258066,-0.423620901080727,59.61538461538461,12.732505383814685,2,31,52,281,"{'season': 2021, 'currentTeamId': '0200', 'displayName': 'Calvin Ridley', 'esbId': 'RID652384', 'firstName': 'Calvin', 'footballName': 'Calvin', 'gsisId': '00-0034837', 'gsisItId': 46095, 'headshot': 'https://static.www.nfl.com/image/private/{formatInstructions}/league/nrjs4cm8bpr9v9ktiqe2', 'jerseyNumber': 18, 'lastName': 'Ridley', 'position': 'WR', 'positionGroup': 'WR', 'shortName': 'C.Ridley', 'smartId': '32005249-4465-2384-7253-3a4b46622aa9', 'status': 'RES', 'uniformNumber': '18', 'ngsPosition': 'WR', 'ngsPositionGroup': 'WR'}",Calvin Ridley,WR,200,2021,calvin ridley
5.903076923076924,3.42456444965433,8.002727272727274,2.920683237790749,4.076388888888889,0.6518244392345593,65.45454545454545,7.699681796633239,0,36,55,360,"{'season': 2021, 'currentTeamId': '4900', 'displayName': 'Tyler Johnson', 'esbId': 'JOH711094', 'firstName': 'Tyler', 'footballName': 'Tyler', 'gsisId': '00-0036427', 'gsisItId': 52569, 'headshot': 'https://static.www.nfl.com/image/private/{formatInstructions}/league/d6e5mwllmmwixl01o93g', 'jerseyNumber': 18, 'lastName': 'Johnson', 'position': 'WR', 'positionGroup': 'WR', 'shortName': 'T.Johnson', 'smartId': '32004a4f-4871-1094-58d9-ca4ef7922f8c', 'status': 'ACT', 'uniformNumber': '18', 'ngsPosition': 'WR', 'ngsPositionGroup': 'WR'}",Tyler Johnson,WR,4900,2021,tyler johnson
5.892021276595745,3.760056092761279,10.489454545454544,2.294515135466167,5.231470588235292,1.4714144954740132,61.81818181818181,28.52840750346765,1,68,110,1026,"{'season': 2021, 'seasonType': 'PRO', 'week': 22, 'jerseyNumber': 8, 'lastName': 'Pitts', 'footballName': 'Kyle', 'firstName': 'Kyle', 'position': 'TE', 'gsisItId': 53433, 'gsisId': '00-0036970', 'esbId': 'PIT516805', 'displayName': 'Kyle Pitts', 'shortName': 'K.Pitts', 'uniformNumber': '08', 'status': 'ACT', 'currentTeamId': '8700', 'smartId': '32005049-5451-6805-5aec-d4afcbd52e25', 'headshot': 'https://static.www.nfl.com/image/private/{formatInstructions}/league/ck6bpvk71ancovvtomdg', 'positionGroup': 'TE', 'ngsPosition': 'SLOT_WR', 'ngsPositionGroup': 'WR'}",Kyle Pitts,TE,8700,2021,kyle pitts
5.891632653061224,3.883620931922595,12.6665306122449,3.069747674039801,4.462962962962961,0.5793420310403659,55.10204081632652,11.816153400956471,1,27,49,394,"{'season': 2021, 'currentTeamId': '0325', 'displayName': 'Sammy Watkins', 'esbId': 'WAT270480', 'firstName': 'Samuel', 'footballName': 'Sammy', 'gsisId': '00-0031325', 'gsisItId': 41230, 'headshot': 'https://static.www.nfl.com/image/private/{formatInstructions}/league/uulusc1rbfhi3k0yhcch', 'jerseyNumber': 14, 'lastName': 'Watkins', 'position': 'WR', 'positionGroup': 'WR', 'shortName': 'S.Watkins', 'smartId': '32005741-5427-0480-637c-854aaf86ba0e', 'status': 'ACT', 'uniformNumber': '14', 'ngsPosition': 'WR', 'ngsPositionGroup': 'WR'}",Sammy Watkins,WR,325,2021,sammy watkins
5.883333333333333,3.224954313631724,13.787551020408165,2.690538669932927,4.127586206896551,0.9026318932648278,59.18367346938776,18.131290088832834,2,29,49,396,"{'season': 2021, 'currentTeamId': '1540', 'displayName': 'Josh Reynolds', 'esbId': 'REY398905', 'firstName': 'Joshua Dedmon-Reynolds', 'footballName': 'Josh', 'gsisId': '00-0033943', 'gsisItId': 44930, 'headshot': 'https://static.www.nfl.com/image/private/{formatInstructions}/league/oirrwmc0z3x3oogdrnek', 'jerseyNumber': 8, 'lastName': 'Reynolds', 'position': 'WR', 'positionGroup': 'WR', 'shortName': 'J.Reynolds', 'smartId': '32005245-5939-8905-3a79-3286353be377', 'status': 'ACT', 'uniformNumber': '8', 'ngsPosition': 'WR', 'ngsPositionGroup': 'WR'}",Josh Reynolds,WR,1540,2021,josh reynolds
5.850526315789473,4.662041136477697,11.91831168831169,3.441146012980936,5.097906976744186,0.435865840266489,55.84415584415584,21.454705278636936,5,43,77,538,"{'season': 2021, 'currentTeamId': '3430', 'displayName': 'Elijah Moore', 'esbId': 'MOO279723', 'firstName': 'Elijah', 'footballName': 'Elijah', 'gsisId': '00-0036980', 'gsisItId': 53463, 'headshot': 'https://static.www.nfl.com/image/private/{formatInstructions}/league/rk7rq0dyx9bjmgc6ijkj', 'jerseyNumber': 8, 'lastName': 'Moore', 'position': 'WR', 'positionGroup': 'WR', 'shortName': 'E.Moore', 'smartId': '32004d4f-4f27-9723-3c75-0e082bc200c9', 'status': 'RES', 'uniformNumber': '8', 'ngsPosition': 'WR', 'ngsPositionGroup': 'WR'}",Elijah Moore,WR,3430,2021,elijah moore
5.818208955223881,4.603813362236772,6.034888888888888,4.101818712656946,4.9794117647058815,0.3755984024691097,75.55555555555556,12.386204002700085,4,68,90,670,"{'season': 2021, 'currentTeamId': '1400', 'displayName': 'Noah Fant', 'esbId': 'FAN405165', 'firstName': 'Noah', 'footballName': 'Noah', 'gsisId': '00-0035644', 'gsisItId': 47803, 'headshot': 'https://static.www.nfl.com/image/private/{formatInstructions}/league/mzdt60x8wmllrtjpxfsr', 'jerseyNumber': 87, 'lastName': 'Fant', 'position': 'TE', 'positionGroup': 'TE', 'shortName': 'N.Fant', 'smartId': '32004641-4e40-5165-5070-db7e36dbc0d7', 'status': 'ACT', 'uniformNumber': '87', 'ngsPosition': 'TE', 'ngsPositionGroup': 'TE'}",Noah Fant,TE,1400,2021,noah fant
5.781562500000001,4.773578914423855,6.619423076923076,3.351918211483271,5.625142857142857,0.851563942719002,67.3076923076923,7.315429965612953,0,35,52,408,"{'season': 2021, 'currentTeamId': '2250', 'displayName': 'Dan Arnold', 'esbId': 'ARN413883', 'firstName': 'Daniel', 'footballName': 'Dan', 'gsisId': '00-0034011', 'gsisItId': 45785, 'headshot': 'https://static.www.nfl.com/image/private/{formatInstructions}/league/rotbubimax9ynluqflao', 'jerseyNumber': 85, 'lastName': 'Arnold', 'position': 'TE', 'positionGroup': 'TE', 'shortName': 'D.Arnold', 'smartId': '32004152-4e41-3883-2521-46a3b5976b3b', 'status': 'RES', 'uniformNumber': '85', 'ngsPosition': 'SLOT_WR', 'ngsPositionGroup': 'WR'}",Dan Arnold,TE,2250,2021,dan arnold
5.762266666666666,4.811127713941079,7.776276595744681,3.0905727466217323,6.669718309859154,1.8585905959180755,75.53191489361703,18.58210909238814,6,71,94,910,"{'season': 2021, 'seasonType': 'PRO', 'week': 22, 'jerseyNumber': 85, 'lastName': 'Kittle', 'footballName': 'George', 'firstName': 'George', 'position': 'TE', 'gsisItId': 44959, 'gsisId': '00-0033288', 'esbId': 'KIT388290', 'displayName': 'George Kittle', 'shortName': 'G.Kittle', 'uniformNumber': '85', 'status': 'ACT', 'currentTeamId': '8700', 'smartId': '32004b49-5438-8290-eeed-c9c9cca62ec1', 'headshot': 'https://static.www.nfl.com/image/private/{formatInstructions}/league/i5jklsh3tbdq6qhjjx3z', 'positionGroup': 'TE', 'ngsPosition': 'TE', 'ngsPositionGroup': 'TE'}",George Kittle,TE,8700,2021,george kittle
5.755180722891566,2.714443245554135,12.91095238095238,2.833434106805715,3.108695652173913,0.3942524066197781,54.761904761904766,28.706649655632425,6,46,84,698,"{'season': 2021, 'currentTeamId': '3300', 'displayName': 'Marquez Callaway', 'esbId': 'CAL617743', 'firstName': 'Marquez', 'footballName': 'Marquez', 'gsisId': '00-0036219', 'gsisItId': 53098, 'headshot': 'https://static.www.nfl.com/image/private/{formatInstructions}/league/nqiynjmkkl9kf8faxwaw', 'jerseyNumber': 1, 'lastName': 'Callaway', 'position': 'WR', 'positionGroup': 'WR', 'shortName': 'M.Callaway', 'smartId': '32004341-4c61-7743-4446-48c992c4d138', 'status': 'ACT', 'uniformNumber': '1', 'ngsPosition': 'WR', 'ngsPositionGroup': 'WR'}",Marquez Callaway,WR,3300,2021,marquez callaway
5.751666666666667,4.601709294546308,10.923666666666668,2.6435074301034764,5.183750000000002,0.5820407054536938,66.66666666666666,15.059302523286757,8,40,60,513,"{'season': 2021, 'currentTeamId': '1800', 'displayName': 'Allen Lazard', 'esbId': 'LAZ043714', 'firstName': 'Allen', 'footballName': 'Allen', 'gsisId': '00-0034521', 'gsisItId': 46705, 'headshot': 'https://static.www.nfl.com/image/private/{formatInstructions}/league/mcfdd6indtpjzydbmsbs', 'jerseyNumber': 13, 'lastName': 'Lazard', 'position': 'WR', 'positionGroup': 'WR', 'shortName': 'A.Lazard', 'smartId': '32004c41-5a04-3714-cfb7-872b20b0ce13', 'status': 'ACT', 'uniformNumber': '13', 'ngsPosition': 'WR', 'ngsPositionGroup': 'WR'}",Allen Lazard,WR,1800,2021,allen lazard
5.722068965517242,3.6011883003023835,14.998448275862067,2.1144548401272063,4.895588235294119,1.294399934991735,58.620689655172406,21.26570952924581,3,34,58,597,"{'season': 2021, 'currentTeamId': '1050', 'displayName': 'Donovan Peoples-Jones', 'esbId': 'PEO604060', 'firstName': 'Donovan', 'footballName': 'Donovan', 'gsisId': '00-0036233', 'gsisItId': 52595, 'headshot': 'https://static.www.nfl.com/image/private/{formatInstructions}/league/z2clh7yjqbdklh5wsde6', 'jerseyNumber': 11, 'lastName': 'Peoples-Jones', 'position': 'WR', 'positionGroup': 'WR', 'shortName': 'D.Peoples-Jones', 'smartId': '32005045-4f60-4060-aa06-be3909ebff80', 'status': 'ACT', 'uniformNumber': '11', 'ngsPosition': 'WR', 'ngsPositionGroup': 'WR'}",Donovan Peoples-Jones,WR,1050,2021,donovan peoples-jones
5.719310344827585,3.652398227858284,9.906133333333331,2.6939351546123214,3.394,-0.2583982278582839,66.66666666666666,17.52371607692925,9,50,75,603,"{'season': 2021, 'currentTeamId': '3200', 'displayName': 'Hunter Henry', 'esbId': 'HEN617052', 'firstName': 'Hunter', 'footballName': 'Hunter', 'gsisId': '00-0033090', 'gsisItId': 43324, 'headshot': 'https://static.www.nfl.com/image/private/{formatInstructions}/league/ldzlkisbxebv2pzup9qd', 'jerseyNumber': 85, 'lastName': 'Henry', 'position': 'TE', 'positionGroup': 'TE', 'shortName': 'H.Henry', 'smartId': '32004845-4e61-7052-805d-daad1175a3b2', 'status': 'ACT', 'uniformNumber': '85', 'ngsPosition': 'TE', 'ngsPositionGroup': 'TE'}",Hunter Henry,TE,3200,2021,hunter henry
5.714305555555556,2.6958310009649438,15.002777777777778,2.917702826187791,2.557619047619048,-0.1382119533458956,58.333333333333336,20.19273009374796,4,42,72,626,"{'season': 2021, 'currentTeamId': '0610', 'displayName': 'Emmanuel Sanders', 'esbId': 'SAN295989', 'firstName': 'Emmanuel', 'footballName': 'Emmanuel', 'gsisId': '00-0027685', 'gsisItId': 35521, 'headshot': 'https://static.www.nfl.com/image/private/{formatInstructions}/league/potkibjtm855tsawozs0', 'jerseyNumber': 1, 'lastName': 'Sanders', 'position': 'WR', 'positionGroup': 'WR', 'shortName': 'E.Sanders', 'smartId': '32005341-4e29-5989-16d2-05d6a07248e9', 'status': 'ACT', 'uniformNumber': '1', 'ngsPosition': 'WR', 'ngsPositionGroup': 'WR'}",Emmanuel Sanders,WR,610,2021,emmanuel sanders
5.664424242424243,3.95846814644729,12.33994011976048,2.979162932406609,4.73787037037037,0.7794022239230798,64.67065868263472,45.31017075112023,10,108,167,1616,"{'season': 2021, 'seasonType': 'PRO', 'week': 22, 'jerseyNumber': 18, 'lastName': 'Jefferson', 'footballName': 'Justin', 'firstName': 'Justin', 'position': 'WR', 'gsisItId': 52430, 'gsisId': '00-0036322', 'esbId': 'JEF269287', 'displayName': 'Justin Jefferson', 'shortName': 'J.Jefferson', 'uniformNumber': '18', 'status': 'ACT', 'currentTeamId': '8700', 'smartId': '32004a45-4626-9287-c454-479b942cbd26', 'headshot': 'https://static.www.nfl.com/image/private/{formatInstructions}/league/o2f0n7bi0rlvx0hgpspz', 'positionGroup': 'WR', 'ngsPosition': 'WR', 'ngsPositionGroup': 'WR'}",Justin Jefferson,WR,8700,2021,justin jefferson
5.628552631578948,3.405543967408092,10.492195121951218,2.764227600273744,3.898,0.4924560325919085,60.97560975609756,18.916743987652087,7,50,82,655,"{'season': 2021, 'currentTeamId': '3000', 'displayName': 'K.J. Osborn', 'esbId': 'OSB109755', 'firstName': 'K.J.', 'footballName': 'K.J.', 'gsisId': '00-0036345', 'gsisItId': 52584, 'headshot': 'https://static.www.nfl.com/image/private/{formatInstructions}/league/p44nhjopxr4mwncbdx5l', 'jerseyNumber': 17, 'lastName': 'Osborn', 'position': 'WR', 'positionGroup': 'WR', 'shortName': 'K.Osborn', 'smartId': '32004f53-4210-9755-4136-372d9f443611', 'status': 'ACT', 'uniformNumber': '17', 'ngsPosition': 'WR', 'ngsPositionGroup': 'WR'}",K.J. Osborn,WR,3000,2021,kj osborn
5.627551020408164,3.140774433491888,12.28,2.944829729854694,3.778484848484849,0.6377104149929607,64.70588235294117,13.310210275308911,1,33,51,434,"{'season': 2021, 'currentTeamId': '2250', 'displayName': 'Laquon Treadwell', 'esbId': 'TRE425415', 'firstName': 'Laquon', 'footballName': 'Laquon', 'gsisId': '00-0032951', 'gsisItId': 43312, 'headshot': 'https://static.www.nfl.com/image/private/{formatInstructions}/league/zl4di9nvfm85r7kgpusk', 'jerseyNumber': 18, 'lastName': 'Treadwell', 'position': 'WR', 'positionGroup': 'WR', 'shortName': 'L.Treadwell', 'smartId': '32005452-4542-5415-7fdd-740fe9181fcb', 'status': 'ACT', 'uniformNumber': '18', 'ngsPosition': 'WR', 'ngsPositionGroup': 'WR'}",Laquon Treadwell,WR,2250,2021,laquon treadwell
5.6126,2.0025349425243903,13.66627450980392,2.657046183911194,3.201785714285713,1.1992507717613226,54.90196078431373,16.29436367164395,1,28,51,449,"{'season': 2021, 'currentTeamId': '3430', 'displayName': 'Keelan Cole', 'esbId': 'COL130738', 'firstName': 'Keelan', 'footballName': 'Keelan', 'gsisId': '00-0033681', 'gsisItId': 45555, 'headshot': 'https://static.www.nfl.com/image/private/{formatInstructions}/league/boajq2m1njwe88c23lpd', 'jerseyNumber': 88, 'lastName': 'Cole', 'position': 'WR', 'positionGroup': 'WR', 'shortName': 'K.Cole', 'smartId': '3200434f-4c13-0738-9b9e-38aa1121bdd9', 'status': 'ACT', 'uniformNumber': '88', 'ngsPosition': 'WR', 'ngsPositionGroup': 'WR'}",Keelan Cole,WR,3430,2021,keelan cole
5.607682119205299,4.556255618657085,10.57355828220859,2.656482565158929,4.996236559139784,0.4399809404826991,57.05521472392638,40.02587123833589,4,93,163,1157,"{'season': 2021, 'currentTeamId': '0750', 'displayName': 'D.J. Moore', 'esbId': 'MOO272423', 'firstName': 'Denniston', 'footballName': 'D.J.', 'gsisId': '00-0034827', 'gsisItId': 46093, 'headshot': 'https://static.www.nfl.com/image/private/{formatInstructions}/league/yy6o0pkengsmm6dox1wy', 'jerseyNumber': 2, 'lastName': 'Moore', 'position': 'WR', 'positionGroup': 'WR', 'shortName': 'D.Moore', 'smartId': '32004d4f-4f27-2423-f0b4-728a741b03cb', 'status': 'ACT', 'uniformNumber': '2', 'ngsPosition': 'WR', 'ngsPositionGroup': 'WR'}",D.J. Moore,WR,750,2021,dj moore
5.588487394957984,3.265498465983591,13.35423076923077,2.448305075945383,4.13896103896104,0.873462572977449,59.23076923076923,41.67066719153552,5,77,130,1053,"{'season': 2021, 'currentTeamId': '5110', 'displayName': 'Terry McLaurin', 'esbId': 'MCL278328', 'firstName': 'Terry', 'footballName': 'Terry', 'gsisId': '00-0035659', 'gsisItId': 47859, 'headshot': 'https://static.www.nfl.com/image/private/{formatInstructions}/league/bxkrzih9phr5abgabo7v', 'jerseyNumber': 17, 'lastName': 'McLaurin', 'position': 'WR', 'positionGroup': 'WR', 'shortName': 'T.McLaurin', 'smartId': '32004d43-4c27-8328-8097-b130ba0e8060', 'status': 'ACT', 'uniformNumber': '17', 'ngsPosition': 'WR', 'ngsPositionGroup': 'WR'}",Terry McLaurin,WR,5110,2021,terry mclaurin
5.532149532710281,4.819406397943361,7.151641791044777,3.3050937566821044,6.401630434782609,1.5822240368392482,68.65671641791045,20.57394593735845,9,92,134,1125,"{'season': 2021, 'seasonType': 'PRO', 'week': 22, 'jerseyNumber': 87, 'lastName': 'Kelce', 'footballName': 'Travis', 'firstName': 'Travis', 'position': 'TE', 'gsisItId': 40011, 'gsisId': '00-0030506', 'esbId': 'KEL012458', 'displayName': 'Travis Kelce', 'shortName': 'T.Kelce', 'uniformNumber': '87', 'status': 'ACT', 'currentTeamId': '8600', 'smartId': '32004b45-4c01-2458-b7b6-3a14cdb414dd', 'headshot': 'https://static.www.nfl.com/image/private/{formatInstructions}/league/bcm53707vuxzjyml1ujt', 'positionGroup': 'TE', 'ngsPosition': 'SLOT_WR', 'ngsPositionGroup': 'WR'}",Travis Kelce,TE,8600,2021,travis kelce
5.5196202531645575,4.166543338285306,9.886428571428572,2.9427785694705517,6.712142857142857,2.545599518857551,66.66666666666666,21.11126081352813,5,56,84,826,"{'season': 2021, 'currentTeamId': '4500', 'displayName': 'Brandon Aiyuk', 'esbId': 'AIY189231', 'firstName': 'Brandon', 'footballName': 'Brandon', 'gsisId': '00-0036261', 'gsisItId': 52433, 'headshot': 'https://static.www.nfl.com/image/private/{formatInstructions}/league/myd0hbdegadm0beryuxz', 'jerseyNumber': 11, 'lastName': 'Aiyuk', 'position': 'WR', 'positionGroup': 'WR', 'shortName': 'B.Aiyuk', 'smartId': '32004149-5918-9231-4476-63b611051b08', 'status': 'ACT', 'uniformNumber': '11', 'ngsPosition': 'WR', 'ngsPositionGroup': 'WR'}",Brandon Aiyuk,WR,4500,2021,brandon aiyuk
5.506610169491526,3.270465886143322,6.19621212121212,3.0799188070387924,3.05025641025641,-0.2202094758869122,59.09090909090909,9.371505307349622,0,39,66,277,"{'season': 2021, 'currentTeamId': '3900', 'displayName': 'Ray-Ray McCloud', 'esbId': 'MCC417118', 'firstName': 'Ray-Ray', 'footballName': 'Ray-Ray', 'gsisId': '00-0034407', 'gsisItId': 46256, 'headshot': 'https://static.www.nfl.com/image/private/{formatInstructions}/league/q25yzjly8zz4elodqdhr', 'jerseyNumber': 14, 'lastName': 'McCloud', 'position': 'WR', 'positionGroup': 'WR', 'shortName': 'R.McCloud', 'smartId': '32004d43-4341-7118-745c-2c9756292bc8', 'status': 'ACT', 'uniformNumber': '14', 'ngsPosition': 'SLOT_WR', 'ngsPositionGroup': 'WR'}",Ray-Ray McCloud,WR,3900,2021,ray-ray mccloud
5.460212765957447,2.9311966030209287,12.073958333333335,2.427074285897147,3.922258064516128,0.9910614614951988,64.58333333333334,14.707711048230532,1,31,48,434,"{'season': 2021, 'currentTeamId': '2100', 'displayName': 'Julio Jones', 'esbId': 'JON640315', 'firstName': 'Quintorris', 'footballName': 'Julio', 'gsisId': '00-0027944', 'gsisItId': 37079, 'headshot': 'https://static.www.nfl.com/image/private/{formatInstructions}/league/pxrjunbln50toj2tmvbs', 'jerseyNumber': 2, 'lastName': 'Jones', 'position': 'WR', 'positionGroup': 'WR', 'shortName': 'J.Jones', 'smartId': '32004a4f-4e64-0315-6848-b53a911b9cd3', 'status': 'ACT', 'uniformNumber': '2', 'ngsPosition': 'WR', 'ngsPositionGroup': 'WR'}",Julio Jones,WR,2100,2021,julio jones
5.4525000000000015,3.1769820857302182,5.823417721518988,3.267817047006059,4.199500000000001,1.0225179142697831,75.9493670886076,10.542513795442462,7,60,79,497,"{'season': 2021, 'currentTeamId': '3900', 'displayName': 'Pat Freiermuth', 'esbId': 'FRE439769', 'firstName': 'Pat', 'footballName': 'Pat', 'gsisId': '00-0036894', 'gsisItId': 53484, 'headshot': 'https://static.www.nfl.com/image/private/{formatInstructions}/league/mcmq0fne7lzmd4ymuonx', 'jerseyNumber': 88, 'lastName': 'Freiermuth', 'position': 'TE', 'positionGroup': 'TE', 'shortName': 'P.Freiermuth', 'smartId': '32004652-4543-9769-d771-bdf1de25cd8b', 'status': 'ACT', 'uniformNumber': '88', 'ngsPosition': 'TE', 'ngsPositionGroup': 'TE'}",Pat Freiermuth,TE,3900,2021,pat freiermuth
5.376543209876543,4.408078670835378,6.901442307692308,3.5113196633901422,4.652435897435898,0.2443572266005196,75.0,13.976597596667816,8,78,104,808,"{'season': 2021, 'currentTeamId': '1200', 'displayName': 'Dalton Schultz', 'esbId': 'SCH647271', 'firstName': 'Dalton', 'footballName': 'Dalton', 'gsisId': '00-0034383', 'gsisItId': 46206, 'headshot': 'https://static.www.nfl.com/image/private/{formatInstructions}/league/mbqinxum5qovm6p8xgkc', 'jerseyNumber': 86, 'lastName': 'Schultz', 'position': 'TE', 'positionGroup': 'TE', 'shortName': 'D.Schultz', 'smartId': '32005343-4864-7271-8c9c-893e6cc8875d', 'status': 'ACT', 'uniformNumber': '86', 'ngsPosition': 'TE', 'ngsPositionGroup': 'TE'}",Dalton Schultz,TE,1200,2021,dalton schultz
5.368955223880598,4.104694179348875,7.503225806451613,3.284674596109315,4.6770000000000005,0.5723058206511258,64.51612903225806,16.108888514394813,0,60,93,612,"{'season': 2021, 'currentTeamId': '0810', 'displayName': 'Cole Kmet', 'esbId': 'KME200895', 'firstName': 'Cole', 'footballName': 'Cole', 'gsisId': '00-0036290', 'gsisItId': 52451, 'headshot': 'https://static.www.nfl.com/image/private/{formatInstructions}/league/jqlaite1e6jmuaix5hoc', 'jerseyNumber': 85, 'lastName': 'Kmet', 'position': 'TE', 'positionGroup': 'TE', 'shortName': 'C.Kmet', 'smartId': '32004b4d-4520-0895-f027-61d779beeff4', 'status': 'ACT', 'uniformNumber': '85', 'ngsPosition': 'TE', 'ngsPositionGroup': 'TE'}",Cole Kmet,TE,810,2021,cole kmet
5.368695652173912,3.2171216639582223,9.587222222222223,2.753380933897082,2.988915662650603,-0.2282060013076194,65.87301587301587,28.49207734436547,2,83,126,866,"{'season': 2021, 'currentTeamId': '3200', 'displayName': 'Jakobi Meyers', 'esbId': 'MEY171606', 'firstName': 'Jakobi', 'footballName': 'Jakobi', 'gsisId': '00-0034960', 'gsisItId': 48097, 'headshot': 'https://static.www.nfl.com/image/private/{formatInstructions}/league/g0apvgjnlqqhw0zaremx', 'jerseyNumber': 16, 'lastName': 'Meyers', 'position': 'WR', 'positionGroup': 'WR', 'shortName': 'J.Meyers', 'smartId': '32004d45-5917-1606-4197-8f46779fb9b7', 'status': 'ACT', 'uniformNumber': '16', 'ngsPosition': 'SLOT_WR', 'ngsPositionGroup': 'WR'}",Jakobi Meyers,WR,3200,2021,jakobi meyers
5.356857142857143,6.655026421672959,5.274666666666667,3.961486073576757,8.66892857142857,2.0139021497556104,62.22222222222222,5.598456509125561,1,28,45,294,"{'season': 2021, 'currentTeamId': '3200', 'displayName': 'Jonnu Smith', 'esbId': 'SMI443054', 'firstName': 'Jonnu', 'footballName': 'Jonnu', 'gsisId': '00-0033858', 'gsisItId': 44912, 'headshot': 'https://static.www.nfl.com/image/private/{formatInstructions}/league/uqux8vr24dx5tvqf97hb', 'jerseyNumber': 81, 'lastName': 'Smith', 'position': 'TE', 'positionGroup': 'TE', 'shortName': 'J.Smith', 'smartId': '3200534d-4944-3054-540c-5ec35eb5903e', 'status': 'ACT', 'uniformNumber': '81', 'ngsPosition': 'TE', 'ngsPositionGroup': 'TE'}",Jonnu Smith,TE,3200,2021,jonnu smith
5.333260869565217,3.9935024025296704,10.748499999999998,4.11533941172175,4.760238095238097,0.7667356927084263,70.0,13.845420605290334,5,42,60,568,"{'season': 2021, 'currentTeamId': '2310', 'displayName': 'Byron Pringle', 'esbId': 'PRI547217', 'firstName': 'Byron', 'footballName': 'Byron', 'gsisId': '00-0034297', 'gsisItId': 46522, 'headshot': 'https://static.www.nfl.com/image/private/{formatInstructions}/league/ciojowlm1oqc6onkec8u', 'jerseyNumber': 13, 'lastName': 'Pringle', 'position': 'WR', 'positionGroup': 'WR', 'shortName': 'B.Pringle', 'smartId': '32005052-4954-7217-e0dd-54f84f919c3a', 'status': 'ACT', 'uniformNumber': '13', 'ngsPosition': 'SLOT_WR', 'ngsPositionGroup': 'WR'}",Byron Pringle,WR,2310,2021,byron pringle
5.328039215686275,4.176829434244881,10.375263157894736,2.730466171606113,4.197368421052632,0.0205389868077512,66.66666666666666,15.008184344427669,4,38,57,476,"{'season': 2021, 'currentTeamId': '2100', 'displayName': 'Nick Westbrook-Ikhine', 'esbId': 'WES567220', 'firstName': 'Nicholas', 'footballName': 'Nick', 'gsisId': '00-0036182', 'gsisItId': 53074, 'headshot': 'https://static.www.nfl.com/image/private/{formatInstructions}/league/qkfbmmwufx3fmqd9cth9', 'jerseyNumber': 15, 'lastName': 'Westbrook-Ikhine', 'position': 'WR', 'positionGroup': 'WR', 'shortName': 'N.Westbrook-Ikhine', 'smartId': '32005745-5356-7220-67cc-7d57ec5c5725', 'status': 'ACT', 'uniformNumber': '15', 'ngsPosition': 'WR', 'ngsPositionGroup': 'WR'}",Nick Westbrook-Ikhine,WR,2100,2021,nick westbrook-ikhine
5.294171779141104,4.849339048544954,9.073313609467457,2.9521246706389666,5.41439024390244,0.5650511953574853,72.7810650887574,35.23204036523554,11,123,169,1553,"{'season': 2021, 'seasonType': 'PRO', 'week': 22, 'jerseyNumber': 17, 'lastName': 'Adams', 'footballName': 'Davante', 'firstName': 'Davante', 'position': 'WR', 'gsisItId': 41282, 'gsisId': '00-0031381', 'esbId': 'ADA218591', 'displayName': 'Davante Adams', 'shortName': 'D.Adams', 'uniformNumber': '17', 'status': 'ACT', 'currentTeamId': '8700', 'smartId': '32004144-4121-8591-4d26-4c0ac739af41', 'headshot': 'https://static.www.nfl.com/image/private/{formatInstructions}/league/hxerspgvszxel5frf2ez', 'positionGroup': 'WR', 'ngsPosition': 'WR', 'ngsPositionGroup': 'WR'}",Davante Adams,WR,8700,2021,davante adams
5.2915625,2.9441063439138717,12.6390625,2.829417514372512,3.4569047619047617,0.5127984179908904,65.625,19.156942941250307,8,42,64,572,"{'season': 2021, 'currentTeamId': '3800', 'displayName': 'DeAndre Hopkins', 'esbId': 'HOP161500', 'firstName': 'DeAndre', 'footballName': 'DeAndre', 'gsisId': '00-0030564', 'gsisItId': 39973, 'headshot': 'https://static.www.nfl.com/image/private/{formatInstructions}/league/atxihl8g9xi6wextxbkw', 'jerseyNumber': 10, 'lastName': 'Hopkins', 'position': 'WR', 'positionGroup': 'WR', 'shortName': 'D.Hopkins', 'smartId': '3200484f-5016-1500-bfbe-c87b292b639c', 'status': 'RES', 'uniformNumber': '10', 'ngsPosition': 'WR', 'ngsPositionGroup': 'WR'}",DeAndre Hopkins,WR,3800,2021,deandre hopkins
5.288500000000001,3.407342215413615,11.310166666666666,2.360439686621562,3.731818181818182,0.3244759664045671,55.00000000000001,17.50646228143042,1,33,60,448,"{'season': 2021, 'currentTeamId': '2120', 'displayName': 'Nico Collins', 'esbId': 'COL654119', 'firstName': 'Nico', 'footballName': 'Nico', 'gsisId': '00-0036554', 'gsisItId': 53518, 'headshot': 'https://static.www.nfl.com/image/private/{formatInstructions}/league/qls2a7h4ujxn7m4fj05y', 'jerseyNumber': 12, 'lastName': 'Collins', 'position': 'WR', 'positionGroup': 'WR', 'shortName': 'N.Collins', 'smartId': '3200434f-4c65-4119-2a51-095ba724d414', 'status': 'ACT', 'uniformNumber': '12', 'ngsPosition': 'WR', 'ngsPositionGroup': 'WR'}",Nico Collins,WR,2120,2021,nico collins
5.278548387096774,3.351305254368825,11.889354838709677,2.376206832700149,3.8068571428571416,0.455551888488316,56.451612903225815,14.354175064308905,2,35,62,445,"{'season': 2021, 'currentTeamId': '1200', 'displayName': 'Michael Gallup', 'esbId': 'GAL779981', 'firstName': 'Michael', 'footballName': 'Michael', 'gsisId': '00-0034764', 'gsisItId': 46150, 'headshot': 'https://static.www.nfl.com/image/private/{formatInstructions}/league/drbkvw2aexgwiscjbazu', 'jerseyNumber': 13, 'lastName': 'Gallup', 'position': 'WR', 'positionGroup': 'WR', 'shortName': 'M.Gallup', 'smartId': '32004741-4c77-9981-95e1-30b1c57c6002', 'status': 'RES', 'uniformNumber': '13', 'ngsPosition': 'WR', 'ngsPositionGroup': 'WR'}",Michael Gallup,WR,1200,2021,michael gallup
5.275076923076923,5.670115765460989,5.51793103448276,3.506495400887275,5.56950819672131,-0.1006075687396785,70.11494252873564,10.555084056339512,3,61,87,593,"{'season': 2021, 'currentTeamId': '3000', 'displayName': 'Tyler Conklin', 'esbId': 'CON185250', 'firstName': 'Tyler', 'footballName': 'Tyler', 'gsisId': '00-0034270', 'gsisItId': 46226, 'headshot': 'https://static.www.nfl.com/image/private/{formatInstructions}/league/t5dcv5rlo0vuzptw6qmy', 'jerseyNumber': 83, 'lastName': 'Conklin', 'position': 'TE', 'positionGroup': 'TE', 'shortName': 'T.Conklin', 'smartId': '3200434f-4e18-5250-1988-fe7b6c249df3', 'status': 'ACT', 'uniformNumber': '83', 'ngsPosition': 'TE', 'ngsPositionGroup': 'TE'}",Tyler Conklin,TE,3000,2021,tyler conklin
5.272758620689656,5.31802494891876,7.158873239436619,3.9503061195897695,6.122040816326531,0.8040158674077711,69.01408450704226,9.501537541242556,9,49,71,587,"{'season': 2021, 'currentTeamId': '0610', 'displayName': 'Dawson Knox', 'esbId': 'KNO490795', 'firstName': 'Dawson', 'footballName': 'Dawson', 'gsisId': '00-0035689', 'gsisItId': 47879, 'headshot': 'https://static.www.nfl.com/image/private/{formatInstructions}/league/ud6ifpmkntqowvg7s0vy', 'jerseyNumber': 88, 'lastName': 'Knox', 'position': 'TE', 'positionGroup': 'TE', 'shortName': 'D.Knox', 'smartId': '32004b4e-4f49-0795-942a-0c363ee9b439', 'status': 'ACT', 'uniformNumber': '88', 'ngsPosition': 'TE', 'ngsPositionGroup': 'TE'}",Dawson Knox,TE,610,2021,dawson knox
5.267560975609755,4.802447727565469,10.348444444444445,3.4028613594435413,6.53875,1.7363022724345312,53.333333333333336,11.648960253751614,4,24,45,316,"{'season': 2021, 'currentTeamId': '2200', 'displayName': 'Mo Alie-Cox', 'esbId': 'ALI177980', 'firstName': 'Mo', 'footballName': 'Mo', 'gsisId': '00-0033217', 'gsisItId': 44792, 'headshot': 'https://static.www.nfl.com/image/private/{formatInstructions}/league/oy2q51ipxv9x0pbxvave', 'jerseyNumber': 81, 'lastName': 'Alie-Cox', 'position': 'TE', 'positionGroup': 'TE', 'shortName': 'M.Alie-Cox', 'smartId': '3200414c-4917-7980-6d26-f37d4f9dba6e', 'status': 'ACT', 'uniformNumber': '81', 'ngsPosition': 'TE', 'ngsPositionGroup': 'TE'}",Mo Alie-Cox,TE,2200,2021,mo alie-cox
5.2667441860465125,4.446411903093125,11.5646511627907,2.4632850504922827,5.850263157894737,1.4038512548016122,58.91472868217055,29.62256957682045,9,76,129,1146,"{'season': 2021, 'currentTeamId': '4400', 'displayName': 'Mike Williams', 'esbId': 'WIL000009', 'firstName': 'Michael', 'footballName': 'Mike', 'gsisId': '00-0033536', 'gsisItId': 44819, 'headshot': 'https://static.www.nfl.com/image/private/{formatInstructions}/league/mjon6c2fwtnxbmdfoxcu', 'jerseyNumber': 81, 'lastName': 'Williams', 'position': 'WR', 'positionGroup': 'WR', 'shortName': 'M.Williams', 'smartId': '32005749-4c00-0009-75a2-9fccf6994099', 'status': 'ACT', 'uniformNumber': '81', 'ngsPosition': 'WR', 'ngsPositionGroup': 'WR'}",Mike Williams,WR,4400,2021,mike williams
5.255322580645162,3.5838759595586662,14.08904761904762,2.596047047955914,4.026571428571429,0.4426954690127624,55.55555555555556,16.592546897344587,6,35,63,549,"{'season': 2021, 'currentTeamId': '0610', 'displayName': 'Gabriel Davis', 'esbId': 'DAV329675', 'firstName': 'Gabriel', 'footballName': 'Gabriel', 'gsisId': '00-0036196', 'gsisItId': 52536, 'headshot': 'https://static.www.nfl.com/image/private/{formatInstructions}/league/ebtshr6tcwatrt1mptvb', 'jerseyNumber': 13, 'lastName': 'Davis', 'position': 'WR', 'positionGroup': 'WR', 'shortName': 'G.Davis', 'smartId': '32004441-5632-9675-38f5-3e009da4e98e', 'status': 'ACT', 'uniformNumber': '13', 'ngsPosition': 'WR', 'ngsPositionGroup': 'WR'}",Gabriel Davis,WR,610,2021,gabriel davis
5.252727272727272,3.043100260666396,10.13469387755102,2.545687352465583,3.045454545454545,0.002354284788149,67.3469387755102,9.86068750794256,4,33,49,353,"{'season': 2021, 'currentTeamId': '4400', 'displayName': 'Josh Palmer', 'esbId': 'PAL451625', 'firstName': 'Josh', 'footballName': 'Josh', 'gsisId': '00-0036988', 'gsisItId': 53506, 'headshot': 'https://static.www.nfl.com/image/private/{formatInstructions}/league/x2gobzerrjxzgpxij4ac', 'jerseyNumber': 5, 'lastName': 'Palmer', 'position': 'WR', 'positionGroup': 'WR', 'shortName': 'J.Palmer', 'smartId': '32005041-4c45-1625-eb93-c2c9b11c4006', 'status': 'ACT', 'uniformNumber': '5', 'ngsPosition': 'WR', 'ngsPositionGroup': 'WR'}",Josh Palmer,WR,4400,2021,josh palmer
5.186164383561644,2.6260761891859112,11.846027397260274,1.709465776863593,3.2029999999999994,0.5769238108140882,54.7945205479452,20.003192146394618,2,40,73,515,"{'season': 2021, 'currentTeamId': '2700', 'displayName': 'DeVante Parker', 'esbId': 'PAR226609', 'firstName': 'DeVante', 'footballName': 'DeVante', 'gsisId': '00-0031547', 'gsisItId': 42357, 'headshot': 'https://static.www.nfl.com/image/private/{formatInstructions}/league/f1885vwypknqvibju78g', 'jerseyNumber': 11, 'lastName': 'Parker', 'position': 'WR', 'positionGroup': 'WR', 'shortName': 'D.Parker', 'smartId': '32005041-5222-6609-dc38-38b3aae27410', 'status': 'ACT', 'uniformNumber': '11', 'ngsPosition': 'WR', 'ngsPositionGroup': 'WR'}",DeVante Parker,WR,2700,2021,devante parker
5.151063829787233,2.9842418747201584,15.43112244897959,2.470177848587499,2.4898275862068955,-0.4944142885132629,59.18367346938776,34.48657252841477,2,58,98,776,"{'season': 2021, 'currentTeamId': '1400', 'displayName': 'Courtland Sutton', 'esbId': 'SUT333526', 'firstName': 'Courtland', 'footballName': 'Courtland', 'gsisId': '00-0034348', 'gsisItId': 46109, 'headshot': 'https://static.www.nfl.com/image/private/{formatInstructions}/league/rw4nc7qnvnqpzpfcrqzk', 'jerseyNumber': 14, 'lastName': 'Sutton', 'position': 'WR', 'positionGroup': 'WR', 'shortName': 'C.Sutton', 'smartId': '32005355-5433-3526-b2bf-88d6b83781c0', 'status': 'ACT', 'uniformNumber': '14', 'ngsPosition': 'WR', 'ngsPositionGroup': 'WR'}",Courtland Sutton,WR,1400,2021,courtland sutton
5.123823529411765,4.043812137879622,11.32504761904762,2.350317682242599,5.442881355932204,1.3990692180525812,56.19047619047619,27.25012374649385,2,59,105,848,"{'season': 2021, 'currentTeamId': '3900', 'displayName': 'Chase Claypool', 'esbId': 'CLA781009', 'firstName': 'Chase', 'footballName': 'Chase', 'gsisId': '00-0036326', 'gsisItId': 52457, 'headshot': 'https://static.www.nfl.com/image/private/{formatInstructions}/league/zxk0jfinayjjhguk83gw', 'jerseyNumber': 11, 'lastName': 'Claypool', 'position': 'WR', 'positionGroup': 'WR', 'shortName': 'C.Claypool', 'smartId': '3200434c-4178-1009-34a1-bfb9899e5d84', 'status': 'ACT', 'uniformNumber': '11', 'ngsPosition': 'WR', 'ngsPositionGroup': 'WR'}",Chase Claypool,WR,3900,2021,chase claypool
5.088448275862069,3.6104541130801024,14.112758620689654,1.9906150814578063,6.154848484848484,2.544394371768382,56.896551724137936,16.82542292750108,3,33,58,559,"{'season': 2021, 'currentTeamId': '2520', 'displayName': 'Bryan Edwards', 'esbId': 'EDW157935', 'firstName': 'Bryan', 'footballName': 'Bryan', 'gsisId': '00-0036365', 'gsisItId': 52489, 'headshot': 'https://static.www.nfl.com/image/private/{formatInstructions}/league/aqic7l7pnw9x5ukh6iqr', 'jerseyNumber': 89, 'lastName': 'Edwards', 'position': 'WR', 'positionGroup': 'WR', 'shortName': 'B.Edwards', 'smartId': '32004544-5715-7935-d52c-2e0bf57adf37', 'status': 'ACT', 'uniformNumber': '89', 'ngsPosition': 'WR', 'ngsPositionGroup': 'WR'}",Bryan Edwards,WR,2520,2021,bryan edwards
5.056352201257861,3.050578552535772,11.615766871165649,2.654973991803641,3.2840776699029126,0.2334991173671405,62.80487804878049,35.393732065913326,10,103,164,1225,"{'season': 2021, 'seasonType': 'PRO', 'week': 22, 'jerseyNumber': 14, 'lastName': 'Diggs', 'footballName': 'Stefon', 'firstName': 'Stefon', 'position': 'WR', 'gsisItId': 42489, 'gsisId': '00-0031588', 'esbId': 'DIG218895', 'displayName': 'Stefon Diggs', 'shortName': 'S.Diggs', 'uniformNumber': '14', 'status': 'ACT', 'currentTeamId': '8600', 'smartId': '32004449-4721-8895-fc23-d2bf4c921bd4', 'headshot': 'https://static.www.nfl.com/image/private/{formatInstructions}/league/hcvd2avk0kufoli80veb', 'positionGroup': 'WR', 'ngsPosition': 'WR', 'ngsPositionGroup': 'WR'}",Stefon Diggs,WR,8600,2021,stefon diggs
5.041984126984127,3.9292358569258834,12.785703125,2.3546604835947185,8.325802469135802,4.396566612209918,63.28125,37.4750692108475,13,81,128,1455,"{'season': 2021, 'seasonType': 'PRO', 'week': 22, 'jerseyNumber': 1, 'lastName': 'Chase', 'footballName': ""Ja'Marr"", 'firstName': ""Ja'Marr"", 'position': 'WR', 'gsisItId': 53434, 'gsisId': '00-0036900', 'esbId': 'CHA694469', 'displayName': ""Ja'Marr Chase"", 'shortName': 'J.Chase', 'uniformNumber': '01', 'status': 'ACT', 'currentTeamId': '8600', 'smartId': '32004348-4169-4469-b021-d2c20a7d7cf5', 'headshot': 'https://static.www.nfl.com/image/private/{formatInstructions}/league/fxclfdx8fz5cbuep6ngd', 'positionGroup': 'WR', 'ngsPosition': 'WR', 'ngsPositionGroup': 'WR'}",Ja'Marr Chase,WR,8600,2021,ja'marr chase
4.903839285714285,3.628063800097917,13.11798245614035,2.7433316341126144,3.576756756756757,-0.0513070433411595,64.91228070175438,26.16037519658111,14,74,114,1035,"{'season': 2021, 'seasonType': 'PRO', 'week': 22, 'jerseyNumber': 13, 'lastName': 'Evans', 'footballName': 'Mike', 'firstName': 'Mike', 'position': 'WR', 'gsisItId': 41233, 'gsisId': '00-0031408', 'esbId': 'EVA534309', 'displayName': 'Mike Evans', 'shortName': 'M.Evans', 'uniformNumber': '13', 'status': 'ACT', 'currentTeamId': '8700', 'smartId': '32004556-4153-4309-b2ed-6b8233f6fea5', 'headshot': 'https://static.www.nfl.com/image/private/{formatInstructions}/league/hp7exmuqylysgife5p9m', 'positionGroup': 'WR', 'ngsPosition': 'WR', 'ngsPositionGroup': 'WR'}",Mike Evans,WR,8700,2021,mike evans
4.812205882352941,5.764630389629441,9.718988764044946,3.410231676717576,6.938909090909091,1.1742787012796496,61.79775280898876,15.131540968464812,6,55,89,802,"{'season': 2021, 'currentTeamId': '4900', 'displayName': 'Rob Gronkowski', 'esbId': 'GRO135948', 'firstName': 'Robert', 'footballName': 'Rob', 'gsisId': '00-0027656', 'gsisItId': 35481, 'headshot': 'https://static.www.nfl.com/image/private/{formatInstructions}/league/svpo7chliiymc0r7hegp', 'jerseyNumber': 87, 'lastName': 'Gronkowski', 'position': 'TE', 'positionGroup': 'TE', 'shortName': 'R.Gronkowski', 'smartId': '32004752-4f13-5948-af95-481204a115ed', 'status': 'ACT', 'uniformNumber': '87', 'ngsPosition': 'TE', 'ngsPositionGroup': 'TE'}",Rob Gronkowski,TE,4900,2021,rob gronkowski
4.756031746031745,3.101571591354334,14.53828125,2.490758301129977,2.77918918918919,-0.322382402165144,57.8125,21.94592121214981,3,37,64,473,"{'season': 2021, 'currentTeamId': '3200', 'displayName': 'Nelson Agholor', 'esbId': 'AGH474619', 'firstName': 'Nelson', 'footballName': 'Nelson', 'gsisId': '00-0031549', 'gsisItId': 42363, 'headshot': 'https://static.www.nfl.com/image/private/{formatInstructions}/league/cym6r5v9z8uizic8ak5i', 'jerseyNumber': 15, 'lastName': 'Agholor', 'position': 'WR', 'positionGroup': 'WR', 'shortName': 'N.Agholor', 'smartId': '32004147-4847-4619-b8a1-bb6c688fe5ac', 'status': 'ACT', 'uniformNumber': '15', 'ngsPosition': 'WR', 'ngsPositionGroup': 'WR'}",Nelson Agholor,WR,3200,2021,nelson agholor
4.6575,6.120264768973369,8.360566037735849,3.0349213077988906,7.246944444444444,1.1266796754710748,67.9245283018868,10.832210860323611,4,36,53,475,"{'season': 2021, 'currentTeamId': '1050', 'displayName': 'David Njoku', 'esbId': 'NJO355964', 'firstName': 'David', 'footballName': 'David', 'gsisId': '00-0033885', 'gsisItId': 44841, 'headshot': 'https://static.www.nfl.com/image/private/{formatInstructions}/league/py4aiavlwbittnjjwfi9', 'jerseyNumber': 85, 'lastName': 'Njoku', 'position': 'TE', 'positionGroup': 'TE', 'shortName': 'D.Njoku', 'smartId': '32004e4a-4f35-5964-1f03-4dc0b4e0b757', 'status': 'ACT', 'uniformNumber': '85', 'ngsPosition': 'TE', 'ngsPositionGroup': 'TE'}",David Njoku,TE,1050,2021,david njoku
4.636402439024389,5.132354796208329,8.385562130177517,3.1734949230497023,5.141121495327103,0.008766699118774,63.31360946745562,32.47566318954297,8,107,169,1161,"{'season': 2021, 'seasonType': 'PRO', 'week': 22, 'jerseyNumber': 18, 'lastName': 'Johnson', 'footballName': 'Diontae', 'firstName': 'Diontae', 'position': 'WR', 'gsisItId': 47849, 'gsisId': '00-0035216', 'esbId': 'JOH000017', 'displayName': 'Diontae Johnson', 'shortName': 'D.Johnson', 'uniformNumber': '18', 'status': 'ACT', 'currentTeamId': '8600', 'smartId': '32004a4f-4800-0017-a19a-a554dee114ed', 'headshot': 'https://static.www.nfl.com/image/private/{formatInstructions}/league/kpxblj81lquuhjasvhe8', 'positionGroup': 'WR', 'ngsPosition': 'WR', 'ngsPositionGroup': 'WR'}",Diontae Johnson,WR,8600,2021,diontae johnson
4.6315686274509815,4.767146573525856,5.414918032786885,2.8099478510966485,5.153421052631579,0.3862744791057233,62.29508196721312,8.074716366756544,3,38,61,345,"{'season': 2021, 'currentTeamId': '1050', 'displayName': 'Austin Hooper', 'esbId': 'HOO570770', 'firstName': 'Austin', 'footballName': 'Austin', 'gsisId': '00-0032392', 'gsisItId': 43370, 'headshot': 'https://static.www.nfl.com/image/private/{formatInstructions}/league/yeobojameg9dram1qiqo', 'jerseyNumber': 81, 'lastName': 'Hooper', 'position': 'TE', 'positionGroup': 'TE', 'shortName': 'A.Hooper', 'smartId': '3200484f-4f57-0770-bd7c-1cf59d6025ab', 'status': 'ACT', 'uniformNumber': '81', 'ngsPosition': 'TE', 'ngsPositionGroup': 'TE'}",Austin Hooper,TE,1050,2021,austin hooper
7.531454545454545,4.229633691532824,10.93991452991453,3.5437860450145537,3.368571428571429,-0.8610622629613944,71.7948717948718,29.01485459363517,9,84,117,1033,"{'season': 2022, 'currentTeamId': '4600', 'displayName': 'Tyler Lockett', 'esbId': 'LOC420915', 'firstName': 'Tyler', 'footballName': 'Tyler', 'gsisId': '00-0032211', 'gsisItId': 42412, 'headshot': 'https://static.www.nfl.com/image/private/{formatInstructions}/league/kzytmhxcdxrakzklb6hw', 'jerseyNumber': 16, 'lastName': 'Lockett', 'position': 'WR', 'positionGroup': 'WR', 'shortName': 'T.Lockett', 'smartId': '32004c4f-4342-0915-1af7-ec50f437887c', 'status': 'ACT', 'uniformNumber': '16', 'ngsPosition': 'WR', 'ngsPositionGroup': 'WR'}",Tyler Lockett,WR,4600,2022,tyler lockett
7.49795918367347,5.373338158953026,5.265535714285714,3.83271397883238,7.124390243902438,1.7510520849494116,73.21428571428571,6.779586975614917,1,41,56,414,"{'season': 2022, 'currentTeamId': '3800', 'displayName': 'Rondale Moore', 'esbId': 'MOO672093', 'firstName': 'Rondale', 'footballName': 'Rondale', 'gsisId': '00-0036936', 'gsisItId': 53478, 'headshot': 'https://static.www.nfl.com/image/private/{formatInstructions}/league/qj5xzxtbrpp2el7iosgk', 'jerseyNumber': 4, 'lastName': 'Moore', 'position': 'WR', 'positionGroup': 'WR', 'shortName': 'R.Moore', 'smartId': '32004d4f-4f67-2093-7b5b-808e901606a0', 'status': 'RES', 'uniformNumber': '4', 'ngsPosition': 'SLOT_WR', 'ngsPositionGroup': 'WR'}",Rondale Moore,WR,3800,2022,rondale moore
7.302166666666666,4.930360148193406,4.4415625,4.227482851265515,6.070000000000001,1.1396398518065949,81.25,6.535644160776939,2,52,64,467,"{'season': 2022, 'currentTeamId': '3800', 'displayName': 'Greg Dortch', 'esbId': 'DOR793727', 'firstName': 'Greg', 'footballName': 'Greg', 'gsisId': '00-0035500', 'gsisItId': 48646, 'headshot': 'https://static.www.nfl.com/image/private/{formatInstructions}/league/j5xmpo01eea118axwwaj', 'jerseyNumber': 83, 'lastName': 'Dortch', 'position': 'WR', 'positionGroup': 'WR', 'shortName': 'G.Dortch', 'smartId': '3200444f-5279-3727-2597-c2d9a516585a', 'status': 'ACT', 'uniformNumber': '83', 'ngsPosition': 'SLOT_WR', 'ngsPositionGroup': 'WR'}",Greg Dortch,WR,3800,2022,greg dortch
7.234893617021277,4.089147788652326,7.495901639344261,3.378432049189742,3.966923076923076,-0.1222247117292498,63.934426229508205,12.587541568480626,0,39,61,376,"{'season': 2022, 'currentTeamId': '2510', 'displayName': 'Ben Skowronek', 'esbId': 'SKO738004', 'firstName': 'Ben', 'footballName': 'Ben', 'gsisId': '00-0036862', 'gsisItId': 53678, 'headshot': 'https://static.www.nfl.com/image/private/{formatInstructions}/league/hud5c4tf8corgoehrvc1', 'jerseyNumber': 18, 'lastName': 'Skowronek', 'position': 'WR', 'positionGroup': 'WR', 'shortName': 'B.Skowronek', 'smartId': '3200534b-4f73-8004-e74f-6a0e3fb2f31f', 'status': 'ACT', 'uniformNumber': '18', 'ngsPosition': 'WR', 'ngsPositionGroup': 'WR'}",Ben Skowronek,WR,2510,2022,ben skowronek
7.224000000000001,3.135672119540194,14.183529411764708,2.759257762631483,2.971388888888889,-0.1642832306513053,60.50420168067227,38.636072298423294,4,72,119,1042,"{'season': 2022, 'currentTeamId': '3300', 'displayName': 'Chris Olave', 'esbId': 'OLA659325', 'firstName': 'Chris', 'footballName': 'Chris', 'gsisId': '00-0037239', 'gsisItId': 54476, 'jerseyNumber': 12, 'lastName': 'Olave', 'position': 'WR', 'positionGroup': 'WR', 'shortName': 'C.Olave', 'status': 'ACT', 'uniformNumber': '12', 'headshot': 'https://static.www.nfl.com/image/private/{formatInstructions}/league/fh4mzrgbiqemhomzpukt', 'smartId': '32004f4c-4165-9325-c259-01a521202e2f', 'ngsPosition': 'WR', 'ngsPositionGroup': 'WR'}",Chris Olave,WR,3300,2022,chris olave
7.132444444444444,4.352525534683977,9.924489795918369,3.35542421137511,4.678108108108107,0.3255825734241302,75.51020408163265,12.290700466303567,3,37,49,407,"{'season': 2022, 'currentTeamId': '0325', 'displayName': 'Devin Duvernay', 'esbId': 'DUV459005', 'firstName': 'Devin', 'footballName': 'Devin', 'gsisId': '00-0036331', 'gsisItId': 52500, 'headshot': 'https://static.www.nfl.com/image/private/{formatInstructions}/league/rvj5nmfasxafutemnvyx', 'jerseyNumber': 13, 'lastName': 'Duvernay', 'position': 'WR', 'positionGroup': 'WR', 'shortName': 'D.Duvernay', 'smartId': '32004455-5645-9005-cfce-f0b0bb8205b8', 'status': 'RES', 'uniformNumber': '13', 'ngsPosition': 'WR', 'ngsPositionGroup': 'WR'}",Devin Duvernay,WR,325,2022,devin duvernay
7.1111538461538455,4.560927262289055,6.747619047619047,3.8978478329015833,4.670000000000001,0.1090727377109459,79.36507936507937,9.636331076317656,4,50,63,486,"{'season': 2022, 'currentTeamId': '4600', 'displayName': 'Noah Fant', 'esbId': 'FAN405165', 'firstName': 'Noah', 'footballName': 'Noah', 'gsisId': '00-0035644', 'gsisItId': 47803, 'headshot': 'https://static.www.nfl.com/image/private/{formatInstructions}/league/w1gqasldrg3jumzdqjvy', 'jerseyNumber': 87, 'lastName': 'Fant', 'position': 'TE', 'positionGroup': 'TE', 'shortName': 'N.Fant', 'smartId': '32004641-4e40-5165-5070-db7e36dbc0d7', 'status': 'ACT', 'uniformNumber': '87', 'ngsPosition': 'TE', 'ngsPositionGroup': 'WR'}",Noah Fant,TE,4600,2022,noah fant
7.1043396226415085,4.329049907784465,11.25574074074074,3.1167939277387027,5.389393939393939,1.060344031609474,61.11111111111112,17.63444666233404,1,33,54,444,"{'season': 2022, 'currentTeamId': '2100', 'displayName': 'Treylon Burks', 'esbId': 'BUR321327', 'firstName': 'Treylon', 'footballName': 'Treylon', 'gsisId': '00-0037742', 'gsisItId': 54483, 'jerseyNumber': 16, 'lastName': 'Burks', 'position': 'WR', 'positionGroup': 'WR', 'shortName': 'T.Burks', 'status': 'ACT', 'uniformNumber': '16', 'headshot': 'https://static.www.nfl.com/image/private/{formatInstructions}/league/lg8k1ii67cspylp6przv', 'smartId': '32004255-5232-1327-f36e-987913d19348', 'ngsPosition': 'WR', 'ngsPositionGroup': 'WR'}",Treylon Burks,WR,2100,2022,treylon burks
7.091551724137932,5.845250096235961,9.74203125,3.143329748506889,4.953404255319149,-0.8918458409168117,73.4375,15.455836748049714,0,47,64,616,"{'season': 2022, 'currentTeamId': '1540', 'displayName': 'Kalif Raymond', 'esbId': 'RAY748263', 'firstName': 'Kalif', 'footballName': 'Kalif', 'gsisId': '00-0032464', 'gsisItId': 43584, 'headshot': 'https://static.www.nfl.com/image/private/{formatInstructions}/league/tbqpvuoxh80zjvgao9ww', 'jerseyNumber': 11, 'lastName': 'Raymond', 'position': 'WR', 'positionGroup': 'WR', 'shortName': 'K.Raymond', 'smartId': '32005241-5974-8263-1ad0-b2ba085ce237', 'status': 'ACT', 'uniformNumber': '11', 'ngsPosition': 'WR', 'ngsPositionGroup': 'WR'}",Kalif Raymond,WR,1540,2022,kalif raymond
7.046744186046511,6.152144322365725,9.38686274509804,3.5614518785359994,4.673939393939394,-1.4782049284263312,64.70588235294117,11.139006649944854,3,33,51,354,"{'season': 2022, 'currentTeamId': '3700', 'displayName': 'Quez Watkins', 'esbId': 'WAT256754', 'firstName': 'Terrance', 'footballName': 'Quez', 'gsisId': '00-0036271', 'gsisItId': 52608, 'headshot': 'https://static.www.nfl.com/image/private/{formatInstructions}/league/rmjnzisldujzafokljfa', 'jerseyNumber': 16, 'lastName': 'Watkins', 'position': 'WR', 'positionGroup': 'WR', 'shortName': 'Q.Watkins', 'smartId': '32005741-5425-6754-e1b1-afc9abed8980', 'status': 'ACT', 'uniformNumber': '16', 'ngsPosition': 'SLOT_WR', 'ngsPositionGroup': 'WR'}",Quez Watkins,WR,3700,2022,quez watkins
7.046304347826087,4.447182582360914,13.172203389830504,2.9239853467575374,5.031785714285713,0.5846031319247995,47.45762711864407,20.044206817753903,2,28,59,356,"{'season': 2022, 'currentTeamId': '0200', 'displayName': 'Kyle Pitts', 'esbId': 'PIT516805', 'firstName': 'Kyle', 'footballName': 'Kyle', 'gsisId': '00-0036970', 'gsisItId': 53433, 'headshot': 'https://static.www.nfl.com/image/private/{formatInstructions}/league/a7cd9grdzdnocrreecja', 'jerseyNumber': 8, 'lastName': 'Pitts', 'position': 'TE', 'positionGroup': 'TE', 'shortName': 'K.Pitts', 'smartId': '32005049-5451-6805-5aec-d4afcbd52e25', 'status': 'RES', 'uniformNumber': '8', 'ngsPosition': 'TE', 'ngsPositionGroup': 'WR'}",Kyle Pitts,TE,200,2022,kyle pitts
7.038000000000002,3.0606059086400097,9.250133333333334,2.9752947975297497,3.3335416666666675,0.2729357580266578,64.0,17.534024995892995,2,48,75,458,"{'season': 2022, 'currentTeamId': '0325', 'displayName': 'Demarcus Robinson', 'esbId': 'ROB399065', 'firstName': 'Demarcus', 'footballName': 'Demarcus', 'gsisId': '00-0032775', 'gsisItId': 43415, 'headshot': 'https://static.www.nfl.com/image/private/{formatInstructions}/league/ceqqkylismka583qo9kk', 'jerseyNumber': 10, 'lastName': 'Robinson', 'position': 'WR', 'positionGroup': 'WR', 'shortName': 'D.Robinson', 'smartId': '3200524f-4239-9065-1db8-5ff5da8a3829', 'status': 'ACT', 'uniformNumber': '10', 'ngsPosition': 'WR', 'ngsPositionGroup': 'WR'}",Demarcus Robinson,WR,325,2022,demarcus robinson
7.031910112359551,4.476720792476406,10.937204301075267,2.8550997149162085,3.876842105263157,-0.5998786872132484,61.29032258064516,24.347484728365977,3,57,93,699,"{'season': 2022, 'currentTeamId': '2120', 'displayName': 'Brandin Cooks', 'esbId': 'COO299382', 'firstName': 'Brandin', 'footballName': 'Brandin', 'gsisId': '00-0031236', 'gsisItId': 41246, 'headshot': 'https://static.www.nfl.com/image/private/{formatInstructions}/league/fsvyyiinddsyo87r9l3t', 'jerseyNumber': 13, 'lastName': 'Cooks', 'position': 'WR', 'positionGroup': 'WR', 'shortName': 'B.Cooks', 'smartId': '3200434f-4f29-9382-29e1-70020b0a09be', 'status': 'ACT', 'uniformNumber': '13', 'ngsPosition': 'WR', 'ngsPositionGroup': 'WR'}",Brandin Cooks,WR,2120,2022,brandin cooks
7.006909090909091,3.2668157009909624,10.836324786324786,2.547116423701264,3.303194444444445,0.0363787434534828,61.53846153846154,32.69989141732627,4,72,117,866,"{'season': 2022, 'currentTeamId': '0200', 'displayName': 'Drake London', 'esbId': 'LON013463', 'firstName': 'Drake', 'footballName': 'Drake', 'gsisId': '00-0037238', 'gsisItId': 54473, 'jerseyNumber': 5, 'lastName': 'London', 'position': 'WR', 'positionGroup': 'WR', 'shortName': 'D.London', 'status': 'ACT', 'uniformNumber': '5', 'headshot': 'https://static.www.nfl.com/image/private/{formatInstructions}/league/rrwzcsvsfqq9xptp8o48', 'smartId': '32004c4f-4e01-3463-a3e9-f95e800c8bba', 'ngsPosition': 'WR', 'ngsPositionGroup': 'WR'}",Drake London,WR,200,2022,drake london
7.0065625,4.048322118103929,5.930285714285716,3.3276377794921714,3.5082352941176462,-0.5400868239862828,72.85714285714285,8.177770773413187,5,51,70,426,"{'season': 2022, 'currentTeamId': '4900', 'displayName': 'Russell Gage', 'esbId': 'GAG130654', 'firstName': 'Russell', 'footballName': 'Russell', 'gsisId': '00-0034411', 'gsisItId': 46263, 'headshot': 'https://static.www.nfl.com/image/private/{formatInstructions}/league/ah1nwrjfhfaymeepi7k3', 'jerseyNumber': 17, 'lastName': 'Gage', 'position': 'WR', 'positionGroup': 'WR', 'shortName': 'R.Gage', 'smartId': '32004741-4713-0654-eda3-03cdf234354d', 'status': 'ACT', 'uniformNumber': '17', 'ngsPosition': 'WR', 'ngsPositionGroup': 'WR'}",Russell Gage,WR,4900,2022,russell gage
6.983246753246752,5.757516159168611,6.200408163265305,3.255785777050616,6.784794520547944,1.0272783613793337,74.48979591836735,14.298454710814196,4,73,98,766,"{'season': 2022, 'currentTeamId': '2250', 'displayName': 'Evan Engram', 'esbId': 'ENG726325', 'firstName': 'Evan', 'footballName': 'Evan', 'gsisId': '00-0033881', 'gsisItId': 44835, 'headshot': 'https://static.www.nfl.com/image/private/{formatInstructions}/league/adr65rbw956sxntlph8a', 'jerseyNumber': 17, 'lastName': 'Engram', 'position': 'TE', 'positionGroup': 'TE', 'shortName': 'E.Engram', 'smartId': '3200454e-4772-6325-a4a0-9b4b442fe68a', 'status': 'ACT', 'uniformNumber': '17', 'ngsPosition': 'SLOT_WR', 'ngsPositionGroup': 'WR'}",Evan Engram,TE,2250,2022,evan engram
6.980425531914893,3.638273914945884,9.989166666666668,3.4368221152376948,4.2291428571428575,0.5908689421969737,72.91666666666666,12.155228360509447,1,35,48,434,"{'season': 2022, 'currentTeamId': '3200', 'displayName': 'Kendrick Bourne', 'esbId': 'BOU434790', 'firstName': 'Kendrick', 'footballName': 'Kendrick', 'gsisId': '00-0033307', 'gsisItId': 45185, 'headshot': 'https://static.www.nfl.com/image/private/{formatInstructions}/league/avjyg0eicioviziqgho2', 'jerseyNumber': 84, 'lastName': 'Bourne', 'position': 'WR', 'positionGroup': 'WR', 'shortName': 'K.Bourne', 'smartId': '3200424f-5543-4790-acfc-7b92d77f3c8b', 'status': 'ACT', 'uniformNumber': '84', 'ngsPosition': 'WR', 'ngsPositionGroup': 'WR'}",Kendrick Bourne,WR,3200,2022,kendrick bourne
6.922280701754387,3.0119767138786075,12.682372881355928,2.781045549895267,3.1207894736842103,0.1088127598056027,64.40677966101694,18.54878892218909,3,38,59,479,"{'season': 2022, 'currentTeamId': '1540', 'displayName': 'Josh Reynolds', 'esbId': 'REY398905', 'firstName': 'Joshua Dedmon-Reynolds', 'footballName': 'Josh', 'gsisId': '00-0033943', 'gsisItId': 44930, 'headshot': 'https://static.www.nfl.com/image/private/{formatInstructions}/league/khqejrdwhxxjzvbco3nv', 'jerseyNumber': 8, 'lastName': 'Reynolds', 'position': 'WR', 'positionGroup': 'WR', 'shortName': 'J.Reynolds', 'smartId': '32005245-5939-8905-3a79-3286353be377', 'status': 'ACT', 'uniformNumber': '8', 'ngsPosition': 'WR', 'ngsPositionGroup': 'WR'}",Josh Reynolds,WR,1540,2022,josh reynolds
6.918292682926829,2.9005457125498744,8.652857142857142,2.7537809768196464,2.974339622641509,0.0737939100916347,58.24175824175825,22.845197753226245,2,53,91,527,"{'season': 2022, 'currentTeamId': '2100', 'displayName': 'Robert Woods', 'esbId': 'WOO561144', 'firstName': 'Robert', 'footballName': 'Robert', 'gsisId': '00-0030431', 'gsisItId': 39989, 'headshot': 'https://static.www.nfl.com/image/private/{formatInstructions}/league/ksw0cui3nmzzaxwnkstl', 'jerseyNumber': 2, 'lastName': 'Woods', 'position': 'WR', 'positionGroup': 'WR', 'shortName': 'R.Woods', 'smartId': '3200574f-4f56-1144-59b1-dbf0c9bdb37a', 'status': 'ACT', 'uniformNumber': '2', 'ngsPosition': 'WR', 'ngsPositionGroup': 'WR'}",Robert Woods,WR,2100,2022,robert woods
6.912826086956521,2.9241551045618883,9.9125,2.8099471651423453,2.94578125,0.0216261454381117,66.66666666666666,21.87898045238632,3,64,96,717,"{'season': 2022, 'currentTeamId': '3800', 'displayName': 'DeAndre Hopkins', 'esbId': 'HOP161500', 'firstName': 'DeAndre', 'footballName': 'DeAndre', 'gsisId': '00-0030564', 'gsisItId': 39973, 'headshot': 'https://static.www.nfl.com/image/private/{formatInstructions}/league/kikfprn4t5ap1lju4a4k', 'jerseyNumber': 10, 'lastName': 'Hopkins', 'position': 'WR', 'positionGroup': 'WR', 'shortName': 'D.Hopkins', 'smartId': '3200484f-5016-1500-bfbe-c87b292b639c', 'status': 'ACT', 'uniformNumber': '10', 'ngsPosition': 'WR', 'ngsPositionGroup': 'WR'}",DeAndre Hopkins,WR,3800,2022,deandre hopkins
6.844035087719298,4.853308987790785,8.689076923076923,3.286056532949389,5.212173913043479,0.3588649252526936,70.76923076923077,12.491070539969703,3,46,65,538,"{'season': 2022, 'currentTeamId': '4400', 'displayName': 'DeAndre Carter', 'esbId': 'CAR641798', 'firstName': 'DeAndre', 'footballName': 'DeAndre', 'gsisId': '00-0031763', 'gsisItId': 42794, 'headshot': 'https://static.www.nfl.com/image/private/{formatInstructions}/league/fgkf5m167nupk3jv3w5w', 'jerseyNumber': 1, 'lastName': 'Carter', 'position': 'WR', 'positionGroup': 'WR', 'shortName': 'D.Carter', 'smartId': '32004341-5264-1798-438c-095db9c8b999', 'status': 'ACT', 'uniformNumber': '1', 'ngsPosition': 'SLOT_WR', 'ngsPositionGroup': 'WR'}",DeAndre Carter,WR,4400,2022,deandre carter
6.8048,3.824110657202627,10.924018691588786,3.335681847358998,3.777014925373135,-0.0470957318294922,62.61682242990653,26.874405087621696,3,67,107,709,"{'season': 2022, 'currentTeamId': '3800', 'displayName': 'Marquise Brown', 'esbId': 'BRO413218', 'firstName': 'Marquise', 'footballName': 'Marquise', 'gsisId': '00-0035662', 'gsisItId': 47808, 'headshot': 'https://static.www.nfl.com/image/private/{formatInstructions}/league/oytg4uatpjzmfrrhmt0r', 'jerseyNumber': 2, 'lastName': 'Brown', 'position': 'WR', 'positionGroup': 'WR', 'shortName': 'M.Brown', 'smartId': '32004252-4f41-3218-bf76-54f4042e0396', 'status': 'ACT', 'uniformNumber': '2', 'ngsPosition': 'WR', 'ngsPositionGroup': 'WR'}",Marquise Brown,WR,3800,2022,marquise brown
6.786388888888889,2.767250334185014,11.293783783783784,2.351979024894405,3.049767441860465,0.2825171076754507,58.108108108108105,18.475680120969347,3,43,74,555,"{'season': 2022, 'currentTeamId': '1200', 'displayName': 'Noah Brown', 'esbId': 'BRO567406', 'firstName': 'Noah', 'footballName': 'Noah', 'gsisId': '00-0033591', 'gsisItId': 45052, 'headshot': 'https://static.www.nfl.com/image/private/{formatInstructions}/league/mo0v6bxy9vpxtzndba7r', 'jerseyNumber': 85, 'lastName': 'Brown', 'position': 'WR', 'positionGroup': 'WR', 'shortName': 'N.Brown', 'smartId': '32004252-4f56-7406-27bf-fae9f5eeb8ad', 'status': 'ACT', 'uniformNumber': '85', 'ngsPosition': 'WR', 'ngsPositionGroup': 'WR'}",Noah Brown,WR,1200,2022,noah brown
6.749390243902438,3.827664859592801,7.005978260869566,3.4912978851453222,4.673906250000001,0.8462413904071999,69.56521739130434,14.404671712939068,4,64,92,656,"{'season': 2022, 'currentTeamId': '5110', 'displayName': 'Curtis Samuel', 'esbId': 'SAM633285', 'firstName': 'Curtis', 'footballName': 'Curtis', 'gsisId': '00-0033282', 'gsisItId': 44852, 'headshot': 'https://static.www.nfl.com/image/private/{formatInstructions}/league/sua7hikhhqlmqsqu0kk7', 'jerseyNumber': 10, 'lastName': 'Samuel', 'position': 'WR', 'positionGroup': 'WR', 'shortName': 'C.Samuel', 'smartId': '32005341-4d63-3285-ce5d-61e91947654e', 'status': 'ACT', 'uniformNumber': '10', 'ngsPosition': 'SLOT_WR', 'ngsPositionGroup': 'WR'}",Curtis Samuel,WR,5110,2022,curtis samuel
6.744999999999999,4.102729336694177,7.174857142857144,3.1903275387012244,3.308596491228071,-0.7941328454661054,81.42857142857143,16.077390689172795,4,57,70,569,"{'season': 2022, 'currentTeamId': '3410', 'displayName': 'Richie James', 'esbId': 'JAM471122', 'firstName': 'Richard', 'footballName': 'Richie', 'gsisId': '00-0034286', 'gsisItId': 46309, 'headshot': 'https://static.www.nfl.com/image/private/{formatInstructions}/league/iuxz1y4skvu6cqcqjhag', 'jerseyNumber': 80, 'lastName': 'James', 'position': 'WR', 'positionGroup': 'WR', 'shortName': 'R.James', 'smartId': '32004a41-4d47-1122-e8e0-40adb3dc1b8e', 'status': 'ACT', 'uniformNumber': '80', 'ngsPosition': 'SLOT_WR', 'ngsPositionGroup': 'WR'}",Richie James,WR,3410,2022,richie james
6.734782608695651,4.457593213961872,12.289436619718307,2.5451484224755907,5.936956521739131,1.479363307777259,64.7887323943662,27.93152127635735,2,46,71,724,"{'season': 2022, 'currentTeamId': '3410', 'displayName': 'Darius Slayton', 'esbId': 'SLA500077', 'firstName': 'Darius', 'footballName': 'Darius', 'gsisId': '00-0035535', 'gsisItId': 47954, 'headshot': 'https://static.www.nfl.com/image/private/{formatInstructions}/league/kmarbnrywxftriufi7m8', 'jerseyNumber': 86, 'lastName': 'Slayton', 'position': 'WR', 'positionGroup': 'WR', 'shortName': 'D.Slayton', 'smartId': '3200534c-4150-0077-315f-47cff2877b23', 'status': 'ACT', 'uniformNumber': '86', 'ngsPosition': 'WR', 'ngsPositionGroup': 'WR'}",Darius Slayton,WR,3410,2022,darius slayton
6.7164347826086965,3.3155648303323897,13.23720338983051,2.8019472409594117,3.3926984126984125,0.0771335823660228,53.38983050847458,48.7409039280053,7,63,118,892,"{'season': 2022, 'currentTeamId': '0750', 'displayName': 'D.J. Moore', 'esbId': 'MOO272423', 'firstName': 'Denniston', 'footballName': 'D.J.', 'gsisId': '00-0034827', 'gsisItId': 46093, 'headshot': 'https://static.www.nfl.com/image/private/{formatInstructions}/league/yy6o0pkengsmm6dox1wy', 'jerseyNumber': 2, 'lastName': 'Moore', 'position': 'WR', 'positionGroup': 'WR', 'shortName': 'D.Moore', 'smartId': '32004d4f-4f27-2423-f0b4-728a741b03cb', 'status': 'ACT', 'uniformNumber': '2', 'ngsPosition': 'WR', 'ngsPositionGroup': 'WR'}",D.J. Moore,WR,750,2022,dj moore
6.701914893617022,2.8361500754824363,9.052083333333334,2.8115727274069564,2.8908108108108106,0.0546607353283743,77.08333333333334,13.908940455649846,4,37,48,392,"{'season': 2022, 'currentTeamId': '3410', 'displayName': 'Isaiah Hodgins', 'esbId': 'HOD537222', 'firstName': 'Isaiah', 'footballName': 'Isaiah', 'gsisId': '00-0036165', 'gsisItId': 52615, 'headshot': 'https://static.www.nfl.com/image/private/{formatInstructions}/league/mrmb3rdikczldkadtxxd', 'jerseyNumber': 18, 'lastName': 'Hodgins', 'position': 'WR', 'positionGroup': 'WR', 'shortName': 'I.Hodgins', 'smartId': '3200484f-4453-7222-c7f0-678f7be73ebc', 'status': 'ACT', 'uniformNumber': '18', 'ngsPosition': 'WR', 'ngsPositionGroup': 'WR'}",Isaiah Hodgins,WR,3410,2022,isaiah hodgins
6.698356164383562,6.4232279295587125,4.337021276595746,3.582165655251973,8.999464285714284,2.5762363561555714,59.57446808510638,11.834958530616513,2,56,94,632,"{'season': 2022, 'currentTeamId': '4500', 'displayName': 'Deebo Samuel', 'esbId': 'SAM636097', 'firstName': 'Tyshun', 'footballName': 'Deebo', 'gsisId': '00-0035719', 'gsisItId': 47819, 'headshot': 'https://static.www.nfl.com/image/private/{formatInstructions}/league/ciwaktyqewczcquks4wy', 'jerseyNumber': 19, 'lastName': 'Samuel', 'position': 'WR', 'positionGroup': 'WR', 'shortName': 'D.Samuel', 'smartId': '32005341-4d63-6097-eab1-34810e00be67', 'status': 'ACT', 'uniformNumber': '19', 'ngsPosition': 'WR', 'ngsPositionGroup': 'WR'}",Deebo Samuel,WR,4500,2022,deebo samuel
6.68465648854962,4.363654397404411,5.770845070422537,2.9848232734696034,5.237307692307692,0.8736532949032805,73.23943661971832,16.143177967771173,3,104,142,1019,"{'season': 2022, 'currentTeamId': '4900', 'displayName': 'Chris Godwin', 'esbId': 'GOD549393', 'firstName': 'Rod', 'footballName': 'Chris', 'gsisId': '00-0033921', 'gsisItId': 44896, 'headshot': 'https://static.www.nfl.com/image/private/{formatInstructions}/league/knfx1v1e3suxbuh9vlmj', 'jerseyNumber': 14, 'lastName': 'Godwin', 'position': 'WR', 'positionGroup': 'WR', 'shortName': 'C.Godwin', 'smartId': '3200474f-4454-9393-6eec-24189dd66641', 'status': 'ACT', 'uniformNumber': '14', 'ngsPosition': 'SLOT_WR', 'ngsPositionGroup': 'WR'}",Chris Godwin,WR,4900,2022,chris godwin
6.6843137254901945,4.354841828480309,11.448852459016392,3.3029839034497,5.010999999999998,0.6561581715196896,65.57377049180327,18.012343864047264,3,40,61,533,"{'season': 2022, 'currentTeamId': '0200', 'displayName': 'Olamide Zaccheaus', 'esbId': 'ZAC133180', 'firstName': 'Olamide', 'footballName': 'Olamide', 'gsisId': '00-0035208', 'gsisItId': 48374, 'headshot': 'https://static.www.nfl.com/image/private/{formatInstructions}/league/bzetcp5jlpis9ueb1kfk', 'jerseyNumber': 17, 'lastName': 'Zaccheaus', 'position': 'WR', 'positionGroup': 'WR', 'shortName': 'O.Zaccheaus', 'smartId': '32005a41-4313-3180-ba01-ae8103314fa2', 'status': 'ACT', 'uniformNumber': '17', 'ngsPosition': 'SLOT_WR', 'ngsPositionGroup': 'WR'}",Olamide Zaccheaus,WR,200,2022,olamide zaccheaus
6.66890625,2.808204067126588,13.84671875,2.324376432021221,3.9040625,1.095858432873412,50.0,17.928253806408286,2,32,64,536,"{'season': 2022, 'currentTeamId': '3430', 'displayName': 'Corey Davis', 'esbId': 'DAV247957', 'firstName': 'Corey', 'footballName': 'Corey', 'gsisId': '00-0033871', 'gsisItId': 44817, 'headshot': 'https://static.www.nfl.com/image/private/{formatInstructions}/league/enhh8vjw18eixehg5uhz', 'jerseyNumber': 84, 'lastName': 'Davis', 'position': 'WR', 'positionGroup': 'WR', 'shortName': 'C.Davis', 'smartId': '32004441-5624-7957-ef31-0e38b3301e4b', 'status': 'ACT', 'uniformNumber': '84', 'ngsPosition': 'WR', 'ngsPositionGroup': 'WR'}",Corey Davis,WR,3430,2022,corey davis
6.598290598290596,3.9363979738126296,8.533223140495867,3.540296186865175,3.9345121951219513,-0.0018857786906782,67.76859504132231,24.29636044040859,5,82,121,834,"{'season': 2022, 'currentTeamId': '2250', 'displayName': 'Zay Jones', 'esbId': 'JON403726', 'firstName': 'Isaiah', 'footballName': 'Zay', 'gsisId': '00-0033891', 'gsisItId': 44849, 'headshot': 'https://static.www.nfl.com/image/private/{formatInstructions}/league/ayvki2sfnzxn2yqssrws', 'jerseyNumber': 7, 'lastName': 'Jones', 'position': 'WR', 'positionGroup': 'WR', 'shortName': 'Z.Jones', 'smartId': '32004a4f-4e40-3726-920b-837ea00d253e', 'status': 'ACT', 'uniformNumber': '7', 'ngsPosition': 'WR', 'ngsPositionGroup': 'WR'}",Zay Jones,WR,2250,2022,zay jones
6.590322580645163,3.111759026306293,12.68212765957447,2.996536330566694,3.503508771929825,0.3917497456235317,60.63829787234043,22.83142452215881,4,57,94,690,"{'season': 2022, 'currentTeamId': '2520', 'displayName': 'Mack Hollins', 'esbId': 'HOL280459', 'firstName': 'Mack', 'footballName': 'Mack', 'gsisId': '00-0033555', 'gsisItId': 44931, 'headshot': 'https://static.www.nfl.com/image/private/{formatInstructions}/league/kjbgxufvchxbh9q8e6hh', 'jerseyNumber': 10, 'lastName': 'Hollins', 'position': 'WR', 'positionGroup': 'WR', 'shortName': 'M.Hollins', 'smartId': '3200484f-4c28-0459-95b9-52d98e1b03e6', 'status': 'ACT', 'uniformNumber': '10', 'ngsPosition': 'WR', 'ngsPositionGroup': 'WR'}",Mack Hollins,WR,2520,2022,mack hollins
6.55781690140845,4.031016109431396,10.271538461538464,3.074781935692017,4.824672897196263,0.793656787764867,68.58974358974359,35.42332639174438,9,107,156,1359,"{'season': 2022, 'currentTeamId': '1200', 'displayName': 'CeeDee Lamb', 'esbId': 'LAM138457', 'firstName': 'Cedarian', 'footballName': 'CeeDee', 'gsisId': '00-0036358', 'gsisItId': 52425, 'headshot': 'https://static.www.nfl.com/image/private/{formatInstructions}/league/f8elvw51jgvzf95weg1o', 'jerseyNumber': 88, 'lastName': 'Lamb', 'position': 'WR', 'positionGroup': 'WR', 'shortName': 'C.Lamb', 'smartId': '32004c41-4d13-8457-fcbe-d37fdbd87233', 'status': 'ACT', 'uniformNumber': '88', 'ngsPosition': 'SLOT_WR', 'ngsPositionGroup': 'WR'}",CeeDee Lamb,WR,1200,2022,ceedee lamb
6.549629629629629,5.6669186943808425,6.053731343283583,4.390483411144725,4.73622641509434,-0.9306922792865028,79.1044776119403,9.401663834886756,2,53,67,470,"{'season': 2022, 'currentTeamId': '1800', 'displayName': 'Robert Tonyan', 'esbId': 'TON816385', 'firstName': 'Robert', 'footballName': 'Robert', 'gsisId': '00-0033757', 'gsisItId': 45635, 'headshot': 'https://static.www.nfl.com/image/private/{formatInstructions}/league/wpczdpw0xasgspqhsup9', 'jerseyNumber': 85, 'lastName': 'Tonyan', 'position': 'TE', 'positionGroup': 'TE', 'shortName': 'R.Tonyan', 'smartId': '3200544f-4e81-6385-721e-9beac148ba1c', 'status': 'ACT', 'uniformNumber': '85', 'ngsPosition': 'TE', 'ngsPositionGroup': 'TE'}",Robert Tonyan,TE,1800,2022,robert tonyan
6.525862068965517,4.459485682535883,11.678196721311476,3.579335805562361,4.526750000000001,0.0672643174641178,65.57377049180327,22.00764924681488,2,40,61,493,"{'season': 2022, 'currentTeamId': '0810', 'displayName': 'Darnell Mooney', 'esbId': 'MOO076900', 'firstName': 'Darnell', 'footballName': 'Darnell', 'gsisId': '00-0036309', 'gsisItId': 52581, 'headshot': 'https://static.www.nfl.com/image/private/{formatInstructions}/league/fdnosrx5gylbgeuf6m4r', 'jerseyNumber': 11, 'lastName': 'Mooney', 'position': 'WR', 'positionGroup': 'WR', 'shortName': 'D.Mooney', 'smartId': '32004d4f-4f07-6900-2883-f3ddae0181d4', 'status': 'RES', 'uniformNumber': '11', 'ngsPosition': 'SLOT_WR', 'ngsPositionGroup': 'WR'}",Darnell Mooney,WR,810,2022,darnell mooney
6.51595744680851,4.580110213625909,11.462909090909092,3.4837112788383204,4.905454545454545,0.325344331828636,60.0,13.373495253751926,2,33,55,411,"{'season': 2022, 'currentTeamId': '1400', 'displayName': 'Greg Dulcich', 'esbId': 'DUL269681', 'firstName': 'Greg', 'footballName': 'Greg', 'gsisId': '00-0037252', 'gsisItId': 54545, 'lastName': 'Dulcich', 'position': 'TE', 'positionGroup': 'TE', 'shortName': 'G.Dulcich', 'status': 'RES', 'headshot': 'https://static.www.nfl.com/image/private/{formatInstructions}/league/jtnydhekjp1aznekq0cq', 'smartId': '32004455-4c26-9681-69d0-93e30ab63839', 'jerseyNumber': 80, 'uniformNumber': '80', 'ngsPosition': 'TE', 'ngsPositionGroup': 'TE'}",Greg Dulcich,TE,1400,2022,greg dulcich
6.501605839416057,3.559035793411072,7.27673758865248,2.737345718688387,3.540808080808082,-0.0182277126029899,70.2127659574468,26.54280266871555,4,99,141,925,"{'season': 2022, 'currentTeamId': '2200', 'displayName': 'Michael Pittman', 'esbId': 'PIT228050', 'firstName': 'Michael', 'footballName': 'Michael', 'gsisId': '00-0036252', 'gsisItId': 52442, 'headshot': 'https://static.www.nfl.com/image/private/{formatInstructions}/league/mkhwsbbkzcjzp7hd8u5x', 'jerseyNumber': 11, 'lastName': 'Pittman', 'position': 'WR', 'positionGroup': 'WR', 'shortName': 'M.Pittman', 'smartId': '32005049-5422-8050-a8f8-f5210135a4b3', 'status': 'ACT', 'uniformNumber': '11', 'ngsPosition': 'WR', 'ngsPositionGroup': 'WR'}",Michael Pittman,WR,2200,2022,michael pittman
6.496821705426357,4.72534485379332,9.867647058823527,2.9366545396199824,5.235157894736842,0.5098130409435218,69.85294117647058,31.225423358105807,7,95,136,1210,"{'season': 2022, 'currentTeamId': '3700', 'displayName': 'DeVonta Smith', 'esbId': 'SMI206016', 'firstName': 'DeVonta', 'footballName': 'DeVonta', 'gsisId': '00-0036912', 'gsisItId': 53439, 'headshot': 'https://static.www.nfl.com/image/private/{formatInstructions}/league/hzgzhf2omiobrvqdifqr', 'jerseyNumber': 6, 'lastName': 'Smith', 'position': 'WR', 'positionGroup': 'WR', 'shortName': 'D.Smith', 'smartId': '3200534d-4920-6016-573c-fcc767bafc4d', 'status': 'ACT', 'uniformNumber': '6', 'ngsPosition': 'WR', 'ngsPositionGroup': 'WR'}",DeVonta Smith,WR,3700,2022,devonta smith
6.495058823529411,4.0175685761639945,6.421428571428571,3.5060415038812813,4.54936507936508,0.5317965032010852,69.23076923076923,15.11694386022098,3,63,91,623,"{'season': 2022, 'currentTeamId': '2200', 'displayName': 'Parris Campbell', 'esbId': 'CAM230411', 'firstName': 'Parris', 'footballName': 'Parris', 'gsisId': '00-0035639', 'gsisItId': 47842, 'headshot': 'https://static.www.nfl.com/image/private/{formatInstructions}/league/wwe99bwwendcfycnryyn', 'jerseyNumber': 1, 'lastName': 'Campbell', 'position': 'WR', 'positionGroup': 'WR', 'shortName': 'P.Campbell', 'smartId': '32004341-4d23-0411-19c3-b6e460708ae9', 'status': 'ACT', 'uniformNumber': '1', 'ngsPosition': 'SLOT_WR', 'ngsPositionGroup': 'WR'}",Parris Campbell,WR,2200,2022,parris campbell
6.477822580645161,4.542830385820436,6.298082191780822,3.10296827522087,5.167641509433962,0.6248111236135268,72.6027397260274,22.79419237929505,6,106,146,1161,"{'season': 2022, 'currentTeamId': '1540', 'displayName': 'Amon-Ra St. Brown', 'esbId': 'STB415291', 'firstName': 'Amon-Ra', 'footballName': 'Amon-Ra', 'gsisId': '00-0036963', 'gsisItId': 53541, 'headshot': 'https://static.www.nfl.com/image/private/{formatInstructions}/league/tlas9vqczunxkpb2jlz1', 'jerseyNumber': 14, 'lastName': 'St. Brown', 'position': 'WR', 'positionGroup': 'WR', 'shortName': 'A.St. Brown', 'smartId': '32005354-4241-5291-a564-57e98d35161d', 'status': 'ACT', 'uniformNumber': '14', 'ngsPosition': 'SLOT_WR', 'ngsPositionGroup': 'WR'}",Amon-Ra St. Brown,WR,1540,2022,amon-ra st brown
6.469882352941177,4.427833843307677,7.342040816326531,3.229806229445188,5.658266666666667,1.2304328233589903,76.53061224489795,19.807518664523084,6,75,98,812,"{'season': 2022, 'currentTeamId': '2510', 'displayName': 'Cooper Kupp', 'esbId': 'KUP534597', 'firstName': 'Cooper', 'footballName': 'Cooper', 'gsisId': '00-0033908', 'gsisItId': 44881, 'headshot': 'https://static.www.nfl.com/image/private/{formatInstructions}/league/tojsgl1ttwjkvo6x7wgy', 'jerseyNumber': 10, 'lastName': 'Kupp', 'position': 'WR', 'positionGroup': 'WR', 'shortName': 'C.Kupp', 'smartId': '32004b55-5053-4597-b958-87408c31956f', 'status': 'RES', 'uniformNumber': '10', 'ngsPosition': 'SLOT_WR', 'ngsPositionGroup': 'WR'}",Cooper Kupp,WR,2510,2022,cooper kupp
6.466666666666668,5.082129025337244,7.833043478260869,2.960304330575876,8.051562500000001,2.969433474662757,69.56521739130434,10.453996843375728,3,32,46,450,"{'season': 2022, 'currentTeamId': '2100', 'displayName': 'Chigoziem Okonkwo', 'esbId': 'OKO283611', 'firstName': 'Chigoziem', 'footballName': 'Chigoziem', 'gsisId': '00-0037809', 'gsisItId': 54608, 'jerseyNumber': 85, 'lastName': 'Okonkwo', 'position': 'TE', 'positionGroup': 'TE', 'shortName': 'C.Okonkwo', 'status': 'ACT', 'uniformNumber': '85', 'headshot': 'https://static.www.nfl.com/image/private/{formatInstructions}/league/sxuawjrgawwilhceso3d', 'smartId': '32004f4b-4f28-3611-fc64-d952b8d6cb17', 'ngsPosition': 'TE', 'ngsPositionGroup': 'TE'}",Chigoziem Okonkwo,TE,2100,2022,chigoziem okonkwo
6.460978260869565,5.197485518942161,11.5622,3.6899449233771056,6.304029850746269,1.1065443318041082,67.0,24.526064591398423,6,67,100,972,"{'season': 2022, 'currentTeamId': '1400', 'displayName': 'Jerry Jeudy', 'esbId': 'JEU415291', 'firstName': 'Jerry', 'footballName': 'Jerry', 'gsisId': '00-0036407', 'gsisItId': 52423, 'headshot': 'https://static.www.nfl.com/image/private/{formatInstructions}/league/by7fgv4x0iunsyx5ah2i', 'jerseyNumber': 10, 'lastName': 'Jeudy', 'position': 'WR', 'positionGroup': 'WR', 'shortName': 'J.Jeudy', 'smartId': '32004a45-5541-5291-9f8b-8595dc100c90', 'status': 'ACT', 'uniformNumber': '10', 'ngsPosition': 'WR', 'ngsPositionGroup': 'WR'}",Jerry Jeudy,WR,1400,2022,jerry jeudy
6.4518518518518535,4.020650762769959,7.068499999999999,3.1613239870507037,4.461111111111112,0.4404603483411531,60.0,10.718916254912616,3,36,60,373,"{'season': 2022, 'currentTeamId': '0325', 'displayName': 'Isaiah Likely', 'esbId': 'LIK088990', 'firstName': 'Isaiah', 'footballName': 'Isaiah', 'gsisId': '00-0037838', 'gsisItId': 54604, 'lastName': 'Likely', 'position': 'TE', 'positionGroup': 'TE', 'shortName': 'I.Likely', 'status': 'ACT', 'headshot': 'https://static.www.nfl.com/image/private/{formatInstructions}/league/yim14kgskufmu8sfowvg', 'smartId': '32004c49-4b08-8990-7695-dc4768035012', 'jerseyNumber': 80, 'uniformNumber': '80', 'ngsPosition': 'SLOT_WR', 'ngsPositionGroup': 'WR'}",Isaiah Likely,TE,325,2022,isaiah likely
6.419682539682539,4.711694961000636,9.23134328358209,3.348993098873621,4.848333333333334,0.1366383723326976,62.68656716417911,14.336610162419769,3,42,67,425,"{'season': 2022, 'currentTeamId': '1800', 'displayName': 'Romeo Doubs', 'esbId': 'DOU043165', 'firstName': 'Romeo', 'footballName': 'Romeo', 'gsisId': '00-0037816', 'gsisItId': 54597, 'lastName': 'Doubs', 'position': 'WR', 'positionGroup': 'WR', 'shortName': 'R.Doubs', 'status': 'ACT', 'headshot': 'https://static.www.nfl.com/image/private/{formatInstructions}/league/wciz0bsjd4bedpiwggog', 'smartId': '3200444f-5504-3165-5639-a63528da6f6e', 'jerseyNumber': 87, 'uniformNumber': '87', 'ngsPosition': 'WR', 'ngsPositionGroup': 'WR'}",Romeo Doubs,WR,1800,2022,romeo doubs
6.391999999999999,4.826045938865478,9.479774436090224,3.2314417583512403,4.684047619047618,-0.1419983198178602,63.1578947368421,29.668281686428884,8,84,133,1102,"{'season': 2022, 'currentTeamId': '2250', 'displayName': 'Christian Kirk', 'esbId': 'KIR257918', 'firstName': 'Christian', 'footballName': 'Christian', 'gsisId': '00-0034775', 'gsisItId': 46116, 'headshot': 'https://static.www.nfl.com/image/private/{formatInstructions}/league/illjppjxpfa4joefmpd0', 'jerseyNumber': 13, 'lastName': 'Kirk', 'position': 'WR', 'positionGroup': 'WR', 'shortName': 'C.Kirk', 'smartId': '32004b49-5225-7918-e402-81feed3bdafb', 'status': 'ACT', 'uniformNumber': '13', 'ngsPosition': 'SLOT_WR', 'ngsPositionGroup': 'WR'}",Christian Kirk,WR,2250,2022,christian kirk
6.379797297297296,4.085669471703847,12.171117647058823,3.310132910449425,4.331092436974789,0.2454229652709418,70.0,40.15443940514243,7,119,170,1710,"{'season': 2022, 'currentTeamId': '2700', 'displayName': 'Tyreek Hill', 'esbId': 'HIL628694', 'firstName': 'Tyreek', 'footballName': 'Tyreek', 'gsisId': '00-0033040', 'gsisItId': 43454, 'headshot': 'https://static.www.nfl.com/image/private/{formatInstructions}/league/lsszbdnkusxc7mduw5be', 'jerseyNumber': 10, 'lastName': 'Hill', 'position': 'WR', 'positionGroup': 'WR', 'shortName': 'T.Hill', 'smartId': '32004849-4c62-8694-8490-45499711dee4', 'status': 'ACT', 'uniformNumber': '10', 'ngsPosition': 'WR', 'ngsPositionGroup': 'WR'}",Tyreek Hill,WR,2700,2022,tyreek hill
6.366025641025641,4.419107004579358,13.94246913580247,2.83261301215712,3.3780952380952387,-1.041011766484119,51.85185185185185,24.75857245895457,2,42,81,687,"{'season': 2022, 'currentTeamId': '2310', 'displayName': 'Marquez Valdes-Scantling', 'esbId': 'VAL142116', 'firstName': 'Marquez', 'footballName': 'Marquez', 'gsisId': '00-0034272', 'gsisItId': 46243, 'headshot': 'https://static.www.nfl.com/image/private/{formatInstructions}/league/dvzluuxi81gwt3e8eixo', 'jerseyNumber': 11, 'lastName': 'Valdes-Scantling', 'position': 'WR', 'positionGroup': 'WR', 'shortName': 'M.Valdes-Scantling', 'smartId': '32005641-4c14-2116-e6d9-84cbe2bdacf5', 'status': 'ACT', 'uniformNumber': '11', 'ngsPosition': 'WR', 'ngsPositionGroup': 'WR'}",Marquez Valdes-Scantling,WR,2310,2022,marquez valdes-scantling
6.345441176470589,2.4551854910512176,11.770070921985814,2.2668460913678534,2.6163333333333334,0.1611478422821157,63.82978723404256,37.62000077072514,6,90,141,1048,"{'season': 2022, 'currentTeamId': '4600', 'displayName': 'DK Metcalf', 'esbId': 'MET363377', 'firstName': 'DeKaylin', 'footballName': 'DK', 'gsisId': '00-0035640', 'gsisItId': 47847, 'headshot': 'https://static.www.nfl.com/image/private/{formatInstructions}/league/oa43ir8zoaiofwbupkrt', 'jerseyNumber': 14, 'lastName': 'Metcalf', 'position': 'WR', 'positionGroup': 'WR', 'shortName': 'D.Metcalf', 'smartId': '32004d45-5436-3377-5806-d2746f1b94aa', 'status': 'ACT', 'uniformNumber': '14', 'ngsPosition': 'WR', 'ngsPositionGroup': 'WR'}",DK Metcalf,WR,4600,2022,dk metcalf
6.307941176470588,3.6056670970214872,8.719065420560748,3.4635611913344766,3.581944444444445,-0.0237226525770424,67.28971962616822,20.633189945925636,3,72,107,769,"{'season': 2022, 'currentTeamId': '4400', 'displayName': 'Josh Palmer', 'esbId': 'PAL451625', 'firstName': 'Josh', 'footballName': 'Josh', 'gsisId': '00-0036988', 'gsisItId': 53506, 'headshot': 'https://static.www.nfl.com/image/private/{formatInstructions}/league/jwagrm3bpslarha2w5db', 'jerseyNumber': 5, 'lastName': 'Palmer', 'position': 'WR', 'positionGroup': 'WR', 'shortName': 'J.Palmer', 'smartId': '32005041-4c45-1625-eb93-c2c9b11c4006', 'status': 'ACT', 'uniformNumber': '5', 'ngsPosition': 'WR', 'ngsPositionGroup': 'WR'}",Josh Palmer,WR,4400,2022,josh palmer
6.291562499999999,3.4011108800834062,8.002040816326533,2.684244131603952,4.664285714285714,1.2631748342023077,64.28571428571429,16.970609812310514,2,63,98,732,"{'season': 2022, 'currentTeamId': '3900', 'displayName': 'Pat Freiermuth', 'esbId': 'FRE439769', 'firstName': 'Pat', 'footballName': 'Pat', 'gsisId': '00-0036894', 'gsisItId': 53484, 'headshot': 'https://static.www.nfl.com/image/private/{formatInstructions}/league/nx6quzjf2cfaeullln5c', 'jerseyNumber': 88, 'lastName': 'Freiermuth', 'position': 'TE', 'positionGroup': 'TE', 'shortName': 'P.Freiermuth', 'smartId': '32004652-4543-9769-d771-bdf1de25cd8b', 'status': 'ACT', 'uniformNumber': '88', 'ngsPosition': 'TE', 'ngsPositionGroup': 'TE'}",Pat Freiermuth,TE,3900,2022,pat freiermuth
6.2835833333333335,4.813664643994135,7.272763157894737,2.895535749907414,6.190090909090909,1.3764262650967742,72.36842105263158,24.23505012704404,12,110,152,1338,"{'season': 2022, 'currentTeamId': '2310', 'displayName': 'Travis Kelce', 'esbId': 'KEL012458', 'firstName': 'Travis', 'footballName': 'Travis', 'gsisId': '00-0030506', 'gsisItId': 40011, 'headshot': 'https://static.www.nfl.com/image/private/{formatInstructions}/league/gorkhvipsk0gdqb6bo34', 'jerseyNumber': 87, 'lastName': 'Kelce', 'position': 'TE', 'positionGroup': 'TE', 'shortName': 'T.Kelce', 'smartId': '32004b45-4c01-2458-b7b6-3a14cdb414dd', 'status': 'ACT', 'uniformNumber': '87', 'ngsPosition': 'SLOT_WR', 'ngsPositionGroup': 'WR'}",Travis Kelce,TE,2310,2022,travis kelce
6.253211009174311,3.4068700611435445,7.663100775193797,2.956919391361849,4.892558139534883,1.4856880783913389,66.66666666666666,24.505145004598408,6,86,129,904,"{'season': 2022, 'currentTeamId': '3000', 'displayName': 'T.J. Hockenson', 'esbId': 'HOC422041', 'firstName': 'Thomas', 'footballName': 'T.J.', 'gsisId': '00-0035229', 'gsisItId': 47791, 'headshot': 'https://static.www.nfl.com/image/private/{formatInstructions}/league/g4imuwyk1t2bfh4uuxtg', 'jerseyNumber': 87, 'lastName': 'Hockenson', 'position': 'TE', 'positionGroup': 'TE', 'shortName': 'T.Hockenson', 'smartId': '3200484f-4342-2041-c442-6c874885b155', 'status': 'ACT', 'uniformNumber': '87', 'ngsPosition': 'TE', 'ngsPositionGroup': 'TE'}",T.J. Hockenson,TE,3000,2022,tj hockenson
6.247777777777777,4.123595806690196,13.034,2.4726463000932486,5.177922077922077,1.054326271231881,64.16666666666667,34.95471093440965,5,77,120,1191,"{'season': 2022, 'currentTeamId': '5110', 'displayName': 'Terry McLaurin', 'esbId': 'MCL278328', 'firstName': 'Terry', 'footballName': 'Terry', 'gsisId': '00-0035659', 'gsisItId': 47859, 'headshot': 'https://static.www.nfl.com/image/private/{formatInstructions}/league/bxkrzih9phr5abgabo7v', 'jerseyNumber': 17, 'lastName': 'McLaurin', 'position': 'WR', 'positionGroup': 'WR', 'shortName': 'T.McLaurin', 'smartId': '32004d43-4c27-8328-8097-b130ba0e8060', 'status': 'ACT', 'uniformNumber': '17', 'ngsPosition': 'WR', 'ngsPositionGroup': 'WR'}",Terry McLaurin,WR,5110,2022,terry mclaurin
6.23811320754717,3.891691156201996,8.280714285714287,3.53274118862366,5.097142857142856,1.2054517009408603,62.5,13.461800848257182,1,35,56,416,"{'season': 2022, 'currentTeamId': '4500', 'displayName': 'Jauan Jennings', 'esbId': 'JEN497457', 'firstName': 'Bennie', 'footballName': 'Jauan', 'gsisId': '00-0036259', 'gsisItId': 52625, 'headshot': 'https://static.www.nfl.com/image/private/{formatInstructions}/league/rwq08rzc0xlfvsxi6mql', 'jerseyNumber': 15, 'lastName': 'Jennings', 'position': 'WR', 'positionGroup': 'WR', 'shortName': 'J.Jennings', 'smartId': '32004a45-4e49-7457-3af8-79760d0083cb', 'status': 'ACT', 'uniformNumber': '15', 'ngsPosition': 'WR', 'ngsPositionGroup': 'WR'}",Jauan Jennings,WR,4500,2022,jauan jennings
6.229090909090909,4.429919410564485,8.31377777777778,3.3665661192504825,5.245333333333332,0.8154139227688475,66.66666666666666,15.339199173424957,5,60,90,650,"{'season': 2022, 'currentTeamId': '3000', 'displayName': 'K.J. Osborn', 'esbId': 'OSB109755', 'firstName': 'K.J.', 'footballName': 'K.J.', 'gsisId': '00-0036345', 'gsisItId': 52584, 'headshot': 'https://static.www.nfl.com/image/private/{formatInstructions}/league/p44nhjopxr4mwncbdx5l', 'jerseyNumber': 17, 'lastName': 'Osborn', 'position': 'WR', 'positionGroup': 'WR', 'shortName': 'K.Osborn', 'smartId': '32004f53-4210-9755-4136-372d9f443611', 'status': 'ACT', 'uniformNumber': '17', 'ngsPosition': 'SLOT_WR', 'ngsPositionGroup': 'WR'}",K.J. Osborn,WR,3000,2022,kj osborn
6.21943396226415,4.133155060729257,5.669384615384615,3.159231845034558,4.603571428571429,0.470416367842172,64.61538461538461,7.259564240967655,2,42,65,391,"{'season': 2022, 'currentTeamId': '4900', 'displayName': 'Cade Otton', 'esbId': 'OTT712400', 'firstName': 'Cade', 'footballName': 'Cade', 'gsisId': '00-0038129', 'gsisItId': 54571, 'jerseyNumber': 88, 'lastName': 'Otton', 'position': 'TE', 'positionGroup': 'TE', 'shortName': 'C.Otton', 'status': 'ACT', 'uniformNumber': '88', 'headshot': 'https://static.www.nfl.com/image/private/{formatInstructions}/league/hqxroxrpcxjttwnuuqw7', 'smartId': '32004f54-5471-2400-c87d-346814f25b06', 'ngsPosition': 'TE', 'ngsPositionGroup': 'TE'}",Cade Otton,TE,4900,2022,cade otton
6.198695652173914,4.164502995293824,9.789038461538462,3.0846440075068458,3.4265625,-0.7379404952938242,61.53846153846154,9.878649208299132,5,32,52,362,"{'season': 2022, 'currentTeamId': '2700', 'displayName': 'Mike Gesicki', 'esbId': 'GES490798', 'firstName': 'Michael', 'footballName': 'Mike', 'gsisId': '00-0034829', 'gsisItId': 46111, 'headshot': 'https://static.www.nfl.com/image/private/{formatInstructions}/league/utqutyyzxbabvmyt1r3n', 'jerseyNumber': 88, 'lastName': 'Gesicki', 'position': 'TE', 'positionGroup': 'TE', 'shortName': 'M.Gesicki', 'smartId': '32004745-5349-0798-d83d-d46852aa6fbb', 'status': 'ACT', 'uniformNumber': '88', 'ngsPosition': 'SLOT_WR', 'ngsPositionGroup': 'WR'}",Mike Gesicki,TE,2700,2022,mike gesicki
6.193636363636363,6.393163690370608,5.8975,3.6505787409132817,7.901818181818182,1.508654491447574,79.71014492753623,9.331096519598487,3,55,69,702,"{'season': 2022, 'currentTeamId': '3700', 'displayName': 'Dallas Goedert', 'esbId': 'GOE595520', 'firstName': 'Dallas', 'footballName': 'Dallas', 'gsisId': '00-0034351', 'gsisItId': 46118, 'headshot': 'https://static.www.nfl.com/image/private/{formatInstructions}/league/hcjzrphflquehexgcz14', 'jerseyNumber': 88, 'lastName': 'Goedert', 'position': 'TE', 'positionGroup': 'TE', 'shortName': 'D.Goedert', 'smartId': '3200474f-4559-5520-b7af-5e002aedafbb', 'status': 'ACT', 'uniformNumber': '88', 'ngsPosition': 'TE', 'ngsPositionGroup': 'TE'}",Dallas Goedert,TE,3700,2022,dallas goedert
6.180851063829787,4.236986591440543,6.504999999999999,3.075739864737292,4.167222222222223,-0.06976436921832,72.0,6.229172252652544,2,36,50,330,"{'season': 2022, 'currentTeamId': '2520', 'displayName': 'Hunter Renfrow', 'esbId': 'REN358499', 'firstName': 'Hunter', 'footballName': 'Hunter', 'gsisId': '00-0034983', 'gsisItId': 47932, 'headshot': 'https://static.www.nfl.com/image/private/{formatInstructions}/league/fsvnsizj4t0qv9ptrzpf', 'jerseyNumber': 13, 'lastName': 'Renfrow', 'position': 'WR', 'positionGroup': 'WR', 'shortName': 'H.Renfrow', 'smartId': '32005245-4e35-8499-ff02-b25484b87290', 'status': 'ACT', 'uniformNumber': '13', 'ngsPosition': 'SLOT_WR', 'ngsPositionGroup': 'WR'}",Hunter Renfrow,WR,2520,2022,hunter renfrow
6.16557522123894,4.280629367267246,9.861315789473686,2.889267417392155,4.9011538461538455,0.6205244788865993,68.42105263157895,32.63525812042233,8,78,114,1015,"{'season': 2022, 'currentTeamId': '4500', 'displayName': 'Brandon Aiyuk', 'esbId': 'AIY189231', 'firstName': 'Brandon', 'footballName': 'Brandon', 'gsisId': '00-0036261', 'gsisItId': 52433, 'headshot': 'https://static.www.nfl.com/image/private/{formatInstructions}/league/gckbb3t2zkeczedw55zp', 'jerseyNumber': 11, 'lastName': 'Aiyuk', 'position': 'WR', 'positionGroup': 'WR', 'shortName': 'B.Aiyuk', 'smartId': '32004149-5918-9231-4476-63b611051b08', 'status': 'ACT', 'uniformNumber': '11', 'ngsPosition': 'WR', 'ngsPositionGroup': 'WR'}",Brandon Aiyuk,WR,4500,2022,brandon aiyuk
6.154893617021277,1.752109092883744,11.11127659574468,2.338413590720807,2.5091666666666668,0.7570575737829228,51.06382978723404,12.0069986986651,2,24,47,236,"{'season': 2022, 'currentTeamId': '3800', 'displayName': 'A.J. Green', 'esbId': 'GRE034604', 'firstName': 'Adriel', 'footballName': 'A.J.', 'gsisId': '00-0027942', 'gsisItId': 37077, 'headshot': 'https://static.www.nfl.com/image/private/{formatInstructions}/league/guj5a9vnnzqfiljupzuj', 'jerseyNumber': 18, 'lastName': 'Green', 'position': 'WR', 'positionGroup': 'WR', 'shortName': 'A.Green', 'smartId': '32004752-4503-4604-5592-82f254d9dbee', 'status': 'ACT', 'uniformNumber': '18', 'ngsPosition': 'WR', 'ngsPositionGroup': 'WR'}",A.J. Green,WR,3800,2022,aj green
6.146025641025643,2.4830225038245444,12.086410256410254,1.9436413699632848,2.7909756097560976,0.3079531059315532,52.56410256410257,24.388376238187263,2,41,78,593,"{'season': 2022, 'currentTeamId': '2200', 'displayName': 'Alec Pierce', 'esbId': 'PIE185673', 'firstName': 'Alec', 'footballName': 'Alec', 'gsisId': '00-0037664', 'gsisItId': 54518, 'jerseyNumber': 14, 'lastName': 'Pierce', 'position': 'WR', 'positionGroup': 'WR', 'shortName': 'A.Pierce', 'status': 'ACT', 'uniformNumber': '14', 'headshot': 'https://static.www.nfl.com/image/private/{formatInstructions}/league/em0lm1sfdslmnfyu8ykh', 'smartId': '32005049-4518-5673-88cc-339d3b35d4c9', 'ngsPosition': 'WR', 'ngsPositionGroup': 'WR'}",Alec Pierce,WR,2200,2022,alec pierce
6.121475409836064,3.069804724633875,12.029999999999998,3.1008574073609885,2.776756756756757,-0.293047967877118,56.92307692307692,15.819404488790164,1,37,65,450,"{'season': 2022, 'currentTeamId': '3430', 'displayName': 'Elijah Moore', 'esbId': 'MOO279723', 'firstName': 'Elijah', 'footballName': 'Elijah', 'gsisId': '00-0036980', 'gsisItId': 53463, 'headshot': 'https://static.www.nfl.com/image/private/{formatInstructions}/league/i9dejsp00evr6l5gyijh', 'jerseyNumber': 8, 'lastName': 'Moore', 'position': 'WR', 'positionGroup': 'WR', 'shortName': 'E.Moore', 'smartId': '32004d4f-4f27-9723-3c75-0e082bc200c9', 'status': 'ACT', 'uniformNumber': '8', 'ngsPosition': 'WR', 'ngsPositionGroup': 'WR'}",Elijah Moore,WR,3430,2022,elijah moore
6.111111111111112,4.067874434938204,9.307297297297298,3.0083352964614045,5.713125000000001,1.6452505650617963,64.86486486486487,16.486183719193424,2,48,74,548,"{'season': 2022, 'currentTeamId': '2120', 'displayName': 'Chris Moore', 'esbId': 'MOO226734', 'firstName': 'Christopher', 'footballName': 'Chris', 'gsisId': '00-0032398', 'gsisItId': 43396, 'headshot': 'https://static.www.nfl.com/image/private/{formatInstructions}/league/qr0vpcglqsagx7trpslz', 'jerseyNumber': 15, 'lastName': 'Moore', 'position': 'WR', 'positionGroup': 'WR', 'shortName': 'C.Moore', 'smartId': '32004d4f-4f22-6734-ca64-de14861965f9', 'status': 'ACT', 'uniformNumber': '15', 'ngsPosition': 'SLOT_WR', 'ngsPositionGroup': 'WR'}",Chris Moore,WR,2120,2022,chris moore
6.110196078431372,4.148897220683461,11.722075471698114,3.3540598383855267,5.081612903225807,0.9327156825423462,58.490566037735846,15.749726210756872,2,31,53,362,"{'season': 2022, 'currentTeamId': '3200', 'displayName': 'Nelson Agholor', 'esbId': 'AGH474619', 'firstName': 'Nelson', 'footballName': 'Nelson', 'gsisId': '00-0031549', 'gsisItId': 42363, 'headshot': 'https://static.www.nfl.com/image/private/{formatInstructions}/league/lzwbfozvtpqpht74alh0', 'jerseyNumber': 15, 'lastName': 'Agholor', 'position': 'WR', 'positionGroup': 'WR', 'shortName': 'N.Agholor', 'smartId': '32004147-4847-4619-b8a1-bb6c688fe5ac', 'status': 'ACT', 'uniformNumber': '15', 'ngsPosition': 'WR', 'ngsPositionGroup': 'WR'}",Nelson Agholor,WR,3200,2022,nelson agholor
6.100344827586206,5.311347528173213,13.950909090909091,2.8908294547031765,6.799999999999999,1.4886524718267855,62.121212121212125,21.342889528131977,7,41,66,611,"{'season': 2022, 'currentTeamId': '1800', 'displayName': 'Christian Watson', 'esbId': 'WAT316591', 'firstName': 'Christian', 'footballName': 'Christian', 'gsisId': '00-0038124', 'gsisItId': 54499, 'lastName': 'Watson', 'position': 'WR', 'positionGroup': 'WR', 'shortName': 'C.Watson', 'status': 'ACT', 'headshot': 'https://static.www.nfl.com/image/private/{formatInstructions}/league/gvusv3krvdk69c1zyac9', 'smartId': '32005741-5431-6591-b680-d3a3d3536d62', 'jerseyNumber': 9, 'uniformNumber': '9', 'ngsPosition': 'WR', 'ngsPositionGroup': 'WR'}",Christian Watson,WR,1800,2022,christian watson
6.088243243243243,2.994972466741632,11.69391891891892,2.3976046169568144,2.961025641025641,-0.0339468257159909,52.702702702702695,19.13026753856561,4,39,74,424,"{'season': 2022, 'currentTeamId': '1200', 'displayName': 'Michael Gallup', 'esbId': 'GAL779981', 'firstName': 'Michael', 'footballName': 'Michael', 'gsisId': '00-0034764', 'gsisItId': 46150, 'headshot': 'https://static.www.nfl.com/image/private/{formatInstructions}/league/mq0spwjm7whbnz2iut32', 'jerseyNumber': 13, 'lastName': 'Gallup', 'position': 'WR', 'positionGroup': 'WR', 'shortName': 'M.Gallup', 'smartId': '32004741-4c77-9981-95e1-30b1c57c6002', 'status': 'ACT', 'uniformNumber': '13', 'ngsPosition': 'WR', 'ngsPositionGroup': 'WR'}",Michael Gallup,WR,1200,2022,michael gallup
6.087625000000001,4.640409387866622,8.405730337078651,3.561398633532927,4.08060606060606,-0.5598033272605623,74.15730337078652,16.545432429144878,4,66,89,752,"{'season': 2022, 'currentTeamId': '4400', 'displayName': 'Keenan Allen', 'esbId': 'ALL532966', 'firstName': 'Keenan', 'footballName': 'Keenan', 'gsisId': '00-0030279', 'gsisItId': 40024, 'headshot': 'https://static.www.nfl.com/image/private/{formatInstructions}/league/i1fgxnhxvwdusljchnsv', 'jerseyNumber': 13, 'lastName': 'Allen', 'position': 'WR', 'positionGroup': 'WR', 'shortName': 'K.Allen', 'smartId': '3200414c-4c53-2966-dfa9-55ae464e7b3d', 'status': 'ACT', 'uniformNumber': '13', 'ngsPosition': 'SLOT_WR', 'ngsPositionGroup': 'WR'}",Keenan Allen,WR,4400,2022,keenan allen
6.084347826086956,3.5189260754312315,7.254719101123597,2.873707929971501,3.88421052631579,0.3652844508845585,64.04494382022472,14.273808102647092,5,57,89,577,"{'season': 2022, 'currentTeamId': '1200', 'displayName': 'Dalton Schultz', 'esbId': 'SCH647271', 'firstName': 'Dalton', 'footballName': 'Dalton', 'gsisId': '00-0034383', 'gsisItId': 46206, 'headshot': 'https://static.www.nfl.com/image/private/{formatInstructions}/league/mbqinxum5qovm6p8xgkc', 'jerseyNumber': 86, 'lastName': 'Schultz', 'position': 'TE', 'positionGroup': 'TE', 'shortName': 'D.Schultz', 'smartId': '32005343-4864-7271-8c9c-893e6cc8875d', 'status': 'ACT', 'uniformNumber': '86', 'ngsPosition': 'TE', 'ngsPositionGroup': 'TE'}",Dalton Schultz,TE,1200,2022,dalton schultz
6.0571568627450985,3.0810433476936585,10.145233644859816,2.700078185956784,2.224142857142857,-0.8569004905508013,65.42056074766354,22.253975022345408,6,70,107,716,"{'season': 2022, 'currentTeamId': '3000', 'displayName': 'Adam Thielen', 'esbId': 'THI510348', 'firstName': 'Adam', 'footballName': 'Adam', 'gsisId': '00-0030035', 'gsisItId': 40488, 'headshot': 'https://static.www.nfl.com/image/private/{formatInstructions}/league/fuutugtpr0nikfvjwk67', 'jerseyNumber': 19, 'lastName': 'Thielen', 'position': 'WR', 'positionGroup': 'WR', 'shortName': 'A.Thielen', 'smartId': '32005448-4951-0348-440c-28f32f21652b', 'status': 'ACT', 'uniformNumber': '19', 'ngsPosition': 'WR', 'ngsPositionGroup': 'WR'}",Adam Thielen,WR,3000,2022,adam thielen
6.008349514563106,3.486966261249161,9.991238938053096,3.0741564414915774,3.676849315068493,0.1898830538193321,64.60176991150442,28.534492563153176,5,73,113,847,"{'season': 2022, 'currentTeamId': '0325', 'displayName': 'Mark Andrews', 'esbId': 'AND701433', 'firstName': 'Mark', 'footballName': 'Mark', 'gsisId': '00-0034753', 'gsisItId': 46155, 'headshot': 'https://static.www.nfl.com/image/private/{formatInstructions}/league/m1fmyihulvtdiav4bwxm', 'jerseyNumber': 89, 'lastName': 'Andrews', 'position': 'TE', 'positionGroup': 'TE', 'shortName': 'M.Andrews', 'smartId': '3200414e-4470-1433-75dd-307507e53173', 'status': 'ACT', 'uniformNumber': '89', 'ngsPosition': 'SLOT_WR', 'ngsPositionGroup': 'WR'}",Mark Andrews,TE,325,2022,mark andrews
6.008000000000001,3.927740375853842,5.036029411764705,3.8615629861692935,3.824423076923077,-0.1033172989307646,76.47058823529412,8.016433161276726,2,52,68,414,"{'season': 2022, 'currentTeamId': '0920', 'displayName': 'Hayden Hurst', 'esbId': 'HUR495014', 'firstName': 'Hayden', 'footballName': 'Hayden', 'gsisId': '00-0034830', 'gsisItId': 46094, 'headshot': 'https://static.www.nfl.com/image/private/{formatInstructions}/league/dgplukocyi73df1g1602', 'jerseyNumber': 88, 'lastName': 'Hurst', 'position': 'TE', 'positionGroup': 'TE', 'shortName': 'H.Hurst', 'smartId': '32004855-5249-5014-7c57-e10d2c41fe87', 'status': 'ACT', 'uniformNumber': '88', 'ngsPosition': 'TE', 'ngsPositionGroup': 'WR'}",Hayden Hurst,TE,920,2022,hayden hurst
5.991395348837208,4.114972755529478,9.6886,2.8815060537327275,5.526470588235293,1.4114978327058152,68.0,11.22891521581408,1,34,50,417,"{'season': 2022, 'currentTeamId': '1800', 'displayName': 'Randall Cobb', 'esbId': 'COB365535', 'firstName': 'Randall', 'footballName': 'Randall', 'gsisId': '00-0028002', 'gsisItId': 37139, 'headshot': 'https://static.www.nfl.com/image/private/{formatInstructions}/league/wphqc5wstbm0wji2bpxk', 'jerseyNumber': 18, 'lastName': 'Cobb', 'position': 'WR', 'positionGroup': 'WR', 'shortName': 'R.Cobb', 'smartId': '3200434f-4236-5535-cf6f-4337b5dff0b3', 'status': 'ACT', 'uniformNumber': '18', 'ngsPosition': 'SLOT_WR', 'ngsPositionGroup': 'WR'}",Randall Cobb,WR,1800,2022,randall cobb
5.9905,3.659349364354007,14.69344262295082,2.782191368119149,4.276285714285715,0.616936349931708,57.377049180327866,20.03088551129825,7,35,61,523,"{'season': 2022, 'currentTeamId': '5110', 'displayName': 'Jahan Dotson', 'esbId': 'DOT282798', 'firstName': 'Jahan', 'footballName': 'Jahan', 'gsisId': '00-0037741', 'gsisItId': 54481, 'jerseyNumber': 1, 'lastName': 'Dotson', 'position': 'WR', 'positionGroup': 'WR', 'shortName': 'J.Dotson', 'status': 'ACT', 'uniformNumber': '1', 'headshot': 'https://static.www.nfl.com/image/private/{formatInstructions}/league/ejqlekhhbiox5x2767hp', 'smartId': '3200444f-5428-2798-d9f2-9e8608edcb8a', 'ngsPosition': 'WR', 'ngsPositionGroup': 'WR'}",Jahan Dotson,WR,5110,2022,jahan dotson
5.939555555555555,4.386157325720117,13.993333333333332,3.147385115001464,3.261363636363636,-1.1247936893564812,48.888888888888886,15.96343392552932,2,22,45,247,"{'season': 2022, 'currentTeamId': '3200', 'displayName': 'Tyquan Thornton', 'esbId': 'THO797153', 'firstName': 'Tyquan', 'footballName': 'Tyquan', 'gsisId': '00-0038104', 'gsisItId': 54515, 'lastName': 'Thornton', 'position': 'WR', 'positionGroup': 'WR', 'shortName': 'T.Thornton', 'status': 'ACT', 'headshot': 'https://static.www.nfl.com/image/private/{formatInstructions}/league/bcmm5vukl8h6ow6ioemv', 'smartId': '32005448-4f79-7153-e52f-fb28090a0034', 'jerseyNumber': 11, 'uniformNumber': '11', 'ngsPosition': 'WR', 'ngsPositionGroup': 'WR'}",Tyquan Thornton,WR,3200,2022,tyquan thornton
5.9,3.0546211603171924,10.474901960784312,2.864272470289376,5.112666666666668,2.058045506349475,58.82352941176471,10.367506787532292,2,30,51,417,"{'season': 2022, 'currentTeamId': '2700', 'displayName': 'Trent Sherfield', 'esbId': 'SHE566024', 'firstName': 'Trent', 'footballName': 'Trent', 'gsisId': '00-0034487', 'gsisItId': 46671, 'headshot': 'https://static.www.nfl.com/image/private/{formatInstructions}/league/je4nd6eqpqrzytepcuvc', 'jerseyNumber': 14, 'lastName': 'Sherfield', 'position': 'WR', 'positionGroup': 'WR', 'shortName': 'T.Sherfield', 'smartId': '32005348-4556-6024-5da2-4c295e6d8af2', 'status': 'ACT', 'uniformNumber': '14', 'ngsPosition': 'WR', 'ngsPositionGroup': 'WR'}",Trent Sherfield,WR,2700,2022,trent sherfield
5.8990909090909085,3.835576415295732,11.908181818181818,2.9005587279897145,4.158648648648648,0.3230722333529159,56.060606060606055,18.81283391738955,2,37,66,481,"{'season': 2022, 'currentTeamId': '2120', 'displayName': 'Nico Collins', 'esbId': 'COL654119', 'firstName': 'Nico', 'footballName': 'Nico', 'gsisId': '00-0036554', 'gsisItId': 53518, 'headshot': 'https://static.www.nfl.com/image/private/{formatInstructions}/league/mo63xdi05pkyzyggozwg', 'jerseyNumber': 12, 'lastName': 'Collins', 'position': 'WR', 'positionGroup': 'WR', 'shortName': 'N.Collins', 'smartId': '3200434f-4c65-4119-2a51-095ba724d414', 'status': 'RES', 'uniformNumber': '12', 'ngsPosition': 'WR', 'ngsPositionGroup': 'WR'}",Nico Collins,WR,2120,2022,nico collins
5.868,2.548189269598273,13.524691358024691,2.0546859109491464,2.314782608695652,-0.233406660902621,56.79012345679012,25.778350891476787,3,46,81,529,"{'season': 2022, 'currentTeamId': '2250', 'displayName': 'Marvin Jones', 'esbId': 'JON601697', 'firstName': 'Marvin', 'footballName': 'Marvin', 'gsisId': '00-0029293', 'gsisItId': 38696, 'headshot': 'https://static.www.nfl.com/image/private/{formatInstructions}/league/xjvmodkuzq2euwtr7o85', 'jerseyNumber': 11, 'lastName': 'Jones', 'position': 'WR', 'positionGroup': 'WR', 'shortName': 'M.Jones', 'smartId': '32004a4f-4e60-1697-4762-9c6d786d2931', 'status': 'ACT', 'uniformNumber': '11', 'ngsPosition': 'WR', 'ngsPositionGroup': 'WR'}",Marvin Jones,WR,2250,2022,marvin jones
5.85452380952381,3.2173166157482704,7.998999999999997,2.662697864198289,3.39439024390244,0.1770736281541696,68.33333333333333,13.924542753690456,2,41,60,444,"{'season': 2022, 'currentTeamId': '2100', 'displayName': 'Austin Hooper', 'esbId': 'HOO570770', 'firstName': 'Austin', 'footballName': 'Austin', 'gsisId': '00-0032392', 'gsisItId': 43370, 'headshot': 'https://static.www.nfl.com/image/private/{formatInstructions}/league/tvaiulwmg3f9frtbucqx', 'jerseyNumber': 81, 'lastName': 'Hooper', 'position': 'TE', 'positionGroup': 'TE', 'shortName': 'A.Hooper', 'smartId': '3200484f-4f57-0770-bd7c-1cf59d6025ab', 'status': 'ACT', 'uniformNumber': '81', 'ngsPosition': 'TE', 'ngsPositionGroup': 'TE'}",Austin Hooper,TE,2100,2022,austin hooper
5.845428571428571,6.04296176571216,6.613518518518519,3.206869300485072,7.648918918918917,1.6059571532067576,68.51851851851852,8.548524539936038,5,37,54,495,"{'season': 2022, 'currentTeamId': '2120', 'displayName': 'Jordan Akins', 'esbId': 'AKI501776', 'firstName': 'Jordan', 'footballName': 'Jordan', 'gsisId': '00-0034364', 'gsisItId': 46167, 'headshot': 'https://static.www.nfl.com/image/private/{formatInstructions}/league/jewjor3rbkrnwksetwf0', 'jerseyNumber': 88, 'lastName': 'Akins', 'position': 'TE', 'positionGroup': 'TE', 'shortName': 'J.Akins', 'smartId': '3200414b-4950-1776-ed8f-713681e78d61', 'status': 'ACT', 'uniformNumber': '88', 'ngsPosition': 'TE', 'ngsPositionGroup': 'WR'}",Jordan Akins,TE,2120,2022,jordan akins
5.84404255319149,3.927964203493184,10.70312925170068,2.6333557100217715,4.967831325301205,1.039867121808021,56.4625850340136,31.83019150391061,4,83,147,1103,"{'season': 2022, 'currentTeamId': '3430', 'displayName': 'Garrett Wilson', 'esbId': 'WIL691962', 'firstName': 'Garrett', 'footballName': 'Garrett', 'gsisId': '00-0037740', 'gsisItId': 54475, 'jerseyNumber': 17, 'lastName': 'Wilson', 'position': 'WR', 'positionGroup': 'WR', 'shortName': 'G.Wilson', 'status': 'ACT', 'uniformNumber': '17', 'headshot': 'https://static.www.nfl.com/image/private/{formatInstructions}/league/gqdfigo9nzji4e6nshpk', 'smartId': '32005749-4c69-1962-4085-d9c826d8709c', 'ngsPosition': 'WR', 'ngsPositionGroup': 'WR'}",Garrett Wilson,WR,3430,2022,garrett wilson
5.7914925373134345,5.310949200598467,5.989080459770116,3.262859740408953,5.8312068965517225,0.5202576959532559,66.66666666666666,11.52370315489158,4,58,87,555,"{'season': 2022, 'currentTeamId': '4400', 'displayName': 'Gerald Everett', 'esbId': 'EVE166115', 'firstName': 'Gerald', 'footballName': 'Gerald', 'gsisId': '00-0033895', 'gsisItId': 44856, 'headshot': 'https://static.www.nfl.com/image/private/{formatInstructions}/league/ovlnn7uuj2335ublzb6o', 'jerseyNumber': 7, 'lastName': 'Everett', 'position': 'TE', 'positionGroup': 'TE', 'shortName': 'G.Everett', 'smartId': '32004556-4516-6115-f11c-124334bc44da', 'status': 'ACT', 'uniformNumber': '7', 'ngsPosition': 'SLOT_WR', 'ngsPositionGroup': 'WR'}",Gerald Everett,TE,4400,2022,gerald everett
5.76425925925926,3.179018081278591,11.31954128440367,2.543515705121586,3.944324324324325,0.765306243045734,67.88990825688074,28.882802532860456,7,74,109,1029,"{'season': 2022, 'currentTeamId': '0920', 'displayName': 'Tee Higgins', 'esbId': 'HIG387791', 'firstName': 'Tamaurice', 'footballName': 'Tee', 'gsisId': '00-0036410', 'gsisItId': 52441, 'headshot': 'https://static.www.nfl.com/image/private/{formatInstructions}/league/m8i5zbmmhqku4zsul3vj', 'jerseyNumber': 85, 'lastName': 'Higgins', 'position': 'WR', 'positionGroup': 'WR', 'shortName': 'T.Higgins', 'smartId': '32004849-4738-7791-9f89-d556c4b59b9a', 'status': 'ACT', 'uniformNumber': '85', 'ngsPosition': 'WR', 'ngsPositionGroup': 'WR'}",Tee Higgins,WR,920,2022,tee higgins
5.762123893805311,4.382012739320711,11.98940170940171,2.965211729345969,7.204666666666665,2.8226539273459545,64.1025641025641,27.22309876320392,8,75,117,1356,"{'season': 2022, 'currentTeamId': '2700', 'displayName': 'Jaylen Waddle', 'esbId': 'WAD088683', 'firstName': 'Jaylen', 'footballName': 'Jaylen', 'gsisId': '00-0036613', 'gsisItId': 53435, 'headshot': 'https://static.www.nfl.com/image/private/{formatInstructions}/league/nlneyg7usy4pn9psbnru', 'jerseyNumber': 17, 'lastName': 'Waddle', 'position': 'WR', 'positionGroup': 'WR', 'shortName': 'J.Waddle', 'smartId': '32005741-4408-8683-c826-c882ad6fd5c2', 'status': 'ACT', 'uniformNumber': '17', 'ngsPosition': 'WR', 'ngsPositionGroup': 'WR'}",Jaylen Waddle,WR,2700,2022,jaylen waddle
5.756944444444445,2.770052886500677,12.636422018348624,2.6589590762681605,2.280625000000001,-0.4894278865006765,58.71559633027523,29.217160736066184,2,64,109,829,"{'season': 2022, 'currentTeamId': '1400', 'displayName': 'Courtland Sutton', 'esbId': 'SUT333526', 'firstName': 'Courtland', 'footballName': 'Courtland', 'gsisId': '00-0034348', 'gsisItId': 46109, 'headshot': 'https://static.www.nfl.com/image/private/{formatInstructions}/league/wgjxc2paepihkvl4u9a3', 'jerseyNumber': 14, 'lastName': 'Sutton', 'position': 'WR', 'positionGroup': 'WR', 'shortName': 'C.Sutton', 'smartId': '32005355-5433-3526-b2bf-88d6b83781c0', 'status': 'ACT', 'uniformNumber': '14', 'ngsPosition': 'WR', 'ngsPositionGroup': 'WR'}",Courtland Sutton,WR,1400,2022,courtland sutton
5.725348837209302,3.3768823965510024,12.869545454545458,2.471199962663058,4.034358974358974,0.6574765778079716,59.09090909090909,38.70689910522851,9,78,132,1160,"{'season': 2022, 'currentTeamId': '1050', 'displayName': 'Amari Cooper', 'esbId': 'COO487703', 'firstName': 'Amari', 'footballName': 'Amari', 'gsisId': '00-0031544', 'gsisItId': 42347, 'headshot': 'https://static.www.nfl.com/image/private/{formatInstructions}/league/zibbxjtein7gpu5zgcj4', 'jerseyNumber': 2, 'lastName': 'Cooper', 'position': 'WR', 'positionGroup': 'WR', 'shortName': 'A.Cooper', 'smartId': '3200434f-4f48-7703-16a5-c78426109031', 'status': 'ACT', 'uniformNumber': '2', 'ngsPosition': 'WR', 'ngsPositionGroup': 'WR'}",Amari Cooper,WR,1050,2022,amari cooper
5.708915662650602,5.507605990575068,3.0906481481481483,3.514613862958541,5.715138888888889,0.2075328983138211,66.66666666666666,9.18883652300306,3,72,108,620,"{'season': 2022, 'currentTeamId': '2510', 'displayName': 'Tyler Higbee', 'esbId': 'HIG033222', 'firstName': 'Tyler', 'footballName': 'Tyler', 'gsisId': '00-0033110', 'gsisItId': 43399, 'headshot': 'https://static.www.nfl.com/image/private/{formatInstructions}/league/b6kn7vqe0iplpkgmzzv1', 'jerseyNumber': 89, 'lastName': 'Higbee', 'position': 'TE', 'positionGroup': 'TE', 'shortName': 'T.Higbee', 'smartId': '32004849-4703-3222-e4e8-bd596550bfdb', 'status': 'ACT', 'uniformNumber': '89', 'ngsPosition': 'TE', 'ngsPositionGroup': 'TE'}",Tyler Higbee,TE,2510,2022,tyler higbee
5.703577235772357,2.854976424887276,13.44511811023622,2.594674022537763,3.294545454545454,0.4395690296581782,60.629921259842526,33.63795752728419,6,77,127,1124,"{'season': 2022, 'currentTeamId': '4900', 'displayName': 'Mike Evans', 'esbId': 'EVA534309', 'firstName': 'Mike', 'footballName': 'Mike', 'gsisId': '00-0031408', 'gsisItId': 41233, 'headshot': 'https://static.www.nfl.com/image/private/{formatInstructions}/league/pyilrqdmfvv1zceem1cg', 'jerseyNumber': 13, 'lastName': 'Evans', 'position': 'WR', 'positionGroup': 'WR', 'shortName': 'M.Evans', 'smartId': '32004556-4153-4309-b2ed-6b8233f6fea5', 'status': 'ACT', 'uniformNumber': '13', 'ngsPosition': 'WR', 'ngsPositionGroup': 'WR'}",Mike Evans,WR,4900,2022,mike evans
5.703020833333333,4.320394501115351,7.357920792079208,3.3265782560314987,6.102948717948719,1.7825542168333677,77.22772277227723,16.292111430456803,3,78,101,933,"{'season': 2022, 'currentTeamId': '2310', 'displayName': 'JuJu Smith-Schuster', 'esbId': 'SMI829709', 'firstName': 'John', 'footballName': 'JuJu', 'gsisId': '00-0033857', 'gsisItId': 44874, 'headshot': 'https://static.www.nfl.com/image/private/{formatInstructions}/league/tmvx3eakcr4uong0gf5h', 'jerseyNumber': 9, 'lastName': 'Smith-Schuster', 'position': 'WR', 'positionGroup': 'WR', 'shortName': 'J.Smith-Schuster', 'smartId': '3200534d-4982-9709-6877-2f8181b1e986', 'status': 'ACT', 'uniformNumber': '9', 'ngsPosition': 'WR', 'ngsPositionGroup': 'WR'}",JuJu Smith-Schuster,WR,2310,2022,juju smith-schuster
5.693653846153847,6.3339860707630224,6.617246376811595,4.356146365093728,6.2226,-0.1113860707630225,72.46376811594203,14.105693066248168,7,50,69,544,"{'season': 2022, 'currentTeamId': '0810', 'displayName': 'Cole Kmet', 'esbId': 'KME200895', 'firstName': 'Cole', 'footballName': 'Cole', 'gsisId': '00-0036290', 'gsisItId': 52451, 'headshot': 'https://static.www.nfl.com/image/private/{formatInstructions}/league/nhm40cko3e3njtfytqro', 'jerseyNumber': 85, 'lastName': 'Kmet', 'position': 'TE', 'positionGroup': 'TE', 'shortName': 'C.Kmet', 'smartId': '32004b4d-4520-0895-f027-61d779beeff4', 'status': 'ACT', 'uniformNumber': '85', 'ngsPosition': 'TE', 'ngsPositionGroup': 'TE'}",Cole Kmet,TE,810,2022,cole kmet
5.684315789473684,3.471111970786795,12.1615625,2.506179361786601,3.159508196721311,-0.311603774065484,63.54166666666666,26.60185060710941,3,61,96,839,"{'season': 2022, 'currentTeamId': '1050', 'displayName': 'Donovan Peoples-Jones', 'esbId': 'PEO604060', 'firstName': 'Donovan', 'footballName': 'Donovan', 'gsisId': '00-0036233', 'gsisItId': 52595, 'headshot': 'https://static.www.nfl.com/image/private/{formatInstructions}/league/qpppihrztbzxktstufm0', 'jerseyNumber': 11, 'lastName': 'Peoples-Jones', 'position': 'WR', 'positionGroup': 'WR', 'shortName': 'D.Peoples-Jones', 'smartId': '32005045-4f60-4060-aa06-be3909ebff80', 'status': 'ACT', 'uniformNumber': '11', 'ngsPosition': 'WR', 'ngsPositionGroup': 'WR'}",Donovan Peoples-Jones,WR,1050,2022,donovan peoples-jones
5.682340425531916,5.319527871828524,7.665762711864405,3.87200405221921,5.329756097560978,0.0102282257324537,69.49152542372882,11.465685081528347,2,41,59,509,"{'season': 2022, 'currentTeamId': '3200', 'displayName': 'Hunter Henry', 'esbId': 'HEN617052', 'firstName': 'Hunter', 'footballName': 'Hunter', 'gsisId': '00-0033090', 'gsisItId': 43324, 'headshot': 'https://static.www.nfl.com/image/private/{formatInstructions}/league/hyjz8co5tlq5dkg8ff7p', 'jerseyNumber': 85, 'lastName': 'Henry', 'position': 'TE', 'positionGroup': 'TE', 'shortName': 'H.Henry', 'smartId': '32004845-4e61-7052-805d-daad1175a3b2', 'status': 'ACT', 'uniformNumber': '85', 'ngsPosition': 'TE', 'ngsPositionGroup': 'TE'}",Hunter Henry,TE,3200,2022,hunter henry
5.635232558139534,4.534393251732921,9.714375000000002,3.0243508218709034,3.934925373134328,-0.5994678785985932,69.79166666666666,23.641701143830616,6,67,96,804,"{'season': 2022, 'currentTeamId': '3200', 'displayName': 'Jakobi Meyers', 'esbId': 'MEY171606', 'firstName': 'Jakobi', 'footballName': 'Jakobi', 'gsisId': '00-0034960', 'gsisItId': 48097, 'headshot': 'https://static.www.nfl.com/image/private/{formatInstructions}/league/nmd0n2w602mqecv0vwei', 'jerseyNumber': 16, 'lastName': 'Meyers', 'position': 'WR', 'positionGroup': 'WR', 'shortName': 'J.Meyers', 'smartId': '32004d45-5917-1606-4197-8f46779fb9b7', 'status': 'ACT', 'uniformNumber': '16', 'ngsPosition': 'SLOT_WR', 'ngsPositionGroup': 'WR'}",Jakobi Meyers,WR,3200,2022,jakobi meyers
5.624933333333335,3.255594393477846,10.385569620253165,2.797708808789563,3.141521739130434,-0.1140726543474115,58.22784810126582,25.34693474043227,1,46,79,457,"{'season': 2022, 'currentTeamId': '0810', 'displayName': 'Chase Claypool', 'esbId': 'CLA781009', 'firstName': 'Chase', 'footballName': 'Chase', 'gsisId': '00-0036326', 'gsisItId': 52457, 'headshot': 'https://static.www.nfl.com/image/private/{formatInstructions}/league/ijst9lplsspmwidhaepp', 'jerseyNumber': 10, 'lastName': 'Claypool', 'position': 'WR', 'positionGroup': 'WR', 'shortName': 'C.Claypool', 'smartId': '3200434c-4178-1009-34a1-bfb9899e5d84', 'status': 'ACT', 'uniformNumber': '10', 'ngsPosition': 'SLOT_WR', 'ngsPositionGroup': 'WR'}",Chase Claypool,WR,810,2022,chase claypool
5.582708333333335,4.629289544457863,12.238344827586207,2.6036546557724924,6.622954545454544,1.993665000996681,60.689655172413794,41.29015445183328,11,88,145,1496,"{'season': 2022, 'currentTeamId': '3700', 'displayName': 'A.J. Brown', 'esbId': 'BRO413223', 'firstName': 'Arthur', 'footballName': 'A.J.', 'gsisId': '00-0035676', 'gsisItId': 47834, 'headshot': 'https://static.www.nfl.com/image/private/{formatInstructions}/league/sb8stxfvnkedmhs6c1fx', 'jerseyNumber': 11, 'lastName': 'Brown', 'position': 'WR', 'positionGroup': 'WR', 'shortName': 'A.Brown', 'smartId': '32004252-4f41-3223-e4c5-1e30dffa87f8', 'status': 'ACT', 'uniformNumber': '11', 'ngsPosition': 'WR', 'ngsPositionGroup': 'WR'}",A.J. Brown,WR,3700,2022,aj brown
5.567115384615385,3.218756776984732,9.222615384615386,2.599368052589101,4.330238095238094,1.1114813182533625,64.61538461538461,13.722370758327695,7,42,65,508,"{'season': 2022, 'currentTeamId': '3300', 'displayName': 'Juwan Johnson', 'esbId': 'JOH398789', 'firstName': 'Juwan', 'footballName': 'Juwan', 'gsisId': '00-0036040', 'gsisItId': 52942, 'headshot': 'https://static.www.nfl.com/image/private/{formatInstructions}/league/kew8v8rgrtbefvnxpl0a', 'jerseyNumber': 83, 'lastName': 'Johnson', 'position': 'TE', 'positionGroup': 'TE', 'shortName': 'J.Johnson', 'smartId': '32004a4f-4839-8789-b667-8ea48cd31497', 'status': 'ACT', 'uniformNumber': '83', 'ngsPosition': 'TE', 'ngsPositionGroup': 'WR'}",Juwan Johnson,TE,3300,2022,juwan johnson
5.562266666666666,5.243145240398778,7.285465116279069,3.253585281522551,6.784833333333332,1.541688092934554,69.76744186046511,18.188758995677425,11,60,86,765,"{'season': 2022, 'currentTeamId': '4500', 'displayName': 'George Kittle', 'esbId': 'KIT388290', 'firstName': 'George', 'footballName': 'George', 'gsisId': '00-0033288', 'gsisItId': 44959, 'headshot': 'https://static.www.nfl.com/image/private/{formatInstructions}/league/znlqhc55l9zwi0euf1mk', 'jerseyNumber': 85, 'lastName': 'Kittle', 'position': 'TE', 'positionGroup': 'TE', 'shortName': 'G.Kittle', 'smartId': '32004b49-5438-8290-eeed-c9c9cca62ec1', 'status': 'ACT', 'uniformNumber': '85', 'ngsPosition': 'TE', 'ngsPositionGroup': 'TE'}",George Kittle,TE,4500,2022,george kittle
5.549885057471265,4.617899138975443,12.116833333333334,2.9486018846777635,5.185599999999999,0.567700861024556,55.55555555555556,41.77098096296013,14,100,180,1516,"{'season': 2022, 'currentTeamId': '2520', 'displayName': 'Davante Adams', 'esbId': 'ADA218591', 'firstName': 'Davante', 'footballName': 'Davante', 'gsisId': '00-0031381', 'gsisItId': 41282, 'headshot': 'https://static.www.nfl.com/image/private/{formatInstructions}/league/jmojceirzhgctrcfi4aw', 'jerseyNumber': 17, 'lastName': 'Adams', 'position': 'WR', 'positionGroup': 'WR', 'shortName': 'D.Adams', 'smartId': '32004144-4121-8591-4d26-4c0ac739af41', 'status': 'ACT', 'uniformNumber': '17', 'ngsPosition': 'WR', 'ngsPositionGroup': 'WR'}",Davante Adams,WR,2520,2022,davante adams
5.509212598425196,3.130341651591221,9.548507462686567,2.6024899566793462,4.827816091954023,1.697474440362801,64.92537313432835,29.95189437831384,9,87,134,1046,"{'season': 2022, 'currentTeamId': '0920', 'displayName': ""Ja'Marr Chase"", 'esbId': 'CHA694469', 'firstName': ""Ja'Marr"", 'footballName': ""Ja'Marr"", 'gsisId': '00-0036900', 'gsisItId': 53434, 'headshot': 'https://static.www.nfl.com/image/private/{formatInstructions}/league/hwrzdfsng9bh4tba7uoe', 'jerseyNumber': 1, 'lastName': 'Chase', 'position': 'WR', 'positionGroup': 'WR', 'shortName': 'J.Chase', 'smartId': '32004348-4169-4469-b021-d2c20a7d7cf5', 'status': 'ACT', 'uniformNumber': '1', 'ngsPosition': 'WR', 'ngsPositionGroup': 'WR'}",Ja'Marr Chase,WR,920,2022,ja'marr chase
5.484423076923077,3.858985318229705,15.408846153846152,2.1837906603046595,4.704,0.8450146817702948,57.692307692307686,19.8626180896924,3,30,52,502,"{'season': 2022, 'currentTeamId': '1540', 'displayName': 'D.J. Chark', 'esbId': 'CHA553392', 'firstName': 'Darrell', 'footballName': 'D.J.', 'gsisId': '00-0034777', 'gsisItId': 46130, 'headshot': 'https://static.www.nfl.com/image/private/{formatInstructions}/league/hbngdzf66ssvjgbjd9oz', 'jerseyNumber': 4, 'lastName': 'Chark', 'position': 'WR', 'positionGroup': 'WR', 'shortName': 'D.Chark', 'smartId': '32004348-4155-3392-9ee6-7f21c24c95c9', 'status': 'ACT', 'uniformNumber': '4', 'ngsPosition': 'WR', 'ngsPositionGroup': 'WR'}",D.J. Chark,WR,1540,2022,dj chark
5.477450980392156,4.068264058281577,7.915538461538463,4.266771244856868,4.446458333333333,0.3781942750517562,73.84615384615385,9.94445131662363,6,48,65,517,"{'season': 2022, 'currentTeamId': '0610', 'displayName': 'Dawson Knox', 'esbId': 'KNO490795', 'firstName': 'Dawson', 'footballName': 'Dawson', 'gsisId': '00-0035689', 'gsisItId': 47879, 'headshot': 'https://static.www.nfl.com/image/private/{formatInstructions}/league/ip13rlibbh1y7lejzj6t', 'jerseyNumber': 88, 'lastName': 'Knox', 'position': 'TE', 'positionGroup': 'TE', 'shortName': 'D.Knox', 'smartId': '32004b4e-4f49-0795-942a-0c363ee9b439', 'status': 'ACT', 'uniformNumber': '88', 'ngsPosition': 'TE', 'ngsPositionGroup': 'TE'}",Dawson Knox,TE,610,2022,dawson knox
5.468958333333334,4.371761448391304,13.4218,2.3214757783760844,4.881199999999999,0.509438551608695,50.0,19.47039504224305,3,25,50,397,"{'season': 2022, 'currentTeamId': '2100', 'displayName': 'Nick Westbrook-Ikhine', 'esbId': 'WES567220', 'firstName': 'Nicholas', 'footballName': 'Nick', 'gsisId': '00-0036182', 'gsisItId': 53074, 'headshot': 'https://static.www.nfl.com/image/private/{formatInstructions}/league/rrpe7w9vvgasgkyemixa', 'jerseyNumber': 15, 'lastName': 'Westbrook-Ikhine', 'position': 'WR', 'positionGroup': 'WR', 'shortName': 'N.Westbrook-Ikhine', 'smartId': '32005745-5356-7220-67cc-7d57ec5c5725', 'status': 'ACT', 'uniformNumber': '15', 'ngsPosition': 'SLOT_WR', 'ngsPositionGroup': 'WR'}",Nick Westbrook-Ikhine,WR,2100,2022,nick westbrook-ikhine
5.448461538461538,3.363605571464094,6.972295081967213,3.738320035877032,3.289230769230769,-0.0743748022333248,63.934426229508205,9.505004927825793,1,39,61,323,"{'season': 2022, 'currentTeamId': '5110', 'displayName': 'Logan Thomas', 'esbId': 'THO296280', 'firstName': 'Logan', 'footballName': 'Logan', 'gsisId': '00-0031260', 'gsisItId': 41349, 'headshot': 'https://static.www.nfl.com/image/private/{formatInstructions}/league/wzb0lbrvqknwfcgnj5sq', 'jerseyNumber': 82, 'lastName': 'Thomas', 'position': 'TE', 'positionGroup': 'TE', 'shortName': 'L.Thomas', 'smartId': '32005448-4f29-6280-e212-928e7f08f1ce', 'status': 'ACT', 'uniformNumber': '82', 'ngsPosition': 'TE', 'ngsPositionGroup': 'WR'}",Logan Thomas,TE,5110,2022,logan thomas
5.432613636363636,4.10653126895733,10.342228260869566,3.094315914232406,5.051015625,0.94448435604267,69.56521739130434,39.0115950110292,8,128,184,1809,"{'season': 2022, 'currentTeamId': '3000', 'displayName': 'Justin Jefferson', 'esbId': 'JEF269287', 'firstName': 'Justin', 'footballName': 'Justin', 'gsisId': '00-0036322', 'gsisItId': 52430, 'headshot': 'https://static.www.nfl.com/image/private/{formatInstructions}/league/zdstmm4sloqnichybgja', 'jerseyNumber': 18, 'lastName': 'Jefferson', 'position': 'WR', 'positionGroup': 'WR', 'shortName': 'J.Jefferson', 'smartId': '32004a45-4626-9287-c454-479b942cbd26', 'status': 'ACT', 'uniformNumber': '18', 'ngsPosition': 'WR', 'ngsPositionGroup': 'WR'}",Justin Jefferson,WR,3000,2022,justin jefferson
5.429782608695653,2.352292261740273,15.87655913978494,2.7552704388568845,2.980833333333333,0.6285410715930602,51.61290322580645,28.538184404620157,7,48,93,836,"{'season': 2022, 'currentTeamId': '0610', 'displayName': 'Gabe Davis', 'esbId': 'DAV329675', 'firstName': 'Gabriel', 'footballName': 'Gabe', 'gsisId': '00-0036196', 'gsisItId': 52536, 'headshot': 'https://static.www.nfl.com/image/private/{formatInstructions}/league/gybdtwydpj0rggczumgg', 'jerseyNumber': 13, 'lastName': 'Davis', 'position': 'WR', 'positionGroup': 'WR', 'shortName': 'G.Davis', 'smartId': '32004441-5632-9675-38f5-3e009da4e98e', 'status': 'ACT', 'uniformNumber': '13', 'ngsPosition': 'WR', 'ngsPositionGroup': 'WR'}",Gabe Davis,WR,610,2022,gabe davis
5.426989247311829,4.397326919597082,12.2152688172043,2.819758358696051,5.337460317460318,0.940133397863236,67.74193548387096,25.12457011423075,4,63,93,895,"{'season': 2022, 'currentTeamId': '4400', 'displayName': 'Mike Williams', 'esbId': 'WIL000009', 'firstName': 'Michael', 'footballName': 'Mike', 'gsisId': '00-0033536', 'gsisItId': 44819, 'headshot': 'https://static.www.nfl.com/image/private/{formatInstructions}/league/e3r9jk7f2zl4qak0orbz', 'jerseyNumber': 81, 'lastName': 'Williams', 'position': 'WR', 'positionGroup': 'WR', 'shortName': 'M.Williams', 'smartId': '32005749-4c00-0009-75a2-9fccf6994099', 'status': 'ACT', 'uniformNumber': '81', 'ngsPosition': 'WR', 'ngsPositionGroup': 'WR'}",Mike Williams,WR,4400,2022,mike williams
5.423636363636363,6.301088845351908,7.806666666666668,3.360530478906824,7.594242424242425,1.293153578890517,61.11111111111112,8.073696709694719,2,33,54,420,"{'season': 2022, 'currentTeamId': '2520', 'displayName': 'Foster Moreau', 'esbId': 'MOR096402', 'firstName': 'Foster', 'footballName': 'Foster', 'gsisId': '00-0034981', 'gsisItId': 47920, 'headshot': 'https://static.www.nfl.com/image/private/{formatInstructions}/league/sa6jfe7xjslhihldbiiy', 'jerseyNumber': 87, 'lastName': 'Moreau', 'position': 'TE', 'positionGroup': 'TE', 'shortName': 'F.Moreau', 'smartId': '32004d4f-5209-6402-e68b-97ba5fd58ae3', 'status': 'ACT', 'uniformNumber': '87', 'ngsPosition': 'TE', 'ngsPositionGroup': 'TE'}",Foster Moreau,TE,2520,2022,foster moreau
5.359929078014184,3.356922790377109,11.616038961038964,2.828388766050926,4.116111111111112,0.759188320734002,70.12987012987013,34.57528644101866,11,108,154,1429,"{'season': 2022, 'currentTeamId': '0610', 'displayName': 'Stefon Diggs', 'esbId': 'DIG218895', 'firstName': 'Stefon', 'footballName': 'Stefon', 'gsisId': '00-0031588', 'gsisItId': 42489, 'headshot': 'https://static.www.nfl.com/image/private/{formatInstructions}/league/hcvd2avk0kufoli80veb', 'jerseyNumber': 14, 'lastName': 'Diggs', 'position': 'WR', 'positionGroup': 'WR', 'shortName': 'S.Diggs', 'smartId': '32004449-4721-8895-fc23-d2bf4c921bd4', 'status': 'ACT', 'uniformNumber': '14', 'ngsPosition': 'WR', 'ngsPositionGroup': 'WR'}",Stefon Diggs,WR,610,2022,stefon diggs
5.304652777777778,2.725778079087956,10.566802721088436,2.8202966424061424,2.58406976744186,-0.1417083116460959,58.50340136054422,33.614878390280744,0,86,147,882,"{'season': 2022, 'currentTeamId': '3900', 'displayName': 'Diontae Johnson', 'esbId': 'JOH000017', 'firstName': 'Diontae', 'footballName': 'Diontae', 'gsisId': '00-0035216', 'gsisItId': 47849, 'headshot': 'https://static.www.nfl.com/image/private/{formatInstructions}/league/imoqxbyoluisz2tmoral', 'jerseyNumber': 18, 'lastName': 'Johnson', 'position': 'WR', 'positionGroup': 'WR', 'shortName': 'D.Johnson', 'smartId': '32004a4f-4800-0017-a19a-a554dee114ed', 'status': 'ACT', 'uniformNumber': '18', 'ngsPosition': 'WR', 'ngsPositionGroup': 'WR'}",Diontae Johnson,WR,3900,2022,diontae johnson
5.217755102040816,4.438444126897679,12.279600000000002,2.6631272077367725,4.761166666666667,0.3227225397689883,60.0,28.46367633798704,6,60,100,788,"{'season': 2022, 'currentTeamId': '1800', 'displayName': 'Allen Lazard', 'esbId': 'LAZ043714', 'firstName': 'Allen', 'footballName': 'Allen', 'gsisId': '00-0034521', 'gsisItId': 46705, 'headshot': 'https://static.www.nfl.com/image/private/{formatInstructions}/league/cz1iokizmop9zi3fij8o', 'jerseyNumber': 13, 'lastName': 'Lazard', 'position': 'WR', 'positionGroup': 'WR', 'shortName': 'A.Lazard', 'smartId': '32004c41-5a04-3714-cfb7-872b20b0ce13', 'status': 'ACT', 'uniformNumber': '13', 'ngsPosition': 'WR', 'ngsPositionGroup': 'WR'}",Allen Lazard,WR,1800,2022,allen lazard
5.183220338983051,4.893282567158239,6.8260000000000005,3.068708298380616,5.995517241379312,1.102234674221073,72.5,12.442496063871236,4,58,80,628,"{'season': 2022, 'currentTeamId': '1050', 'displayName': 'David Njoku', 'esbId': 'NJO355964', 'firstName': 'David', 'footballName': 'David', 'gsisId': '00-0033885', 'gsisItId': 44841, 'headshot': 'https://static.www.nfl.com/image/private/{formatInstructions}/league/bcecxpc9nciff80xhipd', 'jerseyNumber': 85, 'lastName': 'Njoku', 'position': 'TE', 'positionGroup': 'TE', 'shortName': 'D.Njoku', 'smartId': '32004e4a-4f35-5964-1f03-4dc0b4e0b757', 'status': 'ACT', 'uniformNumber': '85', 'ngsPosition': 'TE', 'ngsPositionGroup': 'TE'}",David Njoku,TE,1050,2022,david njoku
5.139122807017545,3.336267162217021,7.75536231884058,3.0299166982669146,2.96531914893617,-0.3709480132808513,68.11594202898551,12.303362778143097,4,47,69,406,"{'season': 2022, 'currentTeamId': '3800', 'displayName': 'Zach Ertz', 'esbId': 'ERT800920', 'firstName': 'Zachary', 'footballName': 'Zach', 'gsisId': '00-0030061', 'gsisItId': 39983, 'headshot': 'https://static.www.nfl.com/image/private/{formatInstructions}/league/u5sxvgvz0pujcgrsjenk', 'jerseyNumber': 86, 'lastName': 'Ertz', 'position': 'TE', 'positionGroup': 'TE', 'shortName': 'Z.Ertz', 'smartId': '32004552-5480-0920-32a6-165b5a77814e', 'status': 'RES', 'uniformNumber': '86', 'ngsPosition': 'SLOT_WR', 'ngsPositionGroup': 'WR'}",Zach Ertz,TE,3800,2022,zach ertz
5.102391304347826,4.456214233557595,12.461914893617022,2.581705838573924,5.697500000000001,1.241285766442406,59.57446808510638,18.276707814820828,1,28,47,490,"{'season': 2022, 'currentTeamId': '0750', 'displayName': 'Terrace Marshall', 'esbId': 'MAR482288', 'firstName': 'Terrace', 'footballName': 'Terrace', 'gsisId': '00-0036955', 'gsisItId': 53488, 'headshot': 'https://static.www.nfl.com/image/private/{formatInstructions}/league/azlfs3xbnfr3deksqvua', 'jerseyNumber': 88, 'lastName': 'Marshall', 'position': 'WR', 'positionGroup': 'WR', 'shortName': 'T.Marshall', 'smartId': '32004d41-5248-2288-c0d9-2d0813ce7c88', 'status': 'ACT', 'uniformNumber': '88', 'ngsPosition': 'WR', 'ngsPositionGroup': 'WR'}",Terrace Marshall,WR,750,2022,terrace marshall
5.09611111111111,3.452727490466085,9.414512195121953,2.7046388866001694,4.472241379310344,1.0195138888442594,70.73170731707317,18.07156150145721,5,58,82,762,"{'season': 2022, 'currentTeamId': '0920', 'displayName': 'Tyler Boyd', 'esbId': 'BOY378353', 'firstName': 'Tyler', 'footballName': 'Tyler', 'gsisId': '00-0033009', 'gsisItId': 43344, 'headshot': 'https://static.www.nfl.com/image/private/{formatInstructions}/league/kzzhrm9gbefdpobngtzq', 'jerseyNumber': 83, 'lastName': 'Boyd', 'position': 'WR', 'positionGroup': 'WR', 'shortName': 'T.Boyd', 'smartId': '3200424f-5937-8353-b941-dfa7122ba16b', 'status': 'ACT', 'uniformNumber': '83', 'ngsPosition': 'SLOT_WR', 'ngsPositionGroup': 'WR'}",Tyler Boyd,WR,920,2022,tyler boyd
4.942586206896552,3.5769900289602456,8.413384615384615,3.345523539891503,3.267619047619048,-0.309370981341198,64.61538461538461,10.56990552471665,4,42,65,423,"{'season': 2022, 'currentTeamId': '0610', 'displayName': 'Isaiah McKenzie', 'esbId': 'MCK250948', 'firstName': 'Isaiah', 'footballName': 'Isaiah', 'gsisId': '00-0033466', 'gsisItId': 44985, 'headshot': 'https://static.www.nfl.com/image/private/{formatInstructions}/league/sm2btbgkg6s1r1hvi931', 'jerseyNumber': 6, 'lastName': 'McKenzie', 'position': 'WR', 'positionGroup': 'WR', 'shortName': 'I.McKenzie', 'smartId': '32004d43-4b25-0948-8027-d3dafaef3cae', 'status': 'ACT', 'uniformNumber': '6', 'ngsPosition': 'SLOT_WR', 'ngsPositionGroup': 'WR'}",Isaiah McKenzie,WR,610,2022,isaiah mckenzie
4.843653846153846,3.001418481334705,9.45903846153846,2.14428141218037,2.6190909090909096,-0.3823275722437955,63.46153846153846,13.540588455524473,3,33,52,339,"{'season': 2022, 'currentTeamId': '2510', 'displayName': 'Allen Robinson', 'esbId': 'ROB365982', 'firstName': 'Allen', 'footballName': 'Allen', 'gsisId': '00-0031428', 'gsisItId': 41290, 'headshot': 'https://static.www.nfl.com/image/private/{formatInstructions}/league/q9aj6lloix5ocf7xk8ry', 'jerseyNumber': 1, 'lastName': 'Robinson', 'position': 'WR', 'positionGroup': 'WR', 'shortName': 'A.Robinson', 'smartId': '3200524f-4236-5982-45ce-8ca18ca03af8', 'status': 'RES', 'uniformNumber': '1', 'ngsPosition': 'WR', 'ngsPositionGroup': 'WR'}",Allen Robinson,WR,2510,2022,allen robinson
4.808593749999999,4.742900177715548,7.280574712643678,4.201508777039625,5.061034482758621,0.3181343050430731,66.66666666666666,12.814334672606408,3,58,87,552,"{'season': 2022, 'currentTeamId': '3430', 'displayName': 'Tyler Conklin', 'esbId': 'CON185250', 'firstName': 'Tyler', 'footballName': 'Tyler', 'gsisId': '00-0034270', 'gsisItId': 46226, 'headshot': 'https://static.www.nfl.com/image/private/{formatInstructions}/league/fx3sjul1xvi4tuag57bn', 'jerseyNumber': 83, 'lastName': 'Conklin', 'position': 'TE', 'positionGroup': 'TE', 'shortName': 'T.Conklin', 'smartId': '3200434f-4e18-5250-1988-fe7b6c249df3', 'status': 'ACT', 'uniformNumber': '83', 'ngsPosition': 'TE', 'ngsPositionGroup': 'TE'}",Tyler Conklin,TE,3430,2022,tyler conklin
4.730952380952381,1.7678520125127142,14.758928571428571,2.3704907088551117,2.3625000000000007,0.5946479874872865,61.90476190476191,26.829014938551328,4,52,84,801,"{'season': 2022, 'currentTeamId': '3900', 'displayName': 'George Pickens', 'esbId': 'PIC576156', 'firstName': 'George', 'footballName': 'George', 'gsisId': '00-0037247', 'gsisItId': 54517, 'jerseyNumber': 14, 'lastName': 'Pickens', 'position': 'WR', 'positionGroup': 'WR', 'shortName': 'G.Pickens', 'status': 'ACT', 'uniformNumber': '14', 'headshot': 'https://static.www.nfl.com/image/private/{formatInstructions}/league/weaecvrxrfflsqm8kvpt', 'smartId': '32005049-4357-6156-653f-e3c2b6d1b9bc', 'ngsPosition': 'WR', 'ngsPositionGroup': 'WR'}",George Pickens,WR,3900,2022,george pickens
4.207659574468085,2.8109387052517145,15.663829787234045,1.7292110932998248,4.100967741935484,1.290029036683769,65.95744680851064,18.663300073010465,3,31,47,539,"{'season': 2022, 'currentTeamId': '3200', 'displayName': 'DeVante Parker', 'esbId': 'PAR226609', 'firstName': 'DeVante', 'footballName': 'DeVante', 'gsisId': '00-0031547', 'gsisItId': 42357, 'headshot': 'https://static.www.nfl.com/image/private/{formatInstructions}/league/cgbhrfcqdoe3yvpsic04', 'jerseyNumber': 1, 'lastName': 'Parker', 'position': 'WR', 'positionGroup': 'WR', 'shortName': 'D.Parker', 'smartId': '32005041-5222-6609-dc38-38b3aae27410', 'status': 'ACT', 'uniformNumber': '1', 'ngsPosition': 'WR', 'ngsPositionGroup': 'WR'}",DeVante Parker,WR,3200,2022,devante parker
7.666698113207548,4.108854808635488,8.651944444444444,3.6810160964910574,5.084415584415586,0.9755607757800976,71.29629629629629,22.834430159502062,5,77,108,858,"{'season': 2023, 'displayName': 'Zay Flowers', 'esbId': 'FLO577002', 'firstName': 'Xavien', 'footballName': 'Zay', 'gsisId': '00-0039064', 'gsisItId': 55886, 'lastName': 'Flowers', 'position': 'WR', 'positionGroup': 'WR', 'shortName': 'Z.Flowers', 'status': 'ACT', 'headshot': 'https://static.www.nfl.com/image/private/{formatInstructions}/league/zvstl5cycvmbbqczemau', 'smartId': '3200464c-4f57-7002-1160-832e9618f0fd', 'currentTeamId': '0325', 'jerseyNumber': 4, 'uniformNumber': '4', 'ngsPosition': 'WR', 'ngsPositionGroup': 'WR'}",Zay Flowers,WR,325,2023,zay flowers
7.315252525252524,3.664057657346567,9.591792452830187,2.73191049359652,3.5307042253521126,-0.1333534319944544,66.98113207547169,24.790432301953032,8,71,106,807,"{'season': 2023, 'displayName': 'Jakobi Meyers', 'esbId': 'MEY171606', 'firstName': 'Jakobi', 'footballName': 'Jakobi', 'gsisId': '00-0034960', 'gsisItId': 48097, 'headshot': 'https://static.www.nfl.com/image/private/{formatInstructions}/league/lhfd2xsufgep72sfkacg', 'jerseyNumber': 16, 'lastName': 'Meyers', 'position': 'WR', 'positionGroup': 'WR', 'shortName': 'J.Meyers', 'smartId': '32004d45-5917-1606-4197-8f46779fb9b7', 'status': 'ACT', 'uniformNumber': '16', 'currentTeamId': '2520', 'ngsPosition': 'WR', 'ngsPositionGroup': 'WR'}",Jakobi Meyers,WR,2520,2023,jakobi meyers
7.297755102040817,5.674917814881669,5.064838709677419,4.4956080947627575,5.4735,-0.201417814881669,64.51612903225806,7.990473112752644,1,40,62,352,"{'season': 2023, 'displayName': 'Rondale Moore', 'esbId': 'MOO672093', 'firstName': 'Rondale', 'footballName': 'Rondale', 'gsisId': '00-0036936', 'gsisItId': 53478, 'headshot': 'https://static.www.nfl.com/image/private/{formatInstructions}/league/yuwcs40qiqunbfrp9nip', 'jerseyNumber': 4, 'lastName': 'Moore', 'position': 'WR', 'positionGroup': 'WR', 'shortName': 'R.Moore', 'smartId': '32004d4f-4f67-2093-7b5b-808e901606a0', 'status': 'ACT', 'uniformNumber': '4', 'currentTeamId': '3800', 'ngsPosition': 'SLOT_WR', 'ngsPositionGroup': 'WR'}",Rondale Moore,WR,3800,2023,rondale moore
7.224875,5.317385990388565,12.650574712643676,3.6293528534451753,6.215000000000002,0.8976140096114369,62.06896551724138,30.843819185606584,2,54,87,758,"{'season': 2023, 'displayName': 'Jerry Jeudy', 'esbId': 'JEU415291', 'firstName': 'Jerry', 'footballName': 'Jerry', 'gsisId': '00-0036407', 'gsisItId': 52423, 'headshot': 'https://static.www.nfl.com/image/private/{formatInstructions}/league/f0jdlnl6wy63qx4oeyzi', 'jerseyNumber': 10, 'lastName': 'Jeudy', 'position': 'WR', 'positionGroup': 'WR', 'shortName': 'J.Jeudy', 'smartId': '32004a45-5541-5291-9f8b-8595dc100c90', 'status': 'ACT', 'uniformNumber': '10', 'currentTeamId': '1400', 'ngsPosition': 'SLOT_WR', 'ngsPositionGroup': 'WR'}",Jerry Jeudy,WR,1400,2023,jerry jeudy
7.165714285714287,3.491224749100244,10.272758620689654,3.1723428820324013,5.646923076923078,2.155698327822834,67.24137931034483,12.373219254890556,4,39,58,581,"{'season': 2023, 'displayName': 'Dontayvion Wicks', 'esbId': 'WIC622867', 'firstName': 'Dontayvion', 'footballName': 'Dontayvion', 'gsisId': '00-0038393', 'gsisItId': 56024, 'lastName': 'Wicks', 'position': 'WR', 'positionGroup': 'WR', 'shortName': 'D.Wicks', 'status': 'ACT', 'headshot': 'https://static.www.nfl.com/image/private/{formatInstructions}/league/cnldfuaj4ifhgjpuzyte', 'smartId': '32005749-4362-2867-1ce9-aa6b2d842d21', 'currentTeamId': '1800', 'jerseyNumber': 13, 'uniformNumber': '13', 'ngsPosition': 'WR', 'ngsPositionGroup': 'WR'}",Dontayvion Wicks,WR,1800,2023,dontayvion wicks
7.149148936170213,3.7462336709182105,11.010576923076922,3.69440836508872,3.543898305084745,-0.202335365833465,56.730769230769226,22.35580302060069,2,59,104,640,"{'season': 2023, 'displayName': 'Elijah Moore', 'esbId': 'MOO279723', 'firstName': 'Elijah', 'footballName': 'Elijah', 'gsisId': '00-0036980', 'gsisItId': 53463, 'headshot': 'https://static.www.nfl.com/image/private/{formatInstructions}/league/bhwvzckfhhcqhb7zdqyj', 'jerseyNumber': 8, 'lastName': 'Moore', 'position': 'WR', 'positionGroup': 'WR', 'shortName': 'E.Moore', 'smartId': '32004d4f-4f27-9723-3c75-0e082bc200c9', 'status': 'ACT', 'uniformNumber': '8', 'currentTeamId': '1050', 'ngsPosition': 'WR', 'ngsPositionGroup': 'WR'}",Elijah Moore,WR,1050,2023,elijah moore
7.143272727272727,3.793554141119025,10.090000000000002,2.747122093695676,5.406756756756757,1.6132026156377326,67.27272727272727,14.125106266003534,4,37,55,406,"{'season': 2023, 'displayName': 'Kendrick Bourne', 'esbId': 'BOU434790', 'firstName': 'Kendrick', 'footballName': 'Kendrick', 'gsisId': '00-0033307', 'gsisItId': 45185, 'headshot': 'https://static.www.nfl.com/image/private/{formatInstructions}/league/vrovcaqql9p6xsycko83', 'jerseyNumber': 84, 'lastName': 'Bourne', 'position': 'WR', 'positionGroup': 'WR', 'shortName': 'K.Bourne', 'smartId': '3200424f-5543-4790-acfc-7b92d77f3c8b', 'status': 'ACT', 'uniformNumber': '84', 'currentTeamId': '3200', 'ngsPosition': 'WR', 'ngsPositionGroup': 'WR'}",Kendrick Bourne,WR,3200,2023,kendrick bourne
7.126538461538462,2.868707727311854,9.839397590361449,2.586194076625611,2.3300000000000005,-0.5387077273118535,59.036144578313255,18.3363943760637,4,49,83,518,"{'season': 2023, 'displayName': 'Jahan Dotson', 'esbId': 'DOT282798', 'firstName': 'Jahan', 'footballName': 'Jahan', 'gsisId': '00-0037741', 'gsisItId': 54481, 'headshot': 'https://static.www.nfl.com/image/private/{formatInstructions}/league/z768onjtm135fjjmeney', 'jerseyNumber': 1, 'lastName': 'Dotson', 'position': 'WR', 'positionGroup': 'WR', 'shortName': 'J.Dotson', 'smartId': '3200444f-5428-2798-d9f2-9e8608edcb8a', 'status': 'ACT', 'uniformNumber': '1', 'currentTeamId': '5110', 'ngsPosition': 'WR', 'ngsPositionGroup': 'WR'}",Jahan Dotson,WR,5110,2023,jahan dotson
7.0940697674418605,4.61507445529143,8.138842105263159,3.3519765706679183,5.816610169491526,1.2015357142000962,62.10526315789474,18.019338645362616,5,59,95,737,"{'season': 2023, 'displayName': 'Cooper Kupp', 'esbId': 'KUP534597', 'firstName': 'Cooper', 'footballName': 'Cooper', 'gsisId': '00-0033908', 'gsisItId': 44881, 'headshot': 'https://static.www.nfl.com/image/private/{formatInstructions}/league/bkahtsjkvnom1sbnb6xm', 'jerseyNumber': 10, 'lastName': 'Kupp', 'position': 'WR', 'positionGroup': 'WR', 'shortName': 'C.Kupp', 'smartId': '32004b55-5053-4597-b958-87408c31956f', 'status': 'ACT', 'uniformNumber': '10', 'currentTeamId': '2510', 'ngsPosition': 'SLOT_WR', 'ngsPositionGroup': 'WR'}",Cooper Kupp,WR,2510,2023,cooper kupp
7.074848484848485,3.132723177813903,9.988,2.622867830084316,3.3567500000000003,0.2240268221860972,53.333333333333336,14.79724164087207,1,40,75,426,"{'season': 2023, 'displayName': 'Robert Woods', 'esbId': 'WOO561144', 'firstName': 'Robert', 'footballName': 'Robert', 'gsisId': '00-0030431', 'gsisItId': 39989, 'headshot': 'https://static.www.nfl.com/image/upload/{formatInstructions}/league/owppysuai4ipxu5d27nu', 'jerseyNumber': 2, 'lastName': 'Woods', 'position': 'WR', 'positionGroup': 'WR', 'shortName': 'R.Woods', 'smartId': '3200574f-4f56-1144-59b1-dbf0c9bdb37a', 'status': 'ACT', 'uniformNumber': '2', 'currentTeamId': '2120', 'ngsPosition': 'WR', 'ngsPositionGroup': 'WR'}",Robert Woods,WR,2120,2023,robert woods
7.044166666666666,3.69807839259292,6.752340425531914,2.954802799154321,4.5981250000000005,0.9000466074070803,68.08510638297872,8.715855848928095,2,32,47,308,"{'season': 2023, 'displayName': 'Pat Freiermuth', 'esbId': 'FRE439769', 'firstName': 'Pat', 'footballName': 'Pat', 'gsisId': '00-0036894', 'gsisItId': 53484, 'headshot': 'https://static.www.nfl.com/image/private/{formatInstructions}/league/evpkfpnuj5rajjnl5hkw', 'jerseyNumber': 88, 'lastName': 'Freiermuth', 'position': 'TE', 'positionGroup': 'TE', 'shortName': 'P.Freiermuth', 'smartId': '32004652-4543-9769-d771-bdf1de25cd8b', 'status': 'ACT', 'uniformNumber': '88', 'currentTeamId': '3900', 'ngsPosition': 'TE', 'ngsPositionGroup': 'TE'}",Pat Freiermuth,TE,3900,2023,pat freiermuth
7.028426966292136,5.616324505481724,6.213440860215052,3.7858879094775504,5.916190476190475,0.2998659707087512,67.74193548387096,13.533706036241336,4,63,93,628,"{'season': 2023, 'displayName': 'Jaxon Smith-Njigba', 'esbId': 'SMI829636', 'firstName': 'Jaxon', 'footballName': 'Jaxon', 'gsisId': '00-0038543', 'gsisItId': 55884, 'lastName': 'Smith-Njigba', 'position': 'WR', 'positionGroup': 'WR', 'shortName': 'J.Smith-Njigba', 'status': 'ACT', 'headshot': 'https://static.www.nfl.com/image/private/{formatInstructions}/league/r65p3l8nq7v4l9htqsud', 'smartId': '3200534d-4982-9636-a18c-5da6fbdaa80c', 'jerseyNumber': 11, 'uniformNumber': '11', 'currentTeamId': '4600', 'ngsPosition': 'SLOT_WR', 'ngsPositionGroup': 'WR'}",Jaxon Smith-Njigba,WR,4600,2023,jaxon smith-njigba
7.014888888888888,4.099745854290936,7.197872340425533,2.422056207421936,3.3879310344827585,-0.7118148198081777,61.70212765957447,8.610727903034501,1,29,47,260,"{'season': 2023, 'displayName': 'JuJu Smith-Schuster', 'esbId': 'SMI829709', 'firstName': 'John', 'footballName': 'JuJu', 'gsisId': '00-0033857', 'gsisItId': 44874, 'headshot': 'https://static.www.nfl.com/image/private/{formatInstructions}/league/ypoituliieghtndjrzaz', 'jerseyNumber': 7, 'lastName': 'Smith-Schuster', 'position': 'WR', 'positionGroup': 'WR', 'shortName': 'J.Smith-Schuster', 'smartId': '3200534d-4982-9709-6877-2f8181b1e986', 'status': 'ACT', 'uniformNumber': '7', 'currentTeamId': '3200', 'ngsPosition': 'WR', 'ngsPositionGroup': 'WR'}",JuJu Smith-Schuster,WR,3200,2023,juju smith-schuster
6.9703389830508495,4.384356634702925,5.239102564102563,3.973480571288485,5.0440000000000005,0.6596433652970752,76.92307692307693,11.493622466916984,1,60,78,525,"{'season': 2023, 'displayName': ""Wan'Dale Robinson"", 'esbId': 'ROB717726', 'firstName': 'Charles', 'footballName': ""Wan'Dale"", 'gsisId': '00-0038117', 'gsisItId': 54508, 'headshot': 'https://static.www.nfl.com/image/private/{formatInstructions}/league/wjr53ffhc3gunx0fs3kp', 'jerseyNumber': 17, 'lastName': 'Robinson', 'position': 'WR', 'positionGroup': 'WR', 'shortName': 'W.Robinson', 'smartId': '3200524f-4271-7726-8cbf-ec8b4c6b1627', 'status': 'ACT', 'uniformNumber': '17', 'currentTeamId': '3410', 'ngsPosition': 'SLOT_WR', 'ngsPositionGroup': 'WR'}",Wan'Dale Robinson,WR,3410,2023,wan'dale robinson
6.955529411764705,3.993679082424847,12.482298850574711,2.9033799106617955,5.040196078431372,1.0465169960065253,58.620689655172406,29.824397585398145,5,51,87,710,"{'season': 2023, 'displayName': 'Diontae Johnson', 'esbId': 'JOH000017', 'firstName': 'Diontae', 'footballName': 'Diontae', 'gsisId': '00-0035216', 'gsisItId': 47849, 'headshot': 'https://static.www.nfl.com/image/private/{formatInstructions}/league/imoqxbyoluisz2tmoral', 'jerseyNumber': 18, 'lastName': 'Johnson', 'position': 'WR', 'positionGroup': 'WR', 'shortName': 'D.Johnson', 'smartId': '32004a4f-4800-0017-a19a-a554dee114ed', 'status': 'ACT', 'uniformNumber': '18', 'currentTeamId': '3900', 'ngsPosition': 'WR', 'ngsPositionGroup': 'WR'}",Diontae Johnson,WR,3900,2023,diontae johnson
6.940731707317076,4.131302451876124,9.345615384615384,2.92216107693287,4.781927710843373,0.6506252589672492,63.84615384615384,25.638412141701007,2,83,130,1024,"{'season': 2023, 'displayName': 'Chris Godwin', 'esbId': 'GOD549393', 'firstName': 'Rod', 'footballName': 'Chris', 'gsisId': '00-0033921', 'gsisItId': 44896, 'headshot': 'https://static.www.nfl.com/image/private/{formatInstructions}/league/rfdampf12giyojipbcxl', 'jerseyNumber': 14, 'lastName': 'Godwin', 'position': 'WR', 'positionGroup': 'WR', 'shortName': 'C.Godwin', 'smartId': '3200474f-4454-9393-6eec-24189dd66641', 'status': 'ACT', 'uniformNumber': '14', 'currentTeamId': '4900', 'ngsPosition': 'WR', 'ngsPositionGroup': 'WR'}",Chris Godwin,WR,4900,2023,chris godwin
6.899866666666665,2.97705863581291,14.231333333333332,2.946577120404939,3.1906382978723404,0.2135796620594305,62.66666666666667,21.083748318495267,7,47,75,709,"{'season': 2023, 'displayName': 'Tank Dell', 'esbId': 'DEL440817', 'firstName': 'Nathaniel', 'footballName': 'Tank', 'gsisId': '00-0038977', 'gsisItId': 55934, 'lastName': 'Dell', 'position': 'WR', 'positionGroup': 'WR', 'shortName': 'T.Dell', 'status': 'ACT', 'headshot': 'https://static.www.nfl.com/image/private/{formatInstructions}/league/vxkqythvtp5ujzpqlvsk', 'smartId': '32004445-4c44-0817-a646-b67c3fe533fb', 'currentTeamId': '2120', 'jerseyNumber': 3, 'uniformNumber': '3', 'ngsPosition': 'WR', 'ngsPositionGroup': 'WR'}",Tank Dell,WR,2120,2023,tank dell
6.842162162162162,4.120330881905434,7.140659340659339,3.28831749243485,4.412741935483871,0.2924110535784372,68.13186813186813,14.589722979375008,4,62,91,613,"{'season': 2023, 'displayName': 'Curtis Samuel', 'esbId': 'SAM633285', 'firstName': 'Curtis', 'footballName': 'Curtis', 'gsisId': '00-0033282', 'gsisItId': 44852, 'headshot': 'https://static.www.nfl.com/image/private/{formatInstructions}/league/r71vsqs2fg7bvbt1jvzd', 'jerseyNumber': 4, 'lastName': 'Samuel', 'position': 'WR', 'positionGroup': 'WR', 'shortName': 'C.Samuel', 'smartId': '32005341-4d63-3285-ce5d-61e91947654e', 'status': 'ACT', 'uniformNumber': '4', 'currentTeamId': '5110', 'ngsPosition': 'SLOT_WR', 'ngsPositionGroup': 'WR'}",Curtis Samuel,WR,5110,2023,curtis samuel
6.78274074074074,3.919318986116947,9.4562,3.0652255961221417,4.035740740740741,0.1164217546237944,72.0,30.103718104083143,7,108,150,1243,"{'season': 2023, 'displayName': 'Keenan Allen', 'esbId': 'ALL532966', 'firstName': 'Keenan', 'footballName': 'Keenan', 'gsisId': '00-0030279', 'gsisItId': 40024, 'headshot': 'https://static.www.nfl.com/image/private/{formatInstructions}/league/xs7h2igf85nta81v7zb8', 'jerseyNumber': 13, 'lastName': 'Allen', 'position': 'WR', 'positionGroup': 'WR', 'shortName': 'K.Allen', 'smartId': '3200414c-4c53-2966-dfa9-55ae464e7b3d', 'status': 'ACT', 'uniformNumber': '13', 'currentTeamId': '4400', 'ngsPosition': 'SLOT_WR', 'ngsPositionGroup': 'WR'}",Keenan Allen,WR,4400,2023,keenan allen
6.782602739726027,6.969532827809275,8.114810126582277,3.0733747606638384,6.970204081632653,0.0006712538233779,62.0253164556962,16.317113026303062,0,49,79,561,"{'season': 2023, 'displayName': 'Demario Douglas', 'esbId': 'DOU259552', 'firstName': 'Demario', 'footballName': 'Demario', 'gsisId': '00-0038621', 'gsisItId': 56075, 'lastName': 'Douglas', 'position': 'WR', 'positionGroup': 'WR', 'shortName': 'D.Douglas', 'status': 'ACT', 'headshot': 'https://static.www.nfl.com/image/private/{formatInstructions}/league/svnh61ottqtfmcqvnbj3', 'smartId': '3200444f-5525-9552-5dc9-fda7c5a9b03d', 'currentTeamId': '3200', 'jerseyNumber': 81, 'uniformNumber': '81', 'ngsPosition': 'SLOT_WR', 'ngsPositionGroup': 'WR'}",Demario Douglas,WR,3200,2023,demario douglas
6.778235294117646,4.606101742793048,7.922564102564103,2.940494004551059,4.893119266055046,0.2870175232619978,69.87179487179486,30.054885329299825,4,109,156,1152,"{'season': 2023, 'displayName': 'Michael Pittman', 'esbId': 'PIT228050', 'firstName': 'Michael', 'footballName': 'Michael', 'gsisId': '00-0036252', 'gsisItId': 52442, 'headshot': 'https://static.www.nfl.com/image/private/{formatInstructions}/league/wnymcombo2plamteihiy', 'jerseyNumber': 11, 'lastName': 'Pittman', 'position': 'WR', 'positionGroup': 'WR', 'shortName': 'M.Pittman', 'smartId': '32005049-5422-8050-a8f8-f5210135a4b3', 'status': 'ACT', 'uniformNumber': '11', 'currentTeamId': '2200', 'ngsPosition': 'WR', 'ngsPositionGroup': 'WR'}",Michael Pittman,WR,2200,2023,michael pittman
6.777894736842105,5.063283970482872,11.401803278688522,2.610418173436483,5.628947368421053,0.5656633979381809,62.29508196721312,14.76099418270261,2,38,61,581,"{'season': 2023, 'displayName': 'Josh Palmer', 'esbId': 'PAL451625', 'firstName': 'Josh', 'footballName': 'Josh', 'gsisId': '00-0036988', 'gsisItId': 53506, 'headshot': 'https://static.www.nfl.com/image/private/{formatInstructions}/league/bbvzvwnb52cghz4fqyut', 'jerseyNumber': 5, 'lastName': 'Palmer', 'position': 'WR', 'positionGroup': 'WR', 'shortName': 'J.Palmer', 'smartId': '32005041-4c45-1625-eb93-c2c9b11c4006', 'status': 'ACT', 'uniformNumber': '5', 'currentTeamId': '4400', 'ngsPosition': 'WR', 'ngsPositionGroup': 'WR'}",Josh Palmer,WR,4400,2023,josh palmer
6.773552631578947,4.939954390040038,6.787640449438203,3.698832900875416,8.8665,3.9265456099599625,67.41573033707866,15.35368630799886,7,60,89,892,"{'season': 2023, 'displayName': 'Deebo Samuel', 'esbId': 'SAM636097', 'firstName': 'Tyshun', 'footballName': 'Deebo', 'gsisId': '00-0035719', 'gsisItId': 47819, 'headshot': 'https://static.www.nfl.com/image/private/{formatInstructions}/league/ciwaktyqewczcquks4wy', 'jerseyNumber': 19, 'lastName': 'Samuel', 'position': 'WR', 'positionGroup': 'WR', 'shortName': 'D.Samuel', 'smartId': '32005341-4d63-6097-eab1-34810e00be67', 'status': 'ACT', 'uniformNumber': '19', 'currentTeamId': '4500', 'ngsPosition': 'WR', 'ngsPositionGroup': 'WR'}",Deebo Samuel,WR,4500,2023,deebo samuel
6.754347826086957,2.994652692906812,11.501967213114751,2.8155919124350035,2.75,-0.2446526929068122,64.75409836065575,32.86499551491787,5,79,122,894,"{'season': 2023, 'displayName': 'Tyler Lockett', 'esbId': 'LOC420915', 'firstName': 'Tyler', 'footballName': 'Tyler', 'gsisId': '00-0032211', 'gsisItId': 42412, 'headshot': 'https://static.www.nfl.com/image/private/{formatInstructions}/league/f9wttnkcqc2scahf9oth', 'jerseyNumber': 16, 'lastName': 'Lockett', 'position': 'WR', 'positionGroup': 'WR', 'shortName': 'T.Lockett', 'smartId': '32004c4f-4342-0915-1af7-ec50f437887c', 'status': 'ACT', 'uniformNumber': '16', 'currentTeamId': '4600', 'ngsPosition': 'WR', 'ngsPositionGroup': 'WR'}",Tyler Lockett,WR,4600,2023,tyler lockett
6.747,4.270141777171776,12.316444444444445,2.90410933369407,4.5178571428571415,0.2477153656853659,62.22222222222222,12.491322965968,3,28,45,370,"{'season': 2023, 'displayName': 'Nick Westbrook-Ikhine', 'esbId': 'WES567220', 'firstName': 'Nicholas', 'footballName': 'Nick', 'gsisId': '00-0036182', 'gsisItId': 53074, 'headshot': 'https://static.www.nfl.com/image/private/{formatInstructions}/league/orgr5wnkiabp4s03aqj3', 'jerseyNumber': 15, 'lastName': 'Westbrook-Ikhine', 'position': 'WR', 'positionGroup': 'WR', 'shortName': 'N.Westbrook-Ikhine', 'smartId': '32005745-5356-7220-67cc-7d57ec5c5725', 'status': 'ACT', 'uniformNumber': '15', 'currentTeamId': '2100', 'ngsPosition': 'WR', 'ngsPositionGroup': 'WR'}",Nick Westbrook-Ikhine,WR,2100,2023,nick westbrook-ikhine
6.725428571428573,4.2399657100092645,6.372777777777778,4.0935738951342,4.32027397260274,0.0803082625934754,81.11111111111111,15.23543130973442,6,73,90,719,"{'season': 2023, 'displayName': 'Cole Kmet', 'esbId': 'KME200895', 'firstName': 'Cole', 'footballName': 'Cole', 'gsisId': '00-0036290', 'gsisItId': 52451, 'headshot': 'https://static.www.nfl.com/image/private/{formatInstructions}/league/ruq1ttpmssyydj0hxwfn', 'jerseyNumber': 85, 'lastName': 'Kmet', 'position': 'TE', 'positionGroup': 'TE', 'shortName': 'C.Kmet', 'smartId': '32004b4d-4520-0895-f027-61d779beeff4', 'status': 'ACT', 'uniformNumber': '85', 'currentTeamId': '0810', 'ngsPosition': 'TE', 'ngsPositionGroup': 'TE'}",Cole Kmet,TE,810,2023,cole kmet
6.725047619047618,3.3807397849825884,12.455892857142858,2.8183215114185023,3.58246913580247,0.2017293508198814,72.32142857142857,30.35068215391376,7,81,112,1066,"{'season': 2023, 'displayName': 'DeVonta Smith', 'esbId': 'SMI206016', 'firstName': 'DeVonta', 'footballName': 'DeVonta', 'gsisId': '00-0036912', 'gsisItId': 53439, 'headshot': 'https://static.www.nfl.com/image/private/{formatInstructions}/league/f8nowzare3wd2qw4jx7d', 'jerseyNumber': 6, 'lastName': 'Smith', 'position': 'WR', 'positionGroup': 'WR', 'shortName': 'D.Smith', 'smartId': '3200534d-4920-6016-573c-fcc767bafc4d', 'status': 'ACT', 'uniformNumber': '6', 'currentTeamId': '3700', 'ngsPosition': 'WR', 'ngsPositionGroup': 'WR'}",DeVonta Smith,WR,3700,2023,devonta smith
6.723269230769231,3.851183452361014,12.267272727272728,3.1158447851991857,6.909090909090907,3.0579074567298936,60.0,13.327591690156703,2,33,55,567,"{'season': 2023, 'displayName': 'Noah Brown', 'esbId': 'BRO567406', 'firstName': 'Noah', 'footballName': 'Noah', 'gsisId': '00-0033591', 'gsisItId': 45052, 'headshot': 'https://static.www.nfl.com/image/upload/{formatInstructions}/league/skdu8rnw7nwgxdkaonyi', 'jerseyNumber': 85, 'lastName': 'Brown', 'position': 'WR', 'positionGroup': 'WR', 'shortName': 'N.Brown', 'smartId': '32004252-4f56-7406-27bf-fae9f5eeb8ad', 'status': 'ACT', 'uniformNumber': '85', 'currentTeamId': '2120', 'ngsPosition': 'WR', 'ngsPositionGroup': 'WR'}",Noah Brown,WR,2120,2023,noah brown
6.708163265306122,5.0442734680157,10.001923076923076,3.422396920632551,6.176111111111111,1.1318376430954116,69.23076923076923,24.38241147253169,4,72,104,1014,"{'season': 2023, 'displayName': 'Jaylen Waddle', 'esbId': 'WAD088683', 'firstName': 'Jaylen', 'footballName': 'Jaylen', 'gsisId': '00-0036613', 'gsisItId': 53435, 'headshot': 'https://static.www.nfl.com/image/private/{formatInstructions}/league/qjsz2h6shbdnksctzeka', 'jerseyNumber': 17, 'lastName': 'Waddle', 'position': 'WR', 'positionGroup': 'WR', 'shortName': 'J.Waddle', 'smartId': '32005741-4408-8683-c826-c882ad6fd5c2', 'status': 'ACT', 'uniformNumber': '17', 'currentTeamId': '2700', 'ngsPosition': 'WR', 'ngsPositionGroup': 'WR'}",Jaylen Waddle,WR,2700,2023,jaylen waddle
6.702364864864865,4.702549366044615,7.657134146341463,3.2143896515204062,5.752268907563025,1.0497195415184093,72.5609756097561,31.269796211079893,10,119,164,1515,"{'season': 2023, 'displayName': 'Amon-Ra St. Brown', 'esbId': 'STB415291', 'firstName': 'Amon-Ra', 'footballName': 'Amon-Ra', 'gsisId': '00-0036963', 'gsisItId': 53541, 'headshot': 'https://static.www.nfl.com/image/private/{formatInstructions}/league/ubbam2rpn7xfbhvzvjyn', 'jerseyNumber': 14, 'lastName': 'St. Brown', 'position': 'WR', 'positionGroup': 'WR', 'shortName': 'A.St. Brown', 'smartId': '32005354-4241-5291-a564-57e98d35161d', 'status': 'ACT', 'uniformNumber': '14', 'currentTeamId': '1540', 'ngsPosition': 'WR', 'ngsPositionGroup': 'WR'}",Amon-Ra St. Brown,WR,1540,2023,amon-ra st brown
6.69393442622951,1.9868346562572023,13.43,2.4790105738790205,1.904117647058824,-0.0827170091983786,53.125,17.472653240446167,2,34,64,321,"{'season': 2023, 'displayName': 'Zay Jones', 'esbId': 'JON403726', 'firstName': 'Isaiah', 'footballName': 'Zay', 'gsisId': '00-0033891', 'gsisItId': 44849, 'headshot': 'https://static.www.nfl.com/image/private/{formatInstructions}/league/pbmcmjxxjcrandbjmey7', 'jerseyNumber': 7, 'lastName': 'Jones', 'position': 'WR', 'positionGroup': 'WR', 'shortName': 'Z.Jones', 'smartId': '32004a4f-4e40-3726-920b-837ea00d253e', 'status': 'ACT', 'uniformNumber': '7', 'currentTeamId': '2250', 'ngsPosition': 'WR', 'ngsPositionGroup': 'WR'}",Zay Jones,WR,2250,2023,zay jones
6.691276595744681,2.302662039475264,7.605,2.572043830719545,2.18,-0.122662039475264,68.75,10.025321461723948,0,33,48,273,"{'season': 2023, 'displayName': 'Allen Robinson', 'esbId': 'ROB365982', 'firstName': 'Allen', 'footballName': 'Allen', 'gsisId': '00-0031428', 'gsisItId': 41290, 'headshot': 'https://static.www.nfl.com/image/private/{formatInstructions}/league/tucplhxtb3c626iekuzv', 'jerseyNumber': 11, 'lastName': 'Robinson', 'position': 'WR', 'positionGroup': 'WR', 'shortName': 'A.Robinson', 'smartId': '3200524f-4236-5982-45ce-8ca18ca03af8', 'status': 'ACT', 'uniformNumber': '11', 'currentTeamId': '3900', 'ngsPosition': 'SLOT_WR', 'ngsPositionGroup': 'WR'}",Allen Robinson,WR,3900,2023,allen robinson
6.682815533980583,4.95582791957286,6.757603305785126,3.659598831305704,5.156021505376345,0.2001935858034853,76.85950413223141,20.941519359514828,5,93,121,984,"{'season': 2023, 'displayName': 'Travis Kelce', 'esbId': 'KEL012458', 'firstName': 'Travis', 'footballName': 'Travis', 'gsisId': '00-0030506', 'gsisItId': 40011, 'headshot': 'https://static.www.nfl.com/image/private/{formatInstructions}/league/ryzr3vbragwe50vtj9af', 'jerseyNumber': 87, 'lastName': 'Kelce', 'position': 'TE', 'positionGroup': 'TE', 'shortName': 'T.Kelce', 'smartId': '32004b45-4c01-2458-b7b6-3a14cdb414dd', 'status': 'ACT', 'uniformNumber': '87', 'currentTeamId': '2310', 'ngsPosition': 'SLOT_WR', 'ngsPositionGroup': 'WR'}",Travis Kelce,TE,2310,2023,travis kelce
6.660144927536232,4.6805739228750936,5.503132530120482,2.9058752182169028,5.530508474576273,0.8499345517011792,71.08433734939759,9.937190931301624,3,59,83,592,"{'season': 2023, 'displayName': 'Dallas Goedert', 'esbId': 'GOE595520', 'firstName': 'Dallas', 'footballName': 'Dallas', 'gsisId': '00-0034351', 'gsisItId': 46118, 'headshot': 'https://static.www.nfl.com/image/private/{formatInstructions}/league/flzasty1ea7iswbtd0e5', 'jerseyNumber': 88, 'lastName': 'Goedert', 'position': 'TE', 'positionGroup': 'TE', 'shortName': 'D.Goedert', 'smartId': '3200474f-4559-5520-b7af-5e002aedafbb', 'status': 'ACT', 'uniformNumber': '88', 'currentTeamId': '3700', 'ngsPosition': 'TE', 'ngsPositionGroup': 'TE'}",Dallas Goedert,TE,3700,2023,dallas goedert
6.647090909090909,5.325441756004859,6.078571428571428,3.886262934306904,7.592000000000001,2.266558243995142,71.42857142857143,10.22278708493202,3,50,70,582,"{'season': 2023, 'displayName': 'Jonnu Smith', 'esbId': 'SMI443054', 'firstName': 'Jonnu', 'footballName': 'Jonnu', 'gsisId': '00-0033858', 'gsisItId': 44912, 'headshot': 'https://static.www.nfl.com/image/private/{formatInstructions}/league/hbnnjc8knqoc95vzyol4', 'jerseyNumber': 81, 'lastName': 'Smith', 'position': 'TE', 'positionGroup': 'TE', 'shortName': 'J.Smith', 'smartId': '3200534d-4944-3054-540c-5ec35eb5903e', 'status': 'ACT', 'uniformNumber': '81', 'currentTeamId': '0200', 'ngsPosition': 'SLOT_WR', 'ngsPositionGroup': 'WR'}",Jonnu Smith,TE,200,2023,jonnu smith
6.61875,2.863889600831324,11.215074626865672,2.612631787522305,2.6676923076923087,-0.1961972931390154,58.2089552238806,17.511751641267896,3,39,67,483,"{'season': 2023, 'displayName': 'Tutu Atwell', 'esbId': 'ATW460468', 'firstName': 'Chatarius', 'footballName': 'Tutu', 'gsisId': '00-0036849', 'gsisItId': 53486, 'headshot': 'https://static.www.nfl.com/image/private/{formatInstructions}/league/h0kk3mtoa4xwdw21lty9', 'jerseyNumber': 5, 'lastName': 'Atwell', 'position': 'WR', 'positionGroup': 'WR', 'shortName': 'T.Atwell', 'smartId': '32004154-5746-0468-3028-a14cc41f9cf3', 'status': 'ACT', 'uniformNumber': '5', 'currentTeamId': '2510', 'ngsPosition': 'WR', 'ngsPositionGroup': 'WR'}",Tutu Atwell,WR,2510,2023,tutu atwell
6.603750000000001,4.107798483661812,14.519866666666667,2.821496012206108,3.552826086956522,-0.5549723967052897,61.33333333333333,22.1063102016788,5,46,75,719,"{'season': 2023, 'displayName': 'Rashid Shaheed', 'esbId': 'SHA089447', 'firstName': 'Rashid', 'footballName': 'Rashid', 'gsisId': '00-0037545', 'gsisItId': 55133, 'headshot': 'https://static.www.nfl.com/image/private/{formatInstructions}/league/y96n1bum9eowfxmt1nbg', 'jerseyNumber': 22, 'lastName': 'Shaheed', 'position': 'WR', 'positionGroup': 'WR', 'shortName': 'R.Shaheed', 'smartId': '32005348-4108-9447-3491-eb73ad07ef30', 'status': 'ACT', 'uniformNumber': '22', 'currentTeamId': '3300', 'ngsPosition': 'WR', 'ngsPositionGroup': 'WR'}",Rashid Shaheed,WR,3300,2023,rashid shaheed
6.5816470588235285,5.308712973978235,9.965851063829788,3.4446679619612417,5.59359375,0.2848807760217653,68.08510638297872,19.454043277817,8,64,94,793,"{'season': 2023, 'displayName': 'Jayden Reed', 'esbId': 'REE263142', 'firstName': 'Jayden', 'footballName': 'Jayden', 'gsisId': '00-0039146', 'gsisItId': 55915, 'lastName': 'Reed', 'position': 'WR', 'positionGroup': 'WR', 'shortName': 'J.Reed', 'status': 'ACT', 'headshot': 'https://static.www.nfl.com/image/private/{formatInstructions}/league/hotj0rhtzqtfckgt7xue', 'smartId': '32005245-4526-3142-e96f-a871c08a1138', 'currentTeamId': '1800', 'jerseyNumber': 11, 'uniformNumber': '11', 'ngsPosition': 'SLOT_WR', 'ngsPositionGroup': 'WR'}",Jayden Reed,WR,1800,2023,jayden reed
6.579358974358975,2.754841859450974,12.15658227848101,2.436500003793638,4.522075471698113,1.7672336122471388,67.08860759493672,41.7872845901311,7,106,158,1456,"{'season': 2023, 'displayName': 'A.J. Brown', 'esbId': 'BRO413223', 'firstName': 'Arthur', 'footballName': 'A.J.', 'gsisId': '00-0035676', 'gsisItId': 47834, 'headshot': 'https://static.www.nfl.com/image/private/{formatInstructions}/league/a014sgzctarbvhwb35lw', 'jerseyNumber': 11, 'lastName': 'Brown', 'position': 'WR', 'positionGroup': 'WR', 'shortName': 'A.Brown', 'smartId': '32004252-4f41-3223-e4c5-1e30dffa87f8', 'status': 'ACT', 'uniformNumber': '11', 'currentTeamId': '3700', 'ngsPosition': 'WR', 'ngsPositionGroup': 'WR'}",A.J. Brown,WR,3700,2023,aj brown
6.570744680851064,3.517767338649681,12.5234,2.7057248300904826,4.106176470588236,0.5884091319385547,68.0,26.290719082677818,5,68,100,1074,"{'season': 2023, 'displayName': 'Justin Jefferson', 'esbId': 'JEF269287', 'firstName': 'Justin', 'footballName': 'Justin', 'gsisId': '00-0036322', 'gsisItId': 52430, 'headshot': 'https://static.www.nfl.com/image/private/{formatInstructions}/league/zdstmm4sloqnichybgja', 'jerseyNumber': 18, 'lastName': 'Jefferson', 'position': 'WR', 'positionGroup': 'WR', 'shortName': 'J.Jefferson', 'smartId': '32004a45-4626-9287-c454-479b942cbd26', 'status': 'ACT', 'uniformNumber': '18', 'currentTeamId': '3000', 'ngsPosition': 'WR', 'ngsPositionGroup': 'WR'}",Justin Jefferson,WR,3000,2023,justin jefferson
6.568947368421052,3.6714221989243594,14.374999999999998,2.3708921848523024,4.552784810126583,0.8813626112022241,58.08823529411765,41.25595362450961,13,79,136,1255,"{'season': 2023, 'displayName': 'Mike Evans', 'esbId': 'EVA534309', 'firstName': 'Mike', 'footballName': 'Mike', 'gsisId': '00-0031408', 'gsisItId': 41233, 'headshot': 'https://static.www.nfl.com/image/private/{formatInstructions}/league/w6eq27k2xs8vawwgkzbl', 'jerseyNumber': 13, 'lastName': 'Evans', 'position': 'WR', 'positionGroup': 'WR', 'shortName': 'M.Evans', 'smartId': '32004556-4153-4309-b2ed-6b8233f6fea5', 'status': 'ACT', 'uniformNumber': '13', 'currentTeamId': '4900', 'ngsPosition': 'WR', 'ngsPositionGroup': 'WR'}",Mike Evans,WR,4900,2023,mike evans
6.545,4.285543233297966,12.37746835443038,2.867353654183732,6.171200000000002,1.8856567667020352,63.29113924050633,27.50200396574273,4,50,79,770,"{'season': 2023, 'displayName': 'Darius Slayton', 'esbId': 'SLA500077', 'firstName': 'Darius', 'footballName': 'Darius', 'gsisId': '00-0035535', 'gsisItId': 47954, 'headshot': 'https://static.www.nfl.com/image/private/{formatInstructions}/league/emmy86blz71njkcr496b', 'jerseyNumber': 86, 'lastName': 'Slayton', 'position': 'WR', 'positionGroup': 'WR', 'shortName': 'D.Slayton', 'smartId': '3200534c-4150-0077-315f-47cff2877b23', 'status': 'ACT', 'uniformNumber': '86', 'currentTeamId': '3410', 'ngsPosition': 'WR', 'ngsPositionGroup': 'WR'}",Darius Slayton,WR,3410,2023,darius slayton
6.5016,4.620845476133046,6.52955223880597,3.4357684048952217,4.98468085106383,0.3638353749307841,70.1492537313433,9.232048384475942,4,47,67,452,"{'season': 2023, 'displayName': 'Cade Otton', 'esbId': 'OTT712400', 'firstName': 'Cade', 'footballName': 'Cade', 'gsisId': '00-0038129', 'gsisItId': 54571, 'headshot': 'https://static.www.nfl.com/image/private/{formatInstructions}/league/vchmryh0myuq67t9ei1u', 'jerseyNumber': 88, 'lastName': 'Otton', 'position': 'TE', 'positionGroup': 'TE', 'shortName': 'C.Otton', 'smartId': '32004f54-5471-2400-c87d-346814f25b06', 'status': 'ACT', 'uniformNumber': '88', 'currentTeamId': '4900', 'ngsPosition': 'TE', 'ngsPositionGroup': 'TE'}",Cade Otton,TE,4900,2023,cade otton
6.501518987341774,3.238600483909495,15.063703703703704,2.8100075784507923,4.312222222222221,1.0736217383127262,55.55555555555556,26.05709599712982,7,45,81,746,"{'season': 2023, 'displayName': 'Gabe Davis', 'esbId': 'DAV329675', 'firstName': 'Gabriel', 'footballName': 'Gabe', 'gsisId': '00-0036196', 'gsisItId': 52536, 'headshot': 'https://static.www.nfl.com/image/private/{formatInstructions}/league/q5ofnb6w7gokbggfmbxp', 'jerseyNumber': 13, 'lastName': 'Davis', 'position': 'WR', 'positionGroup': 'WR', 'shortName': 'G.Davis', 'smartId': '32004441-5632-9675-38f5-3e009da4e98e', 'status': 'ACT', 'uniformNumber': '13', 'currentTeamId': '0610', 'ngsPosition': 'WR', 'ngsPositionGroup': 'WR'}",Gabe Davis,WR,610,2023,gabe davis
6.434134615384616,2.4167099140357435,12.408148148148149,2.7593986201497493,3.8542857142857136,1.43757580024997,64.81481481481481,28.13266910608532,10,70,108,911,"{'season': 2023, 'displayName': 'Jordan Addison', 'esbId': 'ADD491056', 'firstName': 'Jordan', 'footballName': 'Jordan', 'gsisId': '00-0038994', 'gsisItId': 55887, 'lastName': 'Addison', 'position': 'WR', 'positionGroup': 'WR', 'shortName': 'J.Addison', 'status': 'ACT', 'headshot': 'https://static.www.nfl.com/image/private/{formatInstructions}/league/zhyhkz6wzwhioemhqgbk', 'smartId': '32004144-4449-1056-9ba9-b09766bad478', 'jerseyNumber': 3, 'uniformNumber': '3', 'currentTeamId': '3000', 'ngsPosition': 'WR', 'ngsPositionGroup': 'WR'}",Jordan Addison,WR,3000,2023,jordan addison
6.417258064516129,3.9465727722914017,6.296666666666667,3.2774368740565443,4.364545454545455,0.4179726822540535,70.51282051282051,11.027387725592863,4,55,78,496,"{'season': 2023, 'displayName': 'Logan Thomas', 'esbId': 'THO296280', 'firstName': 'Logan', 'footballName': 'Logan', 'gsisId': '00-0031260', 'gsisItId': 41349, 'headshot': 'https://static.www.nfl.com/image/private/{formatInstructions}/league/acm0ymhqdzqxdibwjphv', 'jerseyNumber': 82, 'lastName': 'Thomas', 'position': 'TE', 'positionGroup': 'TE', 'shortName': 'L.Thomas', 'smartId': '32005448-4f29-6280-e212-928e7f08f1ce', 'status': 'ACT', 'uniformNumber': '82', 'currentTeamId': '5110', 'ngsPosition': 'SLOT_WR', 'ngsPositionGroup': 'WR'}",Logan Thomas,TE,5110,2023,logan thomas
6.416212121212121,3.64057688110388,10.158823529411766,3.070626674677751,3.0753846153846154,-0.5651922657192645,57.35294117647059,14.577807040312656,3,39,68,385,"{'season': 2023, 'displayName': 'Trey Palmer', 'esbId': 'PAL683280', 'firstName': 'Trey', 'footballName': 'Trey', 'gsisId': '00-0039052', 'gsisItId': 56056, 'lastName': 'Palmer', 'position': 'WR', 'positionGroup': 'WR', 'shortName': 'T.Palmer', 'status': 'ACT', 'headshot': 'https://static.www.nfl.com/image/private/{formatInstructions}/league/avexbxgxqa9zpznbebxs', 'smartId': '32005041-4c68-3280-9744-beeaa584121e', 'jerseyNumber': 10, 'uniformNumber': '10', 'currentTeamId': '4900', 'ngsPosition': 'SLOT_WR', 'ngsPositionGroup': 'WR'}",Trey Palmer,WR,4900,2023,trey palmer
6.401,1.867089416467406,16.26811320754717,2.913774136445268,3.7060714285714296,1.8389820121040237,52.83018867924528,17.90526228350708,5,28,53,422,"{'season': 2023, 'displayName': 'Christian Watson', 'esbId': 'WAT316591', 'firstName': 'Christian', 'footballName': 'Christian', 'gsisId': '00-0038124', 'gsisItId': 54499, 'headshot': 'https://static.www.nfl.com/image/private/{formatInstructions}/league/tpoxhwuhwmbxfossd66s', 'jerseyNumber': 9, 'lastName': 'Watson', 'position': 'WR', 'positionGroup': 'WR', 'shortName': 'C.Watson', 'smartId': '32005741-5431-6591-b680-d3a3d3536d62', 'status': 'ACT', 'uniformNumber': '9', 'currentTeamId': '1800', 'ngsPosition': 'WR', 'ngsPositionGroup': 'WR'}",Christian Watson,WR,1800,2023,christian watson
6.395348837209302,4.3074649168500185,9.390000000000002,3.5799465724612403,4.260000000000001,-0.0474649168500178,77.77777777777779,10.325968754505622,4,35,45,381,"{'season': 2023, 'displayName': 'Nelson Agholor', 'esbId': 'AGH474619', 'firstName': 'Nelson', 'footballName': 'Nelson', 'gsisId': '00-0031549', 'gsisItId': 42363, 'headshot': 'https://static.www.nfl.com/image/private/{formatInstructions}/league/lfc8g0z3wmxowwggvzqh', 'jerseyNumber': 15, 'lastName': 'Agholor', 'position': 'WR', 'positionGroup': 'WR', 'shortName': 'N.Agholor', 'smartId': '32004147-4847-4619-b8a1-bb6c688fe5ac', 'status': 'ACT', 'uniformNumber': '15', 'currentTeamId': '0325', 'ngsPosition': 'SLOT_WR', 'ngsPositionGroup': 'WR'}",Nelson Agholor,WR,325,2023,nelson agholor
6.391794871794872,4.640754739754702,8.0102,3.503700410756127,4.546666666666668,-0.0940880730880344,60.0,9.73953178461217,1,30,50,368,"{'season': 2023, 'displayName': 'Kylen Granson', 'esbId': 'GRA367521', 'firstName': 'Kylen', 'footballName': 'Kylen', 'gsisId': '00-0036876', 'gsisItId': 53556, 'headshot': 'https://static.www.nfl.com/image/private/{formatInstructions}/league/vqpymhfwmfrtlzfpv60p', 'jerseyNumber': 83, 'lastName': 'Granson', 'position': 'TE', 'positionGroup': 'TE', 'shortName': 'K.Granson', 'smartId': '32004752-4136-7521-12e0-76f6488826b0', 'status': 'ACT', 'uniformNumber': '83', 'currentTeamId': '2200', 'ngsPosition': 'TE', 'ngsPositionGroup': 'TE'}",Kylen Granson,TE,2200,2023,kylen granson
6.368977272727273,3.186886052609805,12.706555555555555,2.9192387594368774,3.080508474576272,-0.1063775780335327,65.55555555555556,32.04859456884231,10,59,90,772,"{'season': 2023, 'displayName': 'Courtland Sutton', 'esbId': 'SUT333526', 'firstName': 'Courtland', 'footballName': 'Courtland', 'gsisId': '00-0034348', 'gsisItId': 46109, 'headshot': 'https://static.www.nfl.com/image/private/{formatInstructions}/league/uusaguvnkfv2gt7goale', 'jerseyNumber': 14, 'lastName': 'Sutton', 'position': 'WR', 'positionGroup': 'WR', 'shortName': 'C.Sutton', 'smartId': '32005355-5433-3526-b2bf-88d6b83781c0', 'status': 'ACT', 'uniformNumber': '14', 'currentTeamId': '1400', 'ngsPosition': 'WR', 'ngsPositionGroup': 'WR'}",Courtland Sutton,WR,1400,2023,courtland sutton
6.355957446808511,6.544876055216359,4.994411764705883,4.154307669667891,8.406455696202531,1.8615796409861725,77.45098039215686,13.0471195070354,7,79,102,938,"{'season': 2023, 'displayName': 'Rashee Rice', 'esbId': 'RIC152916', 'firstName': 'Rashee', 'footballName': 'Rashee', 'gsisId': '00-0039067', 'gsisItId': 55920, 'lastName': 'Rice', 'position': 'WR', 'positionGroup': 'WR', 'shortName': 'R.Rice', 'status': 'ACT', 'headshot': 'https://static.www.nfl.com/image/private/{formatInstructions}/league/zjgi60dvmj5ogvanp201', 'smartId': '32005249-4315-2916-ce74-9a69e469f940', 'currentTeamId': '2310', 'jerseyNumber': 4, 'uniformNumber': '4', 'ngsPosition': 'WR', 'ngsPositionGroup': 'WR'}",Rashee Rice,WR,2310,2023,rashee rice
6.327870370370371,2.754265736881031,11.36718181818182,2.2239363759101027,3.037101449275362,0.282835712394331,62.727272727272734,30.041059325800585,2,69,110,905,"{'season': 2023, 'displayName': 'Drake London', 'esbId': 'LON013463', 'firstName': 'Drake', 'footballName': 'Drake', 'gsisId': '00-0037238', 'gsisItId': 54473, 'headshot': 'https://static.www.nfl.com/image/private/{formatInstructions}/league/rrwzcsvsfqq9xptp8o48', 'jerseyNumber': 5, 'lastName': 'London', 'position': 'WR', 'positionGroup': 'WR', 'shortName': 'D.London', 'smartId': '32004c4f-4e01-3463-a3e9-f95e800c8bba', 'status': 'ACT', 'uniformNumber': '5', 'currentTeamId': '0200', 'ngsPosition': 'WR', 'ngsPositionGroup': 'WR'}",Drake London,WR,200,2023,drake london
6.30520325203252,4.513196068744899,7.6350364963503665,2.887600371046619,3.4421359223300967,-1.0710601464148026,75.18248175182481,26.349465453482868,4,103,137,1014,"{'season': 2023, 'displayName': 'Adam Thielen', 'esbId': 'THI510348', 'firstName': 'Adam', 'footballName': 'Adam', 'gsisId': '00-0030035', 'gsisItId': 40488, 'headshot': 'https://static.www.nfl.com/image/private/{formatInstructions}/league/kmldtl8p9h7h5dzvkwsw', 'jerseyNumber': 19, 'lastName': 'Thielen', 'position': 'WR', 'positionGroup': 'WR', 'shortName': 'A.Thielen', 'smartId': '32005448-4951-0348-440c-28f32f21652b', 'status': 'ACT', 'uniformNumber': '19', 'currentTeamId': '0750', 'ngsPosition': 'SLOT_WR', 'ngsPositionGroup': 'WR'}",Adam Thielen,WR,750,2023,adam thielen
6.304736842105264,3.7983991775846415,5.111199999999999,3.0683933297976207,4.068205128205128,0.2698059506204866,78.0,6.812099499941354,1,39,50,352,"{'season': 2023, 'displayName': 'Tanner Hudson', 'esbId': 'HUD753368', 'firstName': 'Tanner', 'footballName': 'Tanner', 'gsisId': '00-0034613', 'gsisItId': 46797, 'headshot': 'https://static.www.nfl.com/image/private/{formatInstructions}/league/dcrfuiyknwrwxsjsjf9q', 'jerseyNumber': 87, 'lastName': 'Hudson', 'position': 'TE', 'positionGroup': 'TE', 'shortName': 'T.Hudson', 'smartId': '32004855-4475-3368-5306-edfb2fda948f', 'status': 'ACT', 'uniformNumber': '87', 'currentTeamId': '0920', 'ngsPosition': 'SLOT_WR', 'ngsPositionGroup': 'WR'}",Tanner Hudson,TE,920,2023,tanner hudson
6.3046938775510215,2.301296873140357,12.02795918367347,2.209960657840716,2.4143478260869577,0.1130509529466006,46.93877551020408,15.389214989973263,1,23,49,311,"{'season': 2023, 'displayName': 'Allen Lazard', 'esbId': 'LAZ043714', 'firstName': 'Allen', 'footballName': 'Allen', 'gsisId': '00-0034521', 'gsisItId': 46705, 'headshot': 'https://static.www.nfl.com/image/private/{formatInstructions}/league/blrzk3bfnpneuyhsqiqg', 'jerseyNumber': 10, 'lastName': 'Lazard', 'position': 'WR', 'positionGroup': 'WR', 'shortName': 'A.Lazard', 'smartId': '32004c41-5a04-3714-cfb7-872b20b0ce13', 'status': 'ACT', 'uniformNumber': '10', 'currentTeamId': '3430', 'ngsPosition': 'WR', 'ngsPositionGroup': 'WR'}",Allen Lazard,WR,3430,2023,allen lazard
6.301454545454545,2.8111865367577447,12.617894736842103,2.648813238559937,3.98108108108108,1.169894544323335,64.91228070175438,18.301089332379966,3,37,57,561,"{'season': 2023, 'displayName': 'Michael Wilson', 'esbId': 'WIL752419', 'firstName': 'Michael', 'footballName': 'Michael', 'gsisId': '00-0038559', 'gsisItId': 55959, 'lastName': 'Wilson', 'position': 'WR', 'positionGroup': 'WR', 'shortName': 'M.Wilson', 'status': 'ACT', 'headshot': 'https://static.www.nfl.com/image/private/{formatInstructions}/league/o5sshsrygioektzjsahk', 'smartId': '32005749-4c75-2419-b58e-7c21d98d871e', 'currentTeamId': '3800', 'jerseyNumber': 14, 'uniformNumber': '14', 'ngsPosition': 'WR', 'ngsPositionGroup': 'WR'}",Michael Wilson,WR,3800,2023,michael wilson
6.290930232558139,4.314998608790422,13.260652173913044,2.9562174364804776,4.053793103448276,-0.2612055053421462,63.04347826086957,37.14807709874853,5,87,138,1123,"{'season': 2023, 'displayName': 'Chris Olave', 'esbId': 'OLA659325', 'firstName': 'Chris', 'footballName': 'Chris', 'gsisId': '00-0037239', 'gsisItId': 54476, 'headshot': 'https://static.www.nfl.com/image/private/{formatInstructions}/league/vtfhbyz1ofg6cgxxulw4', 'jerseyNumber': 12, 'lastName': 'Olave', 'position': 'WR', 'positionGroup': 'WR', 'shortName': 'C.Olave', 'smartId': '32004f4c-4165-9325-c259-01a521202e2f', 'status': 'ACT', 'uniformNumber': '12', 'currentTeamId': '3300', 'ngsPosition': 'WR', 'ngsPositionGroup': 'WR'}",Chris Olave,WR,3300,2023,chris olave
6.277875000000001,3.028386969329432,11.448666666666666,2.3743245905439214,2.84188679245283,-0.1865001768766014,58.88888888888889,24.755241731074623,3,53,90,667,"{'season': 2023, 'displayName': 'Kyle Pitts', 'esbId': 'PIT516805', 'firstName': 'Kyle', 'footballName': 'Kyle', 'gsisId': '00-0036970', 'gsisItId': 53433, 'headshot': 'https://static.www.nfl.com/image/private/{formatInstructions}/league/bimlwqd3sdzuhddiqgff', 'jerseyNumber': 8, 'lastName': 'Pitts', 'position': 'TE', 'positionGroup': 'TE', 'shortName': 'K.Pitts', 'smartId': '32005049-5451-6805-5aec-d4afcbd52e25', 'status': 'ACT', 'uniformNumber': '8', 'currentTeamId': '0200', 'ngsPosition': 'SLOT_WR', 'ngsPositionGroup': 'WR'}",Kyle Pitts,TE,200,2023,kyle pitts
6.275075757575758,4.328296013823823,11.488823529411766,2.737857989088662,5.904062500000001,1.5757664861761782,70.58823529411765,41.504762815506645,8,96,136,1364,"{'season': 2023, 'displayName': 'D.J. Moore', 'esbId': 'MOO272423', 'firstName': 'Denniston', 'footballName': 'D.J.', 'gsisId': '00-0034827', 'gsisItId': 46093, 'headshot': 'https://static.www.nfl.com/image/private/{formatInstructions}/league/fuhd1intilojmnbx7wjq', 'jerseyNumber': 2, 'lastName': 'Moore', 'position': 'WR', 'positionGroup': 'WR', 'shortName': 'D.Moore', 'smartId': '32004d4f-4f27-2423-f0b4-728a741b03cb', 'status': 'ACT', 'uniformNumber': '2', 'currentTeamId': '0810', 'ngsPosition': 'WR', 'ngsPositionGroup': 'WR'}",D.J. Moore,WR,810,2023,dj moore
6.261833333333335,4.538782680184086,7.649459459459459,2.943662681780704,4.318461538461539,-0.2203211417225477,70.27027027027027,15.920910152020138,1,52,74,552,"{'season': 2023, 'displayName': 'Darren Waller', 'esbId': 'WAL509040', 'firstName': 'Darren', 'footballName': 'Darren', 'gsisId': '00-0031610', 'gsisItId': 42547, 'headshot': 'https://static.www.nfl.com/image/private/{formatInstructions}/league/qqzht46a66zbi9xyylf4', 'jerseyNumber': 12, 'lastName': 'Waller', 'position': 'TE', 'positionGroup': 'TE', 'shortName': 'D.Waller', 'smartId': '32005741-4c50-9040-67d6-042691fb535a', 'status': 'ACT', 'uniformNumber': '12', 'currentTeamId': '3410', 'ngsPosition': 'SLOT_WR', 'ngsPositionGroup': 'WR'}",Darren Waller,TE,3410,2023,darren waller
6.260967741935484,5.374312893558835,5.5282857142857145,3.678278588671004,5.460851063829787,0.086538170270952,67.14285714285714,9.018641820228437,2,47,70,495,"{'season': 2023, 'displayName': 'Tyler Higbee', 'esbId': 'HIG033222', 'firstName': 'Tyler', 'footballName': 'Tyler', 'gsisId': '00-0033110', 'gsisItId': 43399, 'headshot': 'https://static.www.nfl.com/image/private/{formatInstructions}/league/vk9c6lr4d1pdt9sr86ua', 'jerseyNumber': 89, 'lastName': 'Higbee', 'position': 'TE', 'positionGroup': 'TE', 'shortName': 'T.Higbee', 'smartId': '32004849-4703-3222-e4e8-bd596550bfdb', 'status': 'ACT', 'uniformNumber': '89', 'currentTeamId': '2510', 'ngsPosition': 'TE', 'ngsPositionGroup': 'TE'}",Tyler Higbee,TE,2510,2023,tyler higbee
6.241076923076923,3.4087338932165405,15.014923076923075,2.1531582713154367,3.371249999999999,-0.0374838932165415,49.23076923076923,23.733466919247807,2,32,65,514,"{'season': 2023, 'displayName': 'Alec Pierce', 'esbId': 'PIE185673', 'firstName': 'Alec', 'footballName': 'Alec', 'gsisId': '00-0037664', 'gsisItId': 54518, 'headshot': 'https://static.www.nfl.com/image/private/{formatInstructions}/league/ya4sqdf9lzrm4ql8eywi', 'jerseyNumber': 14, 'lastName': 'Pierce', 'position': 'WR', 'positionGroup': 'WR', 'shortName': 'A.Pierce', 'smartId': '32005049-4518-5673-88cc-339d3b35d4c9', 'status': 'ACT', 'uniformNumber': '14', 'currentTeamId': '2200', 'ngsPosition': 'WR', 'ngsPositionGroup': 'WR'}",Alec Pierce,WR,2200,2023,alec pierce
6.225844155844157,2.5458696226366526,13.360875000000002,2.6307468618744485,2.42037037037037,-0.1254992522662825,66.66666666666666,22.295204383657644,8,54,81,657,"{'season': 2023, 'displayName': 'Brandin Cooks', 'esbId': 'COO299382', 'firstName': 'Brandin', 'footballName': 'Brandin', 'gsisId': '00-0031236', 'gsisItId': 41246, 'headshot': 'https://static.www.nfl.com/image/private/{formatInstructions}/league/wy6qidqm8jjp6buvu3lp', 'jerseyNumber': 3, 'lastName': 'Cooks', 'position': 'WR', 'positionGroup': 'WR', 'shortName': 'B.Cooks', 'smartId': '3200434f-4f29-9382-29e1-70020b0a09be', 'status': 'ACT', 'uniformNumber': '3', 'currentTeamId': '1200', 'ngsPosition': 'WR', 'ngsPositionGroup': 'WR'}",Brandin Cooks,WR,1200,2023,brandin cooks
6.220818181818182,4.30911290606087,4.732657342657341,3.385566452289672,4.796666666666666,0.4875537606057962,79.72027972027972,13.757640931609208,4,114,143,963,"{'season': 2023, 'displayName': 'Evan Engram', 'esbId': 'ENG726325', 'firstName': 'Evan', 'footballName': 'Evan', 'gsisId': '00-0033881', 'gsisItId': 44835, 'headshot': 'https://static.www.nfl.com/image/private/{formatInstructions}/league/adr65rbw956sxntlph8a', 'jerseyNumber': 17, 'lastName': 'Engram', 'position': 'TE', 'positionGroup': 'TE', 'shortName': 'E.Engram', 'smartId': '3200454e-4772-6325-a4a0-9b4b442fe68a', 'status': 'ACT', 'uniformNumber': '17', 'currentTeamId': '2250', 'ngsPosition': 'SLOT_WR', 'ngsPositionGroup': 'WR'}",Evan Engram,TE,2250,2023,evan engram
6.17345238095238,4.364936336585179,10.28376470588235,2.76853596969463,3.695813953488373,-0.6691223830968065,50.588235294117645,22.01968904607881,0,43,85,418,"{'season': 2023, 'displayName': 'Jonathan Mingo', 'esbId': 'MIN170999', 'firstName': 'Jonathan', 'footballName': 'Jonathan', 'gsisId': '00-0039062', 'gsisItId': 55904, 'lastName': 'Mingo', 'position': 'WR', 'positionGroup': 'WR', 'shortName': 'J.Mingo', 'status': 'ACT', 'headshot': 'https://static.www.nfl.com/image/private/{formatInstructions}/league/ie1yo3orpq0mqemptnko', 'smartId': '32004d49-4e17-0999-c137-d684c1d1ab38', 'jerseyNumber': 15, 'uniformNumber': '15', 'currentTeamId': '0750', 'ngsPosition': 'WR', 'ngsPositionGroup': 'WR'}",Jonathan Mingo,WR,750,2023,jonathan mingo
6.135444444444445,3.419008793415187,6.739693877551019,3.093340407220002,4.486567164179106,1.067558370763919,68.36734693877551,17.60574267771273,2,67,98,667,"{'season': 2023, 'displayName': 'Tyler Boyd', 'esbId': 'BOY378353', 'firstName': 'Tyler', 'footballName': 'Tyler', 'gsisId': '00-0033009', 'gsisItId': 43344, 'headshot': 'https://static.www.nfl.com/image/private/{formatInstructions}/league/vconwllovf9jqxpu9mow', 'jerseyNumber': 83, 'lastName': 'Boyd', 'position': 'WR', 'positionGroup': 'WR', 'shortName': 'T.Boyd', 'smartId': '3200424f-5937-8353-b941-dfa7122ba16b', 'status': 'ACT', 'uniformNumber': '83', 'currentTeamId': '0920', 'ngsPosition': 'SLOT_WR', 'ngsPositionGroup': 'WR'}",Tyler Boyd,WR,920,2023,tyler boyd
6.134736842105264,2.9070451469240584,10.862105263157892,2.3062134999520603,3.130588235294118,0.2235430883700595,59.64912280701754,12.91443565830998,2,34,57,418,"{'season': 2023, 'displayName': 'Michael Gallup', 'esbId': 'GAL779981', 'firstName': 'Michael', 'footballName': 'Michael', 'gsisId': '00-0034764', 'gsisItId': 46150, 'headshot': 'https://static.www.nfl.com/image/private/{formatInstructions}/league/tt9xpcg4x2z3osc1fcq6', 'jerseyNumber': 13, 'lastName': 'Gallup', 'position': 'WR', 'positionGroup': 'WR', 'shortName': 'M.Gallup', 'smartId': '32004741-4c77-9981-95e1-30b1c57c6002', 'status': 'ACT', 'uniformNumber': '13', 'currentTeamId': '1200', 'ngsPosition': 'WR', 'ngsPositionGroup': 'WR'}",Michael Gallup,WR,1200,2023,michael gallup
6.089431818181819,5.090553474486415,6.937244897959182,3.252041622825177,5.655147058823529,0.5645935843371142,69.38775510204081,16.53247280659305,2,68,98,771,"{'season': 2023, 'displayName': 'Josh Downs', 'esbId': 'DOW686145', 'firstName': 'Joshua', 'footballName': 'Josh', 'gsisId': '00-0038997', 'gsisItId': 55944, 'lastName': 'Downs', 'position': 'WR', 'positionGroup': 'WR', 'shortName': 'J.Downs', 'status': 'ACT', 'headshot': 'https://static.www.nfl.com/image/private/{formatInstructions}/league/wdrwbumtvwv8s9te8wof', 'smartId': '3200444f-5768-6145-dd60-3fbae406310a', 'currentTeamId': '2200', 'jerseyNumber': 1, 'uniformNumber': '1', 'ngsPosition': 'SLOT_WR', 'ngsPositionGroup': 'WR'}",Josh Downs,WR,2200,2023,josh downs
6.0782089552238805,3.2215256877116474,13.080895522388062,2.384421087404164,3.8905263157894736,0.6690006280778262,56.71641791044776,18.60049535104345,2,38,67,431,"{'season': 2023, 'displayName': 'Quentin Johnston', 'esbId': 'JOH823261', 'firstName': 'Quentin', 'footballName': 'Quentin', 'gsisId': '00-0038544', 'gsisItId': 55885, 'lastName': 'Johnston', 'position': 'WR', 'positionGroup': 'WR', 'shortName': 'Q.Johnston', 'status': 'ACT', 'headshot': 'https://static.www.nfl.com/image/private/{formatInstructions}/league/eamj83siagr6rba0epv0', 'smartId': '32004a4f-4882-3261-dcd8-a43c8f7c5608', 'jerseyNumber': 1, 'uniformNumber': '1', 'currentTeamId': '4400', 'ngsPosition': 'WR', 'ngsPositionGroup': 'WR'}",Quentin Johnston,WR,4400,2023,quentin johnston
6.069625,4.48580771504612,9.938823529411769,3.1287428175873155,4.696666666666665,0.2108589516205459,67.05882352941175,17.173419417266526,3,57,85,787,"{'season': 2023, 'displayName': 'Christian Kirk', 'esbId': 'KIR257918', 'firstName': 'Christian', 'footballName': 'Christian', 'gsisId': '00-0034775', 'gsisItId': 46116, 'headshot': 'https://static.www.nfl.com/image/private/{formatInstructions}/league/ersmmtjmjlpsy9lmjvde', 'jerseyNumber': 13, 'lastName': 'Kirk', 'position': 'WR', 'positionGroup': 'WR', 'shortName': 'C.Kirk', 'smartId': '32004b49-5225-7918-e402-81feed3bdafb', 'status': 'ACT', 'uniformNumber': '13', 'currentTeamId': '2250', 'ngsPosition': 'SLOT_WR', 'ngsPositionGroup': 'WR'}",Christian Kirk,WR,2250,2023,christian kirk
6.065569620253164,4.331444572997653,5.867582417582418,3.8297439689369206,4.487123287671233,0.1556787146735798,80.21978021978022,11.40275571045393,2,73,91,673,"{'season': 2023, 'displayName': 'Dalton Kincaid', 'esbId': 'KIN069130', 'firstName': 'Dalton', 'footballName': 'Dalton', 'gsisId': '00-0038933', 'gsisItId': 55889, 'lastName': 'Kincaid', 'position': 'TE', 'positionGroup': 'TE', 'shortName': 'D.Kincaid', 'status': 'ACT', 'headshot': 'https://static.www.nfl.com/image/private/{formatInstructions}/league/gc2do3ceqflw2axa6xii', 'smartId': '32004b49-4e06-9130-e563-7edd228031c8', 'jerseyNumber': 86, 'uniformNumber': '86', 'currentTeamId': '0610', 'ngsPosition': 'SLOT_WR', 'ngsPositionGroup': 'WR'}",Dalton Kincaid,TE,610,2023,dalton kincaid
6.064591836734693,3.803695691253705,11.86178217821782,2.5148956893887444,3.385294117647059,-0.4184015736066464,50.495049504950494,30.485021361703645,4,51,101,574,"{'season': 2023, 'displayName': 'Marquise Brown', 'esbId': 'BRO413218', 'firstName': 'Marquise', 'footballName': 'Marquise', 'gsisId': '00-0035662', 'gsisItId': 47808, 'headshot': 'https://static.www.nfl.com/image/private/{formatInstructions}/league/wgxeuyqliuweurzeigyh', 'jerseyNumber': 2, 'lastName': 'Brown', 'position': 'WR', 'positionGroup': 'WR', 'shortName': 'M.Brown', 'smartId': '32004252-4f41-3218-bf76-54f4042e0396', 'status': 'ACT', 'uniformNumber': '2', 'currentTeamId': '3800', 'ngsPosition': 'WR', 'ngsPositionGroup': 'WR'}",Marquise Brown,WR,3800,2023,marquise brown
6.016346153846153,2.169186276259836,8.838524590163933,2.3545327314122955,2.106428571428572,-0.0627577048312635,68.85245901639344,13.7229498933522,6,42,61,419,"{'season': 2023, 'displayName': 'Hunter Henry', 'esbId': 'HEN617052', 'firstName': 'Hunter', 'footballName': 'Hunter', 'gsisId': '00-0033090', 'gsisItId': 43324, 'headshot': 'https://static.www.nfl.com/image/private/{formatInstructions}/league/sdjob9akppefyo7py5tj', 'jerseyNumber': 85, 'lastName': 'Henry', 'position': 'TE', 'positionGroup': 'TE', 'shortName': 'H.Henry', 'smartId': '32004845-4e61-7052-805d-daad1175a3b2', 'status': 'ACT', 'uniformNumber': '85', 'currentTeamId': '3200', 'ngsPosition': 'TE', 'ngsPositionGroup': 'TE'}",Hunter Henry,TE,3200,2023,hunter henry
6.009183673469387,3.2326761635915813,17.542307692307695,2.480391722434109,2.281153846153846,-0.9515223174377354,50.0,23.362547188657317,3,26,52,449,"{'season': 2023, 'displayName': 'Justin Watson', 'esbId': 'WAT441238', 'firstName': 'Justin', 'footballName': 'Justin', 'gsisId': '00-0034386', 'gsisItId': 46213, 'headshot': 'https://static.www.nfl.com/image/private/{formatInstructions}/league/vr9tayyujt23takv3hv3', 'jerseyNumber': 84, 'lastName': 'Watson', 'position': 'WR', 'positionGroup': 'WR', 'shortName': 'J.Watson', 'smartId': '32005741-5444-1238-2d2d-798b898e0b8e', 'status': 'ACT', 'uniformNumber': '84', 'currentTeamId': '2310', 'ngsPosition': 'WR', 'ngsPositionGroup': 'WR'}",Justin Watson,WR,2310,2023,justin watson
5.996315789473686,4.402659577029722,8.9824375,2.890085917127662,6.342952380952381,1.9402928039226597,65.625,33.493983765605726,6,105,160,1486,"{'season': 2023, 'displayName': 'Puka Nacua', 'esbId': 'NAC559347', 'firstName': 'Puka', 'footballName': 'Puka', 'gsisId': '00-0039075', 'gsisItId': 56042, 'lastName': 'Nacua', 'position': 'WR', 'positionGroup': 'WR', 'shortName': 'P.Nacua', 'status': 'ACT', 'headshot': 'https://static.www.nfl.com/image/private/{formatInstructions}/league/br1ovzclyrebrec6q0mp', 'smartId': '32004e41-4355-9347-35af-af88fcaf7ee9', 'jerseyNumber': 17, 'uniformNumber': '17', 'currentTeamId': '2510', 'ngsPosition': 'WR', 'ngsPositionGroup': 'WR'}",Puka Nacua,WR,2510,2023,puka nacua
5.9833009708737865,3.789140176613115,7.235826771653542,3.0763958807720653,3.886315789473685,0.0971756128605698,74.80314960629921,19.291770845798087,5,95,127,960,"{'season': 2023, 'displayName': 'T.J. Hockenson', 'esbId': 'HOC422041', 'firstName': 'Thomas', 'footballName': 'T.J.', 'gsisId': '00-0035229', 'gsisItId': 47791, 'headshot': 'https://static.www.nfl.com/image/private/{formatInstructions}/league/exbnbnkgkhp9tlt10wig', 'jerseyNumber': 87, 'lastName': 'Hockenson', 'position': 'TE', 'positionGroup': 'TE', 'shortName': 'T.Hockenson', 'smartId': '3200484f-4342-2041-c442-6c874885b155', 'status': 'ACT', 'uniformNumber': '87', 'currentTeamId': '3000', 'ngsPosition': 'TE', 'ngsPositionGroup': 'TE'}",T.J. Hockenson,TE,3000,2023,tj hockenson
5.97304347826087,4.224486256767024,6.715747126436782,3.450107991712769,4.45655737704918,0.2320711202821561,70.11494252873564,15.256047376336909,0,61,87,621,"{'season': 2023, 'displayName': 'Tyler Conklin', 'esbId': 'CON185250', 'firstName': 'Tyler', 'footballName': 'Tyler', 'gsisId': '00-0034270', 'gsisItId': 46226, 'headshot': 'https://static.www.nfl.com/image/private/{formatInstructions}/league/fwuvfpsd7hbtqwlcxtn7', 'jerseyNumber': 83, 'lastName': 'Conklin', 'position': 'TE', 'positionGroup': 'TE', 'shortName': 'T.Conklin', 'smartId': '3200434f-4e18-5250-1988-fe7b6c249df3', 'status': 'ACT', 'uniformNumber': '83', 'currentTeamId': '3430', 'ngsPosition': 'TE', 'ngsPositionGroup': 'WR'}",Tyler Conklin,TE,3430,2023,tyler conklin
5.956666666666667,3.662347535536816,10.102187499999998,2.811148861145204,3.961495327102804,0.2991477915659875,66.875,34.51792151435941,8,107,160,1183,"{'season': 2023, 'displayName': 'Stefon Diggs', 'esbId': 'DIG218895', 'firstName': 'Stefon', 'footballName': 'Stefon', 'gsisId': '00-0031588', 'gsisItId': 42489, 'headshot': 'https://static.www.nfl.com/image/private/{formatInstructions}/league/zf6nbnzcfzu4y7yq2nzk', 'jerseyNumber': 14, 'lastName': 'Diggs', 'position': 'WR', 'positionGroup': 'WR', 'shortName': 'S.Diggs', 'smartId': '32004449-4721-8895-fc23-d2bf4c921bd4', 'status': 'ACT', 'uniformNumber': '14', 'currentTeamId': '0610', 'ngsPosition': 'WR', 'ngsPositionGroup': 'WR'}",Stefon Diggs,WR,610,2023,stefon diggs
5.940675675675675,3.4750294206585552,13.09407894736842,2.328017205533884,5.437380952380955,1.9623515317223996,55.26315789473685,26.526298393201746,5,42,76,656,"{'season': 2023, 'displayName': 'Tee Higgins', 'esbId': 'HIG387791', 'firstName': 'Tamaurice', 'footballName': 'Tee', 'gsisId': '00-0036410', 'gsisItId': 52441, 'headshot': 'https://static.www.nfl.com/image/private/{formatInstructions}/league/fkpf9urirrkqkln7d2n9', 'jerseyNumber': 5, 'lastName': 'Higgins', 'position': 'WR', 'positionGroup': 'WR', 'shortName': 'T.Higgins', 'smartId': '32004849-4738-7791-9f89-d556c4b59b9a', 'status': 'ACT', 'uniformNumber': '5', 'currentTeamId': '0920', 'ngsPosition': 'WR', 'ngsPositionGroup': 'WR'}",Tee Higgins,WR,920,2023,tee higgins
5.938473282442748,4.346315288918142,8.601310344827585,3.196106564382458,5.5698,1.2234847110818583,68.96551724137932,33.244570258772335,7,100,145,1216,"{'season': 2023, 'displayName': ""Ja'Marr Chase"", 'esbId': 'CHA694469', 'firstName': ""Ja'Marr"", 'footballName': ""Ja'Marr"", 'gsisId': '00-0036900', 'gsisItId': 53434, 'headshot': 'https://static.www.nfl.com/image/private/{formatInstructions}/league/xqhrnv1bfpl2zmhpqobq', 'jerseyNumber': 1, 'lastName': 'Chase', 'position': 'WR', 'positionGroup': 'WR', 'shortName': 'J.Chase', 'smartId': '32004348-4169-4469-b021-d2c20a7d7cf5', 'status': 'ACT', 'uniformNumber': '1', 'currentTeamId': '0920', 'ngsPosition': 'WR', 'ngsPositionGroup': 'WR'}",Ja'Marr Chase,WR,920,2023,ja'marr chase
5.935892857142855,4.945532954593304,3.962857142857143,3.984096198460132,5.588431372549021,0.6428984179557169,72.85714285714285,5.887334166700271,3,51,70,411,"{'season': 2023, 'displayName': 'Gerald Everett', 'esbId': 'EVE166115', 'firstName': 'Gerald', 'footballName': 'Gerald', 'gsisId': '00-0033895', 'gsisItId': 44856, 'headshot': 'https://static.www.nfl.com/image/private/{formatInstructions}/league/te11unippqhdc6auox6i', 'jerseyNumber': 7, 'lastName': 'Everett', 'position': 'TE', 'positionGroup': 'TE', 'shortName': 'G.Everett', 'smartId': '32004556-4516-6115-f11c-124334bc44da', 'status': 'ACT', 'uniformNumber': '7', 'currentTeamId': '4400', 'ngsPosition': 'TE', 'ngsPositionGroup': 'WR'}",Gerald Everett,TE,4400,2023,gerald everett
5.909999999999999,4.722360336693859,10.59934426229508,3.0754228055485706,6.174838709677419,1.4524783729835606,50.81967213114754,17.174824283186965,1,31,61,414,"{'season': 2023, 'displayName': 'Darnell Mooney', 'esbId': 'MOO076900', 'firstName': 'Darnell', 'footballName': 'Darnell', 'gsisId': '00-0036309', 'gsisItId': 52581, 'headshot': 'https://static.www.nfl.com/image/private/{formatInstructions}/league/hjileqykzauyoeqovatm', 'jerseyNumber': 11, 'lastName': 'Mooney', 'position': 'WR', 'positionGroup': 'WR', 'shortName': 'D.Mooney', 'smartId': '32004d4f-4f07-6900-2883-f3ddae0181d4', 'status': 'ACT', 'uniformNumber': '11', 'currentTeamId': '0810', 'ngsPosition': 'SLOT_WR', 'ngsPositionGroup': 'WR'}",Darnell Mooney,WR,810,2023,darnell mooney
5.904,2.606293386064356,12.163854166666669,2.7151352640385693,2.398644067796609,-0.2076493182677468,61.458333333333336,24.24990654981933,8,59,96,674,"{'season': 2023, 'displayName': 'Romeo Doubs', 'esbId': 'DOU043165', 'firstName': 'Romeo', 'footballName': 'Romeo', 'gsisId': '00-0037816', 'gsisItId': 54597, 'headshot': 'https://static.www.nfl.com/image/private/{formatInstructions}/league/pk4dvgjaicaupntsdnnp', 'jerseyNumber': 87, 'lastName': 'Doubs', 'position': 'WR', 'positionGroup': 'WR', 'shortName': 'R.Doubs', 'smartId': '3200444f-5504-3165-5639-a63528da6f6e', 'status': 'ACT', 'uniformNumber': '87', 'currentTeamId': '1800', 'ngsPosition': 'WR', 'ngsPositionGroup': 'WR'}",Romeo Doubs,WR,1800,2023,romeo doubs
5.884931506849315,3.734539317801738,8.998666666666667,3.273960466134413,3.967708333333334,0.2331690155315957,64.0,14.168361873691856,3,48,75,540,"{'season': 2023, 'displayName': 'K.J. Osborn', 'esbId': 'OSB109755', 'firstName': 'K.J.', 'footballName': 'K.J.', 'gsisId': '00-0036345', 'gsisItId': 52584, 'headshot': 'https://static.www.nfl.com/image/private/{formatInstructions}/league/rbgsvh08nmm29gaiw7pr', 'jerseyNumber': 17, 'lastName': 'Osborn', 'position': 'WR', 'positionGroup': 'WR', 'shortName': 'K.Osborn', 'smartId': '32004f53-4210-9755-4136-372d9f443611', 'status': 'ACT', 'uniformNumber': '17', 'currentTeamId': '3000', 'ngsPosition': 'WR', 'ngsPositionGroup': 'WR'}",K.J. Osborn,WR,3000,2023,kj osborn
5.842929292929293,3.5326838418786606,7.0575,3.386217569938869,4.3477906976744185,0.8151068557957579,71.66666666666667,21.08856750134464,10,86,120,889,"{'season': 2023, 'displayName': 'Sam LaPorta', 'esbId': 'LAP640235', 'firstName': 'Sam', 'footballName': 'Sam', 'gsisId': '00-0039065', 'gsisItId': 55899, 'lastName': 'LaPorta', 'position': 'TE', 'positionGroup': 'TE', 'shortName': 'S.LaPorta', 'status': 'ACT', 'headshot': 'https://static.www.nfl.com/image/private/{formatInstructions}/league/svqsmqhfemrnxcheh0ev', 'smartId': '32004c41-5064-0235-3970-b5e5514839fc', 'jerseyNumber': 87, 'uniformNumber': '87', 'currentTeamId': '1540', 'ngsPosition': 'TE', 'ngsPositionGroup': 'TE'}",Sam LaPorta,TE,1540,2023,sam laporta
5.841272727272728,3.882395272665118,10.968363636363636,1.994365960655412,4.203333333333333,0.3209380606682153,60.0,15.354737554787445,0,33,55,394,"{'season': 2023, 'displayName': 'DeVante Parker', 'esbId': 'PAR226609', 'firstName': 'DeVante', 'footballName': 'DeVante', 'gsisId': '00-0031547', 'gsisItId': 42357, 'headshot': 'https://static.www.nfl.com/image/private/{formatInstructions}/league/beuyfjou6kckaoqqpa96', 'jerseyNumber': 1, 'lastName': 'Parker', 'position': 'WR', 'positionGroup': 'WR', 'shortName': 'D.Parker', 'smartId': '32005041-5222-6609-dc38-38b3aae27410', 'status': 'ACT', 'uniformNumber': '1', 'currentTeamId': '3200', 'ngsPosition': 'WR', 'ngsPositionGroup': 'WR'}",DeVante Parker,WR,3200,2023,devante parker
5.8057943925233655,4.526998694530239,11.175321100917431,3.0195786656265766,7.0005,2.473501305469761,73.39449541284404,24.061764804649147,8,80,109,1297,"{'season': 2023, 'displayName': 'Nico Collins', 'esbId': 'COL654119', 'firstName': 'Nico', 'footballName': 'Nico', 'gsisId': '00-0036554', 'gsisItId': 53518, 'headshot': 'https://static.www.nfl.com/image/private/{formatInstructions}/league/iyfqbpftpdxtwst9wtda', 'jerseyNumber': 12, 'lastName': 'Collins', 'position': 'WR', 'positionGroup': 'WR', 'shortName': 'N.Collins', 'smartId': '3200434f-4c65-4119-2a51-095ba724d414', 'status': 'ACT', 'uniformNumber': '12', 'currentTeamId': '2120', 'ngsPosition': 'WR', 'ngsPositionGroup': 'WR'}",Nico Collins,WR,2120,2023,nico collins
5.805142857142856,3.687165486453664,8.692444444444446,3.0910282097670505,3.23551724137931,-0.4516482450743542,64.44444444444444,9.956170045968,2,29,45,244,"{'season': 2023, 'displayName': 'Mike Gesicki', 'esbId': 'GES490798', 'firstName': 'Michael', 'footballName': 'Mike', 'gsisId': '00-0034829', 'gsisItId': 46111, 'headshot': 'https://static.www.nfl.com/image/private/{formatInstructions}/league/mpichyoi6vdnhb7qte6c', 'jerseyNumber': 88, 'lastName': 'Gesicki', 'position': 'TE', 'positionGroup': 'TE', 'shortName': 'M.Gesicki', 'smartId': '32004745-5349-0798-d83d-d46852aa6fbb', 'status': 'ACT', 'uniformNumber': '88', 'currentTeamId': '3200', 'ngsPosition': 'SLOT_WR', 'ngsPositionGroup': 'WR'}",Mike Gesicki,TE,3200,2023,mike gesicki
5.799243697478992,3.9779730717729542,13.75378151260504,2.447393521119554,5.923636363636363,1.9456632918634085,55.46218487394958,38.332814172391096,8,66,119,1114,"{'season': 2023, 'displayName': 'DK Metcalf', 'esbId': 'MET363377', 'firstName': 'DeKaylin', 'footballName': 'DK', 'gsisId': '00-0035640', 'gsisItId': 47847, 'headshot': 'https://static.www.nfl.com/image/private/{formatInstructions}/league/u4cefcz7gjvby8c2kdkm', 'jerseyNumber': 14, 'lastName': 'Metcalf', 'position': 'WR', 'positionGroup': 'WR', 'shortName': 'D.Metcalf', 'smartId': '32004d45-5436-3377-5806-d2746f1b94aa', 'status': 'ACT', 'uniformNumber': '14', 'currentTeamId': '4600', 'ngsPosition': 'WR', 'ngsPositionGroup': 'WR'}",DK Metcalf,WR,4600,2023,dk metcalf
5.7894656488549625,3.5594040097784805,14.190510948905107,2.271084470396227,3.362,-0.1974040097784808,54.74452554744526,43.81564119900835,7,75,137,1057,"{'season': 2023, 'displayName': 'DeAndre Hopkins', 'esbId': 'HOP161500', 'firstName': 'DeAndre', 'footballName': 'DeAndre', 'gsisId': '00-0030564', 'gsisItId': 39973, 'headshot': 'https://static.www.nfl.com/image/upload/{formatInstructions}/league/jgatj8mtftu06pegapip', 'jerseyNumber': 10, 'lastName': 'Hopkins', 'position': 'WR', 'positionGroup': 'WR', 'shortName': 'D.Hopkins', 'smartId': '3200484f-5016-1500-bfbe-c87b292b639c', 'status': 'ACT', 'uniformNumber': '10', 'currentTeamId': '2100', 'ngsPosition': 'WR', 'ngsPositionGroup': 'WR'}",DeAndre Hopkins,WR,2100,2023,deandre hopkins
5.774852941176471,4.154948978031588,7.986022727272727,3.3139522000525825,4.621864406779662,0.4669154287480737,67.04545454545455,13.882068492798911,5,59,88,635,"{'season': 2023, 'displayName': 'Dalton Schultz', 'esbId': 'SCH647271', 'firstName': 'Dalton', 'footballName': 'Dalton', 'gsisId': '00-0034383', 'gsisItId': 46206, 'headshot': 'https://static.www.nfl.com/image/private/{formatInstructions}/league/lhplapyya8pp3yyz8bht', 'jerseyNumber': 86, 'lastName': 'Schultz', 'position': 'TE', 'positionGroup': 'TE', 'shortName': 'D.Schultz', 'smartId': '32005343-4864-7271-8c9c-893e6cc8875d', 'status': 'ACT', 'uniformNumber': '86', 'currentTeamId': '2120', 'ngsPosition': 'TE', 'ngsPositionGroup': 'TE'}",Dalton Schultz,TE,2120,2023,dalton schultz
5.765,4.0006322476732,11.148125,2.497459871184408,4.96475,0.9641177523268007,62.5,17.766290165142724,5,40,64,608,"{'season': 2023, 'displayName': 'Josh Reynolds', 'esbId': 'REY398905', 'firstName': 'Joshua Dedmon-Reynolds', 'footballName': 'Josh', 'gsisId': '00-0033943', 'gsisItId': 44930, 'headshot': 'https://static.www.nfl.com/image/private/{formatInstructions}/league/sxrgouqg155xtgtzesy9', 'jerseyNumber': 8, 'lastName': 'Reynolds', 'position': 'WR', 'positionGroup': 'WR', 'shortName': 'J.Reynolds', 'smartId': '32005245-5939-8905-3a79-3286353be377', 'status': 'ACT', 'uniformNumber': '8', 'currentTeamId': '1540', 'ngsPosition': 'WR', 'ngsPositionGroup': 'WR'}",Josh Reynolds,WR,1540,2023,josh reynolds
5.756883116883117,5.003954743232439,10.837251461988304,3.2584266384584817,5.770504201680673,0.7665494584482344,69.5906432748538,43.43852477268943,13,119,171,1799,"{'season': 2023, 'displayName': 'Tyreek Hill', 'esbId': 'HIL628694', 'firstName': 'Tyreek', 'footballName': 'Tyreek', 'gsisId': '00-0033040', 'gsisItId': 43454, 'headshot': 'https://static.www.nfl.com/image/private/{formatInstructions}/league/lsszbdnkusxc7mduw5be', 'jerseyNumber': 10, 'lastName': 'Hill', 'position': 'WR', 'positionGroup': 'WR', 'shortName': 'T.Hill', 'smartId': '32004849-4c62-8694-8490-45499711dee4', 'status': 'ACT', 'uniformNumber': '10', 'currentTeamId': '2700', 'ngsPosition': 'WR', 'ngsPositionGroup': 'WR'}",Tyreek Hill,WR,2700,2023,tyreek hill
5.750472440944881,3.93883858413503,11.435151515151516,2.6397086943460537,4.558987341772152,0.6201487576371219,59.84848484848485,33.89090713140631,4,79,132,1002,"{'season': 2023, 'displayName': 'Terry McLaurin', 'esbId': 'MCL278328', 'firstName': 'Terry', 'footballName': 'Terry', 'gsisId': '00-0035659', 'gsisItId': 47859, 'headshot': 'https://static.www.nfl.com/image/private/{formatInstructions}/league/jpprw1itmmg5nhrdwony', 'jerseyNumber': 17, 'lastName': 'McLaurin', 'position': 'WR', 'positionGroup': 'WR', 'shortName': 'T.McLaurin', 'smartId': '32004d43-4c27-8328-8097-b130ba0e8060', 'status': 'ACT', 'uniformNumber': '17', 'currentTeamId': '5110', 'ngsPosition': 'WR', 'ngsPositionGroup': 'WR'}",Terry McLaurin,WR,5110,2023,terry mclaurin
5.748058252427185,3.2573604113830474,14.09009523809524,2.895383651341387,5.117999999999999,1.8606395886169511,71.42857142857143,37.60166321011752,7,75,105,1342,"{'season': 2023, 'displayName': 'Brandon Aiyuk', 'esbId': 'AIY189231', 'firstName': 'Brandon', 'footballName': 'Brandon', 'gsisId': '00-0036261', 'gsisItId': 52433, 'headshot': 'https://static.www.nfl.com/image/private/{formatInstructions}/league/mprcyhqhfgzi57ebelbz', 'jerseyNumber': 11, 'lastName': 'Aiyuk', 'position': 'WR', 'positionGroup': 'WR', 'shortName': 'B.Aiyuk', 'smartId': '32004149-5918-9231-4476-63b611051b08', 'status': 'ACT', 'uniformNumber': '11', 'currentTeamId': '4500', 'ngsPosition': 'WR', 'ngsPositionGroup': 'WR'}",Brandon Aiyuk,WR,4500,2023,brandon aiyuk
5.74609375,2.556324468783374,15.091818181818182,2.2882380354006724,2.792285714285714,0.2359612455023398,53.03030303030303,25.091442217587133,5,35,66,525,"{'season': 2023, 'displayName': 'D.J. Chark', 'esbId': 'CHA553392', 'firstName': 'Darrell', 'footballName': 'D.J.', 'gsisId': '00-0034777', 'gsisItId': 46130, 'headshot': 'https://static.www.nfl.com/image/private/{formatInstructions}/league/bn5lxiv1cyyidlhkth84', 'jerseyNumber': 17, 'lastName': 'Chark', 'position': 'WR', 'positionGroup': 'WR', 'shortName': 'D.Chark', 'smartId': '32004348-4155-3392-9ee6-7f21c24c95c9', 'status': 'ACT', 'uniformNumber': '17', 'currentTeamId': '0750', 'ngsPosition': 'WR', 'ngsPositionGroup': 'WR'}",D.J. Chark,WR,750,2023,dj chark
5.69,4.607449878110796,8.300222222222223,3.5099802895777232,7.648717948717947,3.041268070607151,86.66666666666667,7.976483351271929,2,39,45,611,"{'season': 2023, 'displayName': 'Khalil Shakir', 'esbId': 'SHA107427', 'firstName': 'Khalil', 'footballName': 'Khalil', 'gsisId': '00-0037261', 'gsisItId': 54613, 'headshot': 'https://static.www.nfl.com/image/private/{formatInstructions}/league/l1flqgo30hfowrdckdeu', 'jerseyNumber': 10, 'lastName': 'Shakir', 'position': 'WR', 'positionGroup': 'WR', 'shortName': 'K.Shakir', 'smartId': '32005348-4110-7427-f34a-bb0aa1d8e556', 'status': 'ACT', 'uniformNumber': '10', 'currentTeamId': '0610', 'ngsPosition': 'SLOT_WR', 'ngsPositionGroup': 'WR'}",Khalil Shakir,WR,610,2023,khalil shakir
5.604285714285714,5.280687320491923,7.099782608695652,4.323183076949761,5.332058823529412,0.0513715030374886,73.91304347826086,6.782198778917638,1,34,46,352,"{'season': 2023, 'displayName': 'Luke Musgrave', 'esbId': 'MUS097324', 'firstName': 'Luke', 'footballName': 'Luke', 'gsisId': '00-0039144', 'gsisItId': 55907, 'lastName': 'Musgrave', 'position': 'TE', 'positionGroup': 'TE', 'shortName': 'L.Musgrave', 'status': 'ACT', 'headshot': 'https://static.www.nfl.com/image/private/{formatInstructions}/league/myipiqsxzxonrcegrism', 'smartId': '32004d55-5309-7324-5085-b59d93f240ce', 'currentTeamId': '1800', 'jerseyNumber': 88, 'uniformNumber': '88', 'ngsPosition': 'TE', 'ngsPositionGroup': 'TE'}",Luke Musgrave,TE,1800,2023,luke musgrave
5.580962962962963,3.136831703162853,13.753235294117646,2.2906645676241943,2.704868421052632,-0.4319632821102215,55.88235294117647,38.02302392854165,8,76,136,1016,"{'season': 2023, 'displayName': 'Calvin Ridley', 'esbId': 'RID652384', 'firstName': 'Calvin', 'footballName': 'Calvin', 'gsisId': '00-0034837', 'gsisItId': 46095, 'headshot': 'https://static.www.nfl.com/image/private/{formatInstructions}/league/jnknuowszoqaywqoopy7', 'jerseyNumber': 0, 'lastName': 'Ridley', 'position': 'WR', 'positionGroup': 'WR', 'shortName': 'C.Ridley', 'smartId': '32005249-4465-2384-7253-3a4b46622aa9', 'status': 'ACT', 'uniformNumber': '0O', 'currentTeamId': '2250', 'ngsPosition': 'WR', 'ngsPositionGroup': 'WR'}",Calvin Ridley,WR,2250,2023,calvin ridley
5.552670807453415,3.115567137585668,10.21154761904762,2.4560430800553723,3.5825263157894733,0.4669591782038056,56.54761904761904,44.7949740975936,3,95,168,1042,"{'season': 2023, 'displayName': 'Garrett Wilson', 'esbId': 'WIL691962', 'firstName': 'Garrett', 'footballName': 'Garrett', 'gsisId': '00-0037740', 'gsisItId': 54475, 'headshot': 'https://static.www.nfl.com/image/private/{formatInstructions}/league/llgosx4tokddwnyrgvbx', 'jerseyNumber': 17, 'lastName': 'Wilson', 'position': 'WR', 'positionGroup': 'WR', 'shortName': 'G.Wilson', 'smartId': '32005749-4c69-1962-4085-d9c826d8709c', 'status': 'ACT', 'uniformNumber': '17', 'currentTeamId': '3430', 'ngsPosition': 'WR', 'ngsPositionGroup': 'WR'}",Garrett Wilson,WR,3430,2023,garrett wilson
5.551836734693877,4.969058108286893,7.859836065573769,3.212977322272524,5.036222222222222,0.0671641139353296,73.77049180327869,11.7164494600585,6,45,61,544,"{'season': 2023, 'displayName': 'Mark Andrews', 'esbId': 'AND701433', 'firstName': 'Mark', 'footballName': 'Mark', 'gsisId': '00-0034753', 'gsisItId': 46155, 'headshot': 'https://static.www.nfl.com/image/private/{formatInstructions}/league/cv7h66mkpoalli9wfdqp', 'jerseyNumber': 89, 'lastName': 'Andrews', 'position': 'TE', 'positionGroup': 'TE', 'shortName': 'M.Andrews', 'smartId': '3200414e-4470-1433-75dd-307507e53173', 'status': 'ACT', 'uniformNumber': '89', 'currentTeamId': '0325', 'ngsPosition': 'SLOT_WR', 'ngsPositionGroup': 'WR'}",Mark Andrews,TE,325,2023,mark andrews
5.5458181818181815,4.466668216701805,9.6685635359116,2.710044245469009,5.220222222222222,0.7535540055204164,74.58563535911603,36.50287745324006,12,135,181,1749,"{'season': 2023, 'displayName': 'CeeDee Lamb', 'esbId': 'LAM138457', 'firstName': 'Cedarian', 'footballName': 'CeeDee', 'gsisId': '00-0036358', 'gsisItId': 52425, 'headshot': 'https://static.www.nfl.com/image/private/{formatInstructions}/league/cqygs9e4ynnjdxstdfjq', 'jerseyNumber': 88, 'lastName': 'Lamb', 'position': 'WR', 'positionGroup': 'WR', 'shortName': 'C.Lamb', 'smartId': '32004c41-4d13-8457-fcbe-d37fdbd87233', 'status': 'ACT', 'uniformNumber': '88', 'currentTeamId': '1200', 'ngsPosition': 'SLOT_WR', 'ngsPositionGroup': 'WR'}",CeeDee Lamb,WR,1200,2023,ceedee lamb
5.542727272727273,2.2661838246674595,14.243035714285716,2.504239979108476,1.7765624999999996,-0.4896213246674599,57.14285714285714,19.49141152119567,1,32,56,367,"{'season': 2023, 'displayName': 'Rashod Bateman', 'esbId': 'BAT103884', 'firstName': 'Rashod', 'footballName': 'Rashod', 'gsisId': '00-0036550', 'gsisItId': 53456, 'headshot': 'https://static.www.nfl.com/image/private/{formatInstructions}/league/rxkbjfe1pdmlvp1vd6i5', 'jerseyNumber': 7, 'lastName': 'Bateman', 'position': 'WR', 'positionGroup': 'WR', 'shortName': 'R.Bateman', 'smartId': '32004241-5410-3884-8ac5-165a4f1f770e', 'status': 'ACT', 'uniformNumber': '7', 'currentTeamId': '0325', 'ngsPosition': 'WR', 'ngsPositionGroup': 'WR'}",Rashod Bateman,WR,325,2023,rashod bateman
5.491607142857143,5.10412924298922,6.883376623376623,3.772806152946276,5.2650000000000015,0.1608707570107812,70.12987012987013,11.945458643227408,1,54,77,528,"{'season': 2023, 'displayName': 'Chigoziem Okonkwo', 'esbId': 'OKO283611', 'firstName': 'Chigoziem', 'footballName': 'Chigoziem', 'gsisId': '00-0037809', 'gsisItId': 54608, 'headshot': 'https://static.www.nfl.com/image/private/{formatInstructions}/league/hkqd6pubp52djhxhtyqi', 'jerseyNumber': 85, 'lastName': 'Okonkwo', 'position': 'TE', 'positionGroup': 'TE', 'shortName': 'C.Okonkwo', 'smartId': '32004f4b-4f28-3611-fc64-d952b8d6cb17', 'status': 'ACT', 'uniformNumber': '85', 'currentTeamId': '2100', 'ngsPosition': 'TE', 'ngsPositionGroup': 'TE'}",Chigoziem Okonkwo,TE,2100,2023,chigoziem okonkwo
5.467215189873418,4.623660029048658,5.659019607843137,3.3389146940786287,6.023380281690141,1.3997202526414831,69.6078431372549,12.040040298946424,5,71,102,761,"{'season': 2023, 'displayName': 'Jake Ferguson', 'esbId': 'FER146119', 'firstName': 'Jake', 'footballName': 'Jake', 'gsisId': '00-0038041', 'gsisItId': 54594, 'headshot': 'https://static.www.nfl.com/image/private/{formatInstructions}/league/xy9bvf3d9yjprwigiqty', 'jerseyNumber': 87, 'lastName': 'Ferguson', 'position': 'TE', 'positionGroup': 'TE', 'shortName': 'J.Ferguson', 'smartId': '32004645-5214-6119-2797-33878db83d5a', 'status': 'ACT', 'uniformNumber': '87', 'currentTeamId': '1200', 'ngsPosition': 'TE', 'ngsPositionGroup': 'TE'}",Jake Ferguson,TE,1200,2023,jake ferguson
5.395359999999999,2.654604355379979,14.031640625,2.166104853990209,4.271666666666667,1.6170623112866882,56.25,35.06430880722197,5,72,128,1250,"{'season': 2023, 'displayName': 'Amari Cooper', 'esbId': 'COO487703', 'firstName': 'Amari', 'footballName': 'Amari', 'gsisId': '00-0031544', 'gsisItId': 42347, 'headshot': 'https://static.www.nfl.com/image/private/{formatInstructions}/league/zibbxjtein7gpu5zgcj4', 'jerseyNumber': 2, 'lastName': 'Cooper', 'position': 'WR', 'positionGroup': 'WR', 'shortName': 'A.Cooper', 'smartId': '3200434f-4f48-7703-16a5-c78426109031', 'status': 'ACT', 'uniformNumber': '2', 'currentTeamId': '1050', 'ngsPosition': 'WR', 'ngsPositionGroup': 'WR'}",Amari Cooper,WR,1050,2023,amari cooper
5.385774647887324,4.812551621872691,9.630555555555558,3.295197448332169,7.660153846153846,2.8476022242811547,72.22222222222221,22.029146842340698,6,65,90,1020,"{'season': 2023, 'displayName': 'George Kittle', 'esbId': 'KIT388290', 'firstName': 'George', 'footballName': 'George', 'gsisId': '00-0033288', 'gsisItId': 44959, 'headshot': 'https://static.www.nfl.com/image/private/{formatInstructions}/league/bwx6bvkrxog0yf4h6fw1', 'jerseyNumber': 85, 'lastName': 'Kittle', 'position': 'TE', 'positionGroup': 'TE', 'shortName': 'G.Kittle', 'smartId': '32004b49-5438-8290-eeed-c9c9cca62ec1', 'status': 'ACT', 'uniformNumber': '85', 'currentTeamId': '4500', 'ngsPosition': 'TE', 'ngsPositionGroup': 'TE'}",George Kittle,TE,4500,2023,george kittle
5.309375,3.728633918944001,14.2384375,2.676241473295458,4.87,1.141366081055999,54.6875,22.26870734168925,3,35,64,565,"{'season': 2023, 'displayName': 'Odell Beckham', 'esbId': 'BEC573252', 'firstName': 'Odell', 'footballName': 'Odell', 'gsisId': '00-0031235', 'gsisItId': 41238, 'headshot': 'https://static.www.nfl.com/image/private/{formatInstructions}/league/etl34lkiscs2lpc4to2f', 'jerseyNumber': 3, 'lastName': 'Beckham', 'position': 'WR', 'positionGroup': 'WR', 'shortName': 'O.Beckham', 'smartId': '32004245-4357-3252-264b-1da3e93d2745', 'status': 'ACT', 'uniformNumber': '3', 'currentTeamId': '0325', 'ngsPosition': 'WR', 'ngsPositionGroup': 'WR'}",Odell Beckham,WR,325,2023,odell beckham
5.252865497076023,3.1265960632043384,10.426914285714286,2.551200385892475,3.4702912621359223,0.3436951989315839,58.85714285714285,44.49101504401043,8,103,175,1144,"{'season': 2023, 'displayName': 'Davante Adams', 'esbId': 'ADA218591', 'firstName': 'Davante', 'footballName': 'Davante', 'gsisId': '00-0031381', 'gsisItId': 41282, 'headshot': 'https://static.www.nfl.com/image/private/{formatInstructions}/league/grvqvmdzu2lsbgvqoxku', 'jerseyNumber': 17, 'lastName': 'Adams', 'position': 'WR', 'positionGroup': 'WR', 'shortName': 'D.Adams', 'smartId': '32004144-4121-8591-4d26-4c0ac739af41', 'status': 'ACT', 'uniformNumber': '17', 'currentTeamId': '2520', 'ngsPosition': 'WR', 'ngsPositionGroup': 'WR'}",Davante Adams,WR,2520,2023,davante adams
5.113833333333333,2.512456254264236,10.17125,1.9965129264071917,2.8933333333333326,0.3808770790690969,60.9375,13.214376338519942,1,39,64,448,"{'season': 2023, 'displayName': 'Michael Thomas', 'esbId': 'THO308912', 'firstName': 'Michael', 'footballName': 'Michael', 'gsisId': '00-0032765', 'gsisItId': 43336, 'headshot': 'https://static.www.nfl.com/image/private/{formatInstructions}/league/sxldsbuw65hfmkzqhw96', 'jerseyNumber': 13, 'lastName': 'Thomas', 'position': 'WR', 'positionGroup': 'WR', 'shortName': 'M.Thomas', 'smartId': '32005448-4f30-8912-926a-d25d51327661', 'status': 'ACT', 'uniformNumber': '13', 'currentTeamId': '3300', 'ngsPosition': 'WR', 'ngsPositionGroup': 'WR'}",Michael Thomas,WR,3300,2023,michael thomas
5.107714285714286,4.495926895253056,5.949999999999999,3.464364210464669,5.447037037037037,0.9511101417839818,76.41509433962264,16.048631909474214,3,81,106,825,"{'season': 2023, 'displayName': 'Trey McBride', 'esbId': 'MCB743360', 'firstName': 'Trey', 'footballName': 'Trey', 'gsisId': '00-0037744', 'gsisItId': 54520, 'headshot': 'https://static.www.nfl.com/image/private/{formatInstructions}/league/x7x9ze5msigs8u57ydvl', 'jerseyNumber': 85, 'lastName': 'McBride', 'position': 'TE', 'positionGroup': 'TE', 'shortName': 'T.McBride', 'smartId': '32004d43-4274-3360-cc50-43990383247d', 'status': 'ACT', 'uniformNumber': '85', 'currentTeamId': '3800', 'ngsPosition': 'TE', 'ngsPositionGroup': 'TE'}",Trey McBride,TE,3800,2023,trey mcbride
5.078837209302325,5.396506014491641,4.926991869918699,3.48310974053397,7.611975308641974,2.215469294150333,65.85365853658537,11.831336779796027,6,81,123,882,"{'season': 2023, 'displayName': 'David Njoku', 'esbId': 'NJO355964', 'firstName': 'David', 'footballName': 'David', 'gsisId': '00-0033885', 'gsisItId': 44841, 'headshot': 'https://static.www.nfl.com/image/private/{formatInstructions}/league/ilvxwdllivrvwbuj69cm', 'jerseyNumber': 85, 'lastName': 'Njoku', 'position': 'TE', 'positionGroup': 'TE', 'shortName': 'D.Njoku', 'smartId': '32004e4a-4f35-5964-1f03-4dc0b4e0b757', 'status': 'ACT', 'uniformNumber': '85', 'currentTeamId': '1050', 'ngsPosition': 'TE', 'ngsPositionGroup': 'TE'}",David Njoku,TE,1050,2023,david njoku
5.057809523809524,3.706050269680593,13.19,2.270821970280402,6.646666666666666,2.9406163969860724,59.43396226415094,38.39799185978172,5,63,106,1140,"{'season': 2023, 'displayName': 'George Pickens', 'esbId': 'PIC576156', 'firstName': 'George', 'footballName': 'George', 'gsisId': '00-0037247', 'gsisItId': 54517, 'headshot': 'https://static.www.nfl.com/image/private/{formatInstructions}/league/gnfxhtk8e6ecazbhoinl', 'jerseyNumber': 14, 'lastName': 'Pickens', 'position': 'WR', 'positionGroup': 'WR', 'shortName': 'G.Pickens', 'smartId': '32005049-4357-6156-653f-e3c2b6d1b9bc', 'status': 'ACT', 'uniformNumber': '14', 'currentTeamId': '3900', 'ngsPosition': 'WR', 'ngsPositionGroup': 'WR'}",George Pickens,WR,3900,2023,george pickens
4.9534,3.754225294332509,7.829322033898304,2.802762570983399,3.9802702702702697,0.2260449759377603,62.71186440677966,9.377099763507,4,37,59,368,"{'season': 2023, 'displayName': 'Juwan Johnson', 'esbId': 'JOH398789', 'firstName': 'Juwan', 'footballName': 'Juwan', 'gsisId': '00-0036040', 'gsisItId': 52942, 'headshot': 'https://static.www.nfl.com/image/private/{formatInstructions}/league/kew8v8rgrtbefvnxpl0a', 'jerseyNumber': 83, 'lastName': 'Johnson', 'position': 'TE', 'positionGroup': 'TE', 'shortName': 'J.Johnson', 'smartId': '32004a4f-4839-8789-b667-8ea48cd31497', 'status': 'ACT', 'uniformNumber': '83', 'currentTeamId': '3300', 'ngsPosition': 'TE', 'ngsPositionGroup': 'WR'}",Juwan Johnson,TE,3300,2023,juwan johnson
8.143947368421053,4.465058947621886,6.7204597701149416,3.1878891980146387,5.636612903225807,1.1715539556039207,71.26436781609196,13.054214688559144,1,62,87,686,"{'season': 2024, 'currentTeamId': '0200', 'displayName': 'Ray-Ray McCloud', 'esbId': 'MCC417118', 'firstName': 'Ray-Ray', 'footballName': 'Ray-Ray', 'gsisId': '00-0034407', 'gsisItId': 46256, 'headshot': 'https://static.www.nfl.com/image/upload/{formatInstructions}/league/nvwn3sdihyyd2itjt7vy', 'jerseyNumber': 34, 'lastName': 'McCloud', 'position': 'WR', 'positionGroup': 'WR', 'shortName': 'R.McCloud', 'smartId': '32004d43-4341-7118-745c-2c9756292bc8', 'status': 'ACT', 'uniformNumber': '34', 'ngsPosition': 'WR', 'ngsPositionGroup': 'WR'}",Ray-Ray McCloud,WR,200,2024,ray-ray mccloud
7.996363636363636,9.636652786159798,7.139807692307692,5.205587753915062,12.414102564102564,2.777449777942765,75.0,9.1467215235092,6,39,52,501,"{'season': 2024, 'currentTeamId': '1400', 'displayName': 'Marvin Mims', 'esbId': 'MIM654774', 'firstName': 'Marvin', 'footballName': 'Marvin', 'gsisId': '00-0038976', 'gsisItId': 55928, 'headshot': 'https://static.www.nfl.com/image/upload/{formatInstructions}/league/trvilnckw7nprw1gkghl', 'jerseyNumber': 19, 'lastName': 'Mims', 'position': 'WR', 'positionGroup': 'WR', 'shortName': 'M.Mims', 'smartId': '32004d49-4d65-4774-4051-580758dd257c', 'status': 'ACT', 'uniformNumber': '19', 'ngsPosition': 'WR', 'ngsPositionGroup': 'WR'}",Marvin Mims,WR,1400,2024,marvin mims
7.4940350877193,3.4969194081932824,11.851451612903226,3.368998006550487,2.897142857142857,-0.5997765510504256,67.74193548387096,18.01167784445229,0,42,62,562,"{'season': 2024, 'currentTeamId': '2510', 'displayName': 'Tutu Atwell', 'esbId': 'ATW460468', 'firstName': 'Chatarius', 'footballName': 'Tutu', 'gsisId': '00-0036849', 'gsisItId': 53486, 'headshot': 'https://static.www.nfl.com/image/upload/{formatInstructions}/league/hpvbp9pn7ifbh62nde0n', 'jerseyNumber': 5, 'lastName': 'Atwell', 'position': 'WR', 'positionGroup': 'WR', 'shortName': 'T.Atwell', 'smartId': '32004154-5746-0468-3028-a14cc41f9cf3', 'status': 'ACT', 'uniformNumber': '5', 'ngsPosition': 'WR', 'ngsPositionGroup': 'WR'}",Tutu Atwell,WR,2510,2024,tutu atwell
7.47525,5.521060629666562,4.2516,3.688801355792189,8.034324324324325,2.513263694657764,74.0,5.757698870561468,3,37,50,342,"{'season': 2024, 'currentTeamId': '3800', 'displayName': 'Greg Dortch', 'esbId': 'DOR793727', 'firstName': 'Greg', 'footballName': 'Greg', 'gsisId': '00-0035500', 'gsisItId': 48646, 'headshot': 'https://static.www.nfl.com/image/upload/{formatInstructions}/league/gkog6lrht3rnktwiberj', 'jerseyNumber': 4, 'lastName': 'Dortch', 'position': 'WR', 'positionGroup': 'WR', 'shortName': 'G.Dortch', 'smartId': '3200444f-5279-3727-2597-c2d9a516585a', 'status': 'ACT', 'uniformNumber': '4', 'ngsPosition': 'SLOT_WR', 'ngsPositionGroup': 'WR'}",Greg Dortch,WR,3800,2024,greg dortch
7.358235294117646,5.645540720035366,13.236603773584909,3.8057527751949416,6.086785714285715,0.4412449942503489,52.83018867924528,17.28335447949644,2,28,53,263,"{'season': 2024, 'currentTeamId': '1400', 'displayName': 'Troy Franklin', 'esbId': 'FRA545210', 'firstName': 'Troy', 'footballName': 'Troy', 'gsisId': '00-0039868', 'gsisItId': 57223, 'jerseyNumber': 16, 'lastName': 'Franklin', 'position': 'WR', 'positionGroup': 'WR', 'shortName': 'T.Franklin', 'status': 'ACT', 'uniformNumber': '16', 'headshot': 'https://static.www.nfl.com/image/upload/{formatInstructions}/league/w429urxwxc8sw4bsbvxz', 'smartId': '32004652-4154-5210-6c05-a56029ed000f', 'ngsPosition': 'WR', 'ngsPositionGroup': 'WR'}",Troy Franklin,WR,1400,2024,troy franklin
7.253076923076922,4.596885334031022,10.623017241379312,3.915500214720576,6.233648648648648,1.6367633146176264,63.793103448275865,29.74284831574578,4,74,116,1059,"{'season': 2024, 'currentTeamId': '0325', 'displayName': 'Zay Flowers', 'esbId': 'FLO577002', 'firstName': 'Xavien', 'footballName': 'Zay', 'gsisId': '00-0039064', 'gsisItId': 55886, 'headshot': 'https://static.www.nfl.com/image/upload/{formatInstructions}/league/oidhqwg0fjvanyk57nc1', 'jerseyNumber': 4, 'lastName': 'Flowers', 'position': 'WR', 'positionGroup': 'WR', 'shortName': 'Z.Flowers', 'smartId': '3200464c-4f57-7002-1160-832e9618f0fd', 'status': 'ACT', 'uniformNumber': '4', 'ngsPosition': 'WR', 'ngsPositionGroup': 'WR'}",Zay Flowers,WR,325,2024,zay flowers
7.174909090909091,3.976130014672061,12.167586206896551,3.276220069481637,3.7989189189189183,-0.1772110957531421,63.793103448275865,18.42558046635736,8,37,58,461,"{'season': 2024, 'currentTeamId': '4900', 'displayName': 'Jalen McMillan', 'esbId': 'MCM472299', 'firstName': 'Jalen', 'footballName': 'Jalen', 'gsisId': '00-0039855', 'gsisItId': 57213, 'jerseyNumber': 15, 'lastName': 'McMillan', 'position': 'WR', 'positionGroup': 'WR', 'shortName': 'J.McMillan', 'status': 'ACT', 'uniformNumber': '15', 'headshot': 'https://static.www.nfl.com/image/upload/{formatInstructions}/league/zdxkyl8gy4dqiq6evfzp', 'smartId': '32004d43-4d47-2299-41b9-9748c436ab7f', 'ngsPosition': 'WR', 'ngsPositionGroup': 'WR'}",Jalen McMillan,WR,4900,2024,jalen mcmillan
7.11934065934066,4.007833425403782,7.8189,3.263575264075337,4.2429850746268665,0.2351516492230843,67.0,19.16622543828686,6,67,100,710,"{'season': 2024, 'currentTeamId': '2510', 'displayName': 'Cooper Kupp', 'esbId': 'KUP534597', 'firstName': 'Cooper', 'footballName': 'Cooper', 'gsisId': '00-0033908', 'gsisItId': 44881, 'headshot': 'https://static.www.nfl.com/image/upload/{formatInstructions}/league/sq7zwzcgrajuk0hwwph2', 'jerseyNumber': 10, 'lastName': 'Kupp', 'position': 'WR', 'positionGroup': 'WR', 'shortName': 'C.Kupp', 'smartId': '32004b55-5053-4597-b958-87408c31956f', 'status': 'ACT', 'uniformNumber': '10', 'ngsPosition': 'SLOT_WR', 'ngsPositionGroup': 'WR'}",Cooper Kupp,WR,2510,2024,cooper kupp
7.107333333333332,5.678746020517229,6.35921875,3.994468126874889,6.414666666666667,0.7359206461494381,70.3125,10.240313607874416,3,45,64,506,"{'season': 2024, 'currentTeamId': '5110', 'displayName': 'Olamide Zaccheaus', 'esbId': 'ZAC133180', 'firstName': 'Olamide', 'footballName': 'Olamide', 'gsisId': '00-0035208', 'gsisItId': 48374, 'headshot': 'https://static.www.nfl.com/image/upload/{formatInstructions}/league/hcmdnfgnnvcp0qbktpxd', 'jerseyNumber': 14, 'lastName': 'Zaccheaus', 'position': 'WR', 'positionGroup': 'WR', 'shortName': 'O.Zaccheaus', 'smartId': '32005a41-4313-3180-ba01-ae8103314fa2', 'status': 'ACT', 'uniformNumber': '14', 'ngsPosition': 'SLOT_WR', 'ngsPositionGroup': 'WR'}",Olamide Zaccheaus,WR,5110,2024,olamide zaccheaus
7.012711864406779,6.490640493207048,8.156533333333336,3.9964021172598527,7.520181818181818,1.029541324974771,73.33333333333333,15.194205864674355,6,55,75,857,"{'season': 2024, 'currentTeamId': '1800', 'displayName': 'Jayden Reed', 'esbId': 'REE263142', 'firstName': 'Jayden', 'footballName': 'Jayden', 'gsisId': '00-0039146', 'gsisItId': 55915, 'headshot': 'https://static.www.nfl.com/image/upload/{formatInstructions}/league/blh2tfg9qjthqo2g6ot4', 'jerseyNumber': 11, 'lastName': 'Reed', 'position': 'WR', 'positionGroup': 'WR', 'shortName': 'J.Reed', 'smartId': '32005245-4526-3142-e96f-a871c08a1138', 'status': 'ACT', 'uniformNumber': '11', 'ngsPosition': 'SLOT_WR', 'ngsPositionGroup': 'WR'}",Jayden Reed,WR,1800,2024,jayden reed
6.967142857142857,4.730171090071509,6.730545454545456,3.901410308037418,4.427659574468086,-0.302511515603423,85.45454545454545,8.89402516025487,4,47,55,474,"{'season': 2024, 'currentTeamId': '0810', 'displayName': 'Cole Kmet', 'esbId': 'KME200895', 'firstName': 'Cole', 'footballName': 'Cole', 'gsisId': '00-0036290', 'gsisItId': 52451, 'headshot': 'https://static.www.nfl.com/image/upload/{formatInstructions}/league/fdxpctcmwjupassg9g9d', 'jerseyNumber': 85, 'lastName': 'Kmet', 'position': 'TE', 'positionGroup': 'TE', 'shortName': 'C.Kmet', 'smartId': '32004b4d-4520-0895-f027-61d779beeff4', 'status': 'ACT', 'uniformNumber': '85', 'ngsPosition': 'TE', 'ngsPositionGroup': 'TE'}",Cole Kmet,TE,810,2024,cole kmet
6.93322033898305,3.906554492479935,8.71640625,3.021883810509726,4.06468085106383,0.1581263585838952,73.4375,12.34861682652612,3,47,64,496,"{'season': 2024, 'currentTeamId': '2120', 'displayName': 'Stefon Diggs', 'esbId': 'DIG218895', 'firstName': 'Stefon', 'footballName': 'Stefon', 'gsisId': '00-0031588', 'gsisItId': 42489, 'headshot': 'https://static.www.nfl.com/image/upload/{formatInstructions}/league/to2qwuffjnjlouctglsl', 'jerseyNumber': 1, 'lastName': 'Diggs', 'position': 'WR', 'positionGroup': 'WR', 'shortName': 'S.Diggs', 'smartId': '32004449-4721-8895-fc23-d2bf4c921bd4', 'status': 'RES', 'uniformNumber': '1', 'ngsPosition': 'WR', 'ngsPositionGroup': 'WR'}",Stefon Diggs,WR,2120,2024,stefon diggs
6.9270689655172415,3.909316113409573,7.599882352941177,3.1690435838639157,4.218490566037736,0.3091744526281625,62.35294117647059,14.299691644290776,2,53,85,532,"{'season': 2024, 'currentTeamId': '2120', 'displayName': 'Dalton Schultz', 'esbId': 'SCH647271', 'firstName': 'Dalton', 'footballName': 'Dalton', 'gsisId': '00-0034383', 'gsisItId': 46206, 'headshot': 'https://static.www.nfl.com/image/upload/{formatInstructions}/league/ooatvpu1knzypdmjljo9', 'jerseyNumber': 86, 'lastName': 'Schultz', 'position': 'TE', 'positionGroup': 'TE', 'shortName': 'D.Schultz', 'smartId': '32005343-4864-7271-8c9c-893e6cc8875d', 'status': 'ACT', 'uniformNumber': '86', 'ngsPosition': 'TE', 'ngsPositionGroup': 'TE'}",Dalton Schultz,TE,2120,2024,dalton schultz
6.904285714285713,3.4961925779700125,9.600392156862744,3.1058601324461725,2.954375,-0.5418175779700127,62.74509803921568,12.783444861896909,1,32,51,334,"{'season': 2024, 'currentTeamId': '4900', 'displayName': 'Sterling Shepard', 'esbId': 'SHE495754', 'firstName': 'Sterling', 'footballName': 'Sterling', 'gsisId': '00-0032385', 'gsisItId': 43329, 'headshot': 'https://static.www.nfl.com/image/upload/{formatInstructions}/league/dphqvpkeselgrselrvma', 'jerseyNumber': 17, 'lastName': 'Shepard', 'position': 'WR', 'positionGroup': 'WR', 'shortName': 'S.Shepard', 'smartId': '32005348-4549-5754-5697-2a8312edc489', 'status': 'ACT', 'uniformNumber': '17', 'ngsPosition': 'WR', 'ngsPositionGroup': 'WR'}",Sterling Shepard,WR,4900,2024,sterling shepard
6.86725,5.518932041033412,5.7924137931034485,4.010061826531088,5.817878787878789,0.2989467468453775,75.86206896551724,13.555811401149152,3,66,87,621,"{'season': 2024, 'currentTeamId': '3200', 'displayName': 'Demario Douglas', 'esbId': 'DOU259552', 'firstName': 'Demario', 'footballName': 'Demario', 'gsisId': '00-0038621', 'gsisItId': 56075, 'headshot': 'https://static.www.nfl.com/image/private/{formatInstructions}/league/svnh61ottqtfmcqvnbj3', 'jerseyNumber': 3, 'lastName': 'Douglas', 'position': 'WR', 'positionGroup': 'WR', 'shortName': 'D.Douglas', 'smartId': '3200444f-5525-9552-5dc9-fda7c5a9b03d', 'status': 'ACT', 'uniformNumber': '3', 'ngsPosition': 'SLOT_WR', 'ngsPositionGroup': 'WR'}",Demario Douglas,WR,3200,2024,demario douglas
6.8486206896551725,3.580802403947976,6.089102564102563,3.5037504967012545,4.494,0.913197596052024,83.33333333333334,13.423643927917334,7,65,78,655,"{'season': 2024, 'currentTeamId': '3900', 'displayName': 'Pat Freiermuth', 'esbId': 'FRE439769', 'firstName': 'Pat', 'footballName': 'Pat', 'gsisId': '00-0036894', 'gsisItId': 53484, 'headshot': 'https://static.www.nfl.com/image/upload/{formatInstructions}/league/sozfjyy3bmntjv8tmqah', 'jerseyNumber': 88, 'lastName': 'Freiermuth', 'position': 'TE', 'positionGroup': 'TE', 'shortName': 'P.Freiermuth', 'smartId': '32004652-4543-9769-d771-bdf1de25cd8b', 'status': 'ACT', 'uniformNumber': '88', 'ngsPosition': 'SLOT_WR', 'ngsPositionGroup': 'WR'}",Pat Freiermuth,TE,3900,2024,pat freiermuth
6.817187500000001,6.165020361064037,5.731836734693878,3.7235658411046417,5.593666666666667,-0.57135369439737,61.224489795918366,6.884633486292506,1,30,49,294,"{'season': 2024, 'currentTeamId': '2510', 'displayName': 'Colby Parkinson', 'esbId': 'PAR483746', 'firstName': 'Colby', 'footballName': 'Colby', 'gsisId': '00-0036244', 'gsisItId': 52541, 'headshot': 'https://static.www.nfl.com/image/upload/{formatInstructions}/league/crjyx8tutyzn8bomqbdc', 'jerseyNumber': 86, 'lastName': 'Parkinson', 'position': 'TE', 'positionGroup': 'TE', 'shortName': 'C.Parkinson', 'smartId': '32005041-5248-3746-b5fb-ae737ddd1142', 'status': 'ACT', 'uniformNumber': '86', 'ngsPosition': 'TE', 'ngsPositionGroup': 'TE'}",Colby Parkinson,TE,2510,2024,colby parkinson
6.797199999999999,4.179482266654736,5.784571428571427,4.060949185072256,5.187115384615386,1.0076331179606504,74.28571428571429,9.838375788440418,2,52,70,483,"{'season': 2024, 'currentTeamId': '2100', 'displayName': 'Chigoziem Okonkwo', 'esbId': 'OKO283611', 'firstName': 'Chigoziem', 'footballName': 'Chigoziem', 'gsisId': '00-0037809', 'gsisItId': 54608, 'headshot': 'https://static.www.nfl.com/image/upload/{formatInstructions}/league/ut2gqeq2lowknrro0wlu', 'jerseyNumber': 85, 'lastName': 'Okonkwo', 'position': 'TE', 'positionGroup': 'TE', 'shortName': 'C.Okonkwo', 'smartId': '32004f4b-4f28-3611-fc64-d952b8d6cb17', 'status': 'ACT', 'uniformNumber': '85', 'ngsPosition': 'TE', 'ngsPositionGroup': 'WR'}",Chigoziem Okonkwo,TE,2100,2024,chigoziem okonkwo
6.786666666666667,4.61677894442788,6.39111111111111,3.359991106858922,6.155161290322579,1.538382345894699,68.88888888888889,7.085401756568658,1,31,45,293,"{'season': 2024, 'currentTeamId': '1400', 'displayName': ""Lil'Jordan Humphrey"", 'esbId': 'HUM534685', 'firstName': ""Lil'Jordan"", 'footballName': ""Lil'Jordan"", 'gsisId': '00-0035406', 'gsisItId': 48541, 'headshot': 'https://static.www.nfl.com/image/upload/{formatInstructions}/league/yjmyfuozafxd7zwf3mlr', 'jerseyNumber': 84, 'lastName': 'Humphrey', 'position': 'WR', 'positionGroup': 'WR', 'shortName': 'L.Humphrey', 'smartId': '32004855-4d53-4685-a0a5-54fdf221bf83', 'status': 'ACT', 'uniformNumber': '84', 'ngsPosition': 'SLOT_WR', 'ngsPositionGroup': 'WR'}",Lil'Jordan Humphrey,WR,1400,2024,lil'jordan humphrey
6.714897959183673,5.081919856154866,8.482586206896553,4.317954919105888,6.401904761904763,1.3199849057498971,72.41379310344827,11.874981897525515,6,42,58,477,"{'season': 2024, 'currentTeamId': '0325', 'displayName': 'Isaiah Likely', 'esbId': 'LIK088990', 'firstName': 'Isaiah', 'footballName': 'Isaiah', 'gsisId': '00-0037838', 'gsisItId': 54604, 'headshot': 'https://static.www.nfl.com/image/upload/{formatInstructions}/league/xmikfnklnpjmzjhbjrur', 'jerseyNumber': 80, 'lastName': 'Likely', 'position': 'TE', 'positionGroup': 'TE', 'shortName': 'I.Likely', 'smartId': '32004c49-4b08-8990-7695-dc4768035012', 'status': 'ACT', 'uniformNumber': '80', 'ngsPosition': 'SLOT_WR', 'ngsPositionGroup': 'WR'}",Isaiah Likely,TE,325,2024,isaiah likely
6.6970833333333335,2.7602167724406352,10.837088607594938,2.418622304592506,3.512199999999999,0.7519832275593639,63.29113924050633,38.22981740889424,9,100,158,1271,"{'season': 2024, 'currentTeamId': '0200', 'displayName': 'Drake London', 'esbId': 'LON013463', 'firstName': 'Drake', 'footballName': 'Drake', 'gsisId': '00-0037238', 'gsisItId': 54473, 'headshot': 'https://static.www.nfl.com/image/upload/{formatInstructions}/league/wikjazqtt3uunjufgqrf', 'jerseyNumber': 5, 'lastName': 'London', 'position': 'WR', 'positionGroup': 'WR', 'shortName': 'D.London', 'smartId': '32004c4f-4e01-3463-a3e9-f95e800c8bba', 'status': 'ACT', 'uniformNumber': '5', 'ngsPosition': 'WR', 'ngsPositionGroup': 'WR'}",Drake London,WR,200,2024,drake london
6.673404255319149,6.73766774542652,5.4061,4.253743736038473,8.158026315789474,1.4203585703629544,76.0,13.278037853742882,4,76,100,821,"{'season': 2024, 'currentTeamId': '0610', 'displayName': 'Khalil Shakir', 'esbId': 'SHA107427', 'firstName': 'Khalil', 'footballName': 'Khalil', 'gsisId': '00-0037261', 'gsisItId': 54613, 'headshot': 'https://static.www.nfl.com/image/upload/{formatInstructions}/league/ch2yarhiobqlvr9ls2yw', 'jerseyNumber': 10, 'lastName': 'Shakir', 'position': 'WR', 'positionGroup': 'WR', 'shortName': 'K.Shakir', 'smartId': '32005348-4110-7427-f34a-bb0aa1d8e556', 'status': 'ACT', 'uniformNumber': '10', 'ngsPosition': 'SLOT_WR', 'ngsPositionGroup': 'WR'}",Khalil Shakir,WR,610,2024,khalil shakir
6.646017699115045,3.7100160601510055,4.940214285714285,3.24716997578215,4.0546236559139786,0.344607595762973,66.42857142857143,17.608450467560964,3,93,140,699,"{'season': 2024, 'currentTeamId': '3410', 'displayName': ""Wan'Dale Robinson"", 'esbId': 'ROB717726', 'firstName': 'Charles', 'footballName': ""Wan'Dale"", 'gsisId': '00-0038117', 'gsisItId': 54508, 'headshot': 'https://static.www.nfl.com/image/upload/{formatInstructions}/league/z94hnehk9vgmvtad6sgi', 'jerseyNumber': 17, 'lastName': 'Robinson', 'position': 'WR', 'positionGroup': 'WR', 'shortName': 'W.Robinson', 'smartId': '3200524f-4271-7726-8cbf-ec8b4c6b1627', 'status': 'ACT', 'uniformNumber': '17', 'ngsPosition': 'SLOT_WR', 'ngsPositionGroup': 'WR'}",Wan'Dale Robinson,WR,3410,2024,wan'dale robinson
6.625405405405406,5.309485449262343,4.485217391304348,4.056089405564894,5.399032258064517,0.089546808802174,67.3913043478261,5.067469654620209,1,31,46,253,"{'season': 2024, 'currentTeamId': '0610', 'displayName': 'Curtis Samuel', 'esbId': 'SAM633285', 'firstName': 'Curtis', 'footballName': 'Curtis', 'gsisId': '00-0033282', 'gsisItId': 44852, 'headshot': 'https://static.www.nfl.com/image/upload/{formatInstructions}/league/mq62ulflifrpjrcyknbj', 'jerseyNumber': 1, 'lastName': 'Samuel', 'position': 'WR', 'positionGroup': 'WR', 'shortName': 'C.Samuel', 'smartId': '32005341-4d63-3285-ce5d-61e91947654e', 'status': 'ACT', 'uniformNumber': '1', 'ngsPosition': 'WR', 'ngsPositionGroup': 'WR'}",Curtis Samuel,WR,610,2024,curtis samuel
6.620408163265306,4.357243371045069,5.362968749999999,3.646108447464602,3.6397872340425534,-0.7174561370025154,73.4375,7.934229323568978,1,47,64,365,"{'season': 2024, 'currentTeamId': '2250', 'displayName': 'Evan Engram', 'esbId': 'ENG726325', 'firstName': 'Evan', 'footballName': 'Evan', 'gsisId': '00-0033881', 'gsisItId': 44835, 'headshot': 'https://static.www.nfl.com/image/upload/{formatInstructions}/league/sea0atk2feif4n75dvq8', 'jerseyNumber': 17, 'lastName': 'Engram', 'position': 'TE', 'positionGroup': 'TE', 'shortName': 'E.Engram', 'smartId': '3200454e-4772-6325-a4a0-9b4b442fe68a', 'status': 'RES', 'uniformNumber': '17', 'ngsPosition': 'SLOT_WR', 'ngsPositionGroup': 'WR'}",Evan Engram,TE,2250,2024,evan engram
6.607499999999999,2.447527745640317,15.21476923076923,2.5556124556671,2.589230769230769,0.1417030235904515,60.0,23.37690580309656,1,39,65,575,"{'season': 2024, 'currentTeamId': '4400', 'displayName': 'Josh Palmer', 'esbId': 'PAL451625', 'firstName': 'Josh', 'footballName': 'Josh', 'gsisId': '00-0036988', 'gsisItId': 53506, 'headshot': 'https://static.www.nfl.com/image/upload/{formatInstructions}/league/dexbsmmldvsqtr83or5l', 'jerseyNumber': 5, 'lastName': 'Palmer', 'position': 'WR', 'positionGroup': 'WR', 'shortName': 'J.Palmer', 'smartId': '32005041-4c45-1625-eb93-c2c9b11c4006', 'status': 'ACT', 'uniformNumber': '5', 'ngsPosition': 'WR', 'ngsPositionGroup': 'WR'}",Josh Palmer,WR,4400,2024,josh palmer
6.589230769230769,3.091674051618528,11.590000000000002,2.6139237058800577,2.4857142857142867,-0.6059597659042413,62.5,16.330556387269493,1,35,56,453,"{'season': 2024, 'currentTeamId': '5110', 'displayName': 'Noah Brown', 'esbId': 'BRO567406', 'firstName': 'Noah', 'footballName': 'Noah', 'gsisId': '00-0033591', 'gsisItId': 45052, 'headshot': 'https://static.www.nfl.com/image/upload/{formatInstructions}/league/nv6ix0p8965yiugsuhwh', 'jerseyNumber': 85, 'lastName': 'Brown', 'position': 'WR', 'positionGroup': 'WR', 'shortName': 'N.Brown', 'smartId': '32004252-4f56-7406-27bf-fae9f5eeb8ad', 'status': 'RES', 'uniformNumber': '85', 'ngsPosition': 'WR', 'ngsPositionGroup': 'WR'}",Noah Brown,WR,5110,2024,noah brown
6.584112149532713,3.139397936667824,10.587387387387386,2.8410293827383475,3.934202898550725,0.7948049618829014,62.16216216216216,22.97210390615684,3,69,111,808,"{'season': 2024, 'currentTeamId': '2200', 'displayName': 'Michael Pittman', 'esbId': 'PIT228050', 'firstName': 'Michael', 'footballName': 'Michael', 'gsisId': '00-0036252', 'gsisItId': 52442, 'headshot': 'https://static.www.nfl.com/image/private/{formatInstructions}/league/wnymcombo2plamteihiy', 'jerseyNumber': 11, 'lastName': 'Pittman', 'position': 'WR', 'positionGroup': 'WR', 'shortName': 'M.Pittman', 'smartId': '32005049-5422-8050-a8f8-f5210135a4b3', 'status': 'ACT', 'uniformNumber': '11', 'ngsPosition': 'WR', 'ngsPositionGroup': 'WR'}",Michael Pittman,WR,2200,2024,michael pittman
6.582820512820513,4.825258604006904,13.16340425531915,2.7862910270696197,4.929259259259259,0.1040006552523546,57.44680851063831,14.301631552911044,1,27,47,379,"{'season': 2024, 'currentTeamId': '2250', 'displayName': 'Christian Kirk', 'esbId': 'KIR257918', 'firstName': 'Christian', 'footballName': 'Christian', 'gsisId': '00-0034775', 'gsisItId': 46116, 'headshot': 'https://static.www.nfl.com/image/private/{formatInstructions}/league/ersmmtjmjlpsy9lmjvde', 'jerseyNumber': 13, 'lastName': 'Kirk', 'position': 'WR', 'positionGroup': 'WR', 'shortName': 'C.Kirk', 'smartId': '32004b49-5225-7918-e402-81feed3bdafb', 'status': 'RES', 'uniformNumber': '13', 'ngsPosition': 'SLOT_WR', 'ngsPositionGroup': 'WR'}",Christian Kirk,WR,2250,2024,christian kirk
6.558440366972478,2.629450588885462,11.874454545454546,2.4914172736118685,3.3959459459459467,0.7664953570604847,67.27272727272727,34.10319808047287,11,74,110,1004,"{'season': 2024, 'currentTeamId': '4900', 'displayName': 'Mike Evans', 'esbId': 'EVA534309', 'firstName': 'Mike', 'footballName': 'Mike', 'gsisId': '00-0031408', 'gsisItId': 41233, 'headshot': 'https://static.www.nfl.com/image/upload/{formatInstructions}/league/vfsaie1uiokfczwv9p4d', 'jerseyNumber': 13, 'lastName': 'Evans', 'position': 'WR', 'positionGroup': 'WR', 'shortName': 'M.Evans', 'smartId': '32004556-4153-4309-b2ed-6b8233f6fea5', 'status': 'ACT', 'uniformNumber': '13', 'ngsPosition': 'WR', 'ngsPositionGroup': 'WR'}",Mike Evans,WR,4900,2024,mike evans
6.544594594594595,3.377135760038563,11.915189873417722,2.722779548158009,3.47265306122449,0.0955173011859269,62.0253164556962,20.31452662383488,7,49,79,610,"{'season': 2024, 'currentTeamId': '1200', 'displayName': 'Jalen Tolbert', 'esbId': 'TOL148914', 'firstName': 'Jalen', 'footballName': 'Jalen', 'gsisId': '00-0037666', 'gsisItId': 54553, 'headshot': 'https://static.www.nfl.com/image/upload/{formatInstructions}/league/cek1m1cbly5rfmmmjpcc', 'jerseyNumber': 1, 'lastName': 'Tolbert', 'position': 'WR', 'positionGroup': 'WR', 'shortName': 'J.Tolbert', 'smartId': '3200544f-4c14-8914-de91-cd54d59de2a2', 'status': 'ACT', 'uniformNumber': '1', 'ngsPosition': 'WR', 'ngsPositionGroup': 'WR'}",Jalen Tolbert,WR,1200,2024,jalen tolbert
6.542890625,3.2094389241852985,8.034184397163122,3.091643513003558,3.7073043478260863,0.4978654236407878,81.56028368794325,31.897483837541955,12,115,141,1263,"{'season': 2024, 'currentTeamId': '1540', 'displayName': 'Amon-Ra St. Brown', 'esbId': 'STB415291', 'firstName': 'Amon-Ra', 'footballName': 'Amon-Ra', 'gsisId': '00-0036963', 'gsisItId': 53541, 'headshot': 'https://static.www.nfl.com/image/upload/{formatInstructions}/league/jmfuamqblg8jag0stpnq', 'jerseyNumber': 14, 'lastName': 'St. Brown', 'position': 'WR', 'positionGroup': 'WR', 'shortName': 'A.St. Brown', 'smartId': '32005354-4241-5291-a564-57e98d35161d', 'status': 'ACT', 'uniformNumber': '14', 'ngsPosition': 'WR', 'ngsPositionGroup': 'WR'}",Amon-Ra St. Brown,WR,1540,2024,amon-ra st brown
6.541,2.7282400598533125,11.233333333333333,3.1651279132633325,3.5253125,0.7970724401466875,62.74509803921568,13.24336444795813,3,32,51,390,"{'season': 2024, 'currentTeamId': '2250', 'displayName': 'Parker Washington', 'esbId': 'WAS604325', 'firstName': 'Christopher', 'footballName': 'Parker', 'gsisId': '00-0038606', 'gsisItId': 56050, 'headshot': 'https://static.www.nfl.com/image/private/{formatInstructions}/league/pukz1x5ysxkhvsmcttdm', 'jerseyNumber': 11, 'lastName': 'Washington', 'position': 'WR', 'positionGroup': 'WR', 'shortName': 'P.Washington', 'smartId': '32005741-5360-4325-2e4f-b11d5ed26427', 'status': 'ACT', 'uniformNumber': '11', 'ngsPosition': 'WR', 'ngsPositionGroup': 'WR'}",Parker Washington,WR,2250,2024,parker washington
6.540357142857144,2.8021144777413616,13.670256410256409,2.7326569820340487,3.698048780487805,0.8959343027464435,70.08547008547008,40.243156811485534,13,82,117,1096,"{'season': 2024, 'currentTeamId': '5110', 'displayName': 'Terry McLaurin', 'esbId': 'MCL278328', 'firstName': 'Terry', 'footballName': 'Terry', 'gsisId': '00-0035659', 'gsisItId': 47859, 'headshot': 'https://static.www.nfl.com/image/upload/{formatInstructions}/league/wokz1etv1wj1vhbmvxgs', 'jerseyNumber': 17, 'lastName': 'McLaurin', 'position': 'WR', 'positionGroup': 'WR', 'shortName': 'T.McLaurin', 'smartId': '32004d43-4c27-8328-8097-b130ba0e8060', 'status': 'ACT', 'uniformNumber': '17', 'ngsPosition': 'WR', 'ngsPositionGroup': 'WR'}",Terry McLaurin,WR,5110,2024,terry mclaurin
6.536785714285715,4.036818202239138,9.605280898876403,2.957029785309726,4.303676470588235,0.2668582683490976,76.40449438202246,25.606563466008485,8,68,89,833,"{'season': 2024, 'currentTeamId': '3700', 'displayName': 'DeVonta Smith', 'esbId': 'SMI206016', 'firstName': 'DeVonta', 'footballName': 'DeVonta', 'gsisId': '00-0036912', 'gsisItId': 53439, 'headshot': 'https://static.www.nfl.com/image/upload/{formatInstructions}/league/bmdflwy52nsk7zpnfhwb', 'jerseyNumber': 6, 'lastName': 'Smith', 'position': 'WR', 'positionGroup': 'WR', 'shortName': 'D.Smith', 'smartId': '3200534d-4920-6016-573c-fcc767bafc4d', 'status': 'ACT', 'uniformNumber': '06', 'ngsPosition': 'SLOT_WR', 'ngsPositionGroup': 'WR'}",DeVonta Smith,WR,3700,2024,devonta smith
6.517386363636363,6.1631244563231045,11.3289010989011,3.36673002446728,7.784310344827586,1.621185888504482,63.73626373626373,29.028506746559145,7,58,91,992,"{'season': 2024, 'currentTeamId': '1540', 'displayName': 'Jameson Williams', 'esbId': 'WIL344909', 'firstName': 'Jameson', 'footballName': 'Jameson', 'gsisId': '00-0037240', 'gsisItId': 54477, 'headshot': 'https://static.www.nfl.com/image/upload/{formatInstructions}/league/kt6xzcnjbe9affdfsayt', 'jerseyNumber': 9, 'lastName': 'Williams', 'position': 'WR', 'positionGroup': 'WR', 'shortName': 'J.Williams', 'smartId': '32005749-4c34-4909-bc5e-bde59d1a8826', 'status': 'ACT', 'uniformNumber': '9', 'ngsPosition': 'WR', 'ngsPositionGroup': 'WR'}",Jameson Williams,WR,1540,2024,jameson williams
6.509191919191918,5.239685190830669,7.691320754716981,3.319900838167648,6.726582278481012,1.486897087650343,74.52830188679245,19.984704082833275,3,79,106,990,"{'season': 2024, 'currentTeamId': '2510', 'displayName': 'Puka Nacua', 'esbId': 'NAC559347', 'firstName': 'Puka', 'footballName': 'Puka', 'gsisId': '00-0039075', 'gsisItId': 56042, 'headshot': 'https://static.www.nfl.com/image/upload/{formatInstructions}/league/i1pmrhua5gpvwgsqphxa', 'jerseyNumber': 17, 'lastName': 'Nacua', 'position': 'WR', 'positionGroup': 'WR', 'shortName': 'P.Nacua', 'smartId': '32004e41-4355-9347-35af-af88fcaf7ee9', 'status': 'ACT', 'uniformNumber': '17', 'ngsPosition': 'WR', 'ngsPositionGroup': 'WR'}",Puka Nacua,WR,2510,2024,puka nacua
6.491150442477877,3.868565738071702,9.747520661157026,3.002284031908708,3.7638571428571432,-0.1047085952145585,57.85123966942148,28.337722122379937,7,70,121,744,"{'season': 2024, 'currentTeamId': '0810', 'displayName': 'Keenan Allen', 'esbId': 'ALL532966', 'firstName': 'Keenan', 'footballName': 'Keenan', 'gsisId': '00-0030279', 'gsisItId': 40024, 'headshot': 'https://static.www.nfl.com/image/upload/{formatInstructions}/league/lngo1onvkcqjnq7ozkuu', 'jerseyNumber': 13, 'lastName': 'Allen', 'position': 'WR', 'positionGroup': 'WR', 'shortName': 'K.Allen', 'smartId': '3200414c-4c53-2966-dfa9-55ae464e7b3d', 'status': 'ACT', 'uniformNumber': '13', 'ngsPosition': 'SLOT_WR', 'ngsPositionGroup': 'WR'}",Keenan Allen,WR,810,2024,keenan allen
6.482903225806452,4.457379927637281,6.004901960784314,3.515527475627349,5.440357142857143,0.9829772152198616,73.20261437908496,22.407388889837343,5,112,153,1194,"{'season': 2024, 'currentTeamId': '2520', 'displayName': 'Brock Bowers', 'esbId': 'BOW196560', 'firstName': 'Brock', 'footballName': 'Brock', 'gsisId': '00-0039338', 'gsisItId': 57134, 'jerseyNumber': 89, 'lastName': 'Bowers', 'position': 'TE', 'positionGroup': 'TE', 'shortName': 'B.Bowers', 'status': 'ACT', 'uniformNumber': '89', 'headshot': 'https://static.www.nfl.com/image/upload/{formatInstructions}/league/mjy86xh8munoiur4hejf', 'smartId': '3200424f-5719-6560-aaaa-d9f4cc244721', 'ngsPosition': 'TE', 'ngsPositionGroup': 'WR'}",Brock Bowers,TE,2520,2024,brock bowers
6.473777777777777,3.7774282304012416,6.4841509433962266,3.035487511098058,4.918750000000001,1.1413217695987594,75.47169811320755,7.944169359722973,2,40,53,411,"{'season': 2024, 'currentTeamId': '2250', 'displayName': 'Brenton Strange', 'esbId': 'STR188631', 'firstName': 'Brenton', 'footballName': 'Brenton', 'gsisId': '00-0038935', 'gsisItId': 55926, 'headshot': 'https://static.www.nfl.com/image/private/{formatInstructions}/league/trfk78mrfsafnbatyx2x', 'jerseyNumber': 85, 'lastName': 'Strange', 'position': 'TE', 'positionGroup': 'TE', 'shortName': 'B.Strange', 'smartId': '32005354-5218-8631-c965-3e23bcc23565', 'status': 'ACT', 'uniformNumber': '85', 'ngsPosition': 'TE', 'ngsPositionGroup': 'TE'}",Brenton Strange,TE,2250,2024,brenton strange
6.457171717171716,4.692119788192072,12.67198113207547,2.9777865475755747,4.43390625,-0.2582135381920718,60.37735849056604,29.990443996909928,5,64,106,992,"{'season': 2024, 'currentTeamId': '0200', 'displayName': 'Darnell Mooney', 'esbId': 'MOO076900', 'firstName': 'Darnell', 'footballName': 'Darnell', 'gsisId': '00-0036309', 'gsisItId': 52581, 'headshot': 'https://static.www.nfl.com/image/upload/{formatInstructions}/league/c1ixyspw0eshl3a2qrly', 'jerseyNumber': 1, 'lastName': 'Mooney', 'position': 'WR', 'positionGroup': 'WR', 'shortName': 'D.Mooney', 'smartId': '32004d4f-4f07-6900-2883-f3ddae0181d4', 'status': 'ACT', 'uniformNumber': '1', 'ngsPosition': 'WR', 'ngsPositionGroup': 'WR'}",Darnell Mooney,WR,200,2024,darnell mooney
6.447199999999999,3.359381169979856,9.80937984496124,2.731501328602796,3.5316091954023,0.1722280254224437,67.44186046511628,30.862077796015317,4,87,129,1027,"{'season': 2024, 'currentTeamId': '2520', 'displayName': 'Jakobi Meyers', 'esbId': 'MEY171606', 'firstName': 'Jakobi', 'footballName': 'Jakobi', 'gsisId': '00-0034960', 'gsisItId': 48097, 'headshot': 'https://static.www.nfl.com/image/upload/{formatInstructions}/league/p1abjttm5pu8gev0gwea', 'jerseyNumber': 16, 'lastName': 'Meyers', 'position': 'WR', 'positionGroup': 'WR', 'shortName': 'J.Meyers', 'smartId': '32004d45-5917-1606-4197-8f46779fb9b7', 'status': 'ACT', 'uniformNumber': '16', 'ngsPosition': 'WR', 'ngsPositionGroup': 'WR'}",Jakobi Meyers,WR,2520,2024,jakobi meyers
6.431555555555556,4.029816659021234,7.127543859649123,2.774185579386632,5.160769230769231,1.1309525717479971,68.42105263157895,9.87117685362464,0,39,57,390,"{'season': 2024, 'currentTeamId': '2100', 'displayName': 'Tyler Boyd', 'esbId': 'BOY378353', 'firstName': 'Tyler', 'footballName': 'Tyler', 'gsisId': '00-0033009', 'gsisItId': 43344, 'headshot': 'https://static.www.nfl.com/image/upload/{formatInstructions}/league/ttifog0hjxprlhkagugu', 'jerseyNumber': 83, 'lastName': 'Boyd', 'position': 'WR', 'positionGroup': 'WR', 'shortName': 'T.Boyd', 'smartId': '3200424f-5937-8353-b941-dfa7122ba16b', 'status': 'ACT', 'uniformNumber': '83', 'ngsPosition': 'SLOT_WR', 'ngsPositionGroup': 'WR'}",Tyler Boyd,WR,2100,2024,tyler boyd
6.429999999999999,3.418533616159408,11.380652173913044,2.669252053979642,5.601562499999999,2.183028883840591,69.56521739130434,12.517484691181496,2,32,46,478,"{'season': 2024, 'currentTeamId': '0750', 'displayName': 'Jalen Coker', 'esbId': 'COK451291', 'firstName': 'Jalen', 'footballName': 'Jalen', 'gsisId': '00-0039491', 'gsisItId': 57606, 'jerseyNumber': 18, 'lastName': 'Coker', 'position': 'WR', 'positionGroup': 'WR', 'shortName': 'J.Coker', 'status': 'ACT', 'uniformNumber': '18', 'headshot': 'https://static.www.nfl.com/image/upload/{formatInstructions}/league/wk9xewrixauh09f71pqh', 'smartId': '3200434f-4b45-1291-8e86-939dcb7ab63f', 'ngsPosition': 'SLOT_WR', 'ngsPositionGroup': 'WR'}",Jalen Coker,WR,750,2024,jalen coker
6.406923076923077,3.678598499887814,12.60637931034483,2.9589101827624065,4.716944444444444,1.03834594455663,62.06896551724138,20.66526103963642,4,36,58,548,"{'season': 2024, 'currentTeamId': '3900', 'displayName': 'Calvin Austin', 'esbId': 'AUS738004', 'firstName': 'Calvin', 'footballName': 'Calvin', 'gsisId': '00-0037837', 'gsisItId': 54603, 'headshot': 'https://static.www.nfl.com/image/private/{formatInstructions}/league/qlt6ztqcbu0uzad6aavt', 'jerseyNumber': 19, 'lastName': 'Austin', 'position': 'WR', 'positionGroup': 'WR', 'shortName': 'C.Austin', 'smartId': '32004155-5373-8004-5ff3-52f1c2b4fb0b', 'status': 'ACT', 'uniformNumber': '19', 'ngsPosition': 'SLOT_WR', 'ngsPositionGroup': 'WR'}",Calvin Austin,WR,3900,2024,calvin austin
6.4055,3.6864382538569607,10.9491935483871,3.0041330226667085,3.508333333333333,-0.1781049205236278,77.41935483870968,16.231771088629753,5,48,62,615,"{'season': 2024, 'currentTeamId': '0750', 'displayName': 'Adam Thielen', 'esbId': 'THI510348', 'firstName': 'Adam', 'footballName': 'Adam', 'gsisId': '00-0030035', 'gsisItId': 40488, 'headshot': 'https://static.www.nfl.com/image/upload/{formatInstructions}/league/pxehgo0l9xl03n7dronf', 'jerseyNumber': 19, 'lastName': 'Thielen', 'position': 'WR', 'positionGroup': 'WR', 'shortName': 'A.Thielen', 'smartId': '32005448-4951-0348-440c-28f32f21652b', 'status': 'ACT', 'uniformNumber': '19', 'ngsPosition': 'SLOT_WR', 'ngsPositionGroup': 'WR'}",Adam Thielen,WR,750,2024,adam thielen
6.4013888888888895,3.892384137000493,11.093648648648648,2.664344589976156,2.9979591836734696,-0.8944249533270234,66.21621621621621,20.13756528095648,2,49,74,600,"{'season': 2024, 'currentTeamId': '4600', 'displayName': 'Tyler Lockett', 'esbId': 'LOC420915', 'firstName': 'Tyler', 'footballName': 'Tyler', 'gsisId': '00-0032211', 'gsisItId': 42412, 'headshot': 'https://static.www.nfl.com/image/upload/{formatInstructions}/league/yz9p4pfwr0iyakhnwj4z', 'jerseyNumber': 16, 'lastName': 'Lockett', 'position': 'WR', 'positionGroup': 'WR', 'shortName': 'T.Lockett', 'smartId': '32004c4f-4342-0915-1af7-ec50f437887c', 'status': 'ACT', 'uniformNumber': '16', 'ngsPosition': 'WR', 'ngsPositionGroup': 'WR'}",Tyler Lockett,WR,4600,2024,tyler lockett
6.390701754385964,5.047980963331976,5.582096774193549,3.2367595142224164,7.3276,2.2796190366680245,80.64516129032258,9.036032907671055,5,50,62,576,"{'season': 2024, 'currentTeamId': '4900', 'displayName': 'Chris Godwin', 'esbId': 'GOD549393', 'firstName': 'Rod', 'footballName': 'Chris', 'gsisId': '00-0033921', 'gsisItId': 44896, 'headshot': 'https://static.www.nfl.com/image/upload/{formatInstructions}/league/al7b3dzqhysgve7l5lke', 'jerseyNumber': 14, 'lastName': 'Godwin', 'position': 'WR', 'positionGroup': 'WR', 'shortName': 'C.Godwin', 'smartId': '3200474f-4454-9393-6eec-24189dd66641', 'status': 'RES', 'uniformNumber': '14', 'ngsPosition': 'SLOT_WR', 'ngsPositionGroup': 'WR'}",Chris Godwin,WR,4900,2024,chris godwin
6.390454545454546,3.415874500640829,5.297835051546391,3.09989212913583,4.21484375,0.7989692493591711,65.97938144329896,10.43134946411172,5,64,97,505,"{'season': 2024, 'currentTeamId': '1050', 'displayName': 'David Njoku', 'esbId': 'NJO355964', 'firstName': 'David', 'footballName': 'David', 'gsisId': '00-0033885', 'gsisItId': 44841, 'headshot': 'https://static.www.nfl.com/image/private/{formatInstructions}/league/ilvxwdllivrvwbuj69cm', 'jerseyNumber': 85, 'lastName': 'Njoku', 'position': 'TE', 'positionGroup': 'TE', 'shortName': 'D.Njoku', 'smartId': '32004e4a-4f35-5964-1f03-4dc0b4e0b757', 'status': 'RES', 'uniformNumber': '85', 'ngsPosition': 'TE', 'ngsPositionGroup': 'WR'}",David Njoku,TE,1050,2024,david njoku
6.365616438356164,2.7126729972299213,11.674473684210524,2.9713222990926207,3.8176923076923073,1.105019310462386,51.31578947368421,22.037485035294356,5,39,76,415,"{'season': 2024, 'currentTeamId': '1800', 'displayName': 'Dontayvion Wicks', 'esbId': 'WIC622867', 'firstName': 'Dontayvion', 'footballName': 'Dontayvion', 'gsisId': '00-0038393', 'gsisItId': 56024, 'headshot': 'https://static.www.nfl.com/image/upload/{formatInstructions}/league/ghsev2bmz8kvhm8dsbey', 'jerseyNumber': 13, 'lastName': 'Wicks', 'position': 'WR', 'positionGroup': 'WR', 'shortName': 'D.Wicks', 'smartId': '32005749-4362-2867-1ce9-aa6b2d842d21', 'status': 'ACT', 'uniformNumber': '13', 'ngsPosition': 'WR', 'ngsPositionGroup': 'WR'}",Dontayvion Wicks,WR,1800,2024,dontayvion wicks
6.355063291139241,2.4602070073881013,12.296547619047615,2.619110107955592,2.519999999999999,0.0597929926118978,58.333333333333336,24.69758956346255,4,49,84,497,"{'season': 2024, 'currentTeamId': '0750', 'displayName': 'Xavier Legette', 'esbId': 'LEG145351', 'firstName': 'Xavier', 'footballName': 'Xavier', 'gsisId': '00-0039342', 'gsisItId': 57153, 'jerseyNumber': 17, 'lastName': 'Legette', 'position': 'WR', 'positionGroup': 'WR', 'shortName': 'X.Legette', 'status': 'ACT', 'uniformNumber': '17', 'headshot': 'https://static.www.nfl.com/image/upload/{formatInstructions}/league/a3etuvp3kqtwmtkioq8g', 'smartId': '32004c45-4714-5351-c48c-d286b74bea32', 'ngsPosition': 'WR', 'ngsPositionGroup': 'WR'}",Xavier Legette,WR,750,2024,xavier legette
6.345957446808511,2.912267740051747,13.366868686868688,2.9958312128217406,3.557777777777777,0.6455100377260305,63.63636363636363,28.825414251515536,9,63,99,875,"{'season': 2024, 'currentTeamId': '3000', 'displayName': 'Jordan Addison', 'esbId': 'ADD491056', 'firstName': 'Jordan', 'footballName': 'Jordan', 'gsisId': '00-0038994', 'gsisItId': 55887, 'headshot': 'https://static.www.nfl.com/image/upload/{formatInstructions}/league/tmyckmignrvy8truccwm', 'jerseyNumber': 3, 'lastName': 'Addison', 'position': 'WR', 'positionGroup': 'WR', 'shortName': 'J.Addison', 'smartId': '32004144-4449-1056-9ba9-b09766bad478', 'status': 'ACT', 'uniformNumber': '3', 'ngsPosition': 'WR', 'ngsPositionGroup': 'WR'}",Jordan Addison,WR,3000,2024,jordan addison
6.332222222222224,5.227865295607764,4.730636363636363,3.4855723527641125,6.060795454545453,0.8329301589376898,79.27927927927928,14.78210478173549,8,88,111,884,"{'season': 2024, 'currentTeamId': '2700', 'displayName': 'Jonnu Smith', 'esbId': 'SMI443054', 'firstName': 'Jonnu', 'footballName': 'Jonnu', 'gsisId': '00-0033858', 'gsisItId': 44912, 'headshot': 'https://static.www.nfl.com/image/upload/{formatInstructions}/league/p8uldtljkzb6sile3wgx', 'jerseyNumber': 9, 'lastName': 'Smith', 'position': 'TE', 'positionGroup': 'TE', 'shortName': 'J.Smith', 'smartId': '3200534d-4944-3054-540c-5ec35eb5903e', 'status': 'ACT', 'uniformNumber': '9', 'ngsPosition': 'SLOT_WR', 'ngsPositionGroup': 'WR'}",Jonnu Smith,TE,2700,2024,jonnu smith
6.322409638554218,3.3507680741110404,7.613406593406593,3.63137381643962,3.143333333333333,-0.2074347407777068,72.52747252747253,17.43210907837429,7,66,91,654,"{'season': 2024, 'currentTeamId': '5110', 'displayName': 'Zach Ertz', 'esbId': 'ERT800920', 'firstName': 'Zachary', 'footballName': 'Zach', 'gsisId': '00-0030061', 'gsisItId': 39983, 'headshot': 'https://static.www.nfl.com/image/upload/{formatInstructions}/league/xktmmeumuoglbuam75iz', 'jerseyNumber': 86, 'lastName': 'Ertz', 'position': 'TE', 'positionGroup': 'TE', 'shortName': 'Z.Ertz', 'smartId': '32004552-5480-0920-32a6-165b5a77814e', 'status': 'ACT', 'uniformNumber': '86', 'ngsPosition': 'SLOT_WR', 'ngsPositionGroup': 'WR'}",Zach Ertz,TE,5110,2024,zach ertz
6.321868131868132,6.639783540419274,8.992551020408163,3.773457957263268,7.0857627118644055,0.4459791714451313,60.204081632653065,24.468099874781696,6,59,98,638,"{'season': 2024, 'currentTeamId': '2310', 'displayName': 'Xavier Worthy', 'esbId': 'WOR741496', 'firstName': 'Xavier', 'footballName': 'Xavier', 'gsisId': '00-0039894', 'gsisItId': 57149, 'jerseyNumber': 1, 'lastName': 'Worthy', 'position': 'WR', 'positionGroup': 'WR', 'shortName': 'X.Worthy', 'status': 'ACT', 'uniformNumber': '01', 'headshot': 'https://static.www.nfl.com/image/upload/{formatInstructions}/league/fvzbx5gpiqkogglyoo1w', 'smartId': '3200574f-5274-1496-c9ca-5c4709faa05b', 'ngsPosition': 'WR', 'ngsPositionGroup': 'WR'}",Xavier Worthy,WR,2310,2024,xavier worthy
6.316363636363636,7.41994816294951,8.846153846153847,3.3728610555409198,8.721612903225806,1.301664740276296,59.61538461538461,9.927421913273182,2,31,52,420,"{'season': 2024, 'currentTeamId': '1200', 'displayName': 'Kavontae Turpin', 'esbId': 'TUR785436', 'firstName': 'Kavontae', 'footballName': 'Kavontae', 'gsisId': '00-0037801', 'gsisItId': 53117, 'headshot': 'https://static.www.nfl.com/image/upload/{formatInstructions}/league/lwkox2bvc6k3hqmidf4q', 'jerseyNumber': 9, 'lastName': 'Turpin', 'position': 'WR', 'positionGroup': 'WR', 'shortName': 'K.Turpin', 'smartId': '32005455-5278-5436-f08f-3e4ec71654f2', 'status': 'ACT', 'uniformNumber': '9', 'ngsPosition': 'SLOT_WR', 'ngsPositionGroup': 'WR'}",Kavontae Turpin,WR,1200,2024,kavontae turpin
6.237924528301886,2.9965910200593333,12.583703703703703,2.1633950295248607,2.364615384615385,-0.6319756354439487,48.14814814814815,14.664960301103026,3,26,54,259,"{'season': 2024, 'currentTeamId': '1200', 'displayName': 'Brandin Cooks', 'esbId': 'COO299382', 'firstName': 'Brandin', 'footballName': 'Brandin', 'gsisId': '00-0031236', 'gsisItId': 41246, 'headshot': 'https://static.www.nfl.com/image/upload/{formatInstructions}/league/pjoksfxpbba4hevwpuop', 'jerseyNumber': 3, 'lastName': 'Cooks', 'position': 'WR', 'positionGroup': 'WR', 'shortName': 'B.Cooks', 'smartId': '3200434f-4f29-9382-29e1-70020b0a09be', 'status': 'ACT', 'uniformNumber': '3', 'ngsPosition': 'WR', 'ngsPositionGroup': 'WR'}",Brandin Cooks,WR,1200,2024,brandin cooks
6.228250000000001,4.330446171919262,8.82051094890511,3.295539909218757,4.904000000000001,0.5735538280807386,72.99270072992701,29.642521604960987,6,100,137,1130,"{'season': 2024, 'currentTeamId': '4600', 'displayName': 'Jaxon Smith-Njigba', 'esbId': 'SMI829636', 'firstName': 'Jaxon', 'footballName': 'Jaxon', 'gsisId': '00-0038543', 'gsisItId': 55884, 'headshot': 'https://static.www.nfl.com/image/upload/{formatInstructions}/league/lfroslgx4bo5p641flvg', 'jerseyNumber': 11, 'lastName': 'Smith-Njigba', 'position': 'WR', 'positionGroup': 'WR', 'shortName': 'J.Smith-Njigba', 'smartId': '3200534d-4982-9636-a18c-5da6fbdaa80c', 'status': 'ACT', 'uniformNumber': '11', 'ngsPosition': 'SLOT_WR', 'ngsPositionGroup': 'WR'}",Jaxon Smith-Njigba,WR,4600,2024,jaxon smith-njigba
6.22211009174312,2.026651924792704,10.53899082568807,2.371985075660237,3.2075342465753423,1.1808823217826383,66.97247706422019,24.564783669524275,10,73,109,911,"{'season': 2024, 'currentTeamId': '0920', 'displayName': 'Tee Higgins', 'esbId': 'HIG387791', 'firstName': 'Tamaurice', 'footballName': 'Tee', 'gsisId': '00-0036410', 'gsisItId': 52441, 'headshot': 'https://static.www.nfl.com/image/upload/{formatInstructions}/league/swqgkrdmjecz3vumrex5', 'jerseyNumber': 5, 'lastName': 'Higgins', 'position': 'WR', 'positionGroup': 'WR', 'shortName': 'T.Higgins', 'smartId': '32004849-4738-7791-9f89-d556c4b59b9a', 'status': 'ACT', 'uniformNumber': '5', 'ngsPosition': 'WR', 'ngsPositionGroup': 'WR'}",Tee Higgins,WR,920,2024,tee higgins
6.18848,5.558381658145239,11.382857142857144,3.012473106979429,6.79057471264368,1.23219305449844,65.41353383458647,34.996324498259334,10,87,133,1282,"{'season': 2024, 'currentTeamId': '2250', 'displayName': 'Brian Thomas', 'esbId': 'THO419793', 'firstName': 'Brian', 'footballName': 'Brian', 'gsisId': '00-0039893', 'gsisItId': 57144, 'jerseyNumber': 7, 'lastName': 'Thomas', 'position': 'WR', 'positionGroup': 'WR', 'shortName': 'B.Thomas', 'status': 'ACT', 'uniformNumber': '7', 'headshot': 'https://static.www.nfl.com/image/upload/{formatInstructions}/league/gsz15iz0ppibhslzzgch', 'smartId': '32005448-4f41-9793-7e94-7811f8a76eb2', 'ngsPosition': 'WR', 'ngsPositionGroup': 'WR'}",Brian Thomas,WR,2250,2024,brian thomas
6.170847457627119,2.103275017530498,12.065999999999995,2.313465212806617,4.2459375,2.142662482469502,53.333333333333336,17.59011788945798,9,32,60,497,"{'season': 2024, 'currentTeamId': '2100', 'displayName': 'Nick Westbrook-Ikhine', 'esbId': 'WES567220', 'firstName': 'Nicholas', 'footballName': 'Nick', 'gsisId': '00-0036182', 'gsisItId': 53074, 'headshot': 'https://static.www.nfl.com/image/upload/{formatInstructions}/league/rt9ic9wzwl2pevlxt1nd', 'jerseyNumber': 15, 'lastName': 'Westbrook-Ikhine', 'position': 'WR', 'positionGroup': 'WR', 'shortName': 'N.Westbrook-Ikhine', 'smartId': '32005745-5356-7220-67cc-7d57ec5c5725', 'status': 'ACT', 'uniformNumber': '15', 'ngsPosition': 'WR', 'ngsPositionGroup': 'WR'}",Nick Westbrook-Ikhine,WR,2100,2024,nick westbrook-ikhine
6.160222222222223,5.53507050555922,5.209305555555557,4.324308091444355,5.460980392156863,-0.0740901134023577,70.83333333333334,9.56318427748966,4,51,72,449,"{'season': 2024, 'currentTeamId': '3430', 'displayName': 'Tyler Conklin', 'esbId': 'CON185250', 'firstName': 'Tyler', 'footballName': 'Tyler', 'gsisId': '00-0034270', 'gsisItId': 46226, 'headshot': 'https://static.www.nfl.com/image/upload/{formatInstructions}/league/chajhumpfogd8effewe6', 'jerseyNumber': 83, 'lastName': 'Conklin', 'position': 'TE', 'positionGroup': 'TE', 'shortName': 'T.Conklin', 'smartId': '3200434f-4e18-5250-1988-fe7b6c249df3', 'status': 'ACT', 'uniformNumber': '83', 'ngsPosition': 'TE', 'ngsPositionGroup': 'TE'}",Tyler Conklin,TE,3430,2024,tyler conklin
6.159999999999999,4.539111352806705,12.500493827160492,2.801287643486286,4.52,-0.0191113528067052,58.0246913580247,24.69483270369078,3,47,81,539,"{'season': 2024, 'currentTeamId': '2520', 'displayName': 'Tre Tucker', 'esbId': 'TUC399910', 'firstName': 'Tre', 'footballName': 'Tre', 'gsisId': '00-0038563', 'gsisItId': 55965, 'headshot': 'https://static.www.nfl.com/image/upload/{formatInstructions}/league/soebzcfwhgnjffwqv1ox', 'jerseyNumber': 11, 'lastName': 'Tucker', 'position': 'WR', 'positionGroup': 'WR', 'shortName': 'T.Tucker', 'smartId': '32005455-4339-9910-7816-4a6883d99032', 'status': 'ACT', 'uniformNumber': '11', 'ngsPosition': 'WR', 'ngsPositionGroup': 'WR'}",Tre Tucker,WR,2520,2024,tre tucker
6.143118279569892,2.8096889002176395,9.086470588235294,3.0934416688418414,2.525409836065573,-0.284279064152066,59.80392156862745,18.81333225073075,1,61,102,538,"{'season': 2024, 'currentTeamId': '1050', 'displayName': 'Elijah Moore', 'esbId': 'MOO279723', 'firstName': 'Elijah', 'footballName': 'Elijah', 'gsisId': '00-0036980', 'gsisItId': 53463, 'headshot': 'https://static.www.nfl.com/image/private/{formatInstructions}/league/bhwvzckfhhcqhb7zdqyj', 'jerseyNumber': 8, 'lastName': 'Moore', 'position': 'WR', 'positionGroup': 'WR', 'shortName': 'E.Moore', 'smartId': '32004d4f-4f27-9723-3c75-0e082bc200c9', 'status': 'ACT', 'uniformNumber': '8', 'ngsPosition': 'SLOT_WR', 'ngsPositionGroup': 'WR'}",Elijah Moore,WR,1050,2024,elijah moore
6.124444444444445,3.1150766838395216,11.666122448979594,2.920522131983175,3.9127586206896536,0.797681936850132,59.18367346938776,11.603605066580055,3,29,49,339,"{'season': 2024, 'currentTeamId': '1050', 'displayName': 'Cedric Tillman', 'esbId': 'TIL377067', 'firstName': 'Cedric', 'footballName': 'Cedric', 'gsisId': '00-0038979', 'gsisItId': 55939, 'headshot': 'https://static.www.nfl.com/image/upload/{formatInstructions}/league/fp371fgk45btt01uvucq', 'jerseyNumber': 19, 'lastName': 'Tillman', 'position': 'WR', 'positionGroup': 'WR', 'shortName': 'C.Tillman', 'smartId': '32005449-4c37-7067-218b-007e17161edd', 'status': 'RES', 'uniformNumber': '19', 'ngsPosition': 'WR', 'ngsPositionGroup': 'WR'}",Cedric Tillman,WR,1050,2024,cedric tillman
6.115975609756096,3.731427063166554,9.45229411764706,2.8126119324836014,4.481834862385321,0.7504077992187668,64.11764705882354,40.910375449039286,7,109,170,1204,"{'season': 2024, 'currentTeamId': '3410', 'displayName': 'Malik Nabers', 'esbId': 'NAB400459', 'firstName': 'Malik', 'footballName': 'Malik', 'gsisId': '00-0039337', 'gsisItId': 57127, 'jerseyNumber': 1, 'lastName': 'Nabers', 'position': 'WR', 'positionGroup': 'WR', 'shortName': 'M.Nabers', 'status': 'ACT', 'uniformNumber': '1', 'headshot': 'https://static.www.nfl.com/image/upload/{formatInstructions}/league/w3edoyyuomqlovvp9ixc', 'smartId': '32004e41-4240-0459-a77d-033b6932cbbb', 'ngsPosition': 'WR', 'ngsPositionGroup': 'WR'}",Malik Nabers,WR,3410,2024,malik nabers
6.113076923076923,3.7801273072989394,8.71274193548387,3.062507251337355,3.916097560975609,0.1359702536766698,66.12903225806451,11.766768827287558,0,41,62,455,"{'season': 2024, 'currentTeamId': '3000', 'displayName': 'T.J. Hockenson', 'esbId': 'HOC422041', 'firstName': 'Thomas', 'footballName': 'T.J.', 'gsisId': '00-0035229', 'gsisItId': 47791, 'headshot': 'https://static.www.nfl.com/image/upload/{formatInstructions}/league/n9zhffstwzae8i5di6tk', 'jerseyNumber': 87, 'lastName': 'Hockenson', 'position': 'TE', 'positionGroup': 'TE', 'shortName': 'T.Hockenson', 'smartId': '3200484f-4342-2041-c442-6c874885b155', 'status': 'ACT', 'uniformNumber': '87', 'ngsPosition': 'TE', 'ngsPositionGroup': 'WR'}",T.J. Hockenson,TE,3000,2024,tj hockenson
6.100769230769231,4.261860003202084,6.644962406015036,3.472824707439864,3.769690721649485,-0.4921692815526,72.93233082706767,24.53778899467197,3,97,133,823,"{'season': 2024, 'currentTeamId': '2310', 'displayName': 'Travis Kelce', 'esbId': 'KEL012458', 'firstName': 'Travis', 'footballName': 'Travis', 'gsisId': '00-0030506', 'gsisItId': 40011, 'headshot': 'https://static.www.nfl.com/image/upload/{formatInstructions}/league/ilk4qbxxs6mt3v9zfvtg', 'jerseyNumber': 87, 'lastName': 'Kelce', 'position': 'TE', 'positionGroup': 'TE', 'shortName': 'T.Kelce', 'smartId': '32004b45-4c01-2458-b7b6-3a14cdb414dd', 'status': 'ACT', 'uniformNumber': '87', 'ngsPosition': 'SLOT_WR', 'ngsPositionGroup': 'WR'}",Travis Kelce,TE,2310,2024,travis kelce
6.094305555555556,2.890176474410672,12.457499999999998,2.5664642248203933,3.088913043478261,0.1987365690675888,63.888888888888886,22.277913833100683,4,46,72,601,"{'season': 2024, 'currentTeamId': '1800', 'displayName': 'Romeo Doubs', 'esbId': 'DOU043165', 'firstName': 'Romeo', 'footballName': 'Romeo', 'gsisId': '00-0037816', 'gsisItId': 54597, 'headshot': 'https://static.www.nfl.com/image/upload/{formatInstructions}/league/dyulbddqbqshoqdxgo63', 'jerseyNumber': 87, 'lastName': 'Doubs', 'position': 'WR', 'positionGroup': 'WR', 'shortName': 'R.Doubs', 'smartId': '3200444f-5504-3165-5639-a63528da6f6e', 'status': 'ACT', 'uniformNumber': '87', 'ngsPosition': 'WR', 'ngsPositionGroup': 'WR'}",Romeo Doubs,WR,1800,2024,romeo doubs
6.05474358974359,3.86691403822177,12.879135802469136,2.6679110861756405,3.62078431372549,-0.2461297244962801,62.96296296296296,23.092588616295263,3,51,81,667,"{'season': 2024, 'currentTeamId': '2120', 'displayName': 'Tank Dell', 'esbId': 'DEL440817', 'firstName': 'Nathaniel', 'footballName': 'Tank', 'gsisId': '00-0038977', 'gsisItId': 55934, 'headshot': 'https://static.www.nfl.com/image/upload/{formatInstructions}/league/tqxgovzlhxj0jnwkcvtq', 'jerseyNumber': 3, 'lastName': 'Dell', 'position': 'WR', 'positionGroup': 'WR', 'shortName': 'T.Dell', 'smartId': '32004445-4c44-0817-a646-b67c3fe533fb', 'status': 'RES', 'uniformNumber': '3', 'ngsPosition': 'WR', 'ngsPositionGroup': 'WR'}",Tank Dell,WR,2120,2024,tank dell
6.043522727272727,5.43881185627578,6.420934579439252,3.2853027487737343,5.828749999999999,0.38993814372422,67.28971962616822,13.429845360522458,5,72,107,803,"{'season': 2024, 'currentTeamId': '2200', 'displayName': 'Josh Downs', 'esbId': 'DOW686145', 'firstName': 'Joshua', 'footballName': 'Josh', 'gsisId': '00-0038997', 'gsisItId': 55944, 'headshot': 'https://static.www.nfl.com/image/upload/{formatInstructions}/league/zue2xxvfrignllqlhagu', 'jerseyNumber': 1, 'lastName': 'Downs', 'position': 'WR', 'positionGroup': 'WR', 'shortName': 'J.Downs', 'smartId': '3200444f-5768-6145-dd60-3fbae406310a', 'status': 'ACT', 'uniformNumber': '1', 'ngsPosition': 'SLOT_WR', 'ngsPositionGroup': 'WR'}",Josh Downs,WR,2200,2024,josh downs
6.04280701754386,6.432470174954526,5.220428571428571,4.403760280932288,9.5536,3.121129825045473,71.42857142857143,9.076435494046407,7,50,70,707,"{'season': 2024, 'currentTeamId': '1800', 'displayName': 'Tucker Kraft', 'esbId': 'KRA144054', 'firstName': 'Tucker', 'footballName': 'Tucker', 'gsisId': '00-0038996', 'gsisItId': 55943, 'headshot': 'https://static.www.nfl.com/image/upload/{formatInstructions}/league/klrmgekdzx1ywjjmixp7', 'jerseyNumber': 85, 'lastName': 'Kraft', 'position': 'TE', 'positionGroup': 'TE', 'shortName': 'T.Kraft', 'smartId': '32004b52-4114-4054-e146-c099ad4f2842', 'status': 'ACT', 'uniformNumber': '85', 'ngsPosition': 'TE', 'ngsPositionGroup': 'TE'}",Tucker Kraft,TE,1800,2024,tucker kraft
6.030714285714286,2.519757026612914,11.42985915492958,2.580553943158636,2.936808510638298,0.417051484025384,66.19718309859155,21.979903036212452,4,47,71,548,"{'season': 2024, 'currentTeamId': '3800', 'displayName': 'Michael Wilson', 'esbId': 'WIL752419', 'firstName': 'Michael', 'footballName': 'Michael', 'gsisId': '00-0038559', 'gsisItId': 55959, 'headshot': 'https://static.www.nfl.com/image/upload/{formatInstructions}/league/spsbduvpqe21tgkwhvbc', 'jerseyNumber': 14, 'lastName': 'Wilson', 'position': 'WR', 'positionGroup': 'WR', 'shortName': 'M.Wilson', 'smartId': '32005749-4c75-2419-b58e-7c21d98d871e', 'status': 'ACT', 'uniformNumber': '14', 'ngsPosition': 'WR', 'ngsPositionGroup': 'WR'}",Michael Wilson,WR,3800,2024,michael wilson
6.03047619047619,3.355831824502902,12.77905882352941,2.6037789190710265,2.9238636363636363,-0.4319681881392663,51.76470588235295,26.678881777052943,4,44,85,547,"{'season': 2024, 'currentTeamId': '0610', 'displayName': 'Amari Cooper', 'esbId': 'COO487703', 'firstName': 'Amari', 'footballName': 'Amari', 'gsisId': '00-0031544', 'gsisItId': 42347, 'headshot': 'https://static.www.nfl.com/image/upload/{formatInstructions}/league/zmtzqznqui37unmo5xv9', 'jerseyNumber': 18, 'lastName': 'Cooper', 'position': 'WR', 'positionGroup': 'WR', 'shortName': 'A.Cooper', 'smartId': '3200434f-4f48-7703-16a5-c78426109031', 'status': 'ACT', 'uniformNumber': '18', 'ngsPosition': 'WR', 'ngsPositionGroup': 'WR'}",Amari Cooper,WR,610,2024,amari cooper
6.012075471698113,4.943017201357579,14.71618181818182,2.628168480836233,4.552173913043477,-0.3908432883141017,41.81818181818181,15.821469690779685,0,23,55,312,"{'season': 2024, 'currentTeamId': '2200', 'displayName': 'Adonai Mitchell', 'esbId': 'MIT056120', 'firstName': 'Adonai', 'footballName': 'Adonai', 'gsisId': '00-0039890', 'gsisItId': 57173, 'jerseyNumber': 10, 'lastName': 'Mitchell', 'position': 'WR', 'positionGroup': 'WR', 'shortName': 'A.Mitchell', 'status': 'ACT', 'uniformNumber': '10', 'headshot': 'https://static.www.nfl.com/image/upload/{formatInstructions}/league/fztxucnxhoxep6utluyc', 'smartId': '32004d49-5405-6120-269b-4e222571d8ba', 'ngsPosition': 'WR', 'ngsPositionGroup': 'WR'}",Adonai Mitchell,WR,2200,2024,adonai mitchell
6.006347826086956,3.765521079650674,15.289000000000003,2.7448366439242013,4.0665625,0.3010414203493257,53.333333333333336,44.57737649791533,4,64,120,1017,"{'season': 2024, 'currentTeamId': '2100', 'displayName': 'Calvin Ridley', 'esbId': 'RID652384', 'firstName': 'Calvin', 'footballName': 'Calvin', 'gsisId': '00-0034837', 'gsisItId': 46095, 'headshot': 'https://static.www.nfl.com/image/upload/{formatInstructions}/league/tmeij0cfgylmurfybs74', 'lastName': 'Ridley', 'position': 'WR', 'positionGroup': 'WR', 'shortName': 'C.Ridley', 'smartId': '32005249-4465-2384-7253-3a4b46622aa9', 'status': 'ACT', 'jerseyNumber': 0, 'ngsPosition': 'WR', 'ngsPositionGroup': 'WR', 'uniformNumber': '00'}",Calvin Ridley,WR,2100,2024,calvin ridley
6.005,3.8714160098434056,14.716944444444444,3.596526447505864,4.236222222222223,0.3648062123788169,62.5,25.575658688705023,9,45,72,756,"{'season': 2024, 'currentTeamId': '0325', 'displayName': 'Rashod Bateman', 'esbId': 'BAT103884', 'firstName': 'Rashod', 'footballName': 'Rashod', 'gsisId': '00-0036550', 'gsisItId': 53456, 'headshot': 'https://static.www.nfl.com/image/upload/{formatInstructions}/league/jkcapzvd65fxivefjv8l', 'jerseyNumber': 7, 'lastName': 'Bateman', 'position': 'WR', 'positionGroup': 'WR', 'shortName': 'R.Bateman', 'smartId': '32004241-5410-3884-8ac5-165a4f1f770e', 'status': 'ACT', 'uniformNumber': '7', 'ngsPosition': 'WR', 'ngsPositionGroup': 'WR'}",Rashod Bateman,WR,325,2024,rashod bateman
6.00156862745098,5.399806882688419,5.5390625,4.191326581736609,6.071041666666667,0.6712347839782478,75.0,8.69595080225972,1,48,64,500,"{'season': 2024, 'currentTeamId': '4600', 'displayName': 'Noah Fant', 'esbId': 'FAN405165', 'firstName': 'Noah', 'footballName': 'Noah', 'gsisId': '00-0035644', 'gsisItId': 47803, 'headshot': 'https://static.www.nfl.com/image/private/{formatInstructions}/league/w1gqasldrg3jumzdqjvy', 'jerseyNumber': 87, 'lastName': 'Fant', 'position': 'TE', 'positionGroup': 'TE', 'shortName': 'N.Fant', 'smartId': '32004641-4e40-5165-5070-db7e36dbc0d7', 'status': 'ACT', 'uniformNumber': '87', 'ngsPosition': 'SLOT_WR', 'ngsPositionGroup': 'WR'}",Noah Fant,TE,4600,2024,noah fant
5.994561403508772,4.144848498062634,8.281363636363636,3.395952157414988,4.5276,0.3827515019373653,75.75757575757575,12.86340647159469,3,50,66,548,"{'season': 2024, 'currentTeamId': '3300', 'displayName': 'Juwan Johnson', 'esbId': 'JOH398789', 'firstName': 'Juwan', 'footballName': 'Juwan', 'gsisId': '00-0036040', 'gsisItId': 52942, 'headshot': 'https://static.www.nfl.com/image/upload/{formatInstructions}/league/pdsl9w3agc9uvjqpq1jy', 'jerseyNumber': 83, 'lastName': 'Johnson', 'position': 'TE', 'positionGroup': 'TE', 'shortName': 'J.Johnson', 'smartId': '32004a4f-4839-8789-b667-8ea48cd31497', 'status': 'ACT', 'uniformNumber': '83', 'ngsPosition': 'TE', 'ngsPositionGroup': 'TE'}",Juwan Johnson,TE,3300,2024,juwan johnson
5.983921568627451,5.322872918301727,4.398124999999999,3.3257043329287264,6.1778,0.8549270816982721,78.125,6.65358704644841,2,50,64,481,"{'season': 2024, 'currentTeamId': '4400', 'displayName': 'Will Dissly', 'esbId': 'DIS743152', 'firstName': 'Will', 'footballName': 'Will', 'gsisId': '00-0034159', 'gsisItId': 46189, 'headshot': 'https://static.www.nfl.com/image/upload/{formatInstructions}/league/opdpeoconvviwkufolxr', 'jerseyNumber': 81, 'lastName': 'Dissly', 'position': 'TE', 'positionGroup': 'TE', 'shortName': 'W.Dissly', 'smartId': '32004449-5374-3152-f4a5-5fed1351e162', 'status': 'ACT', 'uniformNumber': '81', 'ngsPosition': 'TE', 'ngsPositionGroup': 'TE'}",Will Dissly,TE,4400,2024,will dissly
5.98140350877193,4.780962478066971,8.608243243243242,3.476140248329832,6.00872340425532,1.227760926188349,63.51351351351351,14.222592356090614,4,47,74,602,"{'season': 2024, 'currentTeamId': '0200', 'displayName': 'Kyle Pitts', 'esbId': 'PIT516805', 'firstName': 'Kyle', 'footballName': 'Kyle', 'gsisId': '00-0036970', 'gsisItId': 53433, 'headshot': 'https://static.www.nfl.com/image/upload/{formatInstructions}/league/t8ymqyhvv8i1r80jyhy2', 'jerseyNumber': 8, 'lastName': 'Pitts', 'position': 'TE', 'positionGroup': 'TE', 'shortName': 'K.Pitts', 'smartId': '32005049-5451-6805-5aec-d4afcbd52e25', 'status': 'ACT', 'uniformNumber': '8', 'ngsPosition': 'TE', 'ngsPositionGroup': 'WR'}",Kyle Pitts,TE,200,2024,kyle pitts
5.980227272727273,3.868972547176912,10.994782608695653,2.4240357325886457,3.660322580645161,-0.2086499665317505,67.3913043478261,11.496792554908463,3,31,46,400,"{'season': 2024, 'currentTeamId': '4500', 'displayName': 'Ricky Pearsall', 'esbId': 'PEA307677', 'firstName': 'Ricky', 'footballName': 'Ricky', 'gsisId': '00-0039916', 'gsisItId': 57152, 'jerseyNumber': 14, 'lastName': 'Pearsall', 'position': 'WR', 'positionGroup': 'WR', 'shortName': 'R.Pearsall', 'status': 'ACT', 'uniformNumber': '14', 'headshot': 'https://static.www.nfl.com/image/upload/{formatInstructions}/league/akwepvt6qxwbgankljmv', 'smartId': '32005045-4130-7677-7b9e-0f0ef8659c89', 'ngsPosition': 'WR', 'ngsPositionGroup': 'WR'}",Ricky Pearsall,WR,4500,2024,ricky pearsall
5.976917293233083,2.551023613082588,13.212370370370367,2.472155025066519,2.4745679012345687,-0.0764557118480193,60.0,43.94304085931439,8,81,135,1081,"{'season': 2024, 'currentTeamId': '1400', 'displayName': 'Courtland Sutton', 'esbId': 'SUT333526', 'firstName': 'Courtland', 'footballName': 'Courtland', 'gsisId': '00-0034348', 'gsisItId': 46109, 'headshot': 'https://static.www.nfl.com/image/upload/{formatInstructions}/league/qts95gbd6hv65s9eiseq', 'jerseyNumber': 14, 'lastName': 'Sutton', 'position': 'WR', 'positionGroup': 'WR', 'shortName': 'C.Sutton', 'smartId': '32005355-5433-3526-b2bf-88d6b83781c0', 'status': 'ACT', 'uniformNumber': '14', 'ngsPosition': 'WR', 'ngsPositionGroup': 'WR'}",Courtland Sutton,WR,1400,2024,courtland sutton
5.966349206349206,4.468653045778596,7.344939759036144,3.529115012054821,5.901999999999999,1.4333469542214037,72.28915662650603,17.16571306287027,7,60,83,726,"{'season': 2024, 'currentTeamId': '1540', 'displayName': 'Sam LaPorta', 'esbId': 'LAP640235', 'firstName': 'Sam', 'footballName': 'Sam', 'gsisId': '00-0039065', 'gsisItId': 55899, 'headshot': 'https://static.www.nfl.com/image/upload/{formatInstructions}/league/ucw8cfj5t5nwkx670wzu', 'jerseyNumber': 87, 'lastName': 'LaPorta', 'position': 'TE', 'positionGroup': 'TE', 'shortName': 'S.LaPorta', 'smartId': '32004c41-5064-0235-3970-b5e5514839fc', 'status': 'ACT', 'uniformNumber': '87', 'ngsPosition': 'TE', 'ngsPositionGroup': 'TE'}",Sam LaPorta,TE,1540,2024,sam laporta
5.96581560283688,4.485357525469912,11.175172413793105,2.765698762061069,4.490888888888888,0.0055313634189761,62.06896551724138,32.892172783371215,4,90,145,1229,"{'season': 2024, 'currentTeamId': '1050', 'displayName': 'Jerry Jeudy', 'esbId': 'JEU415291', 'firstName': 'Jerry', 'footballName': 'Jerry', 'gsisId': '00-0036407', 'gsisItId': 52423, 'headshot': 'https://static.www.nfl.com/image/upload/{formatInstructions}/league/szca1v9butuqkjs7ekpm', 'jerseyNumber': 3, 'lastName': 'Jeudy', 'position': 'WR', 'positionGroup': 'WR', 'shortName': 'J.Jeudy', 'smartId': '32004a45-5541-5291-9f8b-8595dc100c90', 'status': 'ACT', 'uniformNumber': '3', 'ngsPosition': 'WR', 'ngsPositionGroup': 'WR'}",Jerry Jeudy,WR,1050,2024,jerry jeudy
5.963626373626373,4.4426349747841005,11.047472527472529,3.171256976360084,5.603818181818183,1.1611832070340826,60.43956043956044,23.763621321356812,8,55,91,711,"{'season': 2024, 'currentTeamId': '4400', 'displayName': 'Quentin Johnston', 'esbId': 'JOH823261', 'firstName': 'Quentin', 'footballName': 'Quentin', 'gsisId': '00-0038544', 'gsisItId': 55885, 'headshot': 'https://static.www.nfl.com/image/upload/{formatInstructions}/league/jbxlvsbokf9qdqtet1qr', 'jerseyNumber': 1, 'lastName': 'Johnston', 'position': 'WR', 'positionGroup': 'WR', 'shortName': 'Q.Johnston', 'smartId': '32004a4f-4882-3261-dcd8-a43c8f7c5608', 'status': 'ACT', 'uniformNumber': '1', 'ngsPosition': 'WR', 'ngsPositionGroup': 'WR'}",Quentin Johnston,WR,4400,2024,quentin johnston
5.947009345794393,4.097037299786075,9.869821428571427,3.100955626421624,5.108292682926829,1.011255383140754,73.21428571428571,26.129771894575104,7,82,112,1155,"{'season': 2024, 'currentTeamId': '4400', 'displayName': 'Ladd McConkey', 'esbId': 'MCC512833', 'firstName': 'Andrew', 'footballName': 'Ladd', 'gsisId': '00-0039915', 'gsisItId': 57155, 'jerseyNumber': 15, 'lastName': 'McConkey', 'position': 'WR', 'positionGroup': 'WR', 'shortName': 'L.McConkey', 'status': 'ACT', 'uniformNumber': '15', 'headshot': 'https://static.www.nfl.com/image/upload/{formatInstructions}/league/wcx39ialovvxxnvs2bke', 'smartId': '32004d43-4351-2833-c30c-76941288e843', 'ngsPosition': 'SLOT_WR', 'ngsPositionGroup': 'WR'}",Ladd McConkey,WR,4400,2024,ladd mcconkey
5.940972222222222,4.66084795034651,7.335051546391752,2.788542198274153,4.320606060606062,-0.3402418897404482,68.04123711340206,19.139103488347068,2,66,97,674,"{'season': 2024, 'currentTeamId': '3200', 'displayName': 'Hunter Henry', 'esbId': 'HEN617052', 'firstName': 'Hunter', 'footballName': 'Hunter', 'gsisId': '00-0033090', 'gsisItId': 43324, 'headshot': 'https://static.www.nfl.com/image/private/{formatInstructions}/league/sdjob9akppefyo7py5tj', 'jerseyNumber': 85, 'lastName': 'Henry', 'position': 'TE', 'positionGroup': 'TE', 'shortName': 'H.Henry', 'smartId': '32004845-4e61-7052-805d-daad1175a3b2', 'status': 'ACT', 'uniformNumber': '85', 'ngsPosition': 'TE', 'ngsPositionGroup': 'TE'}",Hunter Henry,TE,3200,2024,hunter henry
5.931219512195122,4.911097571996165,6.778846153846154,3.199622072109197,6.272142857142859,1.3610452851466937,80.76923076923077,10.55869737125878,2,42,52,496,"{'season': 2024, 'currentTeamId': '3700', 'displayName': 'Dallas Goedert', 'esbId': 'GOE595520', 'firstName': 'Dallas', 'footballName': 'Dallas', 'gsisId': '00-0034351', 'gsisItId': 46118, 'headshot': 'https://static.www.nfl.com/image/upload/{formatInstructions}/league/wfj54vhw1zxwwb3vdi61', 'jerseyNumber': 88, 'lastName': 'Goedert', 'position': 'TE', 'positionGroup': 'TE', 'shortName': 'D.Goedert', 'smartId': '3200474f-4559-5520-b7af-5e002aedafbb', 'status': 'ACT', 'uniformNumber': '88', 'ngsPosition': 'TE', 'ngsPositionGroup': 'TE'}",Dallas Goedert,TE,3700,2024,dallas goedert
5.921940298507463,5.13630164398741,3.9606976744186047,3.33016932086539,5.5093220338983055,0.3730203899108959,68.6046511627907,7.351040113258936,0,59,86,494,"{'season': 2024, 'currentTeamId': '1200', 'displayName': 'Jake Ferguson', 'esbId': 'FER146119', 'firstName': 'Jake', 'footballName': 'Jake', 'gsisId': '00-0038041', 'gsisItId': 54594, 'headshot': 'https://static.www.nfl.com/image/upload/{formatInstructions}/league/lbvrn1ibwszd6tzgh6o1', 'jerseyNumber': 87, 'lastName': 'Ferguson', 'position': 'TE', 'positionGroup': 'TE', 'shortName': 'J.Ferguson', 'smartId': '32004645-5214-6119-2797-33878db83d5a', 'status': 'ACT', 'uniformNumber': '87', 'ngsPosition': 'SLOT_WR', 'ngsPositionGroup': 'WR'}",Jake Ferguson,TE,1200,2024,jake ferguson
5.8629729729729725,5.279109225054759,6.380816326530613,4.391295873453188,5.410749999999998,0.1316407749452395,81.63265306122449,8.68087658362278,5,40,49,437,"{'season': 2024, 'currentTeamId': '2310', 'displayName': 'Noah Gray', 'esbId': 'GRA757316', 'firstName': 'Noah', 'footballName': 'Noah', 'gsisId': '00-0036637', 'gsisItId': 53591, 'headshot': 'https://static.www.nfl.com/image/upload/{formatInstructions}/league/erihh0eiq4m76k2ejvax', 'jerseyNumber': 83, 'lastName': 'Gray', 'position': 'TE', 'positionGroup': 'TE', 'shortName': 'N.Gray', 'smartId': '32004752-4175-7316-bcb6-64b110cf2e59', 'status': 'ACT', 'uniformNumber': '83', 'ngsPosition': 'TE', 'ngsPositionGroup': 'TE'}",Noah Gray,TE,2310,2024,noah gray
5.861851851851851,2.2039228338356907,11.558245614035089,2.266078973352956,2.071875,-0.1320478338356907,56.14035087719298,15.752839992061649,3,32,57,351,"{'season': 2024, 'currentTeamId': '0750', 'displayName': 'David Moore', 'esbId': 'MOO249444', 'firstName': 'David', 'footballName': 'David', 'gsisId': '00-0033589', 'gsisItId': 45039, 'headshot': 'https://static.www.nfl.com/image/upload/{formatInstructions}/league/i2esmsczxxoq7pzvg6yf', 'jerseyNumber': 83, 'lastName': 'Moore', 'position': 'WR', 'positionGroup': 'WR', 'shortName': 'D.Moore', 'smartId': '32004d4f-4f24-9444-1f85-e742d8abb0fb', 'status': 'ACT', 'uniformNumber': '83', 'ngsPosition': 'WR', 'ngsPositionGroup': 'WR'}",David Moore,WR,750,2024,david moore
5.854122807017543,4.022245333014223,11.585203252032525,3.1598048010144213,3.757530864197531,-0.2647144688166922,65.85365853658537,40.479281418754816,6,81,123,959,"{'season': 2024, 'currentTeamId': '2700', 'displayName': 'Tyreek Hill', 'esbId': 'HIL628694', 'firstName': 'Tyreek', 'footballName': 'Tyreek', 'gsisId': '00-0033040', 'gsisItId': 43454, 'headshot': 'https://static.www.nfl.com/image/upload/{formatInstructions}/league/gdwjlpbkenmnsibawkht', 'jerseyNumber': 10, 'lastName': 'Hill', 'position': 'WR', 'positionGroup': 'WR', 'shortName': 'T.Hill', 'smartId': '32004849-4c62-8694-8490-45499711dee4', 'status': 'ACT', 'uniformNumber': '10', 'ngsPosition': 'WR', 'ngsPositionGroup': 'WR'}",Tyreek Hill,WR,2700,2024,tyreek hill
5.83264705882353,3.391317584979465,7.953092105263159,2.885462080463688,5.596633663366337,2.2053160783868715,66.44736842105263,26.08904897456207,6,101,152,1194,"{'season': 2024, 'currentTeamId': '1200', 'displayName': 'CeeDee Lamb', 'esbId': 'LAM138457', 'firstName': 'Cedarian', 'footballName': 'CeeDee', 'gsisId': '00-0036358', 'gsisItId': 52425, 'headshot': 'https://static.www.nfl.com/image/upload/{formatInstructions}/league/tfuj9njqdw2dovkwhryc', 'jerseyNumber': 88, 'lastName': 'Lamb', 'position': 'WR', 'positionGroup': 'WR', 'shortName': 'C.Lamb', 'smartId': '32004c41-4d13-8457-fcbe-d37fdbd87233', 'status': 'RES', 'uniformNumber': '88', 'ngsPosition': 'WR', 'ngsPositionGroup': 'WR'}",CeeDee Lamb,WR,1200,2024,ceedee lamb
5.818611111111111,4.044148107115804,5.045977011494252,2.9285440362183346,5.593898305084746,1.549750197968942,67.81609195402298,11.461811801749812,4,59,87,600,"{'season': 2024, 'currentTeamId': '4900', 'displayName': 'Cade Otton', 'esbId': 'OTT712400', 'firstName': 'Cade', 'footballName': 'Cade', 'gsisId': '00-0038129', 'gsisItId': 54571, 'headshot': 'https://static.www.nfl.com/image/upload/{formatInstructions}/league/mljam77kst1wlqd5y91v', 'jerseyNumber': 88, 'lastName': 'Otton', 'position': 'TE', 'positionGroup': 'TE', 'shortName': 'C.Otton', 'smartId': '32004f54-5471-2400-c87d-346814f25b06', 'status': 'ACT', 'uniformNumber': '88', 'ngsPosition': 'TE', 'ngsPositionGroup': 'TE'}",Cade Otton,TE,4900,2024,cade otton
5.817200000000001,3.574764247325211,13.089199999999998,2.9889089434892746,3.329677419354838,-0.2450868279703724,62.0,16.074332057787622,5,31,50,378,"{'season': 2024, 'currentTeamId': '0610', 'displayName': 'Mack Hollins', 'esbId': 'HOL280459', 'firstName': 'Mack', 'footballName': 'Mack', 'gsisId': '00-0033555', 'gsisItId': 44931, 'headshot': 'https://static.www.nfl.com/image/upload/{formatInstructions}/league/xchw7quzjszgrm6psbyg', 'jerseyNumber': 13, 'lastName': 'Hollins', 'position': 'WR', 'positionGroup': 'WR', 'shortName': 'M.Hollins', 'smartId': '3200484f-4c28-0459-95b9-52d98e1b03e6', 'status': 'ACT', 'uniformNumber': '13', 'ngsPosition': 'WR', 'ngsPositionGroup': 'WR'}",Mack Hollins,WR,610,2024,mack hollins
5.808039215686274,3.647971240798387,8.217818181818181,3.109344097564733,3.5029268292682936,-0.1450444115300935,74.54545454545455,11.13511782313596,3,41,55,475,"{'season': 2024, 'currentTeamId': '1400', 'displayName': 'Devaughn Vele', 'esbId': 'VEL175757', 'firstName': 'Devaughn', 'footballName': 'Devaughn', 'gsisId': '00-0039424', 'gsisItId': 57355, 'jerseyNumber': 17, 'lastName': 'Vele', 'position': 'WR', 'positionGroup': 'WR', 'shortName': 'D.Vele', 'status': 'ACT', 'uniformNumber': '17', 'headshot': 'https://static.www.nfl.com/image/upload/{formatInstructions}/league/f2lz4vsh2daurrwdamzv', 'smartId': '32005645-4c17-5757-4807-8639d5d53004', 'ngsPosition': 'SLOT_WR', 'ngsPositionGroup': 'WR'}",Devaughn Vele,WR,1400,2024,devaughn vele
5.777984496124031,5.488773911733834,7.420500000000002,3.4436736229439004,6.212857142857143,0.7240832311233083,70.0,24.960116479102,6,98,140,966,"{'season': 2024, 'currentTeamId': '0810', 'displayName': 'D.J. Moore', 'esbId': 'MOO272423', 'firstName': 'Denniston', 'footballName': 'D.J.', 'gsisId': '00-0034827', 'gsisItId': 46093, 'headshot': 'https://static.www.nfl.com/image/upload/{formatInstructions}/league/hqb9xnzm9brx79zl6wve', 'jerseyNumber': 2, 'lastName': 'Moore', 'position': 'WR', 'positionGroup': 'WR', 'shortName': 'D.Moore', 'smartId': '32004d4f-4f27-2423-f0b4-728a741b03cb', 'status': 'ACT', 'uniformNumber': '2', 'ngsPosition': 'WR', 'ngsPositionGroup': 'WR'}",D.J. Moore,WR,810,2024,dj moore
5.762721088435375,4.4511427816258085,11.3,3.079087173085899,4.988932038834951,0.537789257209143,66.88311688311688,37.90616470731745,10,103,154,1533,"{'season': 2024, 'currentTeamId': '3000', 'displayName': 'Justin Jefferson', 'esbId': 'JEF269287', 'firstName': 'Justin', 'footballName': 'Justin', 'gsisId': '00-0036322', 'gsisItId': 52430, 'headshot': 'https://static.www.nfl.com/image/upload/{formatInstructions}/league/vrftbpzwk6qmv0zjcysg', 'jerseyNumber': 18, 'lastName': 'Jefferson', 'position': 'WR', 'positionGroup': 'WR', 'shortName': 'J.Jefferson', 'smartId': '32004a45-4626-9287-c454-479b942cbd26', 'status': 'ACT', 'uniformNumber': '18', 'ngsPosition': 'WR', 'ngsPositionGroup': 'WR'}",Justin Jefferson,WR,3000,2024,justin jefferson
5.751881188118812,3.4317534193652333,13.533398058252423,2.3220798412801456,4.500338983050846,1.068585563685613,57.28155339805825,39.3973138580505,3,59,103,900,"{'season': 2024, 'currentTeamId': '3900', 'displayName': 'George Pickens', 'esbId': 'PIC576156', 'firstName': 'George', 'footballName': 'George', 'gsisId': '00-0037247', 'gsisItId': 54517, 'headshot': 'https://static.www.nfl.com/image/upload/{formatInstructions}/league/klxzcb6p7ekngcognpiy', 'jerseyNumber': 14, 'lastName': 'Pickens', 'position': 'WR', 'positionGroup': 'WR', 'shortName': 'G.Pickens', 'smartId': '32005049-4357-6156-653f-e3c2b6d1b9bc', 'status': 'ACT', 'uniformNumber': '14', 'ngsPosition': 'WR', 'ngsPositionGroup': 'WR'}",George Pickens,WR,3900,2024,george pickens
5.748985507246377,2.887647507241973,21.450289855072462,2.406297044963777,3.6445945945945937,0.7569470873526205,53.62318840579711,28.931519595290634,7,37,69,824,"{'season': 2024, 'currentTeamId': '2200', 'displayName': 'Alec Pierce', 'esbId': 'PIE185673', 'firstName': 'Alec', 'footballName': 'Alec', 'gsisId': '00-0037664', 'gsisItId': 54518, 'headshot': 'https://static.www.nfl.com/image/upload/{formatInstructions}/league/hvtcpccoigf9cghzkxcg', 'jerseyNumber': 14, 'lastName': 'Pierce', 'position': 'WR', 'positionGroup': 'WR', 'shortName': 'A.Pierce', 'smartId': '32005049-4518-5673-88cc-339d3b35d4c9', 'status': 'ACT', 'uniformNumber': '14', 'ngsPosition': 'WR', 'ngsPositionGroup': 'WR'}",Alec Pierce,WR,2200,2024,alec pierce
5.683870967741934,4.482638835050708,13.686336633663366,2.960734638589392,4.981851851851854,0.4992130168011455,53.46534653465347,33.211920848029365,3,54,101,734,"{'season': 2024, 'currentTeamId': '0810', 'displayName': 'Rome Odunze', 'esbId': 'ODU426541', 'firstName': 'Rome', 'footballName': 'Rome', 'gsisId': '00-0039919', 'gsisItId': 57130, 'jerseyNumber': 15, 'lastName': 'Odunze', 'position': 'WR', 'positionGroup': 'WR', 'shortName': 'R.Odunze', 'status': 'ACT', 'uniformNumber': '15', 'headshot': 'https://static.www.nfl.com/image/upload/{formatInstructions}/league/labs8tstecnehvzfmrs5', 'smartId': '32004f44-5542-6541-431c-1a51e8792659', 'ngsPosition': 'WR', 'ngsPositionGroup': 'WR'}",Rome Odunze,WR,810,2024,rome odunze
5.673571428571428,5.520305920242468,7.976666666666665,3.536217491037853,6.442272727272728,0.9219668070302608,58.66666666666666,14.693746223713354,2,44,75,448,"{'season': 2024, 'currentTeamId': '0610', 'displayName': 'Dalton Kincaid', 'esbId': 'KIN069130', 'firstName': 'Dalton', 'footballName': 'Dalton', 'gsisId': '00-0038933', 'gsisItId': 55889, 'headshot': 'https://static.www.nfl.com/image/upload/{formatInstructions}/league/rsimqxdfwlb1n9qd4w3g', 'jerseyNumber': 86, 'lastName': 'Kincaid', 'position': 'TE', 'positionGroup': 'TE', 'shortName': 'D.Kincaid', 'smartId': '32004b49-4e06-9130-e563-7edd228031c8', 'status': 'ACT', 'uniformNumber': '86', 'ngsPosition': 'SLOT_WR', 'ngsPositionGroup': 'WR'}",Dalton Kincaid,TE,610,2024,dalton kincaid
5.656698113207547,3.8946034914029,13.698611111111113,2.557661263743729,4.271818181818181,0.3772146904152809,61.11111111111112,36.29118311538264,5,66,108,992,"{'season': 2024, 'currentTeamId': '4600', 'displayName': 'DK Metcalf', 'esbId': 'MET363377', 'firstName': 'DeKaylin', 'footballName': 'DK', 'gsisId': '00-0035640', 'gsisItId': 47847, 'headshot': 'https://static.www.nfl.com/image/upload/{formatInstructions}/league/ezpzdcvzlu5ga4uv6oas', 'jerseyNumber': 14, 'lastName': 'Metcalf', 'position': 'WR', 'positionGroup': 'WR', 'shortName': 'D.Metcalf', 'smartId': '32004d45-5436-3377-5806-d2746f1b94aa', 'status': 'ACT', 'uniformNumber': '14', 'ngsPosition': 'WR', 'ngsPositionGroup': 'WR'}",DK Metcalf,WR,4600,2024,dk metcalf
5.649027777777778,6.150214033916496,6.4407407407407415,3.1397865544736616,8.416862745098042,2.2666487111815465,62.96296296296296,11.859136103874851,3,51,81,670,"{'season': 2024, 'currentTeamId': '4500', 'displayName': 'Deebo Samuel', 'esbId': 'SAM636097', 'firstName': 'Tyshun', 'footballName': 'Deebo', 'gsisId': '00-0035719', 'gsisItId': 47819, 'headshot': 'https://static.www.nfl.com/image/upload/{formatInstructions}/league/shqoqpjwwoiexzy6cmgb', 'jerseyNumber': 1, 'lastName': 'Samuel', 'position': 'WR', 'positionGroup': 'WR', 'shortName': 'D.Samuel', 'smartId': '32005341-4d63-6097-eab1-34810e00be67', 'status': 'ACT', 'uniformNumber': '1', 'ngsPosition': 'WR', 'ngsPositionGroup': 'WR'}",Deebo Samuel,WR,4500,2024,deebo samuel
5.621030927835052,3.000230973773025,11.99453608247423,2.0977401661084087,5.402835820895523,2.4026048471224977,69.0721649484536,34.8502911504637,7,67,97,1079,"{'season': 2024, 'currentTeamId': '3700', 'displayName': 'A.J. Brown', 'esbId': 'BRO413223', 'firstName': 'Arthur', 'footballName': 'A.J.', 'gsisId': '00-0035676', 'gsisItId': 47834, 'headshot': 'https://static.www.nfl.com/image/private/{formatInstructions}/league/a014sgzctarbvhwb35lw', 'jerseyNumber': 11, 'lastName': 'Brown', 'position': 'WR', 'positionGroup': 'WR', 'shortName': 'A.Brown', 'smartId': '32004252-4f41-3223-e4c5-1e30dffa87f8', 'status': 'ACT', 'uniformNumber': '11', 'ngsPosition': 'WR', 'ngsPositionGroup': 'WR'}",A.J. Brown,WR,3700,2024,aj brown
5.575128205128205,2.9925817912470087,10.839250000000002,2.7079566212781927,2.6367857142857147,-0.355796076961294,70.0,24.07578622376593,5,56,80,618,"{'season': 2024, 'currentTeamId': '2310', 'displayName': 'DeAndre Hopkins', 'esbId': 'HOP161500', 'firstName': 'DeAndre', 'footballName': 'DeAndre', 'gsisId': '00-0030564', 'gsisItId': 39973, 'headshot': 'https://static.www.nfl.com/image/upload/{formatInstructions}/league/viymeohipdn0voptrkzh', 'jerseyNumber': 8, 'lastName': 'Hopkins', 'position': 'WR', 'positionGroup': 'WR', 'shortName': 'D.Hopkins', 'smartId': '3200484f-5016-1500-bfbe-c87b292b639c', 'status': 'ACT', 'uniformNumber': '08', 'ngsPosition': 'WR', 'ngsPositionGroup': 'WR'}",DeAndre Hopkins,WR,2310,2024,deandre hopkins
5.56927536231884,2.732981346804213,13.410985915492956,2.4146555968494696,3.7179487179487194,0.9849673711445056,54.929577464788736,24.24188419559909,2,39,71,573,"{'season': 2024, 'currentTeamId': '3410', 'displayName': 'Darius Slayton', 'esbId': 'SLA500077', 'firstName': 'Darius', 'footballName': 'Darius', 'gsisId': '00-0035535', 'gsisItId': 47954, 'headshot': 'https://static.www.nfl.com/image/upload/{formatInstructions}/league/zhm6evj813ucss03ndlx', 'jerseyNumber': 86, 'lastName': 'Slayton', 'position': 'WR', 'positionGroup': 'WR', 'shortName': 'D.Slayton', 'smartId': '3200534c-4150-0077-315f-47cff2877b23', 'status': 'ACT', 'uniformNumber': '86', 'ngsPosition': 'WR', 'ngsPositionGroup': 'WR'}",Darius Slayton,WR,3410,2024,darius slayton
5.541052631578947,4.976562647659094,8.309893617021277,3.582076421664701,7.087435897435898,2.1108732497768044,82.97872340425532,17.756425119455173,8,78,94,1106,"{'season': 2024, 'currentTeamId': '4500', 'displayName': 'George Kittle', 'esbId': 'KIT388290', 'firstName': 'George', 'footballName': 'George', 'gsisId': '00-0033288', 'gsisItId': 44959, 'headshot': 'https://static.www.nfl.com/image/upload/{formatInstructions}/league/ivkrikewqqdllzvano8h', 'jerseyNumber': 85, 'lastName': 'Kittle', 'position': 'TE', 'positionGroup': 'TE', 'shortName': 'G.Kittle', 'smartId': '32004b49-5438-8290-eeed-c9c9cca62ec1', 'status': 'ACT', 'uniformNumber': '85', 'ngsPosition': 'TE', 'ngsPositionGroup': 'TE'}",George Kittle,TE,4500,2024,george kittle
5.461353383458647,4.751070429767443,8.617304964539006,3.2460858681193363,5.773411764705883,1.0223413349384396,60.28368794326241,30.97995420727073,8,85,141,1063,"{'season': 2024, 'currentTeamId': '3430', 'displayName': 'Davante Adams', 'esbId': 'ADA218591', 'firstName': 'Davante', 'footballName': 'Davante', 'gsisId': '00-0031381', 'gsisItId': 41282, 'headshot': 'https://static.www.nfl.com/image/upload/{formatInstructions}/league/jweoujpjv9u2a8k7wnos', 'jerseyNumber': 17, 'lastName': 'Adams', 'position': 'WR', 'positionGroup': 'WR', 'shortName': 'D.Adams', 'smartId': '32004144-4121-8591-4d26-4c0ac739af41', 'status': 'ACT', 'uniformNumber': '17', 'ngsPosition': 'WR', 'ngsPositionGroup': 'WR'}",Davante Adams,WR,3430,2024,davante adams
5.450243902439025,3.6574960510963175,6.7923728813559325,3.5035941726597155,4.923555555555556,1.2660595044592382,76.27118644067797,10.780036153134349,3,45,59,476,"{'season': 2024, 'currentTeamId': '3200', 'displayName': 'Austin Hooper', 'esbId': 'HOO570770', 'firstName': 'Austin', 'footballName': 'Austin', 'gsisId': '00-0032392', 'gsisItId': 43370, 'headshot': 'https://static.www.nfl.com/image/upload/{formatInstructions}/league/hj0ybtjspne3t1cso961', 'jerseyNumber': 81, 'lastName': 'Hooper', 'position': 'TE', 'positionGroup': 'TE', 'shortName': 'A.Hooper', 'smartId': '3200484f-4f57-0770-bd7c-1cf59d6025ab', 'status': 'ACT', 'uniformNumber': '81', 'ngsPosition': 'TE', 'ngsPositionGroup': 'TE'}",Austin Hooper,TE,3200,2024,austin hooper
5.45,3.927442938720036,8.869314285714285,3.0274632477253545,6.252755905511811,2.325312966791775,72.57142857142857,33.19063127484546,17,127,175,1708,"{'season': 2024, 'currentTeamId': '0920', 'displayName': ""Ja'Marr Chase"", 'esbId': 'CHA694469', 'firstName': ""Ja'Marr"", 'footballName': ""Ja'Marr"", 'gsisId': '00-0036900', 'gsisItId': 53434, 'headshot': 'https://static.www.nfl.com/image/upload/{formatInstructions}/league/qkcb3qt2fhasfgtfuprd', 'jerseyNumber': 1, 'lastName': 'Chase', 'position': 'WR', 'positionGroup': 'WR', 'shortName': 'J.Chase', 'smartId': '32004348-4169-4469-b021-d2c20a7d7cf5', 'status': 'ACT', 'uniformNumber': '1', 'ngsPosition': 'WR', 'ngsPositionGroup': 'WR'}",Ja'Marr Chase,WR,920,2024,ja'marr chase
5.392876712328768,4.445951153664023,7.579518072289154,3.025519586693949,3.847384615384615,-0.5985665382794076,78.3132530120482,13.452627122087245,2,65,83,665,"{'season': 2024, 'currentTeamId': '0920', 'displayName': 'Mike Gesicki', 'esbId': 'GES490798', 'firstName': 'Michael', 'footballName': 'Mike', 'gsisId': '00-0034829', 'gsisItId': 46111, 'headshot': 'https://static.www.nfl.com/image/upload/{formatInstructions}/league/zabpknonv9ozmkyw4qqt', 'jerseyNumber': 88, 'lastName': 'Gesicki', 'position': 'TE', 'positionGroup': 'TE', 'shortName': 'M.Gesicki', 'smartId': '32004745-5349-0798-d83d-d46852aa6fbb', 'status': 'ACT', 'uniformNumber': '88', 'ngsPosition': 'SLOT_WR', 'ngsPositionGroup': 'WR'}",Mike Gesicki,TE,920,2024,mike gesicki
5.329449541284404,2.538628286633916,10.44221238938053,2.491743558697026,3.0401298701298707,0.5015015834959549,68.14159292035397,26.822742626968004,6,77,113,975,"{'season': 2024, 'currentTeamId': '4500', 'displayName': 'Jauan Jennings', 'esbId': 'JEN497457', 'firstName': 'Bennie', 'footballName': 'Jauan', 'gsisId': '00-0036259', 'gsisItId': 52625, 'headshot': 'https://static.www.nfl.com/image/upload/{formatInstructions}/league/fqyzagb57zrtegmw69eb', 'jerseyNumber': 15, 'lastName': 'Jennings', 'position': 'WR', 'positionGroup': 'WR', 'shortName': 'J.Jennings', 'smartId': '32004a45-4e49-7457-3af8-79760d0083cb', 'status': 'ACT', 'uniformNumber': '15', 'ngsPosition': 'WR', 'ngsPositionGroup': 'WR'}",Jauan Jennings,WR,4500,2024,jauan jennings
5.302105263157896,4.213815871521045,10.6735,2.6047981292468405,4.72972972972973,0.5159138582086849,61.66666666666667,16.328575580950627,6,37,60,530,"{'season': 2024, 'currentTeamId': '3430', 'displayName': 'Allen Lazard', 'esbId': 'LAZ043714', 'firstName': 'Allen', 'footballName': 'Allen', 'gsisId': '00-0034521', 'gsisItId': 46705, 'headshot': 'https://static.www.nfl.com/image/private/{formatInstructions}/league/blrzk3bfnpneuyhsqiqg', 'jerseyNumber': 10, 'lastName': 'Lazard', 'position': 'WR', 'positionGroup': 'WR', 'shortName': 'A.Lazard', 'smartId': '32004c41-5a04-3714-cfb7-872b20b0ce13', 'status': 'ACT', 'uniformNumber': '10', 'ngsPosition': 'WR', 'ngsPositionGroup': 'WR'}",Allen Lazard,WR,3430,2024,allen lazard
5.259615384615385,6.069630790719859,17.544528301886796,2.382901692920304,6.124482758620689,0.0548519679008308,54.71698113207547,23.095570447128026,2,29,53,620,"{'season': 2024, 'currentTeamId': '1800', 'displayName': 'Christian Watson', 'esbId': 'WAT316591', 'firstName': 'Christian', 'footballName': 'Christian', 'gsisId': '00-0038124', 'gsisItId': 54499, 'headshot': 'https://static.www.nfl.com/image/upload/{formatInstructions}/league/qenktpex0mep8er8dzxj', 'jerseyNumber': 9, 'lastName': 'Watson', 'position': 'WR', 'positionGroup': 'WR', 'shortName': 'C.Watson', 'smartId': '32005741-5431-6591-b680-d3a3d3536d62', 'status': 'ACT', 'uniformNumber': '9', 'ngsPosition': 'WR', 'ngsPositionGroup': 'WR'}",Christian Watson,WR,1800,2024,christian watson
5.256712328767122,4.747016659391977,8.913506493506492,3.2653282684268228,5.023267326732674,0.2762506673406975,65.5844155844156,34.99931157923722,7,101,154,1104,"{'season': 2024, 'currentTeamId': '3430', 'displayName': 'Garrett Wilson', 'esbId': 'WIL691962', 'firstName': 'Garrett', 'footballName': 'Garrett', 'gsisId': '00-0037740', 'gsisItId': 54475, 'headshot': 'https://static.www.nfl.com/image/private/{formatInstructions}/league/llgosx4tokddwnyrgvbx', 'jerseyNumber': 5, 'lastName': 'Wilson', 'position': 'WR', 'positionGroup': 'WR', 'shortName': 'G.Wilson', 'smartId': '32005749-4c69-1962-4085-d9c826d8709c', 'status': 'ACT', 'uniformNumber': '5', 'ngsPosition': 'WR', 'ngsPositionGroup': 'WR'}",Garrett Wilson,WR,3430,2024,garrett wilson
5.228367346938775,5.074514839134359,11.339696969696968,3.07948798626782,5.641323529411765,0.5668086902774059,68.68686868686868,24.85063674457832,7,68,99,1006,"{'season': 2024, 'currentTeamId': '2120', 'displayName': 'Nico Collins', 'esbId': 'COL654119', 'firstName': 'Nico', 'footballName': 'Nico', 'gsisId': '00-0036554', 'gsisItId': 53518, 'headshot': 'https://static.www.nfl.com/image/upload/{formatInstructions}/league/q7c9aq8rpremfygslmya', 'jerseyNumber': 12, 'lastName': 'Collins', 'position': 'WR', 'positionGroup': 'WR', 'shortName': 'N.Collins', 'smartId': '3200434f-4c65-4119-2a51-095ba724d414', 'status': 'ACT', 'uniformNumber': '12', 'ngsPosition': 'WR', 'ngsPositionGroup': 'WR'}",Nico Collins,WR,2120,2024,nico collins
5.21246153846154,3.691652566651756,11.011044776119403,2.6821615965763,2.9587878787878794,-0.7328646878638763,49.25373134328358,16.330677740613748,3,33,67,375,"{'season': 2024, 'currentTeamId': '2120', 'displayName': 'Diontae Johnson', 'esbId': 'JOH000017', 'firstName': 'Diontae', 'footballName': 'Diontae', 'gsisId': '00-0035216', 'gsisItId': 47849, 'headshot': 'https://static.www.nfl.com/image/upload/{formatInstructions}/league/rjtil6ilydmwoy0btlt7', 'jerseyNumber': 82, 'lastName': 'Johnson', 'position': 'WR', 'positionGroup': 'WR', 'shortName': 'D.Johnson', 'smartId': '32004a4f-4800-0017-a19a-a554dee114ed', 'status': 'CUT', 'uniformNumber': '82', 'ngsPosition': 'WR', 'ngsPositionGroup': 'WR'}",Diontae Johnson,WR,2120,2024,diontae johnson
5.195744680851064,2.8622835629764505,12.632978723404255,2.354686896584573,3.7124,0.8501164370235497,53.191489361702125,13.496956223261824,0,25,47,369,"{'season': 2024, 'currentTeamId': '4500', 'displayName': 'Brandon Aiyuk', 'esbId': 'AIY189231', 'firstName': 'Brandon', 'footballName': 'Brandon', 'gsisId': '00-0036261', 'gsisItId': 52433, 'headshot': 'https://static.www.nfl.com/image/upload/{formatInstructions}/league/qnfyhqxbppevv28hd3rx', 'jerseyNumber': 11, 'lastName': 'Aiyuk', 'position': 'WR', 'positionGroup': 'WR', 'shortName': 'B.Aiyuk', 'smartId': '32004149-5918-9231-4476-63b611051b08', 'status': 'RES', 'uniformNumber': '11', 'ngsPosition': 'WR', 'ngsPositionGroup': 'WR'}",Brandon Aiyuk,WR,4500,2024,brandon aiyuk
5.042407407407408,3.721480015449569,10.451159420289857,3.5691250016462197,3.865818181818181,0.144338166368612,79.71014492753623,17.40564990297074,11,55,69,673,"{'season': 2024, 'currentTeamId': '0325', 'displayName': 'Mark Andrews', 'esbId': 'AND701433', 'firstName': 'Mark', 'footballName': 'Mark', 'gsisId': '00-0034753', 'gsisItId': 46155, 'headshot': 'https://static.www.nfl.com/image/upload/{formatInstructions}/league/y5maejm3puruskwc344y', 'jerseyNumber': 89, 'lastName': 'Andrews', 'position': 'TE', 'positionGroup': 'TE', 'shortName': 'M.Andrews', 'smartId': '3200414e-4470-1433-75dd-307507e53173', 'status': 'ACT', 'uniformNumber': '89', 'ngsPosition': 'SLOT_WR', 'ngsPositionGroup': 'WR'}",Mark Andrews,TE,325,2024,mark andrews
5.021186440677965,2.052703980429317,11.278688524590166,2.764887984905392,2.342777777777778,0.290073797348461,59.01639344262295,14.712140295654152,6,36,61,479,"{'season': 2024, 'currentTeamId': '0920', 'displayName': 'Andrei Iosivas', 'esbId': 'IOS307886', 'firstName': 'Andrei', 'footballName': 'Andrei', 'gsisId': '00-0038619', 'gsisItId': 56071, 'headshot': 'https://static.www.nfl.com/image/upload/{formatInstructions}/league/pgbqgzrxmbnmpcnkhsya', 'jerseyNumber': 80, 'lastName': 'Iosivas', 'position': 'WR', 'positionGroup': 'WR', 'shortName': 'A.Iosivas', 'smartId': '3200494f-5330-7886-63af-230c5aa763a8', 'status': 'ACT', 'uniformNumber': '80', 'ngsPosition': 'WR', 'ngsPositionGroup': 'WR'}",Andrei Iosivas,WR,920,2024,andrei iosivas
4.9075,2.281393536570097,13.580086206896553,2.0484661199334178,2.502903225806452,0.2215096892363548,53.44827586206896,42.66650415752552,8,62,116,885,"{'season': 2024, 'currentTeamId': '3800', 'displayName': 'Marvin Harrison', 'esbId': 'HAR648677', 'firstName': 'Marvin', 'footballName': 'Marvin', 'gsisId': '00-0039849', 'gsisItId': 57125, 'jerseyNumber': 18, 'lastName': 'Harrison', 'position': 'WR', 'positionGroup': 'WR', 'shortName': 'M.Harrison', 'status': 'ACT', 'uniformNumber': '18', 'headshot': 'https://static.www.nfl.com/image/upload/{formatInstructions}/league/o6hg5zeofmxvzjjpo2sf', 'smartId': '32004841-5264-8677-2fca-6edc0b245f94', 'ngsPosition': 'WR', 'ngsPositionGroup': 'WR'}",Marvin Harrison,WR,3800,2024,marvin harrison
4.901696428571428,4.246801016960822,6.35952380952381,3.511887939588254,4.884504504504504,0.637703487543682,75.51020408163265,25.32027843232849,2,111,147,1146,"{'season': 2024, 'currentTeamId': '3800', 'displayName': 'Trey McBride', 'esbId': 'MCB743360', 'firstName': 'Trey', 'footballName': 'Trey', 'gsisId': '00-0037744', 'gsisItId': 54520, 'headshot': 'https://static.www.nfl.com/image/upload/{formatInstructions}/league/hfdgljgi9gfaskomdl1h', 'jerseyNumber': 85, 'lastName': 'McBride', 'position': 'TE', 'positionGroup': 'TE', 'shortName': 'T.McBride', 'smartId': '32004d43-4274-3360-cc50-43990383247d', 'status': 'ACT', 'uniformNumber': '85', 'ngsPosition': 'TE', 'ngsPositionGroup': 'TE'}",Trey McBride,TE,3800,2024,trey mcbride
4.822972972972973,4.52178476127864,5.989655172413793,4.018240006615709,4.935249999999999,0.4134652387213586,68.96551724137932,7.051802533290028,2,40,58,390,"{'season': 2024, 'currentTeamId': '1050', 'displayName': 'Jordan Akins', 'esbId': 'AKI501776', 'firstName': 'Jordan', 'footballName': 'Jordan', 'gsisId': '00-0034364', 'gsisItId': 46167, 'headshot': 'https://static.www.nfl.com/image/private/{formatInstructions}/league/fgkl9zfpy2yxrkxfge84', 'jerseyNumber': 88, 'lastName': 'Akins', 'position': 'TE', 'positionGroup': 'TE', 'shortName': 'J.Akins', 'smartId': '3200414b-4950-1776-ed8f-713681e78d61', 'status': 'ACT', 'uniformNumber': '88', 'ngsPosition': 'TE', 'ngsPositionGroup': 'TE'}",Jordan Akins,TE,1050,2024,jordan akins
4.759113924050633,4.822512503459544,9.399156626506024,3.4198768425666,4.865689655172414,0.0431771517128698,69.87951807228916,22.161084235016062,2,58,83,767,"{'season': 2024, 'currentTeamId': '2700', 'displayName': 'Jaylen Waddle', 'esbId': 'WAD088683', 'firstName': 'Jaylen', 'footballName': 'Jaylen', 'gsisId': '00-0036613', 'gsisItId': 53435, 'headshot': 'https://static.www.nfl.com/image/private/{formatInstructions}/league/qjsz2h6shbdnksctzeka', 'jerseyNumber': 17, 'lastName': 'Waddle', 'position': 'WR', 'positionGroup': 'WR', 'shortName': 'J.Waddle', 'smartId': '32005741-4408-8683-c826-c882ad6fd5c2', 'status': 'ACT', 'uniformNumber': '17', 'ngsPosition': 'WR', 'ngsPositionGroup': 'WR'}",Jaylen Waddle,WR,2700,2024,jaylen waddle
4.651249999999999,4.289272679748168,15.39438596491228,2.0177499312176668,7.822413793103448,3.5331411133552795,50.877192982456144,21.551973984762217,4,29,57,556,"{'season': 2024, 'currentTeamId': '0610', 'displayName': 'Keon Coleman', 'esbId': 'COL295571', 'firstName': 'Keon', 'footballName': 'Keon', 'gsisId': '00-0039901', 'gsisItId': 57154, 'lastName': 'Coleman', 'position': 'WR', 'positionGroup': 'WR', 'shortName': 'K.Coleman', 'status': 'ACT', 'headshot': 'https://static.www.nfl.com/image/upload/{formatInstructions}/league/ipwpdgb0cm3xy3d8zu1l', 'smartId': '3200434f-4c29-5571-54fa-77236b775ae1', 'jerseyNumber': 0, 'ngsPosition': 'WR', 'ngsPositionGroup': 'WR', 'uniformNumber': '00'}",Keon Coleman,WR,610,2024,keon coleman
4.533880597014925,2.5069118962273964,14.176764705882352,2.415157190192016,3.4606976744186047,0.9537857781912082,63.23529411764706,25.9318039983645,3,43,68,589,"{'season': 2024, 'currentTeamId': '3200', 'displayName': 'Kayshon Boutte', 'esbId': 'BOU482823', 'firstName': 'Kayshon', 'footballName': 'Kayshon', 'gsisId': '00-0038608', 'gsisItId': 56052, 'headshot': 'https://static.www.nfl.com/image/private/{formatInstructions}/league/nz6t7jhx6erszovbv1bd', 'jerseyNumber': 9, 'lastName': 'Boutte', 'position': 'WR', 'positionGroup': 'WR', 'shortName': 'K.Boutte', 'smartId': '3200424f-5548-2823-b93f-32f7b68b0dd3', 'status': 'ACT', 'uniformNumber': '9', 'ngsPosition': 'WR', 'ngsPositionGroup': 'WR'}",Kayshon Boutte,WR,3200,2024,kayshon boutte
4.065555555555555,2.3162087901319226,15.736875,2.66492023403923,2.6325806451612896,0.316371855029367,48.4375,24.68819861160137,7,31,64,505,"{'season': 2024, 'currentTeamId': '2510', 'displayName': 'Demarcus Robinson', 'esbId': 'ROB399065', 'firstName': 'Demarcus', 'footballName': 'Demarcus', 'gsisId': '00-0032775', 'gsisItId': 43415, 'headshot': 'https://static.www.nfl.com/image/upload/{formatInstructions}/league/lakf0xue1qqb7ed4p6ge', 'jerseyNumber': 15, 'lastName': 'Robinson', 'position': 'WR', 'positionGroup': 'WR', 'shortName': 'D.Robinson', 'smartId': '3200524f-4239-9065-1db8-5ff5da8a3829', 'status': 'ACT', 'uniformNumber': '15', 'ngsPosition': 'WR', 'ngsPositionGroup': 'WR'}",Demarcus Robinson,WR,2510,2024,demarcus robinson
