,avgCushion,avgExpectedYAC,avgIntendedAirYards,avgSeparation,avgYAC,avgYACAboveExpectation,catchPercentage,percentShareOfIntendedAirYards,recTouchdowns,receptions,targets,yards,player_x,playerName,position,teamId,season,player_clean,team_abbr,total_round_trip_miles,birth_date,turf_percentage,player_y,total_snaps,avg_opponent_pass_epa,sos_win_pct,age_season_start,height,weight,forty
3,6.972650602,3.832633577,11.03849462,3.467761146,3.563283582,-0.269349994,72.04301075,23.00547024,2,67,93,688,"{'season': 2018, 'currentTeamId': '0810', 'displayName': 'Taylor Gabriel', 'esbId': 'GAB627060', 'firstName': 'Taylor', 'footballName': 'Taylor', 'gsisId': '00-0031228', 'gsisItId': 42016, 'headshot': 'https://static.www.nfl.com/image/private/{formatInstructions}/league/nc4aoax8j5mnnrjewu7p', 'jerseyNumber': 18, 'lastName': 'Gabriel', 'ngsPosition': 'WR', 'ngsPositionGroup': 'WR', 'position': 'WR', 'positionGroup': 'WR', 'shortName': 'T.Gabriel', 'smartId': '32004741-4262-7060-f2df-7bd304949774', 'status': 'ACT'}",taylor gabriel,WR,810,2018,taylor gabriel,CHI,12825.42167,1991-02-17,0.25,Taylor Gabriel,881,0.037970804,0.4291239199498169,27,68.0,167.0,
6,6.647058824,4.083272042,9.690428571,2.877394864,3.886315789,-0.196956253,54.28571429,18.31918203,1,38,70,491,"{'season': 2018, 'currentTeamId': '2250', 'displayName': 'Keelan Cole', 'esbId': 'COL130738', 'firstName': 'Keelan', 'footballName': 'Keelan', 'gsisId': '00-0033681', 'gsisItId': 45555, 'headshot': 'https://static.www.nfl.com/image/private/{formatInstructions}/league/bhjafw7r4aflwm11iynh', 'jerseyNumber': 84, 'lastName': 'Cole', 'ngsPosition': 'WR', 'ngsPositionGroup': 'WR', 'position': 'WR', 'positionGroup': 'WR', 'shortName': 'K.Cole', 'smartId': '3200434f-4c13-0738-9b9e-38aa1121bdd9', 'status': 'ACT'}",keelan cole,WR,2250,2018,keelan cole,JAX,11845.4414,1993-04-20,0.3125,Keelan Cole,687,0.021652013,0.5401294289645683,25,73.0,194.0,
9,6.569487179,4.307956178,10.49510638,3.063075756,3.358571429,-0.949384749,59.57446809,11.85850665,0,28,47,304,"{'season': 2018, 'currentTeamId': '5110', 'displayName': 'Maurice Harris', 'esbId': 'HAR485163', 'firstName': 'Maurice', 'footballName': 'Maurice', 'gsisId': '00-0032362', 'gsisItId': 43563, 'headshot': 'https://static.www.nfl.com/image/private/{formatInstructions}/league/w31fw8vgazrlgvyp2szu', 'jerseyNumber': 13, 'lastName': 'Harris', 'position': 'WR', 'positionGroup': 'WR', 'shortName': 'M.Harris', 'smartId': '32004841-5248-5163-915a-8240910dd87e', 'status': 'RES', 'suffix': 'Jr.', 'ngsPosition': 'WR', 'ngsPositionGroup': 'WR'}",maurice harris,WR,5110,2018,maurice harris,WAS,13070.916,1992-11-11,0.1875,Maurice Harris,462,0.06458592,0.4762050653594771,25,75.0,200.0,
11,6.538736842,5.069306981,6.07352381,3.564350324,5.701578947,0.632271967,72.38095238,9.662087533,5,76,105,816,"{'season': 2018, 'currentTeamId': '4900', 'displayName': 'Adam Humphries', 'esbId': 'HUM721507', 'firstName': 'Adam', 'footballName': 'Adam', 'gsisId': '00-0032009', 'gsisItId': 43010, 'headshot': 'https://static.www.nfl.com/image/private/{formatInstructions}/league/k0vkjiqxo1qntcqye1p3', 'jerseyNumber': 10, 'lastName': 'Humphries', 'ngsPosition': 'SLOT_WR', 'ngsPositionGroup': 'WR', 'position': 'WR', 'positionGroup': 'WR', 'shortName': 'A.Humphries', 'smartId': '32004855-4d72-1507-4b02-e4f7666b5805', 'status': 'ACT'}",adam humphries,WR,4900,2018,adam humphries,TB,11937.85766,1993-06-24,0.3125,Adam Humphries,781,0.056278113,0.5088337418300654,25,71.0,195.0,
15,6.43923913,3.624238881,16.5006383,2.303899889,3.6434,0.019161119,53.19148936,33.56204844,6,50,94,752,"{'season': 2018, 'currentTeamId': '3430', 'displayName': 'Robby Anderson', 'esbId': 'AND460305', 'firstName': 'Robby', 'footballName': 'Robby', 'gsisId': '00-0032688', 'gsisItId': 43808, 'headshot': 'https://static.www.nfl.com/image/private/{formatInstructions}/league/vtqf5f1ti4ojfjggm388', 'jerseyNumber': 11, 'lastName': 'Anderson', 'ngsPosition': 'WR', 'ngsPositionGroup': 'WR', 'position': 'WR', 'positionGroup': 'WR', 'shortName': 'R.Anderson', 'smartId': '3200414e-4446-0305-58a8-61667bde4206', 'status': 'ACT'}",robby anderson,WR,3430,2018,robby anderson,NYJ,9420.503367,1993-05-09,0.6875,Robby Anderson,682,-0.006351409,0.5000147811317509,25,75.0,190.0,
28,6.243061224,6.09112967,12.02872727,4.08580671,5.979428571,-0.111701098,63.63636364,15.24469208,3,35,55,532,"{'season': 2018, 'currentTeamId': '3200', 'displayName': 'Chris Hogan', 'esbId': 'HOG008552', 'firstName': 'Chris', 'footballName': 'Chris', 'gsisId': '00-0028237', 'gsisItId': 37737, 'headshot': 'https://static.www.nfl.com/image/private/{formatInstructions}/league/dssn7zhhr5aqj3ujotfy', 'jerseyNumber': 15, 'lastName': 'Hogan', 'ngsPosition': 'WR', 'ngsPositionGroup': 'WR', 'position': 'WR', 'positionGroup': 'WR', 'shortName': 'C.Hogan', 'smartId': '3200484f-4700-8552-d771-1e9cfd53695f', 'status': 'ACT'}",chris hogan,WR,3200,2018,chris hogan,NE,18869.44337,1987-10-24,0.6875,Chris Hogan,1014,0.004994475,0.5122469809715207,30,73.0,210.0,
30,6.227065217,4.657301597,7.700925926,3.253567722,4.979864865,0.322563268,68.51851852,19.16474259,6,74,108,850,"{'season': 2018, 'currentTeamId': '3200', 'displayName': 'Julian Edelman', 'esbId': 'EDE425791', 'firstName': 'Julian', 'footballName': 'Julian', 'gsisId': '00-0027150', 'gsisItId': 34683, 'headshot': 'https://static.www.nfl.com/image/private/{formatInstructions}/league/u0hbuo2bsvtlg7lnxm43', 'jerseyNumber': 11, 'lastName': 'Edelman', 'ngsPosition': 'SLOT_WR', 'ngsPositionGroup': 'WR', 'position': 'WR', 'positionGroup': 'WR', 'shortName': 'J.Edelman', 'smartId': '32004544-4542-5791-52f0-bc67f5a8aae9', 'status': 'ACT'}",julian edelman,WR,3200,2018,julian edelman,NE,18869.44337,1986-05-22,0.6875,Julian Edelman,989,0.004994475,0.5122469809715207,32,70.0,200.0,
32,6.211965812,4.449483493,11.48701613,2.970090375,4.538571429,0.089087936,62.09677419,33.29865673,6,77,124,1052,"{'season': 2018, 'currentTeamId': '3410', 'displayName': 'Odell Beckham', 'esbId': 'BEC573252', 'firstName': 'Odell', 'footballName': 'Odell', 'gsisId': '00-0031235', 'gsisItId': 41238, 'headshot': 'https://static.www.nfl.com/image/private/{formatInstructions}/league/yzjnhcodduxtsqobvmpe', 'jerseyNumber': 13, 'lastName': 'Beckham', 'position': 'WR', 'positionGroup': 'WR', 'shortName': 'O.Beckham', 'smartId': '32004245-4357-3252-264b-1da3e93d2745', 'status': 'ACT', 'suffix': 'Jr.', 'ngsPosition': 'WR', 'ngsPositionGroup': 'WR'}",odell beckham,WR,3410,2018,odell beckham jr,NYG,15119.37179,1992-11-05,0.75,,716,0.045319427,0.5164164624183006,25,71.0,198.0,
37,6.128426966,4.624369947,8.463069307,3.512672612,5.739848485,1.115478537,65.34653465,23.08417323,5,66,101,715,"{'season': 2018, 'currentTeamId': '2250', 'displayName': 'Dede Westbrook', 'esbId': 'WES551470', 'firstName': 'Decrick', 'footballName': 'Dede', 'gsisId': '00-0033839', 'gsisItId': 44923, 'headshot': 'https://static.www.nfl.com/image/private/{formatInstructions}/league/ka3wmdkh42mcj3lgbjoe', 'jerseyNumber': 12, 'lastName': 'Westbrook', 'ngsPosition': 'SLOT_WR', 'ngsPositionGroup': 'WR', 'position': 'WR', 'positionGroup': 'WR', 'shortName': 'D.Westbrook', 'smartId': '32005745-5355-1470-8067-83ca40023853', 'status': 'ACT'}",dede westbrook,WR,2250,2018,dede westbrook,JAX,11845.4414,1993-11-21,0.3125,Dede Westbrook,805,0.021652013,0.5401294289645683,24,72.0,176.0,
38,6.122115385,4.433120034,8.56734375,3.228416457,5.227333333,0.794213299,70.3125,14.92308613,2,45,64,494,"{'season': 2018, 'currentTeamId': '2520', 'displayName': 'Seth Roberts', 'esbId': 'ROB240370', 'firstName': 'Seth', 'footballName': 'Seth', 'gsisId': '00-0031166', 'gsisItId': 41983, 'headshot': 'https://static.www.nfl.com/image/private/{formatInstructions}/league/evaluuij0u4wrxo94tkw', 'jerseyNumber': 10, 'lastName': 'Roberts', 'ngsPosition': 'SLOT_WR', 'ngsPositionGroup': 'WR', 'position': 'WR', 'positionGroup': 'WR', 'shortName': 'S.Roberts', 'smartId': '3200524f-4224-0370-24b1-002f3e8d6b15', 'status': 'ACT'}",seth roberts,WR,2520,2018,seth roberts,OAK,"20,931.44",1991-02-22,0.0625,Seth Roberts,569,0.03214709,0.5291215170278638,27,74.0,195.0,
43,6.079245283,3.659694966,10.25473214,3.051198104,4.345538462,0.685843496,58.03571429,35.85078224,4,65,112,891,"{'season': 2018, 'currentTeamId': '2100', 'displayName': 'Corey Davis', 'esbId': 'DAV247957', 'firstName': 'Corey', 'footballName': 'Corey', 'gsisId': '00-0033871', 'gsisItId': 44817, 'headshot': 'https://static.www.nfl.com/image/private/{formatInstructions}/league/bvc0v713yjjeq5pvlep4', 'jerseyNumber': 84, 'lastName': 'Davis', 'ngsPosition': 'WR', 'ngsPositionGroup': 'WR', 'position': 'WR', 'positionGroup': 'WR', 'shortName': 'C.Davis', 'smartId': '32004441-5624-7957-ef31-0e38b3301e4b', 'status': 'ACT'}",corey davis,WR,2100,2018,corey davis,TEN,12049.56799,1995-01-11,0.3125,Corey Davis,872,0.009323124,0.5104878848469212,23,75.0,209.0,
52,5.899390244,3.865493658,7.404137931,2.866364179,3.414153846,-0.451339812,74.71264368,16.15833239,3,65,87,672,"{'season': 2018, 'currentTeamId': '1200', 'displayName': 'Cole Beasley', 'esbId': 'BEA434808', 'firstName': 'Cole', 'footballName': 'Cole', 'gsisId': '00-0029000', 'gsisItId': 38947, 'headshot': 'https://static.www.nfl.com/image/private/{formatInstructions}/league/f8ps0df05hmcu1tzrbub', 'jerseyNumber': 11, 'lastName': 'Beasley', 'ngsPosition': 'SLOT_WR', 'ngsPositionGroup': 'WR', 'position': 'WR', 'positionGroup': 'WR', 'shortName': 'C.Beasley', 'smartId': '32004245-4143-4808-b9d8-45a5d1a5ad73', 'status': 'ACT'}",cole beasley,WR,1200,2018,cole beasley,DAL,18985.53715,1989-04-26,0.8125,Cole Beasley,769,0.05710488,0.5028057275541795,29,68.0,180.0,
54,5.855714286,4.846703826,14.8040146,3.148717596,6.379655172,1.532951347,63.50364964,38.42517686,12,87,137,1479,"{'season': 2018, 'currentTeamId': '2310', 'displayName': 'Tyreek Hill', 'esbId': 'HIL628694', 'firstName': 'Tyreek', 'footballName': 'Tyreek', 'gsisId': '00-0033040', 'gsisItId': 43454, 'headshot': 'https://static.www.nfl.com/image/private/{formatInstructions}/league/daheq1ssy3lui6kxtudq', 'jerseyNumber': 10, 'lastName': 'Hill', 'ngsPosition': 'WR', 'ngsPositionGroup': 'WR', 'position': 'WR', 'positionGroup': 'WR', 'shortName': 'T.Hill', 'smartId': '32004849-4c62-8694-8490-45499711dee4', 'status': 'ACT'}",tyreek hill,WR,2310,2018,tyreek hill,KC,17312.03603,1994-03-01,0.125,Tyreek Hill,1021,0.025024401,0.4927880021404273,24,70.0,185.0,
58,5.770486111,3.427741437,9.596928105,2.903090043,3.854867257,0.427125819,73.85620915,32.74803065,9,113,153,1373,"{'season': 2018, 'currentTeamId': '3000', 'displayName': 'Adam Thielen', 'esbId': 'THI510348', 'firstName': 'Adam', 'footballName': 'Adam', 'gsisId': '00-0030035', 'gsisItId': 40488, 'headshot': 'https://static.www.nfl.com/image/private/{formatInstructions}/league/stmxpojttikyk6i8hgi0', 'jerseyNumber': 19, 'lastName': 'Thielen', 'ngsPosition': 'SLOT_WR', 'ngsPositionGroup': 'WR', 'position': 'WR', 'positionGroup': 'WR', 'shortName': 'A.Thielen', 'smartId': '32005448-4951-0348-440c-28f32f21652b', 'status': 'ACT'}",adam thielen,WR,3000,2018,adam thielen,MIN,14371.79524,1990-08-22,0.75,Adam Thielen,1011,0.031576075,0.4912280701754386,28,74.0,200.0,
62,5.742619048,4.128700067,9.96375,3.12823136,5.118461538,0.989761472,69.64285714,12.07343118,4,39,56,502,"{'season': 2018, 'currentTeamId': '3430', 'displayName': 'Chris Herndon', 'esbId': 'HER373492', 'firstName': 'Christopher', 'footballName': 'Christopher', 'gsisId': '00-0034766', 'gsisItId': 46176, 'headshot': 'https://static.www.nfl.com/image/private/{formatInstructions}/league/orypxaqv1ux3nbqssqqx', 'jerseyNumber': 89, 'lastName': 'Herndon', 'ngsPosition': 'TE', 'ngsPositionGroup': 'TE', 'position': 'TE', 'positionGroup': 'TE', 'shortName': 'C.Herndon', 'smartId': '32004845-5237-3492-2b18-4e74e810b869', 'status': 'ACT'}",chris herndon,TE,3430,2018,chris herndon,NYJ,9420.503367,1996-02-23,0.6875,Chris Herndon,625,-0.006351409,0.5000147811317509,22,76.0,252.0,
69,5.678955224,4.978758879,6.389027778,3.644751079,5.096037736,0.117278856,73.61111111,9.330396351,2,53,72,485,"{'season': 2018, 'currentTeamId': '2200', 'displayName': 'Chester Rogers', 'esbId': 'ROG146742', 'firstName': 'Chester', 'footballName': 'Chester', 'gsisId': '00-0032355', 'gsisItId': 43556, 'headshot': 'https://static.www.nfl.com/image/private/{formatInstructions}/league/xcttpybweoxgmeycjvof', 'jerseyNumber': 80, 'lastName': 'Rogers', 'ngsPosition': 'SLOT_WR', 'ngsPositionGroup': 'WR', 'position': 'WR', 'positionGroup': 'WR', 'shortName': 'C.Rogers', 'smartId': '3200524f-4714-6742-8aec-cfa06f6c3ab6', 'status': 'ACT', 'suffix': 'III'}",chester rogers,WR,2200,2018,chester rogers,IND,14502.58425,1994-01-12,0.6875,Chester Rogers,684,0.029891133,0.486355970263349,24,72.0,184.0,
74,5.647837838,2.656718139,8.701428571,2.868555935,2.106333333,-0.550384806,61.2244898,6.459926397,6,30,49,289,"{'season': 2018, 'currentTeamId': '4900', 'displayName': 'Cameron Brate', 'esbId': 'BRA663798', 'firstName': 'Cameron', 'footballName': 'Cameron', 'gsisId': '00-0031273', 'gsisItId': 42033, 'headshot': 'https://static.www.nfl.com/image/private/{formatInstructions}/league/og8g0lqdnbrwcbmjwbfu', 'jerseyNumber': 84, 'lastName': 'Brate', 'ngsPosition': 'SLOT_WR', 'ngsPositionGroup': 'TE', 'position': 'TE', 'positionGroup': 'TE', 'shortName': 'C.Brate', 'smartId': '32004252-4166-3798-c2b3-ef206ba23ba8', 'status': 'ACT'}",cameron brate,TE,4900,2018,cameron brate,TB,11937.85766,1991-07-03,0.3125,Cameron Brate,534,0.056278113,0.5088337418300654,27,77.0,235.0,
79,5.581395349,3.415494182,12.14931818,2.210701572,4.213214286,0.797720104,63.63636364,14.27034559,5,28,44,427,"{'season': 2018, 'currentTeamId': '3300', 'displayName': ""Tre'Quan Smith"", 'esbId': 'SMI764556', 'firstName': ""Tre'Quan"", 'footballName': ""Tre'Quan"", 'gsisId': '00-0034765', 'gsisItId': 46160, 'headshot': 'https://static.www.nfl.com/image/private/{formatInstructions}/league/if2chjv6qwxa3fyjg35g', 'jerseyNumber': 10, 'lastName': 'Smith', 'ngsPosition': 'WR', 'ngsPositionGroup': 'WR', 'position': 'WR', 'positionGroup': 'WR', 'shortName': 'T.Smith', 'smartId': '3200534d-4976-4556-d545-e418d85634bb', 'status': 'ACT'}",tre'quan smith,WR,3300,2018,tre'quan smith,NO,11869.09747,1996-01-07,0.8125,Tre'Quan Smith,631,0.059760243,0.4938558269311623,22,73.0,210.0,
82,5.564677419,5.339300242,12.50184615,2.760509326,5.143658537,-0.195641705,63.07692308,20.14647111,5,41,65,653,"{'season': 2018, 'currentTeamId': '4400', 'displayName': 'Tyrell Williams', 'esbId': 'WIL547641', 'firstName': 'Tyrell', 'footballName': 'Tyrell', 'gsisId': '00-0032160', 'gsisItId': 43090, 'headshot': 'https://static.www.nfl.com/image/private/{formatInstructions}/league/knhalhbzfbwtsvdav0q8', 'jerseyNumber': 16, 'lastName': 'Williams', 'ngsPosition': 'WR', 'ngsPositionGroup': 'WR', 'position': 'WR', 'positionGroup': 'WR', 'shortName': 'Ty.Williams', 'smartId': '32005749-4c54-7641-fdca-10f8368b7b2e', 'status': 'ACT'}",tyrell williams,WR,4400,2018,tyrell williams,LAC,29416.74184,1992-02-12,0.125,Tyrell Williams,862,0.024343356,0.4853036731261705,26,76.0,205.0,
95,5.361395349,5.359851903,11.83733333,3.37600308,7.574444444,2.214592542,60.0,13.60654733,5,27,45,467,"{'season': 2018, 'currentTeamId': '4500', 'displayName': 'Dante Pettis', 'esbId': 'PET735981', 'firstName': 'Dante', 'footballName': 'Dante', 'gsisId': '00-0034860', 'gsisItId': 46113, 'headshot': 'https://static.www.nfl.com/image/private/{formatInstructions}/league/d0utivdrtm4tumhdm3ik', 'jerseyNumber': 18, 'lastName': 'Pettis', 'position': 'WR', 'positionGroup': 'WR', 'shortName': 'D.Pettis', 'smartId': '32005045-5473-5981-8eda-5f27db81c106', 'status': 'RES', 'ngsPosition': 'WR', 'ngsPositionGroup': 'WR'}",dante pettis,WR,4500,2018,dante pettis,SF,18381.19579,1995-10-23,0.125,Dante Pettis,452,0.02577737,0.486296547127623,22,73.0,195.0,
96,5.328604651,2.95369856,8.390217391,3.053193703,2.350666667,-0.603031893,65.2173913,8.825970925,2,30,46,243,"{'season': 2018, 'currentTeamId': '1400', 'displayName': 'DaeSean Hamilton', 'esbId': 'HAM200565', 'firstName': 'DaeSean', 'footballName': 'DaeSean', 'gsisId': '00-0034370', 'gsisItId': 46182, 'headshot': 'https://static.www.nfl.com/image/private/{formatInstructions}/league/iz3vfnnc3rwi6mpdsvia', 'jerseyNumber': 17, 'lastName': 'Hamilton', 'ngsPosition': 'SLOT_WR', 'ngsPositionGroup': 'WR', 'position': 'WR', 'positionGroup': 'WR', 'shortName': 'D.Hamilton', 'smartId': '32004841-4d20-0565-a51e-2028f6290d41', 'status': 'ACT'}",daesean hamilton,WR,1400,2018,daesean hamilton,DEN,15500.69311,1995-03-10,0.125,DaeSean Hamilton,471,0.031874347,0.5040244990540076,23,73.0,206.0,
103,5.188510638,4.698406791,11.33148148,2.97224551,5.383636364,0.685229572,61.11111111,13.7125672,7,33,54,423,"{'season': 2018, 'currentTeamId': '0810', 'displayName': 'Anthony Miller', 'esbId': 'MIL140090', 'firstName': 'Anthony', 'footballName': 'Anthony', 'gsisId': '00-0034353', 'gsisItId': 46120, 'headshot': 'https://static.www.nfl.com/image/private/{formatInstructions}/league/bd1p24ouboy5l6aqelbc', 'jerseyNumber': 17, 'lastName': 'Miller', 'ngsPosition': 'SLOT_WR', 'ngsPositionGroup': 'WR', 'position': 'WR', 'positionGroup': 'WR', 'shortName': 'A.Miller', 'smartId': '32004d49-4c14-0090-2d8a-386614adf145', 'status': 'ACT'}",anthony miller,WR,810,2018,anthony miller,CHI,12825.42167,1994-10-09,0.25,Anthony Miller,615,0.037970804,0.4291239199498169,23,71.0,190.0,
104,5.1703125,3.223001517,9.904565217,2.64262798,3.034,-0.189001517,76.08695652,12.16250848,2,35,46,400,"{'season': 2018, 'currentTeamId': '3300', 'displayName': 'Benjamin Watson', 'esbId': 'WAT311042', 'firstName': 'Benjamin', 'footballName': 'Benjamin', 'gsisId': '00-0022943', 'gsisItId': 28985, 'headshot': 'https://static.www.nfl.com/image/private/{formatInstructions}/league/dorymozpdnrllkqlfzpu', 'jerseyNumber': 82, 'lastName': 'Watson', 'position': 'TE', 'positionGroup': 'TE', 'shortName': 'B.Watson', 'smartId': '32005741-5431-1042-6fe6-3cd4a15a0a0c', 'status': 'ACT', 'ngsPosition': 'TE', 'ngsPositionGroup': 'TE'}",ben watson,TE,3300,2018,benjamin watson,NO,11869.09747,1980-12-18,0.8125,Ben Watson,533,0.059760243,0.4938558269311623,37,75.0,251.0,
105,5.156515152,3.197621466,12.12863014,2.823577008,3.6118,0.414178534,68.49315068,22.91755643,5,50,73,618,"{'season': 2018, 'currentTeamId': '4600', 'displayName': 'Doug Baldwin', 'esbId': 'BAL312014', 'firstName': 'Doug', 'footballName': 'Doug', 'gsisId': '00-0028434', 'gsisItId': 37914, 'headshot': 'https://static.www.nfl.com/image/private/{formatInstructions}/league/kccmcttfdtl7m3g49vb8', 'jerseyNumber': 89, 'lastName': 'Baldwin', 'ngsPosition': 'SLOT_WR', 'ngsPositionGroup': 'WR', 'position': 'WR', 'positionGroup': 'WR', 'shortName': 'D.Baldwin', 'smartId': '32004241-4c31-2014-c93d-20c503b6b7fe', 'status': 'ACT', 'suffix': 'Jr.'}",doug baldwin,WR,4600,2018,doug baldwin,SEA,24565.10818,1988-09-21,0.5625,Doug Baldwin,763,0.03545595,0.4787644934134645,29,70.0,192.0,
106,5.151764706,5.043176079,7.737954545,3.257800895,5.650606061,0.607429981,75.0,7.735282357,4,33,44,334,"{'season': 2018, 'currentTeamId': '3700', 'displayName': 'Dallas Goedert', 'esbId': 'GOE595520', 'firstName': 'Dallas', 'footballName': 'Dallas', 'gsisId': '00-0034351', 'gsisItId': 46118, 'headshot': 'https://static.www.nfl.com/image/private/{formatInstructions}/league/bekz0emretqdor3engkr', 'jerseyNumber': 88, 'lastName': 'Goedert', 'ngsPosition': 'TE', 'ngsPositionGroup': 'TE', 'position': 'TE', 'positionGroup': 'TE', 'shortName': 'D.Goedert', 'smartId': '3200474f-4559-5520-b7af-5e002aedafbb', 'status': 'ACT'}",dallas goedert,TE,3700,2018,dallas goedert,PHI,18211.13552,1995-01-03,0.1875,Dallas Goedert,573,0.041282054,0.5329890971983335,23,77.0,260.0,
107,5.118461538,5.693538919,7.866976744,3.448165033,6.751666667,1.058127748,55.81395349,7.706151162,0,24,43,305,"{'season': 2018, 'currentTeamId': '2120', 'displayName': 'Ryan Griffin', 'esbId': 'GRI293499', 'firstName': 'Ryan', 'footballName': 'Ryan', 'gsisId': '00-0030108', 'gsisItId': 40149, 'headshot': 'https://static.www.nfl.com/image/private/{formatInstructions}/league/ntkwyyft1r9xefhlc66m', 'jerseyNumber': 84, 'lastName': 'Griffin', 'ngsPosition': 'TE', 'ngsPositionGroup': 'TE', 'position': 'TE', 'positionGroup': 'TE', 'shortName': 'R.Griffin', 'smartId': '32004752-4929-3499-4553-f2c6b22bb2af', 'status': 'ACT'}",ryan griffin,TE,2120,2018,ryan griffin,TB,11937.85766,1989-11-17,0.3125,Ryan Griffin,800,0.056278113,0.5088337418300654,28,77.0,210.0,
108,5.118461538,5.693538919,7.866976744,3.448165033,6.751666667,1.058127748,55.81395349,7.706151162,0,24,43,305,"{'season': 2018, 'currentTeamId': '2120', 'displayName': 'Ryan Griffin', 'esbId': 'GRI293499', 'firstName': 'Ryan', 'footballName': 'Ryan', 'gsisId': '00-0030108', 'gsisItId': 40149, 'headshot': 'https://static.www.nfl.com/image/private/{formatInstructions}/league/ntkwyyft1r9xefhlc66m', 'jerseyNumber': 84, 'lastName': 'Griffin', 'ngsPosition': 'TE', 'ngsPositionGroup': 'TE', 'position': 'TE', 'positionGroup': 'TE', 'shortName': 'R.Griffin', 'smartId': '32004752-4929-3499-4553-f2c6b22bb2af', 'status': 'ACT'}",ryan griffin,TE,2120,2018,ryan griffin,TB,11937.85766,1989-11-17,0.3125,Ryan Griffin,800,0.056278113,0.5088337418300654,28,77.0,255.0,
109,5.118461538,5.693538919,7.866976744,3.448165033,6.751666667,1.058127748,55.81395349,7.706151162,0,24,43,305,"{'season': 2018, 'currentTeamId': '2120', 'displayName': 'Ryan Griffin', 'esbId': 'GRI293499', 'firstName': 'Ryan', 'footballName': 'Ryan', 'gsisId': '00-0030108', 'gsisItId': 40149, 'headshot': 'https://static.www.nfl.com/image/private/{formatInstructions}/league/ntkwyyft1r9xefhlc66m', 'jerseyNumber': 84, 'lastName': 'Griffin', 'ngsPosition': 'TE', 'ngsPositionGroup': 'TE', 'position': 'TE', 'positionGroup': 'TE', 'shortName': 'R.Griffin', 'smartId': '32004752-4929-3499-4553-f2c6b22bb2af', 'status': 'ACT'}",ryan griffin,TE,2120,2018,ryan griffin,TB,11937.85766,1989-11-17,0.3125,Ryan Griffin,800,0.056278113,0.5088337418300654,28,78.0,210.0,
110,5.118461538,5.693538919,7.866976744,3.448165033,6.751666667,1.058127748,55.81395349,7.706151162,0,24,43,305,"{'season': 2018, 'currentTeamId': '2120', 'displayName': 'Ryan Griffin', 'esbId': 'GRI293499', 'firstName': 'Ryan', 'footballName': 'Ryan', 'gsisId': '00-0030108', 'gsisItId': 40149, 'headshot': 'https://static.www.nfl.com/image/private/{formatInstructions}/league/ntkwyyft1r9xefhlc66m', 'jerseyNumber': 84, 'lastName': 'Griffin', 'ngsPosition': 'TE', 'ngsPositionGroup': 'TE', 'position': 'TE', 'positionGroup': 'TE', 'shortName': 'R.Griffin', 'smartId': '32004752-4929-3499-4553-f2c6b22bb2af', 'status': 'ACT'}",ryan griffin,TE,2120,2018,ryan griffin,TB,11937.85766,1989-11-17,0.3125,Ryan Griffin,800,0.056278113,0.5088337418300654,28,78.0,255.0,
113,5.025208333,4.472854716,7.45203125,2.754435361,4.881162791,0.408308074,67.1875,10.79510731,3,43,64,439,"{'season': 2018, 'currentTeamId': '0920', 'displayName': 'C.J. Uzomah', 'esbId': 'UZO415291', 'firstName': 'Christopher', 'footballName': 'C.J.', 'gsisId': '00-0032134', 'gsisItId': 42500, 'headshot': 'https://static.www.nfl.com/image/private/{formatInstructions}/league/dyibbshsufxng0ckdsv4', 'jerseyNumber': 87, 'lastName': 'Uzomah', 'ngsPosition': 'TE', 'ngsPositionGroup': 'TE', 'position': 'TE', 'positionGroup': 'TE', 'shortName': 'C.Uzomah', 'smartId': '3200555a-4f41-5291-7c48-f42f95ee20d2', 'status': 'ACT'}",c.j. uzomah,TE,920,2018,cj uzomah,CIN,8279.790101,1993-01-14,0.625,C.J. Uzomah,839,0.033791225,0.5162377450980392,25,78.0,265.0,
121,4.721267606,4.109941086,13.99746479,2.107671167,7.077317073,2.967375987,57.74647887,22.90045026,4,41,71,737,"{'season': 2018, 'currentTeamId': '3200', 'displayName': 'Josh Gordon', 'esbId': 'GOR190310', 'firstName': 'Josh', 'footballName': 'Josh', 'gsisId': '00-0029664', 'gsisItId': 39646, 'headshot': 'https://static.www.nfl.com/image/private/{formatInstructions}/league/atwcq5nczzb5k85fince', 'jerseyNumber': 10, 'lastName': 'Gordon', 'position': 'WR', 'positionGroup': 'WR', 'shortName': 'J.Gordon', 'smartId': '3200474f-5219-0310-af1f-30d8c9d32e21', 'status': 'SUS', 'ngsPosition': 'WR', 'ngsPositionGroup': 'WR'}",josh gordon,WR,3200,2018,josh gordon,NE,18869.44337,1991-04-13,0.6875,Josh Gordon,633,0.004994475,0.5122469809715207,27,75.0,225.0,
128,4.449473684,4.675236958,8.789333333,2.464236806,4.533214286,-0.142022672,62.22222222,9.805729926,2,28,45,333,"{'season': 2018, 'currentTeamId': '4400', 'displayName': 'Antonio Gates', 'esbId': 'GAT194627', 'firstName': 'Antonio', 'footballName': 'Antonio', 'gsisId': '00-0021547', 'gsisItId': 28495, 'headshot': 'https://static.www.nfl.com/image/private/{formatInstructions}/league/kndulvysinvn4tpvt0bc', 'jerseyNumber': 85, 'lastName': 'Gates', 'ngsPosition': 'SLOT_WR', 'ngsPositionGroup': 'TE', 'position': 'TE', 'positionGroup': 'TE', 'shortName': 'A.Gates', 'smartId': '32004741-5419-4627-d7b9-c6962c8e21f2', 'status': 'ACT'}",antonio gates,TE,4400,2018,antonio gates,LAC,29416.74184,1980-06-18,0.125,Antonio Gates,441,0.024343356,0.4853036731261705,38,76.0,255.0,
133,7.209402985,3.327346876,12.26333333,2.712406234,4.902325581,1.574978706,62.31884058,22.32444141,2,43,69,601,"{'season': 2019, 'currentTeamId': '2100', 'displayName': 'Corey Davis', 'esbId': 'DAV247957', 'firstName': 'Corey', 'footballName': 'Corey', 'gsisId': '00-0033871', 'gsisItId': 44817, 'headshot': 'https://static.www.nfl.com/image/private/{formatInstructions}/league/bvc0v713yjjeq5pvlep4', 'jerseyNumber': 84, 'lastName': 'Davis', 'ngsPosition': 'WR', 'ngsPositionGroup': 'WR', 'position': 'WR', 'positionGroup': 'WR', 'shortName': 'C.Davis', 'smartId': '32004441-5624-7957-ef31-0e38b3301e4b', 'status': 'ACT', 'uniformNumber': '84'}",corey davis,WR,2100,2019,corey davis,TEN,14043.33279,1995-01-11,0.125,Corey Davis,859,0.044406664,0.529395922727355,24,75.0,209.0,
136,6.765909091,4.331822161,5.798644068,3.476792173,4.39195122,0.060129058,69.49152542,7.300553538,3,41,59,349,"{'season': 2019, 'currentTeamId': '4600', 'displayName': 'Jacob Hollister', 'esbId': 'HOL292467', 'firstName': 'Jacob', 'footballName': 'Jacob', 'gsisId': '00-0033387', 'gsisItId': 45281, 'headshot': 'https://static.www.nfl.com/image/private/{formatInstructions}/league/ekswzksp2camcm4yrznj', 'jerseyNumber': 48, 'lastName': 'Hollister', 'ngsPosition': 'TE', 'ngsPositionGroup': 'TE', 'position': 'TE', 'positionGroup': 'TE', 'shortName': 'J.Hollister', 'smartId': '3200484f-4c29-2467-de51-661befd08df1', 'status': 'ACT', 'uniformNumber': '48'}",jacob hollister,TE,4600,2019,jacob hollister,SEA,35553.16235,1993-11-18,0.5625,Jacob Hollister,607,0.005700142,0.5306886156021863,25,76.0,245.0,
137,6.73245283,4.447409206,7.349464286,3.158416889,5.033823529,0.586414323,60.71428571,11.60296692,4,34,56,310,"{'season': 2019, 'currentTeamId': '5110', 'displayName': 'Steven Sims', 'esbId': 'SIM809106', 'firstName': 'Steven', 'footballName': 'Steven', 'gsisId': '00-0034928', 'gsisItId': 48051, 'headshot': 'https://static.www.nfl.com/image/private/{formatInstructions}/league/swrcnypswgiyxaaidmwl', 'jerseyNumber': 15, 'lastName': 'Sims', 'ngsPosition': 'SLOT_WR', 'ngsPositionGroup': 'WR', 'position': 'WR', 'positionGroup': 'WR', 'shortName': 'S.Sims', 'smartId': '32005349-4d80-9106-3126-855ed37450b4', 'status': 'ACT', 'uniformNumber': '15'}",steven sims,WR,5110,2019,steven sims,WAS,9378.526001,1997-03-31,0.25,Steven Sims,310,0.01133364,0.4863314843481252,22,70.0,176.0,
139,6.579333333,3.995860084,8.800128205,2.714040287,5.609534884,1.6136748,55.12820513,14.40645595,0,43,78,529,"{'season': 2019, 'currentTeamId': '0920', 'displayName': 'Alex Erickson', 'esbId': 'ERI090697', 'firstName': 'Alex', 'footballName': 'Alex', 'gsisId': '00-0032543', 'gsisItId': 43663, 'headshot': 'https://static.www.nfl.com/image/private/{formatInstructions}/league/ynfigtd9x55vsxotphsg', 'jerseyNumber': 12, 'lastName': 'Erickson', 'ngsPosition': 'WR', 'ngsPositionGroup': 'WR', 'position': 'WR', 'positionGroup': 'WR', 'shortName': 'A.Erickson', 'smartId': '32004552-4909-0697-7ef2-dee5ba714d1b', 'status': 'ACT', 'uniformNumber': '12'}",alex erickson,WR,920,2019,alex erickson,CIN,15572.18963,1992-11-06,0.125,Alex Erickson,615,-0.030991523,0.5365510513415893,26,72.0,195.0,
141,6.532195122,2.392068561,10.60666667,2.507047909,2.03,-0.362068561,68.88888889,13.55827245,3,31,45,294,"{'season': 2019, 'currentTeamId': '3000', 'displayName': 'Bisi Johnson', 'esbId': 'JOH000023', 'firstName': 'Olabisi', 'footballName': 'Olabisi', 'gsisId': '00-0035006', 'gsisItId': 48030, 'headshot': 'https://static.www.nfl.com/image/private/{formatInstructions}/league/hbzkzporasmgee2kpfyk', 'jerseyNumber': 81, 'lastName': 'Johnson', 'ngsPosition': 'WR', 'ngsPositionGroup': 'WR', 'position': 'WR', 'positionGroup': 'WR', 'shortName': 'O.Johnson', 'smartId': '32004a4f-4800-0023-5262-0061a9786a43', 'status': 'ACT', 'uniformNumber': '81'}",olabisi johnson,WR,3000,2019,bisi johnson,MIN,17987.18723,1997-03-17,0.8125,Olabisi Johnson,597,0.05367205,0.5018215132056721,22,72.0,203.0,
147,6.443968254,4.769195806,10.87661972,2.955510969,5.377608696,0.60841289,64.78873239,21.06969117,7,46,71,584,"{'season': 2019, 'currentTeamId': '0325', 'displayName': 'Marquise Brown', 'esbId': 'BRO413218', 'firstName': 'Marquise', 'footballName': 'Marquise', 'gsisId': '00-0035662', 'gsisItId': 47808, 'headshot': 'https://static.www.nfl.com/image/private/{formatInstructions}/league/zsfjardpwq8fw0jr2cnf', 'jerseyNumber': 15, 'lastName': 'Brown', 'ngsPosition': 'WR', 'ngsPositionGroup': 'WR', 'position': 'WR', 'positionGroup': 'WR', 'shortName': 'M.Brown', 'smartId': '32004252-4f41-3218-bf76-54f4042e0396', 'status': 'ACT', 'uniformNumber': '15'}",marquise brown,WR,325,2019,marquise brown,BAL,15488.31238,1997-06-04,0.1875,Marquise Brown,643,0.013195359,0.4914582448046298,22,69.0,170.0,
148,6.408666667,3.635019645,12.706875,3.045636107,4.179333333,0.544313689,62.5,17.32578486,6,30,48,418,"{'season': 2019, 'currentTeamId': '3000', 'displayName': 'Adam Thielen', 'esbId': 'THI510348', 'firstName': 'Adam', 'footballName': 'Adam', 'gsisId': '00-0030035', 'gsisItId': 40488, 'headshot': 'https://static.www.nfl.com/image/private/{formatInstructions}/league/stmxpojttikyk6i8hgi0', 'jerseyNumber': 19, 'lastName': 'Thielen', 'ngsPosition': 'WR', 'ngsPositionGroup': 'WR', 'position': 'WR', 'positionGroup': 'WR', 'shortName': 'A.Thielen', 'smartId': '32005448-4951-0348-440c-28f32f21652b', 'status': 'ACT', 'uniformNumber': '19'}",adam thielen,WR,3000,2019,adam thielen,MIN,17987.18723,1990-08-22,0.8125,Adam Thielen,542,0.05367205,0.5018215132056721,29,74.0,200.0,
158,6.206666667,4.791238366,6.970693069,3.196159724,4.883030303,0.091791937,65.34653465,16.38220491,3,66,101,660,"{'season': 2019, 'currentTeamId': '2250', 'displayName': 'Dede Westbrook', 'esbId': 'WES551470', 'firstName': 'Decrick', 'footballName': 'Dede', 'gsisId': '00-0033839', 'gsisItId': 44923, 'headshot': 'https://static.www.nfl.com/image/private/{formatInstructions}/league/ka3wmdkh42mcj3lgbjoe', 'jerseyNumber': 12, 'lastName': 'Westbrook', 'ngsPosition': 'SLOT_WR', 'ngsPositionGroup': 'WR', 'position': 'WR', 'positionGroup': 'WR', 'shortName': 'D.Westbrook', 'smartId': '32005745-5355-1470-8067-83ca40023853', 'status': 'ACT', 'uniformNumber': '12'}",dede westbrook,WR,2250,2019,dede westbrook,JAX,13440.13123,1993-11-21,0.125,Dede Westbrook,747,0.05485951,0.4841747828517372,25,72.0,176.0,
162,6.104086022,4.786824609,7.620283019,3.174772846,5.320746269,0.53392166,63.20754717,17.92387098,6,67,106,778,"{'season': 2019, 'currentTeamId': '0610', 'displayName': 'Cole Beasley', 'esbId': 'BEA434808', 'firstName': 'Cole', 'footballName': 'Cole', 'gsisId': '00-0029000', 'gsisItId': 38947, 'headshot': 'https://static.www.nfl.com/image/private/{formatInstructions}/league/f8ps0df05hmcu1tzrbub', 'jerseyNumber': 10, 'lastName': 'Beasley', 'ngsPosition': 'SLOT_WR', 'ngsPositionGroup': 'WR', 'position': 'WR', 'positionGroup': 'WR', 'shortName': 'C.Beasley', 'smartId': '32004245-4143-4808-b9d8-45a5d1a5ad73', 'status': 'ACT', 'uniformNumber': '10'}",cole beasley,WR,610,2019,cole beasley,BUF,11158.06649,1989-04-26,0.6875,Cole Beasley,783,0.019048922,0.4605743742285356,30,68.0,174.0,
169,5.960425532,3.20991653,11.54958333,3.148719228,2.910344828,-0.299571703,60.41666667,12.47794224,4,29,48,353,"{'season': 2019, 'currentTeamId': '0810', 'displayName': 'Taylor Gabriel', 'esbId': 'GAB627060', 'firstName': 'Taylor', 'footballName': 'Taylor', 'gsisId': '00-0031228', 'gsisItId': 42016, 'headshot': 'https://static.www.nfl.com/image/private/{formatInstructions}/league/nc4aoax8j5mnnrjewu7p', 'jerseyNumber': 18, 'lastName': 'Gabriel', 'position': 'WR', 'positionGroup': 'WR', 'shortName': 'T.Gabriel', 'smartId': '32004741-4262-7060-f2df-7bd304949774', 'status': 'INA', 'uniformNumber': '18', 'ngsPosition': 'WR', 'ngsPositionGroup': 'WR'}",taylor gabriel,WR,810,2019,taylor gabriel,CHI,12475.30377,1991-02-17,0.125,Taylor Gabriel,445,0.033500705,0.4952418193154455,28,67.0,167.0,
171,5.939375,4.892278819,16.08173913,2.621448716,4.228055556,-0.664223263,52.17391304,17.37967328,6,36,69,645,"{'season': 2019, 'currentTeamId': '4900', 'displayName': 'Breshad Perriman', 'esbId': 'PER440170', 'firstName': 'Breshad', 'footballName': 'Breshad', 'gsisId': '00-0032054', 'gsisItId': 42369, 'headshot': 'https://static.www.nfl.com/image/private/{formatInstructions}/league/bne5jiks934q5elln42g', 'jerseyNumber': 19, 'lastName': 'Perriman', 'ngsPosition': 'WR', 'ngsPositionGroup': 'WR', 'position': 'WR', 'positionGroup': 'WR', 'shortName': 'B.Perriman', 'smartId': '32005045-5244-0170-6920-f60eb457c1fb', 'status': 'ACT', 'uniformNumber': '19'}",breshad perriman,WR,4900,2019,breshad perriman,TB,15718.19533,1993-09-10,0.25,Breshad Perriman,645,0.061617047,0.4875381621947024,25,74.0,215.0,
176,5.86925,4.183096278,12.5788764,3.209023802,4.874655172,0.691558895,65.16853933,23.8589163,7,58,89,860,"{'season': 2019, 'currentTeamId': '2310', 'displayName': 'Tyreek Hill', 'esbId': 'HIL628694', 'firstName': 'Tyreek', 'footballName': 'Tyreek', 'gsisId': '00-0033040', 'gsisItId': 43454, 'headshot': 'https://static.www.nfl.com/image/private/{formatInstructions}/league/daheq1ssy3lui6kxtudq', 'jerseyNumber': 10, 'lastName': 'Hill', 'ngsPosition': 'WR', 'ngsPositionGroup': 'WR', 'position': 'WR', 'positionGroup': 'WR', 'shortName': 'T.Hill', 'smartId': '32004849-4c62-8694-8490-45499711dee4', 'status': 'ACT', 'uniformNumber': '10'}",tyreek hill,WR,2310,2019,tyreek hill,KC,13548.70984,1994-03-01,0.5625,Tyreek Hill,750,0.0067814034,0.5243626998352434,25,70.0,185.0,
178,5.843478261,3.404868052,7.062297297,3.189910533,3.500612245,0.095744193,66.21621622,9.732827271,1,49,74,446,"{'season': 2019, 'currentTeamId': '0200', 'displayName': 'Russell Gage', 'esbId': 'GAG130654', 'firstName': 'Russell', 'footballName': 'Russell', 'gsisId': '00-0034411', 'gsisItId': 46263, 'headshot': 'https://static.www.nfl.com/image/private/{formatInstructions}/league/rb1fovzilcbbmdqx8ad0', 'jerseyNumber': 83, 'lastName': 'Gage', 'ngsPosition': 'SLOT_WR', 'ngsPositionGroup': 'WR', 'position': 'WR', 'positionGroup': 'WR', 'shortName': 'R.Gage', 'smartId': '32004741-4713-0654-eda3-03cdf234354d', 'status': 'ACT', 'uniformNumber': '83'}",russell gage,WR,200,2019,russell gage,ATL,13627.09298,1996-01-22,0.6875,Russell Gage,516,0.018785335,0.5314770919332645,23,72.0,184.0,
185,5.778484848,5.170535641,7.193454545,3.387950714,7.066944444,1.896408804,65.45454545,8.707901027,2,36,55,418,"{'season': 2019, 'currentTeamId': '2120', 'displayName': 'Jordan Akins', 'esbId': 'AKI501776', 'firstName': 'Jordan', 'footballName': 'Jordan', 'gsisId': '00-0034364', 'gsisItId': 46167, 'headshot': 'https://static.www.nfl.com/image/private/{formatInstructions}/league/eddkhw9lpz2lslot4aoj', 'jerseyNumber': 88, 'lastName': 'Akins', 'position': 'TE', 'positionGroup': 'TE', 'shortName': 'J.Akins', 'smartId': '3200414b-4950-1776-ed8f-713681e78d61', 'status': 'INA', 'uniformNumber': '88', 'ngsPosition': 'TE', 'ngsPositionGroup': 'TE'}",jordan akins,TE,2120,2019,jordan akins,HOU,14809.98987,1992-04-19,0.1875,Jordan Akins,655,0.006193194,0.5343997248022015,27,76.0,243.0,
189,5.736888889,3.878387518,9.713913043,3.163584991,4.9153125,1.036924982,69.56521739,11.83769922,1,32,46,359,"{'season': 2019, 'currentTeamId': '3800', 'displayName': 'Damiere Byrd', 'esbId': 'BYR127180', 'firstName': 'Damiere', 'footballName': 'Damiere', 'gsisId': '00-0031868', 'gsisItId': 42899, 'headshot': 'https://static.www.nfl.com/image/private/{formatInstructions}/league/sjanlnrsiibsloqhusfr', 'jerseyNumber': 14, 'lastName': 'Byrd', 'ngsPosition': 'WR', 'ngsPositionGroup': 'WR', 'position': 'WR', 'positionGroup': 'WR', 'shortName': 'D.Byrd', 'smartId': '32004259-5212-7180-f659-822413a5f5b7', 'status': 'ACT', 'uniformNumber': '14'}",damiere byrd,WR,3800,2019,damiere byrd,ARI,21850.53193,1993-01-27,0.1875,Damiere Byrd,455,0.004881634,0.515657249742002,26,69.0,180.0,
191,5.717236842,4.548126994,10.33858824,3.118524861,4.438461538,-0.109665455,61.17647059,19.77951239,2,52,85,656,"{'season': 2019, 'currentTeamId': '0810', 'displayName': 'Anthony Miller', 'esbId': 'MIL140090', 'firstName': 'Anthony', 'footballName': 'Anthony', 'gsisId': '00-0034353', 'gsisItId': 46120, 'headshot': 'https://static.www.nfl.com/image/private/{formatInstructions}/league/bd1p24ouboy5l6aqelbc', 'jerseyNumber': 17, 'lastName': 'Miller', 'ngsPosition': 'SLOT_WR', 'ngsPositionGroup': 'WR', 'position': 'WR', 'positionGroup': 'WR', 'shortName': 'A.Miller', 'smartId': '32004d49-4c14-0090-2d8a-386614adf145', 'status': 'ACT', 'uniformNumber': '17'}",anthony miller,WR,810,2019,anthony miller,CHI,12475.30377,1994-10-09,0.125,Anthony Miller,686,0.033500705,0.4952418193154455,24,71.0,199.0,
195,5.683943662,3.866232032,9.175882353,2.835081643,3.5497,-0.316532032,65.35947712,31.78366704,6,100,153,1117,"{'season': 2019, 'currentTeamId': '3200', 'displayName': 'Julian Edelman', 'esbId': 'EDE425791', 'firstName': 'Julian', 'footballName': 'Julian', 'gsisId': '00-0027150', 'gsisItId': 34683, 'headshot': 'https://static.www.nfl.com/image/private/{formatInstructions}/league/u0hbuo2bsvtlg7lnxm43', 'jerseyNumber': 11, 'lastName': 'Edelman', 'ngsPosition': 'SLOT_WR', 'ngsPositionGroup': 'WR', 'position': 'WR', 'positionGroup': 'WR', 'shortName': 'J.Edelman', 'smartId': '32004544-4542-5791-52f0-bc67f5a8aae9', 'status': 'ACT', 'uniformNumber': '11'}",julian edelman,WR,3200,2019,julian edelman,NE,10121.62254,1986-05-22,0.125,Julian Edelman,1058,0.04606132,0.4674378781440337,33,70.0,200.0,
200,5.644428571,5.189669199,5.807325581,3.043334303,6.227241379,1.03757218,67.44186047,10.24253288,5,58,86,607,"{'season': 2019, 'currentTeamId': '3700', 'displayName': 'Dallas Goedert', 'esbId': 'GOE595520', 'firstName': 'Dallas', 'footballName': 'Dallas', 'gsisId': '00-0034351', 'gsisItId': 46118, 'headshot': 'https://static.www.nfl.com/image/private/{formatInstructions}/league/bekz0emretqdor3engkr', 'jerseyNumber': 88, 'lastName': 'Goedert', 'ngsPosition': 'TE', 'ngsPositionGroup': 'TE', 'position': 'TE', 'positionGroup': 'TE', 'shortName': 'D.Goedert', 'smartId': '3200474f-4559-5520-b7af-5e002aedafbb', 'status': 'ACT', 'uniformNumber': '88'}",dallas goedert,TE,3700,2019,dallas goedert,PHI,10341.24902,1995-01-03,0.3125,Dallas Goedert,832,0.044405393,0.4568435217224144,24,77.0,256.0,
207,5.51484375,3.751833564,13.25729323,2.583158398,4.594054054,0.84222049,55.63909774,38.59161465,4,74,133,1035,"{'season': 2019, 'currentTeamId': '1050', 'displayName': 'Odell Beckham', 'esbId': 'BEC573252', 'firstName': 'Odell', 'footballName': 'Odell', 'gsisId': '00-0031235', 'gsisItId': 41238, 'headshot': 'https://static.www.nfl.com/image/private/{formatInstructions}/league/yzjnhcodduxtsqobvmpe', 'jerseyNumber': 13, 'lastName': 'Beckham', 'ngsPosition': 'WR', 'ngsPositionGroup': 'WR', 'position': 'WR', 'positionGroup': 'WR', 'shortName': 'O.Beckham Jr.', 'smartId': '32004245-4357-3252-264b-1da3e93d2745', 'status': 'ACT', 'suffix': 'Jr.', 'uniformNumber': '13'}",odell beckham,WR,1050,2019,odell beckham,CLE,13418.22246,1992-11-05,0.0625,,993,-0.011796974,0.518047761867905,26,71.0,198.0,
208,5.512325581,3.841708671,7.198723404,2.913437429,3.466486486,-0.375222184,78.72340426,8.926399548,2,37,47,374,"{'season': 2019, 'currentTeamId': '2100', 'displayName': 'Adam Humphries', 'esbId': 'HUM721507', 'firstName': 'Adam', 'footballName': 'Adam', 'gsisId': '00-0032009', 'gsisItId': 43010, 'headshot': 'https://static.www.nfl.com/image/private/{formatInstructions}/league/k0vkjiqxo1qntcqye1p3', 'jerseyNumber': 10, 'lastName': 'Humphries', 'ngsPosition': 'SLOT_WR', 'ngsPositionGroup': 'WR', 'position': 'WR', 'positionGroup': 'WR', 'shortName': 'A.Humphries', 'smartId': '32004855-4d72-1507-4b02-e4f7666b5805', 'status': 'ACT', 'uniformNumber': '10'}",adam humphries,WR,2100,2019,adam humphries,TEN,14043.33279,1993-06-24,0.125,Adam Humphries,388,0.044406664,0.529395922727355,26,71.0,195.0,
212,5.430212766,5.512180121,11.38021277,2.397657302,6.007037037,0.494856916,57.44680851,11.41367669,1,27,47,426,"{'season': 2019, 'currentTeamId': '4600', 'displayName': 'Josh Gordon', 'esbId': 'GOR190310', 'firstName': 'Josh', 'footballName': 'Josh', 'gsisId': '00-0029664', 'gsisItId': 39646, 'headshot': 'https://static.www.nfl.com/image/private/{formatInstructions}/league/atwcq5nczzb5k85fince', 'jerseyNumber': 10, 'lastName': 'Gordon', 'position': 'WR', 'positionGroup': 'WR', 'shortName': 'J.Gordon', 'smartId': '3200474f-5219-0310-af1f-30d8c9d32e21', 'status': 'SUS', 'ngsPosition': 'WR', 'ngsPositionGroup': 'WR'}",josh gordon,WR,4600,2019,josh gordon,SEA,35553.16235,1991-04-13,0.5625,Josh Gordon,456,0.005700142,0.5306886156021863,28,75.0,225.0,
213,5.421111111,2.227854575,7.151636364,2.570152218,2.779444444,0.551589869,65.45454545,6.160665341,4,36,55,311,"{'season': 2019, 'currentTeamId': '4900', 'displayName': 'Cameron Brate', 'esbId': 'BRA663798', 'firstName': 'Cameron', 'footballName': 'Cameron', 'gsisId': '00-0031273', 'gsisItId': 42033, 'headshot': 'https://static.www.nfl.com/image/private/{formatInstructions}/league/og8g0lqdnbrwcbmjwbfu', 'jerseyNumber': 84, 'lastName': 'Brate', 'ngsPosition': 'TE', 'ngsPositionGroup': 'TE', 'position': 'TE', 'positionGroup': 'TE', 'shortName': 'C.Brate', 'smartId': '32004252-4166-3798-c2b3-ef206ba23ba8', 'status': 'ACT', 'uniformNumber': '84'}",cameron brate,TE,4900,2019,cameron brate,TB,15718.19533,1991-07-03,0.25,Cameron Brate,431,0.061617047,0.4875381621947024,28,77.0,245.0,
215,5.390392157,5.346033977,7.117083333,3.531383293,5.391162791,0.045128813,59.72222222,13.01614476,4,43,72,448,"{'season': 2019, 'currentTeamId': '2200', 'displayName': 'Jack Doyle', 'esbId': 'DOY403968', 'firstName': 'John', 'footballName': 'Jack', 'gsisId': '00-0030181', 'gsisItId': 40641, 'headshot': 'https://static.www.nfl.com/image/private/{formatInstructions}/league/obbagomjnsgsyxrsolfb', 'jerseyNumber': 84, 'lastName': 'Doyle', 'ngsPosition': 'TE', 'ngsPositionGroup': 'TE', 'position': 'TE', 'positionGroup': 'TE', 'shortName': 'J.Doyle', 'smartId': '3200444f-5940-3968-7855-934761d8ebfe', 'status': 'ACT', 'uniformNumber': '84'}",jack doyle,TE,2200,2019,jack doyle,IND,11926.73936,1990-05-05,0.625,Jack Doyle,798,0.052795835,0.4919872828517372,29,78.0,262.0,
225,5.271041667,4.420150617,8.563269231,3.256236562,4.630357143,0.210206525,53.84615385,13.06038768,1,28,52,297,"{'season': 2019, 'currentTeamId': '1400', 'displayName': 'DaeSean Hamilton', 'esbId': 'HAM200565', 'firstName': 'DaeSean', 'footballName': 'DaeSean', 'gsisId': '00-0034370', 'gsisItId': 46182, 'headshot': 'https://static.www.nfl.com/image/private/{formatInstructions}/league/iz3vfnnc3rwi6mpdsvia', 'jerseyNumber': 17, 'lastName': 'Hamilton', 'ngsPosition': 'SLOT_WR', 'ngsPositionGroup': 'WR', 'position': 'WR', 'positionGroup': 'WR', 'shortName': 'D.Hamilton', 'smartId': '32004841-4d20-0565-a51e-2028f6290d41', 'status': 'ACT', 'uniformNumber': '17'}",daesean hamilton,WR,1400,2019,daesean hamilton,DEN,13782.74332,1995-03-10,0.25,DaeSean Hamilton,653,0.025272379,0.5075706269349846,24,73.0,206.0,
242,5.050625,4.348480393,5.464375,2.896780837,5.344411765,0.995931371,70.83333333,5.772913154,7,34,48,341,"{'season': 2019, 'currentTeamId': '2120', 'displayName': 'Darren Fells', 'esbId': 'FEL484741', 'firstName': 'Darren', 'footballName': 'Darren', 'gsisId': '00-0029738', 'gsisItId': 39907, 'headshot': 'https://static.www.nfl.com/image/private/{formatInstructions}/league/k9wphsxmikgerwiokwzi', 'jerseyNumber': 87, 'lastName': 'Fells', 'ngsPosition': 'TE', 'ngsPositionGroup': 'TE', 'position': 'TE', 'positionGroup': 'TE', 'shortName': 'D.Fells', 'smartId': '32004645-4c48-4741-3cde-85c41f8d14ee', 'status': 'ACT', 'uniformNumber': '87'}",darren fells,TE,2120,2019,darren fells,HOU,14809.98987,1986-04-22,0.1875,Darren Fells,882,0.006193194,0.5343997248022015,33,79.0,270.0,
247,4.960862069,4.51171497,13.48765625,2.61973489,5.038809524,0.527094553,65.625,26.56880971,6,42,64,651,"{'season': 2019, 'currentTeamId': '2520', 'displayName': 'Tyrell Williams', 'esbId': 'WIL547641', 'firstName': 'Tyrell', 'footballName': 'Tyrell', 'gsisId': '00-0032160', 'gsisItId': 43090, 'headshot': 'https://static.www.nfl.com/image/private/{formatInstructions}/league/knhalhbzfbwtsvdav0q8', 'jerseyNumber': 16, 'lastName': 'Williams', 'ngsPosition': 'WR', 'ngsPositionGroup': 'WR', 'position': 'WR', 'positionGroup': 'WR', 'shortName': 'T.Williams', 'smartId': '32005749-4c54-7641-fdca-10f8368b7b2e', 'status': 'ACT', 'uniformNumber': '16'}",tyrell williams,WR,2520,2019,tyrell williams,OAK,"30,810.65",1992-02-12,0.25,Tyrell Williams,727,0.04344977,0.4825246710526316,27,76.0,205.0,
256,4.540338983,2.495263626,14.3445,2.125521711,2.42,-0.075263626,53.33333333,16.16743183,3,32,60,428,"{'season': 2019, 'currentTeamId': '2700', 'displayName': 'Preston Williams', 'esbId': 'WIL469697', 'firstName': 'Preston', 'footballName': 'Preston', 'gsisId': '00-0035350', 'gsisItId': 48480, 'headshot': 'https://static.www.nfl.com/image/private/{formatInstructions}/league/abp66jqwr4j6lww3t5i6', 'jerseyNumber': 18, 'lastName': 'Williams', 'position': 'WR', 'positionGroup': 'WR', 'shortName': 'P.Williams', 'smartId': '32005749-4c46-9697-124a-eb66b52308ae', 'status': 'RES', 'ngsPosition': 'WR', 'ngsPositionGroup': 'WR'}",preston williams,WR,2700,2019,preston williams,MIA,17539.3791,1997-03-27,0.3125,Preston Williams,404,-0.017665174,0.4689797794117647,22,77.0,218.0,
257,4.45975,4.594862036,9.4782,2.844542227,5.597142857,1.002280821,56.0,10.51600334,2,28,50,388,"{'season': 2019, 'currentTeamId': '0610', 'displayName': 'Dawson Knox', 'esbId': 'KNO490795', 'firstName': 'Dawson', 'footballName': 'Dawson', 'gsisId': '00-0035689', 'gsisItId': 47879, 'headshot': 'https://static.www.nfl.com/image/private/{formatInstructions}/league/zdroobetjkebjvzzu8sq', 'jerseyNumber': 88, 'lastName': 'Knox', 'ngsPosition': 'TE', 'ngsPositionGroup': 'TE', 'position': 'TE', 'positionGroup': 'TE', 'shortName': 'D.Knox', 'smartId': '32004b4e-4f49-0795-942a-0c363ee9b439', 'status': 'ACT', 'uniformNumber': '88'}",dawson knox,TE,610,2019,dawson knox,BUF,11158.06649,1996-11-14,0.6875,Dawson Knox,705,0.019048922,0.4605743742285356,22,76.0,254.0,
258,4.337446809,3.547760594,15.344375,2.173501235,3.8,0.252239406,54.16666667,36.72577955,5,52,96,779,"{'season': 2019, 'currentTeamId': '3430', 'displayName': 'Robby Anderson', 'esbId': 'AND460305', 'firstName': 'Robby', 'footballName': 'Robby', 'gsisId': '00-0032688', 'gsisItId': 43808, 'headshot': 'https://static.www.nfl.com/image/private/{formatInstructions}/league/vtqf5f1ti4ojfjggm388', 'jerseyNumber': 11, 'lastName': 'Anderson', 'ngsPosition': 'WR', 'ngsPositionGroup': 'WR', 'position': 'WR', 'positionGroup': 'WR', 'shortName': 'Ro.Anderson', 'smartId': '3200414e-4446-0305-58a8-61667bde4206', 'status': 'ACT', 'uniformNumber': '11'}",robby anderson,WR,3430,2019,robby anderson,NYJ,6786.4375,1993-05-09,0.5625,Robby Anderson,927,0.005515216,0.4572610294117647,26,75.0,190.0,
260,7.455670103,3.876105687,13.7479,3.265744792,4.845344828,0.969239141,58.0,39.29655567,8,58,100,769,"{'season': 2020, 'currentTeamId': '0325', 'displayName': 'Marquise Brown', 'esbId': 'BRO413218', 'firstName': 'Marquise', 'footballName': 'Marquise', 'gsisId': '00-0035662', 'gsisItId': 47808, 'headshot': 'https://static.www.nfl.com/image/private/{formatInstructions}/league/zsfjardpwq8fw0jr2cnf', 'jerseyNumber': 15, 'lastName': 'Brown', 'ngsPosition': 'WR', 'ngsPositionGroup': 'WR', 'position': 'WR', 'positionGroup': 'WR', 'shortName': 'M.Brown', 'smartId': '32004252-4f41-3218-bf76-54f4042e0396', 'status': 'ACT', 'uniformNumber': '15'}",marquise brown,WR,325,2020,marquise brown,BAL,8024.270075,1997-06-04,0.0625,Marquise Brown,914,0.0696412,0.4988676757252608,23,69.0,170.0,
261,7.141666667,5.614923543,7.708,3.423245681,6.172702703,0.55777916,67.27272727,10.4288487,3,37,55,394,"{'season': 2020, 'currentTeamId': '3430', 'displayName': 'Braxton Berrios', 'esbId': 'BER456050', 'firstName': 'Braxton', 'footballName': 'Braxton', 'gsisId': '00-0034419', 'gsisItId': 46279, 'headshot': 'https://static.www.nfl.com/image/private/{formatInstructions}/league/iduydmfnwwumvdkafogu', 'jerseyNumber': 10, 'lastName': 'Berrios', 'ngsPosition': 'SLOT_WR', 'ngsPositionGroup': 'WR', 'position': 'WR', 'positionGroup': 'WR', 'shortName': 'B.Berrios', 'smartId': '32004245-5245-6050-b9d8-8b288006bd46', 'status': 'ACT', 'uniformNumber': '10'}",braxton berrios,WR,3430,2020,braxton berrios,NYJ,21108.92106,1995-10-06,0.875,Braxton Berrios,290,0.027098445,0.5813607241142071,24,69.0,190.0,
262,7.064571429,4.13510729,6.410253165,3.311375513,5.222068966,1.086961676,73.41772152,10.52295826,5,58,79,600,"{'season': 2020, 'currentTeamId': '2250', 'displayName': 'Laviska Shenault', 'esbId': 'SHE458893', 'firstName': 'Laviska', 'footballName': 'Laviska', 'gsisId': '00-0036268', 'gsisItId': 52450, 'headshot': 'https://static.www.nfl.com/image/private/{formatInstructions}/league/mmx64blok0j1a5e9zhww', 'jerseyNumber': 10, 'lastName': 'Shenault', 'ngsPosition': 'WR', 'ngsPositionGroup': 'WR', 'position': 'WR', 'positionGroup': 'WR', 'shortName': 'L.Shenault Jr.', 'smartId': '32005348-4545-8893-4e8b-5724302de088', 'status': 'ACT', 'uniformNumber': '10'}",laviska shenault,WR,2250,2020,laviska shenault,JAX,15434.58898,1998-10-05,0.1875,,585,0.09309268,0.5273948120915033,21,73.0,220.0,
263,6.963589744,5.830800154,16.91953488,3.34740267,5.998076923,0.167276769,60.46511628,16.75838161,2,26,43,452,"{'season': 2020, 'currentTeamId': '2520', 'displayName': 'Henry Ruggs', 'esbId': 'RUG318217', 'firstName': 'Henry', 'footballName': 'Henry', 'gsisId': '00-0036357', 'gsisItId': 52420, 'headshot': 'https://static.www.nfl.com/image/private/{formatInstructions}/league/qgyu27brqcvyquh7btov', 'jerseyNumber': 11, 'lastName': 'Ruggs', 'ngsPosition': 'WR', 'ngsPositionGroup': 'WR', 'position': 'WR', 'positionGroup': 'WR', 'shortName': 'H.Ruggs', 'smartId': '32005255-4731-8217-5970-b4a47789eeaf', 'status': 'ACT', 'uniformNumber': '11'}",henry ruggs,WR,2520,2020,henry ruggs,LV,24146.69033,1999-01-24,0.25,,581,0.048290774,0.5318519951840385,21,72.0,190.0,
264,6.951458333,6.475281806,10.93416667,3.524658653,8.1090625,1.633780694,66.66666667,14.5610112,1,32,48,477,"{'season': 2020, 'currentTeamId': '5110', 'displayName': 'Cam Sims', 'esbId': 'SIM667389', 'firstName': 'Cam', 'footballName': 'Cam', 'gsisId': '00-0034104', 'gsisItId': 46362, 'headshot': 'https://static.www.nfl.com/image/private/{formatInstructions}/league/dpybr24pjtonx4gvb1qv', 'jerseyNumber': 89, 'lastName': 'Sims', 'ngsPosition': 'WR', 'ngsPositionGroup': 'WR', 'position': 'WR', 'positionGroup': 'WR', 'shortName': 'C.Sims', 'smartId': '32005349-4d66-7389-635d-47b12e2ab8b9', 'status': 'ACT', 'uniformNumber': '89'}",cam sims,WR,5110,2020,cam sims,WAS,13707.10152,1996-01-06,0.1875,Cam Sims,711,0.05083388,0.4621299500192234,24,77.0,214.0,
268,6.78,4.009703099,12.29195652,2.411305685,4.483076923,0.473373824,70.65217391,28.83890547,5,65,92,984,"{'season': 2020, 'currentTeamId': '2100', 'displayName': 'Corey Davis', 'esbId': 'DAV247957', 'firstName': 'Corey', 'footballName': 'Corey', 'gsisId': '00-0033871', 'gsisItId': 44817, 'headshot': 'https://static.www.nfl.com/image/private/{formatInstructions}/league/x8g1t1ngums0fvu82aqi', 'jerseyNumber': 84, 'lastName': 'Davis', 'ngsPosition': 'WR', 'ngsPositionGroup': 'WR', 'position': 'WR', 'positionGroup': 'WR', 'shortName': 'C.Davis', 'smartId': '32004441-5624-7957-ef31-0e38b3301e4b', 'status': 'ACT', 'uniformNumber': '84'}",corey davis,WR,2100,2020,corey davis,TEN,9106.518273,1995-01-11,0.125,Corey Davis,751,0.10302499,0.4691376292519071,25,75.0,209.0,
271,6.68,2.892812606,9.5078,3.48488347,3.855882353,0.963069747,68.0,14.56558173,4,34,50,448,"{'season': 2020, 'currentTeamId': '3300', 'displayName': ""Tre'Quan Smith"", 'esbId': 'SMI764556', 'firstName': ""Tre'Quan"", 'footballName': ""Tre'Quan"", 'gsisId': '00-0034765', 'gsisItId': 46160, 'headshot': 'https://static.www.nfl.com/image/private/{formatInstructions}/league/kahblkco0b8ustozftur', 'jerseyNumber': 10, 'lastName': 'Smith', 'ngsPosition': 'SLOT_WR', 'ngsPositionGroup': 'WR', 'position': 'WR', 'positionGroup': 'WR', 'shortName': 'T.Smith', 'smartId': '3200534d-4976-4556-d545-e418d85634bb', 'status': 'ACT', 'uniformNumber': '10'}",tre'quan smith,WR,3300,2020,tre'quan smith,NO,14008.62707,1996-01-07,0.625,Tre'Quan Smith,706,0.08150795,0.4756144173068837,24,74.0,210.0,
277,6.589245283,3.566878882,10.11777778,3.146773974,4.798888889,1.232010007,66.66666667,12.85782869,1,36,54,373,"{'season': 2020, 'currentTeamId': '2700', 'displayName': 'Jakeem Grant', 'esbId': 'GRA443889', 'firstName': 'Jakeem', 'footballName': 'Jakeem', 'gsisId': '00-0032791', 'gsisItId': 43475, 'headshot': 'https://static.www.nfl.com/image/private/{formatInstructions}/league/mwkqkktel8zofue74uvl', 'jerseyNumber': 19, 'lastName': 'Grant', 'position': 'WR', 'positionGroup': 'WR', 'shortName': 'J.Grant', 'smartId': '32004752-4144-3889-2927-1b651b380f48', 'status': 'INA', 'uniformNumber': '19', 'ngsPosition': 'WR', 'ngsPositionGroup': 'WR'}",jakeem grant,WR,2700,2020,jakeem grant,MIA,24425.94498,1992-10-30,0.125,Jakeem Grant,370,0.0753505,0.4562841309769522,27,67.0,169.0,
278,6.579012346,3.102783424,11.38920455,3.260938638,3.462727273,0.359943849,62.5,20.82627695,5,55,88,642,"{'season': 2020, 'currentTeamId': '2250', 'displayName': 'Keelan Cole', 'esbId': 'COL130738', 'firstName': 'Keelan', 'footballName': 'Keelan', 'gsisId': '00-0033681', 'gsisItId': 45555, 'headshot': 'https://static.www.nfl.com/image/private/{formatInstructions}/league/m8dbxvxhubsmkfwv4dfe', 'jerseyNumber': 84, 'lastName': 'Cole', 'ngsPosition': 'SLOT_WR', 'ngsPositionGroup': 'WR', 'position': 'WR', 'positionGroup': 'WR', 'shortName': 'K.Cole Sr.', 'smartId': '3200434f-4c13-0738-9b9e-38aa1121bdd9', 'status': 'ACT', 'uniformNumber': '84'}",keelan cole,WR,2250,2020,keelan cole,JAX,15434.58898,1993-04-20,0.1875,Keelan Cole,785,0.09309268,0.5273948120915033,27,73.0,194.0,
288,6.432755906,4.811136186,9.594338235,2.882738763,5.475157895,0.664021709,69.85294118,32.63845636,3,95,136,1093,"{'season': 2020, 'currentTeamId': '0750', 'displayName': 'Robby Anderson', 'esbId': 'AND460305', 'firstName': 'Robby', 'footballName': 'Robby', 'gsisId': '00-0032688', 'gsisItId': 43808, 'headshot': 'https://static.www.nfl.com/image/private/{formatInstructions}/league/ew3fzelndoialgn6a2ra', 'jerseyNumber': 11, 'lastName': 'Anderson', 'ngsPosition': 'WR', 'ngsPositionGroup': 'WR', 'position': 'WR', 'positionGroup': 'WR', 'shortName': 'R.Anderson', 'smartId': '3200414e-4446-0305-58a8-61667bde4206', 'status': 'ACT', 'uniformNumber': '11'}",robby anderson,WR,750,2020,robby anderson,CAR,12642.02966,1993-05-09,0.3125,Robby Anderson,805,0.056065865,0.5279175266597868,27,75.0,190.0,
289,6.428018868,3.244749659,12.045,2.47992286,4.621492537,1.376742878,62.03703704,27.29126544,6,67,108,908,"{'season': 2020, 'currentTeamId': '0920', 'displayName': 'Tee Higgins', 'esbId': 'HIG387791', 'firstName': 'Tamaurice', 'footballName': 'Tee', 'gsisId': '00-0036410', 'gsisItId': 52441, 'headshot': 'https://static.www.nfl.com/image/private/{formatInstructions}/league/xcymtg1vdkbntbzlmbrw', 'jerseyNumber': 85, 'lastName': 'Higgins', 'ngsPosition': 'WR', 'ngsPositionGroup': 'WR', 'position': 'WR', 'positionGroup': 'WR', 'shortName': 'T.Higgins', 'smartId': '32004849-4738-7791-9f89-d556c4b59b9a', 'status': 'ACT', 'uniformNumber': '85'}",tee higgins,WR,920,2020,tee higgins,CIN,7505.353931,1999-01-18,0.0625,Tee Higgins,805,0.043029454,0.5099571078431373,21,76.0,210.0,
291,6.407142857,4.138771865,8.760153846,2.850925907,4.491521739,0.352749874,70.76923077,10.93181844,3,46,65,524,"{'season': 2020, 'currentTeamId': '3700', 'displayName': 'Dallas Goedert', 'esbId': 'GOE595520', 'firstName': 'Dallas', 'footballName': 'Dallas', 'gsisId': '00-0034351', 'gsisItId': 46118, 'headshot': 'https://static.www.nfl.com/image/private/{formatInstructions}/league/bekz0emretqdor3engkr', 'jerseyNumber': 88, 'lastName': 'Goedert', 'position': 'TE', 'positionGroup': 'TE', 'shortName': 'D.Goedert', 'smartId': '3200474f-4559-5520-b7af-5e002aedafbb', 'status': 'INA', 'uniformNumber': '88', 'ngsPosition': 'TE', 'ngsPositionGroup': 'TE'}",dallas goedert,TE,3700,2020,dallas goedert,PHI,14898.41217,1995-01-03,0.125,Dallas Goedert,604,0.006848845,0.5190461601307189,25,77.0,256.0,
292,6.371621622,3.102038423,7.172830189,2.421021808,3.705384615,0.603346192,73.58490566,9.69474409,1,39,53,387,"{'season': 2020, 'currentTeamId': '2100', 'displayName': 'Anthony Firkser', 'esbId': 'FIR355963', 'firstName': 'Anthony', 'footballName': 'Anthony', 'gsisId': '00-0033455', 'gsisItId': 45355, 'headshot': 'https://static.www.nfl.com/image/private/{formatInstructions}/league/s1mjbvtn2mrliukptu5n', 'jerseyNumber': 86, 'lastName': 'Firkser', 'ngsPosition': 'SLOT_WR', 'ngsPositionGroup': 'TE', 'position': 'TE', 'positionGroup': 'TE', 'shortName': 'A.Firkser', 'smartId': '32004649-5235-5963-ed29-7b11917cedd5', 'status': 'ACT', 'uniformNumber': '86'}",anthony firkser,TE,2100,2020,anthony firkser,TEN,9106.518273,1995-02-19,0.125,Anthony Firkser,360,0.10302499,0.4691376292519071,25,74.0,246.0,
303,6.238108108,5.383789872,12.61111111,3.904784194,5.808709677,0.424919806,68.88888889,13.13493221,4,31,45,438,"{'season': 2020, 'currentTeamId': '3800', 'displayName': 'Dan Arnold', 'esbId': 'ARN413883', 'firstName': 'Daniel', 'footballName': 'Dan', 'gsisId': '00-0034011', 'gsisItId': 45785, 'headshot': 'https://static.www.nfl.com/image/private/{formatInstructions}/league/od0cezg8gqjalkzvuju6', 'jerseyNumber': 85, 'lastName': 'Arnold', 'ngsPosition': 'TE', 'ngsPositionGroup': 'TE', 'position': 'TE', 'positionGroup': 'TE', 'shortName': 'D.Arnold', 'smartId': '32004152-4e41-3883-2521-46a3b5976b3b', 'status': 'ACT', 'uniformNumber': '85'}",dan arnold,TE,3800,2020,dan arnold,ARI,22615.58572,1995-03-15,0.3125,Dan Arnold,469,0.034151647,0.4623578323873409,25,78.0,220.0,
309,6.191090909,4.957030788,16.40527273,3.070112757,6.755357143,1.798326355,50.90909091,19.18835118,3,28,55,511,"{'season': 2020, 'currentTeamId': '4400', 'displayName': 'Jalen Guyton', 'esbId': 'GUY706299', 'firstName': 'Jalen', 'footballName': 'Jalen', 'gsisId': '00-0035414', 'gsisItId': 48556, 'headshot': 'https://static.www.nfl.com/image/private/{formatInstructions}/league/dsh0m17sl7afrzo9xnd7', 'jerseyNumber': 15, 'lastName': 'Guyton', 'ngsPosition': 'WR', 'ngsPositionGroup': 'WR', 'position': 'WR', 'positionGroup': 'WR', 'shortName': 'J.Guyton', 'smartId': '32004755-5970-6299-fcda-7c74fd80b038', 'status': 'ACT', 'uniformNumber': '15'}",jalen guyton,WR,4400,2020,jalen guyton,LAC,25398.18167,1997-06-07,0.6875,Jalen Guyton,920,0.075409055,0.4770879020467836,23,73.0,212.0,
312,6.188,4.119554905,15.31188679,3.437165888,3.774848485,-0.34470642,62.26415094,14.48992528,3,33,53,501,"{'season': 2020, 'currentTeamId': '4900', 'displayName': 'Scott Miller', 'esbId': 'MIL546315', 'firstName': 'Scott', 'footballName': 'Scott', 'gsisId': '00-0035298', 'gsisItId': 47991, 'headshot': 'https://static.www.nfl.com/image/private/{formatInstructions}/league/knmpvvmftnvmqtx5g8me', 'jerseyNumber': 10, 'lastName': 'Miller', 'ngsPosition': 'WR', 'ngsPositionGroup': 'WR', 'position': 'WR', 'positionGroup': 'WR', 'shortName': 'S.Miller', 'smartId': '32004d49-4c54-6315-cdf3-7806972abae8', 'status': 'ACT', 'uniformNumber': '10'}",scott miller,WR,4900,2020,scott miller,TB,20782.13439,1997-07-31,0.25,Scott Miller,495,0.0709579,0.5199948400412796,23,69.0,174.0,
313,6.18688172,4.701335438,7.87411215,3.510714332,4.452804878,-0.24853056,76.63551402,16.62155497,4,82,107,967,"{'season': 2020, 'currentTeamId': '0610', 'displayName': 'Cole Beasley', 'esbId': 'BEA434808', 'firstName': 'Cole', 'footballName': 'Cole', 'gsisId': '00-0029000', 'gsisItId': 38947, 'headshot': 'https://static.www.nfl.com/image/private/{formatInstructions}/league/ydpdhw4uw8rc2bobc6b7', 'jerseyNumber': 11, 'lastName': 'Beasley', 'ngsPosition': 'SLOT_WR', 'ngsPositionGroup': 'WR', 'position': 'WR', 'positionGroup': 'WR', 'shortName': 'C.Beasley', 'smartId': '32004245-4143-4808-b9d8-45a5d1a5ad73', 'status': 'ACT', 'uniformNumber': '11'}",cole beasley,WR,610,2020,cole beasley,BUF,21727.15594,1989-04-26,0.5625,Cole Beasley,817,0.042374015,0.5351510872123549,31,68.0,174.0,
316,6.159423077,2.938530966,12.13472222,2.668449227,3.21,0.271469034,68.51851852,32.46909298,14,74,108,925,"{'season': 2020, 'currentTeamId': '3000', 'displayName': 'Adam Thielen', 'esbId': 'THI510348', 'firstName': 'Adam', 'footballName': 'Adam', 'gsisId': '00-0030035', 'gsisItId': 40488, 'headshot': 'https://static.www.nfl.com/image/private/{formatInstructions}/league/ivv1msxgjhj02lwmkwtj', 'jerseyNumber': 19, 'lastName': 'Thielen', 'ngsPosition': 'WR', 'ngsPositionGroup': 'WR', 'position': 'WR', 'positionGroup': 'WR', 'shortName': 'A.Thielen', 'smartId': '32005448-4951-0348-440c-28f32f21652b', 'status': 'ACT', 'uniformNumber': '19'}",adam thielen,WR,3000,2020,adam thielen,MIN,12972.40301,1990-08-22,0.75,Adam Thielen,926,0.111193106,0.4902471405228758,30,74.0,200.0,
317,6.153877551,5.850756793,7.873389831,4.243192498,4.457307692,-1.3934491,88.13559322,11.48195386,11,52,59,586,"{'season': 2020, 'currentTeamId': '1800', 'displayName': 'Robert Tonyan', 'esbId': 'TON816385', 'firstName': 'Robert', 'footballName': 'Robert', 'gsisId': '00-0033757', 'gsisItId': 45635, 'headshot': 'https://static.www.nfl.com/image/private/{formatInstructions}/league/z9djtrw0ncxandqumune', 'jerseyNumber': 85, 'lastName': 'Tonyan', 'ngsPosition': 'TE', 'ngsPositionGroup': 'TE', 'position': 'TE', 'positionGroup': 'TE', 'shortName': 'R.Tonyan', 'smartId': '3200544f-4e81-6385-721e-9beac148ba1c', 'status': 'ACT', 'uniformNumber': '85'}",robert tonyan,TE,1800,2020,robert tonyan,GB,12380.53793,1994-04-30,0.25,Robert Tonyan,734,0.116303705,0.4482570806100218,26,77.0,237.0,
319,6.141764706,3.558334903,11.01839286,3.189248627,4.418333333,0.85999843,53.57142857,12.22131992,3,30,56,381,"{'season': 2020, 'currentTeamId': '1400', 'displayName': 'K.J. Hamler', 'esbId': 'HAM386186', 'firstName': 'Kahlee', 'footballName': 'K.J.', 'gsisId': '00-0036412', 'gsisItId': 52454, 'headshot': 'https://static.www.nfl.com/image/private/{formatInstructions}/league/w2zhcr5cconyonvyhhbo', 'jerseyNumber': 13, 'lastName': 'Hamler', 'position': 'WR', 'positionGroup': 'WR', 'shortName': 'K.Hamler', 'smartId': '32004841-4d38-6186-eea5-110d32b9644c', 'status': 'RES', 'uniformNumber': '13', 'ngsPosition': 'SLOT_WR', 'ngsPositionGroup': 'WR'}",k.j. hamler,WR,1400,2020,kj hamler,DEN,18555.71152,1999-07-08,0.25,,521,0.06182024,0.5577404755761954,21,69.0,176.0,
322,6.088,4.592990373,6.796444444,3.640405903,4.546129032,-0.046861341,68.88888889,7.52360968,3,31,45,287,"{'season': 2020, 'currentTeamId': '3430', 'displayName': 'Christopher Herndon', 'esbId': 'HER373492', 'firstName': 'Christopher', 'footballName': 'Christopher', 'gsisId': '00-0034766', 'gsisItId': 46176, 'headshot': 'https://static.www.nfl.com/image/private/{formatInstructions}/league/orypxaqv1ux3nbqssqqx', 'jerseyNumber': 89, 'lastName': 'Herndon', 'ngsPosition': 'TE', 'ngsPositionGroup': 'TE', 'position': 'TE', 'positionGroup': 'TE', 'shortName': 'C.Herndon', 'smartId': '32004845-5237-3492-2b18-4e74e810b869', 'status': 'ACT', 'uniformNumber': '89'}",chris herndon,TE,3430,2020,christopher herndon,NYJ,21108.92106,1996-02-23,0.875,Chris Herndon,675,0.027098445,0.5813607241142071,24,76.0,252.0,
323,6.087142857,4.22401074,13.82909091,2.805171821,3.969130435,-0.254880305,52.27272727,12.05197275,2,23,44,293,"{'season': 2020, 'currentTeamId': '1400', 'displayName': 'DaeSean Hamilton', 'esbId': 'HAM200565', 'firstName': 'DaeSean', 'footballName': 'DaeSean', 'gsisId': '00-0034370', 'gsisItId': 46182, 'headshot': 'https://static.www.nfl.com/image/private/{formatInstructions}/league/thfspx6c8befeosbsj1b', 'jerseyNumber': 17, 'lastName': 'Hamilton', 'ngsPosition': 'WR', 'ngsPositionGroup': 'WR', 'position': 'WR', 'positionGroup': 'WR', 'shortName': 'D.Hamilton', 'smartId': '32004841-4d20-0565-a51e-2028f6290d41', 'status': 'ACT', 'uniformNumber': '17'}",daesean hamilton,WR,1400,2020,daesean hamilton,DEN,18555.71152,1995-03-10,0.25,DaeSean Hamilton,534,0.06182024,0.5577404755761954,25,73.0,206.0,
328,5.930833333,4.733315451,15.574,2.620778234,5.662,0.928684549,50.0,22.98705803,3,30,60,505,"{'season': 2020, 'currentTeamId': '3430', 'displayName': 'Breshad Perriman', 'esbId': 'PER440170', 'firstName': 'Breshad', 'footballName': 'Breshad', 'gsisId': '00-0032054', 'gsisItId': 42369, 'headshot': 'https://static.www.nfl.com/image/private/{formatInstructions}/league/bne5jiks934q5elln42g', 'jerseyNumber': 19, 'lastName': 'Perriman', 'ngsPosition': 'WR', 'ngsPositionGroup': 'WR', 'position': 'WR', 'positionGroup': 'WR', 'shortName': 'B.Perriman', 'smartId': '32005045-5244-0170-6920-f60eb457c1fb', 'status': 'CUT', 'uniformNumber': '19'}",breshad perriman,WR,3430,2020,breshad perriman,NYJ,21108.92106,1993-09-10,0.875,Breshad Perriman,651,0.027098445,0.5813607241142071,26,73.0,215.0,
335,5.821,3.579220381,6.059240506,3.523452703,3.032830189,-0.546390192,67.08860759,9.18993845,6,53,79,419,"{'season': 2020, 'currentTeamId': '3700', 'displayName': 'Greg Ward', 'esbId': 'WAR170484', 'firstName': 'Gregory', 'footballName': 'Greg', 'gsisId': '00-0033733', 'gsisItId': 45607, 'headshot': 'https://static.www.nfl.com/image/private/{formatInstructions}/league/u3rspijhwrmzah2fahpb', 'jerseyNumber': 84, 'lastName': 'Ward', 'ngsPosition': 'SLOT_WR', 'ngsPositionGroup': 'WR', 'position': 'WR', 'positionGroup': 'WR', 'shortName': 'G.Ward', 'smartId': '32005741-5217-0484-b321-8aea367bc0a5', 'status': 'ACT', 'uniformNumber': '84'}",greg ward,WR,3700,2020,greg ward,PHI,14898.41217,1995-07-12,0.125,Greg Ward,791,0.006848845,0.5190461601307189,25,71.0,190.0,
336,5.806184211,4.280281811,11.85441558,2.981461598,3.493617021,-0.78666479,61.03896104,30.98541348,1,47,77,604,"{'season': 2020, 'currentTeamId': '3200', 'displayName': 'Damiere Byrd', 'esbId': 'BYR127180', 'firstName': 'Damiere', 'footballName': 'Damiere', 'gsisId': '00-0031868', 'gsisItId': 42899, 'headshot': 'https://static.www.nfl.com/image/private/{formatInstructions}/league/thhwhd13yrxfotpmg3mr', 'jerseyNumber': 10, 'lastName': 'Byrd', 'ngsPosition': 'WR', 'ngsPositionGroup': 'WR', 'position': 'WR', 'positionGroup': 'WR', 'shortName': 'D.Byrd', 'smartId': '32004259-5212-7180-f659-822413a5f5b7', 'status': 'ACT', 'uniformNumber': '10'}",damiere byrd,WR,3200,2020,damiere byrd,NE,24540.60019,1993-01-27,0.375,Damiere Byrd,901,0.0476752,0.5174820476436188,27,69.0,180.0,
345,5.700263158,3.908519459,12.46189873,2.595981618,4.995098039,1.08657858,64.55696203,19.49948503,6,51,79,742,"{'season': 2020, 'currentTeamId': '1400', 'displayName': 'Tim Patrick', 'esbId': 'PAT283375', 'firstName': 'Tim', 'footballName': 'Tim', 'gsisId': '00-0033375', 'gsisItId': 45267, 'headshot': 'https://static.www.nfl.com/image/private/{formatInstructions}/league/wokwngkb2toke3lf8ejq', 'jerseyNumber': 81, 'lastName': 'Patrick', 'ngsPosition': 'WR', 'ngsPositionGroup': 'WR', 'position': 'WR', 'positionGroup': 'WR', 'shortName': 'T.Patrick', 'smartId': '32005041-5428-3375-95f4-ff207c5ba0aa', 'status': 'ACT', 'uniformNumber': '81'}",tim patrick,WR,1400,2020,tim patrick,DEN,18555.71152,1993-11-23,0.25,Tim Patrick,750,0.06182024,0.5577404755761954,26,76.0,212.0,
351,5.626465517,4.217577848,13.22511111,3.433063851,5.22183908,1.004261233,64.44444444,35.58552813,15,87,135,1276,"{'season': 2020, 'currentTeamId': '2310', 'displayName': 'Tyreek Hill', 'esbId': 'HIL628694', 'firstName': 'Tyreek', 'footballName': 'Tyreek', 'gsisId': '00-0033040', 'gsisItId': 43454, 'headshot': 'https://static.www.nfl.com/image/private/{formatInstructions}/league/bsgiiaeo4l2arlrw1sbz', 'jerseyNumber': 10, 'lastName': 'Hill', 'ngsPosition': 'SLOT_WR', 'ngsPositionGroup': 'WR', 'position': 'WR', 'positionGroup': 'WR', 'shortName': 'T.Hill', 'smartId': '32004849-4c62-8694-8490-45499711dee4', 'status': 'ACT', 'uniformNumber': '10'}",tyreek hill,WR,2310,2020,tyreek hill,KC,17702.04307,1994-03-01,0.625,Tyreek Hill,1083,0.07272215,0.5070791012619268,26,70.0,185.0,
360,5.506617647,3.824940722,9.625263158,2.956582269,3.17244898,-0.652491743,64.47368421,15.55111959,2,49,76,485,"{'season': 2020, 'currentTeamId': '0810', 'displayName': 'Anthony Miller', 'esbId': 'MIL140090', 'firstName': 'Anthony', 'footballName': 'Anthony', 'gsisId': '00-0034353', 'gsisItId': 46120, 'headshot': 'https://static.www.nfl.com/image/private/{formatInstructions}/league/yhnxkbu614nzgmz1vmkm', 'jerseyNumber': 17, 'lastName': 'Miller', 'ngsPosition': 'SLOT_WR', 'ngsPositionGroup': 'WR', 'position': 'WR', 'positionGroup': 'WR', 'shortName': 'A.Miller', 'smartId': '32004d49-4c14-0090-2d8a-386614adf145', 'status': 'ACT', 'uniformNumber': '17'}",anthony miller,WR,810,2020,anthony miller,CHI,11587.30507,1994-10-09,0.25,Anthony Miller,607,0.10003755,0.4944252210688197,25,71.0,199.0,
362,5.4821,4.093116497,8.80266055,2.81959817,4.086666667,-0.006449831,66.05504587,17.533418,4,72,109,786,"{'season': 2020, 'currentTeamId': '0200', 'displayName': 'Russell Gage', 'esbId': 'GAG130654', 'firstName': 'Russell', 'footballName': 'Russell', 'gsisId': '00-0034411', 'gsisItId': 46263, 'headshot': 'https://static.www.nfl.com/image/private/{formatInstructions}/league/oh8urg1edgyaqwdg6jid', 'jerseyNumber': 83, 'lastName': 'Gage', 'ngsPosition': 'SLOT_WR', 'ngsPositionGroup': 'WR', 'position': 'WR', 'positionGroup': 'WR', 'shortName': 'R.Gage', 'smartId': '32004741-4713-0654-eda3-03cdf234354d', 'status': 'ACT', 'uniformNumber': '83'}",russell gage,WR,200,2020,russell gage,ATL,12167.0377,1996-01-22,0.8125,Russell Gage,762,0.064562514,0.5462998796009632,24,72.0,184.0,
366,5.427952756,3.194530421,13.60294574,2.615326192,4.733253012,1.538722591,64.34108527,38.00619005,10,83,129,1303,"{'season': 2020, 'currentTeamId': '4600', 'displayName': 'DK Metcalf', 'esbId': 'MET363377', 'firstName': 'DeKaylin', 'footballName': 'DK', 'gsisId': '00-0035640', 'gsisItId': 47847, 'headshot': 'https://static.www.nfl.com/image/private/{formatInstructions}/league/fcqab5su86kysoaeghmn', 'jerseyNumber': 14, 'lastName': 'Metcalf', 'ngsPosition': 'WR', 'ngsPositionGroup': 'WR', 'position': 'WR', 'positionGroup': 'WR', 'shortName': 'D.Metcalf', 'smartId': '32004d45-5436-3377-5806-d2746f1b94aa', 'status': 'ACT', 'uniformNumber': '14'}",dk metcalf,WR,4600,2020,dk metcalf,SEA,28986.91208,1997-12-14,0.6875,,1040,0.016791783,0.4505630425544831,22,76.0,230.0,
372,5.311176471,3.604404936,7.763877551,3.666369829,4.838918919,1.234513983,75.51020408,8.066964948,1,37,49,403,"{'season': 2020, 'currentTeamId': '2120', 'displayName': 'Jordan Akins', 'esbId': 'AKI501776', 'firstName': 'Jordan', 'footballName': 'Jordan', 'gsisId': '00-0034364', 'gsisItId': 46167, 'headshot': 'https://static.www.nfl.com/image/private/{formatInstructions}/league/wuxw6o0sgzl77lnqifsz', 'jerseyNumber': 88, 'lastName': 'Akins', 'ngsPosition': 'TE', 'ngsPositionGroup': 'TE', 'position': 'TE', 'positionGroup': 'TE', 'shortName': 'J.Akins', 'smartId': '3200414b-4950-1776-ed8f-713681e78d61', 'status': 'ACT', 'uniformNumber': '88'}",jordan akins,TE,2120,2020,jordan akins,HOU,14674.35299,1992-04-19,0.125,Jordan Akins,405,0.09684313,0.5175263910388717,28,76.0,243.0,
378,5.225609756,2.382192992,14.24627907,2.641620625,1.764347826,-0.617845165,53.48837209,14.59152125,3,23,43,319,"{'season': 2020, 'currentTeamId': '1050', 'displayName': 'Odell Beckham', 'esbId': 'BEC573252', 'firstName': 'Odell', 'footballName': 'Odell', 'gsisId': '00-0031235', 'gsisItId': 41238, 'headshot': 'https://static.www.nfl.com/image/private/{formatInstructions}/league/tdmjzyhxihazjteaxhiq', 'jerseyNumber': 13, 'lastName': 'Beckham', 'position': 'WR', 'positionGroup': 'WR', 'shortName': 'O.Beckham', 'smartId': '32004245-4357-3252-264b-1da3e93d2745', 'status': 'RES', 'uniformNumber': '13', 'ngsPosition': 'WR', 'ngsPositionGroup': 'WR'}",odell beckham,WR,1050,2020,odell beckham,CLE,9047.314267,1992-11-05,0.1875,,316,0.06781257,0.4686926671253297,27,71.0,198.0,
389,5.0421875,5.414871766,8.287272727,3.969420907,7.232916667,1.8180449,54.54545455,7.193671211,3,24,44,288,"{'season': 2020, 'currentTeamId': '0610', 'displayName': 'Dawson Knox', 'esbId': 'KNO490795', 'firstName': 'Dawson', 'footballName': 'Dawson', 'gsisId': '00-0035689', 'gsisItId': 47879, 'headshot': 'https://static.www.nfl.com/image/private/{formatInstructions}/league/nfxkya3qusm0vjzsgqyv', 'jerseyNumber': 88, 'lastName': 'Knox', 'ngsPosition': 'TE', 'ngsPositionGroup': 'TE', 'position': 'TE', 'positionGroup': 'TE', 'shortName': 'D.Knox', 'smartId': '32004b4e-4f49-0795-942a-0c363ee9b439', 'status': 'ACT', 'uniformNumber': '88'}",dawson knox,TE,610,2020,dawson knox,BUF,21727.15594,1996-11-14,0.5625,Dawson Knox,618,0.042374015,0.5351510872123549,23,76.0,254.0,
400,7.661544118,4.553452978,11.52013699,3.547443575,4.337032967,-0.216420011,62.32876712,32.02085047,6,91,146,1008,"{'season': 2021, 'currentTeamId': '0325', 'displayName': 'Marquise Brown', 'esbId': 'BRO413218', 'firstName': 'Marquise', 'footballName': 'Marquise', 'gsisId': '00-0035662', 'gsisItId': 47808, 'headshot': 'https://static.www.nfl.com/image/private/{formatInstructions}/league/fihs5hshnjghcpimjjtw', 'jerseyNumber': 5, 'lastName': 'Brown', 'position': 'WR', 'positionGroup': 'WR', 'shortName': 'M.Brown', 'smartId': '32004252-4f41-3218-bf76-54f4042e0396', 'status': 'ACT', 'uniformNumber': '5', 'ngsPosition': 'WR', 'ngsPositionGroup': 'WR'}",marquise brown,WR,325,2021,marquise brown,BAL,12968.33427,1997-06-04,0.117647059,Marquise Brown,924,0.013176538,0.524644367550942,24,69.0,170.0,
401,7.182592593,5.560030271,10.36135593,3.629111707,6.886388889,1.326358618,61.01694915,16.18130516,3,36,59,570,"{'season': 2021, 'currentTeamId': '3300', 'displayName': 'Deonte Harris', 'esbId': 'HAR363871', 'firstName': 'Deonte', 'footballName': 'Deonte', 'gsisId': '00-0035215', 'gsisItId': 48415, 'headshot': 'https://static.www.nfl.com/image/private/{formatInstructions}/league/yjq2zdkus7z8zoxigr5u', 'jerseyNumber': 11, 'lastName': 'Harris', 'position': 'WR', 'positionGroup': 'WR', 'shortName': 'D.Harris', 'smartId': '32004841-5236-3871-2f21-12e477161944', 'status': 'ACT', 'uniformNumber': '11', 'ngsPosition': 'WR', 'ngsPositionGroup': 'WR'}",deonte harris,WR,3300,2021,deonte harris,NO,17376.99461,1997-12-04,0.647058824,Deonte Harris,298,0.009710815,0.4971569639207592,23,66.0,170.0,
406,7.046633663,3.460175817,10.90827273,2.77779288,2.934716981,-0.525458836,48.18181818,27.86638922,5,53,110,519,"{'season': 2021, 'currentTeamId': '0750', 'displayName': 'Robby Anderson', 'esbId': 'AND460305', 'firstName': 'Robby', 'footballName': 'Robby', 'gsisId': '00-0032688', 'gsisItId': 43808, 'headshot': 'https://static.www.nfl.com/image/private/{formatInstructions}/league/zgwiwdaqskofwe9rsvtj', 'jerseyNumber': 11, 'lastName': 'Anderson', 'position': 'WR', 'positionGroup': 'WR', 'shortName': 'R.Anderson', 'smartId': '3200414e-4446-0305-58a8-61667bde4206', 'status': 'ACT', 'uniformNumber': '11', 'ngsPosition': 'WR', 'ngsPositionGroup': 'WR'}",robby anderson,WR,750,2021,robby anderson,CAR,13511.42938,1993-05-09,0.352941176,Robby Anderson,978,0.004484822,0.4963880288957688,28,75.0,190.0,
407,7.003555556,3.950103032,11.01645833,3.422102741,4.840967742,0.89086471,64.58333333,10.49986498,3,31,48,448,"{'season': 2021, 'currentTeamId': '4400', 'displayName': 'Jalen Guyton', 'esbId': 'GUY706299', 'firstName': 'Jalen', 'footballName': 'Jalen', 'gsisId': '00-0035414', 'gsisItId': 48556, 'headshot': 'https://static.www.nfl.com/image/private/{formatInstructions}/league/bbvqbvctga7wrtnt9b4h', 'jerseyNumber': 15, 'lastName': 'Guyton', 'position': 'WR', 'positionGroup': 'WR', 'shortName': 'J.Guyton', 'smartId': '32004755-5970-6299-fcda-7c74fd80b038', 'status': 'ACT', 'uniformNumber': '15', 'ngsPosition': 'WR', 'ngsPositionGroup': 'WR'}",jalen guyton,WR,4400,2021,jalen guyton,LAC,25477.41241,1997-06-07,0.647058824,Jalen Guyton,613,0.03612271,0.4982369418355578,24,73.0,212.0,
410,6.846666667,3.647566558,7.659122807,2.563676999,2.913333333,-0.734233225,52.63157895,7.637055735,4,30,57,245,"{'season': 2021, 'currentTeamId': '4900', 'displayName': 'Cameron Brate', 'esbId': 'BRA663798', 'firstName': 'Cameron', 'footballName': 'Cameron', 'gsisId': '00-0031273', 'gsisItId': 42033, 'headshot': 'https://static.www.nfl.com/image/private/{formatInstructions}/league/lh1e0z6x8k9hqz1aba5b', 'jerseyNumber': 84, 'lastName': 'Brate', 'position': 'TE', 'positionGroup': 'TE', 'shortName': 'C.Brate', 'smartId': '32004252-4166-3798-c2b3-ef206ba23ba8', 'status': 'ACT', 'uniformNumber': '84', 'ngsPosition': 'TE', 'ngsPositionGroup': 'TE'}",cameron brate,TE,4900,2021,cameron brate,TB,16621.62915,1991-07-03,0.352941176,Cameron Brate,535,0.008555921,0.4811745566185846,30,77.0,245.0,
412,6.809130435,5.449962812,10.01295775,3.703546755,6.010625,0.560662188,67.6056338,19.07946647,4,48,71,576,"{'season': 2021, 'currentTeamId': '1540', 'displayName': 'Kalif Raymond', 'esbId': 'RAY748263', 'firstName': 'Kalif', 'footballName': 'Kalif', 'gsisId': '00-0032464', 'gsisItId': 43584, 'headshot': 'https://static.www.nfl.com/image/private/{formatInstructions}/league/v5tzzalsktjaeeepc59o', 'jerseyNumber': 11, 'lastName': 'Raymond', 'position': 'WR', 'positionGroup': 'WR', 'shortName': 'K.Raymond', 'smartId': '32005241-5974-8263-1ad0-b2ba085ce237', 'status': 'ACT', 'uniformNumber': '11', 'ngsPosition': 'WR', 'ngsPositionGroup': 'WR'}",kalif raymond,WR,1540,2021,kalif raymond,DET,14078.10139,1994-08-08,0.705882353,Kalif Raymond,742,0.01371268,0.5211786675454496,27,68.0,182.0,
414,6.769278351,4.422635113,5.363482143,4.001007353,3.95,-0.472635113,73.21428571,11.22937872,1,82,112,693,"{'season': 2021, 'currentTeamId': '0610', 'displayName': 'Cole Beasley', 'esbId': 'BEA434808', 'firstName': 'Cole', 'footballName': 'Cole', 'gsisId': '00-0029000', 'gsisItId': 38947, 'headshot': 'https://static.www.nfl.com/image/private/{formatInstructions}/league/y5r0fhwctl6ljwvmktvu', 'jerseyNumber': 11, 'lastName': 'Beasley', 'position': 'WR', 'positionGroup': 'WR', 'shortName': 'C.Beasley', 'smartId': '32004245-4143-4808-b9d8-45a5d1a5ad73', 'status': 'ACT', 'uniformNumber': '11', 'ngsPosition': 'SLOT_WR', 'ngsPositionGroup': 'WR'}",cole beasley,WR,610,2021,cole beasley,BUF,14339.7188,1989-04-26,0.705882353,Cole Beasley,738,0.041309588,0.4783064472326326,32,68.0,174.0,
416,6.759473684,2.647831404,13.09711864,2.670059065,3.602352941,0.954521537,57.62711864,18.06528687,4,34,59,492,"{'season': 2021, 'currentTeamId': '3430', 'displayName': 'Corey Davis', 'esbId': 'DAV247957', 'firstName': 'Corey', 'footballName': 'Corey', 'gsisId': '00-0033871', 'gsisItId': 44817, 'headshot': 'https://static.www.nfl.com/image/private/{formatInstructions}/league/e96ltr3bnrq6bs4o0gvx', 'jerseyNumber': 84, 'lastName': 'Davis', 'position': 'WR', 'positionGroup': 'WR', 'shortName': 'C.Davis', 'smartId': '32004441-5624-7957-ef31-0e38b3301e4b', 'status': 'RES', 'uniformNumber': '84', 'ngsPosition': 'WR', 'ngsPositionGroup': 'WR'}",corey davis,WR,3430,2021,corey davis,NYJ,13005.03202,1995-01-11,0.764705882,Corey Davis,450,-0.007971469,0.5025814247267535,26,75.0,209.0,
418,6.722264151,4.311252555,7.122258065,3.206488639,3.88902439,-0.422228165,66.12903226,10.59931063,0,41,62,383,"{'season': 2021, 'currentTeamId': '5110', 'displayName': 'Adam Humphries', 'esbId': 'HUM721507', 'firstName': 'Adam', 'footballName': 'Adam', 'gsisId': '00-0032009', 'gsisItId': 43010, 'headshot': 'https://static.www.nfl.com/image/private/{formatInstructions}/league/l56ywjejfpraigzs4qia', 'jerseyNumber': 13, 'lastName': 'Humphries', 'position': 'WR', 'positionGroup': 'WR', 'shortName': 'A.Humphries', 'smartId': '32004855-4d72-1507-4b02-e4f7666b5805', 'status': 'ACT', 'uniformNumber': '13', 'ngsPosition': 'SLOT_WR', 'ngsPositionGroup': 'WR'}",adam humphries,WR,5110,2021,adam humphries,WAS,13956.6846,1993-06-24,0.235294118,Adam Humphries,658,-0.0022323027,0.5140209231267326,28,71.0,195.0,
421,6.69258427,4.834031741,5.7624,3.649670951,6.566507937,1.732476196,63.0,12.24671963,0,63,100,619,"{'season': 2021, 'currentTeamId': '2250', 'displayName': 'Laviska Shenault', 'esbId': 'SHE458893', 'firstName': 'Laviska', 'footballName': 'Laviska', 'gsisId': '00-0036268', 'gsisItId': 52450, 'headshot': 'https://static.www.nfl.com/image/private/{formatInstructions}/league/zkrdtuid0lmeopve1c7e', 'jerseyNumber': 10, 'lastName': 'Shenault', 'position': 'WR', 'positionGroup': 'WR', 'shortName': 'L.Shenault', 'smartId': '32005348-4545-8893-4e8b-5724302de088', 'status': 'ACT', 'uniformNumber': '10', 'ngsPosition': 'SLOT_WR', 'ngsPositionGroup': 'WR'}",laviska shenault,WR,2250,2021,laviska shenault,JAX,18183.73328,1998-10-05,0.411764706,,697,0.026141085,0.508349593707452,22,73.0,220.0,
423,6.635517241,5.106548119,4.741230769,4.092235707,5.578478261,0.471930142,70.76923077,7.204793533,2,46,65,409,"{'season': 2021, 'currentTeamId': '3430', 'displayName': 'Braxton Berrios', 'esbId': 'BER456050', 'firstName': 'Braxton', 'footballName': 'Braxton', 'gsisId': '00-0034419', 'gsisItId': 46279, 'headshot': 'https://static.www.nfl.com/image/private/{formatInstructions}/league/vlx5vkd8ghcq1snnhdij', 'jerseyNumber': 10, 'lastName': 'Berrios', 'position': 'WR', 'positionGroup': 'WR', 'shortName': 'B.Berrios', 'smartId': '32004245-5245-6050-b9d8-8b288006bd46', 'status': 'RES', 'uniformNumber': '10', 'ngsPosition': 'SLOT_WR', 'ngsPositionGroup': 'WR'}",braxton berrios,WR,3430,2021,braxton berrios,NYJ,13005.03202,1995-10-06,0.764705882,Braxton Berrios,390,-0.007971469,0.5025814247267535,25,69.0,190.0,
424,6.61,2.79368572,9.9348,2.356899085,3.6821875,0.88850178,64.0,13.14843539,3,32,50,377,"{'season': 2021, 'currentTeamId': '3300', 'displayName': ""Tre'Quan Smith"", 'esbId': 'SMI764556', 'firstName': ""Tre'Quan"", 'footballName': ""Tre'Quan"", 'gsisId': '00-0034765', 'gsisItId': 46160, 'headshot': 'https://static.www.nfl.com/image/private/{formatInstructions}/league/csh1ehzlmtc8lbupeky3', 'jerseyNumber': 10, 'lastName': 'Smith', 'position': 'WR', 'positionGroup': 'WR', 'shortName': 'T.Smith', 'smartId': '3200534d-4976-4556-d545-e418d85634bb', 'status': 'ACT', 'uniformNumber': '10', 'ngsPosition': 'WR', 'ngsPositionGroup': 'WR'}",tre'quan smith,WR,3300,2021,tre'quan smith,NO,17376.99461,1996-01-07,0.647058824,Tre'Quan Smith,520,0.009710815,0.4971569639207592,25,74.0,210.0,
427,6.519593496,4.22614152,6.790785714,3.336877119,4.574903846,0.348762326,74.28571429,21.99134419,6,104,140,1015,"{'season': 2021, 'currentTeamId': '2700', 'displayName': 'Jaylen Waddle', 'esbId': 'WAD088683', 'firstName': 'Jaylen', 'footballName': 'Jaylen', 'gsisId': '00-0036613', 'gsisItId': 53435, 'headshot': 'https://static.www.nfl.com/image/private/{formatInstructions}/league/hkwyhd9w8pouxwhqn6ly', 'jerseyNumber': 17, 'lastName': 'Waddle', 'position': 'WR', 'positionGroup': 'WR', 'shortName': 'J.Waddle', 'smartId': '32005741-4408-8683-c826-c882ad6fd5c2', 'status': 'ACT', 'uniformNumber': '17', 'ngsPosition': 'SLOT_WR', 'ngsPositionGroup': 'WR'}",jaylen waddle,WR,2700,2021,jaylen waddle,MIA,15243.41361,1998-11-25,0.235294118,Jaylen Waddle,903,0.0394654,0.4521337946943483,22,70.0,182.0,
430,6.504,2.638406976,9.651132075,2.454409476,3.087741935,0.449334959,58.49056604,12.64695774,3,31,53,406,"{'season': 2021, 'currentTeamId': '0200', 'displayName': 'Olamide Zaccheaus', 'esbId': 'ZAC133180', 'firstName': 'Olamide', 'footballName': 'Olamide', 'gsisId': '00-0035208', 'gsisItId': 48374, 'headshot': 'https://static.www.nfl.com/image/private/{formatInstructions}/league/pjhk3vxzcmeywvsvhsr7', 'jerseyNumber': 17, 'lastName': 'Zaccheaus', 'position': 'WR', 'positionGroup': 'WR', 'shortName': 'O.Zaccheaus', 'smartId': '32005a41-4313-3180-ba01-ae8103314fa2', 'status': 'ACT', 'uniformNumber': '17', 'ngsPosition': 'WR', 'ngsPositionGroup': 'WR'}",olamide zaccheaus,WR,200,2021,olamide zaccheaus,ATL,12470.02879,1997-07-23,0.647058824,Olamide Zaccheaus,610,0.0010261456,0.4611323579999595,24,68.0,193.0,
440,6.3146,4.394511315,4.577777778,3.657359885,6.212653061,1.818141746,77.77777778,6.603939923,5,49,63,493,"{'season': 2021, 'currentTeamId': '0920', 'displayName': 'C.J. Uzomah', 'esbId': 'UZO415291', 'firstName': 'Christopher', 'footballName': 'C.J.', 'gsisId': '00-0032134', 'gsisItId': 42500, 'headshot': 'https://static.www.nfl.com/image/private/{formatInstructions}/league/mx5gvpkq84jphclpkvux', 'jerseyNumber': 87, 'lastName': 'Uzomah', 'position': 'TE', 'positionGroup': 'TE', 'shortName': 'C.Uzomah', 'smartId': '3200555a-4f41-5291-7c48-f42f95ee20d2', 'status': 'ACT', 'uniformNumber': '87', 'ngsPosition': 'TE', 'ngsPositionGroup': 'TE'}",c.j. uzomah,TE,920,2021,cj uzomah,CIN,11007.81672,1993-01-14,0.647058824,C.J. Uzomah,966,0.058091793,0.4998666133119914,28,78.0,260.0,
444,6.288095238,2.947574352,12.73248062,2.584869217,4.588133333,1.640558981,58.13953488,36.70598384,12,75,129,967,"{'season': 2021, 'currentTeamId': '4600', 'displayName': 'DK Metcalf', 'esbId': 'MET363377', 'firstName': 'DeKaylin', 'footballName': 'DK', 'gsisId': '00-0035640', 'gsisItId': 47847, 'headshot': 'https://static.www.nfl.com/image/private/{formatInstructions}/league/oa43ir8zoaiofwbupkrt', 'jerseyNumber': 14, 'lastName': 'Metcalf', 'position': 'WR', 'positionGroup': 'WR', 'shortName': 'D.Metcalf', 'smartId': '32004d45-5436-3377-5806-d2746f1b94aa', 'status': 'ACT', 'uniformNumber': '14', 'ngsPosition': 'WR', 'ngsPositionGroup': 'WR'}",dk metcalf,WR,4600,2021,dk metcalf,SEA,28058.18673,1997-12-14,0.705882353,,820,0.021555629,0.5127807985939473,23,76.0,230.0,
446,6.26195122,3.661718839,13.17865854,2.631560672,3.694545455,0.032826616,53.65853659,21.13484526,5,44,82,537,"{'season': 2021, 'currentTeamId': '2510', 'displayName': 'Odell Beckham', 'esbId': 'BEC573252', 'firstName': 'Odell', 'footballName': 'Odell', 'gsisId': '00-0031235', 'gsisItId': 41238, 'headshot': 'https://static.www.nfl.com/image/private/{formatInstructions}/league/dw6kneiq5flxfw0m6rf3', 'jerseyNumber': 3, 'lastName': 'Beckham', 'position': 'WR', 'positionGroup': 'WR', 'shortName': 'O.Beckham', 'smartId': '32004245-4357-3252-264b-1da3e93d2745', 'status': 'ACT', 'uniformNumber': '3', 'ngsPosition': 'WR', 'ngsPositionGroup': 'WR'}",odell beckham,WR,2510,2021,odell beckham,LA,33867.19293,1992-11-05,0.764705882,,862,0.040338974,0.504073442242394,28,71.0,198.0,
451,6.119591837,3.763652825,10.40113208,3.586631688,4.098198198,0.334545373,69.81132075,35.50461256,9,111,159,1239,"{'season': 2021, 'seasonType': 'PRO', 'week': 22, 'jerseyNumber': 10, 'lastName': 'Hill', 'footballName': 'Tyreek', 'firstName': 'Tyreek', 'position': 'WR', 'gsisItId': 43454, 'gsisId': '00-0033040', 'esbId': 'HIL628694', 'displayName': 'Tyreek Hill', 'shortName': 'T.Hill', 'uniformNumber': '10', 'status': 'ACT', 'currentTeamId': '8600', 'smartId': '32004849-4c62-8694-8490-45499711dee4', 'headshot': 'https://static.www.nfl.com/image/private/{formatInstructions}/league/xw0jhb7zeobj4bkxfpwg', 'positionGroup': 'WR', 'ngsPosition': 'SLOT_WR', 'ngsPositionGroup': 'WR'}",tyreek hill,WR,8600,2021,tyreek hill,KC,14022.59117,1994-03-01,0.117647059,Tyreek Hill,1045,0.019397646,0.5319254017396432,27,70.0,185.0,
454,6.097920792,2.670238346,14.81115385,2.320067131,2.9459375,0.275699154,61.53846154,37.99230466,5,64,104,916,"{'season': 2021, 'currentTeamId': '3700', 'displayName': 'DeVonta Smith', 'esbId': 'SMI206016', 'firstName': 'DeVonta', 'footballName': 'DeVonta', 'gsisId': '00-0036912', 'gsisItId': 53439, 'headshot': 'https://static.www.nfl.com/image/private/{formatInstructions}/league/hol7dluumxi1cqxyagg3', 'jerseyNumber': 6, 'lastName': 'Smith', 'position': 'WR', 'positionGroup': 'WR', 'shortName': 'D.Smith', 'smartId': '3200534d-4920-6016-573c-fcc767bafc4d', 'status': 'ACT', 'uniformNumber': '6', 'ngsPosition': 'WR', 'ngsPositionGroup': 'WR'}",devonta smith,WR,3700,2021,devonta smith,PHI,15658.64761,1998-11-14,0.294117647,DeVonta Smith,982,0.03302644,0.4747181133662042,22,72.0,165.0,
455,6.08137931,4.631354446,13.62966292,2.543856326,4.6786,0.047245554,56.17977528,23.72406671,6,50,89,802,"{'season': 2021, 'currentTeamId': '2510', 'displayName': 'Van Jefferson', 'esbId': 'JEF436716', 'firstName': 'Vanchii', 'footballName': 'Van', 'gsisId': '00-0036415', 'gsisItId': 52465, 'headshot': 'https://static.www.nfl.com/image/private/{formatInstructions}/league/mpf79etf7jsptmu1ywv8', 'jerseyNumber': 12, 'lastName': 'Jefferson', 'position': 'WR', 'positionGroup': 'WR', 'shortName': 'V.Jefferson', 'smartId': '32004a45-4643-6716-6cf6-1dcc41075f1f', 'status': 'ACT', 'uniformNumber': '12', 'ngsPosition': 'WR', 'ngsPositionGroup': 'WR'}",van jefferson,WR,2510,2021,van jefferson,LA,33867.19293,1996-07-26,0.764705882,Van Jefferson,1114,0.040338974,0.504073442242394,25,73.0,197.0,
456,6.081358025,3.713366968,9.420744681,3.101704612,4.130606061,0.417239093,70.21276596,21.89500387,4,66,94,771,"{'season': 2021, 'currentTeamId': '0200', 'displayName': 'Russell Gage', 'esbId': 'GAG130654', 'firstName': 'Russell', 'footballName': 'Russell', 'gsisId': '00-0034411', 'gsisItId': 46263, 'headshot': 'https://static.www.nfl.com/image/private/{formatInstructions}/league/yvgvukodrs3aabp4qty7', 'jerseyNumber': 14, 'lastName': 'Gage', 'position': 'WR', 'positionGroup': 'WR', 'shortName': 'R.Gage', 'smartId': '32004741-4713-0654-eda3-03cdf234354d', 'status': 'ACT', 'uniformNumber': '14', 'ngsPosition': 'WR', 'ngsPositionGroup': 'WR'}",russell gage,WR,200,2021,russell gage,ATL,12470.02879,1996-01-22,0.647058824,Russell Gage,612,0.0010261456,0.4611323579999595,25,72.0,184.0,
458,6.061868132,3.635868096,9.747263158,3.124015546,3.777761194,0.141893098,70.52631579,20.35975146,10,67,95,726,"{'season': 2021, 'currentTeamId': '3000', 'displayName': 'Adam Thielen', 'esbId': 'THI510348', 'firstName': 'Adam', 'footballName': 'Adam', 'gsisId': '00-0030035', 'gsisItId': 40488, 'headshot': 'https://static.www.nfl.com/image/private/{formatInstructions}/league/yaqb24k1lrtbl4a0hxtl', 'jerseyNumber': 19, 'lastName': 'Thielen', 'position': 'WR', 'positionGroup': 'WR', 'shortName': 'A.Thielen', 'smartId': '32005448-4951-0348-440c-28f32f21652b', 'status': 'RES', 'uniformNumber': '19', 'ngsPosition': 'WR', 'ngsPositionGroup': 'WR'}",adam thielen,WR,3000,2021,adam thielen,MIN,16035.60781,1990-08-22,0.647058824,Adam Thielen,758,0.01855726,0.4963805129895095,31,74.0,200.0,
463,6.045,5.392866699,8.247763158,3.574250972,7.048392857,1.655526158,73.68421053,15.46048737,4,56,76,830,"{'season': 2021, 'currentTeamId': '3700', 'displayName': 'Dallas Goedert', 'esbId': 'GOE595520', 'firstName': 'Dallas', 'footballName': 'Dallas', 'gsisId': '00-0034351', 'gsisItId': 46118, 'headshot': 'https://static.www.nfl.com/image/private/{formatInstructions}/league/toiqpnmbuxgfwr8wkw4r', 'jerseyNumber': 88, 'lastName': 'Goedert', 'position': 'TE', 'positionGroup': 'TE', 'shortName': 'D.Goedert', 'smartId': '3200474f-4559-5520-b7af-5e002aedafbb', 'status': 'ACT', 'uniformNumber': '88', 'ngsPosition': 'TE', 'ngsPositionGroup': 'TE'}",dallas goedert,TE,3700,2021,dallas goedert,PHI,15658.64761,1995-01-03,0.294117647,Dallas Goedert,840,0.03302644,0.4747181133662042,26,77.0,256.0,
464,6.038227848,3.089151838,11.99023529,2.757911754,4.145849057,1.056697219,62.35294118,23.24197727,5,53,85,734,"{'season': 2021, 'currentTeamId': '1400', 'displayName': 'Tim Patrick', 'esbId': 'PAT283375', 'firstName': 'Tim', 'footballName': 'Tim', 'gsisId': '00-0033375', 'gsisItId': 45267, 'headshot': 'https://static.www.nfl.com/image/private/{formatInstructions}/league/hun9pdqwtwz76tiac5d3', 'jerseyNumber': 81, 'lastName': 'Patrick', 'position': 'WR', 'positionGroup': 'WR', 'shortName': 'T.Patrick', 'smartId': '32005041-5428-3375-95f4-ff207c5ba0aa', 'status': 'ACT', 'uniformNumber': '81', 'ngsPosition': 'WR', 'ngsPositionGroup': 'WR'}",tim patrick,WR,1400,2021,tim patrick,DEN,16599.1994,1993-11-23,0.176470588,Tim Patrick,849,0.07066842,0.4724776184983797,27,76.0,212.0,
466,6.000733945,2.919757888,12.09681818,2.268951119,4.008243243,1.088485356,67.27272727,30.46994681,6,74,110,1091,"{'season': 2021, 'currentTeamId': '0920', 'displayName': 'Tee Higgins', 'esbId': 'HIG387791', 'firstName': 'Tamaurice', 'footballName': 'Tee', 'gsisId': '00-0036410', 'gsisItId': 52441, 'headshot': 'https://static.www.nfl.com/image/private/{formatInstructions}/league/bhghlnepvrsmsztx0wzh', 'jerseyNumber': 85, 'lastName': 'Higgins', 'position': 'WR', 'positionGroup': 'WR', 'shortName': 'T.Higgins', 'smartId': '32004849-4738-7791-9f89-d556c4b59b9a', 'status': 'ACT', 'uniformNumber': '85', 'ngsPosition': 'WR', 'ngsPositionGroup': 'WR'}",tee higgins,WR,920,2021,tee higgins,CIN,11007.81672,1999-01-18,0.647058824,Tee Higgins,943,0.058091793,0.4998666133119914,22,76.0,210.0,
475,5.903076923,3.42456445,8.002727273,2.920683238,4.076388889,0.651824439,65.45454545,7.699681797,0,36,55,360,"{'season': 2021, 'currentTeamId': '4900', 'displayName': 'Tyler Johnson', 'esbId': 'JOH711094', 'firstName': 'Tyler', 'footballName': 'Tyler', 'gsisId': '00-0036427', 'gsisItId': 52569, 'headshot': 'https://static.www.nfl.com/image/private/{formatInstructions}/league/d6e5mwllmmwixl01o93g', 'jerseyNumber': 18, 'lastName': 'Johnson', 'position': 'WR', 'positionGroup': 'WR', 'shortName': 'T.Johnson', 'smartId': '32004a4f-4871-1094-58d9-ca4ef7922f8c', 'status': 'ACT', 'uniformNumber': '18', 'ngsPosition': 'WR', 'ngsPositionGroup': 'WR'}",tyler johnson,WR,4900,2021,tyler johnson,TB,16621.62915,1998-08-25,0.352941176,Tyler Johnson,708,0.008555921,0.4811745566185846,23,73.0,205.0,
481,5.7815625,4.773578914,6.619423077,3.351918211,5.625142857,0.851563943,67.30769231,7.315429966,0,35,52,408,"{'season': 2021, 'currentTeamId': '2250', 'displayName': 'Dan Arnold', 'esbId': 'ARN413883', 'firstName': 'Daniel', 'footballName': 'Dan', 'gsisId': '00-0034011', 'gsisItId': 45785, 'headshot': 'https://static.www.nfl.com/image/private/{formatInstructions}/league/rotbubimax9ynluqflao', 'jerseyNumber': 85, 'lastName': 'Arnold', 'position': 'TE', 'positionGroup': 'TE', 'shortName': 'D.Arnold', 'smartId': '32004152-4e41-3883-2521-46a3b5976b3b', 'status': 'RES', 'uniformNumber': '85', 'ngsPosition': 'SLOT_WR', 'ngsPositionGroup': 'WR'}",dan arnold,TE,2250,2021,dan arnold,JAX,18183.73328,1995-03-15,0.411764706,Dan Arnold,363,0.026141085,0.508349593707452,26,78.0,220.0,
491,5.6126,2.002534943,13.66627451,2.657046184,3.201785714,1.199250772,54.90196078,16.29436367,1,28,51,449,"{'season': 2021, 'currentTeamId': '3430', 'displayName': 'Keelan Cole', 'esbId': 'COL130738', 'firstName': 'Keelan', 'footballName': 'Keelan', 'gsisId': '00-0033681', 'gsisItId': 45555, 'headshot': 'https://static.www.nfl.com/image/private/{formatInstructions}/league/boajq2m1njwe88c23lpd', 'jerseyNumber': 88, 'lastName': 'Cole', 'position': 'WR', 'positionGroup': 'WR', 'shortName': 'K.Cole', 'smartId': '3200434f-4c13-0738-9b9e-38aa1121bdd9', 'status': 'ACT', 'uniformNumber': '88', 'ngsPosition': 'WR', 'ngsPositionGroup': 'WR'}",keelan cole,WR,3430,2021,keelan cole,NYJ,13005.03202,1993-04-20,0.764705882,Keelan Cole,557,-0.007971469,0.5025814247267535,28,73.0,194.0,
498,5.4525,3.176982086,5.823417722,3.267817047,4.1995,1.022517914,75.94936709,10.5425138,7,60,79,497,"{'season': 2021, 'currentTeamId': '3900', 'displayName': 'Pat Freiermuth', 'esbId': 'FRE439769', 'firstName': 'Pat', 'footballName': 'Pat', 'gsisId': '00-0036894', 'gsisItId': 53484, 'headshot': 'https://static.www.nfl.com/image/private/{formatInstructions}/league/mcmq0fne7lzmd4ymuonx', 'jerseyNumber': 88, 'lastName': 'Freiermuth', 'position': 'TE', 'positionGroup': 'TE', 'shortName': 'P.Freiermuth', 'smartId': '32004652-4543-9769-d771-bdf1de25cd8b', 'status': 'ACT', 'uniformNumber': '88', 'ngsPosition': 'TE', 'ngsPositionGroup': 'TE'}",pat freiermuth,TE,3900,2021,pat freiermuth,PIT,11327.77516,1998-10-25,0.235294118,Pat Freiermuth,714,0.028189132,0.5249673748641757,22,77.0,258.0,
504,5.328039216,4.176829434,10.37526316,2.730466172,4.197368421,0.020538987,66.66666667,15.00818434,4,38,57,476,"{'season': 2021, 'currentTeamId': '2100', 'displayName': 'Nick Westbrook-Ikhine', 'esbId': 'WES567220', 'firstName': 'Nicholas', 'footballName': 'Nick', 'gsisId': '00-0036182', 'gsisItId': 53074, 'headshot': 'https://static.www.nfl.com/image/private/{formatInstructions}/league/qkfbmmwufx3fmqd9cth9', 'jerseyNumber': 15, 'lastName': 'Westbrook-Ikhine', 'position': 'WR', 'positionGroup': 'WR', 'shortName': 'N.Westbrook-Ikhine', 'smartId': '32005745-5356-7220-67cc-7d57ec5c5725', 'status': 'ACT', 'uniformNumber': '15', 'ngsPosition': 'WR', 'ngsPositionGroup': 'WR'}",nick westbrook-ikhine,WR,2100,2021,nick westbrook-ikhine,TEN,14659.1819,1997-03-21,0.352941176,Nick Westbrook-Ikhine,680,0.042211823,0.4759685160613953,24,74.0,215.0,
510,5.272758621,5.318024949,7.158873239,3.95030612,6.122040816,0.804015867,69.01408451,9.501537541,9,49,71,587,"{'season': 2021, 'currentTeamId': '0610', 'displayName': 'Dawson Knox', 'esbId': 'KNO490795', 'firstName': 'Dawson', 'footballName': 'Dawson', 'gsisId': '00-0035689', 'gsisItId': 47879, 'headshot': 'https://static.www.nfl.com/image/private/{formatInstructions}/league/ud6ifpmkntqowvg7s0vy', 'jerseyNumber': 88, 'lastName': 'Knox', 'position': 'TE', 'positionGroup': 'TE', 'shortName': 'D.Knox', 'smartId': '32004b4e-4f49-0795-942a-0c363ee9b439', 'status': 'ACT', 'uniformNumber': '88', 'ngsPosition': 'TE', 'ngsPositionGroup': 'TE'}",dawson knox,TE,610,2021,dawson knox,BUF,14339.7188,1996-11-14,0.705882353,Dawson Knox,1029,0.041309588,0.4783064472326326,24,76.0,254.0,
511,5.267560976,4.802447728,10.34844444,3.402861359,6.53875,1.736302272,53.33333333,11.64896025,4,24,45,316,"{'season': 2021, 'currentTeamId': '2200', 'displayName': 'Mo Alie-Cox', 'esbId': 'ALI177980', 'firstName': 'Mo', 'footballName': 'Mo', 'gsisId': '00-0033217', 'gsisItId': 44792, 'headshot': 'https://static.www.nfl.com/image/private/{formatInstructions}/league/oy2q51ipxv9x0pbxvave', 'jerseyNumber': 81, 'lastName': 'Alie-Cox', 'position': 'TE', 'positionGroup': 'TE', 'shortName': 'M.Alie-Cox', 'smartId': '3200414c-4917-7980-6d26-f37d4f9dba6e', 'status': 'ACT', 'uniformNumber': '81', 'ngsPosition': 'TE', 'ngsPositionGroup': 'TE'}",mo alie-cox,TE,2200,2021,mo alie-cox,IND,14422.55827,1993-09-19,0.647058824,Mo Alie-Cox,610,0.049095754,0.4856746826697655,27,77.0,267.0,
514,5.252727273,3.043100261,10.13469388,2.545687352,3.045454545,0.002354285,67.34693878,9.860687508,4,33,49,353,"{'season': 2021, 'currentTeamId': '4400', 'displayName': 'Josh Palmer', 'esbId': 'PAL451625', 'firstName': 'Josh', 'footballName': 'Josh', 'gsisId': '00-0036988', 'gsisItId': 53506, 'headshot': 'https://static.www.nfl.com/image/private/{formatInstructions}/league/x2gobzerrjxzgpxij4ac', 'jerseyNumber': 5, 'lastName': 'Palmer', 'position': 'WR', 'positionGroup': 'WR', 'shortName': 'J.Palmer', 'smartId': '32005041-4c45-1625-eb93-c2c9b11c4006', 'status': 'ACT', 'uniformNumber': '5', 'ngsPosition': 'WR', 'ngsPositionGroup': 'WR'}",josh palmer,WR,4400,2021,josh palmer,LAC,25477.41241,1999-09-22,0.647058824,Josh Palmer,458,0.03612271,0.4982369418355578,21,73.0,210.0,
518,5.088448276,3.610454113,14.11275862,1.990615081,6.154848485,2.544394372,56.89655172,16.82542293,3,33,58,559,"{'season': 2021, 'currentTeamId': '2520', 'displayName': 'Bryan Edwards', 'esbId': 'EDW157935', 'firstName': 'Bryan', 'footballName': 'Bryan', 'gsisId': '00-0036365', 'gsisItId': 52489, 'headshot': 'https://static.www.nfl.com/image/private/{formatInstructions}/league/aqic7l7pnw9x5ukh6iqr', 'jerseyNumber': 89, 'lastName': 'Edwards', 'position': 'WR', 'positionGroup': 'WR', 'shortName': 'B.Edwards', 'smartId': '32004544-5715-7935-d52c-2e0bf57adf37', 'status': 'ACT', 'uniformNumber': '89', 'ngsPosition': 'WR', 'ngsPositionGroup': 'WR'}",bryan edwards,WR,2520,2021,bryan edwards,LV,24595.61451,1998-11-13,0.235294118,Bryan Edwards,864,0.0220574,0.5103952692187986,22,75.0,215.0,
529,7.302166667,4.930360148,4.4415625,4.227482851,6.07,1.139639852,81.25,6.535644161,2,52,64,467,"{'season': 2022, 'currentTeamId': '3800', 'displayName': 'Greg Dortch', 'esbId': 'DOR793727', 'firstName': 'Greg', 'footballName': 'Greg', 'gsisId': '00-0035500', 'gsisItId': 48646, 'headshot': 'https://static.www.nfl.com/image/private/{formatInstructions}/league/j5xmpo01eea118axwwaj', 'jerseyNumber': 83, 'lastName': 'Dortch', 'position': 'WR', 'positionGroup': 'WR', 'shortName': 'G.Dortch', 'smartId': '3200444f-5279-3727-2597-c2d9a516585a', 'status': 'ACT', 'uniformNumber': '83', 'ngsPosition': 'SLOT_WR', 'ngsPositionGroup': 'WR'}",greg dortch,WR,3800,2022,greg dortch,ARI,15121.32743,1998-05-29,0.235294118,Greg Dortch,513,-0.008649544,0.5184352172241445,24,67.0,173.0,
530,7.234893617,4.089147789,7.495901639,3.378432049,3.966923077,-0.122224712,63.93442623,12.58754157,0,39,61,376,"{'season': 2022, 'currentTeamId': '2510', 'displayName': 'Ben Skowronek', 'esbId': 'SKO738004', 'firstName': 'Ben', 'footballName': 'Ben', 'gsisId': '00-0036862', 'gsisItId': 53678, 'headshot': 'https://static.www.nfl.com/image/private/{formatInstructions}/league/hud5c4tf8corgoehrvc1', 'jerseyNumber': 18, 'lastName': 'Skowronek', 'position': 'WR', 'positionGroup': 'WR', 'shortName': 'B.Skowronek', 'smartId': '3200534b-4f73-8004-e74f-6a0e3fb2f31f', 'status': 'ACT', 'uniformNumber': '18', 'ngsPosition': 'WR', 'ngsPositionGroup': 'WR'}",ben skowronek,WR,2510,2022,ben skowronek,LA,17169.69629,1997-06-27,0.705882353,Ben Skowronek,696,-0.006666541,0.5079716303446042,25,75.0,220.0,
535,7.091551724,5.845250096,9.74203125,3.143329749,4.953404255,-0.891845841,73.4375,15.45583675,0,47,64,616,"{'season': 2022, 'currentTeamId': '1540', 'displayName': 'Kalif Raymond', 'esbId': 'RAY748263', 'firstName': 'Kalif', 'footballName': 'Kalif', 'gsisId': '00-0032464', 'gsisItId': 43584, 'headshot': 'https://static.www.nfl.com/image/private/{formatInstructions}/league/tbqpvuoxh80zjvgao9ww', 'jerseyNumber': 11, 'lastName': 'Raymond', 'position': 'WR', 'positionGroup': 'WR', 'shortName': 'K.Raymond', 'smartId': '32005241-5974-8263-1ad0-b2ba085ce237', 'status': 'ACT', 'uniformNumber': '11', 'ngsPosition': 'WR', 'ngsPositionGroup': 'WR'}",kalif raymond,WR,1540,2022,kalif raymond,DET,8285.494242,1994-08-08,0.823529412,Kalif Raymond,555,0.0025224357,0.518699285699832,28,68.0,182.0,
540,7.006909091,3.266815701,10.83632479,2.547116424,3.303194444,0.036378743,61.53846154,32.69989142,4,72,117,866,"{'season': 2022, 'currentTeamId': '0200', 'displayName': 'Drake London', 'esbId': 'LON013463', 'firstName': 'Drake', 'footballName': 'Drake', 'gsisId': '00-0037238', 'gsisItId': 54473, 'jerseyNumber': 5, 'lastName': 'London', 'position': 'WR', 'positionGroup': 'WR', 'shortName': 'D.London', 'status': 'ACT', 'uniformNumber': '5', 'headshot': 'https://static.www.nfl.com/image/private/{formatInstructions}/league/rrwzcsvsfqq9xptp8o48', 'smartId': '32004c4f-4e01-3463-a3e9-f95e800c8bba', 'ngsPosition': 'WR', 'ngsPositionGroup': 'WR'}",drake london,WR,200,2022,drake london,ATL,13351.79496,2001-07-24,0.764705882,Drake London,819,0.0028591508,0.4559734110362411,21,76.0,210.0,
541,7.0065625,4.048322118,5.930285714,3.327637779,3.508235294,-0.540086824,72.85714286,8.177770773,5,51,70,426,"{'season': 2022, 'currentTeamId': '4900', 'displayName': 'Russell Gage', 'esbId': 'GAG130654', 'firstName': 'Russell', 'footballName': 'Russell', 'gsisId': '00-0034411', 'gsisItId': 46263, 'headshot': 'https://static.www.nfl.com/image/private/{formatInstructions}/league/ah1nwrjfhfaymeepi7k3', 'jerseyNumber': 17, 'lastName': 'Gage', 'position': 'WR', 'positionGroup': 'WR', 'shortName': 'R.Gage', 'smartId': '32004741-4713-0654-eda3-03cdf234354d', 'status': 'ACT', 'uniformNumber': '17', 'ngsPosition': 'WR', 'ngsPositionGroup': 'WR'}",russell gage,WR,4900,2022,russell gage,TB,16619.61674,1996-01-22,0.176470588,Russell Gage,570,0.006314393,0.5095879677407025,26,72.0,184.0,
547,6.844035088,4.853308988,8.689076923,3.286056533,5.212173913,0.358864925,70.76923077,12.49107054,3,46,65,538,"{'season': 2022, 'currentTeamId': '4400', 'displayName': 'DeAndre Carter', 'esbId': 'CAR641798', 'firstName': 'DeAndre', 'footballName': 'DeAndre', 'gsisId': '00-0031763', 'gsisItId': 42794, 'headshot': 'https://static.www.nfl.com/image/private/{formatInstructions}/league/fgkf5m167nupk3jv3w5w', 'jerseyNumber': 1, 'lastName': 'Carter', 'position': 'WR', 'positionGroup': 'WR', 'shortName': 'D.Carter', 'smartId': '32004341-5264-1798-438c-095db9c8b999', 'status': 'ACT', 'uniformNumber': '1', 'ngsPosition': 'SLOT_WR', 'ngsPositionGroup': 'WR'}",deandre carter,WR,4400,2022,deandre carter,LAC,24856.55241,1993-04-10,0.647058824,DeAndre Carter,722,0.015900591,0.4429566563467492,29,68.0,190.0,
548,6.8048,3.824110657,10.92401869,3.335681847,3.777014925,-0.047095732,62.61682243,26.87440509,3,67,107,709,"{'season': 2022, 'currentTeamId': '3800', 'displayName': 'Marquise Brown', 'esbId': 'BRO413218', 'firstName': 'Marquise', 'footballName': 'Marquise', 'gsisId': '00-0035662', 'gsisItId': 47808, 'headshot': 'https://static.www.nfl.com/image/private/{formatInstructions}/league/oytg4uatpjzmfrrhmt0r', 'jerseyNumber': 2, 'lastName': 'Brown', 'position': 'WR', 'positionGroup': 'WR', 'shortName': 'M.Brown', 'smartId': '32004252-4f41-3218-bf76-54f4042e0396', 'status': 'ACT', 'uniformNumber': '2', 'ngsPosition': 'WR', 'ngsPositionGroup': 'WR'}",marquise brown,WR,3800,2022,marquise brown,ARI,15121.32743,1997-06-04,0.235294118,Marquise Brown,783,-0.008649544,0.5184352172241445,25,69.0,170.0,
549,6.786388889,2.767250334,11.29378378,2.351979025,3.049767442,0.282517108,58.10810811,18.47568012,3,43,74,555,"{'season': 2022, 'currentTeamId': '1200', 'displayName': 'Noah Brown', 'esbId': 'BRO567406', 'firstName': 'Noah', 'footballName': 'Noah', 'gsisId': '00-0033591', 'gsisItId': 45052, 'headshot': 'https://static.www.nfl.com/image/private/{formatInstructions}/league/mo0v6bxy9vpxtzndba7r', 'jerseyNumber': 85, 'lastName': 'Brown', 'position': 'WR', 'positionGroup': 'WR', 'shortName': 'N.Brown', 'smartId': '32004252-4f56-7406-27bf-fae9f5eeb8ad', 'status': 'ACT', 'uniformNumber': '85', 'ngsPosition': 'WR', 'ngsPositionGroup': 'WR'}",noah brown,WR,1200,2022,noah brown,DAL,21745.28574,1996-01-06,0.705882353,Noah Brown,866,0.00078302773,0.5006418264443359,26,74.0,225.0,
557,6.684313725,4.354841828,11.44885246,3.302983903,5.011,0.656158172,65.57377049,18.01234386,3,40,61,533,"{'season': 2022, 'currentTeamId': '0200', 'displayName': 'Olamide Zaccheaus', 'esbId': 'ZAC133180', 'firstName': 'Olamide', 'footballName': 'Olamide', 'gsisId': '00-0035208', 'gsisItId': 48374, 'headshot': 'https://static.www.nfl.com/image/private/{formatInstructions}/league/bzetcp5jlpis9ueb1kfk', 'jerseyNumber': 17, 'lastName': 'Zaccheaus', 'position': 'WR', 'positionGroup': 'WR', 'shortName': 'O.Zaccheaus', 'smartId': '32005a41-4313-3180-ba01-ae8103314fa2', 'status': 'ACT', 'uniformNumber': '17', 'ngsPosition': 'SLOT_WR', 'ngsPositionGroup': 'WR'}",olamide zaccheaus,WR,200,2022,olamide zaccheaus,ATL,13351.79496,1997-07-23,0.764705882,Olamide Zaccheaus,737,0.0028591508,0.4559734110362411,25,68.0,193.0,
558,6.66890625,2.808204067,13.84671875,2.324376432,3.9040625,1.095858433,50.0,17.92825381,2,32,64,536,"{'season': 2022, 'currentTeamId': '3430', 'displayName': 'Corey Davis', 'esbId': 'DAV247957', 'firstName': 'Corey', 'footballName': 'Corey', 'gsisId': '00-0033871', 'gsisItId': 44817, 'headshot': 'https://static.www.nfl.com/image/private/{formatInstructions}/league/enhh8vjw18eixehg5uhz', 'jerseyNumber': 84, 'lastName': 'Davis', 'position': 'WR', 'positionGroup': 'WR', 'shortName': 'C.Davis', 'smartId': '32004441-5624-7957-ef31-0e38b3301e4b', 'status': 'ACT', 'uniformNumber': '84', 'ngsPosition': 'WR', 'ngsPositionGroup': 'WR'}",corey davis,WR,3430,2022,corey davis,NYJ,16058.75915,1995-01-11,0.705882353,Corey Davis,617,0.0019045867,0.5264372002671037,27,75.0,209.0,
562,6.54962963,5.666918694,6.053731343,4.390483411,4.736226415,-0.930692279,79.10447761,9.401663835,2,53,67,470,"{'season': 2022, 'currentTeamId': '1800', 'displayName': 'Robert Tonyan', 'esbId': 'TON816385', 'firstName': 'Robert', 'footballName': 'Robert', 'gsisId': '00-0033757', 'gsisItId': 45635, 'headshot': 'https://static.www.nfl.com/image/private/{formatInstructions}/league/wpczdpw0xasgspqhsup9', 'jerseyNumber': 85, 'lastName': 'Tonyan', 'position': 'TE', 'positionGroup': 'TE', 'shortName': 'R.Tonyan', 'smartId': '3200544f-4e81-6385-721e-9beac148ba1c', 'status': 'ACT', 'uniformNumber': '85', 'ngsPosition': 'TE', 'ngsPositionGroup': 'TE'}",robert tonyan,TE,1800,2022,robert tonyan,GB,10346.77583,1994-04-30,0.176470588,Robert Tonyan,591,0.010451383,0.5086930128088387,28,77.0,237.0,
566,6.496821705,4.725344854,9.867647059,2.93665454,5.235157895,0.509813041,69.85294118,31.22542336,7,95,136,1210,"{'season': 2022, 'currentTeamId': '3700', 'displayName': 'DeVonta Smith', 'esbId': 'SMI206016', 'firstName': 'DeVonta', 'footballName': 'DeVonta', 'gsisId': '00-0036912', 'gsisItId': 53439, 'headshot': 'https://static.www.nfl.com/image/private/{formatInstructions}/league/hzgzhf2omiobrvqdifqr', 'jerseyNumber': 6, 'lastName': 'Smith', 'position': 'WR', 'positionGroup': 'WR', 'shortName': 'D.Smith', 'smartId': '3200534d-4920-6016-573c-fcc767bafc4d', 'status': 'ACT', 'uniformNumber': '6', 'ngsPosition': 'WR', 'ngsPositionGroup': 'WR'}",devonta smith,WR,3700,2022,devonta smith,PHI,13260.90576,1998-11-14,0.294117647,DeVonta Smith,1291,0.006133889,0.4956776745786033,23,72.0,165.0,
572,6.451851852,4.020650763,7.0685,3.161323987,4.461111111,0.440460348,60.0,10.71891625,3,36,60,373,"{'season': 2022, 'currentTeamId': '0325', 'displayName': 'Isaiah Likely', 'esbId': 'LIK088990', 'firstName': 'Isaiah', 'footballName': 'Isaiah', 'gsisId': '00-0037838', 'gsisItId': 54604, 'lastName': 'Likely', 'position': 'TE', 'positionGroup': 'TE', 'shortName': 'I.Likely', 'status': 'ACT', 'headshot': 'https://static.www.nfl.com/image/private/{formatInstructions}/league/yim14kgskufmu8sfowvg', 'smartId': '32004c49-4b08-8990-7695-dc4768035012', 'jerseyNumber': 80, 'uniformNumber': '80', 'ngsPosition': 'SLOT_WR', 'ngsPositionGroup': 'WR'}",isaiah likely,TE,325,2022,isaiah likely,BAL,9130.145214,2000-04-18,0.294117647,Isaiah Likely,440,-0.005628953,0.5155276535565494,22,76.0,240.0,
573,6.41968254,4.711694961,9.231343284,3.348993099,4.848333333,0.136638372,62.68656716,14.33661016,3,42,67,425,"{'season': 2022, 'currentTeamId': '1800', 'displayName': 'Romeo Doubs', 'esbId': 'DOU043165', 'firstName': 'Romeo', 'footballName': 'Romeo', 'gsisId': '00-0037816', 'gsisItId': 54597, 'lastName': 'Doubs', 'position': 'WR', 'positionGroup': 'WR', 'shortName': 'R.Doubs', 'status': 'ACT', 'headshot': 'https://static.www.nfl.com/image/private/{formatInstructions}/league/wciz0bsjd4bedpiwggog', 'smartId': '3200444f-5504-3165-5639-a63528da6f6e', 'jerseyNumber': 87, 'uniformNumber': '87', 'ngsPosition': 'WR', 'ngsPositionGroup': 'WR'}",romeo doubs,WR,1800,2022,romeo doubs,GB,10346.77583,2000-04-13,0.176470588,Romeo Doubs,529,0.010451383,0.5086930128088387,22,74.0,200.0,
575,6.379797297,4.085669472,12.17111765,3.31013291,4.331092437,0.245422965,70.0,40.15443941,7,119,170,1710,"{'season': 2022, 'currentTeamId': '2700', 'displayName': 'Tyreek Hill', 'esbId': 'HIL628694', 'firstName': 'Tyreek', 'footballName': 'Tyreek', 'gsisId': '00-0033040', 'gsisItId': 43454, 'headshot': 'https://static.www.nfl.com/image/private/{formatInstructions}/league/lsszbdnkusxc7mduw5be', 'jerseyNumber': 10, 'lastName': 'Hill', 'position': 'WR', 'positionGroup': 'WR', 'shortName': 'T.Hill', 'smartId': '32004849-4c62-8694-8490-45499711dee4', 'status': 'ACT', 'uniformNumber': '10', 'ngsPosition': 'WR', 'ngsPositionGroup': 'WR'}",tyreek hill,WR,2700,2022,tyreek hill,MIA,27464.65864,1994-03-01,0.352941176,Tyreek Hill,859,-0.02128195,0.5395740167411994,28,70.0,185.0,
577,6.345441176,2.455185491,11.77007092,2.266846091,2.616333333,0.161147842,63.82978723,37.62000077,6,90,141,1048,"{'season': 2022, 'currentTeamId': '4600', 'displayName': 'DK Metcalf', 'esbId': 'MET363377', 'firstName': 'DeKaylin', 'footballName': 'DK', 'gsisId': '00-0035640', 'gsisItId': 47847, 'headshot': 'https://static.www.nfl.com/image/private/{formatInstructions}/league/oa43ir8zoaiofwbupkrt', 'jerseyNumber': 14, 'lastName': 'Metcalf', 'position': 'WR', 'positionGroup': 'WR', 'shortName': 'D.Metcalf', 'smartId': '32004d45-5436-3377-5806-d2746f1b94aa', 'status': 'ACT', 'uniformNumber': '14', 'ngsPosition': 'WR', 'ngsPositionGroup': 'WR'}",dk metcalf,WR,4600,2022,dk metcalf,SEA,25011.73287,1997-12-14,0.764705882,,950,0.00085735536,0.4727038183694529,24,76.0,230.0,
578,6.307941176,3.605667097,8.719065421,3.463561191,3.581944444,-0.023722653,67.28971963,20.63318995,3,72,107,769,"{'season': 2022, 'currentTeamId': '4400', 'displayName': 'Josh Palmer', 'esbId': 'PAL451625', 'firstName': 'Josh', 'footballName': 'Josh', 'gsisId': '00-0036988', 'gsisItId': 53506, 'headshot': 'https://static.www.nfl.com/image/private/{formatInstructions}/league/jwagrm3bpslarha2w5db', 'jerseyNumber': 5, 'lastName': 'Palmer', 'position': 'WR', 'positionGroup': 'WR', 'shortName': 'J.Palmer', 'smartId': '32005041-4c45-1625-eb93-c2c9b11c4006', 'status': 'ACT', 'uniformNumber': '5', 'ngsPosition': 'WR', 'ngsPositionGroup': 'WR'}",josh palmer,WR,4400,2022,josh palmer,LAC,24856.55241,1999-09-22,0.647058824,Josh Palmer,966,0.015900591,0.4429566563467492,22,73.0,210.0,
579,6.2915625,3.40111088,8.002040816,2.684244132,4.664285714,1.263174834,64.28571429,16.97060981,2,63,98,732,"{'season': 2022, 'currentTeamId': '3900', 'displayName': 'Pat Freiermuth', 'esbId': 'FRE439769', 'firstName': 'Pat', 'footballName': 'Pat', 'gsisId': '00-0036894', 'gsisItId': 53484, 'headshot': 'https://static.www.nfl.com/image/private/{formatInstructions}/league/nx6quzjf2cfaeullln5c', 'jerseyNumber': 88, 'lastName': 'Freiermuth', 'position': 'TE', 'positionGroup': 'TE', 'shortName': 'P.Freiermuth', 'smartId': '32004652-4543-9769-d771-bdf1de25cd8b', 'status': 'ACT', 'uniformNumber': '88', 'ngsPosition': 'TE', 'ngsPositionGroup': 'TE'}",pat freiermuth,TE,3900,2022,pat freiermuth,PIT,6428.489862,1998-10-25,0.235294118,Pat Freiermuth,743,-0.013786365,0.5080252534450312,23,77.0,258.0,
585,6.219433962,4.133155061,5.669384615,3.159231845,4.603571429,0.470416368,64.61538462,7.259564241,2,42,65,391,"{'season': 2022, 'currentTeamId': '4900', 'displayName': 'Cade Otton', 'esbId': 'OTT712400', 'firstName': 'Cade', 'footballName': 'Cade', 'gsisId': '00-0038129', 'gsisItId': 54571, 'jerseyNumber': 88, 'lastName': 'Otton', 'position': 'TE', 'positionGroup': 'TE', 'shortName': 'C.Otton', 'status': 'ACT', 'uniformNumber': '88', 'headshot': 'https://static.www.nfl.com/image/private/{formatInstructions}/league/hqxroxrpcxjttwnuuqw7', 'smartId': '32004f54-5471-2400-c87d-346814f25b06', 'ngsPosition': 'TE', 'ngsPositionGroup': 'TE'}",cade otton,TE,4900,2022,cade otton,TB,16619.61674,1999-04-15,0.176470588,Cade Otton,863,0.006314393,0.5095879677407025,23,77.0,250.0,
587,6.193636364,6.39316369,5.8975,3.650578741,7.901818182,1.508654491,79.71014493,9.33109652,3,55,69,702,"{'season': 2022, 'currentTeamId': '3700', 'displayName': 'Dallas Goedert', 'esbId': 'GOE595520', 'firstName': 'Dallas', 'footballName': 'Dallas', 'gsisId': '00-0034351', 'gsisItId': 46118, 'headshot': 'https://static.www.nfl.com/image/private/{formatInstructions}/league/hcjzrphflquehexgcz14', 'jerseyNumber': 88, 'lastName': 'Goedert', 'position': 'TE', 'positionGroup': 'TE', 'shortName': 'D.Goedert', 'smartId': '3200474f-4559-5520-b7af-5e002aedafbb', 'status': 'ACT', 'uniformNumber': '88', 'ngsPosition': 'TE', 'ngsPositionGroup': 'TE'}",dallas goedert,TE,3700,2022,dallas goedert,PHI,13260.90576,1995-01-03,0.294117647,Dallas Goedert,938,0.006133889,0.4956776745786033,27,77.0,256.0,
602,6.057156863,3.081043348,10.14523364,2.700078186,2.224142857,-0.856900491,65.42056075,22.25397502,6,70,107,716,"{'season': 2022, 'currentTeamId': '3000', 'displayName': 'Adam Thielen', 'esbId': 'THI510348', 'firstName': 'Adam', 'footballName': 'Adam', 'gsisId': '00-0030035', 'gsisItId': 40488, 'headshot': 'https://static.www.nfl.com/image/private/{formatInstructions}/league/fuutugtpr0nikfvjwk67', 'jerseyNumber': 19, 'lastName': 'Thielen', 'position': 'WR', 'positionGroup': 'WR', 'shortName': 'A.Thielen', 'smartId': '32005448-4951-0348-440c-28f32f21652b', 'status': 'ACT', 'uniformNumber': '19', 'ngsPosition': 'WR', 'ngsPositionGroup': 'WR'}",adam thielen,WR,3000,2022,adam thielen,MIN,12729.23418,1990-08-22,0.647058824,Adam Thielen,1094,-0.0076141376,0.4668252876199212,32,74.0,200.0,
608,5.9,3.05462116,10.47490196,2.86427247,5.112666667,2.058045506,58.82352941,10.36750679,2,30,51,417,"{'season': 2022, 'currentTeamId': '2700', 'displayName': 'Trent Sherfield', 'esbId': 'SHE566024', 'firstName': 'Trent', 'footballName': 'Trent', 'gsisId': '00-0034487', 'gsisItId': 46671, 'headshot': 'https://static.www.nfl.com/image/private/{formatInstructions}/league/je4nd6eqpqrzytepcuvc', 'jerseyNumber': 14, 'lastName': 'Sherfield', 'position': 'WR', 'positionGroup': 'WR', 'shortName': 'T.Sherfield', 'smartId': '32005348-4556-6024-5da2-4c295e6d8af2', 'status': 'ACT', 'uniformNumber': '14', 'ngsPosition': 'WR', 'ngsPositionGroup': 'WR'}",trent sherfield,WR,2700,2022,trent sherfield,MIA,27464.65864,1996-02-26,0.352941176,Trent Sherfield,658,-0.02128195,0.5395740167411994,26,73.0,219.0,
612,5.845428571,6.042961766,6.613518519,3.2068693,7.648918919,1.605957153,68.51851852,8.54852454,5,37,54,495,"{'season': 2022, 'currentTeamId': '2120', 'displayName': 'Jordan Akins', 'esbId': 'AKI501776', 'firstName': 'Jordan', 'footballName': 'Jordan', 'gsisId': '00-0034364', 'gsisItId': 46167, 'headshot': 'https://static.www.nfl.com/image/private/{formatInstructions}/league/jewjor3rbkrnwksetwf0', 'jerseyNumber': 88, 'lastName': 'Akins', 'position': 'TE', 'positionGroup': 'TE', 'shortName': 'J.Akins', 'smartId': '3200414b-4950-1776-ed8f-713681e78d61', 'status': 'ACT', 'uniformNumber': '88', 'ngsPosition': 'TE', 'ngsPositionGroup': 'WR'}",jordan akins,TE,2120,2022,jordan akins,HOU,16082.45908,1992-04-19,0.647058824,Jordan Akins,406,0.0023461524,0.4687478500171998,30,76.0,243.0,
615,5.764259259,3.179018081,11.31954128,2.543515705,3.944324324,0.765306243,67.88990826,28.88280253,7,74,109,1029,"{'season': 2022, 'currentTeamId': '0920', 'displayName': 'Tee Higgins', 'esbId': 'HIG387791', 'firstName': 'Tamaurice', 'footballName': 'Tee', 'gsisId': '00-0036410', 'gsisItId': 52441, 'headshot': 'https://static.www.nfl.com/image/private/{formatInstructions}/league/m8i5zbmmhqku4zsul3vj', 'jerseyNumber': 85, 'lastName': 'Higgins', 'position': 'WR', 'positionGroup': 'WR', 'shortName': 'T.Higgins', 'smartId': '32004849-4738-7791-9f89-d556c4b59b9a', 'status': 'ACT', 'uniformNumber': '85', 'ngsPosition': 'WR', 'ngsPositionGroup': 'WR'}",tee higgins,WR,920,2022,tee higgins,CIN,11334.72454,1999-01-18,0.6875,Tee Higgins,929,0.0011373237,0.5360454800572122,23,76.0,210.0,
616,5.762123894,4.382012739,11.98940171,2.965211729,7.204666667,2.822653927,64.1025641,27.22309876,8,75,117,1356,"{'season': 2022, 'currentTeamId': '2700', 'displayName': 'Jaylen Waddle', 'esbId': 'WAD088683', 'firstName': 'Jaylen', 'footballName': 'Jaylen', 'gsisId': '00-0036613', 'gsisItId': 53435, 'headshot': 'https://static.www.nfl.com/image/private/{formatInstructions}/league/nlneyg7usy4pn9psbnru', 'jerseyNumber': 17, 'lastName': 'Waddle', 'position': 'WR', 'positionGroup': 'WR', 'shortName': 'J.Waddle', 'smartId': '32005741-4408-8683-c826-c882ad6fd5c2', 'status': 'ACT', 'uniformNumber': '17', 'ngsPosition': 'WR', 'ngsPositionGroup': 'WR'}",jaylen waddle,WR,2700,2022,jaylen waddle,MIA,27464.65864,1998-11-25,0.352941176,Jaylen Waddle,845,-0.02128195,0.5395740167411994,23,70.0,182.0,
633,5.47745098,4.068264058,7.915538462,4.266771245,4.446458333,0.378194275,73.84615385,9.944451317,6,48,65,517,"{'season': 2022, 'currentTeamId': '0610', 'displayName': 'Dawson Knox', 'esbId': 'KNO490795', 'firstName': 'Dawson', 'footballName': 'Dawson', 'gsisId': '00-0035689', 'gsisItId': 47879, 'headshot': 'https://static.www.nfl.com/image/private/{formatInstructions}/league/ip13rlibbh1y7lejzj6t', 'jerseyNumber': 88, 'lastName': 'Knox', 'position': 'TE', 'positionGroup': 'TE', 'shortName': 'D.Knox', 'smartId': '32004b4e-4f49-0795-942a-0c363ee9b439', 'status': 'ACT', 'uniformNumber': '88', 'ngsPosition': 'TE', 'ngsPositionGroup': 'TE'}",dawson knox,TE,610,2022,dawson knox,BUF,11665.80407,1996-11-14,0.75,Dawson Knox,937,0.002920119,0.4973808431754768,25,76.0,254.0,
634,5.468958333,4.371761448,13.4218,2.321475778,4.8812,0.509438552,50.0,19.47039504,3,25,50,397,"{'season': 2022, 'currentTeamId': '2100', 'displayName': 'Nick Westbrook-Ikhine', 'esbId': 'WES567220', 'firstName': 'Nicholas', 'footballName': 'Nick', 'gsisId': '00-0036182', 'gsisItId': 53074, 'headshot': 'https://static.www.nfl.com/image/private/{formatInstructions}/league/rrpe7w9vvgasgkyemixa', 'jerseyNumber': 15, 'lastName': 'Westbrook-Ikhine', 'position': 'WR', 'positionGroup': 'WR', 'shortName': 'N.Westbrook-Ikhine', 'smartId': '32005745-5356-7220-67cc-7d57ec5c5725', 'status': 'ACT', 'uniformNumber': '15', 'ngsPosition': 'SLOT_WR', 'ngsPositionGroup': 'WR'}",nick westbrook-ikhine,WR,2100,2022,nick westbrook-ikhine,TEN,12266.01296,1997-03-21,0.235294118,Nick Westbrook-Ikhine,777,-0.019904962,0.4938292964244521,25,74.0,215.0,
645,5.102391304,4.456214234,12.46191489,2.581705839,5.6975,1.241285766,59.57446809,18.27670781,1,28,47,490,"{'season': 2022, 'currentTeamId': '0750', 'displayName': 'Terrace Marshall', 'esbId': 'MAR482288', 'firstName': 'Terrace', 'footballName': 'Terrace', 'gsisId': '00-0036955', 'gsisItId': 53488, 'headshot': 'https://static.www.nfl.com/image/private/{formatInstructions}/league/azlfs3xbnfr3deksqvua', 'jerseyNumber': 88, 'lastName': 'Marshall', 'position': 'WR', 'positionGroup': 'WR', 'shortName': 'T.Marshall', 'smartId': '32004d41-5248-2288-c0d9-2d0813ce7c88', 'status': 'ACT', 'uniformNumber': '88', 'ngsPosition': 'WR', 'ngsPositionGroup': 'WR'}",terrace marshall,WR,750,2022,terrace marshall,CAR,14038.67818,2000-06-09,0.352941176,,645,0.011279171,0.4646340476335013,22,74.0,200.0,
662,7.044166667,3.698078393,6.752340426,2.954802799,4.598125,0.900046607,68.08510638,8.715855849,2,32,47,308,"{'season': 2023, 'displayName': 'Pat Freiermuth', 'esbId': 'FRE439769', 'firstName': 'Pat', 'footballName': 'Pat', 'gsisId': '00-0036894', 'gsisItId': 53484, 'headshot': 'https://static.www.nfl.com/image/private/{formatInstructions}/league/evpkfpnuj5rajjnl5hkw', 'jerseyNumber': 88, 'lastName': 'Freiermuth', 'position': 'TE', 'positionGroup': 'TE', 'shortName': 'P.Freiermuth', 'smartId': '32004652-4543-9769-d771-bdf1de25cd8b', 'status': 'ACT', 'uniformNumber': '88', 'currentTeamId': '3900', 'ngsPosition': 'TE', 'ngsPositionGroup': 'TE'}",pat freiermuth,TE,3900,2023,pat freiermuth,PIT,16799.86463,1998-10-25,0.294117647,Pat Freiermuth,518,-0.032170348,0.5349711424530825,24,77.0,258.0,
663,7.028426966,5.616324505,6.21344086,3.785887909,5.916190476,0.299865971,67.74193548,13.53370604,4,63,93,628,"{'season': 2023, 'displayName': 'Jaxon Smith-Njigba', 'esbId': 'SMI829636', 'firstName': 'Jaxon', 'footballName': 'Jaxon', 'gsisId': '00-0038543', 'gsisItId': 55884, 'lastName': 'Smith-Njigba', 'position': 'WR', 'positionGroup': 'WR', 'shortName': 'J.Smith-Njigba', 'status': 'ACT', 'headshot': 'https://static.www.nfl.com/image/private/{formatInstructions}/league/r65p3l8nq7v4l9htqsud', 'smartId': '3200534d-4982-9636-a18c-5da6fbdaa80c', 'jerseyNumber': 11, 'uniformNumber': '11', 'currentTeamId': '4600', 'ngsPosition': 'SLOT_WR', 'ngsPositionGroup': 'WR'}",jaxon smith-njigba,WR,4600,2023,jaxon smith-njigba,SEA,30073.40601,2002-02-14,0.647058824,Jaxon Smith-Njigba,675,-0.001220789,0.4971306582488517,21,72.0,198.0,
668,6.899866667,2.977058636,14.23133333,2.94657712,3.190638298,0.213579662,62.66666667,21.08374832,7,47,75,709,"{'season': 2023, 'displayName': 'Tank Dell', 'esbId': 'DEL440817', 'firstName': 'Nathaniel', 'footballName': 'Tank', 'gsisId': '00-0038977', 'gsisItId': 55934, 'lastName': 'Dell', 'position': 'WR', 'positionGroup': 'WR', 'shortName': 'T.Dell', 'status': 'ACT', 'headshot': 'https://static.www.nfl.com/image/private/{formatInstructions}/league/vxkqythvtp5ujzpqlvsk', 'smartId': '32004445-4c44-0817-a646-b67c3fe533fb', 'currentTeamId': '2120', 'jerseyNumber': 3, 'uniformNumber': '3', 'ngsPosition': 'WR', 'ngsPositionGroup': 'WR'}",tank dell,WR,2120,2023,tank dell,HOU,17664.30932,1999-10-29,0.705882353,Tank Dell,457,-0.023470834,0.4898520811833505,23,70.0,165.0,
673,6.777894737,5.06328397,11.40180328,2.610418173,5.628947368,0.565663398,62.29508197,14.76099418,2,38,61,581,"{'season': 2023, 'displayName': 'Josh Palmer', 'esbId': 'PAL451625', 'firstName': 'Josh', 'footballName': 'Josh', 'gsisId': '00-0036988', 'gsisItId': 53506, 'headshot': 'https://static.www.nfl.com/image/private/{formatInstructions}/league/bbvzvwnb52cghz4fqyut', 'jerseyNumber': 5, 'lastName': 'Palmer', 'position': 'WR', 'positionGroup': 'WR', 'shortName': 'J.Palmer', 'smartId': '32005041-4c45-1625-eb93-c2c9b11c4006', 'status': 'ACT', 'uniformNumber': '5', 'currentTeamId': '4400', 'ngsPosition': 'WR', 'ngsPositionGroup': 'WR'}",josh palmer,WR,4400,2023,josh palmer,LAC,25103.14906,1999-09-22,0.647058824,Josh Palmer,525,-0.036350995,0.5298216706703321,23,73.0,210.0,
676,6.747,4.270141777,12.31644444,2.904109334,4.517857143,0.247715366,62.22222222,12.49132297,3,28,45,370,"{'season': 2023, 'displayName': 'Nick Westbrook-Ikhine', 'esbId': 'WES567220', 'firstName': 'Nicholas', 'footballName': 'Nick', 'gsisId': '00-0036182', 'gsisItId': 53074, 'headshot': 'https://static.www.nfl.com/image/private/{formatInstructions}/league/orgr5wnkiabp4s03aqj3', 'jerseyNumber': 15, 'lastName': 'Westbrook-Ikhine', 'position': 'WR', 'positionGroup': 'WR', 'shortName': 'N.Westbrook-Ikhine', 'smartId': '32005745-5356-7220-67cc-7d57ec5c5725', 'status': 'ACT', 'uniformNumber': '15', 'currentTeamId': '2100', 'ngsPosition': 'WR', 'ngsPositionGroup': 'WR'}",nick westbrook-ikhine,WR,2100,2023,nick westbrook-ikhine,TEN,8488.931555,1997-03-21,0.117647059,Nick Westbrook-Ikhine,611,-0.03321675,0.5134260102389769,26,74.0,215.0,
678,6.725047619,3.380739785,12.45589286,2.818321511,3.582469136,0.201729351,72.32142857,30.35068215,7,81,112,1066,"{'season': 2023, 'displayName': 'DeVonta Smith', 'esbId': 'SMI206016', 'firstName': 'DeVonta', 'footballName': 'DeVonta', 'gsisId': '00-0036912', 'gsisItId': 53439, 'headshot': 'https://static.www.nfl.com/image/private/{formatInstructions}/league/f8nowzare3wd2qw4jx7d', 'jerseyNumber': 6, 'lastName': 'Smith', 'position': 'WR', 'positionGroup': 'WR', 'shortName': 'D.Smith', 'smartId': '3200534d-4920-6016-573c-fcc767bafc4d', 'status': 'ACT', 'uniformNumber': '6', 'currentTeamId': '3700', 'ngsPosition': 'WR', 'ngsPositionGroup': 'WR'}",devonta smith,WR,3700,2023,devonta smith,PHI,18999.32126,1998-11-14,0.294117647,DeVonta Smith,1100,-0.011155832,0.4776942355889724,24,72.0,165.0,
679,6.723269231,3.851183452,12.26727273,3.115844785,6.909090909,3.057907457,60.0,13.32759169,2,33,55,567,"{'season': 2023, 'displayName': 'Noah Brown', 'esbId': 'BRO567406', 'firstName': 'Noah', 'footballName': 'Noah', 'gsisId': '00-0033591', 'gsisItId': 45052, 'headshot': 'https://static.www.nfl.com/image/upload/{formatInstructions}/league/skdu8rnw7nwgxdkaonyi', 'jerseyNumber': 85, 'lastName': 'Brown', 'position': 'WR', 'positionGroup': 'WR', 'shortName': 'N.Brown', 'smartId': '32004252-4f56-7406-27bf-fae9f5eeb8ad', 'status': 'ACT', 'uniformNumber': '85', 'currentTeamId': '2120', 'ngsPosition': 'WR', 'ngsPositionGroup': 'WR'}",noah brown,WR,2120,2023,noah brown,HOU,17664.30932,1996-01-06,0.705882353,Noah Brown,468,-0.023470834,0.4898520811833505,27,74.0,225.0,
680,6.708163265,5.044273468,10.00192308,3.422396921,6.176111111,1.131837643,69.23076923,24.38241147,4,72,104,1014,"{'season': 2023, 'displayName': 'Jaylen Waddle', 'esbId': 'WAD088683', 'firstName': 'Jaylen', 'footballName': 'Jaylen', 'gsisId': '00-0036613', 'gsisItId': 53435, 'headshot': 'https://static.www.nfl.com/image/private/{formatInstructions}/league/qjsz2h6shbdnksctzeka', 'jerseyNumber': 17, 'lastName': 'Waddle', 'position': 'WR', 'positionGroup': 'WR', 'shortName': 'J.Waddle', 'smartId': '32005741-4408-8683-c826-c882ad6fd5c2', 'status': 'ACT', 'uniformNumber': '17', 'currentTeamId': '2700', 'ngsPosition': 'WR', 'ngsPositionGroup': 'WR'}",jaylen waddle,WR,2700,2023,jaylen waddle,MIA,22248.43637,1998-11-25,0.117647059,Jaylen Waddle,652,-0.035157714,0.4608102500259363,24,70.0,182.0,
685,6.660144928,4.680573923,5.50313253,2.905875218,5.530508475,0.849934552,71.08433735,9.937190931,3,59,83,592,"{'season': 2023, 'displayName': 'Dallas Goedert', 'esbId': 'GOE595520', 'firstName': 'Dallas', 'footballName': 'Dallas', 'gsisId': '00-0034351', 'gsisItId': 46118, 'headshot': 'https://static.www.nfl.com/image/private/{formatInstructions}/league/flzasty1ea7iswbtd0e5', 'jerseyNumber': 88, 'lastName': 'Goedert', 'position': 'TE', 'positionGroup': 'TE', 'shortName': 'D.Goedert', 'smartId': '3200474f-4559-5520-b7af-5e002aedafbb', 'status': 'ACT', 'uniformNumber': '88', 'currentTeamId': '3700', 'ngsPosition': 'TE', 'ngsPositionGroup': 'TE'}",dallas goedert,TE,3700,2023,dallas goedert,PHI,18999.32126,1995-01-03,0.294117647,Dallas Goedert,857,-0.011155832,0.4776942355889724,28,77.0,256.0,
688,6.60375,4.107798484,14.51986667,2.821496012,3.552826087,-0.554972397,61.33333333,22.1063102,5,46,75,719,"{'season': 2023, 'displayName': 'Rashid Shaheed', 'esbId': 'SHA089447', 'firstName': 'Rashid', 'footballName': 'Rashid', 'gsisId': '00-0037545', 'gsisItId': 55133, 'headshot': 'https://static.www.nfl.com/image/private/{formatInstructions}/league/y96n1bum9eowfxmt1nbg', 'jerseyNumber': 22, 'lastName': 'Shaheed', 'position': 'WR', 'positionGroup': 'WR', 'shortName': 'R.Shaheed', 'smartId': '32005348-4108-9447-3491-eb73ad07ef30', 'status': 'ACT', 'uniformNumber': '22', 'currentTeamId': '3300', 'ngsPosition': 'WR', 'ngsPositionGroup': 'WR'}",rashid shaheed,WR,3300,2023,rashid shaheed,NO,15323.18852,1998-08-31,0.764705882,Rashid Shaheed,604,0.007729944,0.429164896092596,25,72.0,180.0,
694,6.5016,4.620845476,6.529552239,3.435768405,4.984680851,0.363835375,70.14925373,9.232048384,4,47,67,452,"{'season': 2023, 'displayName': 'Cade Otton', 'esbId': 'OTT712400', 'firstName': 'Cade', 'footballName': 'Cade', 'gsisId': '00-0038129', 'gsisItId': 54571, 'headshot': 'https://static.www.nfl.com/image/private/{formatInstructions}/league/vchmryh0myuq67t9ei1u', 'jerseyNumber': 88, 'lastName': 'Otton', 'position': 'TE', 'positionGroup': 'TE', 'shortName': 'C.Otton', 'smartId': '32004f54-5471-2400-c87d-346814f25b06', 'status': 'ACT', 'uniformNumber': '88', 'currentTeamId': '4900', 'ngsPosition': 'TE', 'ngsPositionGroup': 'TE'}",cade otton,TE,4900,2023,cade otton,TB,19867.48173,1999-04-15,0.294117647,Cade Otton,1194,-0.015060146,0.4953687107345246,24,77.0,250.0,
701,6.391794872,4.64075474,8.0102,3.503700411,4.546666667,-0.094088073,60.0,9.739531785,1,30,50,368,"{'season': 2023, 'displayName': 'Kylen Granson', 'esbId': 'GRA367521', 'firstName': 'Kylen', 'footballName': 'Kylen', 'gsisId': '00-0036876', 'gsisItId': 53556, 'headshot': 'https://static.www.nfl.com/image/private/{formatInstructions}/league/vqpymhfwmfrtlzfpv60p', 'jerseyNumber': 83, 'lastName': 'Granson', 'position': 'TE', 'positionGroup': 'TE', 'shortName': 'K.Granson', 'smartId': '32004752-4136-7521-12e0-76f6488826b0', 'status': 'ACT', 'uniformNumber': '83', 'currentTeamId': '2200', 'ngsPosition': 'TE', 'ngsPositionGroup': 'TE'}",kylen granson,TE,2200,2023,kylen granson,IND,8154.329166,1998-03-27,0.588235294,Kylen Granson,496,-0.028286608,0.4824763754831138,25,75.0,235.0,
704,6.32787037,2.754265737,11.36718182,2.223936376,3.037101449,0.282835712,62.72727273,30.04105933,2,69,110,905,"{'season': 2023, 'displayName': 'Drake London', 'esbId': 'LON013463', 'firstName': 'Drake', 'footballName': 'Drake', 'gsisId': '00-0037238', 'gsisItId': 54473, 'headshot': 'https://static.www.nfl.com/image/private/{formatInstructions}/league/rrwzcsvsfqq9xptp8o48', 'jerseyNumber': 5, 'lastName': 'London', 'position': 'WR', 'positionGroup': 'WR', 'shortName': 'D.London', 'smartId': '32004c4f-4e01-3463-a3e9-f95e800c8bba', 'status': 'ACT', 'uniformNumber': '5', 'currentTeamId': '0200', 'ngsPosition': 'WR', 'ngsPositionGroup': 'WR'}",drake london,WR,200,2023,drake london,ATL,10192.44223,2001-07-24,0.529411765,Drake London,860,0.0056006303,0.4276270260426151,22,76.0,210.0,
705,6.305203252,4.513196069,7.635036496,2.887600371,3.442135922,-1.071060146,75.18248175,26.34946545,4,103,137,1014,"{'season': 2023, 'displayName': 'Adam Thielen', 'esbId': 'THI510348', 'firstName': 'Adam', 'footballName': 'Adam', 'gsisId': '00-0030035', 'gsisItId': 40488, 'headshot': 'https://static.www.nfl.com/image/private/{formatInstructions}/league/kmldtl8p9h7h5dzvkwsw', 'jerseyNumber': 19, 'lastName': 'Thielen', 'position': 'WR', 'positionGroup': 'WR', 'shortName': 'A.Thielen', 'smartId': '32005448-4951-0348-440c-28f32f21652b', 'status': 'ACT', 'uniformNumber': '19', 'currentTeamId': '0750', 'ngsPosition': 'SLOT_WR', 'ngsPositionGroup': 'WR'}",adam thielen,WR,750,2023,adam thielen,CAR,12156.88602,1990-08-22,0.176470588,Adam Thielen,1045,-0.008762591,0.5166312551852527,33,74.0,200.0,
706,6.304736842,3.798399178,5.1112,3.06839333,4.068205128,0.269805951,78.0,6.8120995,1,39,50,352,"{'season': 2023, 'displayName': 'Tanner Hudson', 'esbId': 'HUD753368', 'firstName': 'Tanner', 'footballName': 'Tanner', 'gsisId': '00-0034613', 'gsisItId': 46797, 'headshot': 'https://static.www.nfl.com/image/private/{formatInstructions}/league/dcrfuiyknwrwxsjsjf9q', 'jerseyNumber': 87, 'lastName': 'Hudson', 'position': 'TE', 'positionGroup': 'TE', 'shortName': 'T.Hudson', 'smartId': '32004855-4475-3368-5306-edfb2fda948f', 'status': 'ACT', 'uniformNumber': '87', 'currentTeamId': '0920', 'ngsPosition': 'SLOT_WR', 'ngsPositionGroup': 'WR'}",tanner hudson,TE,920,2023,tanner hudson,CIN,11815.93203,1994-11-12,0.470588235,Tanner Hudson,276,-0.055004884,0.5632717896240024,28,77.0,239.0,
721,6.078208955,3.221525688,13.08089552,2.384421087,3.890526316,0.669000628,56.71641791,18.60049535,2,38,67,431,"{'season': 2023, 'displayName': 'Quentin Johnston', 'esbId': 'JOH823261', 'firstName': 'Quentin', 'footballName': 'Quentin', 'gsisId': '00-0038544', 'gsisItId': 55885, 'lastName': 'Johnston', 'position': 'WR', 'positionGroup': 'WR', 'shortName': 'Q.Johnston', 'status': 'ACT', 'headshot': 'https://static.www.nfl.com/image/private/{formatInstructions}/league/eamj83siagr6rba0epv0', 'smartId': '32004a4f-4882-3261-dcd8-a43c8f7c5608', 'jerseyNumber': 1, 'uniformNumber': '1', 'currentTeamId': '4400', 'ngsPosition': 'WR', 'ngsPositionGroup': 'WR'}",quentin johnston,WR,4400,2023,quentin johnston,LAC,25103.14906,2001-09-06,0.647058824,Quentin Johnston,748,-0.036350995,0.5298216706703321,21,76.0,201.0,
723,6.06556962,4.331444573,5.867582418,3.829743969,4.487123288,0.155678715,80.21978022,11.40275571,2,73,91,673,"{'season': 2023, 'displayName': 'Dalton Kincaid', 'esbId': 'KIN069130', 'firstName': 'Dalton', 'footballName': 'Dalton', 'gsisId': '00-0038933', 'gsisItId': 55889, 'lastName': 'Kincaid', 'position': 'TE', 'positionGroup': 'TE', 'shortName': 'D.Kincaid', 'status': 'ACT', 'headshot': 'https://static.www.nfl.com/image/private/{formatInstructions}/league/gc2do3ceqflw2axa6xii', 'smartId': '32004b49-4e06-9130-e563-7edd228031c8', 'jerseyNumber': 86, 'uniformNumber': '86', 'currentTeamId': '0610', 'ngsPosition': 'SLOT_WR', 'ngsPositionGroup': 'WR'}",dalton kincaid,TE,610,2023,dalton kincaid,BUF,11686.28426,1999-10-18,0.588235294,Dalton Kincaid,784,-0.020243721,0.4835217558861033,23,76.0,240.0,
724,6.064591837,3.803695691,11.86178218,2.514895689,3.385294118,-0.418401574,50.4950495,30.48502136,4,51,101,574,"{'season': 2023, 'displayName': 'Marquise Brown', 'esbId': 'BRO413218', 'firstName': 'Marquise', 'footballName': 'Marquise', 'gsisId': '00-0035662', 'gsisItId': 47808, 'headshot': 'https://static.www.nfl.com/image/private/{formatInstructions}/league/wgxeuyqliuweurzeigyh', 'jerseyNumber': 2, 'lastName': 'Brown', 'position': 'WR', 'positionGroup': 'WR', 'shortName': 'M.Brown', 'smartId': '32004252-4f41-3218-bf76-54f4042e0396', 'status': 'ACT', 'uniformNumber': '2', 'currentTeamId': '3800', 'ngsPosition': 'WR', 'ngsPositionGroup': 'WR'}",marquise brown,WR,3800,2023,marquise brown,ARI,24422.64928,1997-06-04,0.176470588,Marquise Brown,784,-0.022057883,0.5453732370141039,26,69.0,170.0,
726,6.009183673,3.232676164,17.54230769,2.480391722,2.281153846,-0.951522317,50.0,23.36254719,3,26,52,449,"{'season': 2023, 'displayName': 'Justin Watson', 'esbId': 'WAT441238', 'firstName': 'Justin', 'footballName': 'Justin', 'gsisId': '00-0034386', 'gsisItId': 46213, 'headshot': 'https://static.www.nfl.com/image/private/{formatInstructions}/league/vr9tayyujt23takv3hv3', 'jerseyNumber': 84, 'lastName': 'Watson', 'position': 'WR', 'positionGroup': 'WR', 'shortName': 'J.Watson', 'smartId': '32005741-5444-1238-2d2d-798b898e0b8e', 'status': 'ACT', 'uniformNumber': '84', 'currentTeamId': '2310', 'ngsPosition': 'WR', 'ngsPositionGroup': 'WR'}",justin watson,WR,2310,2023,justin watson,KC,18143.28855,1996-04-04,0.235294118,Justin Watson,692,-0.002819249,0.5123642439431914,27,74.0,215.0,
727,5.996315789,4.402659577,8.9824375,2.890085917,6.342952381,1.940292804,65.625,33.49398377,6,105,160,1486,"{'season': 2023, 'displayName': 'Puka Nacua', 'esbId': 'NAC559347', 'firstName': 'Puka', 'footballName': 'Puka', 'gsisId': '00-0039075', 'gsisItId': 56042, 'lastName': 'Nacua', 'position': 'WR', 'positionGroup': 'WR', 'shortName': 'P.Nacua', 'status': 'ACT', 'headshot': 'https://static.www.nfl.com/image/private/{formatInstructions}/league/br1ovzclyrebrec6q0mp', 'smartId': '32004e41-4355-9347-35af-af88fcaf7ee9', 'jerseyNumber': 17, 'uniformNumber': '17', 'currentTeamId': '2510', 'ngsPosition': 'WR', 'ngsPositionGroup': 'WR'}",puka nacua,WR,2510,2023,puka nacua,LA,30181.89015,2001-05-29,0.647058824,Puka Nacua,1049,-0.010258163,0.5285269273401368,22,74.0,205.0,
731,5.940675676,3.475029421,13.09407895,2.328017206,5.437380952,1.962351532,55.26315789,26.52629839,5,42,76,656,"{'season': 2023, 'displayName': 'Tee Higgins', 'esbId': 'HIG387791', 'firstName': 'Tamaurice', 'footballName': 'Tee', 'gsisId': '00-0036410', 'gsisItId': 52441, 'headshot': 'https://static.www.nfl.com/image/private/{formatInstructions}/league/fkpf9urirrkqkln7d2n9', 'jerseyNumber': 5, 'lastName': 'Higgins', 'position': 'WR', 'positionGroup': 'WR', 'shortName': 'T.Higgins', 'smartId': '32004849-4738-7791-9f89-d556c4b59b9a', 'status': 'ACT', 'uniformNumber': '5', 'currentTeamId': '0920', 'ngsPosition': 'WR', 'ngsPositionGroup': 'WR'}",tee higgins,WR,920,2023,tee higgins,CIN,11815.93203,1999-01-18,0.470588235,Tee Higgins,573,-0.055004884,0.5632717896240024,24,76.0,210.0,
735,5.904,2.606293386,12.16385417,2.715135264,2.398644068,-0.207649318,61.45833333,24.24990655,8,59,96,674,"{'season': 2023, 'displayName': 'Romeo Doubs', 'esbId': 'DOU043165', 'firstName': 'Romeo', 'footballName': 'Romeo', 'gsisId': '00-0037816', 'gsisItId': 54597, 'headshot': 'https://static.www.nfl.com/image/private/{formatInstructions}/league/pk4dvgjaicaupntsdnnp', 'jerseyNumber': 87, 'lastName': 'Doubs', 'position': 'WR', 'positionGroup': 'WR', 'shortName': 'R.Doubs', 'smartId': '3200444f-5504-3165-5639-a63528da6f6e', 'status': 'ACT', 'uniformNumber': '87', 'currentTeamId': '1800', 'ngsPosition': 'WR', 'ngsPositionGroup': 'WR'}",romeo doubs,WR,1800,2023,romeo doubs,GB,17450.51153,2000-04-13,0.176470588,Romeo Doubs,938,-0.008868595,0.4953945751892631,23,74.0,200.0,
737,5.842929293,3.532683842,7.0575,3.38621757,4.347790698,0.815106856,71.66666667,21.0885675,10,86,120,889,"{'season': 2023, 'displayName': 'Sam LaPorta', 'esbId': 'LAP640235', 'firstName': 'Sam', 'footballName': 'Sam', 'gsisId': '00-0039065', 'gsisItId': 55899, 'lastName': 'LaPorta', 'position': 'TE', 'positionGroup': 'TE', 'shortName': 'S.LaPorta', 'status': 'ACT', 'headshot': 'https://static.www.nfl.com/image/private/{formatInstructions}/league/svqsmqhfemrnxcheh0ev', 'smartId': '32004c41-5064-0235-3970-b5e5514839fc', 'jerseyNumber': 87, 'uniformNumber': '87', 'currentTeamId': '1540', 'ngsPosition': 'TE', 'ngsPositionGroup': 'TE'}",sam laporta,TE,1540,2023,sam laporta,DET,18231.83526,2001-01-12,0.647058824,Sam LaPorta,1153,-0.019159209,0.4974600717479974,22,75.0,249.0,
741,5.799243697,3.977973072,13.75378151,2.447393521,5.923636364,1.945663292,55.46218487,38.33281417,8,66,119,1114,"{'season': 2023, 'displayName': 'DK Metcalf', 'esbId': 'MET363377', 'firstName': 'DeKaylin', 'footballName': 'DK', 'gsisId': '00-0035640', 'gsisItId': 47847, 'headshot': 'https://static.www.nfl.com/image/private/{formatInstructions}/league/u4cefcz7gjvby8c2kdkm', 'jerseyNumber': 14, 'lastName': 'Metcalf', 'position': 'WR', 'positionGroup': 'WR', 'shortName': 'D.Metcalf', 'smartId': '32004d45-5436-3377-5806-d2746f1b94aa', 'status': 'ACT', 'uniformNumber': '14', 'currentTeamId': '4600', 'ngsPosition': 'WR', 'ngsPositionGroup': 'WR'}",dk metcalf,WR,4600,2023,dk metcalf,SEA,30073.40601,1997-12-14,0.647058824,,831,-0.001220789,0.4971306582488517,25,76.0,230.0,
745,5.756883117,5.003954743,10.83725146,3.258426638,5.770504202,0.766549458,69.59064327,43.43852477,13,119,171,1799,"{'season': 2023, 'displayName': 'Tyreek Hill', 'esbId': 'HIL628694', 'firstName': 'Tyreek', 'footballName': 'Tyreek', 'gsisId': '00-0033040', 'gsisItId': 43454, 'headshot': 'https://static.www.nfl.com/image/private/{formatInstructions}/league/lsszbdnkusxc7mduw5be', 'jerseyNumber': 10, 'lastName': 'Hill', 'position': 'WR', 'positionGroup': 'WR', 'shortName': 'T.Hill', 'smartId': '32004849-4c62-8694-8490-45499711dee4', 'status': 'ACT', 'uniformNumber': '10', 'currentTeamId': '2700', 'ngsPosition': 'WR', 'ngsPositionGroup': 'WR'}",tyreek hill,WR,2700,2023,tyreek hill,MIA,22248.43637,1994-03-01,0.117647059,Tyreek Hill,735,-0.035157714,0.4608102500259363,29,70.0,185.0,
750,5.604285714,5.28068732,7.099782609,4.323183077,5.332058824,0.051371503,73.91304348,6.782198779,1,34,46,352,"{'season': 2023, 'displayName': 'Luke Musgrave', 'esbId': 'MUS097324', 'firstName': 'Luke', 'footballName': 'Luke', 'gsisId': '00-0039144', 'gsisItId': 55907, 'lastName': 'Musgrave', 'position': 'TE', 'positionGroup': 'TE', 'shortName': 'L.Musgrave', 'status': 'ACT', 'headshot': 'https://static.www.nfl.com/image/private/{formatInstructions}/league/myipiqsxzxonrcegrism', 'smartId': '32004d55-5309-7324-5085-b59d93f240ce', 'currentTeamId': '1800', 'jerseyNumber': 88, 'uniformNumber': '88', 'ngsPosition': 'TE', 'ngsPositionGroup': 'TE'}",luke musgrave,TE,1800,2023,luke musgrave,GB,17450.51153,2000-09-02,0.176470588,Luke Musgrave,502,-0.008868595,0.4953945751892631,22,78.0,252.0,
760,5.309375,3.728633919,14.2384375,2.676241473,4.87,1.141366081,54.6875,22.26870734,3,35,64,565,"{'season': 2023, 'displayName': 'Odell Beckham', 'esbId': 'BEC573252', 'firstName': 'Odell', 'footballName': 'Odell', 'gsisId': '00-0031235', 'gsisItId': 41238, 'headshot': 'https://static.www.nfl.com/image/private/{formatInstructions}/league/etl34lkiscs2lpc4to2f', 'jerseyNumber': 3, 'lastName': 'Beckham', 'position': 'WR', 'positionGroup': 'WR', 'shortName': 'O.Beckham', 'smartId': '32004245-4357-3252-264b-1da3e93d2745', 'status': 'ACT', 'uniformNumber': '3', 'currentTeamId': '0325', 'ngsPosition': 'WR', 'ngsPositionGroup': 'WR'}",odell beckham jr.,WR,325,2023,odell beckham,BAL,17936.40421,1992-11-05,0.058823529,Odell Beckham Jr.,518,-0.012523704,0.5421890639912474,30,71.0,198.0,
766,5.107714286,4.495926895,5.95,3.46436421,5.447037037,0.951110142,76.41509434,16.04863191,3,81,106,825,"{'season': 2023, 'displayName': 'Trey McBride', 'esbId': 'MCB743360', 'firstName': 'Trey', 'footballName': 'Trey', 'gsisId': '00-0037744', 'gsisItId': 54520, 'headshot': 'https://static.www.nfl.com/image/private/{formatInstructions}/league/x7x9ze5msigs8u57ydvl', 'jerseyNumber': 85, 'lastName': 'McBride', 'position': 'TE', 'positionGroup': 'TE', 'shortName': 'T.McBride', 'smartId': '32004d43-4274-3360-cc50-43990383247d', 'status': 'ACT', 'uniformNumber': '85', 'currentTeamId': '3800', 'ngsPosition': 'TE', 'ngsPositionGroup': 'TE'}",trey mcbride,TE,3800,2023,trey mcbride,ARI,24422.64928,1999-11-22,0.176470588,Trey McBride,786,-0.022057883,0.5453732370141039,23,76.0,245.0,
771,7.996363636,9.636652786,7.139807692,5.205587754,12.41410256,2.777449778,75.0,9.146721524,6,39,52,501,"{'season': 2024, 'currentTeamId': '1400', 'displayName': 'Marvin Mims', 'esbId': 'MIM654774', 'firstName': 'Marvin', 'footballName': 'Marvin', 'gsisId': '00-0038976', 'gsisItId': 55928, 'headshot': 'https://static.www.nfl.com/image/upload/{formatInstructions}/league/trvilnckw7nprw1gkghl', 'jerseyNumber': 19, 'lastName': 'Mims', 'position': 'WR', 'positionGroup': 'WR', 'shortName': 'M.Mims', 'smartId': '32004d49-4d65-4774-4051-580758dd257c', 'status': 'ACT', 'uniformNumber': '19', 'ngsPosition': 'WR', 'ngsPositionGroup': 'WR'}",marvin mims jr.,WR,1400,2024,marvin mims jr,DEN,22452.72913,2002-03-19,0.294117647,,326,0.0395709,0.5030988418759317,22,71.0,182.0,
773,7.47525,5.52106063,4.2516,3.688801356,8.034324324,2.513263695,74.0,5.757698871,3,37,50,342,"{'season': 2024, 'currentTeamId': '3800', 'displayName': 'Greg Dortch', 'esbId': 'DOR793727', 'firstName': 'Greg', 'footballName': 'Greg', 'gsisId': '00-0035500', 'gsisItId': 48646, 'headshot': 'https://static.www.nfl.com/image/upload/{formatInstructions}/league/gkog6lrht3rnktwiberj', 'jerseyNumber': 4, 'lastName': 'Dortch', 'position': 'WR', 'positionGroup': 'WR', 'shortName': 'G.Dortch', 'smartId': '3200444f-5279-3727-2597-c2d9a516585a', 'status': 'ACT', 'uniformNumber': '4', 'ngsPosition': 'SLOT_WR', 'ngsPositionGroup': 'WR'}",greg dortch,WR,3800,2024,greg dortch,ARI,21047.71692,1998-05-29,0.235294118,Greg Dortch,432,0.017385777,0.5242244885570327,26,67.0,173.0,
778,7.107333333,5.678746021,6.35921875,3.994468127,6.414666667,0.735920646,70.3125,10.24031361,3,45,64,506,"{'season': 2024, 'currentTeamId': '5110', 'displayName': 'Olamide Zaccheaus', 'esbId': 'ZAC133180', 'firstName': 'Olamide', 'footballName': 'Olamide', 'gsisId': '00-0035208', 'gsisItId': 48374, 'headshot': 'https://static.www.nfl.com/image/upload/{formatInstructions}/league/hcmdnfgnnvcp0qbktpxd', 'jerseyNumber': 14, 'lastName': 'Zaccheaus', 'position': 'WR', 'positionGroup': 'WR', 'shortName': 'O.Zaccheaus', 'smartId': '32005a41-4313-3180-ba01-ae8103314fa2', 'status': 'ACT', 'uniformNumber': '14', 'ngsPosition': 'SLOT_WR', 'ngsPositionGroup': 'WR'}",olamide zaccheaus,WR,5110,2024,olamide zaccheaus,WAS,14171.08016,1997-07-23,0.235294118,Olamide Zaccheaus,634,0.03669504,0.4818996019460416,27,68.0,193.0,
785,6.84862069,3.580802404,6.089102564,3.503750497,4.494,0.913197596,83.33333333,13.42364393,7,65,78,655,"{'season': 2024, 'currentTeamId': '3900', 'displayName': 'Pat Freiermuth', 'esbId': 'FRE439769', 'firstName': 'Pat', 'footballName': 'Pat', 'gsisId': '00-0036894', 'gsisItId': 53484, 'headshot': 'https://static.www.nfl.com/image/upload/{formatInstructions}/league/sozfjyy3bmntjv8tmqah', 'jerseyNumber': 88, 'lastName': 'Freiermuth', 'position': 'TE', 'positionGroup': 'TE', 'shortName': 'P.Freiermuth', 'smartId': '32004652-4543-9769-d771-bdf1de25cd8b', 'status': 'ACT', 'uniformNumber': '88', 'ngsPosition': 'SLOT_WR', 'ngsPositionGroup': 'WR'}",pat freiermuth,TE,3900,2024,pat freiermuth,PIT,10617.52143,1998-10-25,0.176470588,Pat Freiermuth,803,0.027925517,0.5053905187806117,25,77.0,258.0,
789,6.714897959,5.081919856,8.482586207,4.317954919,6.401904762,1.319984906,72.4137931,11.8749819,6,42,58,477,"{'season': 2024, 'currentTeamId': '0325', 'displayName': 'Isaiah Likely', 'esbId': 'LIK088990', 'firstName': 'Isaiah', 'footballName': 'Isaiah', 'gsisId': '00-0037838', 'gsisItId': 54604, 'headshot': 'https://static.www.nfl.com/image/upload/{formatInstructions}/league/xmikfnklnpjmzjhbjrur', 'jerseyNumber': 80, 'lastName': 'Likely', 'position': 'TE', 'positionGroup': 'TE', 'shortName': 'I.Likely', 'smartId': '32004c49-4b08-8990-7695-dc4768035012', 'status': 'ACT', 'uniformNumber': '80', 'ngsPosition': 'SLOT_WR', 'ngsPositionGroup': 'WR'}",isaiah likely,TE,325,2024,isaiah likely,BAL,15950.87671,2000-04-18,0.294117647,Isaiah Likely,733,0.02012204,0.5321196437947293,24,76.0,240.0,
790,6.697083333,2.760216772,10.83708861,2.418622305,3.5122,0.751983228,63.29113924,38.22981741,9,100,158,1271,"{'season': 2024, 'currentTeamId': '0200', 'displayName': 'Drake London', 'esbId': 'LON013463', 'firstName': 'Drake', 'footballName': 'Drake', 'gsisId': '00-0037238', 'gsisItId': 54473, 'headshot': 'https://static.www.nfl.com/image/upload/{formatInstructions}/league/wikjazqtt3uunjufgqrf', 'jerseyNumber': 5, 'lastName': 'London', 'position': 'WR', 'positionGroup': 'WR', 'shortName': 'D.London', 'smartId': '32004c4f-4e01-3463-a3e9-f95e800c8bba', 'status': 'ACT', 'uniformNumber': '5', 'ngsPosition': 'WR', 'ngsPositionGroup': 'WR'}",drake london,WR,200,2024,drake london,ATL,12280.86194,2001-07-24,0.647058824,Drake London,1032,0.027215615,0.5062640742571539,23,76.0,210.0,
795,6.6075,2.447527746,15.21476923,2.555612456,2.589230769,0.141703024,60.0,23.3769058,1,39,65,575,"{'season': 2024, 'currentTeamId': '4400', 'displayName': 'Josh Palmer', 'esbId': 'PAL451625', 'firstName': 'Josh', 'footballName': 'Josh', 'gsisId': '00-0036988', 'gsisItId': 53506, 'headshot': 'https://static.www.nfl.com/image/upload/{formatInstructions}/league/dexbsmmldvsqtr83or5l', 'jerseyNumber': 5, 'lastName': 'Palmer', 'position': 'WR', 'positionGroup': 'WR', 'shortName': 'J.Palmer', 'smartId': '32005041-4c45-1625-eb93-c2c9b11c4006', 'status': 'ACT', 'uniformNumber': '5', 'ngsPosition': 'WR', 'ngsPositionGroup': 'WR'}",josh palmer,WR,4400,2024,josh palmer,LAC,30001.64568,1999-09-22,0.588235294,Josh Palmer,616,0.044660028,0.4612792875434774,24,73.0,210.0,
796,6.589230769,3.091674052,11.59,2.613923706,2.485714286,-0.605959766,62.5,16.33055639,1,35,56,453,"{'season': 2024, 'currentTeamId': '5110', 'displayName': 'Noah Brown', 'esbId': 'BRO567406', 'firstName': 'Noah', 'footballName': 'Noah', 'gsisId': '00-0033591', 'gsisItId': 45052, 'headshot': 'https://static.www.nfl.com/image/upload/{formatInstructions}/league/nv6ix0p8965yiugsuhwh', 'jerseyNumber': 85, 'lastName': 'Brown', 'position': 'WR', 'positionGroup': 'WR', 'shortName': 'N.Brown', 'smartId': '32004252-4f56-7406-27bf-fae9f5eeb8ad', 'status': 'RES', 'uniformNumber': '85', 'ngsPosition': 'WR', 'ngsPositionGroup': 'WR'}",noah brown,WR,5110,2024,noah brown,WAS,14171.08016,1996-01-06,0.235294118,Noah Brown,470,0.03669504,0.4818996019460416,28,74.0,225.0,
802,6.541,2.72824006,11.23333333,3.165127913,3.5253125,0.79707244,62.74509804,13.24336445,3,32,51,390,"{'season': 2024, 'currentTeamId': '2250', 'displayName': 'Parker Washington', 'esbId': 'WAS604325', 'firstName': 'Christopher', 'footballName': 'Parker', 'gsisId': '00-0038606', 'gsisItId': 56050, 'headshot': 'https://static.www.nfl.com/image/private/{formatInstructions}/league/pukz1x5ysxkhvsmcttdm', 'jerseyNumber': 11, 'lastName': 'Washington', 'position': 'WR', 'positionGroup': 'WR', 'shortName': 'P.Washington', 'smartId': '32005741-5360-4325-2e4f-b11d5ed26427', 'status': 'ACT', 'uniformNumber': '11', 'ngsPosition': 'WR', 'ngsPositionGroup': 'WR'}",parker washington,WR,2250,2024,parker washington,JAX,15272.93704,2002-03-21,0.235294118,Parker Washington,584,0.009678172,0.4698388127180696,22,70.0,212.0,
804,6.536785714,4.036818202,9.605280899,2.957029785,4.303676471,0.266858268,76.40449438,25.60656347,8,68,89,833,"{'season': 2024, 'currentTeamId': '3700', 'displayName': 'DeVonta Smith', 'esbId': 'SMI206016', 'firstName': 'DeVonta', 'footballName': 'DeVonta', 'gsisId': '00-0036912', 'gsisItId': 53439, 'headshot': 'https://static.www.nfl.com/image/upload/{formatInstructions}/league/bmdflwy52nsk7zpnfhwb', 'jerseyNumber': 6, 'lastName': 'Smith', 'position': 'WR', 'positionGroup': 'WR', 'shortName': 'D.Smith', 'smartId': '3200534d-4920-6016-573c-fcc767bafc4d', 'status': 'ACT', 'uniformNumber': '06', 'ngsPosition': 'SLOT_WR', 'ngsPositionGroup': 'WR'}",devonta smith,WR,3700,2024,devonta smith,PHI,13016.50254,1998-11-14,0.294117647,DeVonta Smith,1028,0.05773377,0.4905671040345963,25,72.0,165.0,
805,6.517386364,6.163124456,11.3289011,3.366730024,7.784310345,1.621185889,63.73626374,29.02850675,7,58,91,992,"{'season': 2024, 'currentTeamId': '1540', 'displayName': 'Jameson Williams', 'esbId': 'WIL344909', 'firstName': 'Jameson', 'footballName': 'Jameson', 'gsisId': '00-0037240', 'gsisItId': 54477, 'headshot': 'https://static.www.nfl.com/image/upload/{formatInstructions}/league/kt6xzcnjbe9affdfsayt', 'jerseyNumber': 9, 'lastName': 'Williams', 'position': 'WR', 'positionGroup': 'WR', 'shortName': 'J.Williams', 'smartId': '32005749-4c34-4909-bc5e-bde59d1a8826', 'status': 'ACT', 'uniformNumber': '9', 'ngsPosition': 'WR', 'ngsPositionGroup': 'WR'}",jameson williams,WR,1540,2024,jameson williams,DET,14410.27426,2001-03-26,0.764705882,Jameson Williams,887,0.016149044,0.5130747620685701,23,73.0,189.0,
806,6.509191919,5.239685191,7.691320755,3.319900838,6.726582278,1.486897088,74.52830189,19.98470408,3,79,106,990,"{'season': 2024, 'currentTeamId': '2510', 'displayName': 'Puka Nacua', 'esbId': 'NAC559347', 'firstName': 'Puka', 'footballName': 'Puka', 'gsisId': '00-0039075', 'gsisItId': 56042, 'headshot': 'https://static.www.nfl.com/image/upload/{formatInstructions}/league/i1pmrhua5gpvwgsqphxa', 'jerseyNumber': 17, 'lastName': 'Nacua', 'position': 'WR', 'positionGroup': 'WR', 'shortName': 'P.Nacua', 'smartId': '32004e41-4355-9347-35af-af88fcaf7ee9', 'status': 'ACT', 'uniformNumber': '17', 'ngsPosition': 'WR', 'ngsPositionGroup': 'WR'}",puka nacua,WR,2510,2024,puka nacua,LA,28952.19392,2001-05-29,0.823529412,Puka Nacua,595,0.012620894,0.5321760283060593,23,74.0,205.0,
808,6.482903226,4.457379928,6.004901961,3.515527476,5.440357143,0.982977215,73.20261438,22.40738889,5,112,153,1194,"{'season': 2024, 'currentTeamId': '2520', 'displayName': 'Brock Bowers', 'esbId': 'BOW196560', 'firstName': 'Brock', 'footballName': 'Brock', 'gsisId': '00-0039338', 'gsisItId': 57134, 'jerseyNumber': 89, 'lastName': 'Bowers', 'position': 'TE', 'positionGroup': 'TE', 'shortName': 'B.Bowers', 'status': 'ACT', 'uniformNumber': '89', 'headshot': 'https://static.www.nfl.com/image/upload/{formatInstructions}/league/mjy86xh8munoiur4hejf', 'smartId': '3200424f-5719-6560-aaaa-d9f4cc244721', 'ngsPosition': 'TE', 'ngsPositionGroup': 'WR'}",brock bowers,TE,2520,2024,brock bowers,LV,23346.51673,2002-12-13,0.235294118,Brock Bowers,956,0.02709527,0.5222465043809061,21,76.0,230.0,
809,6.473777778,3.77742823,6.484150943,3.035487511,4.91875,1.14132177,75.47169811,7.94416936,2,40,53,411,"{'season': 2024, 'currentTeamId': '2250', 'displayName': 'Brenton Strange', 'esbId': 'STR188631', 'firstName': 'Brenton', 'footballName': 'Brenton', 'gsisId': '00-0038935', 'gsisItId': 55926, 'headshot': 'https://static.www.nfl.com/image/private/{formatInstructions}/league/trfk78mrfsafnbatyx2x', 'jerseyNumber': 85, 'lastName': 'Strange', 'position': 'TE', 'positionGroup': 'TE', 'shortName': 'B.Strange', 'smartId': '32005354-5218-8631-c965-3e23bcc23565', 'status': 'ACT', 'uniformNumber': '85', 'ngsPosition': 'TE', 'ngsPositionGroup': 'TE'}",brenton strange,TE,2250,2024,brenton strange,JAX,15272.93704,2000-12-27,0.235294118,Brenton Strange,575,0.009678172,0.4698388127180696,23,76.0,247.0,
814,6.406923077,3.6785985,12.60637931,2.958910183,4.716944444,1.038345945,62.06896552,20.66526104,4,36,58,548,"{'season': 2024, 'currentTeamId': '3900', 'displayName': 'Calvin Austin', 'esbId': 'AUS738004', 'firstName': 'Calvin', 'footballName': 'Calvin', 'gsisId': '00-0037837', 'gsisItId': 54603, 'headshot': 'https://static.www.nfl.com/image/private/{formatInstructions}/league/qlt6ztqcbu0uzad6aavt', 'jerseyNumber': 19, 'lastName': 'Austin', 'position': 'WR', 'positionGroup': 'WR', 'shortName': 'C.Austin', 'smartId': '32004155-5373-8004-5ff3-52f1c2b4fb0b', 'status': 'ACT', 'uniformNumber': '19', 'ngsPosition': 'SLOT_WR', 'ngsPositionGroup': 'WR'}",calvin austin iii,WR,3900,2024,calvin austin iii,PIT,10617.52143,1999-03-24,0.176470588,Calvin Austin III,352,0.027925517,0.5053905187806117,25,69.0,162.0,
815,6.4055,3.686438254,10.94919355,3.004133023,3.508333333,-0.178104921,77.41935484,16.23177109,5,48,62,615,"{'season': 2024, 'currentTeamId': '0750', 'displayName': 'Adam Thielen', 'esbId': 'THI510348', 'firstName': 'Adam', 'footballName': 'Adam', 'gsisId': '00-0030035', 'gsisItId': 40488, 'headshot': 'https://static.www.nfl.com/image/upload/{formatInstructions}/league/pxehgo0l9xl03n7dronf', 'jerseyNumber': 19, 'lastName': 'Thielen', 'position': 'WR', 'positionGroup': 'WR', 'shortName': 'A.Thielen', 'smartId': '32005448-4951-0348-440c-28f32f21652b', 'status': 'ACT', 'uniformNumber': '19', 'ngsPosition': 'SLOT_WR', 'ngsPositionGroup': 'WR'}",adam thielen,WR,750,2024,adam thielen,CAR,12061.30735,1990-08-22,0.117647059,Adam Thielen,429,0.027795546,0.4901164387323556,34,74.0,200.0,
825,6.316363636,7.419948163,8.846153846,3.372861056,8.721612903,1.30166474,59.61538462,9.927421913,2,31,52,420,"{'season': 2024, 'currentTeamId': '1200', 'displayName': 'Kavontae Turpin', 'esbId': 'TUR785436', 'firstName': 'Kavontae', 'footballName': 'Kavontae', 'gsisId': '00-0037801', 'gsisItId': 53117, 'headshot': 'https://static.www.nfl.com/image/upload/{formatInstructions}/league/lwkox2bvc6k3hqmidf4q', 'jerseyNumber': 9, 'lastName': 'Turpin', 'position': 'WR', 'positionGroup': 'WR', 'shortName': 'K.Turpin', 'smartId': '32005455-5278-5436-f08f-3e4ec71654f2', 'status': 'ACT', 'uniformNumber': '9', 'ngsPosition': 'SLOT_WR', 'ngsPositionGroup': 'WR'}",kavontae turpin,WR,1200,2024,kavontae turpin,DAL,18295.44008,1996-08-02,0.647058824,KaVontae Turpin,315,0.026176287,0.5172044875741835,28,69.0,153.0,
827,6.22825,4.330446172,8.820510949,3.295539909,4.904,0.573553828,72.99270073,29.6425216,6,100,137,1130,"{'season': 2024, 'currentTeamId': '4600', 'displayName': 'Jaxon Smith-Njigba', 'esbId': 'SMI829636', 'firstName': 'Jaxon', 'footballName': 'Jaxon', 'gsisId': '00-0038543', 'gsisItId': 55884, 'headshot': 'https://static.www.nfl.com/image/upload/{formatInstructions}/league/lfroslgx4bo5p641flvg', 'jerseyNumber': 11, 'lastName': 'Smith-Njigba', 'position': 'WR', 'positionGroup': 'WR', 'shortName': 'J.Smith-Njigba', 'smartId': '3200534d-4982-9636-a18c-5da6fbdaa80c', 'status': 'ACT', 'uniformNumber': '11', 'ngsPosition': 'SLOT_WR', 'ngsPositionGroup': 'WR'}",jaxon smith-njigba,WR,4600,2024,jaxon smith-njigba,SEA,26996.57056,2002-02-14,0.823529412,Jaxon Smith-Njigba,948,0.023640273,0.4867004593375017,22,72.0,198.0,
828,6.222110092,2.026651925,10.53899083,2.371985076,3.207534247,1.180882322,66.97247706,24.56478367,10,73,109,911,"{'season': 2024, 'currentTeamId': '0920', 'displayName': 'Tee Higgins', 'esbId': 'HIG387791', 'firstName': 'Tamaurice', 'footballName': 'Tee', 'gsisId': '00-0036410', 'gsisItId': 52441, 'headshot': 'https://static.www.nfl.com/image/upload/{formatInstructions}/league/swqgkrdmjecz3vumrex5', 'jerseyNumber': 5, 'lastName': 'Higgins', 'position': 'WR', 'positionGroup': 'WR', 'shortName': 'T.Higgins', 'smartId': '32004849-4738-7791-9f89-d556c4b59b9a', 'status': 'ACT', 'uniformNumber': '5', 'ngsPosition': 'WR', 'ngsPositionGroup': 'WR'}",tee higgins,WR,920,2024,tee higgins,CIN,10603.99438,1999-01-18,0.647058824,Tee Higgins,636,0.033448003,0.466805566395805,25,76.0,210.0,
829,6.18848,5.558381658,11.38285714,3.012473107,6.790574713,1.232193054,65.41353383,34.9963245,10,87,133,1282,"{'season': 2024, 'currentTeamId': '2250', 'displayName': 'Brian Thomas', 'esbId': 'THO419793', 'firstName': 'Brian', 'footballName': 'Brian', 'gsisId': '00-0039893', 'gsisItId': 57144, 'jerseyNumber': 7, 'lastName': 'Thomas', 'position': 'WR', 'positionGroup': 'WR', 'shortName': 'B.Thomas', 'status': 'ACT', 'uniformNumber': '7', 'headshot': 'https://static.www.nfl.com/image/upload/{formatInstructions}/league/gsz15iz0ppibhslzzgch', 'smartId': '32005448-4f41-9793-7e94-7811f8a76eb2', 'ngsPosition': 'WR', 'ngsPositionGroup': 'WR'}",brian thomas jr.,WR,2250,2024,brian thomas jr.,JAX,15272.93704,2002-10-08,0.235294118,,821,0.009678172,0.4698388127180696,21,74.0,205.0,
830,6.170847458,2.103275018,12.066,2.313465213,4.2459375,2.142662482,53.33333333,17.59011789,9,32,60,497,"{'season': 2024, 'currentTeamId': '2100', 'displayName': 'Nick Westbrook-Ikhine', 'esbId': 'WES567220', 'firstName': 'Nicholas', 'footballName': 'Nick', 'gsisId': '00-0036182', 'gsisItId': 53074, 'headshot': 'https://static.www.nfl.com/image/upload/{formatInstructions}/league/rt9ic9wzwl2pevlxt1nd', 'jerseyNumber': 15, 'lastName': 'Westbrook-Ikhine', 'position': 'WR', 'positionGroup': 'WR', 'shortName': 'N.Westbrook-Ikhine', 'smartId': '32005745-5356-7220-67cc-7d57ec5c5725', 'status': 'ACT', 'uniformNumber': '15', 'ngsPosition': 'WR', 'ngsPositionGroup': 'WR'}",nick westbrook-ikhine,WR,2100,2024,nick westbrook-ikhine,TEN,12151.49129,1997-03-21,0.294117647,Nick Westbrook-Ikhine,771,0.02808848,0.5103836581072058,27,74.0,215.0,
835,6.11597561,3.731427063,9.452294118,2.812611932,4.481834862,0.750407799,64.11764706,40.91037545,7,109,170,1204,"{'season': 2024, 'currentTeamId': '3410', 'displayName': 'Malik Nabers', 'esbId': 'NAB400459', 'firstName': 'Malik', 'footballName': 'Malik', 'gsisId': '00-0039337', 'gsisItId': 57127, 'jerseyNumber': 1, 'lastName': 'Nabers', 'position': 'WR', 'positionGroup': 'WR', 'shortName': 'M.Nabers', 'status': 'ACT', 'uniformNumber': '1', 'headshot': 'https://static.www.nfl.com/image/upload/{formatInstructions}/league/w3edoyyuomqlovvp9ixc', 'smartId': '32004e41-4240-0459-a77d-033b6932cbbb', 'ngsPosition': 'WR', 'ngsPositionGroup': 'WR'}",malik nabers,WR,3410,2024,malik nabers,NYG,12114.25008,2003-07-28,0.705882353,Malik Nabers,886,0.026173845,0.5490849384129296,21,72.0,195.0,
838,6.094305556,2.890176474,12.4575,2.566464225,3.088913043,0.198736569,63.88888889,22.27791383,4,46,72,601,"{'season': 2024, 'currentTeamId': '1800', 'displayName': 'Romeo Doubs', 'esbId': 'DOU043165', 'firstName': 'Romeo', 'footballName': 'Romeo', 'gsisId': '00-0037816', 'gsisItId': 54597, 'headshot': 'https://static.www.nfl.com/image/upload/{formatInstructions}/league/dyulbddqbqshoqdxgo63', 'jerseyNumber': 87, 'lastName': 'Doubs', 'position': 'WR', 'positionGroup': 'WR', 'shortName': 'R.Doubs', 'smartId': '3200444f-5504-3165-5639-a63528da6f6e', 'status': 'ACT', 'uniformNumber': '87', 'ngsPosition': 'WR', 'ngsPositionGroup': 'WR'}",romeo doubs,WR,1800,2024,romeo doubs,GB,14447.11164,2000-04-13,0.235294118,Romeo Doubs,697,0.0020043782,0.5411923053821919,24,74.0,200.0,
839,6.05474359,3.866914038,12.8791358,2.667911086,3.620784314,-0.246129724,62.96296296,23.09258862,3,51,81,667,"{'season': 2024, 'currentTeamId': '2120', 'displayName': 'Tank Dell', 'esbId': 'DEL440817', 'firstName': 'Nathaniel', 'footballName': 'Tank', 'gsisId': '00-0038977', 'gsisItId': 55934, 'headshot': 'https://static.www.nfl.com/image/upload/{formatInstructions}/league/tqxgovzlhxj0jnwkcvtq', 'jerseyNumber': 3, 'lastName': 'Dell', 'position': 'WR', 'positionGroup': 'WR', 'shortName': 'T.Dell', 'smartId': '32004445-4c44-0817-a646-b67c3fe533fb', 'status': 'RES', 'uniformNumber': '3', 'ngsPosition': 'WR', 'ngsPositionGroup': 'WR'}",tank dell,WR,2120,2024,tank dell,HOU,18152.71086,1999-10-29,0.764705882,Tank Dell,633,0.048073098,0.4967437944706969,24,70.0,165.0,
841,6.042807018,6.432470175,5.220428571,4.403760281,9.5536,3.121129825,71.42857143,9.076435494,7,50,70,707,"{'season': 2024, 'currentTeamId': '1800', 'displayName': 'Tucker Kraft', 'esbId': 'KRA144054', 'firstName': 'Tucker', 'footballName': 'Tucker', 'gsisId': '00-0038996', 'gsisItId': 55943, 'headshot': 'https://static.www.nfl.com/image/upload/{formatInstructions}/league/klrmgekdzx1ywjjmixp7', 'jerseyNumber': 85, 'lastName': 'Kraft', 'position': 'TE', 'positionGroup': 'TE', 'shortName': 'T.Kraft', 'smartId': '32004b52-4114-4054-e146-c099ad4f2842', 'status': 'ACT', 'uniformNumber': '85', 'ngsPosition': 'TE', 'ngsPositionGroup': 'TE'}",tucker kraft,TE,1800,2024,tucker kraft,GB,14447.11164,2000-11-03,0.235294118,Tucker Kraft,989,0.0020043782,0.5411923053821919,23,77.0,255.0,
853,5.966349206,4.468653046,7.344939759,3.529115012,5.902,1.433346954,72.28915663,17.16571306,7,60,83,726,"{'season': 2024, 'currentTeamId': '1540', 'displayName': 'Sam LaPorta', 'esbId': 'LAP640235', 'firstName': 'Sam', 'footballName': 'Sam', 'gsisId': '00-0039065', 'gsisItId': 55899, 'headshot': 'https://static.www.nfl.com/image/upload/{formatInstructions}/league/ucw8cfj5t5nwkx670wzu', 'jerseyNumber': 87, 'lastName': 'LaPorta', 'position': 'TE', 'positionGroup': 'TE', 'shortName': 'S.LaPorta', 'smartId': '32004c41-5064-0235-3970-b5e5514839fc', 'status': 'ACT', 'uniformNumber': '87', 'ngsPosition': 'TE', 'ngsPositionGroup': 'TE'}",sam laporta,TE,1540,2024,sam laporta,DET,14410.27426,2001-01-12,0.764705882,Sam LaPorta,977,0.016149044,0.5130747620685701,23,75.0,249.0,
855,5.963626374,4.442634975,11.04747253,3.171256976,5.603818182,1.161183207,60.43956044,23.76362132,8,55,91,711,"{'season': 2024, 'currentTeamId': '4400', 'displayName': 'Quentin Johnston', 'esbId': 'JOH823261', 'firstName': 'Quentin', 'footballName': 'Quentin', 'gsisId': '00-0038544', 'gsisItId': 55885, 'headshot': 'https://static.www.nfl.com/image/upload/{formatInstructions}/league/jbxlvsbokf9qdqtet1qr', 'jerseyNumber': 1, 'lastName': 'Johnston', 'position': 'WR', 'positionGroup': 'WR', 'shortName': 'Q.Johnston', 'smartId': '32004a4f-4882-3261-dcd8-a43c8f7c5608', 'status': 'ACT', 'uniformNumber': '1', 'ngsPosition': 'WR', 'ngsPositionGroup': 'WR'}",quentin johnston,WR,4400,2024,quentin johnston,LAC,30001.64568,2001-09-06,0.588235294,Quentin Johnston,703,0.044660028,0.4612792875434774,22,76.0,201.0,
858,5.931219512,4.911097572,6.778846154,3.199622072,6.272142857,1.361045285,80.76923077,10.55869737,2,42,52,496,"{'season': 2024, 'currentTeamId': '3700', 'displayName': 'Dallas Goedert', 'esbId': 'GOE595520', 'firstName': 'Dallas', 'footballName': 'Dallas', 'gsisId': '00-0034351', 'gsisItId': 46118, 'headshot': 'https://static.www.nfl.com/image/upload/{formatInstructions}/league/wfj54vhw1zxwwb3vdi61', 'jerseyNumber': 88, 'lastName': 'Goedert', 'position': 'TE', 'positionGroup': 'TE', 'shortName': 'D.Goedert', 'smartId': '3200474f-4559-5520-b7af-5e002aedafbb', 'status': 'ACT', 'uniformNumber': '88', 'ngsPosition': 'TE', 'ngsPositionGroup': 'TE'}",dallas goedert,TE,3700,2024,dallas goedert,PHI,13016.50254,1995-01-03,0.294117647,Dallas Goedert,681,0.05773377,0.4905671040345963,29,77.0,256.0,
862,5.854122807,4.022245333,11.58520325,3.159804801,3.757530864,-0.264714469,65.85365854,40.47928142,6,81,123,959,"{'season': 2024, 'currentTeamId': '2700', 'displayName': 'Tyreek Hill', 'esbId': 'HIL628694', 'firstName': 'Tyreek', 'footballName': 'Tyreek', 'gsisId': '00-0033040', 'gsisItId': 43454, 'headshot': 'https://static.www.nfl.com/image/upload/{formatInstructions}/league/gdwjlpbkenmnsibawkht', 'jerseyNumber': 10, 'lastName': 'Hill', 'position': 'WR', 'positionGroup': 'WR', 'shortName': 'T.Hill', 'smartId': '32004849-4c62-8694-8490-45499711dee4', 'status': 'ACT', 'uniformNumber': '10', 'ngsPosition': 'WR', 'ngsPositionGroup': 'WR'}",tyreek hill,WR,2700,2024,tyreek hill,MIA,25867.77978,1994-03-01,0.411764706,Tyreek Hill,906,0.050024286,0.4137477488415387,30,70.0,185.0,
864,5.818611111,4.044148107,5.045977011,2.928544036,5.593898305,1.549750198,67.81609195,11.4618118,4,59,87,600,"{'season': 2024, 'currentTeamId': '4900', 'displayName': 'Cade Otton', 'esbId': 'OTT712400', 'firstName': 'Cade', 'footballName': 'Cade', 'gsisId': '00-0038129', 'gsisItId': 54571, 'headshot': 'https://static.www.nfl.com/image/upload/{formatInstructions}/league/mljam77kst1wlqd5y91v', 'jerseyNumber': 88, 'lastName': 'Otton', 'position': 'TE', 'positionGroup': 'TE', 'shortName': 'C.Otton', 'smartId': '32004f54-5471-2400-c87d-346814f25b06', 'status': 'ACT', 'uniformNumber': '88', 'ngsPosition': 'TE', 'ngsPositionGroup': 'TE'}",cade otton,TE,4900,2024,cade otton,TB,15025.77701,1999-04-15,0.352941176,Cade Otton,902,0.031634495,0.5047483905843039,25,77.0,250.0,
867,5.777984496,5.488773912,7.4205,3.443673623,6.212857143,0.724083231,70.0,24.96011648,6,98,140,966,"{'season': 2024, 'currentTeamId': '0810', 'displayName': 'D.J. Moore', 'esbId': 'MOO272423', 'firstName': 'Denniston', 'footballName': 'D.J.', 'gsisId': '00-0034827', 'gsisItId': 46093, 'headshot': 'https://static.www.nfl.com/image/upload/{formatInstructions}/league/hqb9xnzm9brx79zl6wve', 'jerseyNumber': 2, 'lastName': 'Moore', 'position': 'WR', 'positionGroup': 'WR', 'shortName': 'D.Moore', 'smartId': '32004d4f-4f27-2423-f0b4-728a741b03cb', 'status': 'ACT', 'uniformNumber': '2', 'ngsPosition': 'WR', 'ngsPositionGroup': 'WR'}",dj moore,WR,810,2024,dj moore,CHI,11575.24951,1997-04-14,0.235294118,,1066,0.02087852,0.5368157995912503,27,72.0,215.0,
872,5.673571429,5.52030592,7.976666667,3.536217491,6.442272727,0.921966807,58.66666667,14.69374622,2,44,75,448,"{'season': 2024, 'currentTeamId': '0610', 'displayName': 'Dalton Kincaid', 'esbId': 'KIN069130', 'firstName': 'Dalton', 'footballName': 'Dalton', 'gsisId': '00-0038933', 'gsisItId': 55889, 'headshot': 'https://static.www.nfl.com/image/upload/{formatInstructions}/league/rsimqxdfwlb1n9qd4w3g', 'jerseyNumber': 86, 'lastName': 'Kincaid', 'position': 'TE', 'positionGroup': 'TE', 'shortName': 'D.Kincaid', 'smartId': '32004b49-4e06-9130-e563-7edd228031c8', 'status': 'ACT', 'uniformNumber': '86', 'ngsPosition': 'SLOT_WR', 'ngsPositionGroup': 'WR'}",dalton kincaid,TE,610,2024,dalton kincaid,BUF,18443.3544,1999-10-18,0.882352941,Dalton Kincaid,564,0.040695008,0.4954661162710698,24,76.0,240.0,
873,5.656698113,3.894603491,13.69861111,2.557661264,4.271818182,0.37721469,61.11111111,36.29118312,5,66,108,992,"{'season': 2024, 'currentTeamId': '4600', 'displayName': 'DK Metcalf', 'esbId': 'MET363377', 'firstName': 'DeKaylin', 'footballName': 'DK', 'gsisId': '00-0035640', 'gsisItId': 47847, 'headshot': 'https://static.www.nfl.com/image/upload/{formatInstructions}/league/ezpzdcvzlu5ga4uv6oas', 'jerseyNumber': 14, 'lastName': 'Metcalf', 'position': 'WR', 'positionGroup': 'WR', 'shortName': 'D.Metcalf', 'smartId': '32004d45-5436-3377-5806-d2746f1b94aa', 'status': 'ACT', 'uniformNumber': '14', 'ngsPosition': 'WR', 'ngsPositionGroup': 'WR'}",dk metcalf,WR,4600,2024,dk metcalf,SEA,26996.57056,1997-12-14,0.823529412,,831,0.023640273,0.4867004593375017,26,76.0,230.0,
874,5.649027778,6.150214034,6.440740741,3.139786554,8.416862745,2.266648711,62.96296296,11.8591361,3,51,81,670,"{'season': 2024, 'currentTeamId': '4500', 'displayName': 'Deebo Samuel', 'esbId': 'SAM636097', 'firstName': 'Tyshun', 'footballName': 'Deebo', 'gsisId': '00-0035719', 'gsisItId': 47819, 'headshot': 'https://static.www.nfl.com/image/upload/{formatInstructions}/league/shqoqpjwwoiexzy6cmgb', 'jerseyNumber': 1, 'lastName': 'Samuel', 'position': 'WR', 'positionGroup': 'WR', 'shortName': 'D.Samuel', 'smartId': '32005341-4d63-6097-eab1-34810e00be67', 'status': 'ACT', 'uniformNumber': '1', 'ngsPosition': 'WR', 'ngsPositionGroup': 'WR'}",deebo samuel sr.,WR,4500,2024,deebo samuel sr.,SF,24457.05921,1996-01-15,0.235294118,,682,0.022906438,0.5505412897873287,28,72.0,214.0,
892,4.9075,2.281393537,13.58008621,2.04846612,2.502903226,0.221509689,53.44827586,42.66650416,8,62,116,885,"{'season': 2024, 'currentTeamId': '3800', 'displayName': 'Marvin Harrison', 'esbId': 'HAR648677', 'firstName': 'Marvin', 'footballName': 'Marvin', 'gsisId': '00-0039849', 'gsisItId': 57125, 'jerseyNumber': 18, 'lastName': 'Harrison', 'position': 'WR', 'positionGroup': 'WR', 'shortName': 'M.Harrison', 'status': 'ACT', 'uniformNumber': '18', 'headshot': 'https://static.www.nfl.com/image/upload/{formatInstructions}/league/o6hg5zeofmxvzjjpo2sf', 'smartId': '32004841-5264-8677-2fca-6edc0b245f94', 'ngsPosition': 'WR', 'ngsPositionGroup': 'WR'}",marvin harrison jr.,WR,3800,2024,marvin harrison jr.,ARI,21047.71692,2002-08-11,0.235294118,Marvin Harrison Jr.,865,0.017385777,0.5242244885570327,22,76.0,205.0,
893,4.901696429,4.246801017,6.35952381,3.51188794,4.884504505,0.637703488,75.51020408,25.32027843,2,111,147,1146,"{'season': 2024, 'currentTeamId': '3800', 'displayName': 'Trey McBride', 'esbId': 'MCB743360', 'firstName': 'Trey', 'footballName': 'Trey', 'gsisId': '00-0037744', 'gsisItId': 54520, 'headshot': 'https://static.www.nfl.com/image/upload/{formatInstructions}/league/hfdgljgi9gfaskomdl1h', 'jerseyNumber': 85, 'lastName': 'McBride', 'position': 'TE', 'positionGroup': 'TE', 'shortName': 'T.McBride', 'smartId': '32004d43-4274-3360-cc50-43990383247d', 'status': 'ACT', 'uniformNumber': '85', 'ngsPosition': 'TE', 'ngsPositionGroup': 'TE'}",trey mcbride,TE,3800,2024,trey mcbride,ARI,21047.71692,1999-11-22,0.235294118,Trey McBride,934,0.017385777,0.5242244885570327,24,76.0,245.0,
894,4.822972973,4.521784761,5.989655172,4.018240007,4.93525,0.413465239,68.96551724,7.051802533,2,40,58,390,"{'season': 2024, 'currentTeamId': '1050', 'displayName': 'Jordan Akins', 'esbId': 'AKI501776', 'firstName': 'Jordan', 'footballName': 'Jordan', 'gsisId': '00-0034364', 'gsisItId': 46167, 'headshot': 'https://static.www.nfl.com/image/private/{formatInstructions}/league/fgkl9zfpy2yxrkxfge84', 'jerseyNumber': 88, 'lastName': 'Akins', 'position': 'TE', 'positionGroup': 'TE', 'shortName': 'J.Akins', 'smartId': '3200414b-4950-1776-ed8f-713681e78d61', 'status': 'ACT', 'uniformNumber': '88', 'ngsPosition': 'TE', 'ngsPositionGroup': 'TE'}",jordan akins,TE,1050,2024,jordan akins,CLE,12139.78337,1992-04-19,0.117647059,Jordan Akins,456,0.024002,0.5256290958075697,32,76.0,243.0,
895,4.759113924,4.822512503,9.399156627,3.419876843,4.865689655,0.043177152,69.87951807,22.16108424,2,58,83,767,"{'season': 2024, 'currentTeamId': '2700', 'displayName': 'Jaylen Waddle', 'esbId': 'WAD088683', 'firstName': 'Jaylen', 'footballName': 'Jaylen', 'gsisId': '00-0036613', 'gsisItId': 53435, 'headshot': 'https://static.www.nfl.com/image/private/{formatInstructions}/league/qjsz2h6shbdnksctzeka', 'jerseyNumber': 17, 'lastName': 'Waddle', 'position': 'WR', 'positionGroup': 'WR', 'shortName': 'J.Waddle', 'smartId': '32005741-4408-8683-c826-c882ad6fd5c2', 'status': 'ACT', 'uniformNumber': '17', 'ngsPosition': 'WR', 'ngsPositionGroup': 'WR'}",jaylen waddle,WR,2700,2024,jaylen waddle,MIA,25867.77978,1998-11-25,0.411764706,Jaylen Waddle,793,0.050024286,0.4137477488415387,25,70.0,182.0,
