Season,Team,Acquired,Relinquished,Notes,Unnamed: 5,Unnamed: 6,Unnamed: 7,Date,Player
2009,Bills,,nic harris,placed on ir with knee injury,,,,1/1/2010,
2009,Panthers,,steve smith  steve smith sr latrall,placed on ir with forearm injury,,,,1/1/2010,
2009,49ers,,ricky schmitt,placed on ir with left groin injury,,,,1/2/2010,
2009,Bills,,todd johnson,placed on ir with hamstring injury,,,,1/2/2010,
2009,Browns,,david veikune,placed on ir with knee injury,,,,1/2/2010,
2009,Colts,,tom santi,placed on ir with back injury,,,,1/2/2010,
2009,Jaguars,,atiyyah ellison,placed on ir with knee injury,,,,1/2/2010,
2009,Bengals,,pat sims,placed on ir with forearm injury,,,,1/4/2010,
2009,Cardinals,,jason banks,placed on ir with ankle injury,,,,1/5/2010,
2009,Saints,,charles grant gabriel,placed on ir with triceps injury,,,,1/5/2010,
2009,Chargers,,james holt b,placed on ir with shoulder injury,,,,1/6/2010,
2009,Patriots,,wes welker,placed on ir with knee injury,,,,1/6/2010,
2009,Saints,,rodney leisle,placed on ir with knee injury,,,,1/15/2010,
2010,Jaguars,,torrance daniels  tank daniels,placed on ir,,,,4/28/2010,
2010,Jaguars,,bryan smith,placed on ir with torn acl in right knee,,,,5/6/2010,
2010,Chiefs,,chandler williams iii,placed on ir,,,,5/7/2010,
2010,Steelers,,limas sweed,placed on ir with achilles tendon injury,,,,5/11/2010,
2010,Buccaneers,,byron storer,placed on ir,,,,5/19/2010,
2010,Bears,,brett basanez,placed on ir with wrist injury,,,,5/20/2010,
2010,Titans,,dominique lindsay,placed on ir with achilles tendon injury,,,,5/26/2010,
2010,Bears,,lawrence wilson b,placed on ir,,,,6/2/2010,
2010,Eagles,,marlin jackson,placed on ir with achilles tendon injury,,,,6/10/2010,
2010,Texans,,trey stross,placed on ir,,,,6/14/2010,
2010,Broncos,,braxton kelley,placed on ir,,,,6/15/2010,
2010,Vikings,,aaron rhea,placed on ir,,,,6/15/2010,
2010,Saints,,roy hall b 1983-12-08,placed on ir,,,,6/16/2010,
2010,Titans,,roderick hood  rod hood,placed on ir with torn acl in knee,,,,6/16/2010,
2010,Saints,,greg fassitt,placed on ir,,,,6/17/2010,
2010,Broncos,,kyle eckel,placed on ir,,,,6/18/2010,
2010,Redskins,,marques hagans,placed on ir,,,,6/22/2010,
2010,Rams,,kc asiodu,placed on ir,,,,6/29/2010,
2010,Lions,,copeland bryan,placed on ir with knee injury,,,,7/7/2010,
2010,Steelers,,willie colon,placed on ir with right achilles tendon injury,,,,7/21/2010,
2010,Bills,,joe klopfenstein,placed on ir with undisclosed injury,,,,7/22/2010,
2010,Ravens,,domonique foxworth,placed on ir with torn acl in right knee,,,,8/1/2010,
2010,Texans,,glenn martinez,placed on ir with hamstring injury,,,,8/2/2010,
2010,Colts,,tom santi,placed on ir,,,,8/3/2010,
2010,Panthers,,marcus walker b 1986-05-23,placed on ir,,,,8/3/2010,
2010,Seahawks,,jameson konz,placed on ir with hip injury,,,,8/3/2010,
2010,Cardinals,,dean muhtadi,placed on ir,,,,8/4/2010,
2010,Dolphins,,aj edds,placed on ir with torn acl in right knee,,,,8/4/2010,
2010,Texans,,justin griffith,placed on ir with spinal cord concussion,,,,8/4/2010,
2010,Dolphins,,kory sheets,placed on ir,,,,8/5/2010,
2010,Broncos,,josh barrett,placed on ir with shoulder injury,,,,8/5/2010,
2010,Broncos,,kenny mckinley,placed on ir with knee injury,,,,8/6/2010,
2010,Chargers,,bryan walters,placed on ir,,,,8/6/2010,
2010,Jaguars,,jason harmon b,placed on ir,,,,8/6/2010,
2010,Rams,,chris hovan,placed on ir with back injury,,,,8/6/2010,
2010,Ravens,,walt harris lee,placed on ir with achilles tendon injury,,,,8/6/2010,
2010,Browns,,chris roberson,placed on ir with right leg injury,,,,8/7/2010,
2010,Buccaneers,,matt o'hanlon,placed on ir,,,,8/7/2010,
2010,Packers,,jeff moturi,placed on ir with knee injury,,,,8/7/2010,
2010,Rams,,mark lewis b,placed on ir for undisclosed reasons,,,,8/7/2010,
2010,Chiefs,,tervaris johnson,placed on ir with leg injury,,,,8/8/2010,
2010,Giants,,rueben riley,placed on ir,,,,8/8/2010,
2010,Jaguars,,nate hughes,placed on ir,,,,8/8/2010,
2010,Seahawks,,anthony heygood,placed on ir,,,,8/8/2010,
2010,Jaguars,,terrell whitehead,placed on ir,,,,8/8/2010,
2010,Bears,,mike teel,placed on ir,,,,8/9/2010,
2010,Raiders,,jonathan holland,placed on ir with ankle injury,,,,8/9/2010,
2010,Seahawks,,isaiah stanback,placed on ir,,,,8/9/2010,
2010,Seahawks,,ryan powdrell,placed on ir,,,,8/9/2010,
2010,Steelers,,tuff harris,placed on ir,,,,8/9/2010,
2010,Bears,,averell spicer,placed on ir,,,,8/10/2010,
2010,Cardinals,,charles ali,placed on ir,,,,8/10/2010,
2010,Lions,,joe cohen,placed on ir,,,,8/10/2010,
2010,49ers,,martail burnett,placed on ir with right knee injury,,,,8/11/2010,
2010,Bengals,,cordera eason,placed on ir with foot injury,,,,8/11/2010,
2010,Cowboys,,kevin brock,placed on ir,,,,8/11/2010,
2010,Cowboys,,titus ryan,placed on ir,,,,8/11/2010,
2010,Bears,,antonio robinson,placed on ir,,,,8/12/2010,
2010,Bears,,harvey unga,placed on ir with right hamstring injury,,,,8/12/2010,
2010,Bills,,felton huggins,placed on ir,,,,8/12/2010,
2010,Dolphins,,evan oglesby,placed on ir with left ankle injury,,,,8/12/2010,
2010,Packers,,josh bell,placed on ir,,,,8/12/2010,
2010,Steelers,,andre frazier,placed on ir with knee injury,,,,8/12/2010,
2010,49ers,,scott mckillop,placed on ir with torn acl in left knee,,,,8/13/2010,
2010,Cardinals,,keilen dykes,placed on ir,,,,8/13/2010,
2010,Patriots,,ty warren,placed on ir with hip injury,,,,8/13/2010,
2010,Eagles,,antoine harris,placed on ir with foot injury,,,,8/15/2010,
2010,Patriots,,torry holt,placed on ir with knee injury,,,,8/15/2010,
2010,Chargers,,ali highsmith,placed on ir,,,,8/16/2010,
2010,Colts,,david caldwell b,placed on ir,,,,8/16/2010,
2010,Jets,,marlon davis,placed on ir,,,,8/16/2010,
2010,Lions,,jordon dizon,placed on ir with knee injury,,,,8/16/2010,
2010,Panthers,,steve justice,placed on ir,,,,8/16/2010,
2010,Saints,,lynell hamilton,placed on ir with knee injury,,,,8/16/2010,
2010,Texans,,ben tate b,placed on ir with ankle injury,,,,8/16/2010,
2010,Texans,,tim bulman,placed on ir with shoulder injury,,,,8/16/2010,
2010,Titans,,marcus howard,placed on ir,,,,8/16/2010,
2010,Bills,,ryan manalac,placed on ir,,,,8/17/2010,
2010,Browns,,dave zastudil,placed on ir with right knee injury,,,,8/17/2010,
2010,Browns,,johnathan haggerty,placed on ir,,,,8/17/2010,
2010,Colts,,jamie silva,placed on ir,,,,8/18/2010,
2010,Lions,,richard dickson,placed on ir with knee injury,,,,8/18/2010,
2010,Titans,,stafon johnson,placed on ir with right ankle and leg injury,,,,8/18/2010,
2010,49ers,,chris patrick,placed on ir with shoulder injury,,,,8/19/2010,
2010,Bears,,matt mayberry,placed on ir,,,,8/19/2010,
2010,Colts,,donye mccleskey  donye' mccleskey,placed on ir,,,,8/19/2010,
2010,Lions,,jahi word-daniels,placed on ir,,,,8/19/2010,
2010,Lions,,matt clapp,placed on ir,,,,8/19/2010,
2010,Raiders,,charlie frye,placed on ir with right wrist injury,,,,8/19/2010,
2010,Redskins,,mike furrey,placed on ir with concussion,,,,8/19/2010,
2010,Vikings,,jaymar johnson,placed on ir with fractured left thumb,,,,8/19/2010,
2010,Buccaneers,,de'von hall,placed on ir,,,,8/20/2010,
2010,Jaguars,,freddy keiaho,placed on ir with concussion,,,,8/20/2010,
2010,Texans,,darnell bing,placed on ir with neck injury,,,,8/20/2010,
2010,Falcons,,kerry meier,placed on ir with knee injury,,,,8/21/2010,
2010,Bills,,danny batten,placed on ir with right shoulder injury (surgery),,,,8/23/2010,
2010,Bills,,marcus easley,placed on ir with left knee injury,,,,8/23/2010,
2010,Colts,,jordan hemby,placed on ir,,,,8/23/2010,
2010,Jets,,ropati pitoitua,placed on ir with left achilles tendon injury,,,,8/23/2010,
2010,Lions,,roy schuening,placed on ir,,,,8/23/2010,
2010,Saints,,marcus mailei,placed on ir with undisclosed injury,,,,8/23/2010,
2010,Bears,,eric peterman,placed on ir,,,,8/24/2010,
2010,Bengals,,andrew mitchell,placed on ir,,,,8/24/2010,
2010,Patriots,,kade weston,placed on ir with undisclosed injury,,,,8/24/2010,
2010,Saints,,pj hill,placed on ir with left leg injury,,,,8/24/2010,
2010,Browns,,kwaku danso,placed on ir,,,,8/24/2010,
2010,Bills,,michael matthews,placed on ir,,,,8/25/2010,
2010,Giants,,michael greco,placed on ir,,,,8/25/2010,
2010,Rams,,dominic douglas,placed on ir,,,,8/25/2010,
2010,Lions,,trevor canfield,placed on ir,,,,8/26/2010,
2010,Lions,,jared devries,placed on ir with knee injury,,,,8/27/2010,
2010,Colts,,marcus mccauley,placed on ir with undisclosed injury,,,,8/28/2010,
2010,Bengals,,gibril wilson,"placed on ir with torn acl, mcl in left knee",,,,8/29/2010,
2010,Colts,,kevin thomas c,placed on ir with knee injury,,,,8/30/2010,
2010,Lions,,david roach,placed on ir,,,,8/30/2010,
2010,Rams,,donnie avery,placed on ir with torn acl in right knee,,,,8/30/2010,
2010,Texans,,ben tate b,placed on ir,,,,8/30/2010,
2010,Texans,,trindon holliday,placed on ir with thumb injury,,,,8/30/2010,
2010,Seahawks,,jonathan lewis,placed on ir with thumb injury,,,,8/30/2010,
2010,49ers,,brandon long,placed on ir,,,,8/31/2010,
2010,Broncos,,tony carter lamar,placed on ir,,,,8/31/2010,
2010,Browns,,titus adams,placed on ir with leg injury,,,,8/31/2010,
2010,Buccaneers,,jon alston b 1983-06-04,placed on ir with undisclosed injury,,,,8/31/2010,
2010,Cardinals,,nehemiah broughton,placed on ir with torn acl in knee,,,,8/31/2010,
2010,Chargers,,donald butler,placed on ir with achilles tendon injury,,,,8/31/2010,
2010,Cowboys,,john phillips matthew,placed on ir with torn acl in right knee,,,,8/31/2010,
2010,Dolphins,,joey haynos,placed on ir,,,,8/31/2010,
2010,Dolphins,,nate garner,placed on ir with foot injury,,,,8/31/2010,
2010,Eagles,,ricky sapp,placed on ir with knee injury,,,,8/31/2010,
2010,Giants,,adrian tracy,placed on ir with elbow injury,,,,8/31/2010,
2010,Giants,,jim sorgi,placed on ir with right shoulder injury,,,,8/31/2010,
2010,Giants,,sinorice moss,placed on ir with sports hernia,,,,8/31/2010,
2010,Jaguars,,d'anthony smith,placed on ir with achilles tendon injury,,,,8/31/2010,
2010,Jaguars,,john estes,placed on ir with knee injury,,,,8/31/2010,
2010,Lions,,jake nordin,placed on ir,,,,8/31/2010,
2010,Packers,,quinn porter,placed on ir with sprained mcl in left knee,,,,8/31/2010,
2010,Panthers,,hilee taylor,placed on ir with knee injury,,,,8/31/2010,
2010,Panthers,,wallace wright,placed on ir with shoulder injury,,,,8/31/2010,
2010,Patriots,,bret lockett,placed on ir with chest injury,,,,8/31/2010,
2010,Patriots,,darryl richard,placed on ir with foot injury,,,,8/31/2010,
2010,Patriots,,josh barrett,placed on ir with shoulder injury,,,,8/31/2010,
2010,Patriots,,leigh bodden,placed on ir with shoulder injury,,,,8/31/2010,
2010,Rams,,phil trautwein,placed on ir,,,,8/31/2010,
2010,Ravens,,daniel sanders,placed on ir with shoulder injury,,,,8/31/2010,
2010,Ravens,,marcus paschal,placed on ir with right leg injury,,,,8/31/2010,
2010,Redskins,,malcolm kelly,placed on ir with knee injury,,,,8/31/2010,
2010,Vikings,,jeremy leman  j leman,placed on ir with toe injury,,,,8/31/2010,
2010,Bears,,will ta'ufo'ou,placed on ir with right knee injury,,,,9/1/2010,
2010,Cardinals,,darren mougey,placed on ir,,,,9/1/2010,
2010,Falcons,,thomas johnson b 1981-06-24,placed on ir,,,,9/1/2010,
2010,Jaguars,,cecil newton jr,placed on ir,,,,9/1/2010,
2010,Packers,,quinn porter,placed on ir,,,,9/1/2010,
2010,Titans,,kareem brown,placed on ir,,,,9/1/2010,
2010,Titans,,mike rivera,placed on ir,,,,9/1/2010,
2010,Ravens,,mike mclaughlin b,placed on ir with sports hernia,,,,9/2/2010,
2010,Broncos,,lendale white,placed on ir with achilles tendon injury,,,,9/3/2010,
2010,Browns,,montario hardesty,placed on ir with left knee injury,,,,9/3/2010,
2010,49ers,,chris patrick,placed on ir,,,,9/4/2010,
2010,49ers,,matt wilhelm,placed on ir,,,,9/4/2010,
2010,49ers,,scott mckillop,placed on ir,,,,9/4/2010,
2010,Bears,,averell spicer,placed on ir,,,,9/4/2010,
2010,Bears,,brett basanez,placed on ir,,,,9/4/2010,
2010,Bengals,,andrew mitchell,placed on ir,,,,9/4/2010,
2010,Bengals,,gibril wilson,placed on ir,,,,9/4/2010,
2010,Bills,,felton huggins,placed on ir,,,,9/4/2010,
2010,Bills,,joe klopfenstein,placed on ir,,,,9/4/2010,
2010,Broncos,,brandon stokley,placed on ir for undisclosed reason,,,,9/4/2010,
2010,Broncos,,braxton kelley,placed on ir,,,,9/4/2010,
2010,Broncos,,elvis dumervil,placed on ir with pectoral injury,,,,9/4/2010,
2010,Broncos,,kenny mckinley,placed on ir,,,,9/4/2010,
2010,Broncos,,kyle eckel,placed on ir,,,,9/4/2010,
2010,Browns,,dave zastudil,placed on ir,,,,9/4/2010,
2010,Browns,,greg estandia,placed on ir,,,,9/4/2010,
2010,Browns,,johnathan haggerty,placed on ir,,,,9/4/2010,
2010,Browns,,kwaku danso,placed on ir,,,,9/4/2010,
2010,Buccaneers,,brandon gilbeaux,placed on ir with ankle injury,,,,9/4/2010,
2010,Buccaneers,,demar dotson,placed on ir with undisclosed injury,,,,9/4/2010,
2010,Buccaneers,,jon alston b 1983-06-04,placed on ir,,,,9/4/2010,
2010,Cardinals,,darren mougey,placed on ir,,,,9/4/2010,
2010,Cardinals,,keilen dykes,placed on ir,,,,9/4/2010,
2010,Cardinals,,nehemiah broughton,placed on ir,,,,9/4/2010,
2010,Chiefs,,chandler williams iii,placed on ir,,,,9/4/2010,
2010,Chiefs,,jerheme urban,placed on ir with finger injury,,,,9/4/2010,
2010,Chiefs,,maurice leggett,placed on ir with neck injury,,,,9/4/2010,
2010,Chiefs,,tervaris johnson,placed on ir,,,,9/4/2010,
2010,Colts,,brett swenson,placed on ir,,,,9/4/2010,
2010,Colts,,david caldwell b,placed on ir,,,,9/4/2010,
2010,Colts,,donye mccleskey  donye' mccleskey,placed on ir,,,,9/4/2010,
2010,Colts,,jamie silva,placed on ir,,,,9/4/2010,
2010,Colts,,jordan hemby,placed on ir,,,,9/4/2010,
2010,Colts,,marcus mccauley,placed on ir,,,,9/4/2010,
2010,Colts,,tom santi,placed on ir,,,,9/4/2010,
2010,Dolphins,,joey haynos,placed on ir,,,,9/4/2010,
2010,Dolphins,,kory sheets,placed on ir,,,,9/4/2010,
2010,Eagles,,antoine harris,placed on ir,,,,9/4/2010,
2010,Eagles,,marlin jackson,placed on ir,,,,9/4/2010,
2010,Falcons,,thomas johnson b 1981-06-24,placed on ir,,,,9/4/2010,
2010,Giants,,domenik hixon,placed on ir,,,,9/4/2010,
2010,Giants,,jim sorgi,placed on ir,,,,9/4/2010,
2010,Giants,,sinorice moss,placed on ir,,,,9/4/2010,
2010,Jaguars,,bryan smith,placed on ir,,,,9/4/2010,
2010,Jaguars,,chris mcgaha,placed on ir,,,,9/4/2010,
2010,Jaguars,,freddy keiaho,placed on ir,,,,9/4/2010,
2010,Jaguars,,jason harmon b,placed on ir,,,,9/4/2010,
2010,Jaguars,,kyle bosworth,placed on ir with undisclosed injury,,,,9/4/2010,
2010,Jaguars,,nate hughes,placed on ir,,,,9/4/2010,
2010,Jaguars,,terrell whitehead,placed on ir,,,,9/4/2010,
2010,Lions,,copeland bryan,placed on ir,,,,9/4/2010,
2010,Lions,,jake nordin,placed on ir,,,,9/4/2010,
2010,Lions,,jared devries,placed on ir,,,,9/4/2010,
2010,Lions,,joe cohen,placed on ir,,,,9/4/2010,
2010,Lions,,jordon dizon,placed on ir,,,,9/4/2010,
2010,Lions,,richard dickson,placed on ir,,,,9/4/2010,
2010,Lions,,tj rushing,placed on ir,,,,9/4/2010,
2010,Lions,,trevor canfield,placed on ir,,,,9/4/2010,
2010,Packers,,josh bell,placed on ir,,,,9/4/2010,
2010,Packers,,quinn porter,placed on ir,,,,9/4/2010,
2010,Packers,,will blackmon,placed on ir with knee injury,,,,9/4/2010,
2010,Panthers,,cj davis,placed on ir with concussion,,,,9/4/2010,
2010,Panthers,,duke robinson,placed on ir with knee injury,,,,9/4/2010,
2010,Panthers,,steve justice,placed on ir,,,,9/4/2010,
2010,Panthers,,wallace wright,placed on ir,,,,9/4/2010,
2010,Patriots,,brandon mcgowan,placed on ir with chest injury,,,,9/4/2010,
2010,Patriots,,kade weston,placed on ir,,,,9/4/2010,
2010,Patriots,,leigh bodden,placed on ir,,,,9/4/2010,
2010,Patriots,,ty warren,placed on ir,,,,9/4/2010,
2010,Raiders,,charlie frye,placed on ir,,,,9/4/2010,
2010,Raiders,,jonathan holland,placed on ir,,,,9/4/2010,
2010,Rams,,chris hovan,placed on ir,,,,9/4/2010,
2010,Rams,,eric young,placed on ir with knee injury,,,,9/4/2010,
2010,Rams,,kevin payne,placed on ir with knee injury,,,,9/4/2010,
2010,Rams,,phil trautwein,placed on ir,,,,9/4/2010,
2010,Ravens,,daniel sanders,placed on ir,,,,9/4/2010,
2010,Ravens,,david hale,placed on ir with back injury,,,,9/4/2010,
2010,Ravens,,domonique foxworth,placed on ir,,,,9/4/2010,
2010,Ravens,,kelly talavou,placed on ir with knee injury,,,,9/4/2010,
2010,Ravens,,marcus paschal,placed on ir,,,,9/4/2010,
2010,Ravens,,ramon harewood,placed on ir with knee injury,,,,9/4/2010,
2010,Ravens,,stefan rodgers,placed on ir with ankle injury,,,,9/4/2010,
2010,Redskins,,mike furrey,placed on ir,,,,9/4/2010,
2010,Saints,,jonathan casillas,placed on ir with foot injury,,,,9/4/2010,
2010,Saints,,lynell hamilton,placed on ir,,,,9/4/2010,
2010,Saints,,marcus mailei,placed on ir,,,,9/4/2010,
2010,Saints,,pj hill,placed on ir,,,,9/4/2010,
2010,Seahawks,,anthony heygood,placed on ir,,,,9/4/2010,
2010,Seahawks,,isaiah stanback,placed on ir,,,,9/4/2010,
2010,Seahawks,,jameson konz,placed on ir,,,,9/4/2010,
2010,Seahawks,,ray willis,placed on ir with knee injury,,,,9/4/2010,
2010,Steelers,,limas sweed,placed on ir,,,,9/4/2010,
2010,Steelers,,tuff harris,placed on ir,,,,9/4/2010,
2010,Steelers,,willie colon,placed on ir,,,,9/4/2010,
2010,Texans,,andre' davis  andre davis a,placed on ir with hip/tailbone injury,,,,9/4/2010,
2010,Texans,,darnell bing,placed on ir,,,,9/4/2010,
2010,Texans,,justin griffith,placed on ir,,,,9/4/2010,
2010,Texans,,kris brown,placed on ir with foot injury,,,,9/4/2010,
2010,Texans,,tim bulman,placed on ir,,,,9/4/2010,
2010,Texans,,trey stross,placed on ir,,,,9/4/2010,
2010,Titans,,dominique lindsay,placed on ir,,,,9/4/2010,
2010,Titans,,kareem brown,placed on ir,,,,9/4/2010,
2010,Titans,,marcus howard,placed on ir,,,,9/4/2010,
2010,Titans,,mike rivera,placed on ir,,,,9/4/2010,
2010,Titans,,roderick hood  rod hood,placed on ir,,,,9/4/2010,
2010,Titans,,stafon johnson,placed on ir,,,,9/4/2010,
2010,Vikings,,jaymar johnson,placed on ir with fractured left thumb,,,,9/4/2010,
2010,Vikings,,jeremy leman  j leman,placed on ir,,,,9/4/2010,
2010,Panthers,,aaron francisco,placed on ir with hamstring injury,,,,9/4/2010,
2010,Cardinals,,dean muhtadi,placed on ir,,,,9/4/2010,
2010,Bengals,,cordera eason,placed on ir,,,,9/4/2010,
2010,Bears,,woodny turenne,placed on ir,,,,9/5/2010,
2010,Bengals,,taufui vakapuna  fui vakapuna,placed on ir with shoulder injury,,,,9/5/2010,
2010,Bills,,derek schouman,placed on ir with knee injury,,,,9/5/2010,
2010,Buccaneers,,jonathan compas,placed on ir with undisclosed injury,,,,9/5/2010,
2010,Cardinals,,alfonso smith,placed on ir,,,,9/5/2010,
2010,Cardinals,,chris johnson c,placed on ir,,,,9/5/2010,
2010,Cardinals,,mark washington b 1985-08-20,placed on ir,,,,9/5/2010,
2010,Chargers,,richie brockel,placed on ir,,,,9/5/2010,
2010,Colts,,glenn sharpe,placed on ir,,,,9/5/2010,
2010,Colts,,james williams g,placed on ir,,,,9/5/2010,
2010,Colts,,taj smith,placed on ir,,,,9/5/2010,
2010,Dolphins,,will allen d,placed on ir with left knee injury,,,,9/5/2010,
2010,Falcons,,brandyn harvey,placed on ir,,,,9/5/2010,
2010,Giants,,alex hall,placed on ir with shoulder injury,,,,9/5/2010,
2010,Giants,,courtney brown leonard,placed on ir with ankle injury,,,,9/5/2010,
2010,Lions,,korey bosworth,placed on ir,,,,9/5/2010,
2010,Packers,,allen barbre,placed on ir with back injury,,,,9/5/2010,
2010,Panthers,,jamie petrowski,placed on ir,,,,9/5/2010,
2010,Patriots,,george bussey,placed on ir,,,,9/5/2010,
2010,Raiders,,alex daniels,placed on ir with undisclosed injury,,,,9/5/2010,
2010,Raiders,,jay richardson,placed on ir with knee injury,,,,9/5/2010,
2010,Raiders,,joey thomas,placed on ir with concussion,,,,9/5/2010,
2010,Redskins,,clint oldenburg,placed on ir,,,,9/5/2010,
2010,Redskins,,robert henson,placed on ir,,,,9/5/2010,
2010,Steelers,,renauld williams,placed on ir,,,,9/5/2010,
2010,Texans,,derek fine,placed on ir,,,,9/5/2010,
2010,Texans,,jeremiah johnson,placed on ir,,,,9/5/2010,
2010,Colts,,tony ugoh,placed on ir with toe injury,,,,9/9/2010,
2010,Jets,,kevin o'connell,placed on ir,,,,9/9/2010,
2010,Bills,,kawika mitchell,placed on ir with foot injury,,,,9/10/2010,
2010,Jaguars,,jarett dillard,placed on ir with left foot/toe injury,,,,9/11/2010,
2010,Bears,,hunter hillenmeyer,placed on ir with concussion,,,,9/14/2010,
2010,Eagles,,jamaal jackson,placed on ir with torn triceps in right arm (out for season),,,,9/14/2010,
2010,Eagles,,leonard weaver,placed on ir with torn acl in left knee (out for season),,,,9/14/2010,
2010,Lions,,aaron berry,placed on ir with right shoulder injury,,,,9/14/2010,
2010,Packers,,justin harrell,placed on ir with torn acl in left knee,,,,9/14/2010,
2010,Packers,,ryan grant brett,placed on ir with ankle injury,,,,9/14/2010,
2010,Seahawks,,max unger,placed on ir with left toe injury,,,,9/14/2010,
2010,Texans,,connor barwin,placed on ir with right ankle injury,,,,9/14/2010,
2010,Chargers,,david binn,placed on ir with hamstring injury,,,,9/15/2010,
2010,Chiefs,,cameron sheffield,placed on ir with neck injury,,,,9/15/2010,
2010,Jets,,kris jenkins,placed on ir with torn acl in left knee,,,,9/15/2010,
2010,Panthers,,todd carter,placed on ir,,,,9/15/2010,
2010,Rams,,josh hull,placed on ir with torn acl in left knee,,,,9/15/2010,
2010,Chargers,,james dearth,placed on ir with foot injury,,,,9/17/2010,
2010,Panthers,,charly martin,placed on ir with concussion,,,,9/17/2010,
2010,Browns,,kaluka maiava,placed on ir with right leg injury,,,,9/21/2010,
2010,Falcons,,jerious norwood,placed on ir with knee injury,,,,9/21/2010,
2010,Jaguars,,luke mccown,placed on ir with torn acl in knee,,,,9/21/2010,
2010,Jaguars,,scotty mcgee,placed on ir with shoulder injury,,,,9/22/2010,
2010,Patriots,,kevin faulk,placed on ir with torn acl in right knee,,,,9/22/2010,
2010,Browns,,d'qwell jackson,placed on ir with pectoral muscle injury,,,,9/25/2010,
2010,Colts,,ramon humber,placed on ir with hand injury,,,,9/27/2010,
2010,Cowboys,,deon anderson,placed on ir,,,,9/27/2010,
2010,Rams,,dominique curry,placed on ir with torn acl in right knee,,,,9/27/2010,
2010,Giants,,michael johnson derrick,placed on ir with back injury,,,,9/28/2010,
2010,Chargers,,james holt b,placed on ir with shoulder injury,,,,9/29/2010,
2010,Chargers,,ryan neill,placed on ir with knee injury,,,,9/29/2010,
2010,Seahawks,,leroy hill,placed on ir with achilles tendon / calf injury,,,,10/1/2010,
2010,Steelers,,dennis dixon,placed on ir with left knee injury,,,,10/2/2010,
2010,Chargers,,jyles tucker,placed on ir with pectoral injury,,,,10/5/2010,
2010,Colts,,devin moore,placed on ir with neck injury,,,,10/5/2010,
2010,Colts,,melvin bullitt,placed on ir with shoulder injury,,,,10/5/2010,
2010,Saints,,chris reis,placed on ir with shoulder injury,,,,10/5/2010,
2010,Rams,,marquis johnson,placed on ir with knee injury,,,,10/6/2010,
2010,Dolphins,,lionel dotson,placed on ir,,,,10/7/2010,
2010,Packers,,morgan burnett,placed on ir with knee injury,,,,10/7/2010,
2010,Redskins,,josh bidwell,placed on ir with right hip injury,,,,10/7/2010,
2010,Titans,,derrick morgan,placed on ir with torn acl in left knee,,,,10/7/2010,
2010,Rams,,mark clayton jermaine,placed on ir with torn patellar tendon in right knee,,,,10/11/2010,
2010,Patriots,,nick kaczur,placed on ir with back injury,,,,10/12/2010,
2010,Rams,,darcy johnson,placed on ir with concussion,,,,10/12/2010,
2010,Chargers,,shawne merriman,placed on ir with calf injury,,,,10/13/2010,
2010,Packers,,derrick martin jerome,placed on ir with knee injury,,,,10/13/2010,
2010,Titans,,colin allred,placed on ir with neck injury,,,,10/13/2010,
2010,Vikings,,cedric griffin,placed on ir with torn acl in right knee,,,,10/13/2010,
2010,Lions,,spencer havner,placed on ir with hamstring injury,,,,10/15/2010,
2010,Giants,,victor cruz,placed on ir with hamstring injury,,,,10/16/2010,
2010,Packers,,nick barnett,placed on ir with wrist injury,,,,10/17/2010,
2010,Packers,,jermichael finley,placed on ir with right knee injury,,,,10/18/2010,
2010,49ers,,curtis taylor,placed on ir with quadriceps injury,,,,10/19/2010,
2010,Broncos,,matthew willis  matt willis,placed on ir with foot injury,,,,10/19/2010,
2010,Buccaneers,,kareem huggins,placed on ir with torn acl in right knee,,,,10/19/2010,
2010,Colts,,brandon king marico,placed on ir with hamstring injury,,,,10/19/2010,
2010,Browns,,robaire smith,placed on ir with back injury,,,,10/20/2010,
2010,Browns,,tony pashos,placed on ir with ankle injury,,,,10/20/2010,
2010,Saints,,randall gay,placed on ir with concussion,,,,10/20/2010,
2010,Dolphins,,jared odrick,placed on ir with left foot injury,,,,10/22/2010,
2010,Chargers,,kion wilson,placed on ir with ankle injury,,,,10/23/2010,
2010,Ravens,,jared gaither,placed on ir with back injury,,,,10/23/2010,
2010,Colts,,dallas clark,placed on ir with wrist injury,,,,10/25/2010,
2010,Texans,,demeco ryans,placed on ir with torn left achilles tendon,,,,10/25/2010,
2010,Bengals,,adam jones  pacman jones,placed on ir with neck injury,,,,10/26/2010,
2010,Jaguars,,eben britton,placed on ir with shoulder injury,,,,10/26/2010,
2010,Packers,,brady poppinga,placed on ir with knee injury,,,,10/26/2010,
2010,Packers,,mike neal,placed on ir with shoulder injury,,,,10/26/2010,
2010,Packers,,brad jones edward,placed on ir with right shoulder injury,,,,10/27/2010,
2010,Panthers,,jamar williams,placed on ir with neck injury,,,,10/27/2010,
2010,Rams,,clifton ryan,placed on ir with migraine headaches,,,,10/27/2010,
2010,Falcons,,robert agnone  robbie agnone,placed on ir with foot injury (out for season),,,,10/28/2010,
2010,Giants,,mathias kiwanuka,placed on ir with neck injury,,,,10/28/2010,
2010,Dolphins,,deon anderson,placed on ir with triceps injury,,,,10/30/2010,
2010,Lions,,zack follett,placed on ir with neck injury,,,,10/31/2010,
2010,49ers,,eric heitmann,placed on ir with neck injury,,,,11/1/2010,
2010,Giants,,bruce johnson b 1987-02-18,placed on ir with knee injury,,,,11/1/2010,
2010,Buccaneers,,brian price larisso,placed on ir with pelvis injury,,,,11/2/2010,
2010,Chargers,,craig davis  buster davis,placed on ir with groin injury,,,,11/2/2010,
2010,Seahawks,,ben hamilton,placed on ir with concussion,,,,11/2/2010,
2010,Seahawks,,joseph bryant  red bryant,placed on ir with knee injury,,,,11/2/2010,
2010,Bills,,cornell green duane,placed on ir with knee injury,,,,11/3/2010,
2010,Patriots,,darnell jenkins,placed on ir (e),,,,11/3/2010,
2010,Titans,,jamie winborn,placed on ir with shoulder injury,,,,11/3/2010,
2010,Colts,,anthony gonzalez,placed on ir with knee injury,,,,11/6/2010,
2010,Bills,,andra davis,placed on ir with shoulder injury,,,,11/8/2010,
2010,Bills,,roscoe parrish,placed on ir with fractured left wrist,,,,11/8/2010,
2010,Panthers,,thomas davis,placed on ir with torn acl in right knee,,,,11/8/2010,
2010,Redskins,,chris horton,placed on ir with right ankle injury,,,,11/8/2010,
2010,Cardinals,,kenny iwebema,placed on ir with knee injury,,,,11/9/2010,
2010,Giants,,adam koets,placed on ir with torn acl in left knee,,,,11/9/2010,
2010,Panthers,,dan connor murphy,placed on ir with hip injury,,,,11/9/2010,
2010,Panthers,,jeff otah,placed on ir with knee injury,,,,11/9/2010,
2010,Panthers,,matt moore,placed on ir with right shoulder injury,,,,11/9/2010,
2010,Cowboys,,akwasi owusu-ansah,placed on ir with ankle injury,,,,11/10/2010,
2010,Cowboys,,marcus spears rayshon,placed on ir with calf injury,,,,11/10/2010,
2010,Patriots,,stephen gostkowski,placed on ir with thigh injury,,,,11/10/2010,
2010,Steelers,,max starks,placed on ir with neck injury,,,,11/10/2010,
2010,Texans,,dominique barber,placed on ir with knee injury,,,,11/11/2010,
2010,Packers,,mark tauscher,placed on ir with shoulder injury,,,,11/12/2010,
2010,Bengals,,andre smith dewayne,placed on ir with foot injury,,,,11/13/2010,
2010,Jaguars,,aaron kampman,placed on ir with knee injury (surgery),,,,11/13/2010,
2010,Texans,,karl paymah,placed on ir with wrist injury,,,,11/13/2010,
2010,Bengals,,mike nugent,placed on ir with torn acl in right knee,,,,11/15/2010,
2010,Bengals,,morgan trent,placed on ir with knee injury,,,,11/15/2010,
2010,Browns,,billy yates,placed on ir with biceps injury,,,,11/16/2010,
2010,Dolphins,,chad pennington,placed on ir with right shoulder injury,,,,11/16/2010,
2010,Giants,,ramses barden,"placed on ir with left leg, foot injury",,,,11/16/2010,
2010,Rams,,fendi onobun,placed on ir with back injury,,,,11/16/2010,
2010,Cardinals,,brandon keith,placed on ir with knee injury,,,,11/17/2010,
2010,Chiefs,,mark simoneau,placed on ir,,,,11/17/2010,
2010,Lions,,jack williams b,placed on ir with knee injury,,,,11/17/2010,
2010,Panthers,,deangelo williams,placed on ir with foot injury,,,,11/17/2010,
2010,Dolphins,,cory procter,placed on ir with torn acl in left knee,,,,11/19/2010,
2010,Saints,,jason kyle,placed on ir with shoulder injury,,,,11/20/2010,
2010,Bengals,,jonathan fanene,placed on ir with hamstring injury,,,,11/21/2010,
2010,Bengals,,chris crocker,placed on ir with torn mcl in right knee,,,,11/22/2010,
2010,Bengals,,frostee rucker,placed on ir with knee injury,,,,11/22/2010,
2010,Lions,,kevin smith ryan,placed on ir with thumb injury,,,,11/22/2010,
2010,Redskins,,chad simpson,placed on ir with foot injury,,,,11/22/2010,
2010,Saints,,stanley arnoux,placed on ir with achilles tendon injury,,,,11/22/2010,
2010,Bengals,,terry johnson  tank johnson,placed on ir with right knee injury,,,,11/23/2010,
2010,Browns,,blake costanzo,placed on ir with groin injury,,,,11/23/2010,
2010,Cardinals,,will davis,placed on ir with fractured left fibula,,,,11/23/2010,
2010,Colts,,chip vaughn,placed on ir with left foot/ankle injury,,,,11/23/2010,
2010,Eagles,,ellis hobbs,placed on ir with neck injury,,,,11/23/2010,
2010,Redskins,,anderson russell,placed on ir with torn acl,,,,11/23/2010,
2010,Titans,,vince young,placed on ir with right thumb injury,,,,11/23/2010,
2010,Giants,,madison hedgecock,placed on ir with hamstring injury,,,,11/24/2010,
2010,Raiders,,trevor scott,placed on ir with torn acl in left knee,,,,11/24/2010,
2010,Vikings,,anthony herrera,placed on ir with torn acl in left knee,,,,11/24/2010,
2010,Redskins,,clinton portis,placed on ir with groin injury,,,,11/25/2010,
2010,Seahawks,,anthony mccoy,placed on ir with knee injury,,,,11/26/2010,
2010,Bills,,keith ellison,placed on ir with knee injury,,,,11/27/2010,
2010,Bills,,shawne merriman,placed on ir with calf / achilles tendon injury,,,,11/27/2010,
2010,49ers,,dominique zeigler,placed on ir with knee injury,,,,11/30/2010,
2010,49ers,,frank gore sr,placed on ir with right hip injury,,,,11/30/2010,
2010,Buccaneers,,cody grimm,placed on ir with fibula injury,,,,11/30/2010,
2010,Buccaneers,,davin joseph,placed on ir with fractured foot,,,,11/30/2010,
2010,Buccaneers,,kyle moore b 1986-10-25,placed on ir with shoulder injury,,,,11/30/2010,
2010,Packers,,brandon chillar,placed on ir with shoulder injury,,,,11/30/2010,
2010,Packers,,spencer havner,placed on ir with hamstring injury,,,,11/30/2010,
2010,Colts,,cody glenn,placed on ir with neck injury,,,,12/1/2010,
2010,Texans,,torri williams,placed on ir with hamstring injury,,,,12/1/2010,
2010,Bengals,,antwan odom,placed on ir with wrist injury,,,,12/2/2010,
2010,Bills,,dwan edwards,placed on ir with hamstring injury,,,,12/2/2010,
2010,Bills,,reggie torbor,placed on ir with shoulder injury,,,,12/2/2010,
2010,Jaguars,,jacob cutrera,placed on ir with concussion,,,,12/2/2010,
2010,Lions,,jason hanson,placed on ir with right knee injury,,,,12/2/2010,
2010,Patriots,,stephen neal,placed on ir with shoulder injury,,,,12/2/2010,
2010,Raiders,,bruce gradkowski,placed on ir with right shoulder injury,,,,12/2/2010,
2010,Cowboys,,sean lissemore,placed on ir with ankle injury,,,,12/3/2010,
2010,Panthers,,tony pike,placed on ir with shoulder injury,,,,12/3/2010,
2010,Jets,,jim leonhard andrew,placed on ir with fractured leg,,,,12/4/2010,
2010,Bills,,antonio coleman,placed on ir with knee injury,,,,12/6/2010,
2010,Broncos,,dan gronkowski,placed on ir with ankle injury,,,,12/6/2010,
2010,Broncos,,joe mays,placed on ir with left knee injury,,,,12/6/2010,
2010,Bills,,kraig urbik,placed on ir with knee injury,,,,12/7/2010,
2010,Buccaneers,,aqib talib,placed on ir with hip injury,,,,12/7/2010,
2010,Buccaneers,,jeff faine,placed on ir with quadriceps injury,,,,12/7/2010,
2010,Cardinals,,max hall,placed on ir with left shoulder injury,,,,12/7/2010,
2010,Colts,,jerraud powers,placed on ir with forearm injury,,,,12/7/2010,
2010,Dolphins,,al harris b 1974-12-07,placed on ir with hamstring injury,,,,12/7/2010,
2010,Rams,,na'il diggs,placed on ir with pectoral muscle injury,,,,12/7/2010,
2010,Steelers,,daniel sepulveda  dan sepulveda,placed on ir with torn acl in right knee,,,,12/7/2010,
2010,Texans,,jesse nading,placed on ir with knee injury,,,,12/7/2010,
2010,Bengals,,brandon ghee,placed on ir with groin injury,,,,12/8/2010,
2010,Chiefs,,jackie bates,placed on ir with knee injury,,,,12/8/2010,
2010,Colts,,demond bob sanders,placed on ir with biceps injury,,,,12/8/2010,
2010,Cowboys,,dez bryant,placed on ir with ankle/fibula injury,,,,12/8/2010,
2010,Lions,,alphonso smith,placed on ir with right shoulder injury,,,,12/8/2010,
2010,Lions,,kyle vanden bosch,placed on ir with neck injury,,,,12/8/2010,
2010,Saints,,ladell betts,placed on ir with neck injury,,,,12/8/2010,
2010,Vikings,,albert young,placed on ir with knee injury,,,,12/8/2010,
2010,Bengals,,rico murray,placed on ir with ankle injury,,,,12/10/2010,
2010,Jaguars,,kevin haslam,placed on ir with hand injury,,,,12/10/2010,
2010,Lions,,derrick williams b,placed on ir with right ankle injury,,,,12/10/2010,
2010,Dolphins,,brian hartline,placed on ir with finger injury,,,,12/11/2010,
2010,Lions,,isaiah ekejiuba,placed on ir with knee injury,,,,12/11/2010,
2010,Bengals,,chinedum ndukwe  nedu ndukwe,placed on ir with knee injury,,,,12/13/2010,
2010,Broncos,,kyle mccarthy,placed on ir with knee injury,,,,12/13/2010,
2010,Buccaneers,,gerald mccoy,placed on ir with torn right biceps,,,,12/13/2010,
2010,Buccaneers,,quincy black,placed on ir with fractured arm,,,,12/13/2010,
2010,Titans,,eugene amano,placed on ir with shoulder / neck injury,,,,12/13/2010,
2010,Bills,,lee evans,placed on ir with ankle injury,,,,12/14/2010,
2010,Dolphins,,vernon carey,placed on ir with knee injury,,,,12/14/2010,
2010,Eagles,,brandon graham,placed on ir with torn acl in right knee,,,,12/14/2010,
2010,Lions,,brandon mcdonald,placed on ir with forearm injury,,,,12/14/2010,
2010,Panthers,,everette brown,placed on ir with wrist injury,,,,12/14/2010,
2010,Panthers,,jason williams,placed on ir with torn acl in left knee,,,,12/14/2010,
2010,Panthers,,travelle wharton,placed on ir with toe injury,,,,12/14/2010,
2010,Redskins,,laron landry,placed on ir with achilles injury,,,,12/14/2010,
2010,Seahawks,,vincent deon butler,placed on ir with right leg (fibula) injury,,,,12/14/2010,
2010,Vikings,,chris cook a,placed on ir with knee injury,,,,12/14/2010,
2010,Cowboys,,kevin ogletree,placed on ir with toe injury,,,,12/15/2010,
2010,Giants,,clint sintim,placed on ir with torn acl in right knee,,,,12/15/2010,
2010,Lions,,gosder cherilus,placed on ir with knee injury,,,,12/15/2010,
2010,Patriots,,jonathan wilhite,placed on ir with hip injury,,,,12/15/2010,
2010,Texans,,david anderson,placed on ir with shoulder injury,,,,12/15/2010,
2010,Texans,,mario williams,placed on ir with sports hernia,,,,12/15/2010,
2010,Texans,,mike brisiel,placed on ir with shoulder injury,,,,12/15/2010,
2010,Titans,,robert tony brown,placed on ir with knee injury,,,,12/15/2010,
2010,Chargers,,pat watkins,placed on ir with knee injury,,,,12/16/2010,
2010,Giants,,steve smith b 1985-05-06,placed on ir with left knee injury,,,,12/16/2010,
2010,Vikings,,tarvaris jackson,placed on ir with toe injury,,,,12/16/2010,
2010,Jaguars,,terrence wheatley,placed on ir with hamstring injury,,,,12/17/2010,
2010,Titans,,dave ball,"placed on ir with concussion, hip injury",,,,12/17/2010,
2010,Titans,,ryan mouton,placed on ir with ankle / hamstring injury,,,,12/17/2010,
2010,49ers,,joe nedney,placed on ir with right knee injury,,,,12/18/2010,
2010,49ers,,travis laboy,placed on ir with knee injury,,,,12/18/2010,
2010,Packers,,anthony smith b,placed on ir with ankle injury,,,,12/18/2010,
2010,Seahawks,,roy lewis a,placed on ir with knee injury,,,,12/20/2010,
2010,Vikings,,steve hutchinson,placed on ir with thumb injury,,,,12/20/2010,
2010,Bengals,,terrell owens,placed on ir with left knee injury,,,,12/21/2010,
2010,Browns,,eric wright,placed on ir with knee injury,,,,12/21/2010,
2010,Browns,,scott fujita,placed on ir with knee injury,,,,12/21/2010,
2010,Cowboys,,tony romo ramiro,placed on ir with left shoulder injury,,,,12/21/2010,
2010,Eagles,,nate allen b,placed on ir with knee injury,,,,12/21/2010,
2010,Rams,,brit miller,placed on ir with torn acl in right knee,,,,12/21/2010,
2010,Redskins,,ma'ake kemoeatu,placed on ir with shoulder injury,,,,12/21/2010,
2010,Redskins,,phillip daniels,"placed on ir with abdominal, groin injuries",,,,12/21/2010,
2010,Broncos,,spencer larsen,placed on ir with ankle injury,,,,12/22/2010,
2010,Browns,,evan moore,placed on ir with hip injury,,,,12/22/2010,
2010,Cardinals,,early doucet,placed on ir with hip injury,,,,12/22/2010,
2010,Colts,,austin collie,placed on ir with concussion,,,,12/22/2010,
2010,Seahawks,,derek walker,placed on ir with undisclosed injury,,,,12/22/2010,
2010,Broncos,,matt prater,placed on ir with right groin injury,,,,12/23/2010,
2010,Eagles,,jorrick calvin,placed on ir with back injury,,,,12/23/2010,
2010,Seahawks,,junior siavii,placed on ir with neck injury,,,,12/23/2010,
2010,Lions,,matthew stafford,placed on ir with separated right shoulder,,,,12/24/2010,
2010,Redskins,,kedric golston,placed on ir with groin injury,,,,12/25/2010,
2010,Broncos,,lee robinson,placed on ir with hamstring injury,,,,12/27/2010,
2010,Buccaneers,,arrelious benn,placed on ir with torn acl in left knee,,,,12/27/2010,
2010,Bengals,,brian leonard,placed on ir with ankle injury,,,,12/28/2010,
2010,Bills,,cordaro howard  cord howard,placed on ir with shoulder injury,,,,12/28/2010,
2010,Falcons,,shann schillinger,placed on ir with ankle injury,,,,12/28/2010,
2010,Eagles,,jeff owens,placed on ir with ruptured patella tendon in knee,,,,12/29/2010,
2010,Ravens,,morgan cox,placed on ir with left knee injury,,,,12/29/2010,
2010,Redskins,,kareem moore,placed on ir with knee injury,,,,12/29/2010,
2010,Saints,,courtney roby,placed on ir with concussion,,,,12/29/2010,
2010,Texans,,darryl sharpton,placed on ir with shoulder injury,,,,12/29/2010,
2010,Chargers,,antonio gates,placed on ir with foot/toe injury,,,,12/30/2010,
2010,Giants,,will blackmon,placed on ir with knee injury,,,,12/30/2010,
2010,Jaguars,,david garrard,placed on ir with right finger injury,,,,12/30/2010,
2010,Lions,,landon johnson,placed on ir with neck injury / concussion,,,,12/30/2010,
2010,Chargers,,mike tolbert,"placed on ir with neck, shoulder injuries",,,,12/31/2010,
2010,Chargers,,stephen cooper,placed on ir with knee injury,,,,12/31/2010,
2010,Cowboys,,leon williams e'srom,placed on ir with hamstring injury,,,,12/31/2010,
2010,Cowboys,,sam hurd,placed on ir with head injury / concussion,,,,12/31/2010,
2010,Packers,,marshall newhouse,placed on ir with back injury (out for season),,,,12/31/2010,
2010,Vikings,,madieu williams,placed on ir with concussion,,,,12/31/2010,
2010,Dolphins,,karlos dansby,placed on ir with toe injury,,,,1/1/2011,
2010,Panthers,,tony fiammetta,placed on ir with ankle injury,,,,1/1/2011,
2010,Vikings,,tyrell johnson,placed on ir with knee injury,,,,1/1/2011,
2010,Patriots,,ron brace,placed on ir with elbow injury,,,,1/3/2011,
2010,Seahawks,,chester pitts,placed on ir with concussion,,,,1/4/2011,
2010,Seahawks,,chris baker t,placed on ir with hip injury,,,,1/4/2011,
2010,Chiefs,,donald washington,placed on ir with ankle injury,,,,1/5/2011,
2010,Saints,,chris ivory,placed on ir with left foot injury,,,,1/5/2011,
2010,Saints,,pierre thomas,placed on ir with ankle injury,,,,1/5/2011,
2010,Patriots,,mike wright c,placed on ir with concussion,,,,1/7/2011,
2010,Colts,,kelvin hayden,placed on ir with neck injury,,,,1/8/2011,
2010,Jets,,damien woody,placed on ir with torn left achilles tendon,,,,1/12/2011,
2010,Steelers,,maurkice pouncey,placed on ir with left ankle injury,,,,2/5/2011,
2011,Giants,,martell mallett,placed on ir,,,,8/2/2011,
2011,Saints,,jeremiha hunter,placed on ir with achilles tendon injury,,,,8/2/2011,
2011,Browns,,reggie hodges,placed on ir with achilles tendon injury,,,,8/3/2011,
2011,Eagles,,victor abiamiri,placed on ir with torn achilles tendon,,,,8/4/2011,
2011,Lions,,jack williams b,placed on ir,,,,8/4/2011,
2011,Titans,,ryan mouton,placed on ir with torn right achilles tendon,,,,8/4/2011,
2011,Lions,,brandon stephens b,placed on ir,,,,8/5/2011,
2011,49ers,,curtis holcomb,placed on ir with ruptured achilles tendon,,,,8/6/2011,
2011,49ers,,dontavia bogan,placed on ir with torn acl in right knee,,,,8/6/2011,
2011,Bills,,domonic cook,placed on ir with knee injury,,,,8/6/2011,
2011,Chargers,,patrick dimarco,placed on ir,,,,8/6/2011,
2011,Giants,,bruce johnson b 1987-02-18,placed on ir,,,,8/6/2011,
2011,Steelers,,erik clanton,placed on ir,,,,8/6/2011,
2011,Titans,,orentha murdock  oj murdock,placed on ir with achilles tendon injury,,,,8/6/2011,
2011,Broncos,,mario fannin,placed on ir with knee injury,,,,8/7/2011,
2011,Cowboys,,billy blackard,placed on ir,,,,8/7/2011,
2011,Patriots,,kyle hix,placed on ir with undisclosed injury,,,,8/7/2011,
2011,Panthers,,kelvin smith vincent,placed on ir,,,,8/8/2011,
2011,Cardinals,,brad thorson,placed on ir,,,,8/9/2011,
2011,Colts,,rob myers,placed on ir,,,,8/9/2011,
2011,Jaguars,,kevin haslam,placed on ir with torn mcl in knee,,,,8/9/2011,
2011,Colts,,james williams g,placed on ir with undisclosed injury,,,,8/10/2011,
2011,Colts,,kole heckendorf,placed on ir,,,,8/10/2011,
2011,Lions,,maurice leggett,placed on ir,,,,8/10/2011,
2011,Raiders,,derrick jones b 1986-01-23,placed on ir with achilles tendon injury,,,,8/10/2011,
2011,Panthers,,ron edwards,placed on ir with triceps injury,,,,8/11/2011,
2011,Rams,,chris smith b 1987-06-23,placed on ir,,,,8/11/2011,
2011,Steelers,,adam mims,placed on ir,,,,8/11/2011,
2011,Buccaneers,,raymond webber,placed on ir with hamstring injury,,,,8/12/2011,
2011,Lions,,jeff maddux,placed on ir,,,,8/12/2011,
2011,Lions,,mikel leshoure,placed on ir with torn left achilles tendon,,,,8/14/2011,
2011,Cowboys,,alex ibiloye,placed on ir,,,,8/15/2011,
2011,Cowboys,,titus ryan,placed on ir,,,,8/15/2011,
2011,Eagles,,brandon collier,placed on ir,,,,8/15/2011,
2011,Jets,,taylor boggs,placed on ir with torn acl in knee,,,,8/15/2011,
2011,Broncos,,derek domino,placed on ir with undisclosed injury,,,,8/16/2011,
2011,Broncos,,mark dell,placed on ir with knee injury,,,,8/16/2011,
2011,Seahawks,,caz piurowski,placed on ir,,,,8/16/2011,
2011,Steelers,,ra'shon harris  sunny harris,placed on ir,,,,8/16/2011,
2011,Cowboys,,dominique edison,placed on ir,,,,8/17/2011,
2011,Giants,,cary harris,placed on ir,,,,8/17/2011,
2011,Giants,,samuel giguere  sam giguere,placed on ir,,,,8/17/2011,
2011,Cowboys,,alex daniels,placed on ir,,,,8/18/2011,
2011,Cowboys,,ross weaver,placed on ir,,,,8/18/2011,
2011,Giants,,woodny turenne,placed on ir,,,,8/18/2011,
2011,Lions,,randy phillips,placed on ir with shoulder injury,,,,8/18/2011,
2011,Patriots,,christian cox,placed on ir with neck injury,,,,8/18/2011,
2011,Saints,,alex barron,placed on ir with knee injury,,,,8/18/2011,
2011,Steelers,,limas sweed,placed on ir,,,,8/18/2011,
2011,Rams,,eddie wide,placed on ir with shoulder injury,,,,8/19/2011,
2011,Bills,,danny batten,placed on ir,,,,8/22/2011,
2011,Bills,,marcus easley,placed on ir,,,,8/22/2011,
2011,Buccaneers,,ej wilson,placed on ir with ruptured achilles tendon,,,,8/22/2011,
2011,Chargers,,stephen cooper,placed on ir with biceps injury,,,,8/22/2011,
2011,Colts,,jaimie thomas,placed on ir with back injury,,,,8/22/2011,
2011,Vikings,,scott kooistra,placed on ir with neck injury,,,,8/22/2011,
2011,Broncos,,richard quinn,placed on ir with knee injury,,,,8/23/2011,
2011,Giants,,terrell thomas,placed on ir with torn acl in right knee,,,,8/23/2011,
2011,Jaguars,,terrell whitehead,placed on ir,,,,8/23/2011,
2011,Patriots,,bret lockett,placed on ir with groin injury,,,,8/23/2011,
2011,Giants,,brian witherspoon,placed on ir with torn acl in knee,,,,8/24/2011,
2011,Jaguars,,terrell whitehead,placed on ir with right shoulder injury,,,,8/24/2011,
2011,Ravens,,marcus paschal,placed on ir with quadriceps injury,,,,8/24/2011,
2011,Texans,,trindon holliday,placed on ir,,,,8/24/2011,
2011,Bills,,reggie torbor,placed on ir with shoulder injury,,,,8/25/2011,
2011,Cardinals,,max hall,placed on ir with left shoulder injury,,,,8/25/2011,
2011,Chiefs,,brandon siler,placed on ir with achilles tendon injury,,,,8/25/2011,
2011,Panthers,,cletis gordon,placed on ir with shoulder injury,,,,8/25/2011,
2011,Chargers,,dennis morris,placed on ir,,,,8/26/2011,
2011,Raiders,,hiram eugene,placed on ir with dislocated hip,,,,8/27/2011,
2011,Bears,,mike holmes b 1989-06-01,placed on ir,,,,8/29/2011,
2011,Browns,,jabari fletcher,placed on ir,,,,8/29/2011,
2011,Cardinals,,greg toler,placed on ir with torn acl in knee,,,,8/29/2011,
2011,Dolphins,,mike rivera,placed on ir,,,,8/29/2011,
2011,Raiders,,alan pelc,placed on ir with undisclosed injury,,,,8/29/2011,
2011,Rams,,jermelle cudjo,placed on ir with back injury,,,,8/29/2011,
2011,Redskins,,jarvis jenkins,placed on ir with right knee injury,,,,8/29/2011,
2011,Steelers,,baron batch,placed on ir with knee injury,,,,8/29/2011,
2011,Cardinals,,max komar,placed on ir,,,,8/29/2011,
2011,Cardinals,,ryan williams a,placed on ir with torn patella tendon in right knee,,,,8/29/2011,
2011,Browns,,eric steinbach,placed on ir with back injury,,,,8/30/2011,
2011,Buccaneers,,brandon carter,placed on ir,,,,8/30/2011,
2011,Cardinals,,tommy irvin,placed on ir with ankle injury,,,,8/30/2011,
2011,Chiefs,,eric bakhtiari,placed on ir,,,,8/30/2011,
2011,Chiefs,,ryan o'callaghan,placed on ir with undisclosed injury,,,,8/30/2011,
2011,Colts,,cody glenn,placed on ir,,,,8/30/2011,
2011,Colts,,cornelius brown,placed on ir,,,,8/30/2011,
2011,Colts,,mike newton,placed on ir,,,,8/30/2011,
2011,Dolphins,,allen barbre,placed on ir with undisclosed injury,,,,8/30/2011,
2011,Giants,,marvin austin jr,placed on ir with torn pectoral muscle,,,,8/30/2011,
2011,Lions,,richard dickson,placed on ir,,,,8/30/2011,
2011,Panthers,,david gettis,placed on ir with torn acl in knee,,,,8/30/2011,
2011,Panthers,,gary barnidge,placed on ir with ankle injury,,,,8/30/2011,
2011,Panthers,,geoff schwartz,placed on ir with hip injury,,,,8/30/2011,
2011,Panthers,,zack williams,placed on ir with torn acl in knee,,,,8/30/2011,
2011,Raiders,,travis goethel,placed on ir with knee injury,,,,8/30/2011,
2011,Ravens,,matt lawrence,placed on ir with concussion,,,,8/30/2011,
2011,Steelers,,miguel chavis,placed on ir with torn pectoral muscle,,,,8/30/2011,
2011,Texans,,devard darling,placed on ir with knee injury,,,,8/30/2011,
2011,Texans,,kasey studdard,placed on ir with ankle injury,,,,8/30/2011,
2011,Texans,,lestar jean,placed on ir with shoulder injury,,,,8/30/2011,
2011,Texans,,shelley smith,placed on ir with ankle injury,,,,8/30/2011,
2011,Cardinals,,brandon sharpe,placed on ir,,,,8/31/2011,
2011,Giants,,duke calhoun,placed on ir,,,,8/31/2011,
2011,Jaguars,,bradley vierling,placed on ir,,,,8/31/2011,
2011,Jaguars,,marc schiechl  mark schiechl,placed on ir,,,,8/31/2011,
2011,Packers,,adrian battles,placed on ir,,,,8/31/2011,
2011,Packers,,kc asiodu,placed on ir,,,,8/31/2011,
2011,Panthers,,duke robinson,placed on ir,,,,8/31/2011,
2011,Raiders,,lou eliades,placed on ir with undisclosed injury,,,,8/31/2011,
2011,Rams,,dionte dinkins,placed on ir with ankle and knee injury,,,,8/31/2011,
2011,Rams,,jermelle cudjo,placed on ir,,,,8/31/2011,
2011,Rams,,jerome murphy,placed on ir with ankle injury,,,,8/31/2011,
2011,Rams,,mikail baker,placed on ir with hamstring injury,,,,8/31/2011,
2011,Saints,,ezra butler,placed on ir,,,,8/31/2011,
2011,Saints,,jarred fayson,placed on ir,,,,8/31/2011,
2011,Saints,,roger allen iii,placed on ir with undisclosed injury,,,,8/31/2011,
2011,Texans,,darius morris,placed on ir,,,,8/31/2011,
2011,Texans,,matt marcorelle,placed on ir,,,,8/31/2011,
2011,Raiders,,zac etheridge,placed on ir,,,,9/1/2011,
2011,Saints,,fabian washington,placed on ir with hamstring injury,,,,9/1/2011,
2011,Giants,,clint sintim,placed on ir with torn patellar tendon in right knee,,,,9/2/2011,
2011,Saints,,joseph morgan,placed on ir with knee injury,,,,9/2/2011,
2011,49ers,,nate byham,placed on ir with torn acl in knee,,,,9/3/2011,
2011,Bears,,desmond clark,placed on ir,,,,9/3/2011,
2011,Bears,,jt thomas iii,placed on ir with back injury,,,,9/3/2011,
2011,Bengals,,bo scaife,placed on ir with shoulder / neck injury,,,,9/3/2011,
2011,Bengals,,roddrick muckelroy,placed on ir with achilles tendon injury,,,,9/3/2011,
2011,Bills,,bruce hall,placed on ir with undisclosed injury,,,,9/3/2011,
2011,Broncos,,syd'quan thompson,placed on ir with achilles tendon injury,,,,9/3/2011,
2011,Browns,,brandon jackson lamar,placed on ir with toe injury,,,,9/3/2011,
2011,Cardinals,,floyd womack,placed on ir with shoulder injury,,,,9/3/2011,
2011,Chargers,,damik scafe,placed on ir with leg injury,,,,9/3/2011,
2011,Chargers,,nick polk,placed on ir with hand injury,,,,9/3/2011,
2011,Chiefs,,gabe miller,placed on ir with hamstring injury,,,,9/3/2011,
2011,Chiefs,,tony moeaki,placed on ir with knee injury,,,,9/3/2011,
2011,Cowboys,,raymond radway,"placed on ir with fractured tibia, fibula in leg",,,,9/3/2011,
2011,Dolphins,,allen barbre,placed on ir,,,,9/3/2011,
2011,Dolphins,,lydon murtha,placed on ir with undisclosed injury,,,,9/3/2011,
2011,Eagles,,victor abiamiri,placed on ir,,,,9/3/2011,
2011,Giants,,sage rosenfels,placed on ir with back injury,,,,9/3/2011,
2011,Jaguars,,aaron morgan,placed on ir with shoulder injury,,,,9/3/2011,
2011,Jaguars,,d'anthony smith,placed on ir with foot injury,,,,9/3/2011,
2011,Jaguars,,david jones b 1985-09-19,placed on ir with undisclosed injury,,,,9/3/2011,
2011,Jaguars,,rashad jennings,placed on ir with knee injury,,,,9/3/2011,
2011,Jaguars,,richard murphy,placed on ir with undisclosed injury,,,,9/3/2011,
2011,Lions,,johnny culbreath,placed on ir with undisclosed injury,,,,9/3/2011,
2011,Packers,,lawrence guy,placed on ir with undisclosed injury,,,,9/3/2011,
2011,Packers,,shaky smithson,placed on ir,,,,9/3/2011,
2011,Panthers,,cletis gordon,placed on ir,,,,9/3/2011,
2011,Panthers,,garry williams,placed on ir with ankle injury,,,,9/3/2011,
2011,Panthers,,ron edwards,placed on ir,,,,9/3/2011,
2011,Patriots,,rich ohrnberger,placed on ir with undisclosed injury,,,,9/3/2011,
2011,Ravens,,ramon harewood,placed on ir with ankle injury,,,,9/3/2011,
2011,Saints,,patrick cobbs,placed on ir with undisclosed injury,,,,9/3/2011,
2011,Saints,,paul oliver,placed on ir with undisclosed injury,,,,9/3/2011,
2011,Seahawks,,isaiah stanback,placed on ir with hamstring injury,,,,9/3/2011,
2011,Seahawks,,jimmy wilkerson,placed on ir with knee injury,,,,9/3/2011,
2011,Seahawks,,john carlson,placed on ir with shoulder injury,,,,9/3/2011,
2011,Steelers,,byron leftwich,placed on ir with fractured left arm,,,,9/3/2011,
2011,Texans,,devard darling,placed on ir,,,,9/3/2011,
2011,Texans,,kasey studdard,placed on ir,,,,9/3/2011,
2011,Titans,,adam terry,placed on ir with undisclosed injury,,,,9/3/2011,
2011,Titans,,kevin curtis d,placed on ir with hand injury,,,,9/3/2011,
2011,Vikings,,jasper brinkley,placed on ir with hip injury,,,,9/3/2011,
2011,Vikings,,scott kooistra,placed on ir,,,,9/3/2011,
2011,Bills,,ed wang,placed on ir with thumb injury,,,,9/4/2011,
2011,Bills,,felton huggins,placed on ir with head injury,,,,9/4/2011,
2011,Bills,,jammie kirlew,placed on ir,,,,9/4/2011,
2011,Bills,,jon corto,placed on ir with shoulder injury,,,,9/4/2011,
2011,Broncos,,brandon minor,placed on ir with undisclosed injury,,,,9/4/2011,
2011,Broncos,,jamel hamler,placed on ir with back injury,,,,9/4/2011,
2011,Cardinals,,sean jeffcoat,placed on ir with shoulder injury,,,,9/4/2011,
2011,Colts,,chad spann,placed on ir with hamstring injury,,,,9/4/2011,
2011,Colts,,taj smith,placed on ir,,,,9/4/2011,
2011,Giants,,brian jackson,placed on ir,,,,9/4/2011,
2011,Jaguars,,scotty mcgee,placed on ir with undisclosed injury,,,,9/4/2011,
2011,Jets,,greg mcelroy,placed on ir with right thumb injury,,,,9/4/2011,
2011,Lions,,cobrani mixon,placed on ir,,,,9/4/2011,
2011,Packers,,shaky smithson,placed on ir with shoulder injury,,,,9/4/2011,
2011,Raiders,,james mccluskey,placed on ir with undisclosed injury,,,,9/4/2011,
2011,Raiders,,jeremy ware,placed on ir with undisclosed injury,,,,9/4/2011,
2011,Raiders,,roy schuening,placed on ir with undisclosed injury,,,,9/4/2011,
2011,Raiders,,shawn bayes,placed on ir with undisclosed injury,,,,9/4/2011,
2011,Ravens,,james hardy b,placed on ir,,,,9/4/2011,
2011,Seahawks,,pierre allen,placed on ir,,,,9/4/2011,
2011,Texans,,cheta ozougwu,placed on ir with left foot injury,,,,9/4/2011,
2011,Texans,,terrence toliver,placed on ir with concussion,,,,9/4/2011,
2011,Titans,,pete ittersagen,placed on ir with undisclosed injury,,,,9/4/2011,
2011,Titans,,yamon figurs,placed on ir with undisclosed injury,,,,9/4/2011,
2011,Vikings,,cord parks,placed on ir,,,,9/4/2011,
2011,49ers,,keaton kristick,placed on ir,,,,9/5/2011,
2011,Panthers,,cj davis,placed on ir,,,,9/5/2011,
2011,Giants,,jonathan goff,placed on ir with knee injury,,,,9/10/2011,
2011,Bills,,marcus easley,placed on ir with illness,,,,9/13/2011,
2011,Browns,,richmond mcgee,placed on ir with back injury,,,,9/13/2011,
2011,Chargers,,nate kaeding,placed on ir with torn acl in left knee,,,,9/13/2011,
2011,Ravens,,mike mcadoo,placed on ir with knee injury,,,,9/13/2011,
2011,Steelers,,willie colon,placed on ir with triceps injury,,,,9/13/2011,
2011,Bills,,robert eddins,placed on ir with foot injury,,,,9/14/2011,
2011,Chiefs,,eric berry,placed on ir with left knee injury,,,,9/14/2011,
2011,Panthers,,jon beason,placed on ir with torn left achilles tendon,,,,9/14/2011,
2011,Rams,,ronald bartell  ron bartell,placed on ir with neck injury,,,,9/14/2011,
2011,Texans,,rashad carmichael  roc carmichael,placed on ir with shoulder injury,,,,9/16/2011,
2011,Broncos,,ty warren,placed on ir with triceps injury,,,,9/17/2011,
2011,Seahawks,,dexter davis alexander,placed on ir with hip injury,,,,9/17/2011,
2011,Bengals,,jordan shipley,placed on ir with torn acl in left knee,,,,9/19/2011,
2011,Panthers,,thomas davis,placed on ir with torn acl in right knee,,,,9/19/2011,
2011,Bills,,roscoe parrish,placed on ir with left ankle injury,,,,9/20/2011,
2011,Cardinals,,crezdon butler,placed on ir with ankle injury,,,,9/20/2011,
2011,Chiefs,,jamaal charles,placed on ir with torn acl in left knee,,,,9/21/2011,
2011,Patriots,,dan koppen,placed on ir with fibula injury,,,,9/21/2011,
2011,Patriots,,myron pryor,placed on ir with shoulder injury,,,,9/21/2011,
2011,Rams,,tim atchison,placed on ir with hamstring injury,,,,9/21/2011,
2011,Chargers,,jonas mouton,placed on ir with shoulder injury,,,,9/22/2011,
2011,Texans,,rashad butler,placed on ir with triceps injury,,,,9/22/2011,
2011,Giants,,domenik hixon,placed on ir with torn acl in right knee,,,,9/23/2011,
2011,Buccaneers,,cody grimm,placed on ir with right knee injury,,,,9/27/2011,
2011,Jets,,jeff cumberland,placed on ir with torn right achilles tendon,,,,9/27/2011,
2011,Lions,,isaiah ekejiuba,placed on ir with shoulder injury,,,,9/27/2011,
2011,Saints,,garrett hartley,placed on ir with right hip injury,,,,9/27/2011,
2011,Chargers,,demond bob sanders,placed on ir with knee injury,,,,9/28/2011,
2011,Colts,,gary brackett lawrence,placed on ir with left shoulder injury,,,,9/28/2011,
2011,Colts,,melvin bullitt,placed on ir with right shoulder injury,,,,9/28/2011,
2011,Jets,,robert turner  rob turner,placed on ir with ankle injury,,,,9/28/2011,
2011,Ravens,,domonique foxworth,placed on ir with right knee injury,,,,9/28/2011,
2011,Titans,,kenny britt,"placed on ir with torn acl, mcl in right knee",,,,9/28/2011,
2011,Colts,,cornelius brown,placed on ir with undisclosed injury,,,,9/30/2011,
2011,49ers,,will tukuafu,placed on ir with undisclosed injury,,,,10/4/2011,
2011,Eagles,,antonio dixon,placed on ir with triceps injury,,,,10/4/2011,
2011,Seahawks,,matt mccoy garrett,placed on ir with knee injury,,,,10/4/2011,
2011,Colts,,ben ijalana,placed on ir with torn acl in left knee,,,,10/5/2011,
2011,Colts,,eric foster,placed on ir with dislocated right ankle,,,,10/5/2011,
2011,Dolphins,,chad henne,placed on ir with separated left shoulder,,,,10/6/2011,
2011,Jets,,bryan thomas b,placed on ir with achilles tendon injury,,,,10/8/2011,
2011,Raiders,,ricky brown gerald,placed on ir with concussion,,,,10/8/2011,
2011,Broncos,,kevin vickerson,placed on ir with ankle injury,,,,10/10/2011,
2011,Buccaneers,,devin holland,placed on ir with back injury,,,,10/10/2011,
2011,Rams,,bradley fletcher,placed on ir with knee injury,,,,10/10/2011,
2011,Rams,,danny amendola,placed on ir with left elbow injury,,,,10/10/2011,
2011,Seahawks,,jameson konz,placed on ir with knee injury,,,,10/11/2011,
2011,49ers,,josh morgan,placed on ir with fractured leg,,,,10/12/2011,
2011,Browns,,marcus benard,placed on reserve/non-football injury list / placed on ir with fractured hand,,,,10/12/2011,
2011,Chargers,,stephen cooper,placed on ir with biceps injury,,,,10/12/2011,
2011,Packers,,nick collins,placed on ir with neck injury,,,,10/12/2011,
2011,Texans,,mario williams,placed on ir with torn pectoral muscle,,,,10/12/2011,
2011,Lions,,erik coleman,placed on ir with left ankle injury,,,,10/13/2011,
2011,Patriots,,mike wright c,placed on ir with concussion,,,,10/13/2011,
2011,Redskins,,kory lichtensteiger,"placed on ir with torn acl, mcl in right knee",,,,10/17/2011,
2011,Seahawks,,marcus trufant,placed on ir with back injury,,,,10/17/2011,
2011,Cowboys,,bill nagy,placed on ir with fractured ankle,,,,10/18/2011,
2011,Jaguars,,austen lane,placed on ir with shoulder injury,,,,10/18/2011,
2011,Jaguars,,rod issac,placed on ir with hamstring injury,,,,10/18/2011,
2011,Jaguars,,zach miller scott,placed on ir with shoulder injury,,,,10/18/2011,
2011,Dolphins,,roberto wallace,placed on ir with quadriceps injury,,,,10/19/2011,
2011,Panthers,,jeff otah,placed on ir with left knee injury,,,,10/19/2011,
2011,Raiders,,matt shaughnessy,placed on ir with shoulder injury,,,,10/19/2011,
2011,Texans,,dominique barber,placed on ir with knee injury,,,,10/19/2011,
2011,Jets,,logan payne,placed on ir with wrist injury,,,,10/22/2011,
2011,Steelers,,aaron smith,placed on ir with foot injury / neck injury,,,,10/22/2011,
2011,Seahawks,,walter thurmond iii,placed on ir with fractured fibula in leg,,,,10/24/2011,
2011,Bills,,shawne merriman,placed on ir with achilles tendon ninjury,,,,10/25/2011,
2011,Buccaneers,,earnest graham,placed on ir with torn left achilles tendon,,,,10/25/2011,
2011,Chargers,,larry english,placed on ir with fractured left foot,,,,10/26/2011,
2011,Colts,,chris gronkowski,placed on ir with pectoral muscle injury,,,,10/26/2011,
2011,Colts,,kerry collins,placed on ir with concussion,,,,10/26/2011,
2011,Falcons,,mike johnson p,placed on ir with foot injury,,,,10/26/2011,
2011,Falcons,,ovie mughelli,placed on ir with right knee injury,,,,10/26/2011,
2011,Redskins,,chris cooley,"placed on ir with fractured left index finger, left knee injury",,,,10/26/2011,
2011,Redskins,,tim hightower,placed on ir with torn acl in left knee,,,,10/26/2011,
2011,Lions,,vincent fuller,placed on ir with elbow injury,,,,10/28/2011,
2011,Patriots,,ras-i dowling,placed on ir with hip injury,,,,10/29/2011,
2011,Rams,,brian jackson,placed on ir with knee injury,,,,10/29/2011,
2011,Giants,,justin tryon,placed on ir with fractured arm,,,,10/31/2011,
2011,Packers,,alex green denell,placed on ir with left knee injury,,,,10/31/2011,
2011,Dolphins,,marlon moore,placed on ir with foot injury,,,,11/1/2011,
2011,Ravens,,prescott burgess,placed on ir with thigh injury / abdominal injury,,,,11/1/2011,
2011,Jaguars,,mike sims-walker  mike walker b,placed on ir with knee injury,,,,11/2/2011,
2011,Saints,,charles brown a,placed on ir with hip injury,,,,11/2/2011,
2011,Texans,,darryl sharpton,placed on ir with quadriceps injury,,,,11/2/2011,
2011,Redskins,,phillip buchanon,"placed on ir with neck, knee injury",,,,11/5/2011,
2011,Steelers,,daniel sepulveda  dan sepulveda,placed on ir with right knee injury,,,,11/5/2011,
2011,Buccaneers,,gerald mccoy,placed on ir with biceps injury,,,,11/7/2011,
2011,Bills,,kyle williams derrick,placed on ir with left foot injury,,,,11/8/2011,
2011,Colts,,seth olsen,placed on ir with hand injury,,,,11/8/2011,
2011,Jaguars,,martin rucker,placed on ir with back injury,,,,11/8/2011,
2011,Panthers,,thomas williams ray,placed on ir with neck injury,,,,11/8/2011,
2011,Rams,,greg salas,placed on ir with fractured leg,,,,11/8/2011,
2011,Seahawks,,kris durham,placed on ir with shoulder injury,,,,11/8/2011,
2011,Bears,,kyle adams robert,placed on ir with hamstring injury,,,,11/9/2011,
2011,Patriots,,josh barrett,placed on ir with calf injury,,,,11/9/2011,
2011,Cowboys,,david buehler,placed on ir with right groin injury,,,,11/10/2011,
2011,Lions,,jason fox,placed on ir with foot injury,,,,11/11/2011,
2011,Colts,,blair white,placed on ir with knee injury,,,,11/12/2011,
2011,Bengals,,leon hall b,placed on ir with achilles tendon injury,,,,11/14/2011,
2011,Broncos,,knowshon moreno,placed on ir with torn acl in right knee,,,,11/14/2011,
2011,Buccaneers,,george johnson,placed on ir with knee injury,,,,11/14/2011,
2011,Jaguars,,eben britton,placed on ir with back injury,,,,11/14/2011,
2011,Jaguars,,kyle bosworth,placed on ir with fractured left hand,,,,11/14/2011,
2011,Jaguars,,rashean mathis,placed on ir with torn acl in left knee,,,,11/14/2011,
2011,Rams,,al harris b 1974-12-07,placed on ir with knee injury,,,,11/14/2011,
2011,Rams,,michael hoomanawanui,placed on ir with knee injury,,,,11/14/2011,
2011,Bears,,anthony walters,placed on ir with hamstring injury,,,,11/15/2011,
2011,Bears,,chris williams joseph,placed on ir with dislocated left wrist,,,,11/15/2011,
2011,Bills,,chris white andrew,placed on ir with torn acl in knee,,,,11/15/2011,
2011,Bills,,eric wood,placed on ir with torn acl in right knee,,,,11/15/2011,
2011,Redskins,,kedric golston,placed on ir with knee injury,,,,11/15/2011,
2011,Redskins,,leonard hankerson,placed on ir with torn labrum in right hip,,,,11/15/2011,
2011,Seahawks,,john moffitt,"placed on ir with torn mcl, pcl in right knee",,,,11/15/2011,
2011,Chargers,,kris dielman,placed on ir with concussion,,,,11/16/2011,
2011,Panthers,,mike goodson,placed on ir with hamstring injury,,,,11/16/2011,
2011,Vikings,,antoine winfield,placed on ir with collarbone injury,,,,11/16/2011,
2011,Raiders,,chimdi chekwa,placed on ir with hamstring injury,,,,11/17/2011,
2011,Bears,,gabe carimi,placed on ir with right knee injury,,,,11/18/2011,
2011,Rams,,rodger saffold,placed on ir with torn pectoral muscle,,,,11/19/2011,
2011,Bears,,patrick mannelly,placed on ir with torn acl in left knee,,,,11/21/2011,
2011,Chiefs,,matt cassel,placed on ir with right hand injury,,,,11/21/2011,
2011,Bills,,donald jones b,placed on ir with left ankle injury,,,,11/22/2011,
2011,Bills,,terrence mcgee,placed on ir with left knee injury,,,,11/22/2011,
2011,Cardinals,,dan williams ellis,placed on ir with fractured left arm,,,,11/22/2011,
2011,Jaguars,,clint session,placed on ir with head injury,,,,11/22/2011,
2011,Rams,,marquis johnson,placed on ir with lacerated spleen,,,,11/22/2011,
2011,Saints,,david thomas b,placed on ir with concussion,,,,11/22/2011,
2011,Bills,,fred jackson,placed on ir with fractured fibula in leg,,,,11/23/2011,
2011,Giants,,michael coe,placed on ir with shoulder injury,,,,11/23/2011,
2011,Texans,,matt schaub,placed on ir with foot injury,,,,11/23/2011,
2011,Chargers,,scott mruczkowski,placed on ir with concussion,,,,11/24/2011,
2011,Patriots,,jeff tarpinian,placed on ir with head injury,,,,11/24/2011,
2011,Rams,,jason smith,placed on ir with head injury / concussion,,,,11/24/2011,
2011,Rams,,mark clayton jermaine,placed on ir with knee injury,,,,11/24/2011,
2011,Seahawks,,james carpenter,placed on ir with torn acl in knee,,,,11/24/2011,
2011,Jaguars,,derek cox,placed on ir with knee injury,,,,11/25/2011,
2011,Giants,,michael clayton,placed on ir with knee injury,,,,11/26/2011,
2011,Lions,,jahvid best,placed on ir with concussion,,,,11/28/2011,
2011,Seahawks,,david vobora,placed on ir with shoulder injury,,,,11/28/2011,
2011,Broncos,,cassius vaughn,placed on ir with fractured left fibula,,,,11/29/2011,
2011,Browns,,emmanuel stephens,placed on ir with pectoral muscle injury,,,,11/29/2011,
2011,Browns,,scott fujita,placed on ir with hand injury,,,,11/29/2011,
2011,Colts,,stevie brown,placed on ir with hamstring injury,,,,11/29/2011,
2011,Eagles,,moise fokou,placed on ir with ankle injury,,,,11/29/2011,
2011,Lions,,ryan donahue,placed on ir with right quadriceps injury,,,,11/29/2011,
2011,Vikings,,cullen loeffler,placed on ir with back injury,,,,11/29/2011,
2011,Vikings,,husain abdullah,placed on ir with concussion,,,,11/29/2011,
2011,Vikings,,michael jenkins,placed on ir with knee injury,,,,11/29/2011,
2011,Vikings,,tyrell johnson,placed on ir with hamstring injury,,,,11/29/2011,
2011,Bears,,brian iwuh,placed on ir,,,,11/30/2011,
2011,Bills,,torell troup,placed on ir with back injury,,,,11/30/2011,
2011,Chargers,,marcus mcneill,placed on ir with neck injury,,,,11/30/2011,
2011,Giants,,william beatty  will beatty,placed on ir with eye injury,,,,11/30/2011,
2011,Jaguars,,courtney greene,placed on ir with hamstring injury,,,,11/30/2011,
2011,Saints,,greg romeus,placed on ir with knee injury,,,,11/30/2011,
2011,Texans,,matt leinart,placed on ir with fractured left collarbone,,,,11/30/2011,
2011,Seahawks,,sidney rice,placed on ir with concussion,,,,12/1/2011,
2011,Jaguars,,brian robiskie,placed on ir with hamstring injury,,,,12/2/2011,
2011,Jaguars,,william middleton,placed on ir with knee injury,,,,12/3/2011,
2011,Colts,,jerraud powers,placed on ir with dislocated elbow,,,,12/5/2011,
2011,Colts,,terrence johnson,placed on ir with forearm injury,,,,12/5/2011,
2011,Eagles,,colt anderson,placed on ir with torn acl in left knee,,,,12/5/2011,
2011,Colts,,drake nevis,placed on ir with back injury,,,,12/6/2011,
2011,Jaguars,,john chick b 1982-11-20,placed on ir with knee injury,,,,12/6/2011,
2011,Panthers,,sione fua,placed on ir with right hamstring injury,,,,12/6/2011,
2011,Panthers,,terrell mcclain,placed on ir with left knee injury,,,,12/6/2011,
2011,Seahawks,,russell okung,placed on ir with torn right pectoral muscle,,,,12/6/2011,
2011,Texans,,brett hartmann,placed on ir with torn acl in left knee,,,,12/6/2011,
2011,Bengals,,pat sims,placed on ir with ankle injury,,,,12/7/2011,
2011,Giants,,stacy andrews,placed on ir with illness,,,,12/7/2011,
2011,Packers,,andrew quarless,placed on ir with knee injury,,,,12/7/2011,
2011,Rams,,jacob bell,placed on ir with mcl injury in right knee,,,,12/7/2011,
2011,Bills,,rian lindell,placed on ir with shoulder injury,,,,12/8/2011,
2011,Chargers,,luis castillo,placed on ir with tibia injury,,,,12/8/2011,
2011,Steelers,,chris hoke,placed on ir with neck injury,,,,12/8/2011,
2011,Steelers,,jonathan dwyer,placed on ir with foot injury,,,,12/8/2011,
2011,Buccaneers,,tim crowder,placed on ir with concussion,,,,12/9/2011,
2011,Cowboys,,phillip tanner,placed on ir with hamstring injury,,,,12/9/2011,
2011,Jaguars,,aaron kampman,placed on ir with knee/hamstring injury,,,,12/9/2011,
2011,Patriots,,jermaine cunningham,placed on ir with hamstring injury,,,,12/10/2011,
2011,Bengals,,bobbie williams,placed on ir with ankle injury,,,,12/12/2011,
2011,Buccaneers,,jacob cutrera,placed on ir with head injury,,,,12/12/2011,
2011,Buccaneers,,john mccargo,placed on ir with triceps injury,,,,12/12/2011,
2011,Eagles,,steve smith b 1985-05-06,placed on ir with left knee injury,,,,12/12/2011,
2011,Jaguars,,chris prosinski,placed on ir with thumb injury,,,,12/12/2011,
2011,Jaguars,,tj heath,placed on ir with shoulder injury,,,,12/12/2011,
2011,Jets,,jim leonhard andrew,placed on ir with torn patellar tendon in right knee,,,,12/12/2011,
2011,Redskins,,chris baker isaiah,placed on ir with quadriceps injury,,,,12/12/2011,
2011,Vikings,,stephen burton,placed on ir with strained mcl in knee,,,,12/12/2011,
2011,Cowboys,,barry church,placed on ir with shoulder injury,,,,12/13/2011,
2011,Cowboys,,demarco murray,placed on ir with fractured right ankle,,,,12/13/2011,
2011,Panthers,,jason phillips wesley,placed on ir with right calf injury,,,,12/13/2011,
2011,Seahawks,,ron parker b 1987-08-17,placed on ir with achilles tendon injury,,,,12/13/2011,
2011,Titans,,barrett ruud,placed on ir with groin injury,,,,12/13/2011,
2011,Cowboys,,jon kitna,placed on ir with back injury,,,,12/14/2011,
2011,Rams,,brit miller,placed on ir with knee injury,,,,12/14/2011,
2011,Titans,,anthony smith b,placed on ir with groin injury,,,,12/14/2011,
2011,Browns,,benjamin watson  ben watson,placed on ir with concussion,,,,12/16/2011,
2011,Redskins,,laron landry,placed on ir with groin / achilles tendon injury,,,,12/16/2011,
2011,Panthers,,bryant browning,placed on ir with wrist injury,,,,12/17/2011,
2011,Bears,,chris conte,placed on ir with ankle injury,,,,12/19/2011,
2011,Seahawks,,mike williams troy,placed on ir with fractured leg,,,,12/19/2011,
2011,Titans,,javon ringer,placed on ir with hand injury,,,,12/19/2011,
2011,Bears,,johnny knox,placed on ir recovering from surgery on back,,,,12/19/2011,
2011,Bills,,lee smith b 1987-11-21,placed on ir with left ankle injury,,,,12/20/2011,
2011,Browns,,e alex smith,placed on ir with shoulder injury,,,,12/20/2011,
2011,Browns,,titus brown,placed on ir with knee injury,,,,12/20/2011,
2011,Buccaneers,,aqib talib,placed on ir with right hamstring injury,,,,12/20/2011,
2011,Dolphins,,koa misi,placed on ir with shoulder injury,,,,12/20/2011,
2011,Jaguars,,darcel mcbath,placed on ir with forearm injury,,,,12/20/2011,
2011,Packers,,derek sherrod,placed on ir with fractured right leg,,,,12/20/2011,
2011,Patriots,,andre carter a,placed on ir with left quadriceps injury,,,,12/20/2011,
2011,Rams,,josh hull,placed on ir with ankle injury,,,,12/20/2011,
2011,Cardinals,,joey porter,placed on ir with knee injury,,,,12/21/2011,
2011,Ravens,,chavis williams,placed on ir wiith right foot injury,,,,12/21/2011,
2011,Browns,,tj ward,placed on ir with foot injury,,,,12/22/2011,
2011,Panthers,,captain munnerlyn,placed on ir with hamstring injury,,,,12/23/2011,
2011,Steelers,,curtis brown jamall,placed on ir with knee injury,,,,12/23/2011,
2011,Jaguars,,ashton youboty,placed on ir with hamstring injury,,,,12/26/2011,
2011,Jaguars,,matt roth,placed on ir with concussion,,,,12/26/2011,
2011,Ravens,,david reed,placed on ir with knee injury,,,,12/26/2011,
2011,Vikings,,adrian peterson lewis,"placed on ir with torn acl, mcl in left knee",,,,12/26/2011,
2011,Bears,,jay cutler,placed on ir with fractured right thumb,,,,12/27/2011,
2011,Bears,,matt forte,placed on ir with right knee injury,,,,12/27/2011,
2011,Bengals,,andre caldwell  bubba caldwell,placed on ir with sports hernia / groin injury,,,,12/27/2011,
2011,Bills,,mike caussin,placed on ir with knee injury,,,,12/27/2011,
2011,Chargers,,bront bird,placed on ir with knee injury,,,,12/27/2011,
2011,Cowboys,,montrae holland,placed on ir with strained bicep,,,,12/27/2011,
2011,Eagles,,kurt coleman,placed on ir with biceps injury,,,,12/27/2011,
2011,Falcons,,kelvin hayden,placed on ir with toe injury,,,,12/27/2011,
2011,Falcons,,mike peterson b,placed on ir with triceps injury,,,,12/27/2011,
2011,Bills,,dave rayner,placed on ir with groin injury,,,,12/28/2011,
2011,Colts,,philip wheeler,placed on ir with foot injury,,,,12/28/2011,
2011,Dolphins,,jake long,placed on ir with biceps injury,,,,12/28/2011,
2011,Vikings,,steve hutchinson,placed on ir with concussion,,,,12/28/2011,
2011,Panthers,,legedu naanee,placed on ir with fractured foot,,,,12/30/2011,
2011,Cardinals,,brandon keith,placed on ir with ankle injury,,,,12/31/2011,
2011,Chiefs,,jackie battle,placed on ir with foot injury,,,,12/31/2011,
2011,Cowboys,,mat mcbriar,placed on ir with left foot injury,,,,12/31/2011,
2011,Broncos,,chris kuper,placed on ir with fractured left leg,,,,1/2/2012,
2011,Saints,,mark ingram ii  mark ingram jr,placed on ir with sprained left toe,,,,1/3/2012,
2011,Saints,,will herring,placed on ir with sprained mcl in right knee,,,,1/3/2012,
2011,Steelers,,rashard mendenhall,placed on ir with torn acl in right knee,,,,1/3/2012,
2011,Steelers,,chris carter darnell,placed on ir with hamstring injury,,,,1/4/2012,
2011,Broncos,,spencer larsen,placed on ir with knee injury,,,,1/10/2012,
2012,Giants,,brian witherspoon,placed on ir,,,,5/29/2012,
2012,Patriots,,brad herman,placed on ir with achilles tendon injury,,,,6/11/2012,
2012,Chargers,,nick polk,placed on ir with undisclosed injury,,,,6/12/2012,
2012,Ravens,,mike mcadoo,placed on ir with achilles tendon injury,,,,6/12/2012,
2012,Chiefs,,martin rucker,placed on ir with torn acl in right knee,,,,6/13/2012,
2012,Saints,,greg romeus,placed on ir with left knee injury,,,,6/25/2012,
2012,Redskins,,chase minnifield,placed on ir with right knee injury,,,,7/25/2012,
2012,Cardinals,,blake dechristopher,placed on ir with back injury,,,,7/25/2012,
2012,Jaguars,,reggie corner,placed on ir with knee injury,,,,7/30/2012,
2012,Chiefs,,kyle mccarthy,placed on ir with knee injury,,,,7/31/2012,
2012,Jets,,royce adams,placed on ir,,,,7/31/2012,
2012,Vikings,,nick taylor,placed on ir,,,,7/31/2012,
2012,Cardinals,,ryan bartholomew,placed on ir with knee injury,,,,8/2/2012,
2012,Colts,,aj edds,placed on ir with torn acl in left knee,,,,8/2/2012,
2012,Eagles,,ronald johnson,placed on ir with left ankle injury,,,,8/2/2012,
2012,Patriots,,jamey richard,placed on ir with concussion,,,,8/2/2012,
2012,Lions,,michael cosgrove,placed on ir with undisclosed injury,,,,8/2/2012,
2012,Bills,,chris douglas b,placed on ir,,,,8/3/2012,
2012,Broncos,,d'andre goodwin,placed on ir with ankle injury,,,,8/3/2012,
2012,Colts,,ben ijalana,placed on ir with knee injury,,,,8/3/2012,
2012,Saints,,chris givens b 1989-12-06,placed on ir with undisclosed injury,,,,8/3/2012,
2012,Bengals,,shaun prater,placed on ir with knee injury,,,,8/4/2012,
2012,Colts,,aj edds,placed on ir,,,,8/4/2012,
2012,Steelers,,terry carter b,placed on ir with undisclosed injury,,,,8/4/2012,
2012,Titans,,eugene amano,placed on ir with triceps injury,,,,8/4/2012,
2012,Eagles,,ron johnson,placed on ir,,,,8/5/2012,
2012,Lions,,ronnie sneed,placed on ir with undisclosed injury,,,,8/5/2012,
2012,Broncos,,mario fannin,placed on ir with knee injury,,,,8/7/2012,
2012,Saints,,scott winnewisser,placed on ir with undisclosed injury,,,,8/7/2012,
2012,Vikings,,greg childs,placed on ir with knee injury,,,,8/7/2012,
2012,Packers,,mike mccabe b,placed on ir with hip injury,,,,8/9/2012,
2012,Texans,,keyaron fox,placed on ir with knee injury,,,,8/9/2012,
2012,Chargers,,patrick doyle,placed on ir with undisclosed injury,,,,8/10/2012,
2012,Falcons,,bradie ewing,placed on ir with torn acl in right knee,,,,8/11/2012,
2012,Panthers,,lee ziemba,placed on ir,,,,8/11/2012,
2012,Titans,,alex watkins,placed on ir with undisclosed injury,,,,8/11/2012,
2012,Falcons,,adam nissley,placed on ir with undisclosed injury,,,,8/13/2012,
2012,Saints,,aj davis b,placed on ir with undisclosed injury,,,,8/13/2012,
2012,Saints,,andrew tiller,placed on ir with triceps injury,,,,8/13/2012,
2012,49ers,,garrett chisolm,placed on ir with undisclosed injury,,,,8/14/2012,
2012,Browns,,eddie williams,placed on ir with undisclosed injury,,,,8/14/2012,
2012,Jaguars,,taylor price,placed on ir with foot injury,,,,8/14/2012,
2012,Packers,,eric lair,placed on ir with knee injury,,,,8/14/2012,
2012,Patriots,,dane fletcher,placed on ir with torn acl in knee,,,,8/14/2012,
2012,Redskins,,darius hanks,placed on ir with undisclosed injury,,,,8/14/2012,
2012,Redskins,,chris neild,placed on ir with torn acl in left knee (date approximate),,,,8/15/2012,
2012,Steelers,,david johnson b 1987-08-26,placed on ir with torn acl in right knee,,,,8/15/2012,
2012,Steelers,,john clay b 1988-01-04,placed on ir with torn quadricep,,,,8/15/2012,
2012,Colts,,anthony jackson  buddy jackson,placed on ir,,,,8/16/2012,
2012,Colts,,scott lutrus,placed on ir with torn acl in knee,,,,8/16/2012,
2012,Giants,,martin parker,placed on ir,,,,8/16/2012,
2012,Giants,,shaun rogers,placed on ir with blood clot in leg,,,,8/16/2012,
2012,Lions,,drew coleman,placed on ir with concussion,,,,8/16/2012,
2012,Raiders,,duke calhoun,placed on ir with right knee injury,,,,8/16/2012,
2012,Giants,,justin trattou,placed on ir with ankle injury,,,,8/17/2012,
2012,Raiders,,mario kurn,placed on ir with right knee injury,,,,8/17/2012,
2012,Saints,,chris chamberlain,placed on ir with torn acl in left knee,,,,8/19/2012,
2012,Panthers,,nate ness,placed on ir with concussion,,,,8/20/2012,
2012,Titans,,gerald mcrath,placed on ir with torn patella tendon in left knee,,,,8/20/2012,
2012,Lions,,don carey,placed on ir with undisclosed injury,,,,8/21/2012,
2012,Lions,,nathan overbay,placed on ir with undisclosed injury,,,,8/21/2012,
2012,Patriots,,kyle hix,placed on ir with shoulder injury,,,,8/21/2012,
2012,Saints,,fenuki tupou,placed on ir with triceps injury,,,,8/21/2012,
2012,Seahawks,,dexter davis alexander,placed on ir with hip injury,,,,8/21/2012,
2012,Bears,,demario pressley,placed on ir,,,,8/23/2012,
2012,Bengals,,travelle wharton,placed on ir with torn acl in right knee,,,,8/23/2012,
2012,Bills,,joshua nesbitt  josh nesbitt,placed on ir,,,,8/23/2012,
2012,Bills,,torell troup,placed on ir with spinal fusion surgery,,,,8/23/2012,
2012,Broncos,,joshua moore,placed on ir with undisclosed injury,,,,8/23/2012,
2012,Bengals,,brandon ghee,placed on ir with wrist injury,,,,8/24/2012,
2012,Bengals,,robert sands,placed on ir with chest injury,,,,8/24/2012,
2012,Bengals,,shaun prater,placed on ir with knee injury,,,,8/24/2012,
2012,Bengals,,taveon rogers,placed on ir with shoulder injury,,,,8/24/2012,
2012,Bills,,cris hill  chris hill,placed on ir,,,,8/24/2012,
2012,Cardinals,,levi brown james,placed on ir with triceps injury,,,,8/24/2012,
2012,Cowboys,,isaiah greenhouse,placed on ir with undisclosed injury,,,,8/24/2012,
2012,Dolphins,,kelcie mccray,placed on ir with foot injury,,,,8/25/2012,
2012,Bears,,brandon hardin,placed on ir with neck injury,,,,8/27/2012,
2012,Broncos,,jason hunter,placed on ir with triceps injury,,,,8/27/2012,
2012,Broncos,,tyler grisham,placed on ir with knee injury,,,,8/27/2012,
2012,Browns,,chris gocong,placed on ir with torn right achilles tendon,,,,8/27/2012,
2012,Browns,,emmanuel acho,placed on ir with undisclosed injury,,,,8/27/2012,
2012,Buccaneers,,davin joseph,placed on ir with torn patellar tendon in right knee,,,,8/27/2012,
2012,Cardinals,,jared crank,placed on ir with neck injury,,,,8/27/2012,
2012,Colts,,brandon mckinney,placed on ir with knee injury,,,,8/27/2012,
2012,Colts,,george foster,placed on ir with undisclosed injury,,,,8/27/2012,
2012,Colts,,griff whalen,placed on ir with foot injury,,,,8/27/2012,
2012,Cowboys,,caleb mcsurdy,placed on ir with achilles tendon injury,,,,8/27/2012,
2012,Eagles,,mike gibson,placed on ir with hip injury,,,,8/27/2012,
2012,Falcons,,will svitek,placed on ir with upper right arm injury,,,,8/27/2012,
2012,Giants,,brandon mosley,placed on ir with ankle injury,,,,8/27/2012,
2012,Jaguars,,drew nowak,placed on ir with foot injury,,,,8/27/2012,
2012,Jaguars,,jason spitz,placed on ir with ankle injury,,,,8/27/2012,
2012,Jaguars,,john estes,placed on ir with knee injury,,,,8/27/2012,
2012,Jaguars,,matt veldman,placed on ir with sprained mcl in knee,,,,8/27/2012,
2012,Lions,,bill nagy,placed on ir with left ankle injury,,,,8/27/2012,
2012,Lions,,jonathan scott,placed on ir with right knee injury,,,,8/27/2012,
2012,Packers,,desmond bishop,placed on ir with hamstring injury,,,,8/27/2012,
2012,Panthers,,brandon hogan,placed on ir with knee injury,,,,8/27/2012,
2012,Patriots,,josh barrett,placed on ir with undisclosed injury,,,,8/27/2012,
2012,Patriots,,spencer larsen,placed on ir with undisclosed injury,,,,8/27/2012,
2012,Patriots,,will allen d,placed on ir with undisclosed injury,,,,8/27/2012,
2012,Rams,,trevor laws,placed on ir with knee injury,,,,8/27/2012,
2012,Ravens,,darryl blackstock,"placed on ir with ankle, groin injuries",,,,8/27/2012,
2012,Ravens,,emanuel cook,placed on ir with fractured right leg,,,,8/27/2012,
2012,Ravens,,ryan mcbean,placed on ir with fractured left ankle,,,,8/27/2012,
2012,Ravens,,stevie baggs,placed on ir with leg injury,,,,8/27/2012,
2012,Seahawks,,roy lewis a,placed on ir,,,,8/27/2012,
2012,Texans,,randy bullock,placed on ir with groin injury,,,,8/27/2012,
2012,Titans,,marc mariani,placed on ir with fractured left leg,,,,8/27/2012,
2012,Vikings,,kamar jorden,placed on ir,,,,8/27/2012,
2012,Giants,,julian talley,placed on ir with ankle injury,,,,8/27/2012,
2012,49ers,,joe hastings,placed on ir with undisclosed injury,,,,8/28/2012,
2012,49ers,,kourtnei brown,placed on ir with hamstring injury,,,,8/28/2012,
2012,Bears,,,placed on ir,,,,8/28/2012,
2012,Bears,,nick pieschel,placed on ir,,,,8/28/2012,
2012,Browns,,antwuan reed,placed on ir with undisclosed injury,,,,8/28/2012,
2012,Browns,,auston english,placed on ir with undisclosed injury,,,,8/28/2012,
2012,Browns,,marcus benard,placed on ir with dislocated elbow,,,,8/28/2012,
2012,Cowboys,,donavon kemp,placed on ir with torn acl in left knee,,,,8/28/2012,
2012,Eagles,,brian hernandez,placed on ir,,,,8/28/2012,
2012,Eagles,,tom nelson,placed on ir,,,,8/28/2012,
2012,Jaguars,,brock bolen,placed on ir with knee injury,,,,8/28/2012,
2012,Jets,,josh baker,placed on ir with torn acl in right knee,,,,8/28/2012,
2012,Lions,,slade norris,placed on ir with undisclosed injury,,,,8/28/2012,
2012,Packers,,demarco cosby,placed on ir with hamstring injury,,,,8/28/2012,
2012,Packers,,du'ane bennett  duane bennett,placed on ir with knee injury,,,,8/28/2012,
2012,Packers,,johnny jones iii,placed on ir with knee injury,,,,8/28/2012,
2012,Packers,,ray dominguez,placed on ir with undisclosed injury,,,,8/28/2012,
2012,Packers,,shaky smithson,placed on ir with undisclosed injury,,,,8/28/2012,
2012,Patriots,,ross ventrone,placed on ir with undisclosed injury,,,,8/28/2012,
2012,Raiders,,ed wang,placed on ir with shoulder injury,,,,8/28/2012,
2012,Raiders,,rashawn jackson,placed on ir with hip injury,,,,8/28/2012,
2012,Rams,,danario alexander,placed on ir,,,,8/28/2012,
2012,Redskins,,lance lewis b 1988-11-01,placed on ir with groin injury,,,,8/28/2012,
2012,Seahawks,,cameron morrah,placed on ir,,,,8/28/2012,
2012,Seahawks,,jameson konz,placed on ir with undisclosed injury,,,,8/28/2012,
2012,Seahawks,,lazarius levingston  pep levingston,placed on ir,,,,8/28/2012,
2012,Texans,,greg williams b 1988-12-06,placed on ir,,,,8/28/2012,
2012,Texans,,ra'shon harris  sunny harris,placed on ir with triceps injury,,,,8/28/2012,
2012,Colts,,jarred fayson,placed on ir,,,,8/29/2012,
2012,Raiders,,zach hurd,placed on ir with head injury,,,,8/29/2012,
2012,,,thomas clayton,placed on ir,,,,8/31/2012,
2012,Bengals,,tony dye,placed on ir with ankle injury,,,,8/31/2012,
2012,Bills,,zebrie sanders,placed on ir with undisclosed injury,,,,8/31/2012,
2012,Broncos,,jeremy beal,placed on ir with left knee injury,,,,8/31/2012,
2012,Cardinals,,javarris james,placed on ir with knee injury,,,,8/31/2012,
2012,Cardinals,,richard bartel  rich bartel,placed on ir with shoulder injury,,,,8/31/2012,
2012,Chargers,,sean cattouse,placed on ir with undisclosed injury,,,,8/31/2012,
2012,Chiefs,,alex tanney,placed on ir with undisclosed injury,,,,8/31/2012,
2012,Chiefs,,dequan menzie,placed on ir with undisclosed injury,,,,8/31/2012,
2012,Colts,,jabin sambrano,placed on ir with undisclosed injury,,,,8/31/2012,
2012,Colts,,korey lindsey,placed on ir with undisclosed injury,,,,8/31/2012,
2012,Falcons,,shann schillinger,placed on ir with fractured ankle,,,,8/31/2012,
2012,Giants,,shaun rogers,placed on ir with blood clot in leg,,,,8/31/2012,
2012,Giants,,terrell thomas,placed on ir with right knee injury,,,,8/31/2012,
2012,Jaguars,,will rackley,placed on ir with ankle injury,,,,8/31/2012,
2012,Packers,,vic so'oto,placed on ir with ankle injury,,,,8/31/2012,
2012,Patriots,,jeff demps,placed on ir with leg injury,,,,8/31/2012,
2012,Raiders,,brandon underwood,placed on ir with hip/groin injury,,,,8/31/2012,
2012,Raiders,,marquette king,placed on ir with toe injury,,,,8/31/2012,
2012,Raiders,,tory humphrey,placed on ir with hamstring injury,,,,8/31/2012,
2012,Ravens,,damien berry,placed on ir with neck/shoulder injury,,,,8/31/2012,
2012,Ravens,,justin boren,placed on ir with foot injury,,,,8/31/2012,
2012,Ravens,,matt balasavage,placed on ir with ankle injury,,,,8/31/2012,
2012,Ravens,,ricky brown gerald,placed on ir with head injury,,,,8/31/2012,
2012,Ravens,,tommy streeter,placed on ir with foot injury,,,,8/31/2012,
2012,Saints,,joe banyard,placed on ir with undisclosed injury,,,,8/31/2012,
2012,Saints,,jose gumbs,placed on ir with undisclosed injury,,,,8/31/2012,
2012,Saints,,marquis johnson,placed on ir with undisclosed injury,,,,8/31/2012,
2012,Saints,,nick toon,placed on ir with undisclosed injury,,,,8/31/2012,
2012,Seahawks,,matt mccoy garrett,placed on ir with knee injury,,,,8/31/2012,
2012,Steelers,,jeremy kapinos,placed on ir,,,,8/31/2012,
2012,Steelers,,sean spence,placed on ir with torn acl in left knee,,,,8/31/2012,
2012,Texans,,rashad butler,placed on ir with triceps injury,,,,8/31/2012,
2012,Titans,,dave ball,placed on ir with concussion,,,,8/31/2012,
2012,Titans,,kevin malast,placed on ir with undisclosed injury,,,,8/31/2012,
2012,Titans,,leger douzable,placed on ir with shoulder injury,,,,8/31/2012,
2012,Titans,,ryan durand,placed on ir with undisclosed injury,,,,8/31/2012,
2012,Titans,,terrence wheatley,placed on ir with knee injury,,,,8/31/2012,
2012,Vikings,,demarcus love,placed on ir with pectoral injuries,,,,8/31/2012,
2012,Ravens,,bruce figgins,placed on ir with shoulder injury,,,,8/31/2012,
2012,Bears,,dom decicco,placed on ir,,,,9/1/2012,
2012,Buccaneers,,desmond wynn,placed on ir with undisclosed injury,,,,9/1/2012,
2012,Cardinals,,brandon williams b 1988-06-21,placed on ir,,,,9/1/2012,
2012,Cardinals,,stephen williams jacob,placed on ir,,,,9/1/2012,
2012,Chiefs,,mikail baker,placed on ir,,,,9/1/2012,
2012,Colts,,brandon king marico,placed on ir with undisclosed injury,,,,9/1/2012,
2012,Colts,,deji karim,placed on ir with undisclosed injury,,,,9/1/2012,
2012,Colts,,james aiono,placed on ir with undisclosed injury,,,,9/1/2012,
2012,Colts,,mike newton,placed on ir with undisclosed injury,,,,9/1/2012,
2012,Colts,,tim fugger,placed on ir with undisclosed injury,,,,9/1/2012,
2012,Dolphins,,jarrell root,placed on ir with leg injury,,,,9/1/2012,
2012,Falcons,,kerry meier,placed on ir,,,,9/1/2012,
2012,Giants,,bruce johnson b 1987-02-18,placed on ir,,,,9/1/2012,
2012,Jaguars,,odrick ray,placed on ir with undisclosed injury,,,,9/1/2012,
2012,Lions,,austin wells,placed on ir with undisclosed injury,,,,9/1/2012,
2012,Lions,,reshard langford,placed on ir,,,,9/1/2012,
2012,Panthers,,darius butler,placed on ir,,,,9/1/2012,
2012,Panthers,,lee ziemba,placed on ir with knee injury,,,,9/1/2012,
2012,Panthers,,tauren poole,placed on ir with ribs injury,,,,9/1/2012,
2012,Redskins,,dorson boyce,placed on ir with undisclosed injury,,,,9/1/2012,
2012,Redskins,,tristan davis,placed on ir with undisclosed injury,,,,9/1/2012,
2012,Seahawks,,cooper helfet,placed on ir,,,,9/1/2012,
2012,Seahawks,,vai taua,placed on ir with undisclosed injury,,,,9/1/2012,
2012,Texans,,jerrell jackson,placed on ir with undisclosed injury,,,,9/1/2012,
2012,Browns,,scott paxson,placed on ir,,,,9/2/2012,
2012,Jaguars,,zach miller scott,placed on ir with calf injury,,,,9/2/2012,
2012,Raiders,,jamie cumbie,placed on ir with foot injury,,,,9/2/2012,
2012,49ers,,parys haralson,placed on ir with arm injury,,,,9/3/2012,
2012,Cardinals,,jeremy bridges,placed on ir with thumb injury,,,,9/3/2012,
2012,Bengals,,kyle cook,placed on ir with foot injury,,,,9/4/2012,
2012,Bills,,ron brooks a,placed on ir with foot injury,,,,9/4/2012,
2012,Chargers,,vincent brown jr,placed on ir with ankle injury,,,,9/4/2012,
2012,Dolphins,,artis hicks,placed on ir with neck injury,,,,9/4/2012,
2012,Jaguars,,brett brackett,placed on ir with knee injury,,,,9/4/2012,
2012,Patriots,,visanthe shiancoe,placed on ir with hamstring injury,,,,9/5/2012,
2012,Falcons,,tim toone,placed on ir,,,,9/7/2012,
2012,Steelers,,david decastro,placed on ir with surgery on knee,,,,9/7/2012,
2012,Bears,,lorenzo booker,placed on ir with head injury,,,,9/8/2012,
2012,Saints,,marcel jones,placed on ir with left knee injury,,,,9/8/2012,
2012,Redskins,,jordan bernstine,"placed on ir with torn acl, mcl, pcl in right knee",,,,9/10/2012,
2012,Redskins,,jordan morris,placed on ir,,,,9/10/2012,
2012,Bills,,david nelson b,placed on ir with torn acl in right knee,,,,9/11/2012,
2012,Broncos,,ty warren,placed on ir with triceps injury,,,,9/11/2012,
2012,Falcons,,brent grimes,placed on ir with torn achilles tendon,,,,9/11/2012,
2012,Redskins,,nick sundberg,placed on ir with arm injury,,,,9/11/2012,
2012,Rams,,scott wells,placed on ir with left foot injury,,,,9/12/2012,
2012,Saints,,adrian arrington,placed on ir with right knee injury,,,,9/12/2012,
2012,Bengals,,thomas howard arquis,placed on ir with torn acl in knee,,,,9/14/2012,
2012,Raiders,,jacoby ford,placed on ir with foot injury,,,,9/15/2012,
2012,Raiders,,ronald bartell  ron bartell,placed on ir with shoulder injury,,,,9/15/2012,
2012,Bengals,,jamaal anderson,placed on ir with torn left quadriceps tendon,,,,9/18/2012,
2012,Broncos,,philip blake,placed on ir with thumb injury,,,,9/18/2012,
2012,Eagles,,jason kelce,"placed on ir with torn acl, mcl in right knee",,,,9/18/2012,
2012,Rams,,rokevious watkins,placed on ir with ankle injury,,,,9/18/2012,
2012,Redskins,,adam carriker,placed on ir with torn right quadriceps tendon,,,,9/18/2012,
2012,Redskins,,brian orakpo,placed on ir with torn left pectoral muscle,,,,9/18/2012,
2012,Lions,,drayton florence,placed on ir with forearm injury,,,,9/19/2012,
2012,Buccaneers,,sammie stroughter,placed on ir with fractured right foot,,,,9/21/2012,
2012,Buccaneers,,adrian clayborn,placed on ir with torn ligaments in right knee,,,,9/25/2012,
2012,Chiefs,,jacques reeves,placed on ir with hamstring injury,,,,9/25/2012,
2012,Colts,,austin collie,placed on ir with ruptured patellar tendon in right knee,,,,9/25/2012,
2012,Lions,,ben graham,placed on ir with calf injury,,,,9/25/2012,
2012,Cardinals,,chris wells  beanie wells,placed on ir with turf toe,,,,9/26/2012,
2012,Chiefs,,rodney hudson,placed on ir with fractured right leg,,,,9/26/2012,
2012,Cowboys,,barry church,placed on ir with torn right achilles tendon,,,,9/26/2012,
2012,Redskins,,crezdon butler,placed on ir with hamstring injury,,,,9/26/2012,
2012,Redskins,,roy helu jr,placed on ir with achilles tendon injury,,,,9/26/2012,
2012,Titans,,keyunta dawson,placed on ir with hamstring injury,,,,9/26/2012,
2012,Broncos,,quinton carter,placed on ir with knee injury,,,,9/29/2012,
2012,Broncos,,jd walton,placed on ir with left ankle injury,,,,10/1/2012,
2012,Jets,,dedrick epps,placed on ir with knee injury,,,,10/2/2012,
2012,Chiefs,,kevin boss,placed on ir with concussion,,,,10/3/2012,
2012,Dolphins,,mike rivera,placed on ir with groin injury,,,,10/3/2012,
2012,Jets,,santonio holmes,placed on ir with left foot injury,,,,10/3/2012,
2012,Panthers,,mike pollak,placed on ir with shoulder injury,,,,10/6/2012,
2012,Bengals,,bernard scott,placed on ir with left knee injury,,,,10/8/2012,
2012,Colts,,seth olsen,placed on ir with knee injury,,,,10/8/2012,
2012,Bills,,colin brown,placed on ir with hamstring injury,,,,10/9/2012,
2012,Buccaneers,,anthony gaitor,placed on ir with hamstring injury,,,,10/9/2012,
2012,Cardinals,,ryan williams a,placed on ir with left shoulder injury,,,,10/9/2012,
2012,Jets,,josh mauga,placed on ir with torn pectoral muscle,,,,10/10/2012,
2012,Packers,,cedric benson,placed on ir with foot injury,,,,10/10/2012,
2012,Texans,,brian cushing,placed on ir with torn acl in left knee,,,,10/10/2012,
2012,Panthers,,ryan kalil,placed on ir with lisfranc injury in left foot,,,,10/11/2012,
2012,Browns,,jordan norwood,placed on ir with left foot injury,,,,10/14/2012,
2012,Jets,,darrelle revis,placed on ir with torn acl in left knee,,,,10/14/2012,
2012,Packers,,brandon saine,placed on ir with torn acl in knee,,,,10/15/2012,
2012,Ravens,,lardarius webb,placed on ir with torn acl in left knee,,,,10/16/2012,
2012,Texans,,tim jamison,placed on ir with torn right achilles tendon,,,,10/16/2012,
2012,Packers,,dj smith,placed on ir with torn acl in knee,,,,10/17/2012,
2012,Panthers,,kenny onatolu,placed on ir with torn triceps,,,,10/17/2012,
2012,Ravens,,ray lewis anthony,placed on ir with triceps injury,,,,10/17/2012,
2012,Giants,,da'rel scott,placed on ir with knee injury,,,,10/20/2012,
2012,Browns,,jason pinkston,placed on ir with blood clot in lungs,,,,10/22/2012,
2012,Chargers,,nate kaeding,placed on ir with right groin injury,,,,10/22/2012,
2012,Panthers,,chris gamble,placed on ir with shoulder injury,,,,10/22/2012,
2012,Redskins,,fred davis martin,placed on ir with torn left achilles tendon,,,,10/22/2012,
2012,Cowboys,,chris jones b 1989-07-21,placed on ir with left knee injury,,,,10/24/2012,
2012,Cowboys,,sean lee,placed on ir with ligament damage in right big toe,,,,10/24/2012,
2012,Lions,,nate burleson,placed on ir with fractured right leg,,,,10/24/2012,
2012,Panthers,,jon beason,placed on ir with knee injury,,,,10/24/2012,
2012,Titans,,zac diles,placed on ir with fractured leg,,,,10/24/2012,
2012,Jaguars,,daryl smith l,placed on ir with groin injury,,,,10/25/2012,
2012,Texans,,david hunter,placed on ir with toe injury,,,,10/25/2012,
2012,Patriots,,ras-i dowling,placed on ir with thigh injury,,,,10/26/2012,
2012,Saints,,daniel graham  dan graham b,placed on ir with knee injury,,,,10/26/2012,
2012,Titans,,javon ringer,placed on ir with torn mcl in knee,,,,10/26/2012,
2012,Vikings,,chris cook a,placed on ir with broken arm,,,,10/26/2012,
2012,Browns,,scott fujita,"placed on ir with neck, shoulder injury",,,,10/27/2012,
2012,Broncos,,joe mays,placed on ir with fractured fibula / left ankle,,,,10/30/2012,
2012,Browns,,emmanuel stephens,placed on ir with neck injury,,,,10/30/2012,
2012,Buccaneers,,carl nicks,placed on ir with torn plantar plate in left toe,,,,10/30/2012,
2012,Buccaneers,,danny noble,placed on ir with hamstring injury,,,,10/30/2012,
2012,Chargers,,richard goodman,placed on ir with hamstring injury,,,,10/30/2012,
2012,Falcons,,kerry meier,placed on ir,,,,10/30/2012,
2012,Rams,,matt daniels,placed on ir with torn acl in right knee,,,,10/30/2012,
2012,Seahawks,,ben obomanu,placed on ir with wrist injury,,,,10/30/2012,
2012,Lions,,dwight bentley  bill bentley,placed on ir with shoulder injury,,,,11/1/2012,
2012,Bills,,chad rinehart,placed on ir with ankle injury,,,,11/2/2012,
2012,Browns,,brian sanford,placed on ir with knee injury,,,,11/2/2012,
2012,Bills,,erik pears,placed on ir with hip injury,,,,11/6/2012,
2012,Bills,,terrence mcgee,placed on ir with left knee injury,,,,11/6/2012,
2012,Cardinals,,o'brien schofield,placed on ir with left ankle injury,,,,11/6/2012,
2012,Falcons,,garrett reynolds,placed on ir with shoulder / back injury,,,,11/6/2012,
2012,Panthers,,kealoha pilares,placed on ir with shoulder injury,,,,11/6/2012,
2012,Cowboys,,orie lemon,placed on ir with right hamstring injury,,,,11/7/2012,
2012,Dolphins,,richard marshall b,placed on ir with back injury,,,,11/7/2012,
2012,Eagles,,todd herremans,placed on ir with right foot/ankle injury,,,,11/7/2012,
2012,Packers,,nick perry joel,placed on ir with left wrist injury,,,,11/7/2012,
2012,Titans,,leroy harris jr b 1984-06-06,placed on ir with partially torn acl in right knee,,,,11/7/2012,
2012,Giants,,michael coe,placed on ir with hamstring injury,,,,11/10/2012,
2012,Raiders,,shawntae spencer,placed on ir with foot injury,,,,11/10/2012,
2012,Chiefs,,glenn dorsey,placed on ir with calf injury,,,,11/12/2012,
2012,Colts,,drake nevis,placed on ir with hand injury,,,,11/12/2012,
2012,Colts,,jerraud powers,placed on ir with toe injury,,,,11/12/2012,
2012,Packers,,bryan bulaga,placed on ir with right hip injury,,,,11/12/2012,
2012,Buccaneers,,quincy black,placed on ir with neck injury,,,,11/13/2012,
2012,Falcons,,tommy gallarda,placed on ir with shoulder injury,,,,11/13/2012,
2012,Jets,,isaiah trufant,placed on ir with knee injury,,,,11/13/2012,
2012,Ravens,,bobby rainey,placed on ir with knee injury,,,,11/13/2012,
2012,Cowboys,,kenyon coleman,placed on ir with torn triceps,,,,11/14/2012,
2012,Giants,,markus kuhn,placed on ir with torn acl in knee,,,,11/14/2012,
2012,Panthers,,thomas keiser,placed on ir with elbow injury,,,,11/14/2012,
2012,Raiders,,travis goethel,placed on ir with torn acl in knee,,,,11/14/2012,
2012,Steelers,,chris carter darnell,placed on ir with abdominal injury,,,,11/15/2012,
2012,Chiefs,,jake o'connell,placed on ir with ankle injury,,,,11/17/2012,
2012,Cowboys,,matt johnson c,placed on ir with hamstring injury,,,,11/17/2012,
2012,Lions,,amari spievey,placed on ir with concussion,,,,11/17/2012,
2012,Ravens,,christian thompson,placed on ir with knee injury,,,,11/17/2012,
2012,Bills,,mike caussin,placed on ir with knee injury,,,,11/19/2012,
2012,Redskins,,brandon meriweather,placed on ir with knee injury,,,,11/20/2012,
2012,Broncos,,willis mcgahee,placed on ir with knee injury,,,,11/21/2012,
2012,Chargers,,mike windt,placed on ir with wrist injury,,,,11/21/2012,
2012,Jaguars,,blaine gabbert,"placed on ir with right forearm, left shoulder injuries",,,,11/21/2012,
2012,Jaguars,,laurent robinson,placed on ir with concussion,,,,11/21/2012,
2012,Buccaneers,,arrelious benn,placed on ir with knee injury,,,,11/22/2012,
2012,Chargers,,jared gaither,placed on ir with groin injury,,,,11/23/2012,
2012,Bears,,lance louis,placed on ir with torn acl in left knee,,,,11/26/2012,
2012,Cowboys,,bruce carter edward,placed on ir with dislocated left elbow,,,,11/26/2012,
2012,Giants,,andre brown b,placed on ir with fractured left fibula,,,,11/26/2012,
2012,Ravens,,anthony levine,placed on ir with shoulder injury,,,,11/26/2012,
2012,Redskins,,keenan robinson,placed on ir with pectoral muscle injury,,,,11/26/2012,
2012,Steelers,,marcus gilbert christopher,placed on ir with ankle injury,,,,11/26/2012,
2012,49ers,,kendall hunter,placed on ir with achilles tendon injury,,,,11/27/2012,
2012,Bills,,kyle williams derrick,placed on ir with torn acl in left knee,,,,11/27/2012,
2012,Buccaneers,,cody grimm,placed on ir with hamstring injury,,,,11/27/2012,
2012,Buccaneers,,jeremy trueblood,placed on ir with shoulder injury,,,,11/27/2012,
2012,Chargers,,brandyn dombrowski,placed on ir,,,,11/27/2012,
2012,Chargers,,johnnie troutman,placed on ir,,,,11/27/2012,
2012,Colts,,fili moala,placed on ir with torn acl in knee,,,,11/27/2012,
2012,Colts,,josh chapman,placed on ir with knee injury,,,,11/27/2012,
2012,Eagles,,desean jackson,placed on ir with fractured ribs,,,,11/27/2012,
2012,Eagles,,jason peters,placed on ir with achilles tendon injury,,,,11/27/2012,
2012,Jaguars,,jalen parmele,placed on ir with groin injury,,,,11/27/2012,
2012,Jaguars,,william middleton,placed on ir with concussion,,,,11/27/2012,
2012,Packers,,derek sherrod,placed on ir,,,,11/27/2012,
2012,Panthers,,ron edwards,placed on ir with dislocated left elbow,,,,11/27/2012,
2012,Saints,,bryce harris,placed on ir with fractured leg,,,,11/27/2012,
2012,Titans,,darren evans b 1988-11-09,placed on ir with quadriceps injury,,,,11/27/2012,
2012,Cardinals,,lyle sendlein,placed on ir with torn mcl in knee,,,,11/28/2012,
2012,Chargers,,atari bigby,placed on ir with groin injury,,,,11/28/2012,
2012,Jaguars,,d'anthony smith,placed on ir with neck injury / concussion,,,,11/28/2012,
2012,Cowboys,,ben bass,placed on ir with ankle injury,,,,12/1/2012,
2012,Packers,,andrew quarless,placed on ir with knee injury,,,,12/1/2012,
2012,Packers,,sean richardson,placed on ir with back injury,,,,12/1/2012,
2012,Texans,,brice mccain,placed on ir with left foot injury,,,,12/3/2012,
2012,Bengals,,mohamed sanu,placed on ir with foot injury,,,,12/4/2012,
2012,Chargers,,david molk,placed on ir with thumb injury,,,,12/4/2012,
2012,Chargers,,seyi ajirotutu,placed on ir with hand injury,,,,12/4/2012,
2012,Colts,,justin hickman,placed on ir with hamstring injury,,,,12/4/2012,
2012,Dolphins,,jake long,placed on ir with triceps injury,,,,12/4/2012,
2012,Lions,,ryan broyles,placed on ir with torn acl in left knee,,,,12/4/2012,
2012,Lions,,titus young,placed on ir with knee injury,,,,12/4/2012,
2012,Panthers,,antwan applewhite,placed on ir with hamstring injury,,,,12/4/2012,
2012,Panthers,,sherrod martin,"placed on ir with torn acl, mcl in right knee",,,,12/4/2012,
2012,Patriots,,julian edelman,placed on ir with foot injury,,,,12/4/2012,
2012,Titans,,david stewart,placed on ir with leg injury,,,,12/4/2012,
2012,Titans,,robert johnson b 1987-02-13,placed on ir with foot injury,,,,12/4/2012,
2012,Bears,,patrick trahan,placed on ir with undisclosed injury,,,,12/5/2012,
2012,Bills,,chris kelsay,placed on ir with neck injury,,,,12/5/2012,
2012,Chargers,,antwan barnes,placed on ir with hamstring injury,,,,12/5/2012,
2012,Cowboys,,phil costa,placed on ir with ankle injury,,,,12/5/2012,
2012,Packers,,johnny white,placed on ir with concussion,,,,12/5/2012,
2012,Seahawks,,braylon edwards,placed on ir with knee injury,,,,12/5/2012,
2012,Titans,,steve hutchinson,placed on ir with right knee injury,,,,12/5/2012,
2012,Bills,,chris hairston,placed on ir with knee injury,,,,12/6/2012,
2012,Chiefs,,allen bailey,placed on ir with ankle injury,,,,12/6/2012,
2012,Giants,,sean locklear,placed on ir with knee injury,,,,12/6/2012,
2012,Vikings,,percy harvin,placed on ir with ankle injury,,,,12/6/2012,
2012,Cowboys,,orlando scandrick,placed on ir with hand injury,,,,12/8/2012,
2012,Eagles,,nate menkin,placed on ir with throat injury,,,,12/8/2012,
2012,Buccaneers,,myron lewis,placed on ir with hamstring injury,,,,12/10/2012,
2012,Cardinals,,rich ohrnberger,placed on ir with knee injury,,,,12/10/2012,
2012,49ers,,demarcus dobbs,placed on ir with knee injury,,,,12/11/2012,
2012,Bears,,craig steltz,placed on ir with chest injury,,,,12/11/2012,
2012,Bears,,robbie gould,placed on ir with left calf injury,,,,12/11/2012,
2012,Bears,,sherrick mcmanis,placed on ir with knee injury,,,,12/11/2012,
2012,Bills,,fred jackson,placed on ir with sprained mcl in right knee,,,,12/11/2012,
2012,Colts,,donald brown,placed on ir with ankle injury,,,,12/11/2012,
2012,Colts,,robert hughes b 1989-06-21,placed on ir with knee injury,,,,12/11/2012,
2012,Jaguars,,michael brewster  mike brewster,placed on ir with hand injury,,,,12/11/2012,
2012,Panthers,,haruki nakamura,placed on ir with groin injury,,,,12/11/2012,
2012,Patriots,,donte' stallworth  donte stallworth,placed on ir with ankle injury,,,,12/11/2012,
2012,Cardinals,,kevin kolb,placed on ir with rib injury,,,,12/12/2012,
2012,Chargers,,darrell stuckey,placed on ir with hamstring injury,,,,12/12/2012,
2012,Chargers,,vaughn martin,placed on ir with groin injury,,,,12/12/2012,
2012,Lions,,corey williams dornail,placed on ir with knee injury,,,,12/12/2012,
2012,Titans,,jared cook,placed on ir with torn rotator cuff in shoulder,,,,12/13/2012,
2012,Bengals,,chris pressley,placed on ir with right knee injury,,,,12/15/2012,
2012,Chiefs,,dwayne bowe,placed on ir with rib injury,,,,12/15/2012,
2012,Saints,,charles brown a,placed on ir with knee injury,,,,12/15/2012,
2012,Saints,,malcolm jenkins,placed on ir with hamstring injury,,,,12/15/2012,
2012,Seahawks,,charly martin,placed on ir with calf injury,,,,12/15/2012,
2012,Bears,,matt toeaina,placed on ir with knee injury,,,,12/17/2012,
2012,Bears,,michael bush,placed on ir with rib injury,,,,12/18/2012,
2012,Bills,,arthur moats,placed on ir with ankle injury,,,,12/18/2012,
2012,Browns,,james-michael johnson,placed on ir with knee injury,,,,12/18/2012,
2012,Browns,,tj ward,placed on ir with knee injury,,,,12/18/2012,
2012,Chargers,,malcom floyd,placed on ir with ankle injury,,,,12/18/2012,
2012,Chargers,,reggie wells,placed on ir with ankle injury,,,,12/18/2012,
2012,Chargers,,ryan mathews,placed on ir with clavicle injury,,,,12/18/2012,
2012,Dolphins,,charles clay b 1989-02-13,placed on ir with knee injury,,,,12/18/2012,
2012,Eagles,,clay harbor,placed on ir with back injury,,,,12/18/2012,
2012,Jaguars,,andre branch,placed on ir with groin / hamstring injury,,,,12/18/2012,
2012,Jaguars,,jordan todman,placed on ir with calf injury,,,,12/18/2012,
2012,Lions,,jacob lacey,placed on ir with left knee injury,,,,12/18/2012,
2012,Panthers,,zack williams,placed on ir with torn acl in knee,,,,12/18/2012,
2012,Saints,,corey white b 1990-05-09,placed on ir with knee injury,,,,12/18/2012,
2012,Steelers,,demarcus van dyke,placed on ir with right shoulder injury,,,,12/18/2012,
2012,Steelers,,willie colon,placed on ir with knee injury,,,,12/18/2012,
2012,Dolphins,,daniel thomas,placed on ir with knee injury,,,,12/19/2012,
2012,Jets,,stephen hill,placed on ir with knee injury,,,,12/19/2012,
2012,Lions,,nick fairley,placed on ir with shoulder injury,,,,12/19/2012,
2012,Rams,,harvey dahl,placed on ir with biceps injury,,,,12/19/2012,
2012,Bills,,leodis mckelvin,placed on ir with groin injury,,,,12/20/2012,
2012,Seahawks,,jason jones duane,placed on ir with knee injury,,,,12/20/2012,
2012,Dolphins,,dan carpenter,placed on ir with right groin injury,,,,12/21/2012,
2012,Buccaneers,,aaron morgan,placed on ir with shoulder injury,,,,12/22/2012,
2012,Jaguars,,dwight lowery,placed on ir with foot injury,,,,12/22/2012,
2012,Ravens,,jameel mcclain,placed on ir with neck injury,,,,12/22/2012,
2012,Bills,,scott chandler,placed on ir with knee injury,,,,12/24/2012,
2012,Browns,,mohamed massaquoi,placed on ir with knee injury,,,,12/24/2012,
2012,Falcons,,kevin cone,placed on ir with groin injury,,,,12/24/2012,
2012,Jaguars,,cecil shorts iii,placed on ir with concussion,,,,12/24/2012,
2012,Jaguars,,greg jones k,placed on ir with fractured fibula,,,,12/24/2012,
2012,Jaguars,,rashad jennings,placed on ir with shoulder injury,,,,12/24/2012,
2012,Bengals,,dre kirkpatrick,placed on ir with knee injury,,,,12/25/2012,
2012,Jaguars,,mark asper,placed on ir,,,,12/25/2012,
2012,Browns,,usama young,placed on ir with thumb injury,,,,12/26/2012,
2012,Cardinals,,rob housler,placed on ir with shoulder injury,,,,12/26/2012,
2012,Chargers,,aubrayo franklin,placed on ir with knee injury,,,,12/26/2012,
2012,Chargers,,brandon taylor,placed on ir with knee injury,,,,12/26/2012,
2012,Eagles,,nick foles,placed on ir with fractured right hand,,,,12/26/2012,
2012,Giants,,travis beckum,placed on ir with knee injury,,,,12/26/2012,
2012,Panthers,,amini silatolu,placed on ir with wrist injury,,,,12/26/2012,
2012,Ravens,,laquan williams,placed on ir with thigh injury,,,,12/26/2012,
2012,Steelers,,baron batch,placed on ir with fractured arm,,,,12/26/2012,
2012,Steelers,,heath miller,placed on ir with right knee injury,,,,12/26/2012,
2012,Steelers,,ivan taylor  ike taylor,placed on ir with ankle injury,,,,12/26/2012,
2012,Jets,,aaron berry,placed on ir with hamstring injury,,,,12/27/2012,
2012,Raiders,,richard seymour,placed on ir with hamstring injury,,,,12/27/2012,
2012,49ers,,mario manningham,placed on ir with knee injury,,,,12/28/2012,
2012,Bengals,,mike nugent,placed on ir with strained right calf,,,,12/28/2012,
2012,Jaguars,,maurice jones-drew,placed on ir with foot injury,,,,12/28/2012,
2012,Saints,,pierre thomas,placed on ir with knee injury,,,,12/28/2012,
2012,Steelers,,burnell mike wallace,placed on ir with hip injury,,,,12/28/2012,
2012,Steelers,,curtis brown jamall,placed on ir with ankle injury,,,,12/28/2012,
2012,Steelers,,mike adams b 1990-03-10,placed on ir with ankle injury,,,,12/28/2012,
2012,Titans,,colin mccarthy,placed on ir with concussion,,,,12/28/2012,
2012,Chiefs,,terrance copper,placed on ir with knee injury,,,,12/29/2012,
2012,Lions,,sammie hill  sammie lee hill,placed on ir with toe injury,,,,12/29/2012,
2012,Raiders,,phillip adams,placed on ir with groin injury,,,,12/29/2012,
2012,Seahawks,,walter thurmond iii,placed on ir with hamstring injury,,,,12/31/2012,
2012,Texans,,darryl sharpton,placed on ir with hip injury,,,,1/1/2013,
2012,Redskins,,domonique johnson  dj johnson,placed on ir with knee injury,,,,1/4/2013,
2012,Texans,,tim dobbins,placed on ir with ankle injury,,,,1/4/2013,
2012,Seahawks,,chris clemons b 1981-10-30,placed on ir with torn acl in left knee,,,,1/9/2013,
2012,Seahawks,,steven hauschka,placed on ir with calf injury,,,,1/9/2013,
2012,Ravens,,jah reid,placed on ir with toe injury,,,,1/11/2013,
2012,Patriots,,rob gronkowski,placed on ir with fractured forearm,,,,1/17/2013,
2013,Patriots,,quentin hines,placed on ir with torn labrum in shoulder,,,,5/7/2013,
2013,Steelers,,anthony rashad white,placed on ir with undisclosed injury,,,,5/7/2013,
2013,Cowboys,,brian price larisso,placed on ir with undisclosed injury,,,,5/10/2013,
2013,Bills,,kevin norrell,placed on ir with undisclosed injury,,,,5/15/2013,
2013,Seahawks,,chandler fenner,placed on ir with undisclosed injury,,,,5/15/2013,
2013,Dolphins,,chas alecxih,placed on ir with undisclosed injury,,,,5/16/2013,
2013,Chiefs,,luke patterson,placed on ir with undisclosed injury,,,,5/17/2013,
2013,Dolphins,,taylor stockemer,placed on ir with undisclosed injury,,,,5/17/2013,
2013,Giants,,antonio dennard,placed on ir with undisclosed injury,,,,5/17/2013,
2013,Giants,,michael palmer,placed on ir with undisclosed injury,,,,5/17/2013,
2013,Cardinals,,javone lawson,placed on ir with achilles tendon injury,,,,5/22/2013,
2013,Panthers,,logan brock,placed on ir with undisclosed injury,,,,5/23/2013,
2013,Rams,,cj akins,placed on ir with achilles tendon injury,,,,5/29/2013,
2013,Seahawks,,anthony mccoy,placed on ir with achilles tendon injury,,,,5/29/2013,
2013,Patriots,,tj moe,placed on ir with achilles tendon injury,,,,6/3/2013,
2013,Steelers,,zack pianalto,placed on ir with calf injury,,,,6/4/2013,
2013,Cowboys,,robert callaway  rob callaway,placed on ir recovering from microfracture surgery on knee,,,,6/6/2013,
2013,Steelers,,justin king,placed on ir with hamstring injury,,,,6/6/2013,
2013,Falcons,,adam nissley,placed on ir with undisclosed injury,,,,6/7/2013,
2013,49ers,,alex debniak,placed on ir with undisclosed injury,,,,6/11/2013,
2013,Redskins,,doug worthington,placed on ir with biceps injury,,,,6/13/2013,
2013,Redskins,,deangelo peterson,placed on ir with foot injury,,,,6/13/2013,
2013,49ers,,brandon carswell,placed on ir with torn acl in right knee,,,,6/19/2013,
2013,Panthers,,rj webb,placed on ir with torn acl in right knee,,,,6/20/2013,
2013,Rams,,phillip steward,placed on ir with achilles tendon injury,,,,7/18/2013,
2013,Jets,,thomas mayo,placed on ir with knee injury,,,,7/24/2013,
2013,Texans,,phillip supernaw,placed on ir with foot injury,,,,7/26/2013,
2013,Broncos,,lucas reed,placed on ir with hamstring injury,,,,7/28/2013,
2013,Chargers,,jonas mouton,placed on ir with torn acl in right knee,,,,7/28/2013,
2013,Jets,,aaron berry,placed on ir with torn acl in knee,,,,7/28/2013,
2013,Eagles,,jason phillips wesley,placed on ir torn acl in right knee,,,,7/29/2013,
2013,Broncos,,dan koppen,placed on ir with torn acl in left knee,,,,7/30/2013,
2013,Colts,,brandon mckinney,placed on ir with left knee injury,,,,7/30/2013,
2013,Eagles,,jeremy maclin,placed on ir with torn acl in right knee,,,,7/30/2013,
2013,49ers,,darius fleming,placed on ir with torn acl in knee,,,,7/31/2013,
2013,Rams,,braden brown,placed on ir with back injury,,,,7/31/2013,
2013,Rams,,kevin saia,placed on ir with foot injury,,,,7/31/2013,
2013,Ravens,,spencer adkins,placed on ir with hamstring injury,,,,7/31/2013,
2013,Chargers,,chibuikem okoro  kenny okoro,placed on ir with undisclosed injury,,,,8/1/2013,
2013,Cowboys,,ikponmwosa igbinosun,placed on ir with ankle injury,,,,8/1/2013,
2013,Dolphins,,armon binns,placed on ir with torn acl in knee,,,,8/1/2013,
2013,Dolphins,,jasper collins,placed on ir with undisclosed injury,,,,8/1/2013,
2013,Texans,,johnny adams b 1989-06-09,placed on ir with undisclosed injury,,,,8/1/2013,
2013,Chiefs,,colin kelly,placed on ir with knee injury,,,,8/2/2013,
2013,Colts,,scott lutrus,placed on ir with knee injury,,,,8/2/2013,
2013,Falcons,,saeed lee,placed on ir with undisclosed injury,,,,8/2/2013,
2013,Giants,,jeremy horne-murdock  jeremy horne,placed on ir with undisclosed injury,,,,8/2/2013,
2013,Seahawks,,greg herd b,placed on ir with undisclosed injury,,,,8/2/2013,
2013,Cowboys,,cameron sheffield,placed on ir with groin injury,,,,8/3/2013,
2013,Panthers,,linden gaydosh,placed on ir with back injury,,,,8/3/2013,
2013,Seahawks,,kenneth boatright,placed on ir with shoulder injury,,,,8/3/2013,
2013,Dolphins,,brian thomas b,placed on ir with undisclosed injury,,,,8/4/2013,
2013,Patriots,,elvis fisher,placed on ir with knee injury,,,,8/4/2013,
2013,Patriots,,lavasier tuinei,placed on ir with shoulder injury,,,,8/4/2013,
2013,Steelers,,nik embernate,placed on ir with knee injury,,,,8/4/2013,
2013,Jaguars,,stephane milhim,placed on ir with foot injury,,,,8/6/2013,
2013,Jaguars,,taylor price,placed on ir with foot injury,,,,8/6/2013,
2013,Jets,,marcus davis,placed on ir with undisclosed injury,,,,8/6/2013,
2013,Raiders,,johnny jones iii,placed on ir with undisclosed injury,,,,8/6/2013,
2013,Cardinals,,everrette thompson,placed on ir with arm injury,,,,8/7/2013,
2013,Cardinals,,laron byrd,placed on ir with concussion,,,,8/7/2013,
2013,Chargers,,devan walker,placed on ir with knee injury,,,,8/7/2013,
2013,Packers,,sederrik cunningham,placed on ir with wrist injury,,,,8/7/2013,
2013,Saints,,chris givens b 1989-12-06,placed on ir with undisclosed injury,,,,8/7/2013,
2013,Titans,,matthew pierce  matt pierce,placed on ir with undisclosed injury,,,,8/7/2013,
2013,Vikings,,nathan williams a,placed on ir with undisclosed injury,,,,8/7/2013,
2013,Bears,,kelvin hayden,placed on ir with torn left hamstring,,,,8/8/2013,
2013,Bengals,,larry black a,placed on ir with dislocated right ankle,,,,8/8/2013,
2013,Broncos,,justin boren,placed on ir with toe injury,,,,8/8/2013,
2013,Cowboys,,monte taylor,placed on ir with undisclosed injury,,,,8/8/2013,
2013,Eagles,,arrelious benn,placed on ir with torn acl in left knee,,,,8/8/2013,
2013,Jets,,vidal hazelton,placed on ir with knee injury,,,,8/8/2013,
2013,Steelers,,curtis mcneal,placed on ir with undisclosed injury,,,,8/8/2013,
2013,Buccaneers,,marvin booker,placed on ir with undisclosed injury,,,,8/9/2013,
2013,Chiefs,,dustin waldron,placed on ir with dislocated kneecap,,,,8/9/2013,
2013,Colts,,justin anderson k,placed on ir with pectoral muscle injury,,,,8/9/2013,
2013,Cowboys,,jeff olson,placed on ir,,,,8/9/2013,
2013,Dolphins,,cameron marshall,placed on ir with hamstring injury,,,,8/9/2013,
2013,Falcons,,mike johnson p,"placed on ir with fractured fibula, dislocated ankle in left leg",,,,8/9/2013,
2013,Giants,,kris adams,placed on ir with fractured ankle,,,,8/13/2013,
2013,Jets,,john griffin anthony,placed on ir with undisclosed injury,,,,8/13/2013,
2013,Lions,,carmen messina,placed on ir with undisclosed injury,,,,8/13/2013,
2013,Patriots,,brandon ford,placed on ir with undisclosed injury,,,,8/13/2013,
2013,Redskins,,phillip thomas b 1989-03-01,placed on ir with torn lisfranc ligament in left foot,,,,8/13/2013,
2013,Steelers,,plaxico burress,placed on ir with torn rotator cuff in right shoulder,,,,8/13/2013,
2013,Texans,,evan frierson,placed on ir with undisclosed injury,,,,8/13/2013,
2013,Colts,,justin hickman,placed on ir with lisfranc injury in foot,,,,8/14/2013,
2013,Colts,,quinton spears,placed on ir with hamstring injury,,,,8/14/2013,
2013,Cowboys,,james nelson,placed on ir with ankle injury,,,,8/14/2013,
2013,Bills,,mike caussin,placed on ir with hip injury,,,,8/15/2013,
2013,Patriots,,tyronne green,placed on ir with undisclosed injury,,,,8/15/2013,
2013,Bills,,kevin elliott,placed on ir with torn acl in knee,,,,8/19/2013,
2013,Chargers,,danario alexander,placed on ir with torn acl in right knee,,,,8/19/2013,
2013,Colts,,dan moore,placed on ir with shoulder injury,,,,8/19/2013,
2013,Saints,,kenyon coleman,placed on ir with torn pectoral muscle,,,,8/19/2013,
2013,Cowboys,,alex albright,placed on ir with back injury,,,,8/20/2013,
2013,Cowboys,,toby jackson,placed on ir with undisclosed injury,,,,8/20/2013,
2013,Cowboys,,travis chappelear,placed on ir with undisclosed injury,,,,8/20/2013,
2013,Dolphins,,dustin keller,"placed on ir with torn acl, mcl, pcl in right knee",,,,8/20/2013,
2013,Lions,,cory greenwood,placed on ir with shoulder injury,,,,8/20/2013,
2013,Patriots,,rj mattes,placed on ir with ankle injury,,,,8/20/2013,
2013,Saints,,aj davis b,placed on ir with undisclosed injury,,,,8/20/2013,
2013,Bills,,keith williams phillip,placed on ir with undisclosed injury,,,,8/21/2013,
2013,Giants,,chris degeare,placed on ir with torn mcl in knee,,,,8/21/2013,
2013,Giants,,keith carlos,placed on ir with undisclosed injury,,,,8/21/2013,
2013,Jets,,lex hilliard,placed on ir with shoulder injury,,,,8/21/2013,
2013,Raiders,,eddy carmona,placed on ir with undisclosed injury,,,,8/21/2013,
2013,Raiders,,john wetzel,placed on ir with knee injury,,,,8/21/2013,
2013,49ers,,darcel mcbath,placed on ir with left foot injury,,,,8/22/2013,
2013,Panthers,,bruce campbell,placed on ir with rotator cuff injury,,,,8/24/2013,
2013,Panthers,,kealoha pilares,placed on ir with knee injury,,,,8/24/2013,
2013,Panthers,,michael zordich,placed on ir with torn acl in knee,,,,8/24/2013,
2013,Colts,,lawrence sidbury jr,placed on ir with shoulder injury,,,,8/25/2013,
2013,Browns,,dion lewis,placed on ir with fractured fibula,,,,8/26/2013,
2013,Chargers,,byron jerideau,placed on ir with shoulder injury,,,,8/26/2013,
2013,Chargers,,steve williams dwain,placed on ir with torn pectoral muscle,,,,8/26/2013,
2013,Giants,,stevie brown,placed on ir with torn acl in left knee,,,,8/26/2013,
2013,Jaguars,,jeremy harris,placed on ir with back injury,,,,8/26/2013,
2013,Lions,,john drew,placed on ir with undisclosed injury,,,,8/26/2013,
2013,Lions,,ross weaver,placed on ir with undisclosed injury,,,,8/26/2013,
2013,Panthers,,edmund kugbila,placed on ir with hamstring injury,,,,8/26/2013,
2013,Patriots,,cory grissom,placed on ir with knee injury,,,,8/26/2013,
2013,Patriots,,markus zusevics,placed on ir with undisclosed injury,,,,8/26/2013,
2013,Ravens,,adrian hamilton,placed on ir with wrist injury,,,,8/26/2013,
2013,Redskins,,keenan robinson,placed on ir with torn left pectoral muscle,,,,8/26/2013,
2013,Seahawks,,jesse williams b,placed on ir with knee injury,,,,8/26/2013,
2013,Steelers,,nick williams b 1990-02-21,placed on ir with knee injury,,,,8/26/2013,
2013,49ers,,chris culliver,placed on ir with torn acl in knee,,,,8/27/2013,
2013,Bengals,,sean porter,placed on ir with shoulder injury,,,,8/27/2013,
2013,Broncos,,greg orton carlton,placed on ir with ankle injury,,,,8/27/2013,
2013,Broncos,,quincy mcduffie,placed on ir with hamstring injury,,,,8/27/2013,
2013,Broncos,,quinton carter,placed on ir with left knee injury,,,,8/27/2013,
2013,Buccaneers,,anthony gaitor,placed on ir with torn acl in knee,,,,8/27/2013,
2013,Buccaneers,,michael smith b 1988-08-09,placed on ir with foot injury,,,,8/27/2013,
2013,Chargers,,chris gronkowski,placed on ir with ankle injury,,,,8/27/2013,
2013,Chargers,,dan depalma,placed on ir with shoulder injury,,,,8/27/2013,
2013,Chargers,,mike willie,placed on ir with knee injury,,,,8/27/2013,
2013,Colts,,teddy williams,placed on ir with undisclosed injury,,,,8/27/2013,
2013,Cowboys,,ryan cook,placed on ir with back injury,,,,8/27/2013,
2013,Cowboys,,tyrone crawford,placed on ir with achilles tendon injury,,,,8/27/2013,
2013,Eagles,,eddie whitley,placed on ir with undisclosed injury,,,,8/27/2013,
2013,Giants,,laron scott,placed on ir with hamstring injury,,,,8/27/2013,
2013,Packers,,bryan bulaga,placed on ir with torn acl in knee,,,,8/27/2013,
2013,Packers,,dujuan harris,placed on ir with knee injury,,,,8/27/2013,
2013,Patriots,,kamar aiken,placed on ir with undisclosed injury,,,,8/27/2013,
2013,Raiders,,alex parsons,placed on ir with undisclosed injury,,,,8/27/2013,
2013,Raiders,,brandon bair,placed on ir with undisclosed injury,,,,8/27/2013,
2013,Raiders,,joselio hanson,placed on ir with groin injury,,,,8/27/2013,
2013,Raiders,,latavius murray,placed on ir with ankle injury,,,,8/27/2013,
2013,Rams,,graham pocic,placed on ir with shoulder injury,,,,8/27/2013,
2013,Redskins,,jeremy kimbrough,placed on ir with undisclosed injury,,,,8/27/2013,
2013,Redskins,,richard crawford,placed on ir with knee injury,,,,8/27/2013,
2013,Redskins,,ryan mouton,placed on ir with hamstring injury,,,,8/27/2013,
2013,Saints,,chris chamberlain,placed on ir with knee injury,,,,8/27/2013,
2013,Saints,,joseph morgan,placed on ir with knee injury,,,,8/27/2013,
2013,Saints,,will smith a,placed on ir with torn acl in knee,,,,8/27/2013,
2013,Steelers,,demarcus van dyke,placed on ir with hamstring injury,,,,8/27/2013,
2013,Steelers,,justin cheadle,placed on ir with hamstring injury,,,,8/27/2013,
2013,Texans,,alec lemon,placed on ir with right hamstring injury,,,,8/27/2013,
2013,Titans,,greg jones k,placed on ir with undisclosed injury,,,,8/27/2013,
2013,49ers,,lamar divens,placed on ir with undisclosed injury,,,,8/28/2013,
2013,49ers,,lawrence okoye,placed on ir with knee injury,,,,8/28/2013,
2013,Bengals,,brandon joiner,placed on ir with torn acl in knee,,,,8/28/2013,
2013,Browns,,montario hardesty,placed on ir with knee injury,,,,8/28/2013,
2013,Buccaneers,,jacob cutrera,placed on ir with undisclosed injury,,,,8/28/2013,
2013,Colts,,nathan palmer d,placed on ir with knee injury,,,,8/28/2013,
2013,Eagles,,phillip hunt,placed on ir with torn acl in knee,,,,8/28/2013,
2013,Packers,,jarvis reed,placed on ir with ankle injury,,,,8/28/2013,
2013,Packers,,kevin dorsey,placed on ir with toe / hamstring injury,,,,8/28/2013,
2013,Panthers,,frank kearse,placed on ir with knee injury,,,,8/28/2013,
2013,Panthers,,joe adams b,placed on ir with calf injury,,,,8/28/2013,
2013,Patriots,,anthony rashad white,placed on ir with undisclosed injury,,,,8/28/2013,
2013,Patriots,,brice schwab,placed on ir with undisclosed injury,,,,8/28/2013,
2013,Rams,,ryan lee,placed on ir with knee injury,,,,8/28/2013,
2013,Redskins,,roddrick muckelroy,placed on ir with undisclosed injury,,,,8/28/2013,
2013,Texans,,david hunter,placed on ir with ankle injury,,,,8/28/2013,
2013,Texans,,michael smith  mike smith f,placed on ir with knee injury,,,,8/28/2013,
2013,Titans,,markelle martin,placed on ir with hamstring injury,,,,8/28/2013,
2013,Buccaneers,,aaron morgan,placed on ir with undisclosed injury,,,,8/29/2013,
2013,Bills,,brad smith alexander,placed on ir with rib injury,,,,8/30/2013,
2013,Bills,,drew smith,placed on ir with thumb injury,,,,8/30/2013,
2013,Bills,,kevin kolb,placed on ir with concussion,,,,8/30/2013,
2013,Cardinals,,jonathan cooper,placed on ir with fractured left leg,,,,8/30/2013,
2013,Dolphins,,aaron corp,placed on ir with fractured collarbone,,,,8/30/2013,
2013,Eagles,,joe kruger,placed on ir with shoulder injury,,,,8/30/2013,
2013,Falcons,,andrew szczerba,placed on ir with undisclosed injury,,,,8/30/2013,
2013,Falcons,,sean renfree,placed on ir with shoulder injury,,,,8/30/2013,
2013,Ravens,,dj bryant,placed on ir with knee injury,,,,8/30/2013,
2013,Bengals,,emmanuel lamur,placed on ir with shoulder injury,,,,8/31/2013,
2013,Broncos,,lerentee mccray,placed on ir with ankle injury,,,,8/31/2013,
2013,Broncos,,quanterus smith,placed on ir with torn acl in knee,,,,8/31/2013,
2013,Broncos,,stewart bradley,placed on ir with wrist injury,,,,8/31/2013,
2013,Cardinals,,jeff king,placed on ir with knee injury,,,,8/31/2013,
2013,Cardinals,,ricky lumpkin,placed on ir with shoulder injury,,,,8/31/2013,
2013,Cowboys,,matt johnson c,placed on ir with foot injury,,,,8/31/2013,
2013,Giants,,ramses barden,placed on ir with knee injury,,,,8/31/2013,
2013,Lions,,michael williams b,placed on ir with hand injury,,,,8/31/2013,
2013,Patriots,,adrian wilson lemar,placed on ir with hamstring injury,,,,8/31/2013,
2013,Raiders,,tony bergstrom,placed on ir with foot injury,,,,8/31/2013,
2013,Saints,,eric olsen b 1988-06-16,placed on ir with undisclosed injury,,,,8/31/2013,
2013,Texans,,alan bonner,placed on ir with hamstring injury,,,,8/31/2013,
2013,Texans,,brennan williams,placed on ir with knee injury,,,,8/31/2013,
2013,Texans,,trevardo williams,placed on ir with right knee injury,,,,8/31/2013,
2013,Titans,,marc mariani,placed on ir with shoulder injury,,,,8/31/2013,
2013,Vikings,,seth olsen,placed on ir with neck injury,,,,8/31/2013,
2013,Bears,,brandon hardin,placed on ir with shoulder injury,,,,9/1/2013,
2013,Browns,,brandon bogotay,placed on ir with groin injury,,,,9/1/2013,
2013,Chargers,,damik scafe,placed on ir with undisclosed injury,,,,9/1/2013,
2013,Chiefs,,ricky henry,placed on ir with biceps injury,,,,9/1/2013,
2013,Chiefs,,tony moeaki,placed on ir with shoulder injury,,,,9/1/2013,
2013,Colts,,daxton swanson  dax swanson,placed on ir with undisclosed injury,,,,9/1/2013,
2013,Colts,,emmett cleary,placed on ir with undisclosed injury,,,,9/1/2013,
2013,Colts,,shawn loiseau,placed on ir with undisclosed injury,,,,9/1/2013,
2013,Cowboys,,nate livings,placed on ir with knee injury,,,,9/1/2013,
2013,Dolphins,,aaron corp,placed on ir with collarbone injury,,,,9/1/2013,
2013,Dolphins,,jeff adams,placed on ir with undisclosed injury,,,,9/1/2013,
2013,Giants,,selvish capers,placed on ir with knee injury,,,,9/1/2013,
2013,Jaguars,,kevin rutland,placed on ir with quadriceps injury,,,,9/1/2013,
2013,Jets,,greg mcelroy,placed on ir with knee injury,,,,9/1/2013,
2013,Jets,,josh mauga,placed on ir with back injury,,,,9/1/2013,
2013,Lions,,jon morgan,placed on ir with shoulder injury,,,,9/1/2013,
2013,Lions,,martavius neloms,placed on ir with foot injury,,,,9/1/2013,
2013,Panthers,,anderson russell,placed on ir with undisclosed injury,,,,9/1/2013,
2013,Panthers,,dj campbell,placed on ir with leg injury,,,,9/1/2013,
2013,Panthers,,david gettis,placed on ir with hamstring injury,,,,9/1/2013,
2013,Panthers,,jimmy clausen,placed on ir with shoulder injury,,,,9/1/2013,
2013,Patriots,,chris mcdonald a,placed on ir with undisclosed injury,,,,9/1/2013,
2013,Patriots,,jermaine cunningham,placed on ir with undisclosed injury,,,,9/1/2013,
2013,Patriots,,justin francis,placed on ir with ankle injury,,,,9/1/2013,
2013,Raiders,,willie smith junior,placed on ir with back injury,,,,9/1/2013,
2013,Rams,,ty nsekhe,placed on ir with undisclosed injury,,,,9/1/2013,
2013,Redskins,,dezmon briscoe,placed on ir with shoulder injury,,,,9/1/2013,
2013,Titans,,brandon barden,placed on ir with knee injury,,,,9/1/2013,
2013,Vikings,,bobby felder,placed on ir with ankle injury,,,,9/1/2013,
2013,Vikings,,d'aundre reed,placed on ir with ankle injury,,,,9/1/2013,
2013,Eagles,,curtis marsh jr,placed on ir with hand injury,,,,9/2/2013,
2013,Panthers,,haruki nakamura,placed on ir with concussion,,,,9/2/2013,
2013,Ravens,,laquan williams,placed on ir with hamstring injury,,,,9/2/2013,
2013,Browns,,jason pinkston,placed on ir with ankle injury,,,,9/3/2013,
2013,Buccaneers,,danny gorrer,placed on ir with groin injury,,,,9/3/2013,
2013,Chiefs,,sanders commings,placed on ir with collarbone injury,,,,9/3/2013,
2013,Giants,,andre brown b,placed on ir with fractured leg,,,,9/3/2013,
2013,Saints,,jonathan vilma,placed on ir with knee injury,,,,9/3/2013,
2013,Steelers,,matt spaeth,placed on ir with foot injury,,,,9/3/2013,
2013,Bengals,,andrew hawkins,placed on ir with ankle injury,,,,9/4/2013,
2013,Cowboys,,eric frampton,placed on ir with strained left calf,,,,9/4/2013,
2013,Lions,,montell owens,placed on ir with knee injury,,,,9/4/2013,
2013,Ravens,,dennis pitta,placed on ir recovering from surgery to repair fractured and dislocated hip,,,,9/4/2013,
2013,Cowboys,,jeff olson,placed on ir with concussion,,,,9/6/2013,
2013,Cowboys,,ben bass,placed on ir with shoulder injury,,,,9/7/2013,
2013,Raiders,,jared veldheer,placed on ir with triceps injury,,,,9/7/2013,
2013,Titans,,quinn johnson,placed on ir with quadriceps injury,,,,9/7/2013,
2013,Patriots,,shane vereen,placed on ir with wrist injury,,,,9/10/2013,
2013,Ravens,,robert james william,placed on ir with undisclosed injury,,,,9/10/2013,
2013,Steelers,,larod stephens-howling,placed on ir with torn acl in right knee,,,,9/10/2013,
2013,Steelers,,larry foote,placed on ir with ruptured right biceps,,,,9/10/2013,
2013,Steelers,,maurkice pouncey,"placed on ir with torn acl, mcl in right knee",,,,9/10/2013,
2013,Texans,,david quessenberry,placed on ir with foot injury,,,,9/10/2013,
2013,49ers,,nick moody,placed on ir with right hand injury,,,,9/11/2013,
2013,49ers,,will tukuafu,placed on ir with knee injury,,,,9/11/2013,
2013,Panthers,,garry williams,placed on ir with left knee injury,,,,9/11/2013,
2013,Ravens,,aaron mellette,placed on ir with knee injury,,,,9/11/2013,
2013,Giants,,dan connor murphy,placed on ir with neck injury,,,,9/12/2013,
2013,Colts,,vick ballard,placed on ir with torn acl in right knee,,,,9/13/2013,
2013,Jets,,mark sanchez,placed on ir with right shoulder injury,,,,9/14/2013,
2013,Rams,,matt daniels,placed on ir with ankle injury,,,,9/16/2013,
2013,49ers,,ian williams f,placed on ir with fractured left ankle,,,,9/17/2013,
2013,Colts,,donald thomas,placed on ir with quadriceps injury,,,,9/17/2013,
2013,Falcons,,bradie ewing,placed on ir with separated shoulder,,,,9/17/2013,
2013,Falcons,,kroy biermann,placed on ir with torn right achilles tendon,,,,9/17/2013,
2013,Falcons,,sean weatherspoon,placed on ir with foot injury,,,,9/17/2013,
2013,Panthers,,charles godfrey,placed on ir with torn right achilles tendon,,,,9/17/2013,
2013,Bengals,,robert geathers b,placed on ir with elbow injury,,,,9/18/2013,
2013,Broncos,,ryan clady,placed on ir with lisfranc injury in left foot,,,,9/18/2013,
2013,Eagles,,brandon hughes b,placed on ir with hamstring / hand injury,,,,9/18/2013,
2013,Saints,,patrick robinson b 1987-09-07,placed on ir with torn patella tendon in right knee,,,,9/18/2013,
2013,Colts,,dwayne allen,placed on ir with hip injury,,,,9/19/2013,
2013,Seahawks,,russell okung,placed on ir with toe injury,,,,9/20/2013,
2013,Bills,,alex carrington,placed on ir with torn left quadriceps,,,,9/23/2013,
2013,Buccaneers,,luke stocker,placed on ir with hip injury,,,,9/23/2013,
2013,Cardinals,,lorenzo alexander,placed on ir with right foot injury,,,,9/23/2013,
2013,Cardinals,,sam acho,placed on ir with fractured fibula in left leg,,,,9/23/2013,
2013,Lions,,jason jones duane,placed on ir with left knee injury,,,,9/23/2013,
2013,Raiders,,david ausberry,placed on ir with shoulder injury,,,,9/23/2013,
2013,Vikings,,zach line,placed on ir with knee injury,,,,9/23/2013,
2013,Dolphins,,vaughn martin,placed on ir with undisclosed injury,,,,9/24/2013,
2013,Cardinals,,alex okafor,placed on ir with torn biceps tendon,,,,9/25/2013,
2013,Cowboys,,anthony spencer,placed on ir with recovering from microfracture surgery on left knee,,,,9/25/2013,
2013,Giants,,henry hynoski jr,placed on ir with shoulder injury,,,,9/25/2013,
2013,Bears,,henry melton,placed on ir with torn acl in left knee,,,,9/27/2013,
2013,Rams,,tj mcdonald,placed on ir / physically unable to perform list with right leg injury,,,,9/27/2013,
2013,Buccaneers,,nate byham,"placed on ir with knee, calf injury",,,,10/1/2013,
2013,Cardinals,,vic so'oto,placed on ir with chest injury,,,,10/2/2013,
2013,Chargers,,dwight freeney,placed on ir with torn quadriceps,,,,10/2/2013,
2013,Chargers,,malcom floyd,placed on ir with sprained neck,,,,10/2/2013,
2013,Patriots,,vince wilfork,placed on ir with torn achilles tendon,,,,10/3/2013,
2013,Giants,,chris snee,placed on ir with hip injury,,,,10/4/2013,
2013,Giants,,aaron ross,placed on ir with back injury,,,,10/5/2013,
2013,Bills,,dustin hopkins,placed on ir with right groin injury,,,,10/7/2013,
2013,Packers,,robert francois  rob francois,placed on ir with achilles injury,,,,10/7/2013,
2013,Jaguars,,allen reisner,placed on ir with knee injury,,,,10/8/2013,
2013,Jaguars,,dwight lowery,placed on ir with concussion,,,,10/8/2013,
2013,Jaguars,,luke joeckel,placed on ir with ankle injury,,,,10/8/2013,
2013,Bears,,nate collins,placed on ir with torn acl in left knee,,,,10/9/2013,
2013,Colts,,ahmad bradshaw,placed on ir with neck injury,,,,10/9/2013,
2013,Jets,,antwan barnes,placed on ir with knee injury,,,,10/9/2013,
2013,Texans,,owen daniels,placed on ir with right fibula injury,,,,10/9/2013,
2013,Chargers,,michael harris  mike harris cory,placed on ir with ankle injury,,,,10/10/2013,
2013,Falcons,,julio jones,placed on ir with foot injury,,,,10/10/2013,
2013,Steelers,,da'mon cromartie-smith,placed on ir with hip injury,,,,10/11/2013,
2013,Browns,,brian hoyer,placed on ir with knee injury,,,,10/12/2013,
2013,Chiefs,,travis kelce,placed on ir with right knee injury,,,,10/12/2013,
2013,Bills,,jonathan meeks,placed on ir with ankle injury,,,,10/14/2013,
2013,Buccaneers,,rashaan melvin,placed on ir with hamstring injury,,,,10/15/2013,
2013,Jets,,edmond gates  clyde gates,placed on ir with shoulder injury,,,,10/15/2013,
2013,Jets,,mike goodson,placed on ir with knee injury,,,,10/15/2013,
2013,Packers,,greg van roten,placed on ir with foot injury,,,,10/15/2013,
2013,Packers,,randall cobb,placed on ir with fractured fibula,,,,10/15/2013,
2013,Redskins,,bryan kehl,placed on ir with knee injury,,,,10/15/2013,
2013,Redskins,,nick sundberg,placed on ir with knee injury,,,,10/15/2013,
2013,Steelers,,david johnson b 1987-08-26,placed on ir with left wrist injury,,,,10/15/2013,
2013,Steelers,,levi brown james,placed on ir with right triceps injury,,,,10/15/2013,
2013,Giants,,da'rel scott,placed on ir with hamstring injury,,,,10/16/2013,
2013,Panthers,,amini silatolu,placed on ir with torn acl in right knee,,,,10/16/2013,
2013,Patriots,,jerod mayo,placed on ir with torn pectoral muscle,,,,10/16/2013,
2013,Texans,,aj bouye,placed on ir with right hamstring injury,,,,10/16/2013,
2013,Texans,,danieal manning,placed on ir with right knee injury,,,,10/16/2013,
2013,Vikings,,desmond bishop,placed on ir with torn acl in left knee,,,,10/17/2013,
2013,Bears,,genos williams  dj williams,placed on ir with torn pectoral muscle,,,,10/18/2013,
2013,Browns,,josh aubrey,placed on ir with ankle injury,,,,10/18/2013,
2013,Cowboys,,edgar jones devon,placed on ir with groin injury,,,,10/18/2013,
2013,Vikings,,harrison smith j,placed on ir with toe injury,,,,10/18/2013,
2013,Colts,,reggie wayne,placed on ir with torn acl in right knee,,,,10/22/2013,
2013,Seahawks,,spencer ware,placed on ir with ankle injury,,,,10/22/2013,
2013,Rams,,sam bradford,placed on ir with torn acl in left knee,,,,10/23/2013,
2013,Giants,,david baas,placed on ir with knee injury,,,,10/24/2013,
2013,Buccaneers,,mike williams anthony,placed on ir with hamstring injury,,,,10/28/2013,
2013,Texans,,brian cushing,placed on ir with fractured left leg,,,,10/28/2013,
2013,Bengals,,leon hall b,placed on ir with torn right achilles tendon,,,,10/29/2013,
2013,Dolphins,,brandon gibson,placed on ir with torn patellar tendon in left knee,,,,10/29/2013,
2013,Patriots,,sebastian vollmer,placed on ir with fractured right leg,,,,10/29/2013,
2013,Bengals,,taylor mays,placed on ir with dislocated right shoulder,,,,10/30/2013,
2013,Browns,,travis benjamin,placed on ir with torn acl in right knee,,,,10/30/2013,
2013,Seahawks,,sidney rice,placed on ir with torn acl in knee,,,,10/30/2013,
2013,Titans,,robert turner  rob turner,placed on ir with shoulder injury,,,,10/30/2013,
2013,Lions,,ryan broyles,placed on ir with torn right achilles tendon,,,,10/31/2013,
2013,Cowboys,,brian waters,placed on ir with triceps injury,,,,11/2/2013,
2013,Patriots,,tommy kelly,placed on ir with knee injury,,,,11/2/2013,
2013,Bengals,,geno atkins,placed on ir with torn acl in right knee,,,,11/4/2013,
2013,Bears,,joe anderson,placed on ir with abdominal/groin injury,,,,11/5/2013,
2013,Packers,,jermichael finley,placed on ir with bruised spinal cord,,,,11/5/2013,
2013,Packers,,sam barrington,placed on ir with hamstring injury,,,,11/5/2013,
2013,Panthers,,jeff byers,placed on ir with lisfranc injury in foot,,,,11/5/2013,
2013,Buccaneers,,jeff demps,placed on ir with groin injury,,,,11/6/2013,
2013,Saints,,jonathan vilma,placed on ir with knee injury,,,,11/6/2013,
2013,Steelers,,sean spence,placed on ir with knee injury,,,,11/6/2013,
2013,Giants,,david wilson emmanuel,placed on ir with neck injury,,,,11/7/2013,
2013,Giants,,shaun rogers,placed on ir with knee injury,,,,11/7/2013,
2013,Buccaneers,,doug martin matthewbaran,placed on ir with torn labrum in left shoulder,,,,11/8/2013,
2013,Ravens,,kelechi osemele,placed on ir with surgery on back,,,,11/8/2013,
2013,Bears,,charles tillman,placed on ir with triceps injury,,,,11/11/2013,
2013,Bengals,,aston whiteside,placed on ir with ankle injury,,,,11/11/2013,
2013,Browns,,quentin groves,placed on ir with ankle injury,,,,11/11/2013,
2013,Packers,,seneca wallace,placed on ir with groin injury,,,,11/12/2013,
2013,Redskins,,chris thompson b 1990-10-20,placed on ir with shoulder injury,,,,11/12/2013,
2013,Texans,,arian foster,placed on ir with back injury,,,,11/12/2013,
2013,Titans,,jake locker,placed on ir with lisfranc injury in foot,,,,11/12/2013,
2013,Buccaneers,,mike james b 1991-04-13,placed on ir with fractured left ankle,,,,11/13/2013,
2013,Chargers,,larry english,placed on ir with pectoral muscle injury,,,,11/13/2013,
2013,Colts,,larry asante,placed on ir with hamstring injury,,,,11/13/2013,
2013,Falcons,,sam baker b,placed on ir with left knee injury,,,,11/13/2013,
2013,Panthers,,james dockery,placed on ir with torn labrum in left shoulder,,,,11/13/2013,
2013,Dolphins,,will yeatman,placed on ir with torn acl in knee,,,,11/16/2013,
2013,Buccaneers,,michael adams wayne,placed on ir with knee injury,,,,11/18/2013,
2013,Titans,,tommie campbell,placed on ir with shoulder injury,,,,11/18/2013,
2013,Broncos,,rahim moore sr,placed on ir with leg injury,,,,11/19/2013,
2013,Cardinals,,teddy williams,placed on ir with torn left achilles tendon,,,,11/19/2013,
2013,Jets,,konrad reuland,placed on ir with knee injury,,,,11/19/2013,
2013,Lions,,montell owens,placed on ir with knee injury,,,,11/19/2013,
2013,Saints,,jabari greer,placed on ir with torn acl in left knee,,,,11/19/2013,
2013,Browns,,armanti edwards,placed on ir with ankle injury,,,,11/20/2013,
2013,Raiders,,dj hayden,placed on ir with groin injury,,,,11/20/2013,
2013,Redskins,,leonard hankerson,"placed on ir with torn acl, lcl in left knee",,,,11/21/2013,
2013,Chiefs,,kyle williams steven,placed on ir with torn acl in knee,,,,11/22/2013,
2013,Jaguars,,stephen williams jacob,placed on ir with achilles tendon injury,,,,11/23/2013,
2013,Packers,,casey hayward jr,placed on ir with hamstring injury,,,,11/23/2013,
2013,Packers,,james nixon a,placed on ir with knee injury,,,,11/23/2013,
2013,Raiders,,juron criner,placed on ir with shoulder injury,,,,11/23/2013,
2013,Rams,,brady quinn,placed on ir with hip injury,,,,11/23/2013,
2013,Rams,,cortland finnegan,placed on ir with eye injury,,,,11/23/2013,
2013,Colts,,delano howell,placed on ir with foot injury,,,,11/26/2013,
2013,Giants,,jim cordle,placed on ir with knee injury,,,,11/26/2013,
2013,Jets,,troy davis michael,placed on ir with chest injury,,,,11/26/2013,
2013,Redskins,,stephen bowen,placed on ir with right knee injury,,,,11/26/2013,
2013,Steelers,,curtis brown jamall,placed on ir with torn acl in left knee,,,,11/26/2013,
2013,Broncos,,kevin vickerson,placed on ir with hip injury,,,,11/27/2013,
2013,Buccaneers,,tom crabtree,placed on ir with torn biceps,,,,11/27/2013,
2013,Packers,,johnathan franklin,"placed on ir with concussion, neck injury",,,,11/27/2013,
2013,Chiefs,,sanders commings,placed on ir with shoulder injury,,,,11/30/2013,
2013,Steelers,,fernando velasco,placed on ir with achilles injury,,,,11/30/2013,
2013,Bengals,,clint boling,placed on ir with torn acl in right knee,,,,12/3/2013,
2013,Browns,,brandon magee,placed on ir with pectoral muscle injury,,,,12/3/2013,
2013,Browns,,chris owens todd dillard,placed on ir with knee injury,,,,12/3/2013,
2013,Colts,,daniel herron  dan herron  boom herron,placed on ir with torn pectoral muscle,,,,12/3/2013,
2013,Colts,,mario harvey,placed on ir with undisclosed injury,,,,12/3/2013,
2013,Jets,,josh cribbs,placed on ir with torn pectoral muscle,,,,12/3/2013,
2013,Titans,,collin mooney,placed on ir with knee injury,,,,12/3/2013,
2013,Buccaneers,,jonathan casillas,placed on ir with knee injury,,,,12/4/2013,
2013,Cowboys,,lance dunbar,placed on ir with left knee injury,,,,12/4/2013,
2013,Redskins,,maurice hurt,placed on ir with knee injury,,,,12/4/2013,
2013,Raiders,,kaluka maiava,placed on ir with rib injury,,,,12/7/2013,
2013,Raiders,,usama young,placed on ir with neck injury,,,,12/7/2013,
2013,Colts,,chris rainey,placed on ir with fractured leg/ankle,,,,12/9/2013,
2013,Jaguars,,justin forsett,placed on ir with foot injury,,,,12/9/2013,
2013,Jaguars,,stephen burton,placed on ir with concussion,,,,12/9/2013,
2013,Patriots,,rob gronkowski,"placed on ir with torn acl, mcl in right knee",,,,12/9/2013,
2013,Vikings,,kyle rudolph,placed on ir with fractured left foot,,,,12/9/2013,
2013,49ers,,cornellius carradine  tank carradine,placed on ir with knee injury,,,,12/10/2013,
2013,Cardinals,,tyrann mathieu,"placed on ir with torn acl, lcl in left knee",,,,12/10/2013,
2013,Dolphins,,dimitri patterson,placed on ir with groin injury,,,,12/10/2013,
2013,Dolphins,,rj stanford,placed on ir with fractured right fibula,,,,12/10/2013,
2013,Packers,,myles white,placed on ir with undisclosed injury,,,,12/10/2013,
2013,Ravens,,brandon stokley,placed on ir with concussion,,,,12/10/2013,
2013,Redskins,,evan royster,placed on ir with ankle injury,,,,12/10/2013,
2013,Giants,,brandon jacobs,placed on ir with knee injury,,,,12/11/2013,
2013,Rams,,scott wells,placed on ir with fractured fibula,,,,12/11/2013,
2013,Saints,,victor butler,placed on ir with knee injury,,,,12/11/2013,
2013,Seahawks,,jeron johnson,placed on ir with hamstring injury,,,,12/11/2013,
2013,Jets,,stephen hill,placed on ir with knee injury,,,,12/13/2013,
2013,Raiders,,tyvon branch,placed on ir with ankle injury,,,,12/14/2013,
2013,Vikings,,josh robinson b 1991-01-08,placed on ir with chest injury,,,,12/14/2013,
2013,Jaguars,,michael brewster  mike brewster,placed on ir with fractured left ankle,,,,12/16/2013,
2013,Bengals,,kevin huber,placed on ir with fractured jaw,,,,12/17/2013,
2013,Buccaneers,,russell shepard,placed on ir with toe injury,,,,12/17/2013,
2013,Chargers,,johnny patrick,placed on ir with ankle injury,,,,12/17/2013,
2013,Colts,,pat angerer,placed on ir with knee injury,,,,12/17/2013,
2013,Cowboys,,justin durant,placed on ir with hamstring injury,,,,12/17/2013,
2013,Giants,,corey webster,placed on ir with groin injury,,,,12/17/2013,
2013,Jaguars,,cecil shorts iii,placed on ir with groin injury,,,,12/17/2013,
2013,Jaguars,,will rackley,placed on ir with concussion,,,,12/17/2013,
2013,Steelers,,lamarr woodley,placed on ir with right calf injury,,,,12/17/2013,
2013,49ers,,bruce miller william,placed on ir with fractured scapula in shoulder,,,,12/18/2013,
2013,Jaguars,,russell allen b 1986-05-05,placed on ir with concussion,,,,12/18/2013,
2013,Texans,,ben tate b,placed on ir with rib injury,,,,12/18/2013,
2013,Titans,,coty sensabaugh,placed on ir with foot injury,,,,12/18/2013,
2013,Cowboys,,jamar newsome,placed on ir with undisclosed injury,,,,12/20/2013,
2013,Jaguars,,jeremy ebert,placed on ir with ankle injury,,,,12/20/2013,
2013,Redskins,,jordan reed,placed on ir with concussion,,,,12/20/2013,
2013,Packers,,brandon bostick,placed on ir with foot injury,,,,12/21/2013,
2013,Packers,,johnny jolly,placed on ir with neck injury,,,,12/21/2013,
2013,Vikings,,john carlson,placed on ir with concussion,,,,12/21/2013,
2013,Chargers,,john phillips matthew,placed on ir with right knee injury,,,,12/23/2013,
2013,Jaguars,,brandon deaderick,placed on ir with elbow injury,,,,12/23/2013,
2013,Jaguars,,roy miller iii,placed on ir with shoulder injury,,,,12/23/2013,
2013,Broncos,,von miller,placed on ir with torn acl in right knee,,,,12/24/2013,
2013,Colts,,montori hughes,placed on ir with knee injury,,,,12/24/2013,
2013,Falcons,,zeke motta,placed on ir with neck injury,,,,12/24/2013,
2013,Redskins,,nick barnett,placed on ir with torn mcl in left knee,,,,12/24/2013,
2013,Texans,,deji karim,placed on ir with fractured left collarbone,,,,12/24/2013,
2013,Texans,,johnathan joseph,placed on ir with left toe injury,,,,12/24/2013,
2013,Giants,,cooper taylor,placed on ir with hamstring injury,,,,12/25/2013,
2013,Lions,,brandon pettigrew,placed on ir with ankle injury,,,,12/25/2013,
2013,Rams,,jake long,"placed on ir with torn acl, mcl in knee",,,,12/25/2013,
2013,Saints,,kenny vaccaro,placed on ir with ankle injury,,,,12/25/2013,
2013,Buccaneers,,da'quan bowers,placed on ir with knee injury,,,,12/26/2013,
2013,Falcons,,corey peters,placed on ir with achilles injury,,,,12/26/2013,
2013,Lions,,dorin dickerson,placed on ir with concussion,,,,12/26/2013,
2013,49ers,,mario manningham,placed on ir with left knee injury,,,,12/27/2013,
2013,Bills,,aaron williams b,placed on ir with rib injury,,,,12/27/2013,
2013,Cowboys,,tony romo ramiro,placed on ir with surgery on back,,,,12/27/2013,
2013,Lions,,israel idonije,placed on ir with neck injury,,,,12/27/2013,
2013,Texans,,brad smelley,placed on ir with calf injury,,,,12/27/2013,
2013,Texans,,garrett graham,placed on ir with hamstring injury,,,,12/27/2013,
2013,Vikings,,audie cole,placed on ir with ankle injury,,,,12/27/2013,
2013,Bengals,,e alex smith,placed on ir with dislocated wrist,,,,12/30/2013,
2013,Bengals,,devon still,placed on ir with herniated disc in back,,,,12/30/2013,
2013,Chiefs,,james-michael johnson,placed on ir with ankle injury,,,,12/31/2013,
2013,Patriots,,austin collie,placed on ir with ankle injury,,,,1/2/2014,
2013,Patriots,,josh boyce,placed on ir with ankle injury,,,,1/2/2014,
2013,Colts,,fili moala,placed on ir with knee injury,,,,1/6/2014,
2013,Colts,,greg toler,placed on ir with groin injury,,,,1/6/2014,
2013,Patriots,,brandon spikes,placed on ir with knee injury,,,,1/6/2014,
2013,Saints,,parys haralson,placed on ir with torn pectoral muscle,,,,1/7/2014,
2013,Broncos,,chris harris jr,placed on ir with torn acl in knee,,,,1/14/2014,
2013,Broncos,,derek wolfe,placed on ir with illness,,,,1/14/2014,
2014,Vikings,,josh samuda,placed on ir with ankle injury,,,,5/14/2014,
2014,Vikings,,josh samuda,placed on ir,,,,5/16/2014,
2014,Broncos,,john youboty,placed on ir with achilles injury,,,,5/20/2014,
2014,Browns,,andre smith phillip,placed on ir with undisclosed injury,,,,5/20/2014,
2014,Browns,,josh cooper b 1989-01-08,placed on ir with undisclosed injury,,,,5/20/2014,
2014,Texans,,chris martin b 1990-01-04,placed on ir with undisclosed injury,,,,5/20/2014,
2014,Titans,,eric ward b,placed on ir with undisclosed injury,,,,5/21/2014,
2014,Chargers,,tobais palmer,placed on ir with undisclosed injury,,,,5/22/2014,
2014,Cowboys,,marvin robinson,placed on ir with knee injury,,,,5/22/2014,
2014,49ers,,luke marquardt,placed on ir with fractured foot,,,,5/28/2014,
2014,Cowboys,,evan wilson,placed on ir with undisclosed injury,,,,5/28/2014,
2014,Cowboys,,jarrod pughsley,placed on ir with biceps injury,,,,5/28/2014,
2014,Giants,,stephen goodin,placed on ir,,,,5/30/2014,
2014,Titans,,josh stewart,placed on ir with achilles injury,,,,6/5/2014,
2014,Chiefs,,risean broussard,placed on ir with knee injury,,,,6/6/2014,
2014,Colts,,fili moala,placed on ir with torn acl in right knee,,,,6/11/2014,
2014,Cowboys,,jocquel skinner,placed on ir with knee injury,,,,6/12/2014,
2014,Colts,,corey lynch,placed on ir with undisclosed injury,,,,6/13/2014,
2014,Vikings,,lestar jean,placed on ir with undisclosed injury,,,,6/13/2014,
2014,Falcons,,sean weatherspoon,placed on ir with ruptured achilles tendon,,,,6/16/2014,
2014,Titans,,james gayle,placed on ir with shoulder injury,,,,6/16/2014,
2014,Ravens,,xavius boyd,placed on ir with hamstring injury,,,,6/23/2014,
2014,Saints,,aj davis b,placed on ir with undisclosed injury,,,,6/24/2014,
2014,Cowboys,,tyronne green,placed on ir with calf injury,,,,6/27/2014,
2014,Cowboys,,sean lee,placed on ir with torn acl in knee,,,,7/1/2014,
2014,Bills,,darrin kitchens,placed on ir with left leg injury,,,,7/23/2014,
2014,Ravens,,aaron ross,placed on ir with achilles tendon injury,,,,7/24/2014,
2014,Bills,,brandon smith c,placed on ir with undisclosed injury,,,,7/25/2014,
2014,Panthers,,edmund kugbila,placed on ir with back injury,,,,7/25/2014,
2014,Seahawks,,jared smith,placed on ir with undisclosed injury,,,,7/25/2014,
2014,Colts,,aaron morgan,placed on ir with undisclosed injury,,,,7/27/2014,
2014,Rams,,jamaine sherman,placed on ir with hamstring injury,,,,7/27/2014,
2014,Patriots,,greg orton carlton,placed on ir with achilles injury,,,,7/28/2014,
2014,Texans,,alan bonner,placed on ir with fractured foot,,,,7/28/2014,
2014,Texans,,cody white b 1988-07-01,placed on ir with achilles injury,,,,7/28/2014,
2014,Lions,,kalonji kashama,placed on ir with undisclosed injury,,,,7/29/2014,
2014,Seahawks,,taylor price,placed on ir with hamstring injury,,,,7/29/2014,
2014,49ers,,fouimalo fonoti  fou fonoti,placed on ir with leg injury,,,,7/30/2014,
2014,Dolphins,,davonte wallace,placed on ir with undisclosed injury,,,,7/30/2014,
2014,Steelers,,david snow,placed on ir with foot injury,,,,7/30/2014,
2014,Colts,,donald thomas,placed on ir with right quadriceps injury,,,,7/31/2014,
2014,Redskins,,courtney bridget jr,placed on ir with shoulder injury,,,,7/31/2014,
2014,Seahawks,,anthony mccoy,placed on ir with torn left achilles tendon,,,,7/31/2014,
2014,Giants,,troy kropog,placed on ir with foot injury,,,,8/1/2014,
2014,Lions,,cody wilson,placed on ir with undisclosed injury,,,,8/1/2014,
2014,Dolphins,,tariq edwards,placed on ir with knee injury,,,,8/2/2014,
2014,Giants,,travis howard,placed on ir with knee injury,,,,8/2/2014,
2014,Seahawks,,jesse williams b,placed on ir with knee injury,,,,8/2/2014,
2014,Texans,,bryan witzmann,placed on ir with undisclosed injury,,,,8/2/2014,
2014,Cowboys,,darius morris,placed on ir with undisclosed injury,,,,8/3/2014,
2014,Jaguars,,damian copeland,placed on ir with wrist injury,,,,8/3/2014,
2014,Jaguars,,john lotulelei,placed on ir with knee injury,,,,8/3/2014,
2014,Jaguars,,jordan miller b 1988-02-01,placed on ir with knee injury,,,,8/3/2014,
2014,Jets,,brandon hardin,placed on ir with undisclosed injury,,,,8/3/2014,
2014,Colts,,brandon burton,placed on ir with undisclosed injury,,,,8/4/2014,
2014,Redskins,,jerry rice jr,placed on ir with shoulder injury,,,,8/4/2014,
2014,49ers,,kendall hunter,placed on ir with torn acl in right knee,,,,8/5/2014,
2014,Buccaneers,,david gettis,placed on ir with shoulder injury,,,,8/5/2014,
2014,Cowboys,,brian clarke b,placed on ir with undisclosed injury,,,,8/5/2014,
2014,Giants,,david wilson emmanuel,placed on ir with neck injury,,,,8/5/2014,
2014,Jets,,jermaine cunningham,placed on ir with achilles injury,,,,8/5/2014,
2014,Saints,,steve hull,placed on ir with undisclosed injury,,,,8/6/2014,
2014,Seahawks,,dion bailey,placed on ir with undisclosed injury,,,,8/6/2014,
2014,Titans,,dorin dickerson,placed on ir with quadriceps injury,,,,8/6/2014,
2014,Buccaneers,,jeremy grable,placed on ir with undisclosed injury,,,,8/7/2014,
2014,Buccaneers,,mycal swaim,placed on ir with undisclosed injury,,,,8/7/2014,
2014,Cowboys,,dashaun phillips,placed on ir with hamstring injury,,,,8/7/2014,
2014,Jaguars,,nathan slaughter,placed on ir with sprained left foot,,,,8/7/2014,
2014,Steelers,,danny coale,placed on ir with fractured finger,,,,8/7/2014,
2014,Jaguars,,reggie jordan,placed on ir with hamstring injury,,,,8/8/2014,
2014,Raiders,,marshall mcfadden,placed on ir with hip flexor injury,,,,8/8/2014,
2014,Raiders,,shelton johnson,placed on ir with undisclosed injury,,,,8/8/2014,
2014,49ers,,chuck jacobs,placed on ir with torn acl in knee,,,,8/11/2014,
2014,Chiefs,,dezman moses,placed on ir with elbow injury,,,,8/11/2014,
2014,Colts,,daniel adongo,placed on ir with biceps injury,,,,8/11/2014,
2014,Colts,,jeris pendleton,placed on ir with torn acl in knee,,,,8/11/2014,
2014,Cowboys,,ben malena,placed on ir with quadriceps injury,,,,8/11/2014,
2014,Seahawks,,mike taylor b 1989-10-07,placed on ir with undisclosed injury,,,,8/11/2014,
2014,Rams,,mason brodine,placed on ir with ankle injury,,,,8/12/2014,
2014,49ers,,blake costanzo,placed on ir with undisclosed injury,,,,8/13/2014,
2014,Dolphins,,pat devlin,placed on ir with hamstring injury,,,,8/13/2014,
2014,Jets,,tim fugger,placed on ir with ankle injury,,,,8/13/2014,
2014,Patriots,,matt stankiewitch,placed on ir with wrist injury,,,,8/14/2014,
2014,Patriots,,terrence miller,placed on ir with undisclosed injury,,,,8/14/2014,
2014,Bears,,zach miller scott,placed on ir with foot injury,,,,8/15/2014,
2014,Buccaneers,,jibreel black,placed on ir with undisclosed injury,,,,8/15/2014,
2014,Cowboys,,korey lindsey,placed on ir with hand injury,,,,8/15/2014,
2014,Falcons,,sam baker b,placed on ir with torn patellar tendon in right knee,,,,8/18/2014,
2014,Jaguars,,bradie ewing,placed on ir with wrist injury,,,,8/18/2014,
2014,Chargers,,damik scafe,placed on ir with hip injury,,,,8/19/2014,
2014,Steelers,,bryant browning,placed on ir with shoulder injury,,,,8/19/2014,
2014,Vikings,,dom decicco,placed on ir with hip injury,,,,8/19/2014,
2014,Bills,,stevenson sylvester,placed on ir with torn patellar tendon in knee,,,,8/20/2014,
2014,Cardinals,,darnell dockett,placed on ir with torn acl in right knee,,,,8/20/2014,
2014,Jets,,dexter mcdougle,placed on ir with torn acl in knee,,,,8/20/2014,
2014,Jets,,shaquelle evans  shaq evans,placed on ir with shoulder injury,,,,8/20/2014,
2014,Packers,,colt lyerla,"placed on ir with torn mcl, pcl in right knee",,,,8/20/2014,
2014,Broncos,,greg latta b,placed on ir with hip injury,,,,8/21/2014,
2014,Jaguars,,fendi onobun,placed on ir with knee/quadriceps injury,,,,8/21/2014,
2014,Raiders,,jeremy deering,placed on ir with undisclosed injury,,,,8/21/2014,
2014,Rams,,isaiah pead,placed on ir with torn acl in knee,,,,8/21/2014,
2014,Redskins,,mike caussin,placed on ir with knee injury,,,,8/21/2014,
2014,Colts,,shawn loiseau,placed on ir with undisclosed injury,,,,8/22/2014,
2014,Falcons,,mike johnson p,placed on ir with foot injury,,,,8/24/2014,
2014,Broncos,,jamar chaney,placed on ir with undisclosed injury,,,,8/25/2014,
2014,Broncos,,jordan norwood,placed on ir with torn acl in left knee,,,,8/25/2014,
2014,Chiefs,,sanders commings,placed on ir with fractured ankle,,,,8/25/2014,
2014,Dolphins,,jalil brown,placed on ir with undisclosed injury,,,,8/25/2014,
2014,Falcons,,marquis spruill,placed on ir with torn acl in knee,,,,8/25/2014,
2014,Lions,,dejon gomes,placed on ir with neck injury,,,,8/25/2014,
2014,Ravens,,brent urban,placed on ir with knee injury,,,,8/25/2014,
2014,Ravens,,kapron lewis-moore,placed on ir with achilles injury,,,,8/25/2014,
2014,Ravens,,will rackley,placed on ir with concussion,,,,8/25/2014,
2014,Texans,,lonnie ballentine,placed on ir with undisclosed injury,,,,8/25/2014,
2014,Broncos,,chase vaughn,placed on ir with knee injury,,,,8/26/2014,
2014,Browns,,darius eubanks,placed on ir with shoulder injury,,,,8/26/2014,
2014,Browns,,jonathan krause,placed on ir with knee injury,,,,8/26/2014,
2014,Browns,,michael bowie,placed on ir with left shoulder injury,,,,8/26/2014,
2014,Browns,,randall harris,placed on ir with knee injury,,,,8/26/2014,
2014,Buccaneers,,danny gorrer,placed on ir with undisclosed injury,,,,8/26/2014,
2014,Chargers,,kwame geathers,placed on ir with left knee injury,,,,8/26/2014,
2014,Chargers,,marcus cromartie,placed on ir with groin injury,,,,8/26/2014,
2014,Chargers,,ricky tjong-a-tjoe,placed on ir with torn acl in right knee,,,,8/26/2014,
2014,Colts,,deji karim,placed on ir with ankle injury,,,,8/26/2014,
2014,Colts,,ulrick john,placed on ir with fractured right ankle,,,,8/26/2014,
2014,Colts,,vick ballard,placed on ir with torn left achilles tendon,,,,8/26/2014,
2014,Cowboys,,ben gardner,placed on ir with shoulder injury,,,,8/26/2014,
2014,Dolphins,,aj francis,placed on ir with knee injury,,,,8/26/2014,
2014,Dolphins,,arthur lynch,placed on ir with back injury,,,,8/26/2014,
2014,Dolphins,,mike gillislee,placed on ir with hamstring injury,,,,8/26/2014,
2014,Giants,,cooper taylor,placed on ir with left foot injury,,,,8/26/2014,
2014,Giants,,marcus harris b 1989-03-01,placed on ir with hip injury,,,,8/26/2014,
2014,Jaguars,,david carter b 1987-12-10,placed on ir with undisclosed injury,,,,8/26/2014,
2014,Jaguars,,deion belue,placed on ir with undisclosed injury,,,,8/26/2014,
2014,Packers,,bj raji,placed on ir with torn right biceps,,,,8/26/2014,
2014,Packers,,don barclay,placed on ir with torn acl in knee,,,,8/26/2014,
2014,Packers,,jared abbrederis,placed on ir with torn acl in right knee,,,,8/26/2014,
2014,Panthers,,kevin matthews,placed on ir with knee injury,,,,8/26/2014,
2014,Panthers,,matt blanchard,placed on ir with concussion,,,,8/26/2014,
2014,Patriots,,cameron gordon,placed on ir with undisclosed injury,,,,8/26/2014,
2014,Patriots,,tyler gaffney,placed on ir with knee injury,,,,8/26/2014,
2014,Raiders,,nick kasa,placed on ir with torn acl in left knee,,,,8/26/2014,
2014,Rams,,demetrius rhaney,placed on ir with knee injury,,,,8/26/2014,
2014,Rams,,pat schiller,placed on ir with undisclosed injury,,,,8/26/2014,
2014,Rams,,sam bradford,placed on ir with torn acl in left knee,,,,8/26/2014,
2014,Ravens,,brett van sloten,placed on ir with knee injury,,,,8/26/2014,
2014,Ravens,,shaun chapas,placed on ir with shoulder injury,,,,8/26/2014,
2014,Saints,,andy tanner,placed on ir with undisclosed injury,,,,8/26/2014,
2014,Saints,,ty nsekhe,placed on ir with undisclosed injury,,,,8/26/2014,
2014,Saints,,tyrequek zimmerman  ty zimmerman,placed on ir with undisclosed injury,,,,8/26/2014,
2014,Seahawks,,aj jefferson ray,placed on ir with ankle injury,,,,8/26/2014,
2014,Seahawks,,cj davis,placed on ir with calf injury,,,,8/26/2014,
2014,Seahawks,,heath farwell,placed on ir with groin injury,,,,8/26/2014,
2014,Titans,,colin mccarthy,placed on ir with surgery on left shoulder,,,,8/26/2014,
2014,Vikings,,mistral raymond,placed on ir with hamstring injury,,,,8/26/2014,
2014,Bengals,,jk schaffer,placed on ir with concussion,,,,8/27/2014,
2014,Bengals,,lavelle westbrooks,placed on ir with thumb injury,,,,8/27/2014,
2014,Buccaneers,,matt patchan b,placed on ir with undisclosed injury,,,,8/27/2014,
2014,Chiefs,,damond smith,placed on ir with undisclosed injury,,,,8/27/2014,
2014,Chiefs,,ryan mckee,placed on ir with knee injury,,,,8/27/2014,
2014,Cowboys,,devonte holloman,placed on ir with neck injury,,,,8/27/2014,
2014,Cowboys,,johnny thomas b,placed on ir with undisclosed injury,,,,8/27/2014,
2014,Cowboys,,jordan najvar,placed on ir with achilles injury,,,,8/27/2014,
2014,Cowboys,,justin green,placed on ir with shoulder injury,,,,8/27/2014,
2014,Cowboys,,matt johnson c,placed on ir with hamstring injury,,,,8/27/2014,
2014,Dolphins,,john potter,placed on ir with hip injury,,,,8/27/2014,
2014,Giants,,emmanuel dieke,placed on ir with knee injury,,,,8/27/2014,
2014,Giants,,justin anderson b,placed on ir with hamstring injury,,,,8/27/2014,
2014,Packers,,andrew tiller,placed on ir with calf injury,,,,8/27/2014,
2014,Packers,,joe thomas lewis,placed on ir with knee injury,,,,8/27/2014,
2014,Packers,,rajion neal,placed on ir with knee injury,,,,8/27/2014,
2014,Panthers,,dc jefferson,placed on ir with ankle injury,,,,8/27/2014,
2014,Raiders,,greg jenkins,placed on ir with undisclosed injury,,,,8/27/2014,
2014,Raiders,,kory sheets,placed on ir with torn left achilles tendon,,,,8/27/2014,
2014,Raiders,,larry asante,placed on ir with undisclosed injury,,,,8/27/2014,
2014,Seahawks,,david gilreath,placed on ir with undisclosed injury,,,,8/27/2014,
2014,Seahawks,,horace miller,placed on ir with knee injury,,,,8/27/2014,
2014,Seahawks,,mic'hael brooks  michael brooks goubron,placed on ir with undisclosed injury,,,,8/27/2014,
2014,Steelers,,devin smith b 1990-08-08,placed on ir with hamstring injury,,,,8/27/2014,
2014,Texans,,anthony mcclung,placed on ir with undisclosed injury,,,,8/27/2014,
2014,Texans,,paul hazel,placed on ir with undisclosed injury,,,,8/27/2014,
2014,Titans,,gabe ikard,placed on ir with knee injury,,,,8/27/2014,
2014,Bills,,bobby felder,placed on ir with groin injury,,,,8/29/2014,
2014,Bills,,mario butler,placed on ir with ankle injury,,,,8/29/2014,
2014,Bills,,tony moeaki,placed on ir with hamstring injury,,,,8/29/2014,
2014,Steelers,,jordan zumwalt,placed on ir with groin injury,,,,8/29/2014,
2014,49ers,,kenneth acker,placed on ir with undisclosed injury,,,,8/30/2014,
2014,49ers,,will tukuafu,placed on ir with concussion,,,,8/30/2014,
2014,Bengals,,trey hopkins,placed on ir with fibula injury,,,,8/30/2014,
2014,Broncos,,kenny anunike,placed on ir with undisclosed injury,,,,8/30/2014,
2014,Browns,,isaiah trufant,placed on ir with knee injury,,,,8/30/2014,
2014,Cardinals,,eddie whitley,placed on ir with fractured foot,,,,8/30/2014,
2014,Chiefs,,kyle williams steven,placed on ir with shoulder injury,,,,8/30/2014,
2014,Chiefs,,tyler bray ian,placed on ir with knee injury,,,,8/30/2014,
2014,Cowboys,,demarcus lawrence,placed on ir with foot injury,,,,8/30/2014,
2014,Dolphins,,kamal johnson,placed on ir with undisclosed injury,,,,8/30/2014,
2014,Eagles,,arrelious benn,placed on ir with back injury,,,,8/30/2014,
2014,Eagles,,travis long,placed on ir with torn acl in knee,,,,8/30/2014,
2014,Giants,,mario manningham,placed on ir with calf injury,,,,8/30/2014,
2014,Giants,,trindon holliday,placed on ir with hamstring injury,,,,8/30/2014,
2014,Jaguars,,rashaad reynolds,placed on ir with hand injury,,,,8/30/2014,
2014,Jaguars,,tandon doss,placed on ir with ankle injury,,,,8/30/2014,
2014,Packers,,khyri thornton,placed on ir with hamstring injury,,,,8/30/2014,
2014,Packers,,nathan palmer b  nate palmer,placed on ir with knee injury,,,,8/30/2014,
2014,Patriots,,james morris b 1991-11-20,placed on ir with knee injury,,,,8/30/2014,
2014,Ravens,,jeremy butler,placed on ir with shoulder injury,,,,8/30/2014,
2014,Redskins,,chris neild,placed on ir with knee injury,,,,8/30/2014,
2014,Redskins,,darryl sharpton,placed on ir with ankle injury,,,,8/30/2014,
2014,Seahawks,,d'anthony smith,placed on ir with biceps injury,,,,8/30/2014,
2014,Titans,,antonio johnson rico,placed on ir with knee injury,,,,8/30/2014,
2014,Vikings,,antonio richardson,placed on ir with knee injury,,,,8/30/2014,
2014,Vikings,,jamarca sanford,placed on ir with quadriceps injury,,,,8/30/2014,
2014,Bills,,jimmy gaines,placed on ir,,,,8/30/2014,
2014,Bears,,md jennings,placed on ir with undisclosed injury,,,,8/31/2014,
2014,Chargers,,vincent brown jr,placed on ir with calf injury,,,,8/31/2014,
2014,Chiefs,,demarcus van dyke,placed on ir with ankle / knee injury,,,,8/31/2014,
2014,Colts,,delano howell,placed on ir with neck injury,,,,8/31/2014,
2014,Colts,,matt hall,placed on ir with triceps injury,,,,8/31/2014,
2014,Cowboys,,orie lemon,placed on ir with undisclosed injury,,,,8/31/2014,
2014,Cowboys,,zach minter,placed on ir with undisclosed injury,,,,8/31/2014,
2014,Eagles,,kenjon barner,placed on ir with ankle injury,,,,8/31/2014,
2014,Giants,,rogers gaines,placed on ir with shoulder injury,,,,8/31/2014,
2014,Jaguars,,brandon barden,placed on ir with groin injury,,,,8/31/2014,
2014,Packers,,jake stoneburner,placed on ir with undisclosed injury,,,,8/31/2014,
2014,Packers,,kevin hughes,placed on ir with undisclosed injury,,,,8/31/2014,
2014,Texans,,will yeatman,placed on ir with concussion,,,,8/31/2014,
2014,Cowboys,,john wetzel,placed on ir with undisclosed injury,,,,8/31/2014,
2014,Packers,,aaron adams b 1989-05-16,placed on ir with undisclosed injury,,,,8/31/2014,
2014,Raiders,,kaelin burnett,placed on ir with knee injury,,,,9/1/2014,
2014,Rams,,justice cunningham,placed on ir with ankle injury,,,,9/1/2014,
2014,49ers,,glenn dorsey,placed on ir with biceps injury,,,,9/2/2014,
2014,Bears,,marquess wilson,placed on ir with fractured collarbone,,,,9/2/2014,
2014,Chiefs,,joe mays,placed on ir with wrist injury,,,,9/2/2014,
2014,Colts,,xavier nixon,placed on ir with knee injury,,,,9/2/2014,
2014,Lions,,kyle van noy,placed on ir with abdominal injury,,,,9/2/2014,
2014,Buccaneers,,charles sims iii,placed on ir with ankle injury,,,,9/3/2014,
2014,Giants,,geoff schwartz,placed on ir with right big toe injury,,,,9/3/2014,
2014,Packers,,jc tretter,placed on ir with knee injury,,,,9/3/2014,
2014,Saints,,khairi fortt,placed on ir with leg injury,,,,9/3/2014,
2014,Seahawks,,lemuel jeanpierre,placed on ir with neck injury,,,,9/3/2014,
2014,Eagles,,matt tobin,placed on ir with ankle injury,,,,9/5/2014,
2014,Dolphins,,dannell ellerbe,placed on ir with hip injury,,,,9/8/2014,
2014,Seahawks,,jeremy lane,placed on ir with groin injury,,,,9/8/2014,
2014,Chiefs,,derrick johnson o'hara,placed on ir with ruptured right achilles tendon,,,,9/9/2014,
2014,Chiefs,,mike devito,placed on ir with ruptured right achilles tendon,,,,9/9/2014,
2014,Colts,,cam johnson a,placed on ir with elbow/triceps injury,,,,9/9/2014,
2014,Eagles,,evan mathis,placed on ir with sprained mcl in knee,,,,9/9/2014,
2014,Redskins,,barry cofield jr,placed on ir with ankle injury,,,,9/9/2014,
2014,Bengals,,tyler eifert,placed on ir with elbow injury,,,,9/10/2014,
2014,Buccaneers,,mike jenkins b 1985-03-22,placed on ir with pectoral muscle injury,,,,9/10/2014,
2014,Chargers,,nick hardwick,placed on ir with neck injury,,,,9/10/2014,
2014,Eagles,,allen barbre,placed on ir with right ankle injury,,,,9/10/2014,
2014,Eagles,,najee goode,placed on ir with torn pectoral muscle,,,,9/10/2014,
2014,Lions,,dwight bentley  bill bentley,placed on ir with torn acl in knee,,,,9/10/2014,
2014,Lions,,corey hilliard,placed on ir with foot injury,,,,9/11/2014,
2014,Rams,,chris long,placed on ir with surgery on ankle,,,,9/11/2014,
2014,Chiefs,,jeff allen b 1990-01-08,placed on ir with surgery on elbow,,,,9/12/2014,
2014,Buccaneers,,adrian clayborn,placed on ir with biceps/elbow injury,,,,9/12/2014,
2014,Raiders,,taiwan jones asti eric,placed on ir with foot injury,,,,9/13/2014,
2014,Dolphins,,sammy seamster,placed on ir with shoulder injury,,,,9/15/2014,
2014,Bears,,charles tillman,placed on ir with torn right triceps,,,,9/16/2014,
2014,Bengals,,e alex smith,placed on ir with biceps / triceps injury,,,,9/16/2014,
2014,Bills,,jonathan meeks,placed on ir with neck injury,,,,9/16/2014,
2014,Buccaneers,,rashaan melvin,placed on ir with ankle injury,,,,9/16/2014,
2014,Giants,,jerrel jernigan,placed on ir,,,,9/16/2014,
2014,Giants,,tim jernigan  timmy jernigan,placed on ir with foot injury,,,,9/16/2014,
2014,Giants,,walter thurmond iii,placed on ir with torn pectoral muscle,,,,9/16/2014,
2014,Jaguars,,marcedes lewis,placed on ir with ankle injury,,,,9/16/2014,
2014,Lions,,nevin lawson,placed on ir with foot injury,,,,9/16/2014,
2014,Titans,,zach brown vinzale,placed on ir with torn pectoral muscle,,,,9/16/2014,
2014,Cowboys,,darrion weems,placed on ir with shoulder injury,,,,9/17/2014,
2014,Packers,,andy mulumba,placed on ir with knee injury,,,,9/17/2014,
2014,Cardinals,,john abraham,placed on ir with concussion,,,,9/19/2014,
2014,Packers,,andy mulumba,placed on ir with knee injury,,,,9/19/2014,
2014,Chargers,,melvin ingram,placed on ir with hip injury,,,,9/20/2014,
2014,Chiefs,,mike catapano,placed on ir with illness,,,,9/22/2014,
2014,Lions,,stephen tulloch,placed on ir with torn acl in left knee,,,,9/22/2014,
2014,Redskins,,deangelo hall,placed on ir with torn left achilles tendon,,,,9/22/2014,
2014,Redskins,,duke ihenacho,placed on ir with fractured bone in heel,,,,9/22/2014,
2014,Steelers,,jarvis jones,placed on ir with wrist injury,,,,9/22/2014,
2014,Chargers,,danny woodhead,placed on ir with fractured fibula,,,,9/23/2014,
2014,Panthers,,mike tolbert,placed on ir with left knee injury,,,,9/23/2014,
2014,Ravens,,dennis pitta,placed on ir with dislocated hip,,,,9/23/2014,
2014,Jaguars,,chris prosinski,placed on ir with elbow injury,,,,9/24/2014,
2014,Raiders,,tyvon branch,placed on ir with fractured foot,,,,9/24/2014,
2014,Texans,,louis nix iii,placed on ir with wrist injury,,,,9/24/2014,
2014,Vikings,,brandon fusco,placed on ir with shoulder injury / torn pectoral,,,,9/24/2014,
2014,Vikings,,matt cassel,placed on ir with fractured left foot,,,,9/24/2014,
2014,Panthers,,garry williams,placed on ir with back injury,,,,9/27/2014,
2014,Patriots,,sealver siliga,placed on ir with foot injury,,,,9/27/2014,
2014,Colts,,mario harvey,placed on ir with hamstring / knee injury,,,,9/29/2014,
2014,Chiefs,,joe mcknight,placed on ir with achilles tendon injury,,,,9/30/2014,
2014,Falcons,,joe hawley,placed on ir with torn acl in right knee,,,,9/30/2014,
2014,Falcons,,lamar holmes,placed on ir with right foot injury,,,,9/30/2014,
2014,Falcons,,william moore,placed on ir with shoulder injury,,,,9/30/2014,
2014,Jets,,tommy bohanon,placed on ir with fractured collarbone,,,,9/30/2014,
2014,Lions,,montell owens,placed on ir with hamstring injury,,,,9/30/2014,
2014,Raiders,,rod streater,placed on ir with foot injury,,,,10/2/2014,
2014,Cowboys,,morris claiborne,placed on ir with torn patellar tendon in left knee,,,,10/3/2014,
2014,Cardinals,,matt shaughnessy,placed on ir with knee injury,,,,10/6/2014,
2014,Patriots,,michael buchanan,placed on ir with ankle injury,,,,10/6/2014,
2014,Bengals,,sean porter,placed on ir with torn acl in right knee,,,,10/7/2014,
2014,Cardinals,,dave zastudil,placed on ir with left groin injury,,,,10/7/2014,
2014,Chargers,,doug legursky,placed on ir with left knee injury,,,,10/7/2014,
2014,Panthers,,richie brockel,placed on ir with right ankle injury,,,,10/7/2014,
2014,Raiders,,kaluka maiava,placed on ir with hamstring injury,,,,10/7/2014,
2014,Saints,,jairus byrd,placed on ir with torn lateral meniscus in knee,,,,10/7/2014,
2014,Texans,,ricky sapp,placed on ir with hamstring injury,,,,10/7/2014,
2014,Raiders,,nick roach,placed on ir with concussion,,,,10/8/2014,
2014,Ravens,,asa jackson,placed on ir with toe injury,,,,10/8/2014,
2014,Titans,,bernard pollard,placed on ir with achilles injury,,,,10/8/2014,
2014,Bills,,chris williams joseph,placed on ir with back injury,,,,10/11/2014,
2014,Titans,,michael roos,placed on ir with knee injury,,,,10/11/2014,
2014,Bears,,taylor boggs,placed on ir with hamstring injury,,,,10/13/2014,
2014,Jets,,brian winters,placed on ir with torn acl in knee,,,,10/13/2014,
2014,Jets,,dee milliner,placed on ir with achilles injury,,,,10/13/2014,
2014,Bengals,,marvin jones jr,placed on ir with right ankle injury,,,,10/14/2014,
2014,Broncos,,danny trevathan,placed on ir with knee injury,,,,10/14/2014,
2014,Browns,,armonty bryant,placed on ir with knee injury,,,,10/14/2014,
2014,Dolphins,,knowshon moreno,placed on ir with torn acl in right knee,,,,10/14/2014,
2014,Giants,,victor cruz,placed on ir with torn patellar tendon in right knee,,,,10/14/2014,
2014,Giants,,trumaine mcbride,placed on ir with fractured thumb,,,,10/15/2014,
2014,Patriots,,jerod mayo,placed on ir with torn patellar tendon in right knee,,,,10/16/2014,
2014,Patriots,,stevan ridley,"placed on ir with torn acl, mcl in right knee",,,,10/16/2014,
2014,Browns,,alex mack,placed on ir with fractured fibula in left leg,,,,10/17/2014,
2014,Lions,,travis lewis,placed on ir with quadriceps injury,,,,10/18/2014,
2014,Ravens,,christo bilukidi,placed on ir with ankle injury,,,,10/18/2014,
2014,Redskins,,akeem jordan,placed on ir with knee injury,,,,10/18/2014,
2014,Seahawks,,cassius marsh,placed on ir with foot injury,,,,10/18/2014,
2014,Titans,,craig stevens,placed on ir with quadriceps injury,,,,10/18/2014,
2014,Falcons,,peter konz,placed on ir with knee injury,,,,10/20/2014,
2014,Jaguars,,paul posluszny,placed on ir with torn pectoral muscle,,,,10/20/2014,
2014,Ravens,,morgan cox,placed on ir with torn acl in knee,,,,10/20/2014,
2014,Saints,,glenn foster,placed on ir with knee injury,,,,10/20/2014,
2014,Bills,,cj spiller,placed on ir with fractured collarbone,,,,10/21/2014,
2014,Redskins,,brian orakpo,placed on ir with torn right pectoral muscle,,,,10/21/2014,
2014,49ers,,chris cook a,placed on ir with quadriceps injury,,,,10/25/2014,
2014,49ers,,daniel kilgore,placed on ir with fractured left leg,,,,10/25/2014,
2014,Raiders,,lamarr woodley,placed on ir with biceps injury,,,,10/25/2014,
2014,Raiders,,usama young,placed on ir with knee injury,,,,10/25/2014,
2014,Rams,,brandon mcgee,placed on ir with foot injury,,,,10/25/2014,
2014,Seahawks,,derrick coleman,placed on ir with foot injury,,,,10/25/2014,
2014,Browns,,john hughes iii,placed on ir with knee injury,,,,10/27/2014,
2014,Bills,,kenny ladler,placed on ir with arm injury,,,,10/28/2014,
2014,Panthers,,chase blackburn,placed on ir with knee injury,,,,10/28/2014,
2014,Rams,,jake long,placed on ir with torn acl in right knee,,,,10/28/2014,
2014,Cowboys,,justin durant,placed on ir with biceps injury,,,,10/29/2014,
2014,Giants,,jon beason,placed on ir with foot/toe injury,,,,10/29/2014,
2014,Jaguars,,alan ball,placed on ir with biceps injury,,,,10/29/2014,
2014,Rams,,brian quick,placed on ir with shoulder injury,,,,10/29/2014,
2014,Bears,,lamarr houston,placed on ir with torn acl in right knee,,,,11/3/2014,
2014,Buccaneers,,trindon holliday,placed on ir with hamstring injury,,,,11/3/2014,
2014,Jaguars,,will blackmon,placed on ir with finger injury,,,,11/3/2014,
2014,Browns,,miles austin,placed on ir,,,,11/4/2014,
2014,Dolphins,,michael thomas b 1990-03-17,placed on ir with torn pectoral muscle,,,,11/4/2014,
2014,Eagles,,demeco ryans,placed on ir with torn right achilles tendon,,,,11/4/2014,
2014,Saints,,austin johnson b 1989-06-16,placed on ir with knee injury,,,,11/4/2014,
2014,Eagles,,todd herremans,placed on ir with biceps injury,,,,11/5/2014,
2014,Giants,,prince amukamara,placed on ir with biceps injury,,,,11/5/2014,
2014,Seahawks,,greg scruggs,placed on ir with knee injury,,,,11/5/2014,
2014,Titans,,taylor thompson,placed on ir with knee injury,,,,11/5/2014,
2014,Bears,,matt slauson,placed on ir with torn pectoral muscle,,,,11/8/2014,
2014,Packers,,kevin dorsey,placed on ir with foot injury,,,,11/8/2014,
2014,Ravens,,jimmy smith b,placed on ir with foot injury,,,,11/8/2014,
2014,Seahawks,,stephen schilling,placed on ir with knee injury,,,,11/8/2014,
2014,Dolphins,,branden albert,"placed on ir with torn acl, mcl in right knee",,,,11/10/2014,
2014,49ers,,patrick willis,placed on ir with left big toe injury,,,,11/11/2014,
2014,Buccaneers,,kadeem edwards,placed on ir with foot injury,,,,11/11/2014,
2014,Cardinals,,carson palmer,placed on ir with torn acl in left knee,,,,11/11/2014,
2014,Chiefs,,cyrus gray,placed on ir with torn acl in knee,,,,11/11/2014,
2014,Chiefs,,demetrius harris,placed on ir with fractured right foot,,,,11/11/2014,
2014,Seahawks,,brandon mebane,placed on ir with torn right hamstring,,,,11/11/2014,
2014,Giants,,michael cox,placed on ir with fractured left leg,,,,11/12/2014,
2014,Saints,,vinnie sunseri,placed on ir with arm injury,,,,11/12/2014,
2014,Seahawks,,zach miller a,placed on ir with ankle injury,,,,11/12/2014,
2014,Broncos,,nate irving,placed on ir with right knee injury,,,,11/13/2014,
2014,Browns,,phillip taylor  phil taylor,placed on ir with right knee injury,,,,11/14/2014,
2014,49ers,,jimmie ward,placed on ir with foot injury,,,,11/15/2014,
2014,Chargers,,jason verrett,placed on ir with shoulder injury,,,,11/15/2014,
2014,Dolphins,,will davis,placed on ir with torn acl in knee,,,,11/15/2014,
2014,Giants,,peyton hillis,placed on ir with concussion,,,,11/15/2014,
2014,49ers,,ian williams f,placed on ir with fractured fibula,,,,11/17/2014,
2014,Bills,,leodis mckelvin,placed on ir with fractured right ankle,,,,11/17/2014,
2014,Falcons,,antone smith,placed on ir with fractured leg,,,,11/17/2014,
2014,Jaguars,,allen robinson ii,placed on ir with fractured right foot,,,,11/17/2014,
2014,Cardinals,,troy niklas,placed on ir with sprained left ankle,,,,11/18/2014,
2014,Colts,,ahmad bradshaw,placed on ir with fractured left fibula,,,,11/18/2014,
2014,Eagles,,earl wolff,placed on ir with knee injury,,,,11/18/2014,
2014,Panthers,,nate chandler,placed on ir with torn meniscus in right knee,,,,11/18/2014,
2014,Saints,,brandin cooks,placed on ir with fractured right thumb,,,,11/18/2014,
2014,Saints,,rafael bush,placed on ir with fractured right tibia,,,,11/18/2014,
2014,Chiefs,,aj jenkins b,placed on ir with shoulder injury,,,,11/22/2014,
2014,Buccaneers,,jorvorskie lane,placed on ir with right leg injury,,,,11/24/2014,
2014,Redskins,,adam hayward,placed on ir with fractured tibia,,,,11/24/2014,
2014,Browns,,andre smith phillip,placed on ir with torn left triceps,,,,11/25/2014,
2014,Chargers,,rich ohrnberger,placed on ir with back injury,,,,11/25/2014,
2014,Titans,,brian schwenke,placed on ir with knee injury,,,,11/25/2014,
2014,Bears,,brian de la puente,placed on ir with ankle injury,,,,11/26/2014,
2014,Cowboys,,jack crawford,placed on ir with fractured thumb,,,,11/26/2014,
2014,Raiders,,david ausberry,placed on ir with foot injury,,,,11/26/2014,
2014,Redskins,,tracy porter o'neil,placed on ir with shoulder injury,,,,11/26/2014,
2014,Texans,,ryan mallett,placed on ir with torn pectoral muscle,,,,11/26/2014,
2014,Vikings,,phil loadholt,placed on ir with torn pectoral muscle,,,,11/26/2014,
2014,49ers,,derek carrier,placed on ir with foot injury,,,,11/27/2014,
2014,Saints,,brodrick bunkley,placed on ir with torn quadriceps,,,,11/27/2014,
2014,Bears,,lance briggs,placed on ir with groin injury,,,,11/28/2014,
2014,Seahawks,,kevin pierre-louis,placed on ir with shoulder injury,,,,11/28/2014,
2014,Raiders,,carlos rogers,placed on ir with knee injury,,,,11/29/2014,
2014,Bengals,,jayson dimanche,placed on ir with fractured forearm,,,,12/1/2014,
2014,Steelers,,brett keisel,placed on ir with triceps injury,,,,12/1/2014,
2014,Giants,,adam snyder,placed on ir with knee injury,,,,12/2/2014,
2014,Giants,,mathias kiwanuka,placed on ir with knee injury,,,,12/2/2014,
2014,Giants,,robert ayers jr,placed on ir with pectoral muscle injury,,,,12/2/2014,
2014,Titans,,justin hunter,placed on ir with lacerated spleen,,,,12/2/2014,
2014,Browns,,miles austin,placed on ir with kidney ailment,,,,12/3/2014,
2014,Giants,,geoff schwartz,placed on ir with ankle injury,,,,12/3/2014,
2014,Giants,,terrell manning,placed on ir with ankle injury,,,,12/3/2014,
2014,Jaguars,,austin pasztor,placed on ir with hamstring injury,,,,12/3/2014,
2014,Texans,,max bullough,placed on ir with hamstring injury,,,,12/3/2014,
2014,Bears,,chris williams b 1987-09-16,placed on ir with hamstring injury,,,,12/4/2014,
2014,Jets,,greg salas,placed on ir with hamstring injury,,,,12/4/2014,
2014,Patriots,,aaron dobson,placed on ir with hamstring injury,,,,12/4/2014,
2014,Raiders,,jonathan dowling,placed on ir with back injury,,,,12/6/2014,
2014,Ravens,,tramain jacobs,placed on ir with thigh injury,,,,12/6/2014,
2014,Redskins,,chase minnifield,placed on ir with concussion,,,,12/6/2014,
2014,Steelers,,cortez allen,placed on ir with thumb injury,,,,12/6/2014,
2014,Vikings,,jerick mckinnon,placed on ir with back injury,,,,12/6/2014,
2014,Bears,,brandon marshall tyrone,placed on ir with fractured ribs,,,,12/8/2014,
2014,Buccaneers,,brandon magee,placed on ir with torn pectoral muscle,,,,12/8/2014,
2014,Cardinals,,andre ellington,placed on ir with hip injury,,,,12/8/2014,
2014,Dolphins,,louis delmas,placed on ir with knee injury,,,,12/8/2014,
2014,Packers,,luther robinson,placed on ir with calf injury,,,,12/8/2014,
2014,Chargers,,ryan miller b 1989-07-06,placed on ir,,,,12/8/2014,
2014,49ers,,vance mcdonald,placed on ir with back injury,,,,12/9/2014,
2014,Bengals,,vontaze burfict,placed on ir with knee injury,,,,12/9/2014,
2014,Bills,,mike williams anthony,placed on ir with calf injury,,,,12/9/2014,
2014,Ravens,,danny gorrer,"placed on ir with torn mcl, pcl in knee",,,,12/9/2014,
2014,Titans,,blidi wreh-wilson,placed on ir with shoulder injury,,,,12/9/2014,
2014,Lions,,joseph fauria,placed on ir with ankle injury,,,,12/10/2014,
2014,Texans,,jadeveon clowney,placed on ir with right knee injury (microfracture surgery),,,,12/10/2014,
2014,Vikings,,michael mauti,placed on ir with knee injury,,,,12/10/2014,
2014,Bears,,genos williams  dj williams,placed on ir with neck injury,,,,12/11/2014,
2014,Redskins,,morgan moses,placed on ir with foot injury,,,,12/11/2014,
2014,Texans,,tim jamison,placed on ir with knee injury,,,,12/12/2014,
2014,49ers,,glenn dorsey,placed on ir with forearm injury / torn left biceps,,,,12/13/2014,
2014,49ers,,navorro bowman,placed on ir with left knee injury,,,,12/13/2014,
2014,Bears,,darryl sharpton,placed on ir with hamstring injury,,,,12/13/2014,
2014,Broncos,,montee ball,placed on ir with groin injury,,,,12/13/2014,
2014,Broncos,,quinton carter,placed on ir with knee injury,,,,12/13/2014,
2014,Dolphins,,anthony johnson b 1993-01-24,placed on ir with ankle injury,,,,12/13/2014,
2014,Packers,,jamari lattimore,placed on ir with ankle injury,,,,12/13/2014,
2014,Raiders,,larry asante,placed on ir with shoulder injury,,,,12/13/2014,
2014,Ravens,,jah reid,placed on ir with hand injury,,,,12/13/2014,
2014,Titans,,michael oher,placed on ir with toe injury,,,,12/13/2014,
2014,Falcons,,robert alford,placed on ir with wrist injury,,,,12/15/2014,
2014,Titans,,jake locker,placed on ir with left shoulder injury,,,,12/15/2014,
2014,49ers,,kassim osgood,placed on ir with fractured hand,,,,12/16/2014,
2014,Broncos,,danny trevathan,placed on ir with dislocated left kneecap,,,,12/16/2014,
2014,Buccaneers,,austin seferian-jenkins,placed on ir with back injury,,,,12/16/2014,
2014,Buccaneers,,gerald mccoy,placed on ir with sprained right knee,,,,12/16/2014,
2014,Buccaneers,,louis murphy jr,placed on ir with ankle injury,,,,12/16/2014,
2014,Cardinals,,ed stinson,placed on ir with toe injury,,,,12/16/2014,
2014,Chargers,,donald butler,placed on ir with dislocated elbow,,,,12/16/2014,
2014,Giants,,james brewer,placed on ir with concussion,,,,12/16/2014,
2014,Jaguars,,denard robinson,placed on ir with foot injury,,,,12/16/2014,
2014,Raiders,,sio moore,placed on ir with hip injury,,,,12/16/2014,
2014,Ravens,,asa jackson,placed on ir with knee injury,,,,12/16/2014,
2014,Ravens,,lorenzo taliaferro,placed on ir with foot injury,,,,12/16/2014,
2014,Ravens,,terrence brooks,placed on ir with knee injury,,,,12/16/2014,
2014,Redskins,,colt mccoy,placed on ir with neck injury,,,,12/16/2014,
2014,Texans,,ryan fitzpatrick,placed on ir with fractured left leg,,,,12/16/2014,
2014,Titans,,brett brackett,placed on ir with knee injury,,,,12/16/2014,
2014,49ers,,garrett celek,placed on ir with back injury,,,,12/17/2014,
2014,Giants,,jacquian williams,placed on ir with concussion,,,,12/17/2014,
2014,Jaguars,,khairi fortt,placed on ir with hamstring injury,,,,12/17/2014,
2014,Lions,,laadrian waddle,placed on ir with left knee injury,,,,12/17/2014,
2014,Patriots,,dominique easley,placed on ir with knee injury,,,,12/17/2014,
2014,Ravens,,kevin mcdermott,placed on ir with undisclosed injury,,,,12/18/2014,
2014,Titans,,dexter mccluster,placed on ir with knee injury,,,,12/18/2014,
2014,Redskins,,brandon meriweather,placed on ir with toe injury,,,,12/19/2014,
2014,49ers,,chris borland,placed on ir with ankle injury,,,,12/20/2014,
2014,Browns,,tashaun gipson,placed on ir with knee injury,,,,12/20/2014,
2014,Buccaneers,,major wright,placed on ir with rib injury,,,,12/20/2014,
2014,Raiders,,tarell brown,placed on ir with foot injury,,,,12/20/2014,
2014,Chargers,,johnnie troutman,placed on ir with knee injury,,,,12/22/2014,
2014,Panthers,,de'andre presley,placed on ir with concussion,,,,12/22/2014,
2014,Bears,,willie young james,placed on ir with torn achilles tendon,,,,12/23/2014,
2014,Dolphins,,jamar taylor,placed on ir with shoulder injury,,,,12/23/2014,
2014,Falcons,,william moore,placed on ir with shoulder injury,,,,12/23/2014,
2014,Ravens,,rick wagner  ricky wagner,placed on ir with foot injury,,,,12/23/2014,
2014,Redskins,,trent murphy,placed on ir with hand injury,,,,12/23/2014,
2014,Browns,,ishmaa'ily kitchen,placed on ir with leg injury,,,,12/24/2014,
2014,Browns,,johnny manziel,placed on ir with hamstring injury,,,,12/24/2014,
2014,Raiders,,brian leonhardt,placed on ir with concussion,,,,12/24/2014,
2014,49ers,,alex boone,placed on ir with knee injury,,,,12/26/2014,
2014,49ers,,raymond ventrone  bubba ventrone,placed on ir with groin injury,,,,12/26/2014,
2014,Saints,,akiem hicks,placed on ir with ankle injury,,,,12/26/2014,
2014,Saints,,pierre thomas,placed on ir with rib injury,,,,12/26/2014,
2014,Chargers,,mike scifres,placed on ir with shoulder injury,,,,12/27/2014,
2014,Jets,,rontez miles,placed on ir with shin injury,,,,12/27/2014,
2014,Patriots,,alfonzo dennard,placed on ir with hamstring injury,,,,12/27/2014,
2014,Redskins,,jason hatcher,placed on ir with knee injury,,,,12/27/2014,
2014,Saints,,john jenkins,placed on ir with abdominal injury,,,,12/27/2014,
2014,Vikings,,anthony barr,placed on ir with knee injury,,,,12/27/2014,
2014,Cowboys,,henry melton,placed on ir with knee injury,,,,12/30/2014,
2014,Bengals,,dane sanzenbacher,placed on ir with concussion,,,,12/31/2014,
2014,Colts,,gosder cherilus,placed on ir with groin injury,,,,1/1/2015,
2014,Ravens,,arthur brown,placed on ir with hamstring injury,,,,1/2/2015,
2014,Colts,,hugh thornton,placed on ir with shoulder injury,,,,1/6/2015,
2014,Seahawks,,jordan hill,placed on ir with ankle/calf injury,,,,1/6/2015,
2014,Broncos,,quanterus smith,placed on ir with knee injury,,,,1/10/2015,
2014,Seahawks,,paul richardson jr,placed on ir with torn acl in knee,,,,1/12/2015,
2015,Raiders,,miles burris,placed on ir,,,,5/6/2015,
2015,Giants,,thomas gordon,placed on ir with undisclosed injury,,,,5/12/2015,
2015,Raiders,,jeremy gallon,placed on ir with undisclosed injury,,,,5/12/2015,
2015,Texans,,james rouse b,placed on ir with achilles injury,,,,5/12/2015,
2015,Seahawks,,tory slater,placed on ir with undisclosed injury,,,,5/15/2015,
2015,Redskins,,james gayle,placed on ir with undisclosed injury,,,,5/19/2015,
2015,Saints,,malcome kennedy  malcolme kennedy,placed on ir with foot injury,,,,5/19/2015,
2015,Seahawks,,demitrius bronson,placed on ir with hamstring injury,,,,5/19/2015,
2015,Buccaneers,,emmanuel ogbuehi,placed on ir with undisclosed injury,,,,5/20/2015,
2015,Steelers,,l'damian washington,placed on ir with undisclosed injury,,,,5/20/2015,
2015,Saints,,andy tanner,placed on ir with undisclosed injury,,,,5/21/2015,
2015,Browns,,keith pough,placed on ir with undisclosed injury,,,,5/27/2015,
2015,Colts,,joshua mitchell  josh mitchell,placed on ir with undisclosed injury,,,,5/27/2015,
2015,Cowboys,,chris boyd,placed on ir with undisclosed injury,,,,5/27/2015,
2015,Broncos,,ryan clady,placed on ir with torn acl in left knee,,,,5/29/2015,
2015,Ravens,,julian wilson,placed on ir with leg injury,,,,5/29/2015,
2015,Raiders,,andre debose,placed on ir with achilles injury,,,,6/4/2015,
2015,Raiders,,jacoby hale,placed on ir with undisclosed injury,,,,6/5/2015,
2015,Rams,,bud sasser,placed on ir (cbs) / non-football injury list (sn) with illness,,,,6/5/2015,
2015,Titans,,brandon harris a,placed on ir with left knee injury,,,,6/9/2015,
2015,Seahawks,,ryan robinson b 1990-12-09,placed on ir with achilles tendon injury,,,,6/16/2015,
2015,Bills,,deon broomfield,placed on ir with undisclosed injury,,,,6/17/2015,
2015,Jets,,zach sudfeld,placed on ir with torn acl in knee,,,,6/17/2015,
2015,Panthers,,tyronne green,placed on ir with achilles injury,,,,6/17/2015,
2015,Steelers,,micah hatchie,placed on ir with torn left achilles tendon,,,,6/18/2015,
2015,Giants,,marcus harris b 1989-03-01,placed on ir with knee injury,,,,7/16/2015,
2015,Vikings,,casey matthews,placed on ir with hip injury,,,,7/26/2015,
2015,Cowboys,,ryan williams a,placed on ir with knee injury,,,,7/28/2015,
2015,Saints,,michael brewster  mike brewster,placed on ir with undisclosed injury,,,,7/28/2015,
2015,Bengals,,james wright earl,placed on ir with knee injury,,,,7/29/2015,
2015,Cowboys,,cameron lawrence,placed on ir with undisclosed injury,,,,7/29/2015,
2015,Cowboys,,ryan miller b 1989-07-06,placed on ir with undisclosed injury,,,,7/29/2015,
2015,Ravens,,cam worthy,placed on ir with foot injury,,,,7/30/2015,
2015,Titans,,dorin dickerson,placed on ir with achilles injury,,,,7/30/2015,
2015,Giants,,ben edwards,placed on ir with undisclosed injury,,,,8/1/2015,
2015,Chiefs,,keshawn hill,placed on ir with undisclosed injury,,,,8/2/2015,
2015,49ers,,reggie bush,placed on ir with torn acl in right knee,,,,8/3/2015,
2015,Bears,,demontre hurst,placed on ir with undisclosed injury,,,,8/3/2015,
2015,Bengals,,aj hawk a,placed on ir with achilles injury,,,,8/3/2015,
2015,Broncos,,aj hawk a,placed on ir with achilles injury,,,,8/3/2015,
2015,Broncos,,kyle williams steven,placed on ir with achilles injury,,,,8/3/2015,
2015,Falcons,,matt bryant,placed on ir with undisclosed,,,,8/3/2015,
2015,Giants,,brad harrah,placed on ir with undisclosed injury,,,,8/3/2015,
2015,Giants,,matt lacosse,placed on ir with undisclosed injury,,,,8/3/2015,
2015,Giants,,will blackmon,placed on ir with undisclosed injury,,,,8/3/2015,
2015,Panthers,,stephen hill,placed on ir with undisclosed injury,,,,8/3/2015,
2015,Seahawks,,will blackmon,placed on ir with undisclosed injury,,,,8/3/2015,
2015,Steelers,,matt bryant,placed on ir with undisclosed (cbs),,,,8/3/2015,
2015,Steelers,,ross scheuerman,placed on ir with undisclosed injury,,,,8/3/2015,
2015,Broncos,,connor rains,placed on ir with undisclosed injury,,,,8/4/2015,
2015,Cardinals,,bradley sowell,placed on ir with foot injury,,,,8/4/2015,
2015,Chargers,,michael roos,placed on ir with fractured foot,,,,8/4/2015,
2015,Chargers,,tenny palepoi,placed on ir with undisclosed injury,,,,8/4/2015,
2015,Cowboys,,anthony fasano,placed on ir with torn acl in knee,,,,8/4/2015,
2015,Cowboys,,justin jackson a,placed on ir with undisclosed injury,,,,8/4/2015,
2015,Patriots,,kevin hughes,placed on ir with undisclosed injury,,,,8/4/2015,
2015,Eagles,,travis long,placed on ir with undisclosed injury,,,,8/4/2015,
2015,Patriots,,damond smith,placed on ir with undisclosed,,,,8/4/2015,
2015,Colts,,kendall langford,placed on ir with undisclosed injury (out for season),,,,8/5/2015,
2015,Cowboys,,justin anderson b,placed on ir with undisclosed injury,,,,8/5/2015,
2015,Cowboys,,reshod fortenberry,placed on ir with undisclosed injury,,,,8/5/2015,
2015,Cowboys,,steven jackson,placed on ir with knee injury,,,,8/5/2015,
2015,Eagles,,adrian peterson,placed on ir with torn acl in left knee,,,,8/5/2015,
2015,Patriots,,aj derby,placed on ir with undisclosed injury,,,,8/5/2015,
2015,Patriots,,matt hasselbeck,placed on ir with undisclosed injury,,,,8/5/2015,
2015,Steelers,,adrian peterson,placed on ir with undisclosed injury,,,,8/6/2015,
2015,Steelers,,eli rogers,placed on ir with undisclosed injury,,,,8/6/2015,
2015,49ers,,ben gottschalk,placed on ir with foot injury,,,,8/7/2015,
2015,Bears,,brian vogler,placed on ir with foot injury,,,,8/7/2015,
2015,Cardinals,,john fullington,placed on ir with torn acl in left knee,,,,8/7/2015,
2015,Steelers,,clifton geathers,placed on ir with undisclosed injury,,,,8/7/2015,
2015,Steelers,,rob blanchflower,placed on ir with undisclosed injury,,,,8/7/2015,
2015,Titans,,cody prewitt,placed on ir with undisclosed injury,,,,8/7/2015,
2015,Chargers,,ben beckwith,placed on ir with undisclosed injury,,,,8/8/2015,
2015,Falcons,,beau gardner,placed on ir with knee injury,,,,8/8/2015,
2015,Giants,,chris harper deon,placed on ir with undisclosed injury,,,,8/8/2015,
2015,Jets,,antonio allen,placed on ir with achilles injury,,,,8/8/2015,
2015,Saints,,jack tabb,placed on ir with leg injury,,,,8/8/2015,
2015,Steelers,,isaiah lewis,placed on ir with undisclosed injury,,,,8/9/2015,
2015,Titans,,connor neighbors,placed on ir with fractured forearm,,,,8/9/2015,
2015,Cowboys,,will smith b,placed on ir with undisclosed injury,,,,8/10/2015,
2015,Bills,,justin brown b 1991-03-10,placed on ir with undisclosed injury,,,,8/11/2015,
2015,Eagles,,frances mays  frank mays,placed on ir with undisclosed injury,,,,8/11/2015,
2015,Jaguars,,matt robinson b,placed on ir with hamstring injury,,,,8/11/2015,
2015,Lions,,david ausberry,placed on ir with undisclosed injury,,,,8/11/2015,
2015,Titans,,curtis riley,placed on ir with undisclosed injury,,,,8/11/2015,
2015,Buccaneers,,quinton alston,placed on ir with undisclosed injury,,,,8/12/2015,
2015,Dolphins,,shamiel gary,placed on ir with shoulder injury,,,,8/12/2015,
2015,Steelers,,devin gardner,placed on ir with undisclosed injury,,,,8/12/2015,
2015,Steelers,,shaun suisham,placed on ir with torn acl in left knee,,,,8/12/2015,
2015,Bills,,caleb holley,placed on ir with hamstring injury,,,,8/13/2015,
2015,Bills,,clay burton,placed on ir with undisclosed injury,,,,8/13/2015,
2015,Cowboys,,chris whaley,placed on ir with achilles injury,,,,8/13/2015,
2015,Cowboys,,jason wilson,placed on ir with undisclosed injury,,,,8/13/2015,
2015,Falcons,,ricky havill-heimuli  ricky heimuli,placed on ir with hip injury,,,,8/13/2015,
2015,Patriots,,tyler gaffney,placed on ir with knee injury,,,,8/13/2015,
2015,Steelers,,cameron stingily,placed on ir with torn meniscus in right knee,,,,8/14/2015,
2015,Redskins,,logan paulsen,placed on ir with turf toe,,,,8/16/2015,
2015,Redskins,,niles paul,placed on ir with fractured and dislocated ankle,,,,8/16/2015,
2015,Dolphins,,tommy streeter,placed on ir with undisclosed injury,,,,8/17/2015,
2015,Eagles,,bj mcbryde,placed on ir with foot injury,,,,8/17/2015,
2015,Eagles,,brandon hepburn,placed on ir with abdominal injury,,,,8/17/2015,
2015,Giants,,mykkele thompson,placed on ir with achilles tendon injury,,,,8/17/2015,
2015,Redskins,,trevardo williams,placed on ir with undisclosed injury,,,,8/17/2015,
2015,Vikings,,gavin lutman,placed on ir with hamstring injury,,,,8/17/2015,
2015,Bills,,jarius wynn,placed on ir with acl injury in knee,,,,8/18/2015,
2015,Bills,,ty powell,placed on ir with torn acl in knee,,,,8/18/2015,
2015,Colts,,cody galea,placed on ir with hamstring injury,,,,8/18/2015,
2015,Cowboys,,ray vinopal,placed on ir with ankle injury,,,,8/18/2015,
2015,Panthers,,jamie childers,placed on ir with fractured arm,,,,8/18/2015,
2015,Redskins,,silas redd jr,"placed on ir with torn acl, mcl in right knee",,,,8/18/2015,
2015,Saints,,lawrence virgil,placed on ir with undisclosed injury,,,,8/18/2015,
2015,Vikings,,phil loadholt,placed on ir with torn left achilles tendon,,,,8/18/2015,
2015,Cardinals,,brandon person,placed on ir with torn acl in knee,,,,8/19/2015,
2015,Cardinals,,zack wagenmann,placed on ir with fractured right foot,,,,8/19/2015,
2015,Eagles,,jordan dewalt-ondijo,placed on ir with ankle injury,,,,8/19/2015,
2015,Lions,,darren keyton,placed on ir with knee injury,,,,8/19/2015,
2015,Broncos,,marvin austin jr,placed on ir with groin injury,,,,8/20/2015,
2015,Saints,,austin brown,placed on ir with knee injury,,,,8/20/2015,
2015,Steelers,,jordan zumwalt,placed on ir with undisclosed injury,,,,8/20/2015,
2015,Texans,,mike mcfarland b,placed on ir with undisclosed injury,,,,8/20/2015,
2015,Cardinals,,corey peters,placed on ir with torn left achilles tendon,,,,8/21/2015,
2015,Saints,,kevin brock,placed on ir with undisclosed injury,,,,8/21/2015,
2015,Redskins,,adam hayward,placed on ir with torn acl in right knee,,,,8/22/2015,
2015,Cowboys,,cody clay,placed on ir with undisclosed injury,,,,8/24/2015,
2015,Jaguars,,arrelious benn,placed on ir with fractured left collarbone,,,,8/24/2015,
2015,Lions,,jordan thompson b 1989-07-12,placed on ir with left knee injury,,,,8/24/2015,
2015,Patriots,,brandon gibson,placed on ir with knee injury,,,,8/24/2015,
2015,Rams,,isiah ferguson,placed on ir with knee injury,,,,8/24/2015,
2015,Seahawks,,kona schwenke,placed on ir with torn acl in knee,,,,8/24/2015,
2015,Bears,,jason weaver,placed on ir with undisclosed injury,,,,8/25/2015,
2015,Dolphins,,louis delmas,placed on ir with torn acl in right knee,,,,8/25/2015,
2015,Eagles,,wade keliikipi,placed on ir with sprained right foot,,,,8/25/2015,
2015,Giants,,justin currie,placed on ir with fractured right ankle,,,,8/25/2015,
2015,Giants,,tony johnson c,placed on ir with sprained knee,,,,8/25/2015,
2015,Jaguars,,brennan williams,placed on ir with left knee injury,,,,8/25/2015,
2015,Jaguars,,damian copeland,placed on ir with shoulder injury,,,,8/25/2015,
2015,Lions,,kevin snyder,placed on ir with hand injury,,,,8/25/2015,
2015,Panthers,,frank alexander,placed on ir with torn right achilles tendon,,,,8/25/2015,
2015,Patriots,,brian tyms,placed on ir with foot injury,,,,8/25/2015,
2015,Steelers,,bruce gradkowski,placed on ir with dislocated finger on left hand,,,,8/25/2015,
2015,Steelers,,david nelson b,placed on ir with shoulder injury,,,,8/25/2015,
2015,Jets,,davon walls,placed on ir with knee injury,,,,8/26/2015,
2015,Falcons,,evan royster,placed on ir with undisclosed injury,,,,8/27/2015,
2015,Raiders,,chase williams a,placed on ir with undisclosed injury,,,,8/27/2015,
2015,Patriots,,jake bequette,placed on ir with undisclosed injury,,,,8/28/2015,
2015,Bears,,ryan mundy,placed on ir with hip injury,,,,8/30/2015,
2015,Broncos,,jeff heuerman,placed on ir with torn acl in left knee,,,,8/31/2015,
2015,Colts,,tevin mitchel,placed on ir with torn labrum in left shoulder,,,,8/31/2015,
2015,Jaguars,,dante fowler jr,placed on ir with torn acl in left knee,,,,8/31/2015,
2015,Jaguars,,josh wells,placed on ir with thumb injury,,,,8/31/2015,
2015,Lions,,chris owens todd dillard,placed on ir with undisclosed injury,,,,8/31/2015,
2015,Ravens,,allen reisner,placed on ir with ankle injury,,,,8/31/2015,
2015,Ravens,,chris greenwood,placed on ir with hamstring injury,,,,8/31/2015,
2015,Ravens,,matt elam,placed on ir with biceps injury,,,,8/31/2015,
2015,Ravens,,steven means,placed on ir with groin injury,,,,8/31/2015,
2015,Redskins,,junior galette,placed on ir with torn left achilles,,,,8/31/2015,
2015,Seahawks,,jeremy lane,placed on reserve/physically unable to perform list with knee injury / placed on ir with fractured left arm,,,,8/31/2015,
2015,49ers,,desmond bishop,placed on ir with surgery on left thumb,,,,9/1/2015,
2015,49ers,,dres anderson,placed on ir with undisclosed injury,,,,9/1/2015,
2015,Bears,,john chiles,placed on ir with concussion,,,,9/1/2015,
2015,Bears,,senorise perry,placed on ir with foot injury,,,,9/1/2015,
2015,Bengals,,mark weisman,placed on ir with undisclosed injury,,,,9/1/2015,
2015,Bills,,austin willis,placed on ir with concussion,,,,9/1/2015,
2015,Browns,,connor shaw,placed on ir with surgery on right thumb,,,,9/1/2015,
2015,Browns,,michael bowie,placed on ir with left shoulder injury,,,,9/1/2015,
2015,Cardinals,,travis harvey,placed on ir with hamstring injury,,,,9/1/2015,
2015,Chargers,,brock hekking,placed on ir with foot injury,,,,9/1/2015,
2015,Chiefs,,justin march-lillard  justin march,placed on ir with knee injury,,,,9/1/2015,
2015,Colts,,deveron carr,placed on ir with undisclosed injury,,,,9/1/2015,
2015,Colts,,donald celiscar,placed on ir with undisclosed injury,,,,9/1/2015,
2015,Cowboys,,orlando scandrick,"placed on ir with torn acl, mcl in right knee",,,,9/1/2015,
2015,Eagles,,jacorey shepherd,placed on ir with torn acl in right knee,,,,9/1/2015,
2015,Giants,,bennett jackson,placed on ir with torn acl in right knee,,,,9/1/2015,
2015,Giants,,josh gordy,placed on ir with hip injury,,,,9/1/2015,
2015,Jaguars,,greg jenkins,placed on ir with undisclosed injury,,,,9/1/2015,
2015,Jets,,jace amaro,placed on ir with torn labrum in shoulder,,,,9/1/2015,
2015,Jets,,kevin vickerson,placed on ir with hamstring injury,,,,9/1/2015,
2015,Packers,,jordy nelson,placed on ir with torn acl in right knee,,,,9/1/2015,
2015,Panthers,,kelvin benjamin,placed on ir with torn acl in left knee,,,,9/1/2015,
2015,Patriots,,darryl roberts,placed on ir with wrist injury,,,,9/1/2015,
2015,Patriots,,james develin,placed on ir with fractured tibia in right leg,,,,9/1/2015,
2015,Patriots,,jonathan krause,placed on ir with undisclosed injury,,,,9/1/2015,
2015,Patriots,,josh boyce,placed on ir with undisclosed injury,,,,9/1/2015,
2015,Raiders,,jimmy hall,placed on ir with undisclosed injury,,,,9/1/2015,
2015,Raiders,,menelik watson,placed on ir with torn achilles,,,,9/1/2015,
2015,Rams,,ej gaines,placed on ir with foot injury,,,,9/1/2015,
2015,Redskins,,tony jones c,placed on ir with undisclosed injury,,,,9/1/2015,
2015,Saints,,anthony spencer,placed on ir with undisclosed injury,,,,9/1/2015,
2015,Saints,,pj williams,placed on ir with torn hamstring,,,,9/1/2015,
2015,Seahawks,,brandon cottom,placed on ir with undisclosed injury,,,,9/1/2015,
2015,Seahawks,,triston wade,placed on ir with undisclosed injury,,,,9/1/2015,
2015,Steelers,,garrett hartley,placed on ir with hamstring injury,,,,9/1/2015,
2015,Steelers,,senquez golson,placed on ir with shoulder injury,,,,9/1/2015,
2015,Texans,,reshard cliett,placed on ir with knee injury,,,,9/1/2015,
2015,Titans,,andrew turzilli,placed on ir with ankle injury,,,,9/1/2015,
2015,Titans,,yannik cudjoe-virgil,placed on ir with hamstring injury,,,,9/1/2015,
2015,Vikings,,carter bykowski,placed on ir with torn pectoral muscle,,,,9/1/2015,
2015,Bengals,,onterio mccalebb,placed on ir with undisclosed injury,,,,9/2/2015,
2015,Bills,,tyson chandler,placed on ir with undisclosed injury,,,,9/2/2015,
2015,Browns,,luke lundy,placed on ir with concussion,,,,9/2/2015,
2015,Buccaneers,,josh allen nathanial,placed on ir with ankle injury,,,,9/2/2015,
2015,Buccaneers,,leonard johnson c,placed on ir with ankle injury,,,,9/2/2015,
2015,Buccaneers,,robert herron,placed on ir with undisclosed injury,,,,9/2/2015,
2015,Chargers,,chris davis b,placed on ir with concussion,,,,9/2/2015,
2015,Chargers,,gordon hill,placed on ir with knee injury,,,,9/2/2015,
2015,Chargers,,melvin meggs,placed on ir with foot injury,,,,9/2/2015,
2015,Chargers,,torrence allen,placed on ir with ankle/foot injury,,,,9/2/2015,
2015,Chiefs,,junior hemingway,placed on ir with hip injury,,,,9/2/2015,
2015,Cowboys,,kenneth boatright,"placed on ir with neck, back injury",,,,9/2/2015,
2015,Cowboys,,michael hill,placed on ir with concussion,,,,9/2/2015,
2015,Cowboys,,rj dill,placed on ir with undisclosed injury,,,,9/2/2015,
2015,Giants,,akeem hunt,placed on ir with hamstring injury,,,,9/2/2015,
2015,Giants,,brandon mosley,placed on ir with back injury,,,,9/2/2015,
2015,Jaguars,,matt daniels,placed on ir with undisclosed injury,,,,9/2/2015,
2015,Jets,,dashaun phillips,placed on ir with rib injury,,,,9/2/2015,
2015,Packers,,javess blue,placed on ir with shoulder injury,,,,9/2/2015,
2015,Packers,,jimmie hunt,placed on ir with undisclosed injury,,,,9/2/2015,
2015,Panthers,,davonte wallace,placed on ir with concussion,,,,9/2/2015,
2015,Panthers,,melvin white,placed on ir with hamstring injury,,,,9/2/2015,
2015,Rams,,brad smelley,placed on ir with undisclosed injury,,,,9/2/2015,
2015,Rams,,korey toomer,placed on ir with ankle injury,,,,9/2/2015,
2015,Saints,,nick toon,placed on ir with high ankle sprain,,,,9/2/2015,
2015,Saints,,ronald powell,placed on ir with undisclosed injury,,,,9/2/2015,
2015,Saints,,vinnie sunseri,placed on ir with knee injury,,,,9/2/2015,
2015,Steelers,,cameron clear,placed on ir with knee injury,,,,9/2/2015,
2015,Steelers,,dominique davis  niko davis b,placed on ir with undisclosed injury,,,,9/2/2015,
2015,Steelers,,ray hamilton c,placed on ir with undisclosed injury,,,,9/2/2015,
2015,Texans,,anthony denham,placed on ir with shoulder injury,,,,9/2/2015,
2015,Texans,,terrance parks,placed on ir with hamstring injury,,,,9/2/2015,
2015,Vikings,,mike kafka,placed on ir with hamstring injury,,,,9/2/2015,
2015,49ers,,kendall hunter,placed on ir with knee injury,,,,9/5/2015,
2015,49ers,,rory anderson  busta anderson,placed on ir with undisclosed injury,,,,9/5/2015,
2015,Bears,,anthony jefferson,placed on ir with undisclosed injury,,,,9/5/2015,
2015,Buccaneers,,kenny bell,placed on ir with hamstring injury,,,,9/5/2015,
2015,Buccaneers,,larry english,placed on ir with knee injury,,,,9/5/2015,
2015,Cardinals,,gerald christian,placed on ir with knee injury,,,,9/5/2015,
2015,Chiefs,,richard gordon lee,placed on ir with undisclosed injury,,,,9/5/2015,
2015,Colts,,arthur jones,placed on ir with torn ligaments in left ankle,,,,9/5/2015,
2015,Colts,,junior sylvestre,placed on ir with ankle injury,,,,9/5/2015,
2015,Eagles,,jeff maehl,placed on ir with undisclosed injury,,,,9/5/2015,
2015,Falcons,,collin mooney,placed on ir with undisclosed injury,,,,9/5/2015,
2015,Falcons,,jon asamoah,placed on ir with hip injury,,,,9/5/2015,
2015,Falcons,,travis howard,placed on ir with undisclosed injury,,,,9/5/2015,
2015,Giants,,brett jones,placed on ir with sprained mcl in knee,,,,9/5/2015,
2015,Giants,,nat berhe,placed on ir with calf injury,,,,9/5/2015,
2015,Jaguars,,evander hood  ziggy hood,placed on ir with foot injury,,,,9/5/2015,
2015,Lions,,corey wootton,placed on ir with torn pectoral muscle,,,,9/5/2015,
2015,Lions,,greg salas,placed on ir with knee injury,,,,9/5/2015,
2015,Panthers,,arthur miley,placed on ir with knee injury,,,,9/5/2015,
2015,Raiders,,brandian ross,placed on ir with undisclosed injury,,,,9/5/2015,
2015,Ravens,,zach thompson,placed on ir with concussion,,,,9/5/2015,
2015,Seahawks,,mohammed seisay,placed on ir with shoulder injury,,,,9/5/2015,
2015,Seahawks,,robert turbin,placed on ir with ankle injury,,,,9/5/2015,
2015,Texans,,chad slade,placed on ir with back injury,,,,9/5/2015,
2015,Texans,,tom savage,placed on ir with shoulder injury,,,,9/5/2015,
2015,Titans,,jr tavai,placed on ir with knee injury,,,,9/5/2015,
2015,Titans,,yawin smallwood,placed on ir with undisclosed injury,,,,9/5/2015,
2015,Titans,,zaviar gooden,placed on ir with hamstring injury,,,,9/5/2015,
2015,Bears,,aj cruz,placed on ir with undisclosed injury,,,,9/6/2015,
2015,Bengals,,jayson dimanche,placed on ir with undisclosed injury,,,,9/6/2015,
2015,Bengals,,marquis flowers,placed on ir with shoulder injury,,,,9/6/2015,
2015,Bills,,deonte thompson,placed on ir with undisclosed injury,,,,9/6/2015,
2015,Buccaneers,,garrett gilkey,placed on ir with knee injury,,,,9/6/2015,
2015,Buccaneers,,patrick murray,placed on ir with undisclosed injury,,,,9/6/2015,
2015,Cardinals,,jimmy legree,placed on ir with undisclosed injury,,,,9/6/2015,
2015,Cardinals,,marion grice,placed on ir with shoulder injury,,,,9/6/2015,
2015,Chargers,,colton underwood,placed on ir with undisclosed injury,,,,9/6/2015,
2015,Chargers,,ikechi ariguzo  chi chi ariguzo,placed on ir with undisclosed injury,,,,9/6/2015,
2015,Chiefs,,sanders commings,placed on ir with undisclosed injury,,,,9/6/2015,
2015,Cowboys,,ka'lial glaud,placed on ir with undisclosed injury,,,,9/6/2015,
2015,Cowboys,,rod sweeting,placed on ir with undisclosed injury,,,,9/6/2015,
2015,Dolphins,,christion jones,placed on ir with undisclosed injury,,,,9/6/2015,
2015,Dolphins,,jay ajayi,placed on ir with fractured rib,,,,9/6/2015,
2015,Falcons,,adam replogle,placed on ir with undisclosed injury,,,,9/6/2015,
2015,Falcons,,dj tialavea,placed on ir with undisclosed injury,,,,9/6/2015,
2015,Falcons,,jerome smith,placed on ir with undisclosed injury,,,,9/6/2015,
2015,Jets,,dee milliner,placed on ir with wrist injury,,,,9/6/2015,
2015,Lions,,alex carter rhys,placed on ir with ankle injury,,,,9/6/2015,
2015,Packers,,jermauria rasco,placed on ir with undisclosed injury,,,,9/6/2015,
2015,Packers,,larry pinkard,placed on ir with undisclosed injury,,,,9/6/2015,
2015,Patriots,,ryan groy,placed on ir with undisclosed injury,,,,9/6/2015,
2015,Raiders,,anthony morris,placed on ir with undisclosed injury,,,,9/6/2015,
2015,Ravens,,deangelo tyson,placed on ir with undisclosed injury,,,,9/6/2015,
2015,Ravens,,micajah reynolds,placed on ir with undisclosed injury,,,,9/6/2015,
2015,Redskins,,evan spencer,placed on ir with undisclosed injury,,,,9/6/2015,
2015,Redskins,,jordan campbell,placed on ir with undisclosed injury,,,,9/6/2015,
2015,Steelers,,kelvin palmer,placed on ir with undisclosed injury,,,,9/6/2015,
2015,Steelers,,maurkice pouncey,placed on ir with right leg injury,,,,9/6/2015,
2015,Steelers,,mitchell van dyk,placed on ir with undisclosed injury,,,,9/6/2015,
2015,Texans,,lynden trail,placed on ir with undisclosed injury,,,,9/6/2015,
2015,Texans,,tony washington jr,placed on ir with undisclosed injury,,,,9/6/2015,
2015,Titans,,david cobb,placed on ir with calf injury,,,,9/6/2015,
2015,Vikings,,tyrus thompson,placed on ir with undisclosed injury,,,,9/6/2015,
2015,Giants,,corey washington,placed on ir with shoulder injury,,,,9/6/2015,
2015,Browns,,charles gaines b,placed on ir with hamstring injury,,,,9/7/2015,
2015,Buccaneers,,demar dotson,placed on ir with knee injury,,,,9/7/2015,
2015,Buccaneers,,kadeem edwards,placed on ir with undisclosed injury,,,,9/7/2015,
2015,Colts,,daniel herron  dan herron  boom herron,placed on ir with shoulder injury,,,,9/7/2015,
2015,Raiders,,chimdi chekwa,placed on ir with undisclosed injury,,,,9/7/2015,
2015,Chiefs,,josh martin,placed on ir with concussion,,,,9/8/2015,
2015,Ravens,,brent urban,placed on ir with biceps injury,,,,9/8/2015,
2015,Chiefs,,paul fanaika,placed on ir with herniated disc,,,,9/9/2015,
2015,Patriots,,bryan stork,placed on ir with concussion,,,,9/9/2015,
2015,Cardinals,,ifeanyi momah,placed on ir with knee injury,,,,9/10/2015,
2015,Vikings,,john sullivan c,placed on ir with back injury,,,,9/10/2015,
2015,Cardinals,,rob crisp,placed on ir with undisclosed injury,,,,9/10/2015,
2015,Saints,,davis tull,placed on ir with shoulder injury,,,,9/12/2015,
2015,Bears,,cornelius washington,placed on ir with undisclosed injury,,,,9/14/2015,
2015,Eagles,,david molk,placed on ir with torn right biceps,,,,9/15/2015,
2015,Packers,,sam barrington,placed on ir with right foot injury,,,,9/15/2015,
2015,Raiders,,nate allen b,placed on ir with knee injury,,,,9/15/2015,
2015,Redskins,,duke ihenacho,placed on ir with fractured/dislocated left wrist,,,,9/15/2015,
2015,Saints,,rafael bush,placed on ir with torn pectoral muscle,,,,9/15/2015,
2015,Texans,,ryan griffin francis,placed on ir with sprained mcl in knee,,,,9/15/2015,
2015,Buccaneers,,james-michael johnson,placed on ir with undisclosed injury,,,,9/16/2015,
2015,Colts,,vick ballard,placed on ir with hamstring injury,,,,9/16/2015,
2015,Ravens,,terrell suggs,placed on ir with torn left achilles tendon,,,,9/16/2015,
2015,Panthers,,nate chandler,placed on ir with right knee injury,,,,9/17/2015,
2015,Colts,,d'joun smith,placed on ir with knee injury,,,,9/18/2015,
2015,Packers,,josh boyd,placed on ir with fractured right ankle,,,,9/21/2015,
2015,Cowboys,,terrell mcclain,placed on ir with toe injury,,,,9/22/2015,
2015,Cowboys,,tony romo ramiro,placed on ir with placed on ir with fractured collarbone,,,,9/22/2015,
2015,Jaguars,,rashad greene,placed on ir with right thumb injury,,,,9/22/2015,
2015,Redskins,,martrell spaight,placed on ir with concussion,,,,9/22/2015,
2015,Texans,,jeff adams,placed on ir with torn patellar tendon in right knee,,,,9/26/2015,
2015,Colts,,sheldon price,placed on ir with ankle injury,,,,9/28/2015,
2015,Chargers,,johnnie troutman,placed on ir with fractured forearm,,,,9/29/2015,
2015,Eagles,,andrew gardner,placed on ir with lisfranc tear in right foot,,,,9/29/2015,
2015,Eagles,,cody parkey,placed on ir with torn groin muscle in right leg,,,,9/29/2015,
2015,Panthers,,charles johnson david b 1986-07-10,placed on ir with hamstring injury,,,,9/29/2015,
2015,Redskins,,justin rogers b 1988-01-16,placed on ir with plantar fasciitis in foot,,,,9/29/2015,
2015,Redskins,,shawn lauvao,placed on ir with sprained left ankle,,,,9/29/2015,
2015,Chiefs,,phillip gaines,placed on ir with torn acl in knee,,,,9/30/2015,
2015,Packers,,andrew quarless,placed on ir with knee injury,,,,9/30/2015,
2015,Texans,,carlos thompson,placed on ir with concussion,,,,9/30/2015,
2015,Texans,,mike mohamed,placed on ir with calf injury,,,,9/30/2015,
2015,Ravens,,michael campanaro,placed on ir with back injury,,,,10/3/2015,
2015,Bears,,will montgomery,placed on ir with fractured tibia in left leg,,,,10/6/2015,
2015,Bills,,marqueis gray,placed on ir with forearm injury,,,,10/6/2015,
2015,Buccaneers,,tj fatinikun,placed on ir with knee injury,,,,10/6/2015,
2015,Falcons,,devin hester,placed on ir with toe injury,,,,10/6/2015,
2015,Jaguars,,brandon linder,placed on ir with torn labrum in left shoulder,,,,10/6/2015,
2015,Colts,,jalil brown,placed on ir with ankle / groin injury,,,,10/7/2015,
2015,Giants,,daniel fells,placed on ir with staph infection in ankle,,,,10/7/2015,
2015,Lions,,tyrunn walker,"placed on ir with dislocated ankle, fractured leg",,,,10/7/2015,
2015,Buccaneers,,josh martin,placed on ir with hamstring injury,,,,10/8/2015,
2015,Cowboys,,lance dunbar,"placed on ir with torn acl, mcl in left knee",,,,10/10/2015,
2015,Seahawks,,tharold simon,placed on ir with dislocated toe,,,,10/10/2015,
2015,Bears,,jacquizz rodgers,placed on ir with fractured right arm,,,,10/12/2015,
2015,Bills,,cierre wood,placed on ir with torn acl in knee,,,,10/12/2015,
2015,Jaguars,,john lotulelei,placed on ir with concussion,,,,10/12/2015,
2015,Cardinals,,chris clemons donovan,placed on ir with hamstring injury,,,,10/13/2015,
2015,Cardinals,,kenny demens,placed on ir with torn acl in knee,,,,10/13/2015,
2015,Chiefs,,jamaal charles,placed on ir with torn acl in right knee,,,,10/13/2015,
2015,Ravens,,will davis,placed on ir with torn acl in knee,,,,10/13/2015,
2015,Browns,,scott solomon,placed on ir with knee injury,,,,10/14/2015,
2015,Colts,,tyler varga,placed on ir with concussion,,,,10/14/2015,
2015,Packers,,sean richardson,placed on ir with neck injury,,,,10/14/2015,
2015,Patriots,,nate solder,placed on ir with torn right biceps,,,,10/14/2015,
2015,Ravens,,lorenzo taliaferro,placed on ir with foot injury,,,,10/14/2015,
2015,Rams,,rodger saffold,placed on ir with right shoulder injury,,,,10/15/2015,
2015,Bears,,ego ferguson,placed on ir with knee injury,,,,10/17/2015,
2015,Chargers,,darius philon,placed on ir with hip injury,,,,10/17/2015,
2015,Patriots,,tarell brown,placed on ir with foot injury,,,,10/17/2015,
2015,Titans,,deiontrez mount,placed on ir with knee injury,,,,10/17/2015,
2015,Steelers,,kelvin beachum,placed on ir with torn acl in left knee,,,,10/19/2015,
2015,Texans,,lonnie ballentine,placed on ir with knee injury,,,,10/19/2015,
2015,Bills,,marquise goodwin,placed on ir with rib injury,,,,10/20/2015,
2015,Jaguars,,corey grant,placed on ir with hip flexor injury,,,,10/20/2015,
2015,Jaguars,,tony washington b,placed on ir with hip flexor injury,,,,10/20/2015,
2015,Lions,,zach zenner,"placed on ir wit cracked ribs, lung injury",,,,10/20/2015,
2015,Raiders,,justin tuck lee,placed on ir with torn pectoral muscle,,,,10/20/2015,
2015,Seahawks,,brock coyle,placed on ir with knee injury,,,,10/20/2015,
2015,Titans,,brian schwenke,placed on ir with dislocated left ankle,,,,10/20/2015,
2015,Vikings,,shamar stephen,placed on ir with knee / toe injury,,,,10/21/2015,
2015,49ers,,antoine bethea,placed on ir with shoulder injury,,,,10/23/2015,
2015,Panthers,,richie brockel,placed on ir with hamstring injury,,,,10/23/2015,
2015,Steelers,,cortez allen,placed on ir with knee injury,,,,10/24/2015,
2015,Jets,,jaiquawn jarrett,placed on ir with knee injury,,,,10/26/2015,
2015,Buccaneers,,louis murphy jr,placed on ir with torn acl in right knee,,,,10/27/2015,
2015,Rams,,alec ogletree,placed on ir with fractured fibula in leg,,,,10/27/2015,
2015,Texans,,arian foster,placed on ir with torn right achilles tendon,,,,10/27/2015,
2015,Vikings,,jabari price,placed on ir with shoulder injury,,,,10/27/2015,
2015,Ravens,,darren waller,placed on ir with hamstring injury,,,,10/28/2015,
2015,Buccaneers,,reid fragel,placed on ir with concussion,,,,11/2/2015,
2015,Dolphins,,cameron wake,placed on ir with torn left achilles tendon,,,,11/2/2015,
2015,Jets,,chris owusu,placed on ir with concussion,,,,11/2/2015,
2015,Steelers,,le'veon bell,placed on ir with right knee injury,,,,11/2/2015,
2015,49ers,,reggie bush,placed on ir with torn mcl in knee,,,,11/3/2015,
2015,Broncos,,ty sambrailo,placed on ir with shoulder injury,,,,11/3/2015,
2015,Buccaneers,,clinton mcdonald,placed on ir with pectoral muscle injury,,,,11/3/2015,
2015,Chargers,,branden oliver,placed on ir with turf toe,,,,11/3/2015,
2015,Chargers,,keenan allen,placed on ir with lacerated kidney,,,,11/3/2015,
2015,Chargers,,tourek williams,placed on ir with fractured foot,,,,11/3/2015,
2015,Saints,,khiry robinson,placed on ir with fractured tibia in leg,,,,11/3/2015,
2015,Texans,,greg mancz,placed on ir with knee injury,,,,11/3/2015,
2015,Browns,,rob housler,placed on ir with hamstring injury,,,,11/4/2015,
2015,Lions,,deandre levy,placed on ir with hip injury,,,,11/4/2015,
2015,Ravens,,steve smith  steve smith sr latrall,placed on ir with torn right achilles tendon,,,,11/4/2015,
2015,Giants,,owamagbe odighizuwa  owa odighizuwa,placed on ir with hamstring injury,,,,11/5/2015,
2015,49ers,,lj mccray,placed on ir with knee injury,,,,11/7/2015,
2015,49ers,,mike davis b 1993-02-19,placed on ir with hand injury,,,,11/7/2015,
2015,Bills,,percy harvin,placed on ir with knee injury,,,,11/7/2015,
2015,Giants,,jon beason,"placed on ir with ankle, knee injury",,,,11/7/2015,
2015,Patriots,,ryan wendell,placed on ir with knee injury,,,,11/7/2015,
2015,Redskins,,jackson jeffcoat,placed on ir with thigh injury,,,,11/7/2015,
2015,Chargers,,chris watt a,placed on ir with shoulder injury,,,,11/9/2015,
2015,Colts,,henry anderson wyatt,placed on ir with torn acl in knee,,,,11/9/2015,
2015,Eagles,,jordan hicks b 1992-06-27,placed on ir with torn left pectoral tendon,,,,11/9/2015,
2015,Lions,,andre fluellen,placed on ir with hip injury,,,,11/9/2015,
2015,Patriots,,dion lewis,placed on ir with torn acl in left knee,,,,11/9/2015,
2015,Giants,,johnathan hankins,placed on ir with torn pectoral muscle,,,,11/10/2015,
2015,Jets,,nick folk,placed on ir with right quadriceps injury,,,,11/10/2015,
2015,Redskins,,kory lichtensteiger,placed on ir with neck injury,,,,11/10/2015,
2015,Saints,,luke mccown,placed on ir with back injury,,,,11/10/2015,
2015,Vikings,,audie cole,placed on ir with fractured ankle,,,,11/10/2015,
2015,Jets,,willie colon,placed on ir with knee injury,,,,11/11/2015,
2015,Cardinals,,cariel brooks,placed on ir with high ankle sprain,,,,11/12/2015,
2015,Lions,,rashean mathis,placed on ir with concussion,,,,11/14/2015,
2015,Seahawks,,ricardo lockette,placed on ir with neck injury,,,,11/14/2015,
2015,Chiefs,,james o'shaughnessy,placed on ir with fractured foot,,,,11/17/2015,
2015,Giants,,victor cruz,placed on ir with torn left calf muscle,,,,11/17/2015,
2015,Rams,,darrell williams b 1993-08-03,placed on ir with dislocated wrist,,,,11/17/2015,
2015,Rams,,jamon brown,placed on ir with fractured lower right leg,,,,11/17/2015,
2015,Ravens,,breshad perriman,placed on ir with sprained pcl in knee,,,,11/17/2015,
2015,Titans,,jason mccourty,placed on ir with groin injury,,,,11/17/2015,
2015,Titans,,justin hunter,placed on ir with fractured right ankle,,,,11/17/2015,
2015,Jaguars,,james sample,placed on ir with shoulder injury,,,,11/18/2015,
2015,Jaguars,,sen'derrick marks,placed on ir with torn triceps,,,,11/18/2015,
2015,Lions,,josh wilson,placed on ir with knee injury,,,,11/18/2015,
2015,Ravens,,asa jackson,placed on ir with ankle injury,,,,11/18/2015,
2015,Ravens,,jeremy zuttah,placed on ir with torn pectoral muscle,,,,11/18/2015,
2015,Eagles,,jerome couplin iii,placed on ir with shoulder injury,,,,11/20/2015,
2015,49ers,,colin kaepernick,placed on ir with left shoulder injury,,,,11/21/2015,
2015,Jets,,zac stacy,placed on ir with fractured ankle,,,,11/21/2015,
2015,Ravens,,joe flacco,"placed on ir with torn acl, mcl in left knee",,,,11/24/2015,
2015,Seahawks,,nick moody,placed on ir with hamstring injury,,,,11/24/2015,
2015,49ers,,glenn dorsey,placed on ir with torn acl in knee,,,,11/25/2015,
2015,Broncos,,kenny anunike,placed on ir with knee injury,,,,11/25/2015,
2015,Panthers,,amini silatolu,placed on ir with torn acl in left knee,,,,11/25/2015,
2015,Cardinals,,lamarr woodley,placed on ir with chest injury,,,,11/26/2015,
2015,Patriots,,aaron dobson,placed on ir with high ankle sprain,,,,11/26/2015,
2015,Saints,,keenan lewis,placed on ir with knee injury,,,,11/26/2015,
2015,Bengals,,darqueze dennard,placed on ir with shoulder injury,,,,11/27/2015,
2015,Eagles,,nolan carroll,placed on ir with fractured right ankle,,,,11/27/2015,
2015,Ravens,,justin forsett,placed on ir with fractured right forearm,,,,11/27/2015,
2015,Redskins,,chris culliver,"placed on ir with torn acl, mcl in right knee",,,,11/27/2015,
2015,Bills,,alex carrington,placed on ir with quadriceps injury,,,,11/30/2015,
2015,Colts,,ahmad bradshaw,placed on ir with right wrist injury,,,,11/30/2015,
2015,Lions,,alex carter rhys,placed on ir,,,,11/30/2015,
2015,Ravens,,chase ford,placed on ir with shoulder injury,,,,11/30/2015,
2015,Seahawks,,jimmy graham,placed on ir with torn patellar tendon in right knee,,,,11/30/2015,
2015,Bills,,kyle williams derrick,placed on ir with left knee injury,,,,12/1/2015,
2015,Cardinals,,chris johnson duan,placed on ir with fractured leg,,,,12/1/2015,
2015,Giants,,geoff schwartz,placed on ir with fractured left leg,,,,12/1/2015,
2015,Patriots,,trey flowers,"placed on ir with shoulder, knee injury",,,,12/1/2015,
2015,Browns,,josh mccown,placed on ir with fractured clavicle,,,,12/2/2015,
2015,Chiefs,,ben grubbs,placed on ir with neck injury,,,,12/2/2015,
2015,Cowboys,,ryan russell,placed on ir with abdominal injury,,,,12/2/2015,
2015,Dolphins,,calvin mosley  cj mosley,placed on ir with calf injury,,,,12/2/2015,
2015,Falcons,,leonard hankerson,placed on ir with hamstring injury,,,,12/4/2015,
2015,Jaguars,,toby gerhart,placed on ir with groin injury,,,,12/5/2015,
2015,Seahawks,,paul richardson jr,placed on ir with hamstring injury,,,,12/5/2015,
2015,Browns,,joel bitonio,placed on ir with ankle injury,,,,12/7/2015,
2015,Jaguars,,bernard pierce,placed on ir with calf injury,,,,12/7/2015,
2015,Redskins,,trenton robinson,placed on ir with hamstring injury,,,,12/7/2015,
2015,49ers,,garrett celek,placed on ir with left ankle injury,,,,12/8/2015,
2015,Bears,,martellus bennett,placed on ir with fractured ribs,,,,12/8/2015,
2015,Browns,,malcolm johnson jamaine,placed on ir with groin injury,,,,12/8/2015,
2015,Cardinals,,earl watford,placed on ir with hand injury,,,,12/8/2015,
2015,Colts,,nate irving,placed on ir with wrist injury,,,,12/8/2015,
2015,Giants,,larry donnell,placed on ir with neck injury,,,,12/8/2015,
2015,Giants,,zak deossie,placed on ir with wrist injury,,,,12/8/2015,
2015,Jets,,mike catapano,placed on ir with foot injury,,,,12/8/2015,
2015,Vikings,,antone exum jr,"placed on ir with fractured rib, shoulder",,,,12/8/2015,
2015,Dolphins,,robert thomas ii,placed on ir with elbow injury,,,,12/8/2015,
2015,Rams,,robert quinn,placed on ir with back injury,,,,12/9/2015,
2015,Saints,,mark ingram ii  mark ingram jr,placed on ir with shoulder injury,,,,12/9/2015,
2015,Bills,,tony steward,placed on ir with back injury,,,,12/10/2015,
2015,Falcons,,matt bryant,placed on ir with right quadriceps injury,,,,12/11/2015,
2015,Rams,,tj mcdonald,placed on ir with shoulder injury,,,,12/11/2015,
2015,Redskins,,stephen paea,placed on ir with toe injury,,,,12/11/2015,
2015,49ers,,carlos hyde,placed on ir with foot injury,,,,12/12/2015,
2015,Bears,,marquess wilson,placed on ir with foot injury,,,,12/12/2015,
2015,Chargers,,brandon flowers,placed on ir with knee injury,,,,12/12/2015,
2015,Chargers,,corey liuget,placed on ir with foot injury,,,,12/12/2015,
2015,Raiders,,neiron ball,placed on ir with knee injury,,,,12/12/2015,
2015,Ravens,,eugene monroe,placed on ir with shoulder injury,,,,12/12/2015,
2015,Titans,,yannik cudjoe-virgil,placed on ir with knee injury,,,,12/12/2015,
2015,Bears,,antrel rolle,placed on ir with knee injury,,,,12/14/2015,
2015,Browns,,joe haden,placed on ir with concussion,,,,12/14/2015,
2015,Dolphins,,brandon williams darnell,placed on ir with fractured foot,,,,12/14/2015,
2015,Browns,,brian hartline,placed on ir with fractured clavicle,,,,12/15/2015,
2015,Falcons,,william moore,placed on ir with ankle injury,,,,12/15/2015,
2015,Lions,,brandon pettigrew,placed on ir with torn acl in knee (out for season),,,,12/15/2015,
2015,Panthers,,bene benwikere  bene' benwikere,placed on ir with fractured left leg,,,,12/15/2015,
2015,Patriots,,dominique easley,placed on ir with thigh injury,,,,12/15/2015,
2015,Raiders,,jon condo,placed on ir with shoulder injury,,,,12/15/2015,
2015,Ravens,,chris canty lee,placed on ir with torn pectoral muscle,,,,12/15/2015,
2015,Redskins,,derek carrier,"placed on ir with torn acl, mcl in knee",,,,12/15/2015,
2015,Seahawks,,thomas rawls,placed on ir with fractured ankle,,,,12/15/2015,
2015,Bills,,stephon gilmore,placed on ir with torn labrum in left shoulder,,,,12/16/2015,
2015,Patriots,,legarrette blount,placed on ir with hip injury,,,,12/16/2015,
2015,Saints,,damian swann,placed on ir with concussion,,,,12/16/2015,
2015,Saints,,marcus murphy b 1991-10-03,placed on ir with ankle injury,,,,12/16/2015,
2015,Titans,,dexter mccluster,placed on ir with knee / wrist injury,,,,12/16/2015,
2015,Rams,,robert quinn,placed on ir with back injury,,,,12/17/2015,
2015,Titans,,derrick morgan,placed on ir with shoulder injury,,,,12/17/2015,
2015,Falcons,,james stone,placed on ir with knee injury,,,,12/18/2015,
2015,Jets,,devin smith b 1992-03-03,placed on ir with torn acl in knee,,,,12/18/2015,
2015,Raiders,,austin howard,placed on ir with knee injury,,,,12/19/2015,
2015,Vikings,,scott crichton,"placed on ir with concussion, neck injury",,,,12/19/2015,
2015,Colts,,billy winn,placed on ir with torn rotator cuff in shoulder,,,,12/21/2015,
2015,Colts,,griff whalen,placed on ir with fractured ribs,,,,12/21/2015,
2015,Packers,,ty montgomery,placed on ir with ankle injury,,,,12/21/2015,
2015,Patriots,,eric martin b 1991-07-21,placed on ir with concussion,,,,12/21/2015,
2015,Ravens,,crockett gillmore,placed on ir with back injury,,,,12/21/2015,
2015,Redskins,,andre roberts,placed on ir with torn mcl in right knee,,,,12/21/2015,
2015,Texans,,taylor yates  tj yates,placed on ir with torn acl in left knee,,,,12/21/2015,
2015,Bills,,randell johnson,placed on ir with high ankle sprain,,,,12/22/2015,
2015,Bills,,robert woods thomas,placed on ir with groin injury,,,,12/22/2015,
2015,Broncos,,david bruton jr,placed on ir with fractured fibula,,,,12/22/2015,
2015,Browns,,john greco,placed on ir with knee injury,,,,12/22/2015,
2015,Cardinals,,tyrann mathieu,placed on ir with torn acl in right knee,,,,12/22/2015,
2015,Chargers,,melvin gordon iii,placed on ir with knee injury,,,,12/22/2015,
2015,Dolphins,,chris mccain,placed on ir with knee injury,,,,12/22/2015,
2015,Dolphins,,koa misi,placed on ir with back injury,,,,12/22/2015,
2015,Packers,,brett goode,placed on ir with knee injury,,,,12/22/2015,
2015,Titans,,mike martin brendan,placed on ir with knee injury,,,,12/22/2015,
2015,Browns,,andrew hawkins,placed on ir with concussion,,,,12/23/2015,
2015,Giants,,nikita whitlock,placed on ir with knee injury,,,,12/23/2015,
2015,Raiders,,mario edwards jr,placed on ir with neck injury,,,,12/23/2015,
2015,Colts,,d'joun smith,placed on ir with knee injury,,,,12/24/2015,
2015,Cowboys,,gavin escobar,placed on ir with achilles injury,,,,12/25/2015,
2015,Cowboys,,tony romo ramiro,placed on ir with left shoulder injury,,,,12/25/2015,
2015,Giants,,james morris b 1991-11-20,placed on ir with quadriceps injury,,,,12/25/2015,
2015,Giants,,markus kuhn,placed on ir with knee injury,,,,12/25/2015,
2015,49ers,,alex boone,placed on ir with knee injury,,,,12/26/2015,
2015,Buccaneers,,akeem spence,placed on ir with ankle injury,,,,12/26/2015,
2015,Seahawks,,anthony mccoy,"placed on ir with ankle, knee injury",,,,12/26/2015,
2015,Bills,,marcus easley,placed on ir with dislocated left knee cap,,,,12/28/2015,
2015,Chargers,,darrell stuckey,placed on ir with knee injury,,,,12/28/2015,
2015,Chargers,,eric weddle,placed on ir with groin injury,,,,12/28/2015,
2015,Chargers,,ladarius green,placed on ir with ankle injury,,,,12/28/2015,
2015,Chargers,,sean lissemore,placed on ir with shoulder injury,,,,12/28/2015,
2015,Colts,,charlie whitehurst,placed on ir with hamstring injury,,,,12/28/2015,
2015,Colts,,hugh thornton,placed on ir with ankle injury,,,,12/28/2015,
2015,Giants,,devon kennard,"placed on ir with foot, hamstring injuries",,,,12/28/2015,
2015,Steelers,,roosevelt nix delbert,placed on ir with foot injury,,,,12/28/2015,
2015,Colts,,josh mcnary,placed on ir with groin injury,,,,12/29/2015,
2015,Ravens,,marlon brown d,placed on ir with back injury,,,,12/29/2015,
2015,Texans,,charles james ii,placed on ir with foot injury,,,,12/29/2015,
2015,49ers,,shaun draughn,placed on ir with sprained knee,,,,12/30/2015,
2015,Bears,,alshon jeffery,placed on ir with hamstring injury,,,,12/30/2015,
2015,Bears,,eddie goldman,placed on ir with right high ankle sprain,,,,12/30/2015,
2015,Bills,,charles clay b 1989-02-13,placed on ir with back injury,,,,12/30/2015,
2015,Bills,,ron brooks a,placed on ir with concussion / neck injury,,,,12/30/2015,
2015,Buccaneers,,major wright,placed on ir with various undisclosed injuries,,,,12/30/2015,
2015,Buccaneers,,vincent jackson,placed on ir with sprained mcl in right knee,,,,12/30/2015,
2015,Cowboys,,barry church,placed on ir with fractured right arm,,,,12/30/2015,
2015,Cowboys,,david irving,placed on ir with fractured left wrist,,,,12/30/2015,
2015,Cowboys,,dez bryant,"placed on ir with right ankle, foot injury",,,,12/30/2015,
2015,Falcons,,paul soliai,placed on ir with calf injury,,,,12/30/2015,
2015,Raiders,,nate allen b,placed on ir with knee injury,,,,12/30/2015,
2015,Saints,,cj spiller,placed on ir with undisclosed injury,,,,12/30/2015,
2015,Colts,,dwayne allen,placed on ir with calf injury,,,,12/31/2015,
2015,Giants,,danny aiken,placed on ir with thumb injury,,,,12/31/2015,
2015,Giants,,jt thomas iii,placed on ir with ankle injury,,,,12/31/2015,
2015,Rams,,doug worthington,placed on ir with thigh injury,,,,12/31/2015,
2015,Rams,,nick fairley,placed on ir with concussion,,,,12/31/2015,
2015,Buccaneers,,chris conte,placed on ir with knee injury,,,,1/1/2016,
2015,Jaguars,,abry jones,placed on ir with knee injury,,,,1/1/2016,
2015,Rams,,eric patterson,placed on ir with ankle injury,,,,1/1/2016,
2015,Saints,,kendall hunter,placed on ir with knee injury,,,,1/1/2016,
2015,49ers,,michael wilhoite,placed on ir with ankle injury,,,,1/2/2016,
2015,Dolphins,,rishard matthews,placed on ir with rib injury,,,,1/2/2016,
2015,Eagles,,bennie logan,placed on ir with calf injury (out for season),,,,1/2/2016,
2015,Lions,,travis swanson,placed on ir with shoulder injury,,,,1/2/2016,
2015,Bengals,,emmanuel lamur,placed on ir with knee injury,,,,1/4/2016,
2015,Panthers,,charles tillman,placed on ir with torn acl in right knee,,,,1/5/2016,
2015,Redskins,,kyshoen jarrett,placed on ir with nerve injury in neck / right arm,,,,1/5/2016,
2015,Texans,,duane brown,placed on ir with right quadriceps injury,,,,1/5/2016,
2015,Bengals,,brandon thompson,placed on ir with knee injury (out for season),,,,1/6/2016,
2015,Vikings,,rhett ellison,placed on ir with torn patellar tendon in knee,,,,1/6/2016,
2015,Cardinals,,cory redding,placed on ir with ankle injury,,,,1/12/2016,
2015,Packers,,andrew quarless,placed on ir with knee injury,,,,1/15/2016,
2015,Broncos,,omar bolden,placed on ir with torn pcl in right knee,,,,1/19/2016,
2015,Patriots,,jerod mayo,placed on ir with shoulder injury,,,,1/19/2016,
2016,Chiefs,,tautvydas kieras,placed on ir with undisclosed injury,,,,5/9/2016,
2016,Giants,,ben edwards,placed on ir with torn acl in knee,,,,5/10/2016,
2016,Packers,,david grinnage,placed on ir with undisclosed injury,,,,5/10/2016,
2016,Seahawks,,jeff fuller b,placed on ir with undisclosed injury,,,,5/10/2016,
2016,Seahawks,,mohammed seisay,placed on ir with undisclosed injury,,,,5/10/2016,
2016,Colts,,mike mcfarland b,placed on ir with undisclosed injury,,,,5/11/2016,
2016,Giants,,uani 'unga  uani unga  uani' unga,placed on ir with undisclosed injury,,,,5/11/2016,
2016,Buccaneers,,dez stewart,placed on ir with undisclosed injury,,,,5/12/2016,
2016,Chargers,,brock hekking,placed on ir with undisclosed injury,,,,5/17/2016,
2016,Seahawks,,christian french,placed on ir with undisclosed injury,,,,5/17/2016,
2016,Panthers,,jake mcgee,placed on ir with undisclosed injury,,,,5/23/2016,
2016,Chargers,,matt daniels,placed on ir with leg injury,,,,5/24/2016,
2016,Raiders,,andre debose,placed on ir with undisclosed injury,,,,5/25/2016,
2016,Bengals,,jonathan brown b  jon brown,placed on ir with foot injury,,,,5/26/2016,
2016,Lions,,timothy wright  tim wright a,placed on ir with torn acl in knee,,,,5/31/2016,
2016,Vikings,,bj dubose,placed on ir with torn acl in knee,,,,6/1/2016,
2016,Titans,,byron bell,placed on ir with ankle injury,,,,6/3/2016,
2016,Colts,,isiah cage,placed on ir with undisclosed injury,,,,6/7/2016,
2016,Steelers,,jay rome,placed on ir with undisclosed injury,,,,6/8/2016,
2016,Steelers,,tyriq mccord,placed on ir with undisclosed injury,,,,6/8/2016,
2016,Cowboys,,jerrell harris,placed on ir with undisclosed injury,,,,6/9/2016,
2016,Steelers,,kevin anderson b,placed on ir with undisclosed injury,,,,6/9/2016,
2016,Cowboys,,brandon mcgee,placed on ir with undisclosed injury,,,,6/13/2016,
2016,Lions,,corey washington,placed on ir with undisclosed injury,,,,6/13/2016,
2016,Patriots,,michael williams b,placed on ir with torn acl in knee,,,,6/13/2016,
2016,Rams,,louis trinca-pasat,placed on ir with torn acl in knee,,,,6/13/2016,
2016,Chiefs,,kenny cook,placed on ir with quadriceps injury,,,,6/17/2016,
2016,Saints,,jamarca sanford,placed on ir with undisclosed injury,,,,6/17/2016,
2016,Bills,,phillip thomas b 1989-03-01,placed on ir with undisclosed injury,,,,6/20/2016,
2016,Saints,,kyle wilson b 1987-05-30,placed on ir with torn labrum in shoulder,,,,6/24/2016,
2016,Texans,,richard leonard,placed on ir with torn hamstring,,,,7/21/2016,
2016,Saints,,vincent brown jr,placed on ir with undisclosed injury,,,,7/26/2016,
2016,Ravens,,cavellis luckett,placed on ir with undisclosed injury,,,,7/28/2016,
2016,Ravens,,jumal rolle,placed on ir with torn achilles tendon,,,,7/28/2016,
2016,Raiders,,roy helu jr,placed on ir with undisclosed injury,,,,7/29/2016,
2016,Saints,,tony carter lamar,placed on ir with undisclosed injury,,,,7/29/2016,
2016,Colts,,brian tyms,placed on ir with rib injury,,,,7/30/2016,
2016,Broncos,,phillip taylor  phil taylor,placed on ir with knee injury,,,,7/31/2016,
2016,Chargers,,carlos wray,placed on ir with undisclosed injury,,,,8/1/2016,
2016,Chargers,,terrell chestnut,placed on ir with undisclosed injury,,,,8/1/2016,
2016,Chiefs,,tre jones,placed on ir with hamstring injury,,,,8/1/2016,
2016,Saints,,ryker mathews,placed on ir with knee injury,,,,8/1/2016,
2016,Seahawks,,tyler slavin,placed on ir with undisclosed injury,,,,8/1/2016,
2016,Colts,,andrew williamson,placed on ir with knee injury,,,,8/2/2016,
2016,Steelers,,brandon johnson c,placed on ir with undisclosed injury,,,,8/2/2016,
2016,Steelers,,quinton schooley,placed on ir with undisclosed injury,,,,8/2/2016,
2016,Bears,,brandon boykin,placed on ir with pectoral muscle injury,,,,8/3/2016,
2016,Browns,,dylan wynn,placed on ir with ankle injury,,,,8/3/2016,
2016,Lions,,ryan spadola,placed on ir with torn pectoral muscle,,,,8/3/2016,
2016,Titans,,bennett okotcha,placed on ir with shoulder injury,,,,8/3/2016,
2016,Chargers,,jamaal jones,placed on ir with undisclosed injury,,,,8/4/2016,
2016,Dolphins,,tyler murphy,placed on ir with undisclosed injury,,,,8/4/2016,
2016,Jets,,kendall james b,placed on ir with undisclosed injury,,,,8/4/2016,
2016,Saints,,alden darby,placed on ir with undisclosed injury,,,,8/4/2016,
2016,Saints,,kyle prater,placed on ir with undisclosed injury,,,,8/4/2016,
2016,Steelers,,mandel dixon,placed on ir with undisclosed injury,,,,8/4/2016,
2016,Steelers,,shakim phillips,placed on ir with undisclosed injury,,,,8/4/2016,
2016,Bears,,marquis jackson,placed on ir with hamstring injury,,,,8/5/2016,
2016,Browns,,patrick skov,placed on ir with left foot injury,,,,8/5/2016,
2016,Buccaneers,,george johnson,placed on ir with hip injury,,,,8/5/2016,
2016,Cowboys,,darryl baldwin,placed on ir with undisclosed injury,,,,8/5/2016,
2016,Cowboys,,rolan milligan,placed on ir with undisclosed injury,,,,8/5/2016,
2016,Eagles,,connor wujciak,placed on ir with shoulder injury,,,,8/5/2016,
2016,Broncos,,sam brenner,placed on ir with concussion,,,,8/6/2016,
2016,Raiders,,saqwan edwards,placed on ir with undisclosed injury,,,,8/6/2016,
2016,Steelers,,canaan severin,placed on ir with shoulder injury,,,,8/6/2016,
2016,Chiefs,,vernon harris,placed on ir with undisclosed injury,,,,8/7/2016,
2016,Colts,,darion griswold,placed on ir with undisclosed injury,,,,8/7/2016,
2016,Saints,,dj pettway,placed on ir with undisclosed injury,,,,8/7/2016,
2016,Seahawks,,brandon cottom,placed on ir with achilles injury,,,,8/7/2016,
2016,Seahawks,,cooper helfet,placed on ir with foot injury,,,,8/7/2016,
2016,Seahawks,,david perkins,placed on ir with ankle injury,,,,8/7/2016,
2016,Seahawks,,ronnie shields,placed on ir with achilles injury,,,,8/7/2016,
2016,Seahawks,,tre madden,placed on ir with shoulder injury,,,,8/7/2016,
2016,Bills,,kevin reddick,placed on ir with knee injury,,,,8/8/2016,
2016,Browns,,kyle rose,placed on ir with hamstring injury,,,,8/9/2016,
2016,Dolphins,,ifo ekpre-olomu,placed on ir with torn acl in right knee,,,,8/9/2016,
2016,Jets,,julien obioha,placed on ir with undisclosed injury,,,,8/9/2016,
2016,Redskins,,steven daniels,placed on ir with torn labrum in shoulder,,,,8/9/2016,
2016,Panthers,,chas alecxih,placed on ir with knee injury,,,,8/10/2016,
2016,Panthers,,tobais palmer,placed on ir with ankle injury,,,,8/10/2016,
2016,Seahawks,,tavaris barnes,placed on ir with undisclosed injury,,,,8/10/2016,
2016,Bears,,nick becton,placed on ir with elbow injury,,,,8/11/2016,
2016,Lions,,ian wells,placed on ir with right knee injury,,,,8/11/2016,
2016,Colts,,abou toure,placed on ir with undisclosed injury,,,,8/12/2016,
2016,Packers,,jesse schmitt,placed on ir,,,,8/14/2016,
2016,Steelers,,ross ventrone,placed on ir with undisclosed injury,,,,8/14/2016,
2016,Chargers,,steve johnson john  stevie johnson,placed on ir with knee injury,,,,8/15/2016,
2016,Jets,,matthew tucker,placed on ir with undisclosed injury,,,,8/15/2016,
2016,Lions,,andre caldwell  bubba caldwell,placed on ir with hand injury,,,,8/15/2016,
2016,Chargers,,sean lissemore,placed on ir with shoulder injury,,,,8/15/2016,
2016,49ers,,thaddeus lewis  thad lewis,placed on ir with torn acl in left knee,,,,8/16/2016,
2016,Bills,,ikemefuna enemkpali  ik enemkpali,placed on ir with torn acl in right knee,,,,8/16/2016,
2016,Browns,,rannell hall,placed on ir with fractured fibula,,,,8/16/2016,
2016,Buccaneers,,elijah shumate,"placed on ir with hand, wrist injury",,,,8/16/2016,
2016,Cardinals,,durell eskridge,placed on ir with arm injury,,,,8/16/2016,
2016,Cowboys,,cameron bradfield,placed on ir with knee injury,,,,8/16/2016,
2016,Jets,,bernard pierce,placed on ir with hamstring injury,,,,8/16/2016,
2016,Packers,,jesse schmitt,placed on ir with fractured right hand,,,,8/16/2016,
2016,Ravens,,kaelin clay,placed on ir with foot injury,,,,8/16/2016,
2016,Steelers,,brian mihalik,placed on ir with knee injury,,,,8/16/2016,
2016,Steelers,,roy philon,placed on ir with ankle injury,,,,8/16/2016,
2016,Cowboys,,gerald dixon jr,placed on ir with pectoral muscle injury,,,,8/17/2016,
2016,Dolphins,,farrington huguenin,placed on ir with ankle injury,,,,8/17/2016,
2016,Falcons,,chris mayes,placed on ir with foot injury,,,,8/17/2016,
2016,Rams,,brian randolph,placed on ir with torn acl in knee,,,,8/17/2016,
2016,Seahawks,,stanley jean-baptiste,placed on ir with shoulder injury,,,,8/17/2016,
2016,Texans,,soma vainuku,placed on ir with undisclosed injury,,,,8/17/2016,
2016,Jaguars,,jonas gray,placed on ir with quadriceps injury,,,,8/18/2016,
2016,Ravens,,sam brown b,placed on ir with undisclosed injury,,,,8/18/2016,
2016,Titans,,josue matias,placed on ir with torn patellar tendon in knee,,,,8/18/2016,
2016,Broncos,,vance walker,placed on ir with torn acl in right knee,,,,8/19/2016,
2016,Chargers,,rico richardson,placed on ir with undisclosed injury,,,,8/19/2016,
2016,Cowboys,,chris brown b 1993-12-08,placed on ir with foot injury,,,,8/19/2016,
2016,Panthers,,devon johnson,placed on ir with back injury,,,,8/19/2016,
2016,Redskins,,kevin bowen,placed on ir with undisclosed injury,,,,8/19/2016,
2016,Chargers,,jeff cumberland,placed on ir with torn left achilles tendon,,,,8/22/2016,
2016,Steelers,,valerian ume-ezeoke,placed on ir with undisclosed injury,,,,8/22/2016,
2016,Browns,,dennis parks,placed on ir with knee injury,,,,8/23/2016,
2016,Buccaneers,,kelby johnson,placed on ir with calf injury,,,,8/23/2016,
2016,Colts,,kevin graf a,placed on ir with leg injury,,,,8/23/2016,
2016,Steelers,,cole manhart,placed on ir with undisclosed injury,,,,8/23/2016,
2016,49ers,,jered bell,placed on ir with undisclosed injury,,,,8/24/2016,
2016,Cowboys,,jared smith,placed on ir with undisclosed injury,,,,8/24/2016,
2016,Chargers,,tyler marcordes,placed on ir with undisclosed injury,,,,8/26/2016,
2016,Patriots,,frank kearse,placed on ir with right hand injury,,,,8/27/2016,
2016,49ers,,eric rogers,placed on ir with torn acl in knee,,,,8/29/2016,
2016,Browns,,glenn winston,placed on ir with shoulder injury,,,,8/29/2016,
2016,Browns,,nile lawrence-stample,placed on ir with shoulder injury,,,,8/29/2016,
2016,Cowboys,,josh thomas b,placed on ir with left thumb injury,,,,8/29/2016,
2016,Eagles,,alex mccalister,placed on ir with calf injury,,,,8/29/2016,
2016,Eagles,,joe walker b 1992-12-11,placed on ir with knee injury,,,,8/29/2016,
2016,Lions,,jimmy landes,placed on ir with shoulder injury,,,,8/29/2016,
2016,Raiders,,gabe holmes,placed on ir with high ankle sprain,,,,8/29/2016,
2016,Ravens,,benjamin watson  ben watson,placed on ir with achilles injury,,,,8/29/2016,
2016,Ravens,,kyle arrington,placed on ir with concussion,,,,8/29/2016,
2016,Seahawks,,sealver siliga,placed on ir with calf injury,,,,8/29/2016,
2016,Steelers,,jerald hawkins,placed on ir with shoulder injury,,,,8/29/2016,
2016,49ers,,bruce ellington,placed on ir with hamstring injury,,,,8/30/2016,
2016,Bears,,connor shaw,placed on ir with fractured right leg,,,,8/30/2016,
2016,Bears,,hroniss grasu,placed on ir with torn acl in right knee,,,,8/30/2016,
2016,Bengals,,andrew billings,placed on ir with knee injury,,,,8/30/2016,
2016,Bills,,reggie ragland,placed on ir with torn acl in knee,,,,8/30/2016,
2016,Broncos,,garrett graham,placed on ir with shoulder injury,,,,8/30/2016,
2016,Cardinals,,elie bouka,placed on ir with leg injury,,,,8/30/2016,
2016,Cardinals,,mike jenkins b 1985-03-22,placed on ir with torn acl in right knee,,,,8/30/2016,
2016,Chargers,,branden oliver,placed on ir with torn right achilles tendon,,,,8/30/2016,
2016,Chargers,,donavon clark,placed on ir with torn acl in knee,,,,8/30/2016,
2016,Chiefs,,josh mauga,placed on ir with hip injury (out for season),,,,8/30/2016,
2016,Colts,,dezmen southward  dez southward,placed on ir with undisclosed injury,,,,8/30/2016,
2016,Cowboys,,james morris b 1991-11-20,placed on ir with undisclosed injury,,,,8/30/2016,
2016,Cowboys,,jeremiah mckinnon,placed on ir with undisclosed injury,,,,8/30/2016,
2016,Cowboys,,kellen moore,placed on ir with fractured fibula in leg,,,,8/30/2016,
2016,Cowboys,,shaneil jenkins,placed on ir with knee injury,,,,8/30/2016,
2016,Eagles,,aaron grymes,placed on ir with separated right shoulder,,,,8/30/2016,
2016,Giants,,byron stingily,placed on ir with concussion,,,,8/30/2016,
2016,Giants,,matt lacosse,placed on ir with knee injury,,,,8/30/2016,
2016,Giants,,nikita whitlock,placed on ir with foot injury,,,,8/30/2016,
2016,Jaguars,,james sample,placed on ir with shoulder injury,,,,8/30/2016,
2016,Jaguars,,jeffrey linkenbach  jeff linkenbach,placed on ir with undisclosed injury,,,,8/30/2016,
2016,Panthers,,laron byrd,placed on ir with concussion,,,,8/30/2016,
2016,Panthers,,rakim cox,placed on ir with back injury,,,,8/30/2016,
2016,Rams,,marquez north,placed on ir with undisclosed injury,,,,8/30/2016,
2016,Rams,,zach laskey,placed on ir with undisclosed injury,,,,8/30/2016,
2016,Ravens,,bronson kaufusi,placed on ir with fractured ankle,,,,8/30/2016,
2016,Ravens,,stephane nembot,placed on ir with undisclosed injury,,,,8/30/2016,
2016,Redskins,,keith marshall,placed on ir with left elbow injury,,,,8/30/2016,
2016,Seahawks,,deshon foxx,placed on ir with hamstring injury,,,,8/30/2016,
2016,Steelers,,dustin vaughan,placed on ir with fractured right thumb,,,,8/30/2016,
2016,Texans,,ka'imi fairbairn,placed on ir with quadriceps injury,,,,8/30/2016,
2016,Texans,,kurtis drummond,placed on ir with leg injury,,,,8/30/2016,
2016,Texans,,nick martin jacob,placed on ir with high ankle sprain,,,,8/30/2016,
2016,Bears,,lamin barrow,placed on ir with foot injury,,,,8/31/2016,
2016,Bengals,,mario alford,placed on ir with ankle injury,,,,8/31/2016,
2016,Bills,,chris gragg,placed on ir with torn acl in knee,,,,8/31/2016,
2016,Bills,,jonathan dowling,placed on ir with torn acl in knee,,,,8/31/2016,
2016,Bills,,justin renfrow,placed on ir with undisclosed injury,,,,8/31/2016,
2016,Buccaneers,,donteea dye,placed on ir with hamstring injury,,,,8/31/2016,
2016,Cardinals,,jake coker,placed on ir with knee injury,,,,8/31/2016,
2016,Chargers,,dreamius smith,placed on ir with torn achilles tendon,,,,8/31/2016,
2016,Chargers,,javontee herndon,placed on ir with knee injury,,,,8/31/2016,
2016,Chargers,,tyler johnstone,placed on ir with undisclosed injury,,,,8/31/2016,
2016,Chargers,,zamir carlis,placed on ir with knee injury,,,,8/31/2016,
2016,Chiefs,,trey millard,placed on ir with knee injury,,,,8/31/2016,
2016,Cowboys,,arjen colquhoun,placed on ir with undisclosed injury,,,,8/31/2016,
2016,Cowboys,,henoc muamba,placed on ir with undisclosed injury,,,,8/31/2016,
2016,Falcons,,devin fuller,placed on ir with shoulder injury,,,,8/31/2016,
2016,Falcons,,tyrell johnson,placed on ir with undisclosed injury,,,,8/31/2016,
2016,Giants,,ryan malleck,placed on ir with stinger in neck,,,,8/31/2016,
2016,Jaguars,,earl wolff,placed on ir with knee injury,,,,8/31/2016,
2016,Jets,,dion bailey,placed on ir with elbow injury,,,,8/31/2016,
2016,Jets,,jake ceresna,placed on ir with undisclosed injury,,,,8/31/2016,
2016,Jets,,romar morris,placed on ir with shoulder injury,,,,8/31/2016,
2016,Packers,,jacob flores,placed on ir with undisclosed injury,,,,8/31/2016,
2016,Packers,,john crockett,placed on ir with shoulder injury,,,,8/31/2016,
2016,Packers,,josh walker,placed on ir with undisclosed injury,,,,8/31/2016,
2016,Packers,,kennard backman,placed on ir with undisclosed injury,,,,8/31/2016,
2016,Packers,,mitchell henry,placed on ir with undisclosed injury,,,,8/31/2016,
2016,Redskins,,reggie diggs,placed on ir with knee injury,,,,8/31/2016,
2016,Saints,,damian swann,placed on ir with undisclosed injury,,,,8/31/2016,
2016,Saints,,jimmy pruitt,placed on ir with torn patellar tendon in knee,,,,8/31/2016,
2016,Seahawks,,george farmer c,placed on ir with undisclosed injury,,,,8/31/2016,
2016,Seahawks,,josh shirley,placed on ir with undisclosed injury,,,,8/31/2016,
2016,Seahawks,,kevin smith b 1991-12-21,placed on ir with hamstring injury,,,,8/31/2016,
2016,Seahawks,,trovon reed,placed on ir with undisclosed injury,,,,8/31/2016,
2016,Steelers,,bruce gradkowski,placed on ir with left hamstring injury,,,,8/31/2016,
2016,Texans,,duke thomas,placed on ir with undisclosed injury,,,,8/31/2016,
2016,Texans,,gerald rivers,placed on ir with undisclosed injury,,,,8/31/2016,
2016,Titans,,andy gallik,placed on ir with knee injury,,,,8/31/2016,
2016,Vikings,,antone exum jr,placed on ir with leg injury,,,,8/31/2016,
2016,Vikings,,scott crichton,placed on ir with undisclosed injury,,,,8/31/2016,
2016,Jaguars,,tony washington b,placed on ir with hamstring injury,,,,9/1/2016,
2016,Vikings,,teddy bridgewater,placed on ir with torn acl in left knee and dislocated left knee,,,,9/1/2016,
2016,Bengals,,marcus hardison,placed on ir with shoulder injury,,,,9/3/2016,
2016,Bills,,blake annen,placed on ir with neck injury,,,,9/3/2016,
2016,Bills,,james wilder jr,placed on ir with concussion,,,,9/3/2016,
2016,Bills,,marquis lucas,placed on ir with undisclosed injury,,,,9/3/2016,
2016,Bills,,randell johnson,placed on ir with undisclosed injury,,,,9/3/2016,
2016,Colts,,hugh thornton,placed on ir with ankle injury,,,,9/3/2016,
2016,Colts,,ron thompson jr,placed on ir with undisclosed injury,,,,9/3/2016,
2016,Colts,,tevin mitchel,placed on ir with hamstring injury,,,,9/3/2016,
2016,Falcons,,akeem king,placed on ir with foot injury,,,,9/3/2016,
2016,Falcons,,demarcus van dyke,placed on ir with concussion,,,,9/3/2016,
2016,Giants,,will johnson christopher,"placed on ir with neck injury (""stinger"")",,,,9/3/2016,
2016,Jaguars,,benjamin michael bennett,placed on ir with calf injury,,,,9/3/2016,
2016,Jets,,kenbrell thompkins,placed on ir with groin injury,,,,9/3/2016,
2016,Panthers,,ben jacobs,placed on ir with quadriceps injury,,,,9/3/2016,
2016,Panthers,,jordan rigsbee,placed on ir with right knee injury,,,,9/3/2016,
2016,Panthers,,kevin norwood,placed on ir with left hip injury,,,,9/3/2016,
2016,Rams,,darrell williams b 1993-08-03,placed on ir with undisclosed injury,,,,9/3/2016,
2016,Rams,,garrett reynolds,placed on ir with undisclosed injury,,,,9/3/2016,
2016,Ravens,,chris matthews,placed on ir with undisclosed injury,,,,9/3/2016,
2016,Ravens,,de'ondre wesley,placed on ir with undisclosed injury,,,,9/3/2016,
2016,Ravens,,michael campanaro,placed on ir with calf injury,,,,9/3/2016,
2016,Saints,,michael hoomanawanui,placed on ir with left leg injury,,,,9/3/2016,
2016,Vikings,,jabari price,placed on ir with knee injury,,,,9/3/2016,
2016,Vikings,,michael griffin devin,placed on ir with back injury,,,,9/3/2016,
2016,49ers,,deandre smelter,placed on ir with hamstring / knee injury,,,,9/4/2016,
2016,Bears,,danny mason,placed on ir with knee injury,,,,9/4/2016,
2016,Bears,,ego ferguson,placed on ir with undisclosed injury,,,,9/4/2016,
2016,Browns,,rajion neal,placed on ir with knee injury,,,,9/4/2016,
2016,Buccaneers,,bernard reedy,placed on ir with knee injury,,,,9/4/2016,
2016,Buccaneers,,kenny bell,placed on ir with concussion / hamstring injury,,,,9/4/2016,
2016,Buccaneers,,kivon cartwright,placed on ir with shoulder injury,,,,9/4/2016,
2016,Cardinals,,tristan okpalaugo,placed on ir with hamstring / knee injury,,,,9/4/2016,
2016,Chargers,,rasheed bailey,placed on ir with ankle injury,,,,9/4/2016,
2016,Chargers,,shaq petteway,placed on ir with undisclosed injury,,,,9/4/2016,
2016,Colts,,d'joun smith,placed on ir with sprained ankle,,,,9/4/2016,
2016,Cowboys,,mike mcadoo,placed on ir with undisclosed injury,,,,9/4/2016,
2016,Eagles,,cayleb jones,placed on ir with undisclosed injury,,,,9/4/2016,
2016,Eagles,,mj mcfarland,placed on ir with knee injury,,,,9/4/2016,
2016,Falcons,,tyler starr,placed on ir with undisclosed injury,,,,9/4/2016,
2016,Giants,,emmett cleary,placed on ir with finger injury,,,,9/4/2016,
2016,Giants,,jake rodgers,placed on ir with ankle injury,,,,9/4/2016,
2016,Jets,,dee milliner,placed on ir with hamstring injury,,,,9/4/2016,
2016,Jets,,trevor reilly,placed on ir with undisclosed injury,,,,9/4/2016,
2016,Lions,,josh bynes,placed on ir with knee injury,,,,9/4/2016,
2016,Packers,,kyle steuck,placed on ir with ankle injury,,,,9/4/2016,
2016,Packers,,tyler kuder,placed on ir with knee injury,,,,9/4/2016,
2016,Patriots,,kevin snyder,placed on ir with hand injury,,,,9/4/2016,
2016,Patriots,,tyler gaffney,placed on ir with foot injury,,,,9/4/2016,
2016,Raiders,,james cowser,placed on ir with concussion,,,,9/4/2016,
2016,Raiders,,neiron ball,placed on ir with undisclosed injury,,,,9/4/2016,
2016,Ravens,,carrington byndom,placed on ir with undisclosed injury,,,,9/4/2016,
2016,Saints,,jeff schoettmer,placed on ir with undisclosed injury,,,,9/4/2016,
2016,Saints,,tyrus thompson,placed on ir with undisclosed injury,,,,9/4/2016,
2016,Seahawks,,eric pinkins,placed on ir with undisclosed injury,,,,9/4/2016,
2016,Seahawks,,joe sommers,placed on ir with undisclosed injury,,,,9/4/2016,
2016,Seahawks,,jordan hill,placed on ir with undisclosed injury,,,,9/4/2016,
2016,Seahawks,,terry poole,placed on ir with undisclosed injury,,,,9/4/2016,
2016,Texans,,dalton freeman,placed on ir with undisclosed injury,,,,9/4/2016,
2016,Texans,,tony washington jr,placed on ir with undisclosed injury,,,,9/4/2016,
2016,49ers,,will redmond,placed on ir with torn acl in knee,,,,9/5/2016,
2016,Bengals,,cedric peerman,placed on ir with fractured left elbow/forearm,,,,9/5/2016,
2016,Bengals,,william jackson iii,placed on ir with torn pectoral muscle,,,,9/5/2016,
2016,Jaguars,,josh wells,placed on ir with thumb injury,,,,9/5/2016,
2016,Packers,,makinton dorleant,placed on ir with hamstring injury,,,,9/5/2016,
2016,Raiders,,mario edwards jr,placed on ir with hip injury,,,,9/5/2016,
2016,Ravens,,carl davis,placed on ir with ankle injury,,,,9/5/2016,
2016,Ravens,,matt elam,placed on ir with knee injury,,,,9/5/2016,
2016,Saints,,sheldon rankins,placed on ir with fractured fibula in left leg,,,,9/5/2016,
2016,Steelers,,bud dupree,placed on ir with groin injury,,,,9/5/2016,
2016,Lions,,jonathan bostic  jon bostic b,placed on ir with foot injury,,,,9/6/2016,
2016,Buccaneers,,mike james b 1991-04-13,placed on ir with leg injury,,,,9/8/2016,
2016,Browns,,robert griffin iii,placed on ir with fractured coracoid bone in left shoulder,,,,9/12/2016,
2016,Chargers,,keenan allen,placed on ir with torn acl in right knee,,,,9/12/2016,
2016,Giants,,jt thomas iii,placed on ir with torn ligaments in left knee,,,,9/12/2016,
2016,Buccaneers,,jacquies smith,placed on ir with right knee injury,,,,9/13/2016,
2016,Dolphins,,earl mitchell,placed on ir with calf injury,,,,9/14/2016,
2016,Cardinals,,lamar louis,placed on ir with quadriceps injury,,,,9/15/2016,
2016,Chargers,,danny woodhead,placed on ir with torn acl in right knee,,,,9/19/2016,
2016,Redskins,,kedric golston,placed on ir with hamstring injury,,,,9/19/2016,
2016,Panthers,,dean marlowe,placed on ir with hamstring injury,,,,9/20/2016,
2016,49ers,,ray-ray armstrong,placed on ir with pectoral muscle injury,,,,9/21/2016,
2016,Giants,,mykkele thompson,placed on ir with knee injury,,,,9/21/2016,
2016,Lions,,ameer abdullah,placed on ir with foot injury,,,,9/21/2016,
2016,Saints,,pj williams,placed on ir with concussion,,,,9/21/2016,
2016,Vikings,,matt kalil,placed on ir with hip injury,,,,9/21/2016,
2016,Bears,,lamarr houston,placed on ir with torn acl in left knee,,,,9/22/2016,
2016,Titans,,chance warmack,placed on ir with torn tendon in finger,,,,9/22/2016,
2016,Buccaneers,,devante bond,placed on ir with hamstring injury,,,,9/23/2016,
2016,Vikings,,adrian peterson lewis,placed on ir with torn meniscus in right knee,,,,9/23/2016,
2016,Browns,,patrick murray,placed on ir with left knee injury,,,,9/24/2016,
2016,Cardinals,,troy niklas,placed on ir with wrist injury,,,,9/27/2016,
2016,Colts,,trent cole,placed on ir with back injury,,,,9/27/2016,
2016,Giants,,shane vereen,placed on ir with torn triceps,,,,9/27/2016,
2016,Panthers,,ryan delaire,placed on ir with knee injury,,,,9/27/2016,
2016,Redskins,,deangelo hall,placed on ir with torn acl in right knee,,,,9/27/2016,
2016,Redskins,,kory lichtensteiger,placed on ir with calf injury,,,,9/27/2016,
2016,Bears,,kyle fuller brandon,placed on ir recovering from arthroscopic surgery on knee,,,,9/28/2016,
2016,Cardinals,,alani fua,placed on ir with knee injury,,,,9/28/2016,
2016,Chargers,,manti te'o,placed on ir with torn left achilles tendon,,,,9/28/2016,
2016,Cowboys,,charles tapper,placed on ir with back injury,,,,9/28/2016,
2016,Saints,,obum gwacham,placed on ir with undisclosed injury,,,,9/28/2016,
2016,Texans,,jj watt,placed on ir with back injury,,,,9/28/2016,
2016,Jets,,lawrence thomas,placed on ir with torn labrum in shoulder,,,,9/29/2016,
2016,Bills,,sammy watkins,placed on ir with foot injury,,,,9/30/2016,
2016,Browns,,nate orchard,placed on ir with ankle injury,,,,10/1/2016,
2016,Seahawks,,mike morgan cantrel,placed on ir with sports hernia,,,,10/3/2016,
2016,Cardinals,,chris johnson duan,placed on ir with groin injury,,,,10/4/2016,
2016,Cardinals,,tyvon branch,placed on ir with groin injury,,,,10/4/2016,
2016,Jaguars,,luke joeckel,placed on ir with left knee injury,,,,10/4/2016,
2016,Lions,,wallace gilberry,placed on ir with abdominal injury,,,,10/4/2016,
2016,Raiders,,ben heeney,placed on ir with ankle injury,,,,10/4/2016,
2016,Bears,,kevin white romone,placed on ir with fractured fibula in left leg,,,,10/5/2016,
2016,Cowboys,,la'el collins,placed on ir with torn ligament in toe,,,,10/5/2016,
2016,Falcons,,sean weatherspoon,placed on ir with achilles injury,,,,10/5/2016,
2016,Raiders,,lee smith b 1987-11-21,placed on ir with fractured leg,,,,10/5/2016,
2016,Redskins,,david bruton jr,placed on ir with concussion,,,,10/5/2016,
2016,Texans,,devon still,placed on ir with lisfranc sprain in foot,,,,10/5/2016,
2016,49ers,,navorro bowman,placed on ir with achilles injury,,,,10/6/2016,
2016,Ravens,,maurice canady,placed on ir with hamstring injury,,,,10/6/2016,
2016,Bills,,greg salas,placed on ir with groin injury,,,,10/7/2016,
2016,Chargers,,jason verrett,placed on ir with torn acl in left knee,,,,10/7/2016,
2016,Patriots,,jacoby brissett,placed on ir with right thumb injury,,,,10/7/2016,
2016,Ravens,,maxx williams,placed on ir with knee injury,,,,10/7/2016,
2016,Cardinals,,evan mathis,placed on ir with ankle injury,,,,10/8/2016,
2016,Steelers,,ryan harris,placed on ir with shin injury,,,,10/8/2016,
2016,Steelers,,senquez golson,placed on ir with foot injury,,,,10/8/2016,
2016,49ers,,chris davis b,placed on ir with knee injury,,,,10/10/2016,
2016,Bills,,colt anderson,placed on ir with hand injury,,,,10/10/2016,
2016,Browns,,austin reiter,placed on ir with knee injury,,,,10/10/2016,
2016,Buccaneers,,charles sims iii,placed on ir with knee injury,,,,10/10/2016,
2016,Chargers,,nick dzubnar,placed on ir with knee injury,,,,10/10/2016,
2016,Dolphins,,koa misi,placed on ir with neck injury,,,,10/10/2016,
2016,Ravens,,sheldon price,placed on ir with biceps / thigh injury,,,,10/11/2016,
2016,Vikings,,andre smith dewayne,placed on ir with surgery on triceps,,,,10/11/2016,
2016,Jets,,eric decker,placed on ir with with torn rotator cuff in shoulder,,,,10/12/2016,
2016,Saints,,erik harris,placed on ir with torn acl in knee,,,,10/13/2016,
2016,Browns,,joel bitonio,placed on ir with foot injury,,,,10/14/2016,
2016,Patriots,,greg scruggs,placed on ir with knee injury,,,,10/15/2016,
2016,Patriots,,jonathan freeny,placed on ir with shoulder injury,,,,10/15/2016,
2016,Browns,,jordan poyer,placed on ir with abdominal injury,,,,10/18/2016,
2016,Chiefs,,allen bailey,placed on ir with shoulder injury,,,,10/18/2016,
2016,Chiefs,,justin march-lillard  justin march,placed on ir with fractured hand (surgery) / knee injury,,,,10/18/2016,
2016,Colts,,quan bray,placed on ir with fractured ankle,,,,10/18/2016,
2016,Falcons,,derrick shelby,placed on ir with torn achilles tendon,,,,10/18/2016,
2016,Packers,,sam shields,placed on ir with concussion,,,,10/18/2016,
2016,Seahawks,,garrison smith,placed on ir with oblique injury,,,,10/18/2016,
2016,Buccaneers,,vincent jackson,placed on ir with torn acl in left knee,,,,10/19/2016,
2016,Dolphins,,reshad jones,placed on ir with rotator cuff injury in shoulder,,,,10/19/2016,
2016,Texans,,brennan scarlett,placed on ir with hamstring injury,,,,10/19/2016,
2016,Texans,,kj dillon,placed on ir with torn acl in knee,,,,10/19/2016,
2016,Packers,,eddie lacy,placed on ir with ankle injury,,,,10/20/2016,
2016,Redskins,,josh doctson,placed on ir with achilles injury,,,,10/21/2016,
2016,Jets,,braedon bowman,placed on ir with torn acl in right knee,,,,10/22/2016,
2016,Ravens,,kendrick lewis,placed on ir with thigh injury,,,,10/22/2016,
2016,Texans,,kevin johnson b 1992-08-05,placed on ir with fractured foot,,,,10/22/2016,
2016,Bears,,brian hoyer,placed on ir with fractured left arm,,,,10/24/2016,
2016,Eagles,,ron brooks a,placed on ir with quadriceps injury,,,,10/24/2016,
2016,Packers,,chris banjo,placed on ir with hamstring injury,,,,10/24/2016,
2016,Packers,,jared abbrederis,placed on ir with quadriceps injury,,,,10/24/2016,
2016,Cardinals,,jaron brown,placed on ir with torn acl in knee,,,,10/25/2016,
2016,Chargers,,caraun reid,placed on ir with torn acl in knee,,,,10/25/2016,
2016,Jaguars,,roy miller iii,placed on ir with torn right achilles tendon,,,,10/25/2016,
2016,Seahawks,,quinton jefferson,placed on ir with knee injury,,,,10/25/2016,
2016,Jets,,geno smith,placed on ir with torn acl in knee,,,,10/26/2016,
2016,Texans,,derek newton,placed on ir with torn patellar tendon in knee,,,,10/26/2016,
2016,Broncos,,cj anderson,placed on ir with surgery on knee,,,,10/28/2016,
2016,Panthers,,teddy williams,placed on ir with knee injury,,,,10/28/2016,
2016,Bills,,aaron williams b,placed on ir with neck injury,,,,11/1/2016,
2016,Cardinals,,ifeanyi momah,placed on ir with wrist injury,,,,11/1/2016,
2016,Cardinals,,jared veldheer,placed on ir with triceps injury,,,,11/1/2016,
2016,Lions,,cole wick,placed on ir with knee injury,,,,11/1/2016,
2016,Chiefs,,jamaal charles,placed on ir with sore right knee,,,,11/2/2016,
2016,Chiefs,,parker ehinger,placed on ir with knee injury,,,,11/5/2016,
2016,Dolphins,,jordan cameron,placed on ir with concussion,,,,11/5/2016,
2016,Saints,,james laurinaitis,placed on ir with quadriceps injury,,,,11/5/2016,
2016,Steelers,,cody wallace,placed on ir with left knee injury,,,,11/5/2016,
2016,Buccaneers,,antone smith,placed on ir with knee injury,,,,11/7/2016,
2016,Buccaneers,,howard jones,placed on ir with knee injury,,,,11/7/2016,
2016,49ers,,arik armstead,placed on ir with left shoulder injury,,,,11/8/2016,
2016,Dolphins,,chimdi chekwa,placed on ir with hamstring injury,,,,11/8/2016,
2016,Redskins,,niles paul,placed on ir with torn labrum in left shoulder,,,,11/8/2016,
2016,Giants,,darian thompson,placed on ir with foot injury,,,,11/9/2016,
2016,Jets,,ryan clady,placed on ir with torn rotator cuff in shoulder,,,,11/9/2016,
2016,Texans,,lonnie ballentine,placed on ir with groin injury,,,,11/12/2016,
2016,Bills,,eric wood,placed on ir with fractured leg,,,,11/14/2016,
2016,Jets,,kellen davis m,placed on ir with elbow injury,,,,11/14/2016,
2016,Panthers,,andy lee p,placed on ir with hamstring injury,,,,11/14/2016,
2016,Bears,,will sutton,placed on ir with left ankle injury,,,,11/15/2016,
2016,Ravens,,willie henry,placed on ir with undisclosed injury,,,,11/15/2016,
2016,Steelers,,steven johnson c,placed on ir with ankle injury,,,,11/15/2016,
2016,Bears,,kyle long,placed on ir with right ankle injury,,,,11/16/2016,
2016,Cowboys,,geoff swaim,placed on ir with torn right pectoral muscle,,,,11/16/2016,
2016,Packers,,don jackson c,placed on ir with hand injury,,,,11/16/2016,
2016,Vikings,,jake long,placed on ir with torn left achilles tendon,,,,11/16/2016,
2016,Cardinals,,gabe martin,placed on ir with knee injury,,,,11/18/2016,
2016,Rams,,nelson spruce,placed on ir with calf injury,,,,11/18/2016,
2016,Colts,,kendall langford,placed on ir with knee injury,,,,11/19/2016,
2016,Steelers,,cameron heyward  cam heyward,placed on ir with pectoral muscle injury,,,,11/19/2016,
2016,Steelers,,markus wheaton,placed on ir with shoulder injury,,,,11/19/2016,
2016,Falcons,,jacob tamme,placed on ir with shoulder injury,,,,11/21/2016,
2016,Jaguars,,marcedes lewis,placed on ir with calf injury,,,,11/21/2016,
2016,Jaguars,,patrick omameh,placed on ir with left foot injury,,,,11/21/2016,
2016,Bengals,,giovani bernard,placed on ir with torn acl in left knee,,,,11/22/2016,
2016,Chargers,,brandon mebane,placed on ir with biceps injury,,,,11/22/2016,
2016,Rams,,josh forrest,placed on ir with knee injury,,,,11/22/2016,
2016,49ers,,eric reid,placed on ir with biceps injury,,,,11/23/2016,
2016,Bears,,zach miller scott,placed on ir with fractured foot,,,,11/23/2016,
2016,Buccaneers,,ben gottschalk,placed on ir with knee injury,,,,11/23/2016,
2016,Panthers,,michael oher,placed on ir with concussion,,,,11/25/2016,
2016,Panthers,,zack sanchez,placed on ir with groin injury,,,,11/25/2016,
2016,Bills,,robert blanton,placed on ir with foot injury,,,,11/26/2016,
2016,Browns,,john greco,placed on ir with foot injury,,,,11/28/2016,
2016,49ers,,shayne skov,placed on ir with knee injury,,,,11/29/2016,
2016,Bears,,danny trevathan,placed on ir with torn patellar tendon in right knee,,,,11/29/2016,
2016,Bengals,,chykie brown,placed on ir with knee injury,,,,11/29/2016,
2016,Bills,,corbin bryant,placed on ir with shoulder injury,,,,11/29/2016,
2016,Bills,,walter powell  walt powell,placed on ir with ankle injury,,,,11/29/2016,
2016,Falcons,,desmond trufant,placed on ir with pectoral / shoulder injury,,,,11/29/2016,
2016,Panthers,,gino gradkowski,placed on ir with knee injury,,,,11/29/2016,
2016,Panthers,,ryan kalil,placed on ir with shoulder injury,,,,11/29/2016,
2016,Giants,,orleans darkwa,placed on ir with lower leg injury,,,,11/30/2016,
2016,Chiefs,,jaye howard,placed on ir with hip injury,,,,12/1/2016,
2016,Broncos,,andy janovich,placed on ir with ankle injury,,,,12/2/2016,
2016,Chargers,,jeremiah attaochu,placed on ir with fractured foot,,,,12/3/2016,
2016,Jaguars,,rashad greene,placed on ir with achilles injury,,,,12/3/2016,
2016,Packers,,demetri goodson,placed on ir with knee injury,,,,12/3/2016,
2016,Patriots,,rob gronkowski,placed on ir with surgery on back,,,,12/3/2016,
2016,Raiders,,dj hayden,placed on ir with hamstring injury,,,,12/3/2016,
2016,Seahawks,,jordan tripp  jordie tripp,placed on ir with thigh injury,,,,12/3/2016,
2016,Bears,,jay cutler,placed on ir with torn labrum in right shoulder,,,,12/5/2016,
2016,Broncos,,kapri bibbs,placed on ir with ankle injury,,,,12/5/2016,
2016,Buccaneers,,cecil shorts iii,"placed on ir with torn acl, mcl, pcl in right knee",,,,12/6/2016,
2016,Lions,,armonty bryant,placed on ir with knee injury,,,,12/6/2016,
2016,Lions,,quandre diggs,placed on ir with pectoral muscle injury,,,,12/6/2016,
2016,Seahawks,,earl thomas iii,placed on ir with fractured tibia in left leg,,,,12/6/2016,
2016,Titans,,kevin dodd,placed on ir with surgery on foot,,,,12/6/2016,
2016,Jets,,julian stanford,placed on ir with ankle injury,,,,12/8/2016,
2016,Jets,,nick mangold,placed on ir with ankle inijury,,,,12/8/2016,
2016,Saints,,josh hill b 1990-05-21,placed on ir with fractured fibula in right leg,,,,12/9/2016,
2016,Broncos,,marlon brown d,placed on ir with back injury,,,,12/10/2016,
2016,Jaguars,,jared odrick,placed on ir with shoulder injury,,,,12/10/2016,
2016,Jaguars,,julius thomas,placed on ir with back injury,,,,12/10/2016,
2016,Texans,,jaelen strong,placed on ir with ankle injury,,,,12/10/2016,
2016,49ers,,vance mcdonald,placed on ir with shoulder injury,,,,12/12/2016,
2016,Bears,,mike adams b 1990-03-10,placed on ir with back injury,,,,12/12/2016,
2016,Colts,,clayton geathers,placed on ir with neck injury,,,,12/12/2016,
2016,Colts,,curt maggitt,placed on ir with knee injury,,,,12/12/2016,
2016,Colts,,jack mewhort,placed on ir with knee injury,,,,12/12/2016,
2016,Jets,,antonio allen,placed on ir with concussion,,,,12/12/2016,
2016,Vikings,,sharrif floyd,placed on ir with knee injury,,,,12/12/2016,
2016,49ers,,daniel kilgore,placed on ir with knee injury,,,,12/13/2016,
2016,Bills,,james ihedigbo,placed on ir with ankle injury,,,,12/13/2016,
2016,Cardinals,,deone bucannon,placed on ir with ankle injury,,,,12/13/2016,
2016,Cardinals,,tyvon branch,placed on ir with groin injury,,,,12/13/2016,
2016,Cardinals,,ulrick john,placed on ir with shoulder injury,,,,12/13/2016,
2016,Colts,,patrick robinson b 1987-09-07,placed on ir with groin injury,,,,12/13/2016,
2016,Cowboys,,jaylon smith,placed on ir with knee injury,,,,12/13/2016,
2016,Dolphins,,mike pouncey,placed on ir with hip injury,,,,12/13/2016,
2016,Eagles,,jon dorenbos,placed on ir with fractured wrist,,,,12/13/2016,
2016,Eagles,,matt tobin,placed on ir with knee injury,,,,12/13/2016,
2016,Eagles,,wendell smallwood,placed on ir with knee injury,,,,12/13/2016,
2016,Jets,,breno giacomini,placed on ir with back injury,,,,12/13/2016,
2016,Jets,,marcus gilchrist,placed on ir with right knee injury,,,,12/13/2016,
2016,Rams,,cory harkey,placed on ir with triceps injury,,,,12/13/2016,
2016,Ravens,,lorenzo taliaferro,placed on ir with thigh injury,,,,12/13/2016,
2016,Redskins,,anthony lanier ii,placed on ir with shin injury,,,,12/13/2016,
2016,Texans,,braxton miller,placed on ir with shoulder injury,,,,12/13/2016,
2016,Chargers,,brandon flowers,placed on ir with concussion,,,,12/14/2016,
2016,Saints,,terron armstead,"placed on ir with knee, quadriceps injury",,,,12/14/2016,
2016,Seahawks,,troymaine pope,placed on ir with ankle injury,,,,12/14/2016,
2016,Seahawks,,will tukuafu,placed on ir with concussion,,,,12/14/2016,
2016,Rams,,benny cunningham,placed on ir with neck injury,,,,12/15/2016,
2016,Rams,,robert quinn,placed on ir with concussion,,,,12/15/2016,
2016,Broncos,,casey kreiter,placed on ir with calf injury,,,,12/16/2016,
2016,Falcons,,kemal ishmael,placed on ir with shoulder injury,,,,12/16/2016,
2016,Bears,,marquess wilson,placed on ir with fractured left foot,,,,12/17/2016,
2016,Chiefs,,derrick johnson o'hara,placed on ir with left achilles injury,,,,12/17/2016,
2016,Cowboys,,chaz green,placed on ir with surgery on back,,,,12/17/2016,
2016,49ers,,nick bellore,placed on ir with elbow injury,,,,12/19/2016,
2016,Colts,,arthur jones,placed on ir with groin / hamstring injury,,,,12/19/2016,
2016,49ers,,blake bell,placed on ir with shoulder injury,,,,12/20/2016,
2016,49ers,,jimmie ward,placed on ir with shoulder injury,,,,12/20/2016,
2016,49ers,,quinton patton,placed on ir with fractured foot,,,,12/20/2016,
2016,Bears,,eddie royal,placed on ir with toe injury,,,,12/20/2016,
2016,Eagles,,kenjon barner,placed on ir with hamstring injury,,,,12/20/2016,
2016,Giants,,ryan nassib,placed on ir with elbow injury,,,,12/20/2016,
2016,Giants,,shane vereen,placed on ir with triceps injury,,,,12/20/2016,
2016,Jaguars,,jeremiah poutasi,placed on ir with ankle injury,,,,12/20/2016,
2016,Rams,,marqui christian,placed on ir with ankle injury,,,,12/20/2016,
2016,Redskins,,houston bates,placed on ir with torn acl in knee,,,,12/20/2016,
2016,Saints,,stephone anthony,placed on ir with knee injury,,,,12/20/2016,
2016,Vikings,,tom johnson b 1984-08-30,placed on ir with torn hamstring,,,,12/20/2016,
2016,Buccaneers,,donteea dye,placed on ir with undisclosed injury,,,,12/21/2016,
2016,Jets,,brian winters,placed on ir with shoulder injury,,,,12/21/2016,
2016,Jets,,mike catapano,placed on ir with knee injury,,,,12/21/2016,
2016,Seahawks,,damontre moore,placed on ir with foot injury,,,,12/21/2016,
2016,Titans,,karl klug,placed on ir with torn left achilles tendon,,,,12/21/2016,
2016,49ers,,torrey smith,placed on ir with concussion,,,,12/23/2016,
2016,Bears,,eddie goldman,placed on ir with ankle injury,,,,12/23/2016,
2016,Cardinals,,tyrann mathieu,placed on ir with shoulder injury,,,,12/23/2016,
2016,Jaguars,,aaron colvin,placed on ir with ankle injury,,,,12/23/2016,
2016,Jaguars,,chris reed b 1992-07-22,placed on ir with toe injury,,,,12/23/2016,
2016,Raiders,,shilique calhoun,placed on ir with knee injury,,,,12/23/2016,
2016,Rams,,bradley marquez,placed on ir with knee injury,,,,12/23/2016,
2016,Saints,,delvin breaux,placed on ir with shoulder injury,,,,12/23/2016,
2016,Vikings,,mackensie alexander,placed on ir with abdominal injury,,,,12/23/2016,
2016,Ravens,,kamalei correa,placed on ir with rib injury,,,,12/24/2016,
2016,Steelers,,shamarko thomas,placed on ir with concussion,,,,12/24/2016,
2016,Bengals,,clint boling,placed on ir with shoulder injury,,,,12/26/2016,
2016,Bengals,,tyler eifert,placed on ir with back injury,,,,12/26/2016,
2016,Buccaneers,,jude adjei-barimah,placed on ir with undisclosed injury,,,,12/26/2016,
2016,Jaguars,,tj yeldon,placed on ir with ankle injury,,,,12/26/2016,
2016,Jets,,bryce petty,placed on ir with torn labrum in left / right shoulder,,,,12/26/2016,
2016,49ers,,carlos hyde,placed on ir with sprained mcl in left knee,,,,12/27/2016,
2016,Buccaneers,,cameron brate,placed on ir with back injury,,,,12/27/2016,
2016,Cardinals,,taylor boggs,placed on ir with shoulder injury,,,,12/27/2016,
2016,Cardinals,,tony jefferson,placed on ir with knee injury,,,,12/27/2016,
2016,Chargers,,kenneth farrow,placed on ir with shoulder injury,,,,12/27/2016,
2016,Eagles,,ryan mathews,placed on ir with neck injury,,,,12/27/2016,
2016,Jaguars,,sean porter,placed on ir with hamstring injury,,,,12/27/2016,
2016,Panthers,,ryan delaire,placed on ir with knee injury,,,,12/27/2016,
2016,Panthers,,tre boston,placed on ir with knee injury,,,,12/27/2016,
2016,Seahawks,,tyler lockett,"placed on ir with fractured tibia, fibula in right leg",,,,12/27/2016,
2016,Titans,,marcus mariota,placed on ir with fractured fibula in right leg,,,,12/27/2016,
2016,Broncos,,demarcus ware,placed on ir with surgery on back,,,,12/28/2016,
2016,Broncos,,kayvon webster,placed on ir with concussion,,,,12/28/2016,
2016,Buccaneers,,charles sims iii,placed on ir with pectoral muscle injury,,,,12/28/2016,
2016,Cowboys,,ryan davis,placed on ir with knee injury,,,,12/28/2016,
2016,Dolphins,,isa abdul-quddus,placed on ir with neck injury,,,,12/28/2016,
2016,Jets,,khiry robinson,placed on ir with fractured leg,,,,12/28/2016,
2016,Lions,,stefan charles,placed on ir with knee injury,,,,12/28/2016,
2016,Redskins,,donte whitner,placed on ir with quadriceps injury,,,,12/28/2016,
2016,Titans,,mehdi abdesmad,placed on ir with ankle injury,,,,12/28/2016,
2016,Panthers,,devin funchess,placed on ir with knee injury,,,,12/29/2016,
2016,Bengals,,cedric ogbuehi,placed on ir with shoulder injury,,,,12/30/2016,
2016,Jets,,matt forte,placed on ir with knee injury,,,,12/30/2016,
2016,Ravens,,jimmy smith b,placed on ir with ankle injury,,,,12/30/2016,
2016,Ravens,,zachary orr  zach orr,placed on ir with herniated disc in neck,,,,12/30/2016,
2016,49ers,,marcus martin b 1993-11-29,placed on ir with ankle injury,,,,12/31/2016,
2016,Bengals,,aj green adriel jeremiah,placed on ir with hamstring injury,,,,12/31/2016,
2016,Chargers,,craig mager,placed on ir with shoulder injury,,,,12/31/2016,
2016,Lions,,theo riddick,placed on ir with wrist injury,,,,12/31/2016,
2016,Saints,,ken crawley,placed on ir with knee injury,,,,12/31/2016,
2016,Vikings,,andrew sendejo,placed on ir with knee injury,,,,12/31/2016,
2016,Chiefs,,dadi lhomme nicolas  dadi nicolas,placed on ir with knee injury,,,,1/3/2017,
2016,Lions,,asa jackson,placed on ir with ankle injury,,,,1/3/2017,
2016,Lions,,corey robinson b,placed on ir with foot injury,,,,1/3/2017,
2016,Seahawks,,nolan frese,placed on ir with ankle injury,,,,1/3/2017,
2016,Packers,,makinton dorleant,placed on ir with knee injury,,,,1/4/2017,
2016,Falcons,,adrian clayborn,placed on ir with torn biceps,,,,1/17/2017,
2016,Packers,,jc tretter,placed on ir with knee injury,,,,1/21/2017,
2017,Eagles,,aziz shittu,placed on ir with knee injury,,,,5/3/2017,
2017,Eagles,,dominique williams  dom williams b,placed on ir with achilles injury,,,,5/3/2017,
2017,Steelers,,dez stewart,placed on ir with undisclosed injury,,,,5/8/2017,
2017,Packers,,antwan goodley,placed on ir with undisclosed injury,,,,5/9/2017,
2017,Seahawks,,malcolm johnson jamaine,placed on ir with undisclosed injury,,,,5/12/2017,
2017,Eagles,,jerod evans,placed on ir with foot injury,,,,5/16/2017,
2017,Eagles,,charles walker,placed on ir with knee injury,,,,5/19/2017,
2017,Jaguars,,bryan walters,placed on ir with foot injury,,,,5/22/2017,
2017,Jets,,devin smith b 1992-03-03,placed on ir with torn acl in right knee,,,,5/23/2017,
2017,Giants,,ishaq williams,placed on ir with undisclosed injury,,,,5/30/2017,
2017,Jets,,brisly estime,placed on ir with torn achilles tendon,,,,5/30/2017,
2017,Lions,,brandon chubb,placed on ir with knee injury,,,,5/31/2017,
2017,Buccaneers,,deondre barnett,placed on ir with undisclosed injury,,,,6/1/2017,
2017,Buccaneers,,paul magloire jr,placed on ir with undisclosed injury,,,,6/1/2017,
2017,Giants,,jalen williams,placed on ir with undisclosed injury,,,,6/1/2017,
2017,Browns,,darius jackson b 1993-12-01,placed on ir with knee injury,,,,6/2/2017,
2017,Chiefs,,devin chappell,placed on ir with undisclosed injury,,,,6/2/2017,
2017,Packers,,jacob schum  jake schum,placed on ir with back injury,,,,6/2/2017,
2017,Jets,,quinton patton,placed on ir with foot injury,,,,6/5/2017,
2017,Patriots,,corey vereen,placed on ir with undisclosed injury,,,,6/6/2017,
2017,Ravens,,carlos davis a,placed on ir with lower leg injury,,,,6/7/2017,
2017,Titans,,john green b,placed on ir with undisclosed injury,,,,6/7/2017,
2017,Packers,,david rivers iii,placed on ir with undisclosed injury,,,,6/8/2017,
2017,Colts,,trey griffey,placed on ir with undisclosed injury,,,,6/13/2017,
2017,Colts,,christine michael,placed on ir with undisclosed injury,,,,6/15/2017,
2017,Saints,,dan arnold,placed on ir,,,,6/16/2017,
2017,Ravens,,daniel henry,placed on ir with undisclosed injury,,,,7/21/2017,
2017,Ravens,,aaron bailey b,placed on ir with undisclosed injury,,,,7/22/2017,
2017,Dolphins,,koa misi,placed on ir with neck injury,,,,7/25/2017,
2017,Saints,,dannell ellerbe,placed on ir with foot injury,,,,7/25/2017,
2017,Panthers,,charles johnson david b 1986-07-10,placed on ir recovering from surgery on right knee,,,,7/26/2017,
2017,Buccaneers,,evan panfil,placed on ir with undisclosed injury,,,,7/29/2017,
2017,Chiefs,,alonzo moore,placed on ir with undisclosed injury,,,,7/29/2017,
2017,Cowboys,,jahad thomas,placed on ir with hamstring injury,,,,7/29/2017,
2017,Redskins,,lou young,placed on ir with undisclosed injury,,,,7/30/2017,
2017,Vikings,,shaan washington,placed on ir with leg injury,,,,7/30/2017,
2017,Browns,,chris barker,placed on ir with torn left achilles tendon,,,,7/31/2017,
2017,Buccaneers,,thomas sperbeck,placed on ir with undisclosed injury,,,,7/31/2017,
2017,Colts,,colin jeter,placed on ir with undisclosed injury,,,,7/31/2017,
2017,Cowboys,,zac dysert,placed on ir with herniated disc in back,,,,7/31/2017,
2017,Dolphins,,lamin barrow,placed on ir with undisclosed injury,,,,7/31/2017,
2017,Jets,,bryson keeton,placed on ir with torn acl in knee,,,,7/31/2017,
2017,49ers,,bj johnson iii,placed on ir with hamstring injury,,,,8/1/2017,
2017,Cardinals,,alani fua,placed on ir with knee injury,,,,8/1/2017,
2017,Cardinals,,ronald zamort,placed on ir with torn acl in knee,,,,8/1/2017,
2017,Jaguars,,taurean nixon,placed on ir with undisclosed injury,,,,8/1/2017,
2017,Redskins,,keith marshall,placed on ir with right knee injury,,,,8/1/2017,
2017,49ers,,jimmie gilbert,placed on ir with torn acl in knee,,,,8/2/2017,
2017,Chiefs,,antwan goodley,placed on ir with undisclosed injury,,,,8/2/2017,
2017,Saints,,sae tautu,placed on ir with knee injury,,,,8/2/2017,
2017,Texans,,deante' gray,placed on ir with torn acl in knee,,,,8/2/2017,
2017,Buccaneers,,jhajuan seales,placed on ir with hamstring injury,,,,8/3/2017,
2017,Eagles,,randall goforth,placed on ir with torn acl in knee,,,,8/3/2017,
2017,Jaguars,,carson tinker,placed on ir with torn acl in knee,,,,8/3/2017,
2017,Steelers,,scott orndoff,placed on ir with undisclosed injury,,,,8/3/2017,
2017,Falcons,,devin fuller,placed on ir with torn acl in knee,,,,8/4/2017,
2017,Jaguars,,i'tavius mathers,placed on ir with neck injury,,,,8/4/2017,
2017,Jets,,corey white b 1990-05-09,placed on ir with back injury,,,,8/4/2017,
2017,Packers,,herb waters,placed on ir with shoulder injury,,,,8/4/2017,
2017,Panthers,,travell dixon,placed on ir with ankle injury,,,,8/4/2017,
2017,Saints,,martin wallace,placed on ir with undisclosed injury,,,,8/4/2017,
2017,Bears,,joel bouagnon,placed on ir with undisclosed injury,,,,8/5/2017,
2017,Chargers,,dillon deboer,placed on ir with undisclosed injury,,,,8/5/2017,
2017,Jets,,brandin bryant,placed on ir with back injury,,,,8/5/2017,
2017,Jets,,brian parker,placed on ir with undisclosed injury,,,,8/5/2017,
2017,Rams,,dominique easley,placed on ir with torn acl in knee,,,,8/5/2017,
2017,Rams,,zach laskey,placed on ir with undisclosed injury,,,,8/5/2017,
2017,Ravens,,brandon kublanow,placed on ir with undisclosed injury,,,,8/5/2017,
2017,Ravens,,crockett gillmore,placed on ir with surgery on knee,,,,8/5/2017,
2017,Browns,,jamal marcus,placed on ir with foot injury,,,,8/6/2017,
2017,Browns,,james wright earl,placed on ir with undisclosed injury,,,,8/6/2017,
2017,Cardinals,,gabe martin,placed on ir with achilles injury,,,,8/6/2017,
2017,Chiefs,,keith baxter,placed on ir with wrist injury,,,,8/6/2017,
2017,Colts,,mo alie-cox,placed on ir with foot injury,,,,8/6/2017,
2017,49ers,,malcolm smith,placed on ir with torn pectoral muscle,,,,8/7/2017,
2017,Titans,,victor ochi,placed on ir with torn acl in knee,,,,8/7/2017,
2017,Bears,,eric kush,placed on ir with torn hamstring,,,,8/8/2017,
2017,Bills,,keith towbridge,placed on ir with foot injury,,,,8/8/2017,
2017,Chargers,,asante cleveland,placed on ir with undisclosed injury,,,,8/8/2017,
2017,Rams,,bradley marquez,placed on ir with knee injury,,,,8/8/2017,
2017,Ravens,,al-hajj shabazz,placed on ir with undisclosed injury,,,,8/8/2017,
2017,Titans,,reshard cliett,placed on ir with finger injury,,,,8/8/2017,
2017,49ers,,zach franklin,placed on ir with ankle injury,,,,8/9/2017,
2017,Colts,,harvey binford,placed on ir with undisclosed injury,,,,8/9/2017,
2017,Lions,,desmond lawrence b  des lawrence,placed on ir with undisclosed injury,,,,8/9/2017,
2017,Lions,,ryan spadola,placed on ir with undisclosed injury,,,,8/9/2017,
2017,Panthers,,dean marlowe,placed on ir with hamstring injury,,,,8/9/2017,
2017,Seahawks,,robert myers jr,placed on ir with foot injury,,,,8/9/2017,
2017,Steelers,,mike matthews,placed on ir with knee injury,,,,8/9/2017,
2017,Bengals,,jake kumerow,placed on ir with ankle injury,,,,8/10/2017,
2017,Colts,,chris briggs,placed on ir with undisclosed injury,,,,8/10/2017,
2017,Colts,,tevaun smith,placed on ir with groin injury,,,,8/10/2017,
2017,Giants,,jessamen dunker,placed on ir with foot injury,,,,8/10/2017,
2017,Saints,,jordan williams-lambert  jordan williams c,placed on ir with undisclosed injury,,,,8/10/2017,
2017,Giants,,mykkele thompson,placed on ir with quadriceps injury,,,,8/11/2017,
2017,Seahawks,,ronald powell,placed on ir with undisclosed injury,,,,8/11/2017,
2017,Broncos,,billy winn,placed on ir with torn acl in knee,,,,8/12/2017,
2017,Dolphins,,ryan tannehill,placed on ir with torn acl in left knee,,,,8/12/2017,
2017,Jaguars,,tyler gaffney,placed on ir with undisclosed injury,,,,8/12/2017,
2017,Redskins,,trent murphy,"placed on ir with torn acl, mcl in knee",,,,8/12/2017,
2017,Bears,,rueben randle,placed on ir with hamstring injury,,,,8/13/2017,
2017,Redskins,,kevin bowen,placed on ir with ankle injury,,,,8/13/2017,
2017,Vikings,,bishop sankey,placed on ir with torn acl in knee,,,,8/13/2017,
2017,Jaguars,,justin horton,placed on ir with undisclosed injury,,,,8/14/2017,
2017,Packers,,beau sandland,placed on ir with knee injury,,,,8/14/2017,
2017,Panthers,,drew iddings,placed on ir with shoulder injury,,,,8/14/2017,
2017,Redskins,,kendal thompson,placed on ir with leg injury,,,,8/14/2017,
2017,49ers,,chanceller james,placed on ir with undisclosed injury,,,,8/15/2017,
2017,Giants,,corbin bryant,placed on ir with elbow injury,,,,8/15/2017,
2017,Giants,,josh johnson javon,placed on ir with undisclosed injury,,,,8/15/2017,
2017,Giants,,kevin norwood,placed on ir,,,,8/15/2017,
2017,Jaguars,,ezra robinson,placed on ir with undisclosed injury,,,,8/15/2017,
2017,Lions,,kerry hyder,placed on ir with torn left achilles tendon,,,,8/15/2017,
2017,Lions,,mike james b 1991-04-13,placed on ir with concussion,,,,8/15/2017,
2017,Texans,,deandrew white,placed on ir with groin injury,,,,8/15/2017,
2017,Chargers,,charmeachealle moore  mike moore c,placed on ir with undisclosed injury,,,,8/16/2017,
2017,Colts,,dalton crossan,placed on ir with undisclosed injury,,,,8/16/2017,
2017,Cowboys,,connor hamlett,placed on ir with fractured fibula in leg,,,,8/16/2017,
2017,Dolphins,,francis owusu,placed on ir with knee injury,,,,8/16/2017,
2017,49ers,,donavin newsom,placed on ir with concussion,,,,8/17/2017,
2017,49ers,,jayson dimanche,placed on ir with hamstring injury,,,,8/17/2017,
2017,Jets,,doug middleton,placed on ir with pectoral muscle injury,,,,8/17/2017,
2017,Lions,,brandon copeland b 1991-07-02,placed on ir with pectoral muscle injury,,,,8/17/2017,
2017,Seahawks,,jordan simone,placed on ir with torn acl in left knee,,,,8/17/2017,
2017,Titans,,kourtnei brown,placed on ir with hamstring injury,,,,8/18/2017,
2017,Colts,,deiontrez mount,placed on ir with hamstring injury,,,,8/19/2017,
2017,Dolphins,,isaiah ford,placed on ir with knee injury,,,,8/19/2017,
2017,Giants,,keeon johnson,placed on ir with fractured foot,,,,8/19/2017,
2017,Giants,,kevin snead,placed on ir with hamstring injury,,,,8/19/2017,
2017,Ravens,,kenny bell,placed on ir with hamstring injury,,,,8/19/2017,
2017,Buccaneers,,cole gardner,placed on ir with undisclosed injury,,,,8/20/2017,
2017,Buccaneers,,maurice fleming  reese fleming,placed on ir with undisclosed injury,,,,8/20/2017,
2017,Bills,,jason croom,placed on ir with ankle injury,,,,8/21/2017,
2017,Colts,,darryl morris eric,placed on ir with undisclosed injury,,,,8/21/2017,
2017,Jaguars,,charles gaines b,placed on ir with eye injury,,,,8/21/2017,
2017,Lions,,bruce gaston,placed on ir with undisclosed injury,,,,8/22/2017,
2017,Seahawks,,justin senior,placed on ir with knee injury,,,,8/22/2017,
2017,Browns,,matt mccants,placed on ir with ankle injury,,,,8/23/2017,
2017,Browns,,tank carder,placed on ir with torn acl in right knee,,,,8/23/2017,
2017,Buccaneers,,jude adjei-barimah,placed on ir with knee injury,,,,8/23/2017,
2017,Chargers,,chris landrum,placed on ir with shoulder injury,,,,8/23/2017,
2017,Colts,,blake muir,placed on ir with undisclosed injury,,,,8/23/2017,
2017,Seahawks,,marcus lucas,placed on ir with ankle injury,,,,8/23/2017,
2017,Colts,,tevin mitchel,placed on ir with abdominal injury,,,,8/24/2017,
2017,Giants,,andrew turzilli,placed on ir with hamstring injury,,,,8/24/2017,
2017,Giants,,darius powe,placed on ir with hamstring injury,,,,8/24/2017,
2017,Saints,,jack allen b,placed on ir with undisclosed injury,,,,8/24/2017,
2017,Steelers,,greg ducre,placed on ir with ankle injury,,,,8/24/2017,
2017,Texans,,devin street,placed on ir with undisclosed injury,,,,8/24/2017,
2017,Steelers,,antonio crawford,placed on ir with undisclosed injury,,,,8/25/2017,
2017,Cowboys,,corey washington,placed on ir with undisclosed injury,,,,8/26/2017,
2017,Cowboys,,john lotulelei,placed on ir with forearm injury,,,,8/26/2017,
2017,Texans,,dayon pratt,placed on ir with ankle injury,,,,8/26/2017,
2017,Lions,,jordan hill,placed on ir with biceps injury,,,,8/27/2017,
2017,Buccaneers,,justin trattou,placed on ir with undisclosed injury,,,,8/28/2017,
2017,Giants,,adam gettis,placed on ir with leg/foot injury,,,,8/28/2017,
2017,Giants,,evan schwan,placed on ir with foot injury,,,,8/28/2017,
2017,Jets,,anthony johnson b 1993-01-24,placed on ir with undisclosed injury,,,,8/28/2017,
2017,Patriots,,caleb kidder,placed on ir with undisclosed injury,,,,8/28/2017,
2017,Patriots,,matt lengel,placed on ir with hip injury,,,,8/28/2017,
2017,Saints,,clay harbor,placed on ir with undisclosed injury,,,,8/28/2017,
2017,Bengals,,cedric peerman,placed on ir with shoulder injury,,,,8/29/2017,
2017,Colts,,george winn,placed on ir with undisclosed injury,,,,8/29/2017,
2017,Cowboys,,leon mcfadden,placed on ir with hamstring injury,,,,8/29/2017,
2017,Steelers,,keion adams,placed on ir with shoulder injury,,,,8/29/2017,
2017,Bears,,patrick scales,placed on ir with torn acl in knee,,,,8/30/2017,
2017,Browns,,ed reynolds ii,placed on ir with knee injury,,,,8/30/2017,
2017,Chiefs,,jr nelson,placed on ir with heel injury,,,,8/31/2017,
2017,Titans,,jeremy boykins,placed on ir with groin injury,,,,8/31/2017,
2017,Buccaneers,,davonte lambert,placed on ir with wrist injury,,,,9/1/2017,
2017,Buccaneers,,stevie tu'ikolovatu,placed on ir with right knee injury,,,,9/1/2017,
2017,Falcons,,quincy mauger,placed on ir with knee injury,,,,9/1/2017,
2017,Giants,,duke ihenacho,placed on ir with knee injury,,,,9/1/2017,
2017,Jets,,chris gragg,placed on ir with ankle injury,,,,9/1/2017,
2017,Jets,,corey lemonier,placed on ir with foot injury,,,,9/1/2017,
2017,Jets,,quincy enunwa,placed on ir with neck injury,,,,9/1/2017,
2017,Panthers,,dan france,placed on ir with concussion,,,,9/1/2017,
2017,Panthers,,david yankey,placed on ir with back injury,,,,9/1/2017,
2017,Panthers,,fred ross,placed on ir with ankle injury,,,,9/1/2017,
2017,Panthers,,scott simonson,placed on ir with back injury,,,,9/1/2017,
2017,Panthers,,teddy williams,"placed on ir with neck, shoulder injury",,,,9/1/2017,
2017,Ravens,,albert mcclellan,placed on ir with torn acl in knee,,,,9/1/2017,
2017,Ravens,,alex lewis b 1992-04-21,placed on ir with shoulder injury,,,,9/1/2017,
2017,Ravens,,kenneth dixon,placed on ir with knee injury,,,,9/1/2017,
2017,Ravens,,nico siragusa,"placed on ir with torn acl, mcl, pcl in knee",,,,9/1/2017,
2017,Ravens,,tavon young,placed on ir with torn acl in knee,,,,9/1/2017,
2017,Ravens,,tim white jahti,placed on ir with hand/thumb injury,,,,9/1/2017,
2017,Saints,,bryan braman,placed on ir with undisclosed injury,,,,9/1/2017,
2017,Saints,,corey fuller alexander,placed on ir with undisclosed injury,,,,9/1/2017,
2017,Titans,,mekale mckay,placed on ir with hamstring injury,,,,9/1/2017,
2017,49ers,,aaron burbridge,placed on ir with hamstring injury,,,,9/2/2017,
2017,49ers,,chris jones dwightstone,placed on ir with undisclosed injury,,,,9/2/2017,
2017,49ers,,don jones ii,placed on ir with torn acl in knee,,,,9/2/2017,
2017,49ers,,joe williams sterling,placed on ir with ankle injury,,,,9/2/2017,
2017,49ers,,joshua garnett,placed on ir with knee injury,,,,9/2/2017,
2017,Bears,,cameron meredith,placed on ir with torn acl in left knee,,,,9/2/2017,
2017,Bears,,chris prosinski,placed on ir with hamstring injury,,,,9/2/2017,
2017,Bears,,jordan morgan,placed on ir with shoulder injury,,,,9/2/2017,
2017,Bears,,ka'deem carey,placed on ir with fractured wrist,,,,9/2/2017,
2017,Bears,,lamarr houston,placed on ir with knee injury,,,,9/2/2017,
2017,Bengals,,mason schreck,placed on ir with sprained mcl in knee,,,,9/2/2017,
2017,Bengals,,tra carson,placed on ir with ankle injury,,,,9/2/2017,
2017,Bills,,sam barrington,placed on ir with undisclosed injury,,,,9/2/2017,
2017,Broncos,,carlos henderson b,placed on ir with thumb injury,,,,9/2/2017,
2017,Cardinals,,aaron dobson,placed on ir with hamstring injury,,,,9/2/2017,
2017,Chargers,,forrest lamp,placed on ir with torn acl in knee,,,,9/2/2017,
2017,Chiefs,,ashton lampkin,placed on ir with torn acl in knee,,,,9/2/2017,
2017,Chiefs,,spencer ware,placed on ir with torn pcl in right knee,,,,9/2/2017,
2017,Colts,,chris culliver,placed on ir with groin injury,,,,9/2/2017,
2017,Colts,,earl wolff,placed on ir with undisclosed injury,,,,9/2/2017,
2017,Colts,,edwin jackson,placed on ir with hamstring injury,,,,9/2/2017,
2017,Cowboys,,duke thomas,"placed on ir with sprained ankle, knee",,,,9/2/2017,
2017,Dolphins,,raekwon mcmillan,placed on ir with torn acl in knee,,,,9/2/2017,
2017,Dolphins,,tony lippett,placed on ir with achilles injury,,,,9/2/2017,
2017,Giants,,josh banks,placed on ir with shoulder injury,,,,9/2/2017,
2017,Giants,,mark herzlich,placed on ir with stinger in neck,,,,9/2/2017,
2017,Jaguars,,jeron johnson,placed on ir with groin injury,,,,9/2/2017,
2017,Jaguars,,mychal rivera,placed on ir with wrist injury,,,,9/2/2017,
2017,Jaguars,,rashad greene,placed on ir with back injury,,,,9/2/2017,
2017,Panthers,,brenton bersin,placed on ir with shoulder injury,,,,9/2/2017,
2017,Panthers,,chris scott b 1987-08-04,placed on ir with concussion,,,,9/2/2017,
2017,Panthers,,gino gradkowski,placed on ir with knee injury,,,,9/2/2017,
2017,Panthers,,lj mccray,placed on ir with undisclosed injury,,,,9/2/2017,
2017,Patriots,,cyrus jones,placed on ir with torn acl in right knee,,,,9/2/2017,
2017,Patriots,,derek rivers,placed on ir with torn acl in knee,,,,9/2/2017,
2017,Patriots,,julian edelman,placed on ir with torn acl in right knee,,,,9/2/2017,
2017,Raiders,,jelani jenkins,placed on ir with knee injury,,,,9/2/2017,
2017,Rams,,temarrick hemingway,placed on ir with fractured fibula in leg,,,,9/2/2017,
2017,Ravens,,brandon boykin,placed on ir with undisclosed injury,,,,9/2/2017,
2017,Redskins,,phillip taylor  phil taylor,placed on ir with quadriceps injury,,,,9/2/2017,
2017,Saints,,john phillips matthew,placed on ir with undisclosed injury,,,,9/2/2017,
2017,Seahawks,,deandre elliott,placed on ir with ankle/leg injury,,,,9/2/2017,
2017,Seahawks,,george fant,placed on ir with torn acl in knee,,,,9/2/2017,
2017,Seahawks,,marcus cromartie,placed on ir with undisclosed injury,,,,9/2/2017,
2017,Titans,,alex tanney,placed on ir with ankle injury / fractured left foot,,,,9/2/2017,
2017,Titans,,tajae sharpe,placed on ir with foot injury,,,,9/2/2017,
2017,Vikings,,datone jones,placed on ir with shoulder injury,,,,9/2/2017,
2017,49ers,,prince charles iworah,placed on ir with undisclosed injury,,,,9/3/2017,
2017,Bears,,connor shaw,placed on ir with hamstring injury,,,,9/3/2017,
2017,Bills,,jeremy butler,placed on ir with concussion,,,,9/3/2017,
2017,Bills,,michael ola,placed on ir with ankle injury,,,,9/3/2017,
2017,Browns,,brandon wilds,placed on ir with shoulder injury,,,,9/3/2017,
2017,Buccaneers,,sifo liufau  sefo liufau,placed on ir with knee injury,,,,9/3/2017,
2017,Cardinals,,ed stinson,placed on ir with hamstring injury,,,,9/3/2017,
2017,Chargers,,donavon clark,placed on ir with knee injury,,,,9/3/2017,
2017,Chargers,,isaiah burse,placed on ir with concussion,,,,9/3/2017,
2017,Chargers,,joshua perry  josh perry,placed on ir with head injury,,,,9/3/2017,
2017,Chargers,,kaleb eulls,placed on ir with undisclosed injury,,,,9/3/2017,
2017,Chargers,,kenneth farrow,placed on ir with ankle injury,,,,9/3/2017,
2017,Chiefs,,donald hawkins,placed on ir with concussion,,,,9/3/2017,
2017,Chiefs,,jacoby glenn,placed on ir with undisclosed injury,,,,9/3/2017,
2017,Colts,,josh ferguson,placed on ir with rib injury,,,,9/3/2017,
2017,Colts,,tyvis powell,placed on ir with undisclosed injury,,,,9/3/2017,
2017,Dolphins,,brandon watts,placed on ir with back injury,,,,9/3/2017,
2017,Eagles,,alex mccalister,placed on ir with hamstring injury,,,,9/3/2017,
2017,Eagles,,tre' sullivan  tre sullivan,placed on ir with undisclosed injury,,,,9/3/2017,
2017,Falcons,,josh keyes,placed on ir with undisclosed injury,,,,9/3/2017,
2017,Falcons,,josh magee,placed on ir with undisclosed injury,,,,9/3/2017,
2017,Falcons,,martin ifedi,placed on ir with ankle injury,,,,9/3/2017,
2017,Falcons,,matt simms,placed on ir with undisclosed injury,,,,9/3/2017,
2017,Jaguars,,doran grant,placed on ir with head injury,,,,9/3/2017,
2017,Jaguars,,jarrod harper,placed on ir with concussion,,,,9/3/2017,
2017,Jaguars,,marquez williams,placed on ir with undisclosed injury,,,,9/3/2017,
2017,Jaguars,,shane wynn,placed on ir with undisclosed injury,,,,9/3/2017,
2017,Jets,,lucky whitehead,placed on ir with fractured foot,,,,9/3/2017,
2017,Lions,,dez stewart,placed on ir with undisclosed injury,,,,9/3/2017,
2017,Lions,,tramain jacobs,placed on ir with undisclosed injury,,,,9/3/2017,
2017,Packers,,david talley,placed on ir with undisclosed injury,,,,9/3/2017,
2017,Packers,,joe kerridge,placed on ir with calf injury,,,,9/3/2017,
2017,Panthers,,corn elder,placed on ir with knee injury,,,,9/3/2017,
2017,Panthers,,zack sanchez,placed on ir with groin injury,,,,9/3/2017,
2017,Patriots,,dj killings,placed on ir with undisclosed injury,,,,9/3/2017,
2017,Patriots,,devin lucien,placed on ir with undisclosed injury,,,,9/3/2017,
2017,Patriots,,josh augusta,placed on ir with undisclosed injury,,,,9/3/2017,
2017,Patriots,,woodrow hamilton iv,placed on ir with leg injury,,,,9/3/2017,
2017,Raiders,,jaydon mickens,placed on ir with ankle injury,,,,9/3/2017,
2017,Rams,,josh forrest,placed on ir with knee injury,,,,9/3/2017,
2017,Rams,,kevin davis,placed on ir with undisclosed injury,,,,9/3/2017,
2017,Rams,,lenard tillery,placed on ir with undisclosed injury,,,,9/3/2017,
2017,Rams,,nelson spruce,placed on ir with undisclosed injury,,,,9/3/2017,
2017,Ravens,,brennen beyer,placed on ir with ankle injury,,,,9/3/2017,
2017,Ravens,,robertson daniel,placed on ir with undisclosed injury,,,,9/3/2017,
2017,Ravens,,stephane nembot,placed on ir with knee injury,,,,9/3/2017,
2017,Redskins,,emmanuel bibbs  ej bibbs,placed on ir with knee injury,,,,9/3/2017,
2017,Redskins,,levern jacobs,placed on ir with undisclosed injury,,,,9/3/2017,
2017,Redskins,,lynden trail,placed on ir with undisclosed injury,,,,9/3/2017,
2017,Redskins,,ron thompson jr,placed on ir with undisclosed injury,,,,9/3/2017,
2017,Redskins,,ronald patrick,placed on ir with knee injury,,,,9/3/2017,
2017,Seahawks,,christian french,placed on ir with knee injury,,,,9/3/2017,
2017,Seahawks,,demetrius mccray,placed on ir with undisclosed injury,,,,9/3/2017,
2017,Seahawks,,rodney coe,placed on ir with undisclosed injury,,,,9/3/2017,
2017,Seahawks,,tyrus thompson,placed on ir with undisclosed injury,,,,9/3/2017,
2017,Steelers,,malik golden,placed on ir with groin injury,,,,9/3/2017,
2017,Texans,,denzel rice,placed on ir with ankle injury,,,,9/3/2017,
2017,Texans,,lonnie ballentine,placed on ir with knee injury,,,,9/3/2017,
2017,Texans,,malik smith,placed on ir with undisclosed injury,,,,9/3/2017,
2017,Texans,,matthew godin  matt godin,placed on ir with torn acl in knee,,,,9/3/2017,
2017,Texans,,rashaun allen,placed on ir with undisclosed injury,,,,9/3/2017,
2017,Texans,,wendall williams b,placed on ir with collarbone injury,,,,9/3/2017,
2017,Titans,,akeem judd,placed on ir with thumb injury,,,,9/3/2017,
2017,Titans,,jimmy staten,placed on ir with undisclosed injury,,,,9/3/2017,
2017,Titans,,joe bacci,placed on ir with undisclosed injury,,,,9/3/2017,
2017,Titans,,ryan disalvo,placed on ir with concussion,,,,9/3/2017,
2017,Vikings,,rj shelton,placed on ir with foot injury,,,,9/3/2017,
2017,Vikings,,taylor heinicke,placed on ir with concussion,,,,9/3/2017,
2017,49ers,,will redmond,placed on ir with ankle injury,,,,9/3/2017,
2017,Chargers,,tyreek burwell,placed on ir with hand injury,,,,9/3/2017,
2017,Texans,,cory carter,placed on ir with hip flexor injury,,,,9/3/2017,
2017,49ers,,ronald blair,placed on ir with thumb injury,,,,9/4/2017,
2017,Bears,,deiondre' hall,placed on ir with hamstring injury,,,,9/4/2017,
2017,Bengals,,jeff driskel,placed on ir with 2 fractured fingers,,,,9/4/2017,
2017,Broncos,,shane ray,placed on ir with torn ligament in left wirst,,,,9/4/2017,
2017,Browns,,roderick johnson,placed on ir with knee injury,,,,9/4/2017,
2017,Buccaneers,,ryan griffin b 1989-11-17,placed on ir with right shoulder injury,,,,9/4/2017,
2017,Cardinals,,tj logan,placed on ir with dislocated wrist,,,,9/4/2017,
2017,Chargers,,denzel perryman,placed on ir with ankle injury,,,,9/4/2017,
2017,Chiefs,,steven nelson,placed on ir with sports hernia,,,,9/4/2017,
2017,Colts,,erik swoope,placed on ir with arthroscopic surgery on knee,,,,9/4/2017,
2017,Cowboys,,rico gathers,placed on ir with concussion,,,,9/4/2017,
2017,Dolphins,,ted larsen,placed on ir with biceps injury,,,,9/4/2017,
2017,Falcons,,laroy reynolds,placed on ir with pectoral muscle injury,,,,9/4/2017,
2017,Jets,,lorenzo mauldin,placed on ir with back injury,,,,9/4/2017,
2017,Packers,,don barclay,placed on ir with ankle injury,,,,9/4/2017,
2017,Patriots,,shea mcclellin,placed on ir with undisclosed injury,,,,9/4/2017,
2017,Ravens,,maurice canady,placed on ir with knee injury,,,,9/4/2017,
2017,Saints,,delvin breaux,placed on ir with fractured fibula in leg,,,,9/4/2017,
2017,Steelers,,cameron sutton  cam sutton,placed on ir with hamstring injury,,,,9/4/2017,
2017,Titans,,harry douglas,placed on ir with knee injury,,,,9/4/2017,
2017,Vikings,,temuchin hodges  bucky hodges,placed on ir with head injury / concussion,,,,9/4/2017,
2017,Bills,,taylor yates  tj yates,placed on ir with concussion,,,,9/5/2017,
2017,Raiders,,denver kirkland,placed on ir with leg injury,,,,9/5/2017,
2017,Raiders,,obi melifonwu,placed on ir with surgery on knee,,,,9/5/2017,
2017,Steelers,,jordan dangerfield,placed on ir with ankle injury,,,,9/5/2017,
2017,Patriots,,malcolm mitchell,placed on ir with knee injury,,,,9/7/2017,
2017,Jaguars,,dede westbrook,placed on ir with core muscle injury,,,,9/8/2017,
2017,Chiefs,,eric berry,placed on ir with torn left achilles tendon,,,,9/9/2017,
2017,Raiders,,sebastian janikowski,placed on ir with back injury,,,,9/9/2017,
2017,Bears,,jerrell freeman,"placed on ir with pectoral muscle injury, concussion",,,,9/12/2017,
2017,Bears,,kevin white romone,placed on ir with fractured scapula in shoulder,,,,9/12/2017,
2017,Cardinals,,david johnson jerome,placed on ir with wrist injury (surgery),,,,9/12/2017,
2017,Eagles,,caleb sturgis,placed on ir with hip injury,,,,9/12/2017,
2017,Jaguars,,allen robinson ii,placed on ir with torn acl in left knee,,,,9/12/2017,
2017,Lions,,corey robinson b,placed on ir with foot injury,,,,9/12/2017,
2017,Lions,,kasey redfern,"placed on ir with torn acl, mcl in right knee",,,,9/12/2017,
2017,Texans,,cj fiedorowicz,placed on ir with concussion,,,,9/12/2017,
2017,Colts,,denzelle good,placed on ir with wrist injury,,,,9/13/2017,
2017,Panthers,,cole luke,placed on ir with ankle injury,,,,9/14/2017,
2017,Ravens,,danny woodhead,placed on ir with hamstring injury,,,,9/14/2017,
2017,Broncos,,jared crick,placed on ir with back injury (surgery),,,,9/15/2017,
2017,Eagles,,donnel pumphrey  dj pumphrey,placed on ir with hamstring injury,,,,9/15/2017,
2017,Ravens,,sheldon price,placed on ir with concussion,,,,9/16/2017,
2017,Jaguars,,calvin pryor,placed on ir with ankle injury,,,,9/18/2017,
2017,Jets,,edmond robinson,placed on ir with groin injury,,,,9/18/2017,
2017,Browns,,corey coleman,placed on ir with fractured right hand,,,,9/19/2017,
2017,Jaguars,,benjamin michael bennett,placed on ir with pectoral muscle injury,,,,9/19/2017,
2017,Panthers,,greg olsen,placed on ir with fractured right foot,,,,9/19/2017,
2017,Ravens,,bam bradley,placed on ir with torn acl in knee,,,,9/19/2017,
2017,Ravens,,marshal yanda,placed on ir with left ankle injury,,,,9/19/2017,
2017,Saints,,mitchell loewen,placed on ir with ankle injury,,,,9/20/2017,
2017,Titans,,aaron wallace b,placed on ir with back injury,,,,9/20/2017,
2017,Packers,,jason spriggs,placed on ir with hamstring injury,,,,9/21/2017,
2017,Patriots,,vincent valentine,placed on ir with knee injury,,,,9/22/2017,
2017,Chargers,,jason verrett,placed on ir with left knee injury,,,,9/23/2017,
2017,49ers,,cornellius carradine  tank carradine,placed on ir with high ankle sprain,,,,9/25/2017,
2017,Eagles,,darren sproles,"placed on ir with torn acl in left knee, fractured right arm",,,,9/25/2017,
2017,Packers,,brett goode,placed on ir with hamstring injury,,,,9/25/2017,
2017,Chiefs,,cairo santos,placed on ir with groin injury,,,,9/26/2017,
2017,Lions,,joe dahl,placed on ir with lower leg injury,,,,9/26/2017,
2017,Packers,,kyle murphy neil,placed on ir with foot injury,,,,9/26/2017,
2017,Jets,,charone peake,placed on ir with ankle injury,,,,9/27/2017,
2017,Ravens,,brent urban,placed on ir with lisfranc injury in foot,,,,9/27/2017,
2017,Saints,,david parry,placed on ir with ankle/leg injury,,,,9/27/2017,
2017,Seahawks,,dewey mcdonald,placed on ir with torn acl in knee,,,,9/27/2017,
2017,Giants,,jt thomas iii,placed on ir with groin injury,,,,9/28/2017,
2017,Saints,,john kuhn,placed on ir with biceps injury,,,,9/28/2017,
2017,Bears,,quintin demps,placed on ir with fractured left forearm,,,,9/29/2017,
2017,Cardinals,,mike iupati,placed on ir with triceps injury,,,,9/30/2017,
2017,Lions,,zac kerin,placed on ir with knee injury,,,,9/30/2017,
2017,Panthers,,jeremy cash,placed on ir with calf injury,,,,9/30/2017,
2017,Cardinals,,markus golden,placed on ir with knee injury,,,,10/2/2017,
2017,Seahawks,,chris carson,"placed on ir with fractured leg, high ankle sprain",,,,10/2/2017,
2017,Bills,,colt anderson,placed on ir with forearm injury,,,,10/3/2017,
2017,Browns,,dominique alexander,placed on ir with knee injury,,,,10/3/2017,
2017,Colts,,deyshawn bond,placed on ir with quadriceps injury,,,,10/3/2017,
2017,Dolphins,,eric smith maurice,placed on ir with knee injury,,,,10/3/2017,
2017,Falcons,,jack crawford,placed on ir with biceps injury,,,,10/3/2017,
2017,Panthers,,damiere byrd,placed on ir with fractured forearm,,,,10/3/2017,
2017,Saints,,zach strief,placed on ir with right knee injury,,,,10/3/2017,
2017,Jets,,dylan donahue,placed on ir with elbow injury,,,,10/4/2017,
2017,Saints,,alex anzalone,placed on ir with shoulder injury,,,,10/4/2017,
2017,Texans,,tyler ervin,placed on ir with knee injury,,,,10/4/2017,
2017,Browns,,jordan leslie,placed on ir with hamstring injury,,,,10/5/2017,
2017,Cowboys,,charles tapper,placed on ir with fractured right foot,,,,10/5/2017,
2017,Vikings,,dalvin cook,placed on ir with torn acl in left knee,,,,10/5/2017,
2017,Panthers,,daeshon hall,placed on ir with knee injury,,,,10/6/2017,
2017,Buccaneers,,nick folk,placed on ir with undisclosed injury,,,,10/9/2017,
2017,Giants,,dwayne harris,placed on ir with fractured foot,,,,10/9/2017,
2017,Giants,,odell beckham jr,placed on ir with fractured left ankle,,,,10/9/2017,
2017,Bears,,willie young james,placed on ir with triceps injury,,,,10/10/2017,
2017,Cardinals,,aaron brewer b 1990-07-05,placed on ir with wrist injury,,,,10/10/2017,
2017,Colts,,krishawn hogan,placed on ir with knee injury,,,,10/10/2017,
2017,Giants,,brandon marshall tyrone,placed on ir with surgery on left ankle,,,,10/10/2017,
2017,49ers,,asa jackson,placed on ir with hamstring injury,,,,10/11/2017,
2017,Lions,,haloti ngata,placed on ir with biceps injury,,,,10/11/2017,
2017,Texans,,jj watt,placed on ir with fractured tibia in left leg,,,,10/11/2017,
2017,Texans,,whitney mercilus,placed on ir with torn pectoral muscle,,,,10/11/2017,
2017,Bengals,,tyler eifert,placed on ir with back injury,,,,10/12/2017,
2017,Cowboys,,stephen paea,placed on ir with knee injury,,,,10/13/2017,
2017,Chiefs,,chris conley,placed on ir with ruptured left achilles tendon,,,,10/14/2017,
2017,Colts,,jack mewhort,placed on ir with knee injury,,,,10/14/2017,
2017,Raiders,,antonio hamilton,placed on ir with knee injury,,,,10/14/2017,
2017,Packers,,quinten rollins,placed on ir with achilles injury,,,,10/16/2017,
2017,Broncos,,billy turner,placed on ir with hand injury,,,,10/17/2017,
2017,Giants,,romeo okwara,placed on ir with knee injury,,,,10/17/2017,
2017,Saints,,nathan stupar  nate stupar,placed on ir with torn acl in knee,,,,10/17/2017,
2017,49ers,,arik armstead,placed on ir with fractured hand,,,,10/18/2017,
2017,Giants,,michael hunter,placed on ir with hamstring injury,,,,10/18/2017,
2017,Redskins,,dustin hopkins,placed on ir with strained muscle in right hip,,,,10/18/2017,
2017,Redskins,,jonathan allen,placed on ir with lisfranc sprain in left foot,,,,10/19/2017,
2017,Colts,,robert turbin,placed on ir with elbow injury,,,,10/20/2017,
2017,Eagles,,chris maragos,placed on ir with knee injury,,,,10/20/2017,
2017,Packers,,aaron rodgers,placed on ir with fractured right collarbone,,,,10/20/2017,
2017,Seahawks,,cliff avril,placed on ir with neck injury,,,,10/20/2017,
2017,Broncos,,corey nelson,placed on ir with elbow injury,,,,10/21/2017,
2017,Packers,,joe thomas lewis,placed on ir with torn left triceps,,,,10/23/2017,
2017,Chargers,,matt slauson,placed on ir with biceps injury,,,,10/24/2017,
2017,Colts,,malik hooker,"placed on ir with torn acl, mcl in knee",,,,10/24/2017,
2017,Panthers,,demetrious cox,placed on ir with ankle injury,,,,10/24/2017,
2017,Buccaneers,,noah spence,placed on ir with shoulder injury,,,,10/25/2017,
2017,Jets,,xavier coleman,placed on ir with shoulder injury,,,,10/25/2017,
2017,Cardinals,,carson palmer,placed on ir with fractured left arm,,,,10/26/2017,
2017,Eagles,,jason peters,"placed on ir with torn acl, mcl in knee",,,,10/26/2017,
2017,Redskins,,mason foster,placed on ir with torn labrum in right shoulder,,,,10/28/2017,
2017,49ers,,garry gilliam,placed on ir,,,,10/30/2017,
2017,Dolphins,,anthony steen,placed on ir with left foot injury,,,,10/31/2017,
2017,Dolphins,,nate allen b,placed on ir with calf injury,,,,10/31/2017,
2017,Eagles,,achilles tendon injury out,placed on ir with achilles tendon injury,,,,10/31/2017,
2017,Eagles,,jordan hicks b 1992-06-27,placed on ir with ruptured right achilles tendon,,,,10/31/2017,
2017,Falcons,,jordan tripp  jordie tripp,placed on ir with concussion,,,,10/31/2017,
2017,Giants,,nordly capi  cap capi,placed on ir with hamstring injury,,,,10/31/2017,
2017,Jets,,jordan leggett,placed on ir with knee injury,,,,10/31/2017,
2017,Lions,,tim lelito,placed on ir with thigh injury,,,,10/31/2017,
2017,Texans,,christian covington,placed on ir with torn biceps,,,,10/31/2017,
2017,49ers,,jimmie ward,placed on ir with fractured forearm,,,,11/1/2017,
2017,Redskins,,stefan mcclure,placed on ir with hamstring injury,,,,11/1/2017,
2017,Colts,,andrew luck,placed on ir with right shoulder injury,,,,11/2/2017,
2017,Packers,,kentrell brice,placed on ir with ankle injury,,,,11/3/2017,
2017,Packers,,taybor pepper,placed on ir with fractured foot,,,,11/3/2017,
2017,Rams,,cody davis,placed on ir with thigh injury,,,,11/3/2017,
2017,Texans,,deshaun watson,placed on ir with torn acl in right knee,,,,11/3/2017,
2017,49ers,,pierre garcon,placed on ir with neck injury,,,,11/4/2017,
2017,Bills,,taiwan jones asti eric,placed on ir with fractured right arm,,,,11/4/2017,
2017,Giants,,weston richburg,placed on ir with concussion,,,,11/4/2017,
2017,Cardinals,,daniel munyer,placed on ir with toe injury,,,,11/6/2017,
2017,Raiders,,demetrius mccray,placed on ir with knee injury,,,,11/6/2017,
2017,Ravens,,chris matthews,placed on ir with thigh injury,,,,11/6/2017,
2017,49ers,,cole hikutini,placed on ir with knee injury,,,,11/7/2017,
2017,49ers,,garry gilliam,placed on ir with knee injury,,,,11/7/2017,
2017,49ers,,jaquiski tartt,placed on ir with fractured arm,,,,11/7/2017,
2017,Bears,,zach miller scott,placed on ir with dislocated left knee,,,,11/7/2017,
2017,Colts,,quan bray,placed on ir with undisclosed injury,,,,11/7/2017,
2017,Giants,,nigel harris,placed on ir with rib injury,,,,11/7/2017,
2017,Patriots,,dont'a hightower,placed on ir with torn pectoral muscle,,,,11/7/2017,
2017,Seahawks,,tre madden,placed on ir with calf injury,,,,11/7/2017,
2017,Broncos,,menelik watson,placed on ir with calf/foot injury,,,,11/8/2017,
2017,Browns,,reggie porter,placed on ir with achilles injury,,,,11/8/2017,
2017,Cowboys,,brian price keith,placed on ir with surgery on knee,,,,11/8/2017,
2017,Seahawks,,rees odhiambo,placed on ir with finger injury,,,,11/8/2017,
2017,Vikings,,sam bradford,placed on ir with knee injury,,,,11/8/2017,
2017,Colts,,henry anderson wyatt,placed on ir with laryngeal fracture,,,,11/9/2017,
2017,Browns,,ibraheim campbell,placed on ir with hamstring injury,,,,11/10/2017,
2017,Cardinals,,dj humphries,placed on ir with knee injury,,,,11/10/2017,
2017,Cardinals,,ifeanyi momah,placed on ir with fractured ankle/leg,,,,11/10/2017,
2017,Cardinals,,tyvon branch,placed on ir with torn acl in knee,,,,11/10/2017,
2017,Texans,,ryan griffin francis,placed on ir with concussion,,,,11/10/2017,
2017,Bengals,,jeremy hill,placed on ir with ankle injury,,,,11/11/2017,
2017,Dolphins,,ja'wuan james,placed on ir with groin / hamstring injury,,,,11/11/2017,
2017,Redskins,,arthur jones,placed on ir with shoulder injury,,,,11/11/2017,
2017,Browns,,jamie collins,placed on ir with torn mcl in right knee,,,,11/13/2017,
2017,Jets,,ed stinson,placed on ir with neck injury,,,,11/13/2017,
2017,Lions,,greg robinson b 1992-10-21,placed on ir with ankle injury,,,,11/13/2017,
2017,Raiders,,gareon conley,placed on ir with shin injury,,,,11/13/2017,
2017,Giants,,keenan robinson,placed on ir with quadriceps injury,,,,11/14/2017,
2017,Jaguars,,matt overton,placed on ir with shoulder injury,,,,11/14/2017,
2017,Redskins,,rob kelley,"placed on ir with sprained mcl in knee, ankle injury",,,,11/14/2017,
2017,Redskins,,will compton,placed on ir with lisfranc sprain in foot,,,,11/14/2017,
2017,Saints,,daniel lasco,placed on ir with bulging disc in back,,,,11/14/2017,
2017,Seahawks,,cj prosise,placed on ir with ankle injury,,,,11/14/2017,
2017,Seahawks,,richard sherman,placed on ir with torn achilles tendon,,,,11/14/2017,
2017,Redskins,,tj clemmings,placed on ir with ankle injury,,,,11/16/2017,
2017,Jaguars,,arrelious benn,placed on ir with knee injury,,,,11/18/2017,
2017,Packers,,bryan bulaga,placed on ir with torn acl in knee,,,,11/18/2017,
2017,Broncos,,aj derby,placed on ir with shoulder injury,,,,11/20/2017,
2017,Browns,,emmanuel ogbah,placed on ir with fractured right foot,,,,11/21/2017,
2017,Browns,,jamie meder,placed on ir with high ankle sprain,,,,11/21/2017,
2017,Redskins,,chris thompson b 1990-10-20,placed on ir with fractured fibula in right leg,,,,11/21/2017,
2017,Redskins,,shawn lauvao,placed on ir with stinger in neck,,,,11/21/2017,
2017,Redskins,,spencer long,placed on ir with knee/quadriceps injury,,,,11/21/2017,
2017,Redskins,,terrelle pryor,placed on ir with ankle injury (surgery),,,,11/21/2017,
2017,Saints,,alex okafor,placed on ir with torn achilles tendon,,,,11/21/2017,
2017,Texans,,d'onta foreman,placed on ir with ruptured left achilles tendon,,,,11/22/2017,
2017,Giants,,kevin norwood,placed on ir with hip injury,,,,11/22/2017,
2017,Bears,,leonard floyd cornilus,placed on ir with right knee injury,,,,11/23/2017,
2017,Panthers,,curtis samuel,placed on ir with fractured left ankle,,,,11/24/2017,
2017,Giants,,curtis grant,placed on ir with knee injury,,,,11/27/2017,
2017,Giants,,dj fluker,placed on ir with toe injury,,,,11/27/2017,
2017,Giants,,deontae skinner,placed on ir with hamstring injury,,,,11/27/2017,
2017,Giants,,donte' deayon  dont'e deayon  donte deayon,placed on ir with forearm injury,,,,11/27/2017,
2017,Lions,,tavon wilson,placed on ir with shoulder injury,,,,11/27/2017,
2017,Patriots,,martellus bennett,"placed on ir with hamstring, shoulder injury",,,,11/27/2017,
2017,Patriots,,nate ebner,placed on ir with knee / shoulder injury,,,,11/27/2017,
2017,Dolphins,,william hayes quintin,placed on ir with back injury,,,,11/28/2017,
2017,49ers,,erik magnuson,placed on ir with foot injury,,,,11/29/2017,
2017,49ers,,raheem mostert,placed on ir with knee injury / shoulder injury,,,,11/29/2017,
2017,Buccaneers,,ali marpet,placed on ir with knee injury,,,,11/29/2017,
2017,Buccaneers,,demar dotson,placed on ir with knee injury,,,,11/29/2017,
2017,Giants,,janoris jenkins,placed on ir with ankle injury,,,,11/29/2017,
2017,Texans,,ben heeney,placed on ir with hamstring injury,,,,11/29/2017,
2017,Texans,,chris clark,placed on ir with ankle injury,,,,11/29/2017,
2017,Packers,,ty montgomery,placed on ir with wrist injury / ribs injury,,,,12/1/2017,
2017,Bears,,isaiah irving,placed on ir with knee injury,,,,12/2/2017,
2017,Chargers,,nick novak,placed on ir with back injury,,,,12/2/2017,
2017,Panthers,,john theus,placed on ir with illness,,,,12/2/2017,
2017,Saints,,coby fleener,placed on ir with concussion,,,,12/2/2017,
2017,Seahawks,,josh forrest,placed on ir with foot injury,,,,12/2/2017,
2017,Texans,,brennan scarlett,placed on ir with foot injury,,,,12/4/2017,
2017,Titans,,daquan jones,placed on ir with biceps injury,,,,12/4/2017,
2017,Bears,,cairo santos,placed on ir with groin/hamstring injury,,,,12/5/2017,
2017,Bills,,jordan matthews,placed on ir with knee injury,,,,12/5/2017,
2017,Bills,,shaq lawson,placed on ir with ankle injury,,,,12/5/2017,
2017,Broncos,,derek wolfe,placed on ir with neck injury,,,,12/5/2017,
2017,Colts,,pierre desir,placed on ir with torn pectoral muscle,,,,12/5/2017,
2017,Ravens,,jimmy smith b,placed on ir with torn left achilles tendon,,,,12/5/2017,
2017,Texans,,bruce ellington,placed on ir with hamstring injury,,,,12/5/2017,
2017,Texans,,cj fiedorowicz,placed on ir with concussion,,,,12/5/2017,
2017,Bears,,kyle long,placed on ir with shoulder injury,,,,12/6/2017,
2017,Bears,,mitch unrein,placed on ir with knee injury,,,,12/6/2017,
2017,Bengals,,john ross iii,placed on ir with shoulder injury,,,,12/6/2017,
2017,Colts,,john simon b 1990-10-14,placed on ir with shoulder injury,,,,12/6/2017,
2017,Giants,,jonathan casillas,"placed on ir with neck, wrist injuries",,,,12/6/2017,
2017,Packers,,kevin king,placed on ir with shoulder injury,,,,12/6/2017,
2017,Panthers,,jared norris,placed on ir with calf injury,,,,12/6/2017,
2017,Cardinals,,johnathan ford  rudy ford,placed on ir with knee injury,,,,12/7/2017,
2017,Chiefs,,dee ford,placed on ir with back injury,,,,12/8/2017,
2017,Bengals,,adam jones  pacman jones,placed on ir with groin injury,,,,12/9/2017,
2017,Chiefs,,steven terrell,placed on ir with undisclosed,,,,12/11/2017,
2017,Giants,,darius powe,placed on ir with fractured right foot,,,,12/11/2017,
2017,Broncos,,ronald leary  ron leary,placed on ir with back injury,,,,12/12/2017,
2017,Cardinals,,jared veldheer,placed on ir with ankle injury,,,,12/12/2017,
2017,Chargers,,andre williams,placed on ir with wrist injury,,,,12/12/2017,
2017,Eagles,,carson wentz,placed on ir with torn acl in left knee,,,,12/12/2017,
2017,Rams,,kayvon webster,placed on ir with achilles / ankle injury,,,,12/12/2017,
2017,Redskins,,byron marshall,placed on ir with hamstring injury,,,,12/12/2017,
2017,Redskins,,chris carter darnell,placed on ir with fractured fibula in right leg,,,,12/12/2017,
2017,Redskins,,jordan reed,placed on ir with hamstring injury,,,,12/12/2017,
2017,Steelers,,ryan shazier,placed on ir with spinal injury,,,,12/12/2017,
2017,49ers,,victor bolden jr,placed on ir with ankle injury,,,,12/13/2017,
2017,Broncos,,justin simmons,placed on ir with ankle injury,,,,12/13/2017,
2017,Jets,,josh mccown,placed on ir with fractured left hand,,,,12/13/2017,
2017,Patriots,,marcus cannon,placed on ir with ankle injury,,,,12/13/2017,
2017,Raiders,,cory james,placed on ir with knee injury,,,,12/13/2017,
2017,Seahawks,,oday aboushi,placed on ir with shoulder injury,,,,12/13/2017,
2017,Giants,,justin pugh,placed on ir with back injury,,,,12/14/2017,
2017,Bengals,,kevin minter,placed on ir with hamstring injury,,,,12/15/2017,
2017,Bills,,cordy glenn,placed on ir with foot injury,,,,12/15/2017,
2017,Broncos,,trevor siemian,placed on ir with left shoulder injury,,,,12/15/2017,
2017,Cardinals,,adrian peterson lewis,placed on ir with neck injury,,,,12/15/2017,
2017,Chiefs,,mitch morse,placed on ir with foot injury,,,,12/15/2017,
2017,Raiders,,obi melifonwu,placed on ir with surgery on hip,,,,12/15/2017,
2017,Vikings,,blake bell,placed on ir with shoulder injury,,,,12/15/2017,
2017,49ers,,trent brown,placed on ir with shoulder injury,,,,12/16/2017,
2017,Bengals,,tj johnson,placed on ir with pectoral muscle injury,,,,12/16/2017,
2017,Seahawks,,kam chancellor,placed on ir with neck injury,,,,12/16/2017,
2017,Colts,,jonathan bostic  jon bostic b,placed on ir with right knee injury,,,,12/18/2017,
2017,Colts,,ryan kelly,placed on ir with concussion,,,,12/18/2017,
2017,Broncos,,shane ray,placed on ir with left wrist injury,,,,12/19/2017,
2017,Browns,,derrick kindred,placed on ir with wrist injury,,,,12/19/2017,
2017,Cardinals,,brittan golden,placed on ir with fractured arm,,,,12/19/2017,
2017,Chargers,,hunter henry,placed on ir with lacerated kidney,,,,12/19/2017,
2017,Lions,,tj jones,placed on ir with shoulder injury,,,,12/19/2017,
2017,Packers,,aaron rodgers,placed on ir recovering from fractured right collarbone,,,,12/19/2017,
2017,Redskins,,montae nicholson,placed on ir with concussion,,,,12/19/2017,
2017,Saints,,aj klein,placed on ir with groin injury,,,,12/19/2017,
2017,Steelers,,james conner,placed on ir with knee injury,,,,12/19/2017,
2017,Texans,,dj reader,placed on ir with knee injury,,,,12/19/2017,
2017,Texans,,mycole pruitt,placed on ir with calf injury,,,,12/19/2017,
2017,Texans,,nick martin jacob,placed on ir with ankle injury,,,,12/19/2017,
2017,Bears,,pernell mcphee,placed on ir with shoulder injury,,,,12/20/2017,
2017,Bengals,,andre smith dewayne,placed on ir with knee injury,,,,12/20/2017,
2017,Buccaneers,,adarius glanton,placed on ir with fractured lower leg,,,,12/20/2017,
2017,Buccaneers,,adarius taylor,placed on ir,,,,12/20/2017,
2017,Buccaneers,,jr sweezy,placed on ir with lower leg injury,,,,12/20/2017,
2017,Buccaneers,,justin evans b 1995-08-26,placed on ir with ankle injury,,,,12/20/2017,
2017,Buccaneers,,oj howard,placed on ir with right ankle injury,,,,12/20/2017,
2017,Buccaneers,,vernon hargreaves iii,placed on ir with hamstring injury,,,,12/20/2017,
2017,Dolphins,,jermon bushrod,placed on ir with foot injury,,,,12/20/2017,
2017,Dolphins,,julius thomas,placed on ir with foot injury,,,,12/20/2017,
2017,Rams,,brandon allen,placed on ir with back injury,,,,12/20/2017,
2017,Rams,,greg zuerlein,placed on ir with herniated disc in back,,,,12/21/2017,
2017,Saints,,kenny vaccaro,placed on ir with groin injury,,,,12/21/2017,
2017,Bengals,,nick vigil,placed on ir with back injury,,,,12/22/2017,
2017,Colts,,brandon williams darnell,placed on ir with concussion,,,,12/22/2017,
2017,Packers,,demetri goodson,placed on ir with hamstring injury,,,,12/22/2017,
2017,Raiders,,donald penn,placed on ir with right foot injury,,,,12/22/2017,
2017,Raiders,,jon feliciano,placed on ir with concussion,,,,12/22/2017,
2017,Redskins,,trent williams,placed on ir with knee injury,,,,12/22/2017,
2017,Titans,,leshaun sims,placed on ir with hamstring injury,,,,12/22/2017,
2017,Bears,,chris prosinski,placed on ir with concussion,,,,12/23/2017,
2017,Raiders,,clive walford,placed on ir with concussion,,,,12/23/2017,
2017,Redskins,,leshun daniels jr,placed on ir with fractured hand,,,,12/23/2017,
2017,Texans,,tom savage,placed on ir with concussion,,,,12/23/2017,
2017,Jaguars,,larry pinkard,placed on ir with concussion,,,,12/23/2017,
2017,Bills,,andre holmes,placed on ir with neck injury,,,,12/26/2017,
2017,Bills,,travaris cadet,placed on ir with dislocated ankle,,,,12/26/2017,
2017,Cardinals,,antoine bethea,placed on ir with pectoral muscle injury,,,,12/26/2017,
2017,Giants,,landon collins,placed on ir with fractured right forearm,,,,12/26/2017,
2017,Jaguars,,jaelen strong,placed on ir with torn acl in left knee,,,,12/26/2017,
2017,Lions,,don barclay,placed on ir with concussion,,,,12/26/2017,
2017,Packers,,jason spriggs,placed on ir with left knee injury,,,,12/26/2017,
2017,Panthers,,damiere byrd,placed on ir with leg injury,,,,12/26/2017,
2017,Ravens,,jaylen hill,"placed on ir with torn acl, mcl in knee",,,,12/26/2017,
2017,Vikings,,nick easton,placed on ir with fractured right ankle,,,,12/26/2017,
2017,Colts,,rashaan melvin,placed on ir with hand injury,,,,12/27/2017,
2017,Giants,,bj goodson,placed on ir with ankle injury,,,,12/27/2017,
2017,Jets,,brian winters,placed on ir with abdominal injury,,,,12/27/2017,
2017,Saints,,john hughes iii,placed on ir with elbow injury,,,,12/27/2017,
2017,Texans,,corey moore b 1993-01-28,placed on ir with sprained mcl in knee,,,,12/27/2017,
2017,Dolphins,,vincent taylor,placed on ir with knee injury,,,,12/28/2017,
2017,Rams,,marqui christian,placed on ir with shoulder injury,,,,12/28/2017,
2017,Saints,,hau'oli kikaha,placed on ir with ankle injury,,,,12/28/2017,
2017,Cowboys,,orlando scandrick,placed on ir with back injury,,,,12/29/2017,
2017,Cowboys,,tyron smith,placed on ir with right knee injury,,,,12/29/2017,
2017,Dolphins,,michael thomas b 1990-03-17,placed on ir with knee injury,,,,12/29/2017,
2017,Eagles,,joe walker b 1992-12-11,placed on ir with neck injury,,,,12/29/2017,
2017,Lions,,travis swanson,placed on ir with concussion,,,,12/29/2017,
2017,Rams,,matt longacre,placed on ir with back injury,,,,12/29/2017,
2017,Giants,,tavarres king,placed on ir with concussion,,,,12/30/2017,
2017,Jets,,akeem judd,placed on ir with ankle injury,,,,12/30/2017,
2017,Jets,,matt forte,placed on ir with knee injury,,,,12/30/2017,
2017,Packers,,nick perry joel,"placed on ir with ankle, shoulder injury",,,,12/30/2017,
2017,Seahawks,,nazair jones,placed on ir with ankle/foot injury,,,,12/30/2017,
2017,Vikings,,kevin mcdermott,placed on ir with shoulder injury,,,,12/30/2017,
2017,Chiefs,,akeem hunt,placed on ir with ankle injury,,,,1/2/2018,
2017,Chiefs,,de'anthony thomas,placed on ir with fractured tibia,,,,1/2/2018,
2017,Falcons,,andy levitre,placed on ir with triceps injury,,,,1/2/2018,
2017,Panthers,,chris manhertz,placed on ir with ankle injury,,,,1/2/2018,
2017,Chiefs,,phillip gaines,placed on ir with dislocated elbow,,,,1/3/2018,
2017,Saints,,garrett griffin,placed on ir with foot injury,,,,1/3/2018,
2017,Saints,,andrus peat,placed on ir with fractured fibula in leg,,,,1/10/2018,
2017,Saints,,tony mcdaniel,placed on ir with leg injury,,,,1/10/2018,
2017,Patriots,,jonathan jones,placed on ir with ankle injury,,,,1/17/2018,
2017,Giants,,bobby hart,placed on ir with ankle injury,,,,2/5/2018,
2018,Eagles,,elie bouka,placed on ir with undisclosed injury,,,,5/1/2018,
2018,Cardinals,,gabe martin,placed on ir with achilles injury,,,,5/2/2018,
2018,Colts,,johnathan calvin,placed on ir with undisclosed injury,,,,5/2/2018,
2018,Ravens,,steven moore,placed on ir with undisclosed injury,,,,5/7/2018,
2018,Saints,,john theus,placed on ir with undisclosed injury,,,,5/8/2018,
2018,Panthers,,foswhitt whittaker  fozzy whittaker,placed on ir with torn acl in right knee,,,,5/10/2018,
2018,Bills,,aaron green,placed on ir with undisclosed injury,,,,5/15/2018,
2018,Lions,,brandon barnes b 1994-05-31,placed on ir with undisclosed injury,,,,5/15/2018,
2018,Rams,,carlos thompson,placed on ir with undisclosed injury,,,,5/16/2018,
2018,Titans,,antwaun woods,placed on ir with undisclosed injury,,,,5/18/2018,
2018,Colts,,kolby listenbee,placed on ir with undisclosed injury,,,,5/21/2018,
2018,Redskins,,arie kouandjio,placed on ir with quadriceps injury,,,,5/23/2018,
2018,Colts,,michael cirino,placed on ir with undisclosed injury,,,,5/30/2018,
2018,Jaguars,,zach conque,placed on ir with undisclosed injury,,,,5/31/2018,
2018,Steelers,,jake mcgee,placed on ir with achilles injury / knee injury,,,,6/4/2018,
2018,Steelers,,jerald hawkins,placed on ir with torn quadriceps,,,,6/4/2018,
2018,Jets,,claude pelon,placed on ir with undisclosed injury,,,,6/6/2018,
2018,Jaguars,,tevaun smith,placed on ir with undisclosed injury,,,,6/7/2018,
2018,Bears,,shaq roland,placed on ir with undisclosed injury,,,,6/11/2018,
2018,Broncos,,deiontrez mount,placed on ir with achilles injury,,,,6/12/2018,
2018,Cardinals,,jonathan owens,placed on ir with knee injury,,,,6/12/2018,
2018,Browns,,howard wilson,placed on ir with torn patellar tendon in left knee,,,,6/13/2018,
2018,Eagles,,paul worrilow,placed on ir with torn acl in right knee,,,,6/13/2018,
2018,Giants,,aaron davis,placed on ir with undisclosed injury,,,,6/13/2018,
2018,Chiefs,,jd moore,placed on ir with undisclosed injury,,,,6/15/2018,
2018,Buccaneers,,maurice fleming  reese fleming,placed on ir with undisclosed injury,,,,6/18/2018,
2018,Jaguars,,michael hughes  mike hughes jr,placed on ir with undisclosed injury,,,,6/18/2018,
2018,Vikings,,hercules mata'afa,placed on ir with torn acl in knee,,,,6/20/2018,
2018,Jaguars,,sean hickey,placed on ir with undisclosed injury,,,,7/24/2018,
2018,Lions,,nick bawden,placed on ir with torn acl in right knee,,,,7/24/2018,
2018,Patriots,,david jones f,placed on ir with undisclosed injury,,,,7/24/2018,
2018,Browns,,ricardo louis,placed on ir with neck injury,,,,7/26/2018,
2018,Cardinals,,praise martin-oguike,placed on ir with undisclosed injury,,,,7/27/2018,
2018,Steelers,,trey johnson,placed on ir with shoulder injury,,,,7/27/2018,
2018,Giants,,sam beal,placed on ir with shoulder injury,,,,7/29/2018,
2018,Colts,,jared machorro,placed on ir with undisclosed injury,,,,7/31/2018,
2018,Cowboys,,cedrick wilson jr  ced wilson,placed on ir with shoulder injury,,,,7/31/2018,
2018,Jaguars,,kapron lewis-moore,placed on ir with undisclosed injury,,,,7/31/2018,
2018,Rams,,aaron lacombe,placed on ir with undisclosed injury,,,,7/31/2018,
2018,Titans,,tye smith,placed on ir with undisclosed injury,,,,7/31/2018,
2018,Jaguars,,brandon thomas,placed on ir with knee injury,,,,8/1/2018,
2018,Panthers,,ross cockrell,placed on ir with fractured tibia/fibula in left leg,,,,8/1/2018,
2018,Patriots,,shane wimann,placed on ir with undisclosed injury,,,,8/1/2018,
2018,Patriots,,jordan matthews,placed on ir with right hamstring injury,,,,8/1/2018,
2018,Chargers,,austin roberts,placed on ir with knee injury,,,,8/2/2018,
2018,Chargers,,jason verrett,placed on ir with torn achilles tendon,,,,8/2/2018,
2018,Saints,,eldridge massington,placed on ir with undisclosed injury,,,,8/2/2018,
2018,Saints,,josh smith b 1994-03-24,placed on ir with undisclosed injury,,,,8/2/2018,
2018,Saints,,travin dural,placed on ir with fractured arm,,,,8/2/2018,
2018,Seahawks,,avery young b 1992-11-12,placed on ir with undisclosed injury,,,,8/2/2018,
2018,Buccaneers,,dalton crossan,placed on ir with undisclosed injury,,,,8/3/2018,
2018,Cardinals,,bryson albright,placed on ir with undisclosed injury,,,,8/3/2018,
2018,Patriots,,nate theaker,placed on ir with undisclosed injury,,,,8/3/2018,
2018,Steelers,,ryan malleck,placed on ir with undisclosed injury,,,,8/3/2018,
2018,Titans,,johnathan cyprien,placed on ir with torn acl in left knee,,,,8/3/2018,
2018,Bengals,,rod taylor b 1994-10-26,placed on ir with knee injury,,,,8/4/2018,
2018,Broncos,,kenny bell,placed on ir with hamstring injury,,,,8/4/2018,
2018,Jaguars,,kaleb eulls,placed on ir with undisclosed injury,,,,8/4/2018,
2018,Jets,,shaneil jenkins,placed on ir with undisclosed injury,,,,8/4/2018,
2018,Lions,,deontez alexander,placed on ir with undisclosed injury,,,,8/4/2018,
2018,Titans,,connor flagel,placed on ir with undisclosed injury,,,,8/4/2018,
2018,Rams,,garrett sickels,placed on ir with undisclosed injury,,,,8/5/2018,
2018,Chiefs,,tejan koroma,placed on ir with knee injury,,,,8/6/2018,
2018,Eagles,,adam zaruba,placed on ir with undisclosed injury,,,,8/6/2018,
2018,Packers,,jake ryan,placed on ir with torn acl in right knee,,,,8/6/2018,
2018,Saints,,john fullington,placed on ir with undisclosed injury,,,,8/6/2018,
2018,Cardinals,,aq shipley,placed on ir with torn acl in right knee / left knee,,,,8/7/2018,
2018,Packers,,cj johnson c,placed on ir with hamstring injury,,,,8/7/2018,
2018,Raiders,,shaquille richardson  shaq richardson,placed on ir with undisclosed injury,,,,8/7/2018,
2018,Ravens,,jaelon acklin,placed on ir with undisclosed injury,,,,8/7/2018,
2018,Redskins,,alex mccalister,placed on ir with undisclosed injury,,,,8/7/2018,
2018,Seahawks,,khalid hill,placed on ir with shoulder injury,,,,8/7/2018,
2018,Titans,,nathan palmer b  nate palmer,placed on ir with leg injury,,,,8/7/2018,
2018,Redskins,,tavaris barnes,placed on ir with undisclosed injury,,,,8/8/2018,
2018,Buccaneers,,david rivers iii,placed on ir with hamstring injury,,,,8/9/2018,
2018,Giants,,kristjan sokoli,placed on ir with torn acl in knee,,,,8/11/2018,
2018,Redskins,,derrius guice,placed on ir with torn acl in left knee,,,,8/11/2018,
2018,Redskins,,manasseh garner,placed on ir with torn acl in knee,,,,8/11/2018,
2018,Titans,,johnny maxey,placed on ir with undisclosed injury,,,,8/11/2018,
2018,Buccaneers,,donnie ernsberger,placed on ir with undisclosed injury,,,,8/12/2018,
2018,Chiefs,,dillon gordon,placed on ir with shoulder injury,,,,8/12/2018,
2018,Colts,,deon cain,placed on ir with torn acl in knee,,,,8/12/2018,
2018,Panthers,,damian parms,placed on ir with shoulder injury,,,,8/12/2018,
2018,Rams,,kevin peterson lamont,placed on ir with torn acl in knee,,,,8/12/2018,
2018,Redskins,,elijah wellman,placed on ir with undisclosed injury,,,,8/12/2018,
2018,Titans,,gimel president,placed on ir with undisclosed injury,,,,8/12/2018,
2018,Broncos,,jamal carter,placed on ir with torn hamstring,,,,8/13/2018,
2018,Cowboys,,marcus martin b 1993-11-29,placed on ir with torn ligament right big toe,,,,8/13/2018,
2018,Eagles,,ian park a,placed on ir with undisclosed injury,,,,8/13/2018,
2018,Redskins,,robert davis jamal,placed on ir with right knee injury,,,,8/13/2018,
2018,Steelers,,kyle meadows,placed on ir with undisclosed injury,,,,8/13/2018,
2018,Vikings,,nick easton,placed on ir with neck injury,,,,8/13/2018,
2018,Cardinals,,jeremy cash,placed on ir with knee injury,,,,8/14/2018,
2018,Steelers,,parker collins,placed on ir with undisclosed injury,,,,8/14/2018,
2018,Broncos,,corey brown  philly brown,placed on ir with head injury,,,,8/15/2018,
2018,Cowboys,,marchie murdock,placed on ir with ankle injury,,,,8/15/2018,
2018,Jets,,ben ijalana,placed on ir with shoulder injury,,,,8/15/2018,
2018,Raiders,,ahtyba rubin,placed on ir with biceps injury,,,,8/15/2018,
2018,Cardinals,,lou young,placed on ir with hamstring injury,,,,8/15/2018,
2018,Bills,,marquavius lewis,placed on ir with ankle injury,,,,8/16/2018,
2018,Bills,,zach olstad,placed on ir with ankle injury,,,,8/16/2018,
2018,Broncos,,paul boyette jr,placed on ir with undisclosed injury,,,,8/16/2018,
2018,49ers,,terrell williams jr,placed on ir with knee injury,,,,8/17/2018,
2018,Bears,,andrew trumbetti,placed on ir with undisclosed injury,,,,8/17/2018,
2018,Buccaneers,,stevie tu'ikolovatu,placed on ir with triceps injury,,,,8/18/2018,
2018,Browns,,julian allen,placed on ir with abdominal injury,,,,8/19/2018,
2018,Chargers,,jaylen watkins,placed on ir with torn acl in right knee,,,,8/19/2018,
2018,Redskins,,martez carter,placed on ir with undisclosed injury,,,,8/19/2018,
2018,Bills,,cory carter,placed on ir with torn acl in knee,,,,8/20/2018,
2018,Broncos,,menelik watson,placed on ir with pectoral muscle injury,,,,8/20/2018,
2018,Buccaneers,,drew iddings,placed on ir with undisclosed injury,,,,8/20/2018,
2018,Lions,,stefan mcclure,placed on ir with undisclosed injury,,,,8/20/2018,
2018,Lions,,steve longa,placed on ir with torn acl in knee,,,,8/20/2018,
2018,Panthers,,fred ross,placed on ir with hip injury,,,,8/20/2018,
2018,Titans,,kalan reed,placed on ir with fractured foot,,,,8/20/2018,
2018,Vikings,,ade aruna,placed on ir with right knee injury,,,,8/20/2018,
2018,Buccaneers,,shaheed salmon,placed on ir with ankle injury,,,,8/21/2018,
2018,Cowboys,,jameill showers,placed on ir with torn acl in knee,,,,8/21/2018,
2018,Giants,,thurston armbrister,placed on ir with hamstring injury,,,,8/21/2018,
2018,Jaguars,,don carey,placed on ir with hamstring injury,,,,8/21/2018,
2018,Redskins,,cameron jefferson,placed on ir with undisclosed injury,,,,8/21/2018,
2018,Vikings,,cedrick lang,placed on ir with leg injury,,,,8/21/2018,
2018,Vikings,,johnny stanton,placed on ir with left knee injury,,,,8/21/2018,
2018,Vikings,,josiah price,placed on ir with knee injury,,,,8/21/2018,
2018,Buccaneers,,colin jeter,placed on ir with undisclosed injury,,,,8/22/2018,
2018,Cowboys,,richard ash b 1992-08-04,placed on ir with knee injury,,,,8/22/2018,
2018,Jets,,jonah trinnaman,placed on ir with undisclosed injury,,,,8/22/2018,
2018,Raiders,,tevin mitchel,placed on ir with undisclosed injury,,,,8/22/2018,
2018,Saints,,rickey jefferson,placed on ir with torn acl in knee,,,,8/22/2018,
2018,Texans,,josh thornton,placed on ir with undisclosed injury,,,,8/22/2018,
2018,Buccaneers,,charles sims iii,placed on ir with knee injury,,,,8/23/2018,
2018,Chargers,,james onwualu,placed on ir with groin injury,,,,8/23/2018,
2018,Colts,,josh ferguson,placed on ir with groin injury,,,,8/23/2018,
2018,Colts,,matt hazel a,placed on ir with undisclosed injury,,,,8/24/2018,
2018,Raiders,,obi melifonwu,placed on ir with hip injury,,,,8/24/2018,
2018,Buccaneers,,sergio bailey,placed on ir with ankle injury,,,,8/25/2018,
2018,Colts,,brad kaaya,placed on ir with undisclosed injury,,,,8/25/2018,
2018,Buccaneers,,jake lampman,placed on ir with undisclosed injury,,,,8/26/2018,
2018,Titans,,michael campanaro,placed on ir with undisclosed injury,,,,8/26/2018,
2018,Jaguars,,marqise lee,placed on ir with left knee injury,,,,8/27/2018,
2018,Jets,,lucky whitehead,placed on ir with foot injury,,,,8/27/2018,
2018,Raiders,,griff whalen,placed on ir with turf toe,,,,8/27/2018,
2018,Ravens,,jaleel scott,placed on ir with hamstring injury,,,,8/27/2018,
2018,Cardinals,,dj foster,placed on ir with knee injury,,,,8/28/2018,
2018,Chargers,,zachary crabtree,placed on ir with undisclosed injury,,,,8/29/2018,
2018,Cowboys,,dustin stanton,placed on ir with knee injury,,,,8/29/2018,
2018,Cowboys,,korren kirven,placed on ir with calf injury,,,,8/29/2018,
2018,Lions,,toby johnson,placed on ir with undisclosed injury,,,,8/30/2018,
2018,Texans,,ben heeney,placed on ir with ankle injury,,,,8/30/2018,
2018,Lions,,marcus cromartie,placed on ir with hip injury,,,,8/31/2018,
2018,Rams,,morgan fox,placed on ir with torn acl in knee,,,,8/31/2018,
2018,Rams,,ryan davis,placed on ir with undisclosed injury,,,,8/31/2018,
2018,Ravens,,bennett jackson,placed on ir with undisclosed injury,,,,8/31/2018,
2018,Ravens,,deshon elliott,placed on ir with forearm injury,,,,8/31/2018,
2018,Ravens,,greg senat,placed on ir with foot injury,,,,8/31/2018,
2018,Ravens,,stanley jean-baptiste,placed on ir with fractured arm,,,,8/31/2018,
2018,Saints,,shane vereen,placed on ir with finger injury,,,,8/31/2018,
2018,Bears,,marlon brown d,placed on ir with concussion,,,,9/1/2018,
2018,Bengals,,cethan carter,placed on ir with shoulder injury,,,,9/1/2018,
2018,Bengals,,matt barkley,placed on ir with knee injury,,,,9/1/2018,
2018,Bengals,,trayvon henderson,placed on ir with knee injury,,,,9/1/2018,
2018,Broncos,,jerrol garcia-williams,placed on ir with knee injury,,,,9/1/2018,
2018,Broncos,,troy fumagalli,placed on ir with sports hernia,,,,9/1/2018,
2018,Buccaneers,,devante bond,placed on ir with foot injury,,,,9/1/2018,
2018,Buccaneers,,riley bullough,placed on ir with foot injury,,,,9/1/2018,
2018,Cardinals,,arthur moats,placed on ir with knee injury,,,,9/1/2018,
2018,Chargers,,artavis scott,placed on ir with ankle injury,,,,9/1/2018,
2018,Chiefs,,byron pringle,placed on ir with hamstring injury,,,,9/1/2018,
2018,Colts,,anthony johnson b 1993-01-24,placed on ir with back injury,,,,9/1/2018,
2018,Colts,,chris mccain,placed on ir with ankle injury,,,,9/1/2018,
2018,Colts,,jeremiah george,placed on ir with back injury,,,,9/1/2018,
2018,Colts,,ross travis,placed on ir with knee injury,,,,9/1/2018,
2018,Giants,,nick becton,placed on ir with ankle injury,,,,9/1/2018,
2018,Giants,,nick gates,placed on ir with foot injury,,,,9/1/2018,
2018,Jaguars,,kenneth acker,placed on ir with ankle injury,,,,9/1/2018,
2018,Lions,,zach zenner,placed on ir with back injury,,,,9/1/2018,
2018,Panthers,,elijah hood,placed on ir with knee injury,,,,9/1/2018,
2018,Panthers,,jeremiah sirles,placed on ir with hamstring injury,,,,9/1/2018,
2018,Panthers,,kevon seymour,placed on ir with shoulder injury,,,,9/1/2018,
2018,Patriots,,braxton berrios,placed on ir with undisclosed injury,,,,9/1/2018,
2018,Patriots,,christian sam,placed on ir with ankle injury,,,,9/1/2018,
2018,Patriots,,isaiah wynn,placed on ir with achilles injury,,,,9/1/2018,
2018,Patriots,,ulrick john,placed on ir with foot injury,,,,9/1/2018,
2018,Raiders,,chris warren iii,placed on ir with knee injury,,,,9/1/2018,
2018,Raiders,,eddy pineiro,placed on ir with groin injury,,,,9/1/2018,
2018,Redskins,,tyler catalina,placed on ir with shoulder injury,,,,9/1/2018,
2018,Saints,,michael hoomanawanui,placed on ir with neck injury,,,,9/1/2018,
2018,Seahawks,,austin davis b 1989-06-02,placed on ir with undisclosed injury,,,,9/1/2018,
2018,Seahawks,,byron maxwell,placed on ir with hip injury,,,,9/1/2018,
2018,Seahawks,,erik walden,placed on ir with hip flexor injury,,,,9/1/2018,
2018,Seahawks,,jamarco jones,placed on ir with ankle injury,,,,9/1/2018,
2018,Titans,,austin barnard,placed on ir with knee injury,,,,9/1/2018,
2018,Titans,,devin ross b 1995-08-12,placed on ir with ankle injury,,,,9/1/2018,
2018,Vikings,,tavarres king,placed on ir with leg injury,,,,9/1/2018,
2018,49ers,,aaron burbridge,placed on ir with hamstring injury,,,,9/2/2018,
2018,49ers,,jp flynn,placed on ir with knee injury,,,,9/2/2018,
2018,49ers,,malcolm johnson jamaine,placed on ir with undisclosed injury,,,,9/2/2018,
2018,Bears,,jonathan anderson,placed on ir with groin injury,,,,9/2/2018,
2018,Bears,,rashard fant,placed on ir with undisclosed injury,,,,9/2/2018,
2018,Bengals,,chris okoye,placed on ir with ankle injury,,,,9/2/2018,
2018,Bengals,,josh shaw james,placed on ir with groin injury,,,,9/2/2018,
2018,Broncos,,andreas knappe,placed on ir with concussion,,,,9/2/2018,
2018,Broncos,,jj dielman,placed on ir with knee injury,,,,9/2/2018,
2018,Broncos,,jordan moore,placed on ir with undisclosed injury,,,,9/2/2018,
2018,Broncos,,marcus rios,placed on ir with hip injury,,,,9/2/2018,
2018,Browns,,cj board,placed on ir with shoulder injury,,,,9/2/2018,
2018,Browns,,dan vitale  danny vitale,placed on ir with calf injury,,,,9/2/2018,
2018,Browns,,justin currie,placed on ir with knee injury,,,,9/2/2018,
2018,Browns,,lenny jones,placed on ir with concussion,,,,9/2/2018,
2018,Buccaneers,,amari coleman,placed on ir with concussion,,,,9/2/2018,
2018,Buccaneers,,cole gardner,placed on ir with undisclosed injury,,,,9/2/2018,
2018,Chiefs,,keith reaser,placed on ir with quadriceps injury,,,,9/2/2018,
2018,Chiefs,,step durham,placed on ir with hip injury,,,,9/2/2018,
2018,Colts,,chris cooper b 1994-03-17,placed on ir with concussion,,,,9/2/2018,
2018,Colts,,james wright earl,placed on ir with knee injury,,,,9/2/2018,
2018,Colts,,kj brent,placed on ir with knee injury,,,,9/2/2018,
2018,Colts,,krishawn hogan,placed on ir with foot injury,,,,9/2/2018,
2018,Colts,,robenson therezie,placed on ir with undisclosed injury,,,,9/2/2018,
2018,Colts,,robert jackson jr,placed on ir with concussion,,,,9/2/2018,
2018,Colts,,ronald martin,placed on ir with shoulder injury,,,,9/2/2018,
2018,Colts,,tj green,placed on ir with hamstring injury,,,,9/2/2018,
2018,Colts,,tyreek burwell,placed on ir with knee injury,,,,9/2/2018,
2018,Colts,,tyrell adams,placed on ir with undisclosed injury,,,,9/2/2018,
2018,Cowboys,,marqueston huff,placed on ir with groin injury,,,,9/2/2018,
2018,Cowboys,,trey williams,placed on ir with undisclosed injury,,,,9/2/2018,
2018,Dolphins,,bryce petty,placed on ir with oblique injury,,,,9/2/2018,
2018,Dolphins,,quincy redmon,placed on ir with undisclosed injury,,,,9/2/2018,
2018,Dolphins,,rashawn scott,placed on ir with ankle injury,,,,9/2/2018,
2018,Eagles,,dj killings,placed on ir with undisclosed injury,,,,9/2/2018,
2018,Eagles,,gannon sinclair,placed on ir with undisclosed injury,,,,9/2/2018,
2018,Eagles,,toby weathersby,placed on ir with undisclosed injury,,,,9/2/2018,
2018,Giants,,darian thompson,placed on ir with hamstring injury,,,,9/2/2018,
2018,Giants,,jordan williams cornell,placed on ir with hip injury,,,,9/2/2018,
2018,Jaguars,,ben koyack,placed on ir with knee injury,,,,9/2/2018,
2018,Jaguars,,deandre goolsby,placed on ir with undisclosed injury,,,,9/2/2018,
2018,Jaguars,,manase hungalu,placed on ir with undisclosed injury,,,,9/2/2018,
2018,Packers,,devante mays,placed on ir with hamstring injury,,,,9/2/2018,
2018,Packers,,kyle murphy neil,placed on ir with ankle injury,,,,9/2/2018,
2018,Packers,,quinten rollins,placed on ir with hamstring injury,,,,9/2/2018,
2018,Patriots,,ryan izzo,placed on ir with ankle injury,,,,9/2/2018,
2018,Patriots,,will tye,placed on ir with undisclosed injury,,,,9/2/2018,
2018,Raiders,,dexter mcdonald,placed on ir with ankle injury,,,,9/2/2018,
2018,Rams,,afolabi laguda,placed on ir with undisclosed injury,,,,9/2/2018,
2018,Rams,,kendal thompson,placed on ir with leg injury,,,,9/2/2018,
2018,Rams,,travin howard,placed on ir with undisclosed injury,,,,9/2/2018,
2018,Ravens,,alvin jones b 1994-12-02,placed on ir with undisclosed injury,,,,9/2/2018,
2018,Saints,,sharrod neasman,placed on ir with undisclosed injury,,,,9/2/2018,
2018,Seahawks,,emmanuel beal,placed on ir with undisclosed injury,,,,9/2/2018,
2018,Seahawks,,ricky ali'ifua,placed on ir with concussion,,,,9/2/2018,
2018,Seahawks,,tevon mutcherson  tj mutcherson,placed on ir with knee injury,,,,9/2/2018,
2018,Steelers,,damoun patterson,placed on ir with turf toe,,,,9/2/2018,
2018,Steelers,,joseph cheek,placed on ir with foot injury,,,,9/2/2018,
2018,Steelers,,keith kelsey b,placed on ir with pectoral muscle injury,,,,9/2/2018,
2018,Steelers,,malik golden,placed on ir with knee injury,,,,9/2/2018,
2018,Steelers,,marcus tucker,placed on ir with ankle injury,,,,9/2/2018,
2018,Texans,,jevoni robinson,placed on ir with undisclosed injury,,,,9/2/2018,
2018,Vikings,,craig james b 1996-04-29,placed on ir with hamstring injury,,,,9/2/2018,
2018,Vikings,,horace richardson,placed on ir with hamstring injury,,,,9/2/2018,
2018,Vikings,,josh andrews,placed on ir with ankle injury,,,,9/2/2018,
2018,Vikings,,mack brown,placed on ir with undisclosed injury,,,,9/2/2018,
2018,Vikings,,tray matthews,placed on ir with undisclosed injury,,,,9/2/2018,
2018,49ers,,jerick mckinnon,placed on ir with torn acl in right knee,,,,9/3/2018,
2018,49ers,,marcell harris,placed on ir with hamstring injury / achilles injury,,,,9/3/2018,
2018,Bears,,adam shaheen,placed on ir with ankle/foot injury,,,,9/3/2018,
2018,Bengals,,davontae harris,placed on ir with knee injury,,,,9/3/2018,
2018,Broncos,,su'a cravens,placed on ir with knee injury,,,,9/3/2018,
2018,Buccaneers,,mitch unrein,placed on ir with concussion,,,,9/3/2018,
2018,Cardinals,,aj howard,placed on ir with undisclosed injury,,,,9/3/2018,
2018,Cardinals,,vontarrius dora,placed on ir with undisclosed injury,,,,9/3/2018,
2018,Chiefs,,daniel sorensen,placed on ir with knee injury,,,,9/3/2018,
2018,Colts,,tyquan lewis,placed on ir with toe injury,,,,9/3/2018,
2018,Cowboys,,noah brown,placed on ir with hamstring injury,,,,9/3/2018,
2018,Dolphins,,jake brendel,placed on ir with calf injury,,,,9/3/2018,
2018,Dolphins,,mike hull thomas,placed on ir with knee injury,,,,9/3/2018,
2018,Jets,,elijah mcguire,placed on ir with foot injury,,,,9/3/2018,
2018,Packers,,jake kumerow,placed on ir with shoulder injury,,,,9/3/2018,
2018,Panthers,,matt kalil,placed on ir with right knee injury,,,,9/3/2018,
2018,Seahawks,,jd mckissic,placed on ir with foot injury,,,,9/3/2018,
2018,Steelers,,olasunkanmi adeniyi  ola adeniyi,placed on ir with hamstring injury,,,,9/3/2018,
2018,Texans,,jermaine kelly,placed on ir with undisclosed injury,,,,9/3/2018,
2018,Eagles,,richard rodgers christopher,placed on ir with knee injury,,,,9/4/2018,
2018,Redskins,,anthony lanier ii,placed on ir with hip flexor injury,,,,9/4/2018,
2018,Patriots,,amara darboh,placed on ir,,,,9/5/2018,
2018,Redskins,,byron marshall,placed on ir with knee injury,,,,9/5/2018,
2018,Dolphins,,marqueis gray,placed on ir with achilles injury,,,,9/6/2018,
2018,Eagles,,mack hollins,placed on ir with groin injury,,,,9/6/2018,
2018,Patriots,,duke dawson,placed on ir with hamstring injury,,,,9/6/2018,
2018,Cowboys,,parker ehinger,placed on ir with knee injury,,,,9/7/2018,
2018,49ers,,dekoda watson,placed on ir with hamstring injury,,,,9/8/2018,
2018,Buccaneers,,de'vante harris,placed on ir with hamstring injury,,,,9/8/2018,
2018,Falcons,,keanu neal,placed on ir with torn acl in left knee,,,,9/8/2018,
2018,Seahawks,,dontae johnson,placed on ir with groin injury,,,,9/8/2018,
2018,Patriots,,jeremy hill,placed on ir with torn acl in right knee,,,,9/10/2018,
2018,Titans,,delanie walker,placed on ir with fractured right ankle,,,,9/10/2018,
2018,Vikings,,aviante collins,placed on ir with elbow injury,,,,9/10/2018,
2018,Colts,,j'marcus webb,placed on ir with hamstring injury,,,,9/11/2018,
2018,Falcons,,deion jones,placed on ir with foot injury,,,,9/11/2018,
2018,Packers,,trevor davis,placed on ir with hamstring injury,,,,9/11/2018,
2018,Redskins,,cam sims,placed on ir with ankle injury,,,,9/11/2018,
2018,Texans,,kevin johnson b 1992-08-05,placed on ir with concussion,,,,9/11/2018,
2018,49ers,,brock coyle,placed on ir with concussion,,,,9/12/2018,
2018,Buccaneers,,vernon hargreaves iii,placed on ir with shoulder injury,,,,9/12/2018,
2018,Panthers,,daryl williams,placed on ir with right knee injury,,,,9/12/2018,
2018,Ravens,,kenneth dixon,placed on ir with knee injury,,,,9/12/2018,
2018,Redskins,,trey quinn,placed on ir with ankle injury,,,,9/12/2018,
2018,Texans,,seantrel henderson,placed on ir with fractured left ankle,,,,9/12/2018,
2018,Raiders,,andrew depaola,placed on ir with torn acl in knee,,,,9/13/2018,
2018,Raiders,,justin ellis,placed on ir with foot injury,,,,9/13/2018,
2018,Rams,,pharoh cooper,placed on ir with ankle injury,,,,9/13/2018,
2018,Dolphins,,josh sitton,placed on ir witih torn rotator cuff in shoulder,,,,9/14/2018,
2018,Chargers,,craig mager,placed on ir with hamstring injury,,,,9/15/2018,
2018,Ravens,,maurice canady,placed on ir with thigh injury,,,,9/17/2018,
2018,Seahawks,,jermaine grace,placed on ir with undisclosed injury,,,,9/17/2018,
2018,Jaguars,,cam robinson,placed on ir with torn acl in left knee,,,,9/18/2018,
2018,Rams,,mike thomas davonta,placed on ir with hip injury,,,,9/18/2018,
2018,Redskins,,rob kelley,placed on ir with toe injury,,,,9/18/2018,
2018,Eagles,,burnell mike wallace,placed on ir with fractured fibula in leg,,,,9/19/2018,
2018,Falcons,,andy levitre,placed on ir with triceps injury,,,,9/19/2018,
2018,Giants,,jon halapio,"placed on ir with fractured leg, ankle",,,,9/19/2018,
2018,Saints,,tommylee lewis,placed on ir with knee injury,,,,9/19/2018,
2018,Bengals,,tra carson,placed on ir with hamstring injury,,,,9/20/2018,
2018,Panthers,,da'norris searcy,placed on ir with concussion,,,,9/21/2018,
2018,Buccaneers,,chris conte,placed on ir with knee injury,,,,9/25/2018,
2018,Cowboys,,datone jones,placed on ir with hamstring / knee injury,,,,9/25/2018,
2018,Dolphins,,william hayes quintin,placed on ir with torn acl in knee,,,,9/25/2018,
2018,Falcons,,ricardo allen,placed on ir with torn left achilles tendon,,,,9/25/2018,
2018,Texans,,bruce ellington,placed on ir with hamstring injury,,,,9/25/2018,
2018,Texans,,dylan cole,placed on ir with dislocated wrist,,,,9/25/2018,
2018,Titans,,kevin pamphile,placed on ir with undisclosed injury,,,,9/25/2018,
2018,49ers,,jimmy garoppolo,placed on ir with torn acl in left knee,,,,9/26/2018,
2018,Bengals,,ryan glasgow,placed on ir with torn acl in knee,,,,9/26/2018,
2018,Giants,,kaelin clay,placed on ir with ankle injury,,,,9/26/2018,
2018,Packers,,davon house,placed on ir with shoulder injury,,,,9/26/2018,
2018,Patriots,,ja'whaun bentley,placed on ir with undisclosed injury,,,,9/26/2018,
2018,Patriots,,rex burkhead,placed on ir with neck injury,,,,9/26/2018,
2018,Raiders,,mike nugent,placed on ir with hip injury,,,,9/26/2018,
2018,Rams,,aqib talib,placed on ir with ankle injury,,,,9/26/2018,
2018,Saints,,patrick robinson b 1987-09-07,placed on ir with fractured ankle,,,,9/26/2018,
2018,Colts,,joe haeg,placed on ir with ankle injury,,,,9/28/2018,
2018,Giants,,jonathan stewart creon,placed on ir with foot injury,,,,9/28/2018,
2018,Broncos,,jake butt,placed on ir with torn acl in knee,,,,9/29/2018,
2018,Eagles,,rodney mcleod jr,placed on ir with knee injury,,,,9/29/2018,
2018,Packers,,muhammad wilkerson,placed on ir with ankle injury,,,,9/29/2018,
2018,Jets,,josh martin,placed on ir with concussion,,,,10/1/2018,
2018,Browns,,terrance mitchell,placed on ir with wrist injury,,,,10/2/2018,
2018,Rams,,dominique easley,placed on ir with left knee injury,,,,10/2/2018,
2018,Seahawks,,earl thomas iii,placed on ir with fractured tibia in left leg,,,,10/2/2018,
2018,Seahawks,,will dissly,placed on ir with torn patellar tendon in knee,,,,10/2/2018,
2018,Steelers,,nat berhe,placed on ir with torn pectoral muscle,,,,10/2/2018,
2018,Giants,,kaelin clay,placed on ir with undisclosed injury,,,,10/2/2018,
2018,Chiefs,,alex ellis,placed on ir with undisclosed injury,,,,10/3/2018,
2018,Dolphins,,daniel kilgore,placed on ir with triceps injury,,,,10/3/2018,
2018,Raiders,,donald penn,placed on ir with groin injury,,,,10/3/2018,
2018,Bengals,,tyler eifert,placed on ir with fractured right ankle,,,,10/5/2018,
2018,Broncos,,marquette king,placed on ir with right thigh injury,,,,10/6/2018,
2018,Cowboys,,terrance williams b,placed on ir with foot injury,,,,10/6/2018,
2018,Dolphins,,luke falk,placed on ir with fractured left wrist,,,,10/6/2018,
2018,Giants,,stacy coley,placed on ir with right hamstring injury,,,,10/6/2018,
2018,Bears,,sam acho,placed on ir with torn pectoral muscle,,,,10/8/2018,
2018,Eagles,,jay ajayi,placed on ir with torn acl in knee,,,,10/8/2018,
2018,Chiefs,,armani watts,placed on ir with groin injury,,,,10/9/2018,
2018,Chiefs,,laurent duvernay-tardif,placed on ir with with fractured fibula in leg,,,,10/9/2018,
2018,Colts,,matt slauson,placed on ir with undisclosed injury,,,,10/9/2018,
2018,Jaguars,,austin seferian-jenkins,placed on ir with core muscle injury,,,,10/9/2018,
2018,Jaguars,,corey grant,placed on ir with foot injury,,,,10/9/2018,
2018,Texans,,kayvon webster,placed on ir with quadriceps injury,,,,10/9/2018,
2018,Colts,,matthias farley,"placed on ir with shoulder injury, groin injury, wrist injury",,,,10/12/2018,
2018,Jaguars,,carson tinker,placed on ir with knee injury,,,,10/12/2018,
2018,Jaguars,,josh wells,placed on ir with groin injury,,,,10/12/2018,
2018,Panthers,,jared norris,placed on ir with toe injury,,,,10/12/2018,
2018,Browns,,derrick willies,placed on ir with fractured collarbone,,,,10/13/2018,
2018,Buccaneers,,marcus williams jeffrey,placed on ir with hamstring injury,,,,10/13/2018,
2018,Chiefs,,de'anthony thomas,placed on ir with fractured tibia in leg,,,,10/13/2018,
2018,Ravens,,de'lance turner,placed on ir with hamstring injury,,,,10/13/2018,
2018,Jaguars,,jaydon mickens,placed on ir with fractured ankle,,,,10/15/2018,
2018,Lions,,jamal agnew,placed on ir with knee injury,,,,10/15/2018,
2018,Browns,,rod streater,placed on ir with neck injury,,,,10/16/2018,
2018,Colts,,marcus johnson b 1994-08-05,placed on ir with ankle injury,,,,10/16/2018,
2018,Falcons,,devonta freeman,"placed on ir with foot injury, groin injury",,,,10/16/2018,
2018,Giants,,cody latimer,placed on ir with hamstring injury,,,,10/16/2018,
2018,Giants,,ray-ray armstrong,placed on ir with concussion,,,,10/16/2018,
2018,Jaguars,,niles paul,placed on ir with sprained mcl in knee,,,,10/16/2018,
2018,Vikings,,mike hughes b 1997-02-11,placed on ir with torn acl in knee,,,,10/16/2018,
2018,Browns,,james burgess jr,placed on ir with hamstring injury,,,,10/17/2018,
2018,Dolphins,,chase allen b 1993-08-29,placed on ir with foot injury,,,,10/17/2018,
2018,Eagles,,destiny vaeao,placed on ir with undisclosed injury,,,,10/17/2018,
2018,Saints,,ted ginn jr,placed on ir with knee injury,,,,10/18/2018,
2018,Broncos,,ronald leary  ron leary,placed on ir with torn right achilles tendon,,,,10/20/2018,
2018,Jaguars,,will richardson,placed on ir with knee injury,,,,10/20/2018,
2018,Buccaneers,,jack cichy,placed on ir with torn acl in knee,,,,10/22/2018,
2018,Buccaneers,,kwon alexander,placed on ir with with torn acl in knee,,,,10/22/2018,
2018,Raiders,,marshawn lynch,placed on ir with core muscle injury / groin injury,,,,10/22/2018,
2018,49ers,,adrian colbert,placed on ir with right ankle injury,,,,10/23/2018,
2018,Bengals,,mason schreck,placed on ir with knee / left leg injury,,,,10/23/2018,
2018,Chiefs,,jordan devey,placed on ir with pectoral muscle injury,,,,10/23/2018,
2018,Chiefs,,terrance smith b 1993-05-03,placed on ir with knee injury,,,,10/23/2018,
2018,Jets,,doug middleton,placed on ir with torn pectoral muscle,,,,10/23/2018,
2018,Ravens,,willie henry,placed on ir with back / abdominal injury,,,,10/23/2018,
2018,Saints,,jay bromley,placed on ir with right biceps injury,,,,10/23/2018,
2018,Texans,,tyrell adams,placed on ir with undisclosed injury,,,,10/23/2018,
2018,Dolphins,,albert wilson,placed on ir with hip injury,,,,10/24/2018,
2018,Falcons,,brandon fusco,placed on ir with ankle injury,,,,10/24/2018,
2018,Jets,,bilal powell,placed on ir with neck injury,,,,10/24/2018,
2018,Saints,,josh leribeus,placed on ir with ankle injury,,,,10/24/2018,
2018,Eagles,,derek barnett,placed on ir with torn rotator cuff in shoulder,,,,10/25/2018,
2018,Jaguars,,donald payne,placed on ir with sprained mcl in knee,,,,10/25/2018,
2018,Colts,,jihad ward,placed on ir with left ankle injury,,,,10/26/2018,
2018,Cowboys,,cj goodwin,placed on ir with fractured forearm,,,,10/26/2018,
2018,Redskins,,troy apke,placed on ir with hamstring injury,,,,10/29/2018,
2018,Dolphins,,vincent taylor,placed on ir with foot injury,,,,10/30/2018,
2018,Patriots,,eric rowe,placed on ir with groin injury,,,,10/30/2018,
2018,Texans,,will fuller v,placed on ir with torn acl in right knee,,,,10/30/2018,
2018,Bills,,corey bojorquez,placed on ir with shoulder injury,,,,10/31/2018,
2018,Bills,,taiwan jones asti eric,placed on ir with neck injury,,,,10/31/2018,
2018,Dolphins,,cordrea tankersley,placed on ir with torn acl in knee,,,,11/2/2018,
2018,49ers,,emmanuel moseley,placed on ir with dislocated shoulder,,,,11/3/2018,
2018,49ers,,raheem mostert,placed on ir with fractured right forearm,,,,11/3/2018,
2018,Bears,,kyle long,placed on ir with right foot injury,,,,11/3/2018,
2018,Cardinals,,john wetzel,placed on ir with neck injury,,,,11/3/2018,
2018,Chargers,,kyzir white,placed on ir with knee injury,,,,11/3/2018,
2018,Bengals,,carl lawson,placed on ir with torn acl in knee,,,,11/5/2018,
2018,Raiders,,tj clemmings,placed on ir with knee injury,,,,11/5/2018,
2018,Redskins,,brandon scherff,placed on ir with torn pectoral muscle,,,,11/5/2018,
2018,Redskins,,paul richardson jr,placed on ir with shoulder injury,,,,11/5/2018,
2018,Redskins,,shawn lauvao,placed on ir with torn acl in knee,,,,11/5/2018,
2018,Packers,,geronimo allison,placed on ir with core muscle injury / groin injury,,,,11/6/2018,
2018,Patriots,,brian schwenke,placed on ir with foot injury,,,,11/6/2018,
2018,Browns,,christian kirksey,placed on ir with hamstring injury,,,,11/7/2018,
2018,Browns,,ej gaines,placed on ir with concussion,,,,11/7/2018,
2018,Saints,,cameron meredith,placed on ir with knee injury,,,,11/8/2018,
2018,Jets,,neal sterling,placed on ir with concussion,,,,11/10/2018,
2018,Saints,,dez bryant,placed on ir with torn achilles tendon,,,,11/10/2018,
2018,Broncos,,matt paradis,placed on ir with leg injury,,,,11/12/2018,
2018,Redskins,,geron christian,placed on ir with torn mcl in knee,,,,11/12/2018,
2018,Cowboys,,terrance williams b,placed on ir with foot injury,,,,11/12/2018,
2018,Buccaneers,,evan dietrich-smith  evan smith,placed on ir with hip injury,,,,11/13/2018,
2018,Buccaneers,,shaun wilson,placed on ir with left shoulder injury,,,,11/13/2018,
2018,Cardinals,,justin pugh,placed on ir with leg / knee injury,,,,11/13/2018,
2018,Chargers,,denzel perryman,placed on ir with knee injury,,,,11/13/2018,
2018,Colts,,carroll phillips,placed on ir with groin injury,,,,11/13/2018,
2018,Jaguars,,brandon linder,placed on ir with right knee injury,,,,11/13/2018,
2018,Lions,,tj lang john,placed on ir with neck injury,,,,11/14/2018,
2018,Bengals,,tyler kroft,placed on ir with foot injury,,,,11/16/2018,
2018,Eagles,,joshua perkins  josh perkins,placed on ir with knee injury,,,,11/16/2018,
2018,Bears,,dion sims,placed on ir with concussion,,,,11/17/2018,
2018,Eagles,,ronald darby,placed on ir with knee injury,,,,11/17/2018,
2018,Raiders,,brandon lafell,placed on ir with torn left achilles tendon,,,,11/19/2018,
2018,Rams,,cooper kupp,placed on ir with torn acl in left knee,,,,11/19/2018,
2018,Redskins,,alex smith d,"placed on ir with fractured fibula, tibia in right leg",,,,11/19/2018,
2018,Bengals,,preston brown b 1992-10-27,placed on ir with knee injury,,,,11/20/2018,
2018,Broncos,,max garcia,placed on ir with with torn acl in knee,,,,11/20/2018,
2018,Colts,,dj killings,placed on ir with ankle injury,,,,11/20/2018,
2018,Buccaneers,,oj howard,"placed on ir with ankle, foot injury",,,,11/21/2018,
2018,Chargers,,corey liuget,placed on ir with knee injury,,,,11/21/2018,
2018,Bengals,,josh tupou,placed on ir with torn pectoral muscle,,,,11/22/2018,
2018,Bengals,,adolphus washington,placed on ir with knee injury,,,,11/23/2018,
2018,Packers,,nick perry joel,placed on ir with knee injury,,,,11/24/2018,
2018,Bengals,,andy dalton,placed on ir with right thumb injury,,,,11/26/2018,
2018,Cardinals,,josh bynes,placed on ir with thumb injury,,,,11/26/2018,
2018,Cardinals,,phil dawson,placed on ir with right hip injury,,,,11/26/2018,
2018,Giants,,quadree henderson,placed on ir with shoulder injury,,,,11/26/2018,
2018,Lions,,marvin jones jr,placed on ir with knee injury,,,,11/26/2018,
2018,49ers,,jimmie ward,placed on ir with fractured forearm,,,,11/27/2018,
2018,Broncos,,jeff heuerman,"placed on ir with fractured ribs, bruised lung",,,,11/27/2018,
2018,Colts,,jack doyle,placed on ir with kidney ailment,,,,11/27/2018,
2018,Jaguars,,andrew norwell,placed on ir with ankle injury,,,,11/27/2018,
2018,Panthers,,damiere byrd,placed on ir with fractured arm,,,,11/27/2018,
2018,Raiders,,jacquies smith,placed on ir with achilles injury,,,,11/27/2018,
2018,Redskins,,cassanova mckinzy,placed on ir with torn pectoral muscle,,,,11/27/2018,
2018,Vikings,,andrew sendejo,placed on ir with groin injury,,,,11/27/2018,
2018,Dolphins,,jakeem grant,placed on ir with achilles injury,,,,11/28/2018,
2018,Falcons,,derrick shelby,placed on ir with groin injury,,,,11/28/2018,
2018,Jets,,james carpenter,placed on ir with shoulder injury,,,,11/28/2018,
2018,Bengals,,jake fisher,placed on ir with back injury,,,,11/29/2018,
2018,Cardinals,,jeremy vujnovich,placed on ir with hamstring injury,,,,11/29/2018,
2018,Raiders,,leon hall b,placed on ir with back injury,,,,11/30/2018,
2018,Jets,,marcus maye,"placed on ir with shoulder, thumb injury",,,,12/1/2018,
2018,Packers,,mike daniels,placed on ir with foot injury,,,,12/1/2018,
2018,Packers,,trevor davis,placed on ir with hamstring injury,,,,12/1/2018,
2018,Ravens,,alex collins,placed on ir with foot injury,,,,12/1/2018,
2018,Seahawks,,cj prosise,placed on ir with abdominal injury,,,,12/1/2018,
2018,Cardinals,,christian kirk davon,placed on ir with fractured foot,,,,12/3/2018,
2018,Bills,,russell bodine,placed on ir with leg injury,,,,12/4/2018,
2018,Cardinals,,mike iupati,placed on ir with knee injury,,,,12/4/2018,
2018,Cardinals,,olsen pierre,placed on ir with knee injury,,,,12/4/2018,
2018,Dolphins,,aj derby,"placed on ir with foot, knee injury",,,,12/4/2018,
2018,Falcons,,josh harris ii b 1989-04-27,placed on ir with hip injury,,,,12/4/2018,
2018,Packers,,ibraheim campbell,placed on ir with undisclosed injury,,,,12/4/2018,
2018,Redskins,,jonathan cooper,placed on ir with torn biceps,,,,12/4/2018,
2018,Steelers,,justin hunter,placed on ir with shoulder injury,,,,12/4/2018,
2018,Bengals,,aj green adriel jeremiah,placed on ir with toe injury,,,,12/5/2018,
2018,Broncos,,emmanuel sanders,placed on ir with torn left achilles tendon,,,,12/5/2018,
2018,Cardinals,,dj humphries,placed on ir with knee injury,,,,12/5/2018,
2018,Lions,,jalen reeves-maybin,placed on ir with neck injury,,,,12/5/2018,
2018,Packers,,kevin king,placed on ir with hamstring injury,,,,12/5/2018,
2018,Packers,,tra carson,placed on ir with rib injury,,,,12/5/2018,
2018,Panthers,,greg olsen,placed on ir with foot injury,,,,12/5/2018,
2018,Raiders,,martavis bryant,placed on ir with knee injury,,,,12/5/2018,
2018,Raiders,,reggie nelson,placed on ir with shoulder injury,,,,12/5/2018,
2018,Raiders,,shilique calhoun,placed on ir with neck injury,,,,12/5/2018,
2018,Redskins,,quinton dunbar,placed on ir with shin injury,,,,12/5/2018,
2018,Redskins,,trey quinn,placed on ir with ankle injury,,,,12/5/2018,
2018,49ers,,dekoda watson,placed on ir with torn calf muscle,,,,12/6/2018,
2018,Giants,,landon collins,placed on ir with torn rotator cuff in shoulder,,,,12/6/2018,
2018,Panthers,,brendan mahon,placed on ir with concussion,,,,12/6/2018,
2018,Panthers,,amini silatolu,placed on ir with knee injury,,,,12/7/2018,
2018,Browns,,pharaoh brown,placed on ir with shoulder injury,,,,12/8/2018,
2018,Eagles,,jalen mills,placed on ir with foot injury,,,,12/8/2018,
2018,Packers,,raven greene,placed on ir with ankle injury,,,,12/8/2018,
2018,Texans,,brennan scarlett,placed on ir with ankle injury,,,,12/8/2018,
2018,Bills,,matt milano,placed on ir with fractured fibula in leg,,,,12/11/2018,
2018,Bills,,taron johnson,placed on ir with shoulder injury,,,,12/11/2018,
2018,Buccaneers,,kevin minter,placed on ir with calf injury,,,,12/11/2018,
2018,Cardinals,,robert nkemdiche,placed on ir with knee injury,,,,12/11/2018,
2018,Cardinals,,thurston armbrister,placed on ir with hamstring injury,,,,12/11/2018,
2018,Eagles,,corey clement,placed on ir with right knee injury,,,,12/11/2018,
2018,Eagles,,josh sweat,placed on ir with ankle injury,,,,12/11/2018,
2018,Lions,,ezekiel ansah  ziggy ansah,placed on ir with shoulder injury,,,,12/11/2018,
2018,Lions,,michael roberts,placed on ir with shoulder injury,,,,12/11/2018,
2018,Raiders,,jon feliciano,placed on ir with left calf injury,,,,12/11/2018,
2018,Rams,,dominique hatfield,placed on ir with ankle injury,,,,12/11/2018,
2018,Rams,,malcolm brown,placed on ir with clavicle injury,,,,12/11/2018,
2018,Saints,,michael ola,placed on ir with ankle injury,,,,12/11/2018,
2018,Titans,,jack conklin,placed on ir with knee injury,,,,12/11/2018,
2018,Titans,,jonnu smith,placed on ir with knee injury,,,,12/11/2018,
2018,49ers,,pierre garcon,placed on ir with knee injury,,,,12/12/2018,
2018,Bears,,bryce callahan,placed on ir with fractured left foot,,,,12/12/2018,
2018,Dolphins,,jake brendel,placed on ir with calf injury,,,,12/12/2018,
2018,Packers,,byron bell,placed on ir with knee injury,,,,12/12/2018,
2018,Seahawks,,mychal kendricks,placed on ir with knee injury,,,,12/12/2018,
2018,Browns,,orson charles,placed on ir with ankle injury,,,,12/13/2018,
2018,Chargers,,trevor williams,placed on ir with knee injury,,,,12/13/2018,
2018,Eagles,,jordan mailata,placed on ir with back injury,,,,12/14/2018,
2018,Jaguars,,josh walker,placed on ir with ankle injury,,,,12/14/2018,
2018,Jaguars,,leon jacobs,placed on ir with quadriceps injury,,,,12/14/2018,
2018,Jets,,isaiah crowell,placed on ir with toe injury,,,,12/14/2018,
2018,Redskins,,nick sundberg,placed on ir with back injury,,,,12/15/2018,
2018,Steelers,,marcus gilbert christopher,placed on ir with knee injury,,,,12/15/2018,
2018,Bengals,,malik jefferson,placed on ir with foot injury,,,,12/18/2018,
2018,Bills,,marcus murphy b 1991-10-03,placed on ir with dislocated elbow,,,,12/18/2018,
2018,Buccaneers,,alan cross,placed on ir with shoulder injury,,,,12/18/2018,
2018,Buccaneers,,justin evans b 1995-08-26,placed on ir with toe injury,,,,12/18/2018,
2018,Colts,,al woods joseph,placed on ir with foot injury,,,,12/18/2018,
2018,Colts,,skai moore,placed on ir with neck injury,,,,12/18/2018,
2018,Falcons,,ito smith,placed on ir with knee injury,,,,12/18/2018,
2018,Giants,,antonio hamilton,placed on ir with quadriceps injury,,,,12/18/2018,
2018,Jets,,rishard matthews,placed on ir with hamstring injury,,,,12/18/2018,
2018,Lions,,da'shawn hand,placed on ir with knee injury,,,,12/18/2018,
2018,Packers,,aaron jones larae,placed on ir with knee injury,,,,12/18/2018,
2018,Raiders,,gabe jackson,"placed on ir with ankle, elbow injuries",,,,12/18/2018,
2018,Redskins,,joshua holsey,placed on ir with torn acl in knee,,,,12/18/2018,
2018,Seahawks,,jordan simmons,placed on ir with knee injury,,,,12/18/2018,
2018,Titans,,logan ryan,placed on ir with fractured fibula in left leg,,,,12/18/2018,
2018,49ers,,ahkello witherspoon,placed on ir with knee injury,,,,12/19/2018,
2018,Broncos,,chris harris jr,placed on ir with chipped fibula in right leg,,,,12/19/2018,
2018,Dolphins,,frank gore sr,placed on ir with foot injury,,,,12/19/2018,
2018,Jets,,brandon shell,placed on ir with left knee injury,,,,12/19/2018,
2018,Lions,,kerryon johnson,placed on ir with knee injury,,,,12/19/2018,
2018,Panthers,,graham gano,placed on ir with left knee injury,,,,12/19/2018,
2018,Redskins,,danny johnson b 1995-11-17,placed on ir with finger injury,,,,12/19/2018,
2018,Redskins,,montae nicholson,placed on ir / non-football injury list with concussion,,,,12/19/2018,
2018,Jets,,jeremiah attaochu,placed on ir with concussion,,,,12/20/2018,
2018,Panthers,,shaq thompson,placed on ir with shoulder injury,,,,12/20/2018,
2018,Titans,,david fluellen,placed on ir with knee injury,,,,12/20/2018,
2018,Redskins,,austin howard,placed on ir with hip injury,,,,12/21/2018,
2018,Cowboys,,geoff swaim,placed on ir with wrist injury,,,,12/22/2018,
2018,Jaguars,,jermey parnell,placed on ir with knee injury,,,,12/22/2018,
2018,Jaguars,,ronnie harrison jr,placed on ir with knee injury,,,,12/22/2018,
2018,Lions,,bruce ellington,placed on ir with hamstring injury,,,,12/22/2018,
2018,Lions,,charles washington b 1993-03-10,placed on ir with hamstring injury,,,,12/22/2018,
2018,Packers,,will redmond,placed on ir with shoulder injury,,,,12/22/2018,
2018,49ers,,jaquiski tartt,placed on ir with shoulder injury,,,,12/24/2018,
2018,Raiders,,daryl worley,placed on ir with shoulder injury,,,,12/24/2018,
2018,Texans,,brian peters,placed on ir with ankle injury,,,,12/24/2018,
2018,Texans,,demaryius thomas,placed on ir with achilles injury,,,,12/24/2018,
2018,Texans,,kayvon webster,placed on ir with quadriceps injury,,,,12/24/2018,
2018,Titans,,cole wick,placed on ir with shoulder injury,,,,12/24/2018,
2018,Titans,,jurrell casey,placed on ir with knee injury,,,,12/24/2018,
2018,Cardinals,,korey cunningham,placed on ir with foot injury,,,,12/25/2018,
2018,Packers,,kenny clark duane,placed on ir with elbow injury,,,,12/25/2018,
2018,Panthers,,taylor heinicke,placed on ir with left elbow injury,,,,12/26/2018,
2018,Jets,,eric tomlinson,placed on ir with foot injury,,,,12/27/2018,
2018,Redskins,,colt mccoy,placed on ir with fractured fibula in right leg,,,,12/27/2018,
2018,Redskins,,jordan reed,"placed on ir with ankle, foot injury",,,,12/27/2018,
2018,Bengals,,dre kirkpatrick,placed on ir with shoulder injury,,,,12/28/2018,
2018,Bengals,,jordan evans,placed on ir with ankle injury,,,,12/28/2018,
2018,Bengals,,tyler boyd,placed on ir with knee injury,,,,12/28/2018,
2018,Broncos,,andre holmes,placed on ir with ankle injury,,,,12/28/2018,
2018,Broncos,,phillip lindsay,placed on ir with surgery on wrist,,,,12/28/2018,
2018,Browns,,tanner vallejo,placed on ir with hamstring injury,,,,12/28/2018,
2018,Jaguars,,josh lambo,placed on ir with right groin injury,,,,12/28/2018,
2018,Jaguars,,josh wells,placed on ir with concussion,,,,12/28/2018,
2018,Lions,,a'shawn robinson,placed on ir with knee injury,,,,12/28/2018,
2018,Panthers,,kenjon barner,placed on ir with knee injury,,,,12/28/2018,
2018,Redskins,,maurice harris,placed on ir with concussion,,,,12/28/2018,
2018,Steelers,,chris boswell,placed on ir with lower body injury,,,,12/28/2018,
2018,49ers,,dante pettis,placed on ir with knee injury,,,,12/29/2018,
2018,49ers,,matt breida,placed on ir with ankle injury,,,,12/29/2018,
2018,Giants,,jawill davis,placed on ir with knee injury,,,,12/29/2018,
2018,Jets,,kevin pierre-louis,placed on ir with shoulder injury,,,,12/29/2018,
2018,Jets,,morris claiborne,placed on ir with shoulder injury,,,,12/29/2018,
2018,Jets,,quincy enunwa,placed on ir with ankle injury,,,,12/29/2018,
2018,Lions,,deshawn shead,placed on ir with knee injury,,,,12/29/2018,
2018,Seahawks,,delano hill,placed on ir with hip injury,,,,1/1/2019,
2018,Texans,,mike tyson,placed on ir with knee injury / concussion,,,,1/2/2019,
2018,Chargers,,jatavis brown,placed on ir with ankle injury,,,,1/7/2019,
2018,Cowboys,,allen hurns,placed on ir with left ankle injury,,,,1/8/2019,
2018,Patriots,,jacob hollister,placed on ir with hamstring injury,,,,1/8/2019,
2018,Colts,,mike mitchell bryant edward,placed on ir with calf injury,,,,1/9/2019,
2018,Saints,,simmie cobbs jr,placed on ir with knee injury,,,,1/12/2019,
2018,Saints,,sheldon rankins,placed on ir with torn left achilles tendon,,,,1/16/2019,
2019,Raiders,,isaiah crowell,placed on ir with torn achilles tendon,,,,5/3/2019,
2019,Giants,,nate harvey,placed on ir with knee injury,,,,5/5/2019,
2019,Chiefs,,jamire jordan,placed on ir with undisclosed injury,,,,5/8/2019,
2019,Texans,,duke ejiofor,placed on ir with torn achilles tendon,,,,5/10/2019,
2019,Jets,,charles tapper,placed on ir with undisclosed injury,,,,5/13/2019,
2019,Broncos,,nico falah,placed on ir with achilles injury,,,,5/14/2019,
2019,Buccaneers,,isaiah searight,placed on ir with hamstring injury,,,,5/14/2019,
2019,Dolphins,,connor hilland,placed on ir with undisclosed injury,,,,5/14/2019,
2019,Dolphins,,rob rolle,placed on ir with undisclosed injury,,,,5/14/2019,
2019,Falcons,,jeremy langford,placed on ir with undisclosed injury,,,,5/14/2019,
2019,Jaguars,,cody brown,placed on ir with undisclosed injury,,,,5/14/2019,
2019,Jaguars,,roderick young,placed on ir with undisclosed injury,,,,5/14/2019,
2019,Titans,,hamp cheevers,placed on ir with undisclosed injury,,,,5/14/2019,
2019,Giants,,jacob thieneman,placed on ir with knee injury,,,,5/15/2019,
2019,Dolphins,,ricardo louis,placed on ir with knee injury / neck injury,,,,5/16/2019,
2019,Bears,,jomon dotson,placed on ir with undisclosed injury,,,,5/17/2019,
2019,Dolphins,,isaac asiata,placed on ir with undisclosed injury,,,,5/17/2019,
2019,Redskins,,reuben foster,placed on ir with torn acl in left knee,,,,5/22/2019,
2019,Falcons,,steven means,placed on ir with torn achilles tendon,,,,5/23/2019,
2019,Raiders,,ryan yurachek,placed on ir with knee injury,,,,5/30/2019,
2019,Seahawks,,adam choice,placed on ir with undisclosed injury,,,,5/30/2019,
2019,Chargers,,trevion thompson,placed on ir with undisclosed injury,,,,6/4/2019,
2019,Colts,,javon patterson,placed on ir with torn acl in knee,,,,6/4/2019,
2019,Giants,,jeremiah harris,placed on ir with undisclosed injury,,,,6/5/2019,
2019,Panthers,,mose frazier,placed on ir with fractured arm,,,,6/5/2019,
2019,Colts,,iseoluwapo jegede  jegs jegede,placed on ir with undisclosed injury,,,,6/10/2019,
2019,Chargers,,koda martin,placed on ir with undisclosed injury,,,,7/1/2019,
2019,Jaguars,,dredrick snelson,placed on ir with undisclosed injury,,,,7/12/2019,
2019,Bills,,jeremiah sirles,placed on ir with fractured foot,,,,7/23/2019,
2019,Falcons,,jj wilcox,placed on ir with torn acl in knee,,,,7/24/2019,
2019,Buccaneers,,jalen allison,placed on ir with undisclosed injury,,,,7/25/2019,
2019,Buccaneers,,xavier ubosi,placed on ir with undisclosed injury,,,,7/25/2019,
2019,49ers,,erik magnuson,placed on ir with calf injury,,,,7/26/2019,
2019,Falcons,,benjamin michael bennett,placed on ir with fractured ankle,,,,7/26/2019,
2019,Giants,,corey coleman,placed on ir with torn acl in knee,,,,7/26/2019,
2019,Saints,,kenny bigelow jr,placed on ir with undisclosed injury,,,,7/26/2019,
2019,Seahawks,,emmanuel ellerbee,placed on ir with undisclosed injury,,,,7/26/2019,
2019,Texans,,isaac whitney,placed on ir with wrist injury,,,,7/28/2019,
2019,Browns,,lo falemaka,placed on ir with shoulder injury,,,,7/29/2019,
2019,Buccaneers,,troy niklas,placed on ir with leg injury,,,,7/29/2019,
2019,Chargers,,dylan cantrell,placed on ir with shoulder injury,,,,7/29/2019,
2019,Chargers,,fred trevillion,placed on ir with hamstring injury,,,,7/29/2019,
2019,Saints,,javorius allen  buck allen,placed on ir with undisclosed injury,,,,7/30/2019,
2019,Saints,,christian campbell  chris campbell 1995-11-27,placed on ir with undisclosed injury,,,,7/31/2019,
2019,Titans,,cameron batson,placed on ir with undisclosed injury,,,,7/31/2019,
2019,Buccaneers,,orion stewart,placed on ir with torn acl in knee,,,,8/1/2019,
2019,Packers,,javien hamilton,placed on ir with hamstring injury,,,,8/1/2019,
2019,Redskins,,casey dunn,placed on ir with undisclosed injury,,,,8/1/2019,
2019,Cowboys,,andrew dowell,placed on ir with hamstring injury,,,,8/2/2019,
2019,Jaguars,,michael colubiale,placed on ir with concussion,,,,8/2/2019,
2019,Jaguars,,taj mcgowan,placed on ir with knee injury,,,,8/2/2019,
2019,Panthers,,brandon chubb,placed on ir with knee injury,,,,8/2/2019,
2019,Panthers,,dorian johnson,placed on ir with undisclosed injury,,,,8/2/2019,
2019,Steelers,,herb waters,placed on ir with undisclosed injury,,,,8/2/2019,
2019,49ers,,kapron lewis-moore,placed on ir with groin injury,,,,8/3/2019,
2019,Broncos,,billy winn,placed on ir with triceps injury,,,,8/3/2019,
2019,Browns,,blake jackson b 1994-03-07,placed on ir with knee injury,,,,8/3/2019,
2019,Chargers,,cole toner,placed on ir with undisclosed injury,,,,8/3/2019,
2019,Chargers,,tre'von johnson,placed on ir with undisclosed injury,,,,8/3/2019,
2019,Giants,,mark mclaurin,placed on ir with fractured foot,,,,8/3/2019,
2019,Bears,,josh simmons,placed on ir with undisclosed injury,,,,8/4/2019,
2019,Colts,,billy brown b 1993-03-20,placed on ir with undisclosed injury,,,,8/4/2019,
2019,Giants,,alex jenkins,placed on ir with calf injury,,,,8/4/2019,
2019,Jets,,temuchin hodges  bucky hodges,placed on ir with hamstring injury,,,,8/4/2019,
2019,Saints,,rob kelley,placed on ir with undisclosed injury,,,,8/4/2019,
2019,Seahawks,,justin johnson,placed on ir with achilles injury,,,,8/4/2019,
2019,Seahawks,,tyrone swoopes,placed on ir with leg injury,,,,8/4/2019,
2019,Jets,,jeremy clark b 1994-06-29,placed on ir with hamstring injury,,,,8/5/2019,
2019,Jets,,tyler jones b 1995-10-27,placed on ir with calf injury,,,,8/5/2019,
2019,Bills,,laadrian waddle,placed on ir with torn quadriceps,,,,8/6/2019,
2019,Eagles,,joe ostman,placed on ir with torn acl in knee,,,,8/6/2019,
2019,Falcons,,kurt benkert,placed on ir with toe injury,,,,8/6/2019,
2019,Colts,,steve ishmael,placed on ir with knee injury,,,,8/7/2019,
2019,Eagles,,casey tucker,placed on ir with concussion,,,,8/7/2019,
2019,Lions,,tarvarus mcfadden,placed on ir with undisclosed injury,,,,8/7/2019,
2019,Packers,,jason spriggs,placed on ir with back injury,,,,8/7/2019,
2019,Steelers,,derrek thomas,placed on ir with undisclosed injury,,,,8/7/2019,
2019,Buccaneers,,michael liedtke  mike liedtke,placed on ir with shoulder injury,,,,8/7/2019,
2019,Bengals,,niles scott,placed on ir with foot injury,,,,8/8/2019,
2019,Buccaneers,,d'cota dixon,placed on ir with undisclosed injury,,,,8/8/2019,
2019,Cardinals,,vincent valentine,placed on ir with undisclosed injury,,,,8/8/2019,
2019,Chiefs,,keith reaser,placed on ir with torn achilles tendon,,,,8/8/2019,
2019,Cowboys,,derrick puni,placed on ir with undisclosed injury,,,,8/9/2019,
2019,Cowboys,,lance lenoir,placed on ir with knee injury,,,,8/9/2019,
2019,Packers,,kendall donnerson,placed on ir with hamstring injury,,,,8/9/2019,
2019,Saints,,matt dayes,placed on ir with undisclosed injury,,,,8/9/2019,
2019,Seahawks,,davante davis,placed on ir with undisclosed injury,,,,8/9/2019,
2019,Steelers,,ralph webb,placed on ir with undisclosed injury,,,,8/9/2019,
2019,Bills,,ej gaines,placed on ir with groin injury,,,,8/10/2019,
2019,Bills,,robert thomas ii,placed on ir with knee injury,,,,8/10/2019,
2019,Broncos,,austin fort,placed on ir with torn acl in knee,,,,8/10/2019,
2019,Chiefs,,david wells,placed on ir with undisclosed injury,,,,8/10/2019,
2019,Jaguars,,james onwualu,placed on ir with knee injury,,,,8/10/2019,
2019,Jaguars,,marcus simms,placed on ir with concussion,,,,8/10/2019,
2019,Lions,,darius kilgo,placed on ir with leg injury,,,,8/10/2019,
2019,Lions,,jermaine kearse,placed on ir with fractured left leg,,,,8/10/2019,
2019,Panthers,,dillon gordon,placed on ir with shoulder injury,,,,8/10/2019,
2019,Saints,,ulrick john,placed on ir with undisclosed injury,,,,8/10/2019,
2019,Texans,,ira savage-lewis  ira lewis,placed on ir with concussion,,,,8/10/2019,
2019,Titans,,d'andre walker,placed on ir with undisclosed injury,,,,8/10/2019,
2019,Buccaneers,,bryant mitchell,placed on ir with torn left achilles tendon,,,,8/11/2019,
2019,Jaguars,,roc thomas,placed on ir with undisclosed injury,,,,8/11/2019,
2019,Raiders,,dj killings,placed on ir with torn pectoral muscle,,,,8/11/2019,
2019,Texans,,chris landrum,placed on ir with undisclosed injury,,,,8/11/2019,
2019,Titans,,cody conway,placed on ir with undisclosed injury,,,,8/11/2019,
2019,Titans,,riley bullough,placed on ir with elbow injury,,,,8/11/2019,
2019,49ers,,shon coleman,"placed on ir with fractured right fibula, dislocated right ankle",,,,8/12/2019,
2019,Lions,,tre lamar,placed on ir with undisclosed injury,,,,8/12/2019,
2019,Redskins,,josh woodrum,placed on ir with torn pectoral muscle,,,,8/12/2019,
2019,Dolphins,,jonathan woodard,placed on ir with undisclosed injury,,,,8/13/2019,
2019,Eagles,,shelton gibson,placed on ir with ankle injury,,,,8/13/2019,
2019,Giants,,amba etta-tawo,placed on ir with torn achilles tendon,,,,8/13/2019,
2019,Patriots,,d'angelo ross,placed on ir with undisclosed injury,,,,8/13/2019,
2019,Titans,,jordan williams cornell,placed on ir with undisclosed injury,,,,8/13/2019,
2019,Chargers,,andrew vollert,placed on ir with torn acl in knee,,,,8/14/2019,
2019,Giants,,isaiah searight,placed on ir with hamstring injury,,,,8/14/2019,
2019,49ers,,greg mabin,placed on ir with calf injury,,,,8/17/2019,
2019,Jets,,avery williamson,placed on ir with torn acl in right knee,,,,8/17/2019,
2019,Texans,,jermaine kelly,placed on ir with quadriceps injury,,,,8/17/2019,
2019,Redskins,,myles humphrey,placed on ir with knee injury,,,,8/18/2019,
2019,Colts,,d'onta foreman,placed on ir with torn biceps,,,,8/19/2019,
2019,Colts,,daurice fountain,placed on ir with fractured ankle,,,,8/19/2019,
2019,Panthers,,jonathan celestin,placed on ir with undisclosed injury,,,,8/19/2019,
2019,Panthers,,norman price,placed on ir with left leg injury,,,,8/19/2019,
2019,Bills,,garrett mcghin,placed on ir with ankle injury,,,,8/20/2019,
2019,Buccaneers,,shane bowman,placed on ir with ankle injury,,,,8/20/2019,
2019,Chiefs,,marcus kemp,"placed on ir with torn acl, mcl in knee",,,,8/20/2019,
2019,Seahawks,,demetrius knox,placed on ir with knee/quadriceps injury,,,,8/20/2019,
2019,Titans,,nigel harris,placed on ir with undisclosed injury,,,,8/20/2019,
2019,Broncos,,horace richardson,placed on ir with back injury,,,,8/21/2019,
2019,Broncos,,johnathan howard  bug howard,placed on ir with hand injury,,,,8/21/2019,
2019,Browns,,dj montgomery,placed on ir with hamstring injury,,,,8/21/2019,
2019,Chiefs,,davon grayson,placed on ir with knee injury,,,,8/21/2019,
2019,Dolphins,,saeed blacknall,placed on ir with undisclosed injury,,,,8/21/2019,
2019,Saints,,chris clark,placed on ir with right leg injury,,,,8/21/2019,
2019,49ers,,shawn poindexter,placed on ir with torn acl in knee,,,,8/22/2019,
2019,Broncos,,aaron wallace b,placed on ir with hamstring injury,,,,8/23/2019,
2019,Steelers,,lavon hooks,placed on ir with achilles injury,,,,8/23/2019,
2019,Cardinals,,hakeem butler,placed on ir with hand injury,,,,8/25/2019,
2019,Cardinals,,josh shaw james,placed on ir with shoulder injury,,,,8/25/2019,
2019,Patriots,,brandon king b 1993-06-08,placed on ir with torn quadriceps,,,,8/25/2019,
2019,Raiders,,doug martin matthewbaran,placed on ir with shoulder injury,,,,8/25/2019,
2019,49ers,,tim harris jr,placed on ir with groin injury,,,,8/26/2019,
2019,Buccaneers,,kahzin daniels,placed on ir with knee injury,,,,8/26/2019,
2019,Patriots,,keionta davis,placed on ir with undisclosed injury,,,,8/26/2019,
2019,Patriots,,maurice harris,placed on ir with lower leg injury,,,,8/26/2019,
2019,Saints,,garrett griffin,placed on ir with undisclosed injury,,,,8/26/2019,
2019,Texans,,david steinmetz,placed on ir with fractured ankle,,,,8/26/2019,
2019,Texans,,lamar miller,"placed on ir with torn acl, mcl in knee",,,,8/26/2019,
2019,Chiefs,,john lovett b 1996-04-25,placed on ir with separated right shoulder,,,,8/27/2019,
2019,Packers,,mike tyson,placed on ir with undisclosed injury,,,,8/27/2019,
2019,Seahawks,,kalan reed,placed on ir with neck injury,,,,8/27/2019,
2019,Seahawks,,nazair jones,placed on ir with knee injury,,,,8/27/2019,
2019,Bears,,tj clemmings,placed on ir with quadriceps injury,,,,8/28/2019,
2019,Bills,,mike love b 1994-01-22,placed on ir with pectoral injury,,,,8/28/2019,
2019,Dolphins,,chase allen b 1993-08-29,placed on ir with undisclosed injury,,,,8/28/2019,
2019,Eagles,,charles johnson david b 1989-02-27,placed on ir with ankle injury,,,,8/28/2019,
2019,Panthers,,destiny vaeao,placed on ir with quadriceps injury,,,,8/28/2019,
2019,Steelers,,brian allen b 1993-10-10,placed on ir with ankle injury,,,,8/28/2019,
2019,Titans,,josh smith a,placed on ir with undisclosed injury,,,,8/29/2019,
2019,Eagles,,richard rodgers christopher,placed on ir with foot injury,,,,8/30/2019,
2019,Jets,,brandon bryant,placed on ir with concussion,,,,8/30/2019,
2019,Panthers,,graham gano,placed on ir with left knee injury,,,,8/30/2019,
2019,Panthers,,kitt o'brien,placed on ir with undisclosed injury,,,,8/30/2019,
2019,Saints,,colton jumper,placed on ir with undisclosed injury,,,,8/30/2019,
2019,Saints,,josh martin,placed on ir with shoulder injury,,,,8/30/2019,
2019,Saints,,will compton,placed on ir with ankle injury,,,,8/30/2019,
2019,49ers,,jerick mckinnon,placed on ir with knee injury,,,,8/31/2019,
2019,49ers,,nick williams b 1990-11-23,placed on ir with undisclosed injury,,,,8/31/2019,
2019,Bears,,blake blackmar,placed on ir with ankle injury,,,,8/31/2019,
2019,Bears,,dax raymond,placed on ir with head injury,,,,8/31/2019,
2019,Bengals,,jeff driskel,placed on ir with hamstring injury,,,,8/31/2019,
2019,Bengals,,rodney anderson,placed on ir with torn acl in knee,,,,8/31/2019,
2019,Bills,,senorise perry,placed on ir with quadriceps injury,,,,8/31/2019,
2019,Bills,,vosean joseph,placed on ir with shoulder injury,,,,8/31/2019,
2019,Broncos,,drew lock,placed on ir with thumb injury,,,,8/31/2019,
2019,Browns,,phillip gaines,placed on ir with concussion,,,,8/31/2019,
2019,Chiefs,,breeland speaks,placed on ir with knee injury,,,,8/31/2019,
2019,Chiefs,,gehrig dieter,placed on ir with back injury,,,,8/31/2019,
2019,Cowboys,,chris westry,placed on ir with ankle injury,,,,8/31/2019,
2019,Cowboys,,cody wichmann,placed on ir with calf injury,,,,8/31/2019,
2019,Cowboys,,daniel ross,placed on ir with shoulder injury,,,,8/31/2019,
2019,Cowboys,,jalen jelks,placed on ir with undisclosed injury,,,,8/31/2019,
2019,Cowboys,,jon'vea johnson,placed on ir with shoulder injury,,,,8/31/2019,
2019,Eagles,,aziz shittu,placed on ir with head injury,,,,8/31/2019,
2019,Falcons,,matt simms,placed on ir with undisclosed injury,,,,8/31/2019,
2019,Giants,,brittan golden,placed on ir with calf injury,,,,8/31/2019,
2019,Giants,,george asafo-adjei,placed on ir with concussion,,,,8/31/2019,
2019,Giants,,jonathan anderson,placed on ir with knee injury,,,,8/31/2019,
2019,Giants,,rod smith b 1992-01-10,placed on ir with adductor injury,,,,8/31/2019,
2019,Giants,,scott simonson,placed on ir with ankle injury,,,,8/31/2019,
2019,Jaguars,,ben ijalana,placed on ir with elbow injury,,,,8/31/2019,
2019,Jaguars,,terrelle pryor,placed on ir with hamstring injury,,,,8/31/2019,
2019,Packers,,equanimeous st brown,placed on ir with ankle injury,,,,8/31/2019,
2019,Patriots,,david andrews,placed on ir with blood clot in lungs,,,,8/31/2019,
2019,Patriots,,derek rivers,placed on ir with undisclosed injury,,,,8/31/2019,
2019,Patriots,,hjalte froholdt,placed on ir with shoulder injury,,,,8/31/2019,
2019,Patriots,,malik gant,placed on ir with leg injury,,,,8/31/2019,
2019,Raiders,,justin ellis,placed on ir with knee injury,,,,8/31/2019,
2019,Rams,,micah kiser,placed on ir with pectoral muscle injury,,,,8/31/2019,
2019,Ravens,,alvin jones b 1994-12-02,placed on ir with undisclosed injury,,,,8/31/2019,
2019,Ravens,,fish smithson,placed on ir with undisclosed injury,,,,8/31/2019,
2019,Ravens,,kenneth dixon,placed on ir with undisclosed injury,,,,8/31/2019,
2019,Ravens,,randin crecelius,placed on ir with concussion,,,,8/31/2019,
2019,Ravens,,tavon young,placed on ir with neck injury,,,,8/31/2019,
2019,Saints,,cameron tom,placed on ir with undisclosed injury,,,,8/31/2019,
2019,Saints,,marcus sherels,placed on ir with undisclosed injury,,,,8/31/2019,
2019,Saints,,marshall newhouse,placed on ir with undisclosed injury,,,,8/31/2019,
2019,Seahawks,,jordan simmons,placed on ir with knee injury,,,,8/31/2019,
2019,Texans,,joe webb,placed on ir with foot injury,,,,8/31/2019,
2019,49ers,,adrian colbert,placed on ir with hamstring injury,,,,9/1/2019,
2019,49ers,,andrew lauderdale,placed on ir with undisclosed injury,,,,9/1/2019,
2019,49ers,,kentavius street,placed on ir with knee injury,,,,9/1/2019,
2019,Bills,,jason croom,placed on ir with hamstring injury,,,,9/1/2019,
2019,Broncos,,dadi lhomme nicolas  dadi nicolas,placed on ir with undisclosed injury,,,,9/1/2019,
2019,Broncos,,dymonte thomas,placed on ir with knee injury,,,,9/1/2019,
2019,Broncos,,joe dineen jr,placed on ir with fractured right hand,,,,9/1/2019,
2019,Broncos,,ryan crozier,placed on ir with undisclosed injury,,,,9/1/2019,
2019,Browns,,joe kerridge,placed on ir with concussion,,,,9/1/2019,
2019,Browns,,kyle kalis,placed on ir with concussion,,,,9/1/2019,
2019,Buccaneers,,cortrelle simpson,placed on ir with undisclosed injury,,,,9/1/2019,
2019,Buccaneers,,jeremiah ledbetter,placed on ir with ankle injury,,,,9/1/2019,
2019,Buccaneers,,kj brent,placed on ir with undisclosed injury,,,,9/1/2019,
2019,Cardinals,,brandon williams b 1992-09-09,placed on ir with shoulder injury,,,,9/1/2019,
2019,Cardinals,,pita taumoepenu,placed on ir with hamstring injury,,,,9/1/2019,
2019,Cardinals,,rees odhiambo,placed on ir with chest injury,,,,9/1/2019,
2019,Cardinals,,robert alford,placed on ir with leg injury,,,,9/1/2019,
2019,Cardinals,,william sweet,placed on ir with foot injury,,,,9/1/2019,
2019,Chargers,,ben johnson b 1994-07-28,placed on ir with undisclosed injury,,,,9/1/2019,
2019,Chargers,,brant weiss,placed on ir with undisclosed injury,,,,9/1/2019,
2019,Chargers,,derwin james jr,placed on ir with foot injury,,,,9/1/2019,
2019,Chargers,,vince mayle,placed on ir with undisclosed injury,,,,9/1/2019,
2019,Chiefs,,chad henne,placed on ir with ankle injury,,,,9/1/2019,
2019,Chiefs,,felton davis,placed on ir with shoulder injury,,,,9/1/2019,
2019,Chiefs,,michael hunter,placed on ir with groin injury,,,,9/1/2019,
2019,Colts,,ahmad thomas,placed on ir with undisclosed injury,,,,9/1/2019,
2019,Colts,,isaiah johnson nathan,placed on ir with undisclosed injury,,,,9/1/2019,
2019,Colts,,kai nacua,placed on ir with undisclosed injury,,,,9/1/2019,
2019,Colts,,marcus johnson b 1994-08-05,placed on ir with concussion,,,,9/1/2019,
2019,Colts,,penny hart,placed on ir with undisclosed injury,,,,9/1/2019,
2019,Colts,,shakial taylor,placed on ir with concussion,,,,9/1/2019,
2019,Cowboys,,codey mcelroy,placed on ir with neck injury,,,,9/1/2019,
2019,Cowboys,,jameill showers,placed on ir with hamstring injury,,,,9/1/2019,
2019,Cowboys,,tyvis powell,placed on ir with hamstring injury,,,,9/1/2019,
2019,Dolphins,,quentin poling,placed on ir with undisclosed injury,,,,9/1/2019,
2019,Falcons,,alex gray b 1991-05-01,placed on ir with undisclosed injury,,,,9/1/2019,
2019,Falcons,,richie brown,placed on ir with undisclosed injury,,,,9/1/2019,
2019,Falcons,,taveze calhoun,placed on ir with head injury,,,,9/1/2019,
2019,Giants,,alex wesley,placed on ir with foot injury,,,,9/1/2019,
2019,Giants,,chad wheeler,placed on ir with back injury,,,,9/1/2019,
2019,Giants,,henre' toliver,placed on ir with ankle injury,,,,9/1/2019,
2019,Giants,,keion adams,placed on ir with knee injury,,,,9/1/2019,
2019,Giants,,kenny ladler,placed on ir with hamstring injury,,,,9/1/2019,
2019,Giants,,ronald zamort,placed on ir with ankle injury,,,,9/1/2019,
2019,Giants,,sam beal,placed on ir with hamstring injury,,,,9/1/2019,
2019,Giants,,victor salako,placed on ir with shoulder injury,,,,9/1/2019,
2019,Jaguars,,alfred blue,placed on ir with ankle injury,,,,9/1/2019,
2019,Jaguars,,devante mays,placed on ir with ankle injury,,,,9/1/2019,
2019,Jaguars,,donnell greene,placed on ir with undisclosed injury,,,,9/1/2019,
2019,Jaguars,,kc mcdermott,placed on ir with ankle injury,,,,9/1/2019,
2019,Jaguars,,leonard wester,placed on ir with undisclosed injury,,,,9/1/2019,
2019,Jets,,mark myers b  marko myers,placed on ir with head injury,,,,9/1/2019,
2019,Lions,,andy jones,placed on ir with undisclosed injury,,,,9/1/2019,
2019,Packers,,curtis bolton,placed on ir with knee injury,,,,9/1/2019,
2019,Packers,,malcolm johnson jamaine,placed on ir with shoulder injury,,,,9/1/2019,
2019,Panthers,,damian parms,placed on ir with undisclosed injury,,,,9/1/2019,
2019,Panthers,,kofi amichia,placed on ir with undisclosed injury,,,,9/1/2019,
2019,Panthers,,marcus baugh,placed on ir with undisclosed injury,,,,9/1/2019,
2019,Raiders,,alex barrett,placed on ir with undisclosed injury,,,,9/1/2019,
2019,Raiders,,cameron hunt,placed on ir with undisclosed injury,,,,9/1/2019,
2019,Raiders,,eddie vanderdoes,placed on ir with concussion,,,,9/1/2019,
2019,Raiders,,makinton dorleant,placed on ir with undisclosed injury,,,,9/1/2019,
2019,Raiders,,paul butler,placed on ir with undisclosed injury,,,,9/1/2019,
2019,Rams,,alex bachman,placed on ir with undisclosed injury,,,,9/1/2019,
2019,Rams,,dominique hatfield,placed on ir with ankle injury,,,,9/1/2019,
2019,Rams,,josh carraway,placed on ir with achilles injury,,,,9/1/2019,
2019,Rams,,trevon young,placed on ir with ankle injury,,,,9/1/2019,
2019,Redskins,,matt flanagan,placed on ir with undisclosed injury,,,,9/1/2019,
2019,Seahawks,,jeremy boykins,placed on ir with undisclosed injury,,,,9/1/2019,
2019,Seahawks,,justin currie,placed on ir with undisclosed injury,,,,9/1/2019,
2019,Texans,,bj bello,placed on ir with hamstring injury,,,,9/1/2019,
2019,Texans,,xavier woodson-luster,placed on ir with ankle injury,,,,9/1/2019,
2019,Vikings,,ade aruna,placed on ir with undisclosed injury,,,,9/1/2019,
2019,Vikings,,isaiah wharton,placed on ir with undisclosed injury,,,,9/1/2019,
2019,Bengals,,o'shea dugas,placed on ir with knee injury,,,,9/2/2019,
2019,Broncos,,jake butt,placed on ir with knee injury,,,,9/2/2019,
2019,Broncos,,theo riddick,placed on ir with shoulder injury,,,,9/2/2019,
2019,Browns,,drew forbes,placed on ir with knee injury,,,,9/2/2019,
2019,Cowboys,,connor mcgovern b 1997-11-03,placed on ir with pectoral muscle injury,,,,9/2/2019,
2019,Eagles,,cre'von leblanc,placed on ir with foot injury,,,,9/2/2019,
2019,Eagles,,jordan thomas b 1996-01-12,placed on ir with cracked rib,,,,9/2/2019,
2019,Jets,,brent qvale,placed on ir with knee injury,,,,9/2/2019,
2019,Lions,,austin bryant,placed on ir with arm injury / pectoral injury,,,,9/2/2019,
2019,Patriots,,n'keal harry,placed on ir with ankle injury,,,,9/2/2019,
2019,Raiders,,isaiah johnson b 1995-12-20,"placed on ir with concussion, facial fracture",,,,9/2/2019,
2019,Raiders,,nathan peterman,placed on ir with elbow injury,,,,9/2/2019,
2019,Rams,,justin lawler,placed on ir with foot injury,,,,9/2/2019,
2019,Ravens,,iman lewis-marshall  iman marshall,placed on ir with toe injury,,,,9/2/2019,
2019,Redskins,,jordan brailford,placed on ir with undisclosed injury,,,,9/2/2019,
2019,Redskins,,shaun wilson,placed on ir with ankle injury,,,,9/2/2019,
2019,Seahawks,,ed dickson,placed on ir with knee injury,,,,9/2/2019,
2019,Texans,,kahale warring,placed on ir with concussion,,,,9/2/2019,
2019,Titans,,joshua kalu,placed on ir with ankle injury,,,,9/2/2019,
2019,Packers,,jace sternberger,placed on ir with ankle / knee injury,,,,9/3/2019,
2019,Titans,,ryan succop,placed on ir with knee injury,,,,9/4/2019,
2019,Dolphins,,andrew van ginkel,placed on ir with foot injury,,,,9/6/2019,
2019,Buccaneers,,justin evans b 1995-08-26,placed on ir with achilles injury,,,,9/9/2019,
2019,Colts,,devin funchess,placed on ir with fractured left clavicle,,,,9/9/2019,
2019,Falcons,,chris lindstrom b 1997-02-28,placed on ir with foot injury,,,,9/9/2019,
2019,Jaguars,,nick foles,placed on ir with fractured left clavicle,,,,9/9/2019,
2019,Cardinals,,marcus gilbert christopher,placed on ir with knee injury,,,,9/10/2019,
2019,Eagles,,malik jackson barron,placed on ir with lisfranc injury in foot,,,,9/10/2019,
2019,Broncos,,tim patrick,placed on ir with left hand injury,,,,9/11/2019,
2019,Chargers,,trevor williams,placed on ir with quadriceps injury,,,,9/11/2019,
2019,Giants,,kareem martin,placed on ir with knee injury,,,,9/11/2019,
2019,Jets,,quincy enunwa,placed on ir with neck injury,,,,9/11/2019,
2019,Raiders,,johnathan abram,placed on ir with shoulder injury,,,,9/11/2019,
2019,Redskins,,greg stroman,placed on ir with undisclosed injury,,,,9/11/2019,
2019,Dolphins,,jonathan ledbetter,placed on ir with ankle injury,,,,9/12/2019,
2019,Vikings,,josh doctson,placed on ir with hamstring injury,,,,9/12/2019,
2019,Dolphins,,julie'n davenport  julien davenport,placed on ir with knee injury,,,,9/13/2019,
2019,Redskins,,caleb brantley,placed on ir with foot injury,,,,9/13/2019,
2019,Redskins,,derrius guice,placed on ir with knee injury,,,,9/13/2019,
2019,Browns,,drew stanton,placed on ir with knee injury,,,,9/16/2019,
2019,Packers,,raven greene,placed on ir with ankle injury,,,,9/16/2019,
2019,Saints,,alex anzalone,placed on ir with shoulder injury,,,,9/16/2019,
2019,Steelers,,ben roethlisberger,placed on ir with surgery on right elbow,,,,9/16/2019,
2019,Chargers,,adrian phillips,placed on ir with fractured right forearm,,,,9/17/2019,
2019,Falcons,,ra'shede hageman,placed on ir with hamstring injury,,,,9/17/2019,
2019,Patriots,,isaiah wynn,placed on ir with turf toe,,,,9/17/2019,
2019,Saints,,keith kirkwood,placed on ir with hamstring injury,,,,9/17/2019,
2019,Steelers,,sean davis,placed on ir with shoulder injury,,,,9/17/2019,
2019,Jets,,trevor siemian,placed on ir with ankle injury,,,,9/18/2019,
2019,Redskins,,dominique rodgers-cromartie,placed on ir with ankle injury,,,,9/18/2019,
2019,49ers,,trent taylor,placed on ir with foot injury,,,,9/20/2019,
2019,Browns,,david njoku,placed on ir with fractured wrist,,,,9/20/2019,
2019,Browns,,christian kirksey,placed on ir with chest injury,,,,9/21/2019,
2019,Eagles,,jordan mailata,placed on ir with back injury,,,,9/21/2019,
2019,Packers,,lane taylor,placed on ir with biceps injury,,,,9/21/2019,
2019,Panthers,,brandon greene,placed on ir with neck injury,,,,9/23/2019,
2019,Patriots,,james develin,placed on ir with neck injury,,,,9/23/2019,
2019,Bills,,harrison phillips,placed on ir with torn acl in left knee,,,,9/24/2019,
2019,Buccaneers,,blaine gabbert,placed on ir with left shoulder injury,,,,9/24/2019,
2019,Falcons,,keanu neal,placed on ir with torn left achilles tendon,,,,9/24/2019,
2019,Raiders,,marquel lee,placed on ir with ankle injury,,,,9/24/2019,
2019,Vikings,,chad beebe,placed on ir with torn ligaments in ankle,,,,9/24/2019,
2019,Dolphins,,danny isidora,placed on ir with surgery on foot,,,,9/25/2019,
2019,Saints,,kaden elliss,placed on ir with knee injury,,,,9/25/2019,
2019,Steelers,,xavier grimble,placed on ir with calf injury,,,,9/25/2019,
2019,Texans,,senio kelemete,placed on ir with wrist injury,,,,9/25/2019,
2019,Bengals,,darius phillips,placed on ir with left knee injury,,,,9/26/2019,
2019,Dolphins,,james crawford,placed on ir with knee injury,,,,9/26/2019,
2019,Giants,,russell shepard,placed on ir with foot injury,,,,9/26/2019,
2019,Ravens,,otaro alaka,placed on ir with hamstring injury,,,,9/28/2019,
2019,Giants,,ryan connelly,placed on ir with torn acl in knee,,,,9/30/2019,
2019,Broncos,,bradley chubb,placed on ir with torn acl in left knee,,,,10/1/2019,
2019,Chargers,,sean culkin,placed on ir with torn achilles tendon,,,,10/1/2019,
2019,Panthers,,kawann short,placed on ir with partially torn rotator cuff in shoulder,,,,10/1/2019,
2019,Bengals,,john ross iii,placed on ir with clavicle injury,,,,10/2/2019,
2019,Chargers,,dontrelle inman,placed on ir with quadriceps injury,,,,10/2/2019,
2019,Cowboys,,kavon frazier,placed on ir with torn pectoral muscle,,,,10/2/2019,
2019,Panthers,,chris hogan,placed on ir with left knee injury,,,,10/2/2019,
2019,Patriots,,stephen gostkowski,placed on ir with surgery on left hip,,,,10/2/2019,
2019,49ers,,jalen hurd,placed on ir with back injury,,,,10/3/2019,
2019,49ers,,jason verrett,placed on ir with ankle / knee injury,,,,10/3/2019,
2019,Ravens,,brynden trawick,placed on ir with elbow injury,,,,10/3/2019,
2019,Jets,,john franklin-myers,placed on ir with undisclosed injury,,,,10/4/2019,
2019,Titans,,david fluellen,placed on ir with knee injury,,,,10/4/2019,
2019,Browns,,willie harvey,placed on ir with shoulder injury,,,,10/4/2019,
2019,Cardinals,,jordan mills,placed on ir with knee injury,,,,10/5/2019,
2019,Falcons,,matt bosher,placed on ir with right groin injury,,,,10/5/2019,
2019,Raiders,,jordan devey,placed on ir with torn pectoral muscle,,,,10/5/2019,
2019,Eagles,,alex ellis,placed on ir with knee injury,,,,10/7/2019,
2019,Ravens,,tony jefferson,placed on ir with torn acl in knee,,,,10/7/2019,
2019,Broncos,,de'vante bausby  devante bausby,placed on ir with neck injury,,,,10/8/2019,
2019,Falcons,,johnathan cyprien,placed on ir with foot injury,,,,10/8/2019,
2019,Chargers,,mike pouncey,placed on ir with neck injury,,,,10/9/2019,
2019,Chiefs,,xavier williams,placed on ir with ankle injury,,,,10/9/2019,
2019,Jaguars,,james o'shaughnessy,placed on ir with torn acl in knee,,,,10/9/2019,
2019,Buccaneers,,zack bailey,placed on ir with foot injury,,,,10/11/2019,
2019,Eagles,,corey clement,placed on ir with shoulder injury,,,,10/11/2019,
2019,Seahawks,,ethan pocic,placed on ir with back injury,,,,10/11/2019,
2019,Redskins,,jordan reed,placed on ir with concussion,,,,10/12/2019,
2019,Bears,,kyle long,placed on ir with hip injury,,,,10/14/2019,
2019,Bengals,,kerry wynn,placed on ir with concussion,,,,10/14/2019,
2019,Colts,,kemoko turay,placed on ir with fractured ankle,,,,10/14/2019,
2019,Patriots,,jakob johnson,placed on ir with shoulder injury,,,,10/14/2019,
2019,Rams,,aqib talib,placed on ir with fractured ribs,,,,10/14/2019,
2019,Bears,,akiem hicks,placed on ir with elbow injury,,,,10/15/2019,
2019,Cowboys,,tyrone crawford,placed on ir with surgery on hip,,,,10/15/2019,
2019,Rams,,joe noteboom,"placed on ir with torn acl, mcl in knee",,,,10/15/2019,
2019,Ravens,,deshon elliott,placed on ir with knee injury,,,,10/15/2019,
2019,Redskins,,jerome cunningham,placed on ir with knee injury,,,,10/15/2019,
2019,Steelers,,stephon tuitt,placed on ir with torn pectoral muscle,,,,10/15/2019,
2019,Rams,,john johnson iii,placed on ir with shoulder injury,,,,10/16/2019,
2019,Chargers,,travis benjamin,placed on ir with quadriceps injury,,,,10/17/2019,
2019,Seahawks,,will dissly,placed on ir with ruptured achilles tendon,,,,10/19/2019,
2019,Texans,,phillip gaines,placed on ir with surgery on left ankle,,,,10/21/2019,
2019,Jaguars,,dj alexander,placed on ir with foot injury,,,,10/22/2019,
2019,Jaguars,,geoff swaim,"placed on ir with ankle injury, concussion",,,,10/22/2019,
2019,Lions,,kerryon johnson,placed on ir with knee injury,,,,10/22/2019,
2019,Panthers,,natrell jamerson,placed on ir with foot injury,,,,10/22/2019,
2019,Ravens,,pernell mcphee,placed on ir with torn triceps,,,,10/22/2019,
2019,Chargers,,forrest lamp,placed on ir with fractured fibula in right leg,,,,10/23/2019,
2019,Eagles,,hassan ridgeway,placed on ir with ankle injury,,,,10/23/2019,
2019,Patriots,,josh gordon,placed on ir with knee injury,,,,10/23/2019,
2019,Jaguars,,marcell dareus,placed on ir with core muscle injury,,,,10/25/2019,
2019,Chargers,,nasir adderley,placed on ir with hamstring injury,,,,10/26/2019,
2019,Cardinals,,dj foster,placed on ir with hamstring injury,,,,10/28/2019,
2019,Jaguars,,marqise lee,placed on ir with shoulder injury,,,,10/29/2019,
2019,Seahawks,,justin britt b 1991-05-29,placed on ir with torn acl in left knee,,,,10/29/2019,
2019,Bengals,,ryan glasgow,placed on ir with right knee injury,,,,10/30/2019,
2019,Buccaneers,,jack cichy,placed on ir with elbow injury,,,,10/30/2019,
2019,Dolphins,,xavien howard,placed on ir with knee injury,,,,10/30/2019,
2019,Jets,,albert mcclellan,placed on ir with concussion,,,,10/30/2019,
2019,Seahawks,,tedric thompson,placed on ir with shoulder injury,,,,10/30/2019,
2019,Texans,,jj watt,placed on ir with torn pectoral muscle,,,,10/30/2019,
2019,Broncos,,corey nelson,placed on ir with torn biceps,,,,11/1/2019,
2019,Broncos,,joe flacco,placed on ir with neck injury,,,,11/1/2019,
2019,Browns,,daniel ekuale,placed on ir with calf injury,,,,11/1/2019,
2019,Jets,,blake cashman,placed on ir with shoulder injury,,,,11/1/2019,
2019,Jets,,trenton cannon,"placed on ir with ankle, foot injuries",,,,11/1/2019,
2019,Chiefs,,greg senat,placed on ir with undisclosed injury,,,,11/2/2019,
2019,Lions,,tra carson,placed on ir with hamstring injury,,,,11/2/2019,
2019,49ers,,kwon alexander,placed on ir with torn pectoral muscle,,,,11/5/2019,
2019,Bills,,maurice alexander,"placed on ir with calf, knee injury",,,,11/5/2019,
2019,Buccaneers,,antony auclair,placed on ir with toe injury,,,,11/5/2019,
2019,Dolphins,,preston williams,placed on ir with torn acl in left knee,,,,11/5/2019,
2019,Eagles,,desean jackson,placed on ir with surgery to repair core muscle injury,,,,11/5/2019,
2019,Jets,,joshua bellamy  josh bellamy,placed on ir with foot injury,,,,11/5/2019,
2019,Jets,,trumaine johnson monte,placed on ir with ankle injury,,,,11/5/2019,
2019,Panthers,,cam newton jerrell,placed on ir with foot injury,,,,11/5/2019,
2019,Steelers,,ulysees gilbert iii,placed on ir with back injury,,,,11/5/2019,
2019,Titans,,malcolm butler,placed on ir with fractured left wrist,,,,11/5/2019,
2019,Cardinals,,clinton mcdonald,placed on ir with neck injury,,,,11/6/2019,
2019,Jets,,rontez miles,placed on ir with neck injury,,,,11/6/2019,
2019,Raiders,,arden key,placed on ir with foot injury,,,,11/7/2019,
2019,Cardinals,,brooks reed,placed on ir with hamstring injury,,,,11/8/2019,
2019,Falcons,,ito smith,placed on ir with neck injury,,,,11/9/2019,
2019,Raiders,,karl joseph,placed on ir with foot injury,,,,11/9/2019,
2019,Chiefs,,martinas rankin,placed on ir with knee injury,,,,11/11/2019,
2019,Jets,,brian winters,placed on ir with dislocated shoulder,,,,11/12/2019,
2019,Jets,,chris herndon,placed on ir with fractured rib,,,,11/12/2019,
2019,Lions,,kevin strong,placed on ir with rib injury,,,,11/12/2019,
2019,Rams,,brian allen b 1995-10-11,placed on ir with mcl injury in left knee,,,,11/12/2019,
2019,Rams,,bryce hager,placed on ir with shoulder injury,,,,11/12/2019,
2019,Ravens,,daylon mack,placed on ir with knee injury,,,,11/12/2019,
2019,49ers,,ronald blair,placed on ir with torn acl in right knee,,,,11/13/2019,
2019,Cardinals,,zach allen,placed on ir with neck injury,,,,11/13/2019,
2019,Steelers,,roosevelt nix delbert,placed on ir with knee injury,,,,11/14/2019,
2019,Steelers,,ryan switzer,placed on ir with back injury,,,,11/14/2019,
2019,Vikings,,brett jones,placed on ir with torn mcl in left knee,,,,11/14/2019,
2019,Bengals,,dre kirkpatrick,placed on ir with knee injury,,,,11/15/2019,
2019,Broncos,,bryce callahan,placed on ir with foot injury,,,,11/15/2019,
2019,Eagles,,darren sproles,placed on ir with right hip flexor injury,,,,11/15/2019,
2019,Bears,,trey burton,placed on ir with calf injury,,,,11/16/2019,
2019,Cowboys,,adam redmond,placed on ir with back injury,,,,11/16/2019,
2019,Jets,,ryan kalil,placed on ir with knee injury,,,,11/16/2019,
2019,Chiefs,,emmanuel ogbah,placed on ir with torn pectoral muscle,,,,11/18/2019,
2019,Jaguars,,josh oliver,placed on ir with back injury,,,,11/18/2019,
2019,Jaguars,,lerentee mccray,placed on ir with hamstring injury,,,,11/18/2019,
2019,Raiders,,dwayne harris,placed on ir with foot injury,,,,11/18/2019,
2019,Broncos,,andy janovich,placed on ir with elbow injury,,,,11/19/2019,
2019,Browns,,morgan burnett,placed on ir with torn achilles tendon,,,,11/19/2019,
2019,Patriots,,gunner olszewski,"placed on ir with ankle, hamstring injury",,,,11/19/2019,
2019,Steelers,,leterrius walton  lt walton,placed on ir with torn meniscus in knee,,,,11/19/2019,
2019,Cowboys,,anthony brown shaquille,placed on ir with triceps injury,,,,11/20/2019,
2019,Dolphins,,bobby mccain,placed on ir with shoulder injury,,,,11/20/2019,
2019,Dolphins,,gary jennings,placed on ir with shoulder injury,,,,11/20/2019,
2019,Dolphins,,reshad jones,placed on ir with chest injury,,,,11/20/2019,
2019,Lions,,nick bawden,placed on ir with knee injury / foot injury,,,,11/20/2019,
2019,Redskins,,vernon davis,placed on ir with concussion,,,,11/22/2019,
2019,Saints,,austin carr,placed on ir with ankle injury,,,,11/22/2019,
2019,Seahawks,,ed dickson,placed on ir with knee injury,,,,11/22/2019,
2019,Eagles,,johnathan ford  rudy ford,placed on ir with abdominal injury,,,,11/23/2019,
2019,Packers,,cole madison,placed on ir with torn acl in knee,,,,11/23/2019,
2019,Texans,,dylan cole,placed on ir with torn acl in right knee,,,,11/23/2019,
2019,Colts,,eric ebron,placed on ir with ankle injury,,,,11/25/2019,
2019,Jaguars,,najee goode,placed on ir with knee injury,,,,11/26/2019,
2019,Titans,,cameron wake,placed on ir with hamstring injury,,,,11/26/2019,
2019,Titans,,chris milton,placed on ir with undisclosed injury,,,,11/26/2019,
2019,49ers,,damontre moore,placed on ir with fractured forearm,,,,11/27/2019,
2019,Dolphins,,jakeem grant,placed on ir with ankle injury,,,,11/27/2019,
2019,Lions,,marvin hall,placed on ir with left foot injury,,,,11/27/2019,
2019,Panthers,,dontari poe,placed on ir with quadriceps injury,,,,11/27/2019,
2019,Panthers,,greg van roten,placed on ir with foot injury,,,,11/27/2019,
2019,Ravens,,matt skura,placed on ir with knee injury,,,,11/27/2019,
2019,Titans,,delanie walker,placed on ir with ankle injury,,,,11/27/2019,
2019,Bengals,,alex redmond,placed on ir with left elbow injury,,,,11/29/2019,
2019,Panthers,,jordan scarlett,"placed on ir with ankle, knee injury",,,,11/29/2019,
2019,Bears,,adam shaheen,placed on ir with foot injury,,,,11/30/2019,
2019,Bears,,sherrick mcmanis,placed on ir with groin injury,,,,11/30/2019,
2019,Chargers,,geremy davis,placed on ir with hamstring injury,,,,11/30/2019,
2019,Giants,,zak deossie,"placed on ir with knee, wrist injury",,,,11/30/2019,
2019,Lions,,jeff driskel,placed on ir with hamstring injury,,,,11/30/2019,
2019,Texans,,tytus howard,placed on ir with knee injury,,,,11/30/2019,
2019,Cowboys,,connor williams,placed on ir with torn acl in right knee,,,,12/2/2019,
2019,Lions,,tj hockenson,placed on ir with ankle injury,,,,12/2/2019,
2019,Vikings,,ben gedeon,placed on ir with concussion,,,,12/2/2019,
2019,Broncos,,derek wolfe,placed on ir with dislocated left elbow,,,,12/3/2019,
2019,Colts,,chester rogers,placed on ir with knee injury,,,,12/3/2019,
2019,Dolphins,,kalen ballage,placed on ir with left leg injury,,,,12/3/2019,
2019,Jets,,clint mosley jr  cj mosley,placed on ir with groin injury,,,,12/3/2019,
2019,Rams,,bruce natson  jojo natson jr,placed on ir with hamstring injury,,,,12/3/2019,
2019,Cardinals,,jonathan bullard,placed on ir with hamstring injury,,,,12/5/2019,
2019,Chiefs,,darrel williams,placed on ir with hamstring injury,,,,12/5/2019,
2019,Dolphins,,ken crawley,placed on ir with shoulder injury,,,,12/5/2019,
2019,Jaguars,,myles jack,placed on ir with knee injury,,,,12/5/2019,
2019,Bengals,,brandon wilson,placed on ir with right hand injury,,,,12/6/2019,
2019,Saints,,jason vander laan,placed on ir with head injury / concussion,,,,12/6/2019,
2019,Bengals,,drew sample,placed on ir with ankle injury,,,,12/7/2019,
2019,Browns,,robert jackson jr,placed on ir with ankle injury,,,,12/7/2019,
2019,Falcons,,matt bosher,placed on ir with right groin injury,,,,12/7/2019,
2019,Giants,,chris peace,placed on ir with knee injury,,,,12/7/2019,
2019,Giants,,jabrill peppers,placed on ir with back injury,,,,12/7/2019,
2019,Redskins,,deshazor everett,placed on ir with shoulder injury,,,,12/7/2019,
2019,Bears,,roquan smith,placed on ir with torn pectoral muscle,,,,12/9/2019,
2019,Colts,,adam vinatieri,placed on ir with left knee injury,,,,12/9/2019,
2019,Colts,,parris campbell,placed on ir with fractured foot,,,,12/9/2019,
2019,Jets,,kyron brown,placed on ir with quadriceps injury,,,,12/9/2019,
2019,49ers,,marquise goodwin,"placed on ir with foot, knee injury",,,,12/10/2019,
2019,Bengals,,auden tate,placed on ir with left knee injury,,,,12/10/2019,
2019,Buccaneers,,tj logan,placed on ir with fractured thumb,,,,12/10/2019,
2019,Cardinals,,rodney gunter,placed on ir with toe injury,,,,12/10/2019,
2019,Cowboys,,cedrick wilson jr  ced wilson,placed on ir with knee injury,,,,12/10/2019,
2019,Dolphins,,kendarius webster  ken webster,placed on ir with ankle injury,,,,12/10/2019,
2019,Dolphins,,ryan lewis,placed on ir with hamstring injury,,,,12/10/2019,
2019,Falcons,,calvin ridley,placed on ir with abdominal injury,,,,12/10/2019,
2019,Falcons,,desmond trufant,placed on ir with fractured forearm,,,,12/10/2019,
2019,Jaguars,,brandon thomas,placed on ir with knee injury,,,,12/10/2019,
2019,Jaguars,,jake ryan,placed on ir with hamstring injury,,,,12/10/2019,
2019,Lions,,marvin jones jr,placed on ir with ankle injury,,,,12/10/2019,
2019,Raiders,,foster moreau,placed on ir with knee injury,,,,12/10/2019,
2019,Redskins,,derrius guice,placed on ir with sprained mcl in left knee,,,,12/10/2019,
2019,49ers,,weston richburg,placed on ir with torn patellar tendon in right knee,,,,12/11/2019,
2019,Jaguars,,quincy williams,placed on ir with hand injury,,,,12/11/2019,
2019,Saints,,marcus davenport,placed on ir with lisfranc injury in foot,,,,12/11/2019,
2019,Saints,,sheldon rankins,placed on ir with ankle injury,,,,12/11/2019,
2019,Seahawks,,neiko thorpe,placed on ir with sports hernia,,,,12/11/2019,
2019,49ers,,garrett celek,placed on ir with back injury,,,,12/12/2019,
2019,Eagles,,alshon jeffery,placed on ir with foot injury,,,,12/12/2019,
2019,Jets,,ryan griffin francis,placed on ir with ankle injury,,,,12/12/2019,
2019,Lions,,da'shawn hand,placed on ir with ankle injury,,,,12/12/2019,
2019,Dolphins,,gerald willis,placed on ir with hip injury,,,,12/13/2019,
2019,Redskins,,ryan kerrigan,placed on ir with calf injury,,,,12/13/2019,
2019,49ers,,dj jones oliver,placed on ir with ankle injury,,,,12/14/2019,
2019,Bears,,ben braunecker,placed on ir with concussion,,,,12/14/2019,
2019,Bengals,,renell wren,placed on ir with hip injury,,,,12/14/2019,
2019,Broncos,,juwann winfree,placed on ir with hamstring injury,,,,12/14/2019,
2019,Lions,,jarrad davis,"placed on ir with ankle, knee injury",,,,12/14/2019,
2019,Lions,,joe dahl,"placed on ir with back, knee injury",,,,12/14/2019,
2019,Panthers,,greg little,placed on ir with ankle injury,,,,12/14/2019,
2019,Redskins,,paul richardson jr,placed on ir with hamstring injury,,,,12/14/2019,
2019,Seahawks,,rashaad penny,placed on ir with torn acl in knee,,,,12/14/2019,
2019,Chiefs,,alex okafor,placed on ir with torn pectoral muscle,,,,12/16/2019,
2019,Lions,,kenny wiggins,placed on ir with torn left biceps tendon,,,,12/16/2019,
2019,Lions,,mike daniels,placed on ir with arm injury,,,,12/16/2019,
2019,Saints,,johnson bademosi,placed on ir with foot injury,,,,12/16/2019,
2019,Buccaneers,,scotty miller,placed on ir with hamstring injury,,,,12/17/2019,
2019,Cowboys,,luke gifford,placed on ir with fractured left arm,,,,12/17/2019,
2019,Dolphins,,raekwon mcmillan,placed on ir with hamstring injury,,,,12/17/2019,
2019,Falcons,,takkarist mckinley  takk mckinley,placed on ir with shoulder injury,,,,12/17/2019,
2019,Giants,,evan engram,placed on ir with foot injury,,,,12/17/2019,
2019,Jets,,chuma edoga,placed on ir with knee injury,,,,12/17/2019,
2019,Jets,,jeff smith alan,placed on ir with ankle injury,,,,12/17/2019,
2019,Lions,,matthew stafford,"placed on ir with back, hip injury",,,,12/17/2019,
2019,Redskins,,brandon scherff,"placed on ir with elbow, shoulder injury",,,,12/17/2019,
2019,Redskins,,jimmy moreland,placed on ir with foot injury,,,,12/17/2019,
2019,Redskins,,trey quinn,placed on ir with concussion,,,,12/17/2019,
2019,Saints,,saquan hampton,placed on ir with undisclosed injury,,,,12/17/2019,
2019,Bears,,danny trevathan,placed on ir with elbow injury,,,,12/18/2019,
2019,Buccaneers,,jordan whitehead,placed on ir with hamstring injury,,,,12/18/2019,
2019,Buccaneers,,mike evans lynn,placed on ir with hamstring injury,,,,12/18/2019,
2019,Cardinals,,kevin peterson lamont,placed on ir with shoulder injury,,,,12/18/2019,
2019,Cardinals,,tanner vallejo,placed on ir with rib injury,,,,12/18/2019,
2019,Colts,,rolan milligan,placed on ir with foot injury,,,,12/18/2019,
2019,Eagles,,kamu grugier-hill,placed on ir with lower lumbar disc herniation,,,,12/18/2019,
2019,Raiders,,trent brown,placed on ir with pectoral injury,,,,12/18/2019,
2019,Titans,,ryan succop,placed on ir with knee injury,,,,12/18/2019,
2019,Panthers,,garrett mcghin,placed on ir with ankle injury,,,,12/19/2019,
2019,Falcons,,james carpenter,placed on ir with concussion,,,,12/20/2019,
2019,Packers,,yosh nijman,placed on ir with elbow injury,,,,12/21/2019,
2019,Raiders,,marquel lee,placed on ir with toe injury,,,,12/21/2019,
2019,Vikings,,christian jones a,placed on ir with shoulder injury,,,,12/21/2019,
2019,Bengals,,aj green adriel jeremiah,placed on ir with ankle injury,,,,12/23/2019,
2019,Lions,,jahlani tavai,placed on ir with right shoulder injury,,,,12/23/2019,
2019,Broncos,,adam gotsis,placed on ir with knee injury,,,,12/24/2019,
2019,Browns,,dontrell hilliard,placed on ir with knee injury,,,,12/24/2019,
2019,Cowboys,,leighton vander esch,placed on ir with surgery on neck,,,,12/24/2019,
2019,Cowboys,,xavier su'a-filo,placed on ir with fractured lower leg,,,,12/24/2019,
2019,Dolphins,,myles gaskin,placed on ir with ankle injury,,,,12/24/2019,
2019,Eagles,,ronald darby,placed on ir with hip flexor injury,,,,12/24/2019,
2019,Raiders,,nick nelson,placed on ir with knee injury,,,,12/24/2019,
2019,Redskins,,danny johnson b 1995-11-17,placed on ir with fractured hand,,,,12/24/2019,
2019,Redskins,,quinton dunbar,placed on ir with hamstring injury,,,,12/24/2019,
2019,Seahawks,,cj prosise,placed on ir with fractured arm,,,,12/24/2019,
2019,Seahawks,,chris carson,placed on ir with fractured hip,,,,12/24/2019,
2019,Steelers,,mason rudolph,placed on ir with shoulder injury,,,,12/24/2019,
2019,Chiefs,,spencer ware,placed on ir with torn rotator cuff in shoulder,,,,12/25/2019,
2019,Saints,,krishawn hogan,placed on ir with hamstring injury,,,,12/25/2019,
2019,49ers,,jullian taylor,placed on ir with torn acl in knee,,,,12/27/2019,
2019,Bengals,,william jackson iii,placed on ir with shoulder injury,,,,12/27/2019,
2019,Giants,,rhett ellison,placed on ir with concussion,,,,12/27/2019,
2019,Redskins,,fabian moreau,placed on ir with hamstring injury,,,,12/27/2019,
2019,Redskins,,montae nicholson,placed on ir with neck injury,,,,12/27/2019,
2019,Cardinals,,darrell daniels,placed on ir with biceps injury,,,,12/28/2019,
2019,Giants,,scott simonson,placed on ir with concussion,,,,12/28/2019,
2019,Jaguars,,michael walker b 1996-10-29,placed on ir with hamstring injury,,,,12/28/2019,
2019,Jets,,alex lewis b 1992-04-21,placed on ir with ankle injury,,,,12/28/2019,
2019,Jets,,tom compton,placed on ir with calf injury,,,,12/28/2019,
2019,Rams,,darrell henderson,placed on ir with ankle injury,,,,12/28/2019,
2019,Eagles,,daeshon hall,placed on ir witih torn acl in knee,,,,12/31/2019,
2019,Seahawks,,ethan pocic,placed on ir with core muscle injury,,,,12/31/2019,
2019,Texans,,tashaun gipson,placed on ir with back injury,,,,12/31/2019,
2019,Vikings,,armon watts,placed on ir with leg injury,,,,12/31/2019,
2019,Eagles,,brandon brooks,placed on ir with separated right shoulder,,,,1/1/2020,
2019,Vikings,,mike hughes b 1997-02-11,placed on ir with neck injury,,,,1/3/2020,
2019,Chiefs,,juan thornhill,placed on ir with torn acl in knee,,,,1/7/2020,
2019,Ravens,,parker ehinger,placed on ir with shoulder injury,,,,1/8/2020,
2019,Seahawks,,mychal kendricks,placed on ir with torn acl in knee,,,,1/8/2020,
2019,49ers,,kentavius street,placed on ir with knee injury,,,,1/10/2020,
2019,Vikings,,mackensie alexander,placed on ir with knee injury,,,,1/10/2020,
2020,Browns,,trevon young,placed on ir,,,,7/29/2020,
2020,Cowboys,,azur kamara,placed on ir with undisclosed injury,,,,8/2/2020,
2020,Panthers,,jason ferris,placed on ir with undisclosed injury,,,,8/2/2020,
2020,Seahawks,,emmanuel ellerbee,placed on ir with undisclosed injury,,,,8/2/2020,
2020,Jaguars,,brian price keith,placed on ir with knee injury,,,,8/9/2020,
2020,Jaguars,,dontavius russell,placed on ir with hip injury,,,,8/9/2020,
2020,Buccaneers,,travis jonsen,placed on ir with quadriceps injury,,,,8/11/2020,
2020,Titans,,reggie gilbert,placed on ir with knee injury,,,,8/12/2020,
2020,49ers,,chris thompson jr,placed on ir with undisclosed injury,,,,8/16/2020,
2020,Chiefs,,alex brown b 1996-08-30,placed on ir with torn acl in knee,,,,8/16/2020,
2020,Patriots,,quincy adeboyejo,placed on ir with undisclosed injury,,,,8/16/2020,
2020,Bills,,niles scott,placed on ir with undisclosed injury,,,,8/17/2020,
2020,Ravens,,iman lewis-marshall  iman marshall,"placed on ir with torn acl, mcl in right knee",,,,8/17/2020,
2020,Vikings,,quentin poling,placed on ir with undisclosed injury,,,,8/18/2020,
2020,Browns,,george obinna,placed on ir with triceps injury,,,,8/19/2020,
2020,Dolphins,,vince biegel,placed on ir with torn left achilles tendon,,,,8/19/2020,
2020,Giants,,cody core,placed on ir with torn achilles tendon,,,,8/19/2020,
2020,49ers,,jalen hurd,placed on ir with torn acl in knee,,,,8/20/2020,
2020,Bears,,artie burns,placed on ir with torn acl in left knee,,,,8/20/2020,
2020,Jaguars,,josh oliver,placed on ir with fractured left foot,,,,8/20/2020,
2020,Lions,,jashon cornell,placed on ir with torn left achilles tendon,,,,8/20/2020,
2020,Saints,,tino ellis,placed on ir with undisclosed injury,,,,8/20/2020,
2020,Bears,,darion clark,placed on ir with shoulder injury,,,,8/21/2020,
2020,Cardinals,,robert alford,placed on ir with torn pectoral muscle,,,,8/21/2020,
2020,Texans,,duke ejiofor,placed on ir with torn acl in knee,,,,8/21/2020,
2020,Ravens,,antoine wesley,placed on ir with shoulder injury,,,,8/22/2020,
2020,Bengals,,renell wren,placed on ir with right quadriceps injury,,,,8/23/2020,
2020,Buccaneers,,john franklin iii,placed on ir with leg/knee injury,,,,8/23/2020,
2020,Buccaneers,,tj logan,placed on ir with right knee injury,,,,8/23/2020,
2020,Colts,,andrew donnal,placed on ir with undisclosed injury,,,,8/23/2020,
2020,Jaguars,,charles jones ii,"placed on ir with foot, quadriceps injuries",,,,8/23/2020,
2020,Steelers,,dax raymond,placed on ir with ankle injury,,,,8/23/2020,
2020,Washington,,thaddeus moss,placed on ir with undisclosed injury,,,,8/23/2020,
2020,Browns,,casey dunn,placed on ir with foot injury,,,,8/24/2020,
2020,Colts,,ian bunting,placed on ir with leg injury,,,,8/24/2020,
2020,Saints,,johnson bademosi,placed on ir with foot injury,,,,8/24/2020,
2020,Browns,,grant delpit,placed on ir with torn right achilles tendon,,,,8/25/2020,
2020,Colts,,chad williams b 1994-10-19,placed on ir with undisclosed injury,,,,8/25/2020,
2020,Raiders,,nick usher,placed on ir with undisclosed injury,,,,8/25/2020,
2020,Bears,,darion clark,placed on ir with shoulder injury,,,,8/26/2020,
2020,Eagles,,joshua perkins  josh perkins,placed on ir with upper body injury,,,,8/26/2020,
2020,Eagles,,robert davis jamal,placed on ir with lower body injury,,,,8/26/2020,
2020,Panthers,,omar bayless,placed on ir recovering from surgery on knee to remove loose cartilage,,,,8/26/2020,
2020,Colts,,bruce anderson iii,placed on ir with undisclosed injury,,,,8/27/2020,
2020,Panthers,,derrek thomas,placed on ir with undisclosed injury,,,,8/27/2020,
2020,Browns,,curtis weaver,placed on ir with foot injury,,,,8/27/2020,
2020,49ers,,jonathan kongbo,placed on ir with groin injury,,,,8/28/2020,
2020,Chiefs,,emmanuel smith,placed on ir with hamstring injury,,,,8/28/2020,
2020,Steelers,,anthony johnson b 1997,placed on ir with knee injury,,,,8/28/2020,
2020,49ers,,jj nelson,placed on ir with knee injury,,,,8/30/2020,
2020,Saints,,jalen dalton,placed on ir with triceps injury,,,,8/30/2020,
2020,Seahawks,,branden jackson,placed on ir with spine injury / concussion,,,,8/30/2020,
2020,Seahawks,,eli mencer,placed on ir with undisclosed injury,,,,8/30/2020,
2020,Bears,,michael joseph,placed on ir with undisclosed injury,,,,8/31/2020,
2020,Broncos,,justin strnad,placed on ir with surgery on dislocated wrist,,,,8/31/2020,
2020,Lions,,nick bawden,placed on ir with undisclosed injury,,,,8/31/2020,
2020,Ravens,,deandrew white,placed on ir with undisclosed injury,,,,8/31/2020,
2020,Raiders,,tyrell williams,placed on ir with surgery on right shoulder to repair torn labrum,,,,9/1/2020,
2020,Seahawks,,patrick carr,placed on ir with knee injury,,,,9/1/2020,
2020,Vikings,,kenny willekes,placed on ir with leg injury,,,,9/2/2020,
2020,49ers,,tavon austin,placed on ir with knee injury,,,,9/3/2020,
2020,Cowboys,,mitch hyatt,placed on ir with right knee injury,,,,9/3/2020,
2020,Cowboys,,wyatt miller,placed on ir with undisclosed injury,,,,9/3/2020,
2020,Eagles,,andre dillard,placed on ir with torn biceps,,,,9/3/2020,
2020,Giants,,jaquarius landrews,placed on ir with neck injury,,,,9/3/2020,
2020,Giants,,rysen john,placed on ir with hamstring injury,,,,9/3/2020,
2020,Panthers,,tommylee lewis,placed on ir with hamstring injury,,,,9/3/2020,
2020,Bills,,patrick dimarco,placed on ir with neck injury,,,,9/4/2020,
2020,Giants,,david sills v,placed on ir with fractured right foot,,,,9/4/2020,
2020,Patriots,,michael barnett,placed on ir with undisclosed injury,,,,9/4/2020,
2020,Broncos,,austin fort,placed on ir recovering from surgery on knee,,,,9/5/2020,
2020,Chargers,,derwin james jr,placed on ir with torn meniscus in right knee,,,,9/5/2020,
2020,Jaguars,,tramaine brock,placed on ir with hamstring injury,,,,9/5/2020,
2020,Raiders,,eric kush,placed on ir with undisclosed injury,,,,9/5/2020,
2020,Rams,,travin howard,placed on ir with knee injury,,,,9/5/2020,
2020,Ravens,,deandrew white,placed on ir,,,,9/5/2020,
2020,Saints,,anthony lanier ii,placed on ir with undisclosed injury,,,,9/5/2020,
2020,Washington,,jordan veasy,placed on ir with undisclosed injury,,,,9/5/2020,
2020,Washington,,michael liedtke  mike liedtke,placed on ir with shoulder injury,,,,9/5/2020,
2020,Washington,,reuben foster,placed on ir with knee injury,,,,9/5/2020,
2020,Washington,,ryan bee,placed on ir with undisclosed injury,,,,9/5/2020,
2020,Washington,,simeon thomas,placed on ir with undisclosed injury,,,,9/5/2020,
2020,49ers,,ross reynolds,placed on ir with knee injury,,,,9/6/2020,
2020,Bears,,isaiah irving,placed on ir with undisclosed injury,,,,9/6/2020,
2020,Bills,,isaiah hodgins,placed on ir with shoulder injury,,,,9/6/2020,
2020,Bills,,jon feliciano,placed on ir with torn pectoral muscle,,,,9/6/2020,
2020,Broncos,,troy fumagalli,placed on ir with abdominal injury,,,,9/6/2020,
2020,Browns,,alex taylor  armani taylor-prioleau,placed on ir with undisclosed injury,,,,9/6/2020,
2020,Buccaneers,,john hurst,placed on ir with ankle injury,,,,9/6/2020,
2020,Buccaneers,,john molchon,placed on ir with undisclosed injury,,,,9/6/2020,
2020,Cardinals,,brett toth,placed on ir with hamstring injury,,,,9/6/2020,
2020,Cardinals,,johnnie dixon,placed on ir with undisclosed injury,,,,9/6/2020,
2020,Colts,,sheldon day,placed on ir with knee injury,,,,9/6/2020,
2020,Dolphins,,nate brooks b 1996-09-05,placed on ir with undisclosed injury,,,,9/6/2020,
2020,Eagles,,quez watkins,placed on ir with upper body injury,,,,9/6/2020,
2020,Eagles,,will parks,placed on ir with hamstring injury,,,,9/6/2020,
2020,Giants,,david mayo,placed on ir with torn meniscus in left knee,,,,9/6/2020,
2020,Giants,,montre hartage,placed on ir with hamstring injury,,,,9/6/2020,
2020,Giants,,xavier mckinney,placed on ir with fractured left foot,,,,9/6/2020,
2020,Jaguars,,michael walker b 1996-10-29,placed on ir with knee injury,,,,9/6/2020,
2020,Lions,,dan skipper,placed on ir with undisclosed injury,,,,9/6/2020,
2020,Lions,,mike ford jr,placed on ir with ankle injury,,,,9/6/2020,
2020,Packers,,treyvon hester,placed on ir with undisclosed injury,,,,9/6/2020,
2020,Packers,,will sunderland,placed on ir with undisclosed injury,,,,9/6/2020,
2020,Rams,,justin lawler,placed on ir with undisclosed injury,,,,9/6/2020,
2020,Saints,,saquan hampton,placed on ir with undisclosed injury,,,,9/6/2020,
2020,Titans,,dane cruikshank,placed on ir with undisclosed injury,,,,9/6/2020,
2020,Vikings,,myles dorn,placed on ir with undisclosed injury,,,,9/6/2020,
2020,Bengals,,trae waynes,placed on ir with torn pectoral muscle,,,,9/7/2020,
2020,Colts,,trey burton,placed on ir with calf injury,,,,9/7/2020,
2020,Cowboys,,la'el collins,placed on ir with hip injury,,,,9/7/2020,
2020,Cowboys,,sean lee,placed on ir with pelvis injury / sports hernia,,,,9/7/2020,
2020,Cowboys,,ventell bryant,placed on ir with knee injury,,,,9/7/2020,
2020,Jets,,cameron clark  cameron clarke,placed on ir with knee injury / shoulder injury,,,,9/7/2020,
2020,Jets,,jabari zuniga,placed on ir with quadriceps injury,,,,9/7/2020,
2020,Jets,,jeff smith alan,placed on ir with shoulder injury,,,,9/7/2020,
2020,Jets,,patrick onwuasor,placed on ir with knee injury,,,,9/7/2020,
2020,Jets,,vyncint smith,placed on ir with core muscle injury (surgery),,,,9/7/2020,
2020,Lions,,bo scarbrough,placed on ir with undisclosed injury,,,,9/7/2020,
2020,Packers,,kabion ento,placed on ir with fractured foot,,,,9/7/2020,
2020,Packers,,kamal martin,placed on ir with knee injury,,,,9/7/2020,
2020,Panthers,,eli apple,placed on ir with ankle/foot injury,,,,9/7/2020,
2020,Panthers,,keith kirkwood,placed on ir with fractured clavicle,,,,9/7/2020,
2020,Patriots,,beau allen,placed on ir with undisclosed injury,,,,9/7/2020,
2020,Patriots,,damien harris,placed on ir with hand injury,,,,9/7/2020,
2020,Raiders,,marcus mariota,placed on ir with strained pectoral muscle,,,,9/7/2020,
2020,Raiders,,tanner muse,placed on ir with toe injury,,,,9/7/2020,
2020,Seahawks,,phil haynes,placed on ir with hip injury / sports hernia,,,,9/7/2020,
2020,Texans,,gareon conley,placed on ir with ankle injury,,,,9/7/2020,
2020,Texans,,isaiah coulter,placed on ir with neck injury,,,,9/7/2020,
2020,Bears,,eddy pineiro,placed on ir with groin injury,,,,9/8/2020,
2020,Jaguars,,quincy williams,placed on ir with core muscle injury,,,,9/8/2020,
2020,Saints,,blake gillikin,placed on ir with back injury,,,,9/9/2020,
2020,Vikings,,danielle hunter,placed on ir with undisclosed injury,,,,9/9/2020,
2020,Jaguars,,devine ozigbo,placed on ir with hamstring injury,,,,9/10/2020,
2020,Patriots,,yodny cajuste,placed on ir with knee injury,,,,9/10/2020,
2020,49ers,,deebo samuel,placed on ir with foot injury,,,,9/12/2020,
2020,Bills,,josh norman ricardo,placed on ir with hamstring injury,,,,9/12/2020,
2020,Patriots,,gunner olszewski,placed on ir with foot injury,,,,9/12/2020,
2020,Browns,,david njoku,placed on ir with knee injury,,,,9/14/2020,
2020,Jaguars,,jarrod wilson,placed on ir with hamstring injury,,,,9/14/2020,
2020,Titans,,adoree' jackson,placed on ir with knee injury,,,,9/14/2020,
2020,Bengals,,xavier su'a-filo,placed on ir with left ankle injury,,,,9/15/2020,
2020,Broncos,,von miller,placed on ir with ankle injury,,,,9/15/2020,
2020,Chargers,,drue tranquill,placed on ir with knee injury / left ankle injury,,,,9/15/2020,
2020,Cowboys,,blake jarwin,placed on ir with torn acl in knee,,,,9/15/2020,
2020,Cowboys,,cameron erving,placed on ir with sprained mcl in knee,,,,9/15/2020,
2020,Cowboys,,leighton vander esch,placed on ir with fractured collarbone,,,,9/15/2020,
2020,Eagles,,craig james b 1996-04-29,placed on ir with thigh injury,,,,9/15/2020,
2020,Eagles,,vinny curry,placed on ir with hamstring injury,,,,9/15/2020,
2020,Jets,,blake cashman,placed on ir with groin injury,,,,9/15/2020,
2020,Jets,,denzel mims,placed on ir with hamstring injury,,,,9/15/2020,
2020,Jets,,le'veon bell,placed on ir with hamstring injury,,,,9/15/2020,
2020,Lions,,justin coleman,placed on ir with hamstring injury,,,,9/15/2020,
2020,Texans,,kahale warring,placed on ir with undisclosed injury,,,,9/15/2020,
2020,49ers,,richard sherman,placed on ir with calf injury,,,,9/16/2020,
2020,Broncos,,aj bouye,placed on ir with dislocated right shoulder,,,,9/16/2020,
2020,Colts,,marlon mack,placed on ir with torn right achilles tendon,,,,9/16/2020,
2020,Steelers,,zach banner,placed on ir with torn acl in right knee,,,,9/16/2020,
2020,Cardinals,,jalen thompson,placed on ir with ankle injury,,,,9/17/2020,
2020,Chargers,,mike pouncey,placed on ir with hip injury (surgery),,,,9/17/2020,
2020,Vikings,,pat elflein,placed on ir with thumb injury,,,,9/17/2020,
2020,49ers,,richie james,placed on ir with hamstring injury,,,,9/18/2020,
2020,Bengals,,cj uzomah,placed on ir with torn right achilles tendon,,,,9/18/2020,
2020,Buccaneers,,antony auclair,placed on ir with calf injury,,,,9/18/2020,
2020,Steelers,,stefen wisniewski,placed on ir with chest injury,,,,9/18/2020,
2020,Buccaneers,,chris godwin,placed on ir,,,,9/19/2020,
2020,Chiefs,,khalen saunders,placed on ir with dislocated elbow,,,,9/19/2020,
2020,Cowboys,,anthony brown shaquille,placed on ir with rib injury,,,,9/19/2020,
2020,Lions,,joe dahl,placed on ir with groin injury,,,,9/19/2020,
2020,Packers,,equanimeous st brown,placed on ir with knee injury,,,,9/19/2020,
2020,Broncos,,courtland sutton,placed on ir with torn acl in knee,,,,9/21/2020,
2020,Broncos,,dre'mont jones,placed on ir with knee injury,,,,9/21/2020,
2020,Cardinals,,maxx williams,placed on ir with ankle injury,,,,9/21/2020,
2020,Vikings,,anthony barr,placed on ir with torn pectoral muscle,,,,9/21/2020,
2020,Colts,,malik hooker,placed on ir with torn achilles tendon,,,,9/22/2020,
2020,Colts,,parris campbell,placed on ir with torn pcl in knee,,,,9/22/2020,
2020,Eagles,,isaac seumalo,placed on ir with knee injury,,,,9/22/2020,
2020,Giants,,saquon barkley,placed on ir with torn acl in right knee,,,,9/22/2020,
2020,Jets,,arthur maulet,placed on ir with groin injury,,,,9/22/2020,
2020,Packers,,lane taylor,placed on ir with knee injury,,,,9/22/2020,
2020,Seahawks,,phillip dorsett ii,placed on ir with foot injury,,,,9/22/2020,
2020,Washington,,brandon scherff,placed on ir with sprained mcl in knee,,,,9/22/2020,
2020,49ers,,nick bosa,placed on ir with torn acl in left knee,,,,9/23/2020,
2020,49ers,,solomon thomas,placed on ir with torn acl in left knee,,,,9/23/2020,
2020,Broncos,,demarcus walker,placed on ir with calf injury,,,,9/23/2020,
2020,Broncos,,mark barron,placed on ir with hamstring injury,,,,9/23/2020,
2020,Giants,,sterling shepard,placed on ir with turf toe,,,,9/23/2020,
2020,Jaguars,,josh lambo,placed on ir with left hip injury,,,,9/23/2020,
2020,Panthers,,christian mccaffrey,placed on ir with right high ankle sprain,,,,9/23/2020,
2020,Raiders,,richie incognito,placed on ir with achilles injury,,,,9/23/2020,
2020,Seahawks,,bruce irvin,placed on ir with torn acl in knee,,,,9/23/2020,
2020,Seahawks,,marquise blair,placed on ir with torn acl in right knee,,,,9/23/2020,
2020,Titans,,senorise perry,placed on ir with knee injury,,,,9/23/2020,
2020,Bears,,john jenkins,placed on ir with torn ligament in thumb,,,,9/24/2020,
2020,Rams,,joe noteboom,placed on ir with calf injury,,,,9/24/2020,
2020,Vikings,,troy dye,placed on ir with sprained mid-foot,,,,9/24/2020,
2020,Seahawks,,rasheem green,placed on ir with neck injury,,,,9/25/2020,
2020,49ers,,tevin coleman,placed on ir with knee injury,,,,9/26/2020,
2020,Chargers,,asmar bilal,placed on ir with calf injury,,,,9/26/2020,
2020,Chargers,,justin jones maurice,placed on ir with shoulder injury,,,,9/26/2020,
2020,Chargers,,melvin ingram,placed on ir with knee injury,,,,9/26/2020,
2020,Colts,,matthew adams  matt adams,placed on ir with ankle injury,,,,9/26/2020,
2020,Cowboys,,chidobe awuzie,placed on ir with hamstring injury,,,,9/26/2020,
2020,Patriots,,david andrews,placed on ir with hand injury,,,,9/26/2020,
2020,Patriots,,joshua uche  josh uche,placed on ir with ankle/foot injury,,,,9/26/2020,
2020,Saints,,ty montgomery,placed on ir with hamstring injury,,,,9/26/2020,
2020,Broncos,,austin calitro,placed on ir with hamstring injury,,,,9/28/2020,
2020,Broncos,,jurrell casey,placed on ir with biceps injury,,,,9/28/2020,
2020,Browns,,bruce natson  jojo natson jr,placed on ir with torn acl in knee,,,,9/28/2020,
2020,Jaguars,,leon jacobs,placed on ir with torn acl in knee,,,,9/28/2020,
2020,Ravens,,tavon young,placed on ir with torn acl in left knee,,,,9/28/2020,
2020,Texans,,aj moore jr,placed on ir with hamstring injury,,,,9/28/2020,
2020,Bears,,tarik cohen,placed on ir with torn acl in right knee,,,,9/29/2020,
2020,Broncos,,elijah wilkinson,placed on ir with fractured tibula in leg,,,,9/29/2020,
2020,Chargers,,chris harris jr,placed on ir with foot injury,,,,9/29/2020,
2020,Eagles,,dallas goedert,placed on ir with fractured ankle,,,,9/29/2020,
2020,Falcons,,darqueze dennard,placed on ir with hamstring injury,,,,9/29/2020,
2020,Jaguars,,brandon wright,placed on ir with groin injury,,,,9/29/2020,
2020,Washington,,matthew ioannidis  matt ioannidis,placed on ir with torn left biceps,,,,9/29/2020,
2020,49ers,,mark nzeocha,placed on ir with quadriceps injury,,,,9/30/2020,
2020,Chiefs,,l'jarius sneed,placed on ir with fractured collarbone,,,,9/30/2020,
2020,Eagles,,jalen reagor,placed on ir with thumb injury,,,,9/30/2020,
2020,Giants,,brandon williams b 1992-09-09,placed on ir with groin injury,,,,9/30/2020,
2020,Raiders,,damon arnette,placed on ir with thumb injury,,,,10/2/2020,
2020,Raiders,,daniel ross,placed on ir with foot injury,,,,10/2/2020,
2020,Redskins,,bryce love,placed on ir with knee injury (out for season),,,,10/2/2020,
2020,49ers,,dee ford,placed on ir with back injury,,,,10/3/2020,
2020,49ers,,jordan reed,placed on ir with knee injury,,,,10/3/2020,
2020,Bengals,,mike daniels,placed on ir with elbow injury,,,,10/3/2020,
2020,Colts,,michael pittman jr,placed on ir with calf injury,,,,10/3/2020,
2020,Eagles,,jason peters,placed on ir with foot injury,,,,10/3/2020,
2020,Eagles,,trevor williams,placed on ir with rib injury,,,,10/3/2020,
2020,Packers,,allen lazard,placed on ir with core muscle injury,,,,10/3/2020,
2020,Packers,,christian kirksey,placed on ir with pectoral injury,,,,10/3/2020,
2020,Saints,,chase hansen,placed on ir with hip injury,,,,10/3/2020,
2020,Browns,,nick chubb,placed on ir with strained mcl in right knee,,,,10/5/2020,
2020,Patriots,,cody davis,placed on ir with rib injury,,,,10/5/2020,
2020,Patriots,,sony michel,placed on ir with quadriceps injury,,,,10/5/2020,
2020,Browns,,khadarel hodge,placed on ir with hamstring injury,,,,10/6/2020,
2020,Buccaneers,,oj howard,placed on ir with torn achilles tendon,,,,10/6/2020,
2020,Bills,,levi wallace,placed on ir with ankle injury,,,,10/7/2020,
2020,Falcons,,damontae kazee,placed on ir with torn left achilles tendon,,,,10/7/2020,
2020,Jaguars,,dj hayden,placed on ir with hamstring injury,,,,10/7/2020,
2020,Seahawks,,neiko thorpe,placed on ir with sports hernia,,,,10/7/2020,
2020,Eagles,,johnathan ford  rudy ford,placed on ir with hamstring injury,,,,10/8/2020,
2020,Eagles,,tj edwards,placed on ir with hamstring injury,,,,10/8/2020,
2020,Chargers,,austin ekeler,placed on ir with hamstring injury,,,,10/9/2020,
2020,Dolphins,,austin jackson,placed on ir with left ankle/foot injury,,,,10/9/2020,
2020,Giants,,oshane ximines,placed on ir with shoulder injury,,,,10/9/2020,
2020,Washington,,steven sims jr,placed on ir with toe injury,,,,10/9/2020,
2020,49ers,,ezekiel ansah  ziggy ansah,placed on ir with biceps injury,,,,10/10/2020,
2020,49ers,,k'waun williams,placed on ir with knee injury,,,,10/10/2020,
2020,Broncos,,levante bellamy,placed on ir with knee injury,,,,10/10/2020,
2020,Chiefs,,michael danna  mike danna,placed on ir with hamsting injury,,,,10/10/2020,
2020,Cowboys,,joe looney,placed on ir with knee injury,,,,10/10/2020,
2020,Cowboys,,tyron smith,placed on ir with neck injury,,,,10/10/2020,
2020,Bengals,,dj reader,placed on ir with left quadriceps injury,,,,10/12/2020,
2020,Bills,,del'shawn phillips,placed on ir with quadriceps injury,,,,10/12/2020,
2020,Browns,,greedy williams,placed on ir with shoulder injury,,,,10/12/2020,
2020,Buccaneers,,jack cichy,placed on ir with hamstring injury,,,,10/12/2020,
2020,Buccaneers,,vita vea,placed on ir with fractured leg,,,,10/12/2020,
2020,Jaguars,,andrew wingard,placed on ir with strained abdominal,,,,10/12/2020,
2020,Ravens,,otaro alaka,placed on ir with knee injury,,,,10/12/2020,
2020,Jets,,chris hogan,placed on ir with ankle injury,,,,10/13/2020,
2020,Packers,,josiah deguara,placed on ir with torn acl in knee,,,,10/13/2020,
2020,Rams,,jordan fuller,placed on ir with shoulder injury,,,,10/13/2020,
2020,Texans,,benardrick mckinney,placed on ir with shoulder injury,,,,10/13/2020,
2020,Bears,,james daniels b 1997-09-13,placed on ir with pectoral injury,,,,10/14/2020,
2020,Bengals,,sam hubbard,placed on ir with left elbow injury,,,,10/15/2020,
2020,Cardinals,,chandler jones james,placed on ir with biceps injury,,,,10/15/2020,
2020,Panthers,,kawann short,placed on ir with surgery on right shoulder,,,,10/15/2020,
2020,Titans,,darrynton evans,placed on ir with hamstring injury,,,,10/15/2020,
2020,Dolphins,,davon godchaux,placed on ir with biceps injury,,,,10/16/2020,
2020,Lions,,hunter bryant,placed on ir with concussion,,,,10/16/2020,
2020,Panthers,,yetur gross-matos,placed on ir with ankle injury,,,,10/16/2020,
2020,Washington,,greg stroman,placed on ir with foot injury,,,,10/16/2020,
2020,Cardinals,,jr sweezy,placed on ir with elbow injury,,,,10/17/2020,
2020,Cardinals,,rashard lawrence,placed on ir with calf injury,,,,10/17/2020,
2020,Chiefs,,kelechi osemele,placed on ir with knee injury,,,,10/17/2020,
2020,Cowboys,,dak prescott,placed on ir with fractured right ankle,,,,10/19/2020,
2020,Cowboys,,trysten hill,placed on ir with torn acl in knee,,,,10/19/2020,
2020,Giants,,lorenzo carter,placed on ir with torn achilles tendon,,,,10/19/2020,
2020,Titans,,taylor lewan,placed on ir with torn acl in knee,,,,10/19/2020,
2020,49ers,,ben garland,placed on ir with calf injury,,,,10/20/2020,
2020,Giants,,tae crowder,placed on ir with hamstring injury,,,,10/20/2020,
2020,Jets,,frankie luvu,placed on ir with groin injury,,,,10/20/2020,
2020,Packers,,parry nickerson,placed on ir with hamstring injury,,,,10/20/2020,
2020,Panthers,,juston burris,placed on ir with rib injury,,,,10/20/2020,
2020,Panthers,,keith kirkwood,placed on ir with left clavicle injury,,,,10/20/2020,
2020,Rams,,ogbonnia okoronkwo  obo okoronkwo,placed on ir with elbow injury,,,,10/20/2020,
2020,Lions,,julian okwara,placed on ir with right leg injury,,,,10/21/2020,
2020,Patriots,,jermaine eluemunor,placed on ir with ankle injury,,,,10/21/2020,
2020,Seahawks,,delano hill,placed on ir with back injury,,,,10/21/2020,
2020,Eagles,,zach ertz,placed on ir with ankle injury,,,,10/22/2020,
2020,Jaguars,,abry jones,placed on ir with ankle injury,,,,10/22/2020,
2020,Ravens,,anthony averett,placed on ir with shoulder injury,,,,10/22/2020,
2020,Vikings,,george iloka,placed on ir with torn acl in knee,,,,10/22/2020,
2020,Saints,,bennie fowler,placed on ir with shoulder injury,,,,10/23/2020,
2020,Steelers,,devin bush jr,placed on ir with torn acl in right knee,,,,10/23/2020,
2020,49ers,,raheem mostert,placed on ir with ankle injury,,,,10/24/2020,
2020,Bills,,tyrel dodson,placed on ir with hamstring injury,,,,10/24/2020,
2020,Chiefs,,alex okafor,placed on ir with hamstring injury,,,,10/24/2020,
2020,Cowboys,,brandon knight,placed on ir with knee injury,,,,10/24/2020,
2020,Washington,,antonio gandy-golden,placed on ir with hamstring injury,,,,10/24/2020,
2020,Washington,,saahdiq charles,placed on ir with knee injury,,,,10/24/2020,
2020,Eagles,,desean jackson,placed on ir with ankle injury,,,,10/26/2020,
2020,Eagles,,hassan ridgeway,placed on ir with biceps injury,,,,10/26/2020,
2020,Jaguars,,dede westbrook,placed on ir with torn acl in left knee,,,,10/26/2020,
2020,Broncos,,derrek tuszka,placed on ir with hamstring injury,,,,10/27/2020,
2020,Broncos,,mike purcell,placed on ir with fractured foot,,,,10/27/2020,
2020,Browns,,odell beckham jr,placed on ir with torn acl in left knee,,,,10/27/2020,
2020,Cardinals,,isaiah irving,placed on ir with neck injury,,,,10/27/2020,
2020,Cardinals,,zach allen,placed on ir with ankle injury,,,,10/27/2020,
2020,Washington,,landon collins,placed on ir with torn left achilles tendon,,,,10/27/2020,
2020,Jets,,kyle phillips,placed on ir with ankle injury,,,,10/28/2020,
2020,Patriots,,brandon copeland b 1991-07-02,placed on ir with torn pectoral muscle,,,,10/28/2020,
2020,Rams,,terrell burgess,placed on ir with fractured ankle,,,,10/28/2020,
2020,Chargers,,virgil green,placed on ir with ankle injury,,,,10/29/2020,
2020,Eagles,,genard avery,placed on ir with elbow injury,,,,10/30/2020,
2020,Eagles,,nathan gerry  nate gerry,placed on ir with ankle injury,,,,10/30/2020,
2020,Vikings,,mike hughes b 1997-02-11,placed on ir with neck injury,,,,10/30/2020,
2020,49ers,,jeff wilson jr,placed on ir with ankle injury,,,,10/31/2020,
2020,Bills,,cameron lewis  cam lewis,placed on ir with wrist injury,,,,10/31/2020,
2020,Broncos,,andrew beck,placed on ir with hamstring injury,,,,10/31/2020,
2020,Jets,,bradley mcdougald,placed on ir with shoulder injury,,,,10/31/2020,
2020,Patriots,,julian edelman,placed on ir with knee injury,,,,10/31/2020,
2020,Patriots,,justin herron,placed on ir with ankle injury,,,,10/31/2020,
2020,Steelers,,chris wormley,placed on ir with knee injury,,,,10/31/2020,
2020,Titans,,kristian fulton,placed on ir with knee injury,,,,10/31/2020,
2020,Lions,,trey flowers,placed on ir with undisclosed injury,,,,11/2/2020,
2020,Bears,,bobby massie,placed on ir with knee injury (out for season),,,,11/3/2020,
2020,Broncos,,jake butt,placed on ir with hamstring injury,,,,11/3/2020,
2020,Patriots,,devin asiasi,placed on ir with undisclosed injury,,,,11/3/2020,
2020,Ravens,,ronnie stanley,placed on ir with ankle injury,,,,11/3/2020,
2020,Ravens,,tyre phillips,placed on ir with ankle injury,,,,11/3/2020,
2020,Giants,,adrian colbert,placed on ir with shoulder injury,,,,11/4/2020,
2020,Steelers,,ulysees gilbert iii,placed on ir with back injury,,,,11/4/2020,
2020,49ers,,george kittle,placed on ir with fractured foot,,,,11/5/2020,
2020,49ers,,jimmy garoppolo,placed on ir with ankle injury,,,,11/5/2020,
2020,Dolphins,,myles gaskin,placed on ir with knee injury,,,,11/5/2020,
2020,Giants,,ryan lewis,placed on ir with hamstring injury,,,,11/6/2020,
2020,Saints,,justin hardee,placed on ir with groin injury,,,,11/6/2020,
2020,Saints,,sheldon rankins,placed on ir with knee injury,,,,11/6/2020,
2020,Vikings,,mark fields ii,placed on ir with chest/lung injury,,,,11/6/2020,
2020,Bills,,matt milano,placed on ir with pectoral injury,,,,11/7/2020,
2020,Colts,,ashton dulin,placed on ir with knee injury,,,,11/7/2020,
2020,Cowboys,,chris jones b 1989-07-21,placed on ir with core muscle injury,,,,11/7/2020,
2020,Falcons,,jordan miller b 1997-02-08,placed on ir with oblique injury,,,,11/7/2020,
2020,Jaguars,,shaquille quarterman  shaq quarterman,placed on ir with knee injury,,,,11/7/2020,
2020,Lions,,darryl roberts,"placed on ir with hip, groin injury",,,,11/7/2020,
2020,Ravens,,chris moore b 1993-06-16,placed on ir with thigh injury,,,,11/7/2020,
2020,Titans,,brett kern,placed on ir with wrist injury,,,,11/7/2020,
2020,Titans,,tye smith,placed on ir with shoulder injury,,,,11/7/2020,
2020,Jaguars,,josh nurse,placed on ir,,,,11/7/2020,
2020,Jaguars,,josh lambo,placed on ir with hip injury,,,,11/9/2020,
2020,Jets,,trevon wesco,placed on ir with ankle injury,,,,11/9/2020,
2020,Lions,,tony mcrae,placed on ir with knee injury,,,,11/9/2020,
2020,Texans,,brennan scarlett,placed on ir with fractured forearm,,,,11/9/2020,
2020,Texans,,kyle emanuel,placed on ir with concussion,,,,11/9/2020,
2020,Broncos,,albert okwuegbunam,placed on ir with torn acl in right knee,,,,11/10/2020,
2020,Patriots,,dalton keene b 1999-04-14,placed on ir with knee injury,,,,11/10/2020,
2020,Ravens,,khalil dorsey,placed on ir with dislocated shoulder,,,,11/10/2020,
2020,Vikings,,holton hill,placed on ir with foot injury,,,,11/10/2020,
2020,49ers,,jaquiski tartt,placed on ir with turf toe,,,,11/11/2020,
2020,Cardinals,,kevin peterson lamont,placed on ir with concussion,,,,11/11/2020,
2020,Dolphins,,preston williams,placed on ir with foot injury,,,,11/11/2020,
2020,Panthers,,adarius taylor,placed on ir with groin injury,,,,11/11/2020,
2020,Titans,,dane cruikshank,placed on ir with groin injury,,,,11/11/2020,
2020,Bears,,roy robertson-harris,placed on ir with shoulder injury,,,,11/13/2020,
2020,Giants,,devonta freeman,placed on ir with ankle injury,,,,11/13/2020,
2020,Panthers,,reggie bonnafon,placed on ir with ankle injury,,,,11/13/2020,
2020,Panthers,,stephen weatherly,placed on ir with finger injury,,,,11/13/2020,
2020,Bills,,del'shawn phillips,placed on ir with quadriceps injury,,,,11/13/2020,
2020,Bengals,,darius phillips,placed on ir with groin injury,,,,11/14/2020,
2020,Bengals,,john ross iii,placed on ir with foot injury,,,,11/14/2020,
2020,Cardinals,,josh jones b 1997-06-22,placed on ir with chest injury,,,,11/14/2020,
2020,Cardinals,,leki fotu,placed on ir with ankle injury,,,,11/14/2020,
2020,Chargers,,justin jackson b 1996-04-22,placed on ir with knee injury,,,,11/14/2020,
2020,Packers,,john lovett b 1996-04-25,placed on ir with knee injury,,,,11/14/2020,
2020,Patriots,,shilique calhoun,placed on ir with knee injury,,,,11/14/2020,
2020,Seahawks,,bryan mone,placed on ir with ankle injury,,,,11/14/2020,
2020,Texans,,david johnson jerome,placed on ir with concussion,,,,11/14/2020,
2020,Texans,,dylan cole,placed on ir with back injury,,,,11/14/2020,
2020,Eagles,,craig james b 1996-04-29,placed on ir with shoulder injury,,,,11/16/2020,
2020,Jaguars,,chris thompson b 1990-10-20,placed on ir with back injury,,,,11/16/2020,
2020,Washington,,kyle allen,placed on ir with dislocated left ankle,,,,11/16/2020,
2020,49ers,,jamycal hasty,placed on ir with fractured collarbone,,,,11/17/2020,
2020,49ers,,johnathan cyprien,placed on ir with hamstring injury,,,,11/17/2020,
2020,Jets,,brian poole,"placed on ir with shoulder, knee injury",,,,11/17/2020,
2020,Rams,,andrew whitworth,placed on ir with knee injury,,,,11/17/2020,
2020,Rams,,kai forbath,placed on ir with ankle injury (out for season),,,,11/17/2020,
2020,Rams,,taylor rapp,placed on ir with sprained mcl in knee,,,,11/17/2020,
2020,Ravens,,nick boyle,placed on ir with left knee injury,,,,11/17/2020,
2020,Ravens,,terrell bonds,placed on ir with knee injury,,,,11/17/2020,
2020,Cowboys,,trevon diggs,placed on ir with foot injury,,,,11/18/2020,
2020,Seahawks,,neiko thorpe,placed on ir with core muscle injury,,,,11/18/2020,
2020,Bears,,dwayne harris,placed on ir with torn triceps muscle,,,,11/19/2020,
2020,Cardinals,,corey peters,placed on ir with knee injury,,,,11/19/2020,
2020,Cardinals,,jordan phillips,placed on ir with hamstring injury,,,,11/19/2020,
2020,Jaguars,,cj henderson,placed on ir with groin injury,,,,11/19/2020,
2020,Seahawks,,quinton dunbar,placed on ir with knee injury,,,,11/19/2020,
2020,Washington,,geron christian,placed on ir with knee injury,,,,11/19/2020,
2020,Saints,,drew brees,placed on ir with fractured ribs,,,,11/20/2020,
2020,Bengals,,joe mixon,placed on ir with right foot injury,,,,11/21/2020,
2020,Chiefs,,mitchell schwartz,placed on ir with back injury,,,,11/21/2020,
2020,Chiefs,,taco charlton,placed on ir with ankle injury,,,,11/21/2020,
2020,Cowboys,,tyler biadasz,placed on ir with hamstring injury,,,,11/21/2020,
2020,Jets,,blessuan austin  bless austin,placed on ir with neck injury,,,,11/21/2020,
2020,Texans,,michael thomas b 1990-03-17,placed on ir with shoulder injury,,,,11/21/2020,
2020,Titans,,jadeveon clowney,placed on ir with knee injury,,,,11/21/2020,
2020,Titans,,kareem orr,placed on ir with groin injury / non-football illness list,,,,11/21/2020,
2020,Bengals,,joe burrow,"placed on ir with torn acl, mcl in left knee",,,,11/23/2020,
2020,Seahawks,,greg olsen,placed on ir with ruptured fascia in left foot,,,,11/23/2020,
2020,Chiefs,,byron pringle,placed on ir with ankle injury,,,,11/24/2020,
2020,Eagles,,cre'von leblanc,placed on ir with ankle injury,,,,11/24/2020,
2020,Jaguars,,dj hayden,placed on ir with hamstring injury,,,,11/24/2020,
2020,Jaguars,,daniel thomas,placed on ir with arm injury,,,,11/24/2020,
2020,Jaguars,,josh hines-allen  josh allen b 1997-07-13,placed on ir with knee injury,,,,11/24/2020,
2020,Jets,,la'mical perine,placed on ir with ankle injury,,,,11/24/2020,
2020,Jets,,sam ficken,placed on ir with groin injury,,,,11/24/2020,
2020,Steelers,,zach gentry,placed on ir with knee injury,,,,11/24/2020,
2020,Titans,,jayon brown,placed on ir with left elbow injury,,,,11/24/2020,
2020,Titans,,ty sambrailo,placed on ir with undisclosed injury,,,,11/24/2020,
2020,Lions,,halapoulivaati vaitai,placed on ir with foot injury,,,,11/25/2020,
2020,Packers,,james burgess jr,placed on ir with hamstring injury,,,,11/25/2020,
2020,Packers,,montravius adams,placed on ir with toe injury,,,,11/25/2020,
2020,Texans,,pj hall,placed on ir with torn pectoral muscle,,,,11/25/2020,
2020,Texans,,randall cobb,placed on ir with toe injury,,,,11/25/2020,
2020,Jaguars,,chris claybrooks,placed on ir with core muscle injury,,,,11/26/2020,
2020,Rams,,micah kiser,placed on ir with knee injury,,,,11/26/2020,
2020,Steelers,,trey edmunds,placed on ir with hamstring injury,,,,11/26/2020,
2020,Chargers,,melvin ingram,placed on ir with knee injury,,,,11/27/2020,
2020,Raiders,,takkarist mckinley  takk mckinley,placed on ir with groin injury,,,,11/27/2020,
2020,Bills,,cody ford,"placed on ir with ankle, knee injuries",,,,11/28/2020,
2020,Bills,,john brown b 1990-04-03,placed on ir with ankle injury,,,,11/28/2020,
2020,Buccaneers,,aq shipley,placed on ir with neck injury,,,,11/28/2020,
2020,Cardinals,,darrell daniels,placed on ir with ankle injury,,,,11/28/2020,
2020,Cardinals,,josh mauro,placed on ir with hamstring injury,,,,11/28/2020,
2020,Eagles,,iosua opeta  sua opeta,placed on ir with bulging disc in back,,,,11/28/2020,
2020,Jaguars,,andrew norwell,placed on ir with forearm injury,,,,11/28/2020,
2020,Jets,,patrick onwuasor,placed on ir with hamstring injury,,,,11/28/2020,
2020,Patriots,,carl davis,placed on ir with concussion,,,,11/28/2020,
2020,Patriots,,isaiah wynn,placed on ir with knee injury,,,,11/28/2020,
2020,Patriots,,rex burkhead,placed on ir with knee injury,,,,11/28/2020,
2020,49ers,,jamar taylor,placed on ir with torn acl in left knee,,,,12/1/2020,
2020,49ers,,kendarius webster  ken webster,placed on ir with hamstring injury,,,,12/1/2020,
2020,Browns,,ronnie harrison jr,placed on ir with shoulder injury,,,,12/1/2020,
2020,Falcons,,olamide zaccheaus,placed on ir with toe injury,,,,12/1/2020,
2020,Giants,,kyler fackrell,placed on ir with calf injury,,,,12/1/2020,
2020,Bengals,,auden tate,placed on ir with shoulder injury,,,,12/2/2020,
2020,Broncos,,bryce callahan,placed on ir with right foot injury,,,,12/2/2020,
2020,Eagles,,lane johnson,placed on ir with ankle injury,,,,12/2/2020,
2020,Lions,,danny shelton,placed on ir with knee injury,,,,12/2/2020,
2020,Lions,,desmond trufant,placed on ir with hamstring injury,,,,12/2/2020,
2020,Jets,,blake cashman,placed on ir with hamstring injury,,,,12/3/2020,
2020,Steelers,,bud dupree,placed on ir with torn acl in left knee,,,,12/3/2020,
2020,Raiders,,maliek collins,"placed on ir with ankle, hamstring injury",,,,12/4/2020,
2020,Ravens,,robert griffin iii,placed on ir with hamstring injury,,,,12/4/2020,
2020,Bengals,,tony brown mendell,placed on ir with hamstring injury,,,,12/5/2020,
2020,Chiefs,,dorian o'daniel,placed on ir with ankle injury,,,,12/5/2020,
2020,Colts,,noah togiai,placed on ir with knee injury,,,,12/5/2020,
2020,Jaguars,,ben ellefson,placed on ir with knee injury,,,,12/5/2020,
2020,Jaguars,,davon hamilton,placed on ir with knee injury,,,,12/5/2020,
2020,Packers,,corey linsley,placed on ir with knee injury,,,,12/5/2020,
2020,Saints,,marquez callaway,placed on ir with knee injury,,,,12/5/2020,
2020,Seahawks,,tre flowers,placed on ir with hamstring injury,,,,12/5/2020,
2020,Texans,,cullen gillaspia,placed on ir with back injury,,,,12/5/2020,
2020,Cowboys,,steven parker,placed on ir with ankle injury,,,,12/7/2020,
2020,Cowboys,,zack martin,placed on ir with calf injury,,,,12/7/2020,
2020,Browns,,taywan taylor,placed on ir with neck injury,,,,12/8/2020,
2020,Titans,,adam humphries,placed on ir with concussion,,,,12/8/2020,
2020,Broncos,,essang bassey,placed on ir with torn acl in knee,,,,12/9/2020,
2020,Colts,,le'raven clark,placed on ir with torn achilles tendon,,,,12/9/2020,
2020,Eagles,,davion taylor,placed on ir with knee injury (out for season),,,,12/9/2020,
2020,Packers,,billy winn,placed on ir with triceps injury,,,,12/9/2020,
2020,Packers,,raven greene,placed on ir with shoulder injury,,,,12/9/2020,
2020,Packers,,tyler ervin,placed on ir with foot injury,,,,12/9/2020,
2020,Rams,,jonah williams b 1995-08-17,placed on ir with right knee injury,,,,12/9/2020,
2020,Washington,,temarrick hemingway,placed on ir with dislocated wrist,,,,12/9/2020,
2020,Patriots,,ryan izzo,"placed on ir with hamsring, hand, neck injuries",,,,12/10/2020,
2020,Cowboys,,cameron erving,placed on ir with knee injury,,,,12/11/2020,
2020,Giants,,madre harper,placed on ir with knee injury,,,,12/11/2020,
2020,49ers,,tom compton,placed on ir with concussion,,,,12/12/2020,
2020,Cardinals,,johnathan joseph,placed on ir with neck injury,,,,12/12/2020,
2020,Eagles,,jason peters,placed on ir with toe injury,,,,12/12/2020,
2020,Jets,,ashtyn davis,placed on ir with foot injury,,,,12/12/2020,
2020,Jets,,bennett jackson,placed on ir with hamstring injury,,,,12/12/2020,
2020,Jets,,greg van roten,placed on ir with toe injury,,,,12/12/2020,
2020,Jets,,ryan griffin francis,placed on ir,,,,12/12/2020,
2020,Lions,,da'shawn hand,placed on ir with groin injury,,,,12/12/2020,
2020,Raiders,,jeff heath,placed on ir with concussion,,,,12/12/2020,
2020,Rams,,landis durham,placed on ir,,,,12/12/2020,
2020,Saints,,patrick robinson b 1987-09-07,placed on ir with hamstring injury,,,,12/12/2020,
2020,Steelers,,robert spillane,placed on ir with knee injury,,,,12/12/2020,
2020,Titans,,breon borders,placed on ir with hip injury,,,,12/12/2020,
2020,Washington,,orlando ryan anderson,placed on ir with knee injury,,,,12/12/2020,
2020,Steelers,,matt feiler,placed on ir with pectoral injury,,,,12/14/2020,
2020,Ravens,,trace mcsorley,placed on ir with knee injury,,,,12/15/2020,
2020,Vikings,,kris boyd,placed on ir with shoulder injury,,,,12/15/2020,
2020,Bengals,,geno atkins,placed on ir with right shoulder injury,,,,12/16/2020,
2020,Broncos,,duke dawson,placed on ir with torn acl in knee,,,,12/16/2020,
2020,Broncos,,kevin toliver ii,placed on ir with torn acl in knee,,,,12/16/2020,
2020,Eagles,,rodney mcleod jr,placed on ir with torn acl in knee,,,,12/16/2020,
2020,Jaguars,,brandon linder,placed on ir with ankle injury,,,,12/16/2020,
2020,Jets,,jordan jenkins,placed on ir with shoulder injury,,,,12/16/2020,
2020,Jets,,saquan hampton,placed on ir with achilles injury,,,,12/16/2020,
2020,Lions,,jeff okudah,placed on ir with core muscle / groin injury,,,,12/16/2020,
2020,Texans,,brandon dunn,placed on ir with pelvic fracture,,,,12/16/2020,
2020,Texans,,justin reid,placed on ir with thumb injury,,,,12/16/2020,
2020,Panthers,,greg little,placed on ir with ankle injury,,,,12/17/2020,
2020,Redskins,,deshazor everett,placed on ir with pectoral injury,,,,12/17/2020,
2020,Eagles,,avonte maddox,placed on ir with knee injury,,,,12/18/2020,
2020,Eagles,,jack driscoll,placed on ir with sprained mcl in knee,,,,12/18/2020,
2020,Raiders,,derek carr dallas,placed on ir,,,,12/18/2020,
2020,Cardinals,,jordan phillips,placed on ir with hamstring injury,,,,12/19/2020,
2020,Cardinals,,zane gonzalez,placed on ir with back injury,,,,12/19/2020,
2020,Cowboys,,deante burton,placed on ir with shoulder injury,,,,12/19/2020,
2020,Cowboys,,justin march-lillard  justin march,placed on ir with undisclosed injury,,,,12/19/2020,
2020,Lions,,da'shawn hand,placed on ir with ankle injury,,,,12/19/2020,
2020,Saints,,deonte harris  deonte harty,placed on ir with neck injury,,,,12/19/2020,
2020,Saints,,michael thomas william,placed on ir with ankle injury,,,,12/19/2020,
2020,Seahawks,,jamarco jones,placed on ir with groin injury,,,,12/19/2020,
2020,Seahawks,,travis homer,placed on ir with knee injury,,,,12/19/2020,
2020,Ravens,,davontae harris,placed on ir with thigh injury,,,,12/21/2020,
2020,Washington,,shaun dion hamilton,placed on ir with elbow injury,,,,12/21/2020,
2020,Browns,,chris hubbard,placed on ir with torn ligaments in right knee,,,,12/22/2020,
2020,Jets,,harvey langi,placed on ir with neck injury,,,,12/22/2020,
2020,Panthers,,dennis daley,placed on ir with concussion,,,,12/22/2020,
2020,Chargers,,kyzir white,placed on ir with undisclosed injury,,,,12/23/2020,
2020,Jets,,quinnen williams,placed on ir with concussion / neck injury,,,,12/23/2020,
2020,Patriots,,stephon gilmore,placed on ir with torn quadriceps,,,,12/23/2020,
2020,Texans,,tytus howard,placed on ir with concussion,,,,12/23/2020,
2020,Saints,,tre'quan smith,placed on ir with ankle injury,,,,12/24/2020,
2020,Seahawks,,phil haynes,placed on ir with groin injury,,,,12/24/2020,
2020,Titans,,chris milton,placed on ir with knee injury,,,,12/24/2020,
2020,49ers,,nick mullens,placed on ir with right elbow injury,,,,12/25/2020,
2020,49ers,,raheem mostert,placed on ir with ankle injury,,,,12/25/2020,
2020,Cardinals,,dennis gardeck,placed on ir with knee injury,,,,12/25/2020,
2020,Steelers,,ulysees gilbert iii,placed on ir with ankle injury,,,,12/25/2020,
2020,Broncos,,phillip lindsay,"placed on ir with hip, knee injury",,,,12/26/2020,
2020,Chargers,,uchenna nwosu,placed on ir with knee injury,,,,12/26/2020,
2020,Cowboys,,antwaun woods,placed on ir with ankle injury,,,,12/26/2020,
2020,Eagles,,josh sweat,placed on ir with wrist injury,,,,12/26/2020,
2020,Eagles,,kevon seymour,placed on ir with knee injury,,,,12/26/2020,
2020,Jaguars,,sidney jones iv,placed on ir with achilles injury,,,,12/26/2020,
2020,Cardinals,,kylie fitts,placed on ir with hand injury,,,,12/28/2020,
2020,Panthers,,trenton scott  trent scott,placed on ir with shoulder injury,,,,12/28/2020,
2020,Saints,,kwon alexander,placed on ir with torn right achilles tendon,,,,12/28/2020,
2020,Rams,,darrell henderson,placed on ir with ankle injury,,,,12/29/2020,
2020,Vikings,,kyle rudolph,placed on ir with foot injury,,,,12/29/2020,
2020,Buccaneers,,kenjon barner,placed on ir with groin injury,,,,12/30/2020,
2020,Jets,,frank gore sr,"placed on ir with chest, lung injury",,,,12/30/2020,
2020,Jets,,josh andrews,placed on ir with groin/thigh injury,,,,12/30/2020,
2020,Raiders,,clelin ferrell,placed on ir with shoulder injury,,,,12/30/2020,
2020,Broncos,,shelby harris,placed on ir with knee injury,,,,12/31/2020,
2020,Dolphins,,elandon roberts,placed on ir with knee injury,,,,12/31/2020,
2020,Patriots,,joshua uche  josh uche,placed on ir with foot injury,,,,12/31/2020,
2020,Patriots,,tashawn bower,placed on ir with neck injury,,,,12/31/2020,
2020,49ers,,jordan willis,placed on ir with ankle injury,,,,1/1/2021,
2020,49ers,,trent williams,placed on ir with elbow injury,,,,1/1/2021,
2020,Chargers,,casey hayward jr,placed on ir with hamstring injury,,,,1/1/2021,
2020,Chargers,,malik jefferson,placed on ir with shoulder injury,,,,1/1/2021,
2020,Colts,,anthony castonzo,placed on ir with ankle injury (out for season),,,,1/1/2021,
2020,Eagles,,duke riley,placed on ir with biceps injury,,,,1/1/2021,
2020,Eagles,,shaun bradley,placed on ir with neck injury,,,,1/1/2021,
2020,Broncos,,kj hamler,placed on ir with concussion,,,,1/2/2021,
2020,Giants,,elijhaa penny  eli penny,placed on ir with illness,,,,1/2/2021,
2020,Jaguars,,collin johnson,placed on ir with hamstring injury,,,,1/2/2021,
2020,Packers,,david bakhtiari,placed on ir with torn acl in knee,,,,1/2/2021,
2020,Panthers,,troy pride jr,placed on ir with hip injury,,,,1/2/2021,
2020,Patriots,,damien harris,placed on ir with ankle injury,,,,1/2/2021,
2020,Texans,,brent qvale,placed on ir with concussion,,,,1/2/2021,
2020,Browns,,nick harris b,placed on ir with knee injury,,,,1/5/2021,
2020,Browns,,olivier vernon,placed on ir with ruptured achilles tendon,,,,1/5/2021,
2020,Saints,,nick easton,placed on ir (with concussion?),,,,1/6/2021,
2020,Seahawks,,jayson stanley,placed on ir with hamstring injury,,,,1/6/2021,
2020,Rams,,raymond calais,placed on ir with undisclosed injury,,,,1/8/2021,
2020,Ravens,,ben bredeson,placed on ir with knee injury,,,,1/9/2021,
2020,Saints,,nick easton,placed on ir with concussion,,,,1/9/2021,
2020,Bills,,zack moss,placed on ir with ankle injury,,,,1/12/2021,
2020,Browns,,michael dunn,placed on ir with calf injury,,,,1/12/2021,
2020,Browns,,robert jackson jr,placed on ir with hamstring injury,,,,1/12/2021,
2020,Packers,,simon stepaniak,placed on ir with knee injury,,,,1/12/2021,
2020,Buccaneers,,alex cappa,placed on ir with fractured ankle,,,,1/15/2021,
2020,Chiefs,,deon yelder,placed on ir with groin injury,,,,1/16/2021,
2020,Saints,,will clapp,placed on ir,,,,1/16/2021,
2020,Buccaneers,,jack cichy,placed on ir with fractured left arm,,,,1/19/2021,
2020,Chiefs,,eric fisher,placed on ir with achilles injury,,,,2/6/2021,
2020,Chiefs,,willie gay jr,"placed on ir with ankle, knee injuries",,,,2/6/2021,
2021,Lions,,joel heath,placed on ir with torn acl in knee,,,,5/27/2021,
2021,Seahawks,,marcus webb a,placed on ir with undisclosed injury,,,,5/27/2021,
2021,Ravens,,donte sylencieux,placed on ir with undisclosed,,,,6/2/2021,
2021,Ravens,,xavier kelly,placed on ir with achilles injury,,,,6/2/2021,
2021,Jaguars,,terry godwin,placed on ir with undisclosed,,,,6/3/2021,
2021,Cardinals,,krishawn hogan,placed on ir with undisclosed injury,,,,6/4/2021,
2021,Washington,,dylan cantrell,placed on ir with undisclosed injury,,,,6/4/2021,
2021,Titans,,anthony mckinney b,placed on ir with undisclosed injury,,,,6/7/2021,
2021,Eagles,,trevon grimes,placed on ir with knee injury,,,,6/10/2021,
2021,Jets,,parker ferguson,placed on ir with undisclosed injury,,,,6/10/2021,
2021,49ers,,justin skule,placed on ir with torn acl in knee,,,,6/14/2021,
2021,Cowboys,,stephen guidry,placed on ir with undisclosed injury,,,,6/14/2021,
2021,Broncos,,natrez patrick,placed on ir with leg injury,,,,6/21/2021,
2021,Bills,,bryan cox jr,placed on ir with achilles injury,,,,6/22/2021,
2021,Steelers,,demarcus christmas,placed on ir with undisclosed injury,,,,7/6/2021,
2021,Giants,,taquan mizzell,placed on ir with hamstring injury,,,,7/22/2021,
2021,Buccaneers,,curtis riley,placed on ir with achilles injury,,,,7/23/2021,
2021,Colts,,rob windsor,placed on ir with surgery on hip,,,,7/25/2021,
2021,Chiefs,,chris finke,placed on ir with undisclosed injury,,,,7/27/2021,
2021,Cowboys,,mitch hyatt,placed on ir with knee injury,,,,7/27/2021,
2021,Washington,,jalen jelks,placed on ir with undisclosed injury,,,,7/28/2021,
2021,Dolphins,,dj fluker,placed on ir with surgery on knee,,,,7/29/2021,
2021,Steelers,,dax raymond,placed on ir with undisclosed injury,,,,7/31/2021,
2021,Titans,,brandon kemp,placed on ir with undisclosed injury,,,,7/31/2021,
2021,Titans,,elijah nkansah,placed on ir with undisclosed injury,,,,7/31/2021,
2021,Titans,,briley moore,placed on ir with torn acl in knee,,,,8/1/2021,
2021,Saints,,dylan soehner,placed on ir with undisclosed injury,,,,8/2/2021,
2021,Vikings,,olabisi johnson,placed on ir with torn acl in knee,,,,8/2/2021,
2021,Giants,,derrick dillon,placed on ir with undisclosed injury,,,,8/3/2021,
2021,Falcons,,sterling hofrichter,placed on ir with undisclosed injury,,,,8/4/2021,
2021,Giants,,mike weber jr,placed on ir with hip flexor injury,,,,8/4/2021,
2021,Saints,,keith washington jr,placed on ir with wrist injury,,,,8/4/2021,
2021,49ers,,tim harris jr,placed on ir with groin injury,,,,8/5/2021,
2021,Broncos,,cody conway,placed on ir with torn acl in knee,,,,8/5/2021,
2021,Eagles,,nathan meadors  nate meadors,placed on ir with hamstring injury,,,,8/5/2021,
2021,Falcons,,jaeden graham,placed on ir with knee injury,,,,8/5/2021,
2021,Jets,,brendon white,placed on ir with undisclosed injury,,,,8/5/2021,
2021,Rams,,jamil demby,placed on ir with undisclosed injury,,,,8/5/2021,
2021,Steelers,,anthony coyle,placed on ir with shoulder injury,,,,8/5/2021,
2021,Steelers,,demarkus acy,placed on ir with torn acl in knee,,,,8/5/2021,
2021,Titans,,greg mabin,placed on ir with undisclosed injury,,,,8/5/2021,
2021,Titans,,spencer pulley,placed on ir with undisclosed injury,,,,8/5/2021,
2021,Colts,,jj nelson,placed on ir with groin injury,,,,8/6/2021,
2021,Rams,,dayan lake,placed on ir with undisclosed injury,,,,8/6/2021,
2021,Browns,,tre harbison,placed on ir with concussion,,,,8/7/2021,
2021,Falcons,,jeff badet,placed on ir with undisclosed injury,,,,8/7/2021,
2021,Giants,,levine toilolo,placed on ir with achilles tendon injury,,,,8/7/2021,
2021,Patriots,,dalton keene b 1999-04-14,placed on ir with knee injury,,,,8/7/2021,
2021,Patriots,,raekwon mcmillan,placed on ir with torn acl in knee,,,,8/7/2021,
2021,Titans,,cody hollister,placed on ir with ankle injury,,,,8/7/2021,
2021,Cardinals,,xavier williams,placed on ir with right foot injury,,,,8/8/2021,
2021,Cardinals,,bruno labelle,placed on ir with undisclosed injury,,,,8/9/2021,
2021,Colts,,gary jennings,placed on ir with undisclosed injury,,,,8/9/2021,
2021,Falcons,,deadrin senat,placed on ir with undisclosed injury,,,,8/9/2021,
2021,Panthers,,austin larkin,placed on ir with undisclosed injury,,,,8/9/2021,
2021,Eagles,,obi melifonwu,placed on ir with undisclosed injury,,,,8/10/2021,
2021,Jets,,teton saltes,placed on ir with knee injury,,,,8/10/2021,
2021,Steelers,,calvin taylor jr,placed on ir with undisclosed injury,,,,8/10/2021,
2021,Eagles,,michael walker b 1996-10-29,placed on ir with right let/foot injury,,,,8/11/2021,
2021,Raiders,,trey quinn,placed on ir with undisclosed injury,,,,8/11/2021,
2021,Titans,,donnie ernsberger,placed on ir with undisclosed injury,,,,8/11/2021,
2021,49ers,,tony jefferson,placed on ir with groin injury,,,,8/12/2021,
2021,Jets,,alex lewis b 1992-04-21,placed on ir,,,,8/12/2021,
2021,Lions,,michael warren ii  mike warren ii,placed on ir with undisclosed injury,,,,8/12/2021,
2021,Saints,,jalen mccleskey,placed on ir with hamstring injury,,,,8/12/2021,
2021,Buccaneers,,sam renner,placed on ir with undisclosed injury,,,,8/13/2021,
2021,Packers,,randy ramsey,placed on ir with ankle injury,,,,8/13/2021,
2021,Titans,,adam coon,placed on ir with undisclosed injury,,,,8/13/2021,
2021,Bears,,thomas ives,placed on ir with glute injury,,,,8/14/2021,
2021,Saints,,quentin poling,placed on ir with undisclosed injury,,,,8/14/2021,
2021,Titans,,bj bello,placed on ir with ankle injury,,,,8/15/2021,
2021,Browns,,ryan switzer,placed on ir with foot injury,,,,8/16/2021,
2021,Browns,,stephen carlson,placed on ir with knee injury,,,,8/16/2021,
2021,Falcons,,j'mon moore,placed on ir with undisclosed injury,,,,8/16/2021,
2021,Giants,,joshua kalu,placed on ir with torn pectoral muscle,,,,8/16/2021,
2021,Giants,,kyle murphy b 1998-05-18,placed on ir with ankle injury,,,,8/16/2021,
2021,Giants,,tj brunson,placed on ir with torn acl in knee,,,,8/16/2021,
2021,Lions,,evan boehm,placed on ir with undisclosed injury,,,,8/16/2021,
2021,Ravens,,iman lewis-marshall  iman marshall,placed on ir with knee injury,,,,8/16/2021,
2021,Ravens,,khalil dorsey,placed on ir with undisclosed injury,,,,8/16/2021,
2021,Saints,,kyle murphy neil,placed on ir with undisclosed injury,,,,8/16/2021,
2021,Titans,,kevin peterson lamont,placed on ir with undisclosed injury,,,,8/16/2021,
2021,Browns,,kiondre thomas,placed on ir with hamstring injury,,,,8/17/2021,
2021,Buccaneers,,sadarius hutcherson,placed on ir with torn acl in knee,,,,8/17/2021,
2021,Chiefs,,elijah mcguire,placed on ir with ankle injury,,,,8/17/2021,
2021,Colts,,damontre moore,placed on ir with undisclosed injury,,,,8/17/2021,
2021,Cowboys,,reggie robinson ii,placed on ir with toe injury,,,,8/17/2021,
2021,Cowboys,,sewo olonilua,placed on ir with neck injury,,,,8/17/2021,
2021,Dolphins,,allen hurns,placed on ir with wrist injury,,,,8/17/2021,
2021,Giants,,clayton thorson,placed on ir with concussion,,,,8/17/2021,
2021,Jaguars,,daniel ross,placed on ir with undisclosed injury,,,,8/17/2021,
2021,Jets,,cameron clark  cameron clarke,placed on ir with back/spine injury (out for season),,,,8/17/2021,
2021,Lions,,shaun dion hamilton,placed on ir with undisclosed injury,,,,8/17/2021,
2021,Panthers,,troy pride jr,placed on ir with knee injury,,,,8/17/2021,
2021,Patriots,,marvin hall,placed on ir with undisclosed injury,,,,8/17/2021,
2021,Saints,,brett maher,placed on ir with undisclosed injury,,,,8/17/2021,
2021,Texans,,dontrell hilliard,placed on ir with undisclosed injury,,,,8/17/2021,
2021,Titans,,maurice smith bernard,placed on ir with undisclosed injury,,,,8/17/2021,
2021,Titans,,tedric thompson,placed on ir with leg injury,,,,8/17/2021,
2021,Titans,,trevon coley,placed on ir with foot injury,,,,8/17/2021,
2021,Vikings,,blake proehl,placed on ir with knee injury,,,,8/17/2021,
2021,Vikings,,riley patterson,placed on ir with undisclosed injury,,,,8/17/2021,
2021,Chiefs,,chad williams b 1994-10-19,placed on ir with undisclosed injury,,,,8/17/2021,
2021,49ers,,austin watkins jr,placed on ir with fractured foot,,,,8/18/2021,
2021,Bears,,ledarius mack,placed on ir with undisclosed injury,,,,8/18/2021,
2021,Bears,,michael joseph,placed on ir with undisclosed injury,,,,8/18/2021,
2021,Broncos,,devontres dukes,placed on ir with undisclosed injury,,,,8/18/2021,
2021,Broncos,,deyon sizer,placed on ir with hamstring injury,,,,8/18/2021,
2021,Broncos,,levante bellamy,placed on ir with ankle injury,,,,8/18/2021,
2021,Buccaneers,,donell stanley,placed on ir with undisclosed injury,,,,8/18/2021,
2021,Chiefs,,antonio callaway,placed on ir with knee injury,,,,8/18/2021,
2021,Chiefs,,evan baylis,placed on ir with ankle injury,,,,8/18/2021,
2021,Colts,,nick nelson,placed on ir with undisclosed injury,,,,8/18/2021,
2021,Colts,,quartney davis,placed on ir with shoulder injury,,,,8/18/2021,
2021,Cowboys,,anthony hines iii,placed on ir with undisclosed injury,,,,8/18/2021,
2021,Dolphins,,jaytlin askew,placed on ir with quadriceps injury,,,,8/18/2021,
2021,Eagles,,casey tucker,placed on ir with biceps injury,,,,8/18/2021,
2021,Eagles,,kerryon johnson,placed on ir with knee injury,,,,8/18/2021,
2021,Eagles,,luke juriga,placed on ir with undisclosed injury,,,,8/18/2021,
2021,Giants,,jarren williams,placed on ir with quadriceps injury,,,,8/18/2021,
2021,Jaguars,,josh imatorbhebhe,placed on ir with undisclosed injury,,,,8/18/2021,
2021,Jaguars,,tim jones b 1998-05-15,placed on ir with undisclosed injury,,,,8/18/2021,
2021,Jets,,austin walter,placed on ir with undisclosed injury,,,,8/18/2021,
2021,Jets,,michael dwumfour,placed on ir with undisclosed injury,,,,8/18/2021,
2021,Packers,,deandre thompkins,placed on ir with shoulder injury,,,,8/18/2021,
2021,Packers,,isaac nauta,placed on ir with chest injury,,,,8/18/2021,
2021,Panthers,,matt kaskey,placed on ir with foot injury,,,,8/18/2021,
2021,Panthers,,mike panasiuk,placed on ir with undisclosed injury,,,,8/18/2021,
2021,Panthers,,nate hall,placed on ir with undisclosed injury,,,,8/18/2021,
2021,Patriots,,troy fumagalli,placed on ir with undisclosed injury,,,,8/18/2021,
2021,Buccaneers,,raven greene,placed on ir with undisclosed injury,,,,8/19/2021,
2021,Saints,,adonis alexander,placed on ir with undisclosed injury,,,,8/19/2021,
2021,Saints,,michael brown  mike brown b 1994-09-19,placed on ir with undisclosed injury,,,,8/19/2021,
2021,Titans,,brent qvale,placed on ir with undisclosed injury,,,,8/19/2021,
2021,Cowboys,,hunter niswander,placed on ir with back injury,,,,8/20/2021,
2021,Falcons,,ryan becker,placed on ir with undisclosed injury,,,,8/20/2021,
2021,Jets,,zane lewis,placed on ir with torn patella tendon in knee,,,,8/20/2021,
2021,Eagles,,jason croom,placed on ir with patella tendon in right knee injury,,,,8/21/2021,
2021,Saints,,tommylee lewis,placed on ir with undisclosed injury,,,,8/21/2021,
2021,Bears,,austin calitro,placed on ir with hamstring injury / hand injury,,,,8/23/2021,
2021,Bills,,forrest lamp,placed on ir with calf injury,,,,8/23/2021,
2021,Broncos,,brett jones,placed on ir with biceps injury,,,,8/23/2021,
2021,Browns,,cody parkey,placed on ir with quadriceps injury,,,,8/23/2021,
2021,Browns,,connor davis,placed on ir with shoulder injury,,,,8/23/2021,
2021,Browns,,montrel meander,placed on ir with ruptured achilles tendon,,,,8/23/2021,
2021,Jets,,carl lawson,placed on ir with ruptured achilles tendon,,,,8/23/2021,
2021,Ravens,,lj fort,placed on ir with torn acl in knee,,,,8/23/2021,
2021,Seahawks,,ben burr-kirven,placed on ir with torn acl in knee,,,,8/23/2021,
2021,Seahawks,,john ursua,placed on ir with torn acl in knee,,,,8/23/2021,
2021,Vikings,,janarius robinson,placed on ir with undisclosed injury,,,,8/23/2021,
2021,Bears,,isaiah coulter,placed on ir with hamstring injury,,,,8/23/2021,
2021,49ers,,mychal kendricks,placed on ir with turf toe,,,,8/24/2021,
2021,Bears,,jordan lucas,placed on ir with quadriceps injury,,,,8/24/2021,
2021,Bears,,mike pennel,placed on ir with groin injury,,,,8/24/2021,
2021,Bengals,,donnie lewis jr,placed on ir with hamstring injury,,,,8/24/2021,
2021,Bills,,d'haquille williams  duke williams b,placed on ir with hamstring injury,,,,8/24/2021,
2021,Broncos,,adrian killins jr,placed on ir with ankle injury,,,,8/24/2021,
2021,Browns,,alex taylor  armani taylor-prioleau,placed on ir with ankle injury,,,,8/24/2021,
2021,Buccaneers,,troymaine pope,placed on ir with undisclosed injury,,,,8/24/2021,
2021,Cardinals,,jack crawford,placed on ir with undisclosed injury,,,,8/24/2021,
2021,Colts,,skai moore,placed on ir with undisclosed injury,,,,8/24/2021,
2021,Dolphins,,lynn bowden jr,placed on ir with hamstring injury,,,,8/24/2021,
2021,Falcons,,aj mccarron,placed on ir with torn acl in right knee,,,,8/24/2021,
2021,Giants,,quincy wilson b 1996-08-16,placed on ir with ankle injury,,,,8/24/2021,
2021,Giants,,rysen john,placed on ir with ankle injury,,,,8/24/2021,
2021,Jaguars,,travis etienne,placed on ir with lisfranc injury in left foot,,,,8/24/2021,
2021,Jets,,corey ballentine,placed on ir with knee injury,,,,8/24/2021,
2021,Packers,,will redmond,placed on ir with toe injury,,,,8/24/2021,
2021,Patriots,,marcus martin b 1993-11-29,placed on ir with undisclosed injury,,,,8/24/2021,
2021,Raiders,,darron lee,placed on ir with undisclosed injury,,,,8/24/2021,
2021,Rams,,raymond calais,placed on ir with foot injury,,,,8/24/2021,
2021,Saints,,brian poole,placed on ir with undisclosed injury,,,,8/24/2021,
2021,Saints,,ethan greenidge,placed on ir with arm injury,,,,8/24/2021,
2021,Saints,,jalen dalton,placed on ir with torn triceps,,,,8/24/2021,
2021,Titans,,paul adams b 1996-05-17,placed on ir with wrist injury,,,,8/24/2021,
2021,Titans,,ross reynolds,placed on ir with undisclosed injury,,,,8/24/2021,
2021,Titans,,tucker mccann,placed on ir with undisclosed injury,,,,8/24/2021,
2021,Vikings,,jordon scott,placed on ir with undisclosed injury,,,,8/24/2021,
2021,Buccaneers,,chidi okeke,placed on ir with undisclosed injury,,,,8/25/2021,
2021,Cardinals,,jamell garcia-williams,placed on ir with undisclosed injury,,,,8/25/2021,
2021,Chargers,,chris okoye,placed on ir with undisclosed injury,,,,8/25/2021,
2021,Chargers,,damon lloyd,placed on ir with undisclosed injury,,,,8/25/2021,
2021,Colts,,noah togiai,placed on ir with undisclosed injury,,,,8/25/2021,
2021,Cowboys,,rico dowdle,placed on ir with hip injury,,,,8/25/2021,
2021,Dolphins,,robert foster,placed on ir with undisclosed injury,,,,8/25/2021,
2021,Eagles,,joe ostman,placed on ir with undisclosed injury,,,,8/25/2021,
2021,Giants,,cole hikutini,placed on ir with hip injury,,,,8/25/2021,
2021,Giants,,montre hartage,placed on ir with undisclosed injury,,,,8/25/2021,
2021,Packers,,devin funchess,placed on ir with hamstring injury,,,,8/25/2021,
2021,Raiders,,darius stills,placed on ir with undisclosed injury,,,,8/25/2021,
2021,Saints,,marcus willoughby,placed on ir with undisclosed injury,,,,8/25/2021,
2021,Steelers,,antoine brooks jr,placed on ir with undisclosed injury,,,,8/25/2021,
2021,Texans,,taywan taylor,placed on ir with undisclosed injury,,,,8/25/2021,
2021,Washington,,rick leonard,placed on ir with undisclosed injury,,,,8/25/2021,
2021,Titans,,kyle peko,placed on ir with undisclosed injury,,,,8/26/2021,
2021,Bills,,treyvon hester,placed on ir with back injury,,,,8/27/2021,
2021,Saints,,bryce thompson,placed on ir with undisclosed injury,,,,8/27/2021,
2021,Dolphins,,vince biegel,placed on ir with achilles injury,,,,8/28/2021,
2021,Titans,,brian hill b 1995-11-09,placed on ir with undisclosed injury,,,,8/29/2021,
2021,Cardinals,,darqueze dennard,placed on ir with undisclosed injury,,,,8/30/2021,
2021,Colts,,sam tevi,placed on ir with torn acl in knee,,,,8/30/2021,
2021,Ravens,,jk dobbins,placed on ir with torn acl in left knee,,,,8/30/2021,
2021,49ers,,shon coleman,placed on ir with triceps injury,,,,8/31/2021,
2021,Bengals,,joseph ossai,placed on ir with knee injury,,,,8/31/2021,
2021,Browns,,drew forbes,placed on ir with knee injury,,,,8/31/2021,
2021,Browns,,greg senat,placed on ir with knee injury,,,,8/31/2021,
2021,Dolphins,,larnel coleman,placed on ir with knee injury,,,,8/31/2021,
2021,Eagles,,blake countess,placed on ir with undisclosed injury,,,,8/31/2021,
2021,Giants,,ted larsen,placed on ir with knee injury,,,,8/31/2021,
2021,Jaguars,,josh jones b 1994-09-20,placed on ir with undisclosed injury,,,,8/31/2021,
2021,Panthers,,thomas fletcher,placed on ir with hip injury,,,,8/31/2021,
2021,Patriots,,anfernee jennings,placed on ir with undisclosed injury,,,,8/31/2021,
2021,Steelers,,joshua dobbs  josh dobbs,placed on ir with toe injury,,,,8/31/2021,
2021,49ers,,richie james,placed on ir with knee injury,,,,9/1/2021,
2021,Bears,,lacale london,placed on ir with elbow injury,,,,9/1/2021,
2021,Bears,,tre roberson,placed on ir with concussion,,,,9/1/2021,
2021,Browns,,jacob phillips,placed on ir with biceps injury,,,,9/1/2021,
2021,Buccaneers,,brad seaton,placed on ir with undisclosed injury,,,,9/1/2021,
2021,Cardinals,,marcus henry b 1993-02-11,placed on ir with undisclosed injury,,,,9/1/2021,
2021,Chargers,,cole mazza,placed on ir with shoulder injury,,,,9/1/2021,
2021,Chargers,,tyree st louis,placed on ir with undisclosed injury,,,,9/1/2021,
2021,Colts,,andrew vollert,placed on ir with ankle injury,,,,9/1/2021,
2021,Colts,,jordan thomas malik,placed on ir with undisclosed injury,,,,9/1/2021,
2021,Falcons,,dom maggio,placed on ir with undisclosed injury,,,,9/1/2021,
2021,Giants,,alex bachman,placed on ir with undisclosed injury,,,,9/1/2021,
2021,Giants,,austin mack,placed on ir with hamstring injury,,,,9/1/2021,
2021,Lions,,dan skipper,placed on ir with leg injury,,,,9/1/2021,
2021,Lions,,tyrell crosby,placed on ir with undisclosed injury,,,,9/1/2021,
2021,Panthers,,darius clark,placed on ir with knee injury,,,,9/1/2021,
2021,Patriots,,nick thurman,placed on ir with undisclosed injury,,,,9/1/2021,
2021,Raiders,,alex ellis,placed on ir with undisclosed injury,,,,9/1/2021,
2021,Raiders,,asmar bilal,placed on ir with undisclosed injury,,,,9/1/2021,
2021,Rams,,xavier jones,placed on ir with ankle injury,,,,9/1/2021,
2021,Ravens,,aaron crawford,placed on ir with undisclosed injury,,,,9/1/2021,
2021,Ravens,,deon cain,placed on ir with head injury,,,,9/1/2021,
2021,Ravens,,mario ojemudia,placed on ir with undisclosed injury,,,,9/1/2021,
2021,Ravens,,otaro alaka,placed on ir with undisclosed injury,,,,9/1/2021,
2021,Texans,,cornell armstrong,placed on ir with undisclosed injury,,,,9/1/2021,
2021,Texans,,tae davis marquez,placed on ir with undisclosed injury,,,,9/1/2021,
2021,Titans,,chandon herring,placed on ir with undisclosed injury,,,,9/1/2021,
2021,Vikings,,chad beebe,placed on ir with foot injury,,,,9/1/2021,
2021,Vikings,,dru samia,placed on ir with hamstring injury,,,,9/1/2021,
2021,Vikings,,luther kirk,placed on ir with undisclosed injury,,,,9/1/2021,
2021,Vikings,,nate stanley,placed on ir with undisclosed injury,,,,9/1/2021,
2021,Washington,,jimmy moreland,placed on ir with undisclosed injury,,,,9/1/2021,
2021,Panthers,,reggie bonnafon,placed on ir with undisclosed injury,,,,9/1/2021,
2021,49ers,,davontae harris,placed on ir with hamstring injury,,,,9/2/2021,
2021,49ers,,maurice hurst jr   maurice hurst ii roy,placed on ir with ankle injury,,,,9/2/2021,
2021,Bears,,danny trevathan,placed on ir with knee injury,,,,9/2/2021,
2021,Bears,,teven jenkins,placed on ir with surgery on back,,,,9/2/2021,
2021,Bengals,,khalid kareem,placed on ir with shoulder injury,,,,9/2/2021,
2021,Bills,,marquez stevenson,placed on ir with foot injury,,,,9/2/2021,
2021,Broncos,,michael ojemudia,placed on ir with hamstring injury,,,,9/2/2021,
2021,Broncos,,mike boone,placed on ir with quadriceps injury,,,,9/2/2021,
2021,Buccaneers,,john molchon,placed on ir with leg injury,,,,9/2/2021,
2021,Cardinals,,jordan phillips,placed on ir with undisclosed injury,,,,9/2/2021,
2021,Chiefs,,willie gay jr,placed on ir with toe injury,,,,9/2/2021,
2021,Colts,,dezmon patmon,placed on ir with foot injury,,,,9/2/2021,
2021,Colts,,sam ehlinger,placed on ir with sprained knee,,,,9/2/2021,
2021,Colts,,ty hilton,placed on ir with surgery on neck,,,,9/2/2021,
2021,Cowboys,,francis bernard,placed on ir with hamstring injury,,,,9/2/2021,
2021,Cowboys,,josh ball,placed on ir with ankle injury,,,,9/2/2021,
2021,Cowboys,,kelvin joseph,placed on ir with groin injury,,,,9/2/2021,
2021,Cowboys,,malik turner,placed on ir with foot injury,,,,9/2/2021,
2021,Cowboys,,neville gallimore,placed on ir with dislocated elbow,,,,9/2/2021,
2021,Cowboys,,sean mckeon,placed on ir with ankle injury,,,,9/2/2021,
2021,Eagles,,jack driscoll,placed on ir with strained pectoral muscle,,,,9/2/2021,
2021,Eagles,,josiah scott,placed on ir with hamstring injury,,,,9/2/2021,
2021,Eagles,,tyree jackson,placed on ir with back injury,,,,9/2/2021,
2021,Falcons,,josh andrews,placed on ir with fractured hand,,,,9/2/2021,
2021,Giants,,elerson smith,placed on ir with hamstring injury,,,,9/2/2021,
2021,Giants,,john ross iii,placed on ir with hamstring injury,,,,9/2/2021,
2021,Jaguars,,tavon austin,placed on ir with quadriceps injury,,,,9/2/2021,
2021,Jets,,ashtyn davis,placed on ir with undisclosed injury,,,,9/2/2021,
2021,Jets,,conor mcdermott,placed on ir with knee injury,,,,9/2/2021,
2021,Jets,,jarrad davis,placed on ir with ankle injury,,,,9/2/2021,
2021,Lions,,da'shawn hand,placed on ir with groin injury,,,,9/2/2021,
2021,Lions,,tim boyle,placed on ir recovering from surgery on thumb to repair fracture,,,,9/2/2021,
2021,Patriots,,n'keal harry,placed on ir with shoulder injury,,,,9/2/2021,
2021,Raiders,,jalen richard,placed on ir with foot/leg injury,,,,9/2/2021,
2021,Raiders,,javin white,placed on ir with knee injury,,,,9/2/2021,
2021,Raiders,,keisean nixon,placed on ir with leg injury,,,,9/2/2021,
2021,Raiders,,nicholas morrow,placed on ir with foot injury,,,,9/2/2021,
2021,Rams,,ogbonnia okoronkwo  obo okoronkwo,placed on ir with stinger in shoulder,,,,9/2/2021,
2021,Rams,,tremayne anchrum,placed on ir with ankle/knee injury,,,,9/2/2021,
2021,Ravens,,miles boykin,placed on ir with hamstring injury,,,,9/2/2021,
2021,Ravens,,rashod bateman,placed on ir with surgery on groin,,,,9/2/2021,
2021,Seahawks,,cedric ogbuehi,placed on ir with strained biceps,,,,9/2/2021,
2021,Steelers,,anthony mcfarland jr,placed on ir with undisclosed injury,,,,9/2/2021,
2021,Steelers,,stephon tuitt,placed on ir with undisclosed injury,,,,9/2/2021,
2021,Steelers,,zach banner,placed on ir with knee injury,,,,9/2/2021,
2021,Texans,,aj moore jr,placed on ir with hamstring injury,,,,9/2/2021,
2021,Titans,,daniel munyer,placed on ir with ankle injury,,,,9/2/2021,
2021,Titans,,darrynton evans,placed on ir with knee injury,,,,9/2/2021,
2021,Titans,,marcus johnson b 1994-08-05,placed on ir with undisclosed injury,,,,9/2/2021,
2021,Vikings,,dan chisena,placed on ir with undisclosed injury,,,,9/2/2021,
2021,Vikings,,irv smith jr,placed on ir with torn meniscus in knee,,,,9/2/2021,
2021,Vikings,,kene nwangwu,placed on ir with knee injury,,,,9/2/2021,
2021,Washington,,darrick forrest,placed on ir with hamstring injury,,,,9/2/2021,
2021,Buccaneers,,cam gill,placed on ir with undisclosed injury,,,,9/3/2021,
2021,Titans,,brady breeze,placed on ir with ankle injury,,,,9/3/2021,
2021,Buccaneers,,earl watford,placed on ir with undisclosed injury,,,,9/5/2021,
2021,Saints,,nick vannett,placed on ir with right leg injury,,,,9/6/2021,
2021,Saints,,wil lutz,placed on ir with core muscle injury,,,,9/6/2021,
2021,Saints,,will clapp,placed on ir with undisclosed injury,,,,9/6/2021,
2021,Chargers,,ryan smith b 1993-09-07,placed on ir with core muscle injury / placed on reserve/covid-19 list,,,,9/7/2021,
2021,Seahawks,,colby parkinson,placed on ir with foot injury,,,,9/7/2021,
2021,Seahawks,,nigel warrior,placed on ir with leg injury,,,,9/7/2021,
2021,Seahawks,,tre brown,placed on ir with sprained knee,,,,9/7/2021,
2021,Falcons,,kendall sheffield,placed on ir with undisclosed injury,,,,9/8/2021,
2021,Texans,,ka'imi fairbairn,placed on ir with leg injury,,,,9/8/2021,
2021,Ravens,,justice hill,placed on ir with achilles injury,,,,9/9/2021,
2021,Ravens,,gus edwards,placed on ir with torn acl in knee,,,,9/10/2021,
2021,Ravens,,marcus peters b 1993-01-09,placed on ir with torn acl in knee,,,,9/10/2021,
2021,Ravens,,nick boyle,placed on ir with knee injury,,,,9/10/2021,
2021,Saints,,ken crawley,placed on ir with hamstring injury,,,,9/10/2021,
2021,Saints,,tre'quan smith,placed on ir with hamstring injury,,,,9/10/2021,
2021,Washington,,curtis samuel,placed on ir with groin injury,,,,9/10/2021,
2021,49ers,,jalen hurd,placed on ir with knee injury,,,,9/11/2021,
2021,Cardinals,,dennis gardeck,placed on ir with knee/hand injury,,,,9/11/2021,
2021,Jets,,sharrod neasman,placed on ir with hamstring injury,,,,9/11/2021,
2021,Lions,,taylor decker,placed on ir with surgery on finger,,,,9/11/2021,
2021,Patriots,,malcolm perry,placed on ir with foot injury,,,,9/11/2021,
2021,Titans,,sam ficken,placed on ir with right groin injury,,,,9/11/2021,
2021,Buccaneers,,sean murphy-bunting  sean bunting,placed on ir with dislocated right elbow,,,,9/13/2021,
2021,Buccaneers,,zach triner,placed on ir with torn tendon in left hand/finger,,,,9/13/2021,
2021,Cowboys,,michael gallup,placed on ir with strained left calf,,,,9/13/2021,
2021,Lions,,jeff okudah,placed on ir with torn achilles tendon,,,,9/13/2021,
2021,Panthers,,myles hartsfield,placed on ir with surgery on wrist,,,,9/13/2021,
2021,49ers,,jason verrett,placed on ir with torn acl in knee,,,,9/14/2021,
2021,49ers,,raheem mostert,placed on ir with chipped cartilage in knee,,,,9/14/2021,
2021,Broncos,,jerry jeudy,placed on ir with high ankle sprain,,,,9/14/2021,
2021,Broncos,,ronald darby,placed on ir with hamstring injury,,,,9/14/2021,
2021,Dolphins,,raekwon davis,placed on ir with left knee injury,,,,9/14/2021,
2021,Ravens,,tyre phillips,placed on ir with left knee injury,,,,9/14/2021,
2021,Washington,,ryan fitzpatrick,placed on ir with hip subluxation,,,,9/14/2021,
2021,Bengals,,ricardo allen,"placed on ir with fractured hand, hamstring injury",,,,9/15/2021,
2021,Jets,,blake cashman,placed on ir with hamstring injury,,,,9/15/2021,
2021,Jets,,braden mann,placed on ir with knee injury,,,,9/15/2021,
2021,Jets,,lamarcus joyner,placed on ir with torn triceps,,,,9/15/2021,
2021,Jets,,mekhi becton,placed on ir with dislocated kneecap,,,,9/15/2021,
2021,Raiders,,denzelle good,placed on ir with torn acl in knee,,,,9/15/2021,
2021,Raiders,,gerald mccoy,placed on ir with right knee injury,,,,9/15/2021,
2021,Seahawks,,ethan pocic,placed on ir with sprained knee,,,,9/15/2021,
2021,Texans,,vincent taylor,placed on ir with surgery on ankle,,,,9/15/2021,
2021,Titans,,amani hooker,placed on ir with foot injury,,,,9/15/2021,
2021,Cowboys,,demarcus lawrence,placed on ir with fractured foot,,,,9/16/2021,
2021,Giants,,shane lemieux,placed on ir with knee injury,,,,9/16/2021,
2021,Texans,,kevin pierre-louis,placed on ir with hamstring/thigh injury,,,,9/16/2021,
2021,Browns,,anthony walker jr,placed on ir with hamstring injury,,,,9/17/2021,
2021,Chargers,,bryan bulaga,placed on ir with back injury,,,,9/17/2021,
2021,Packers,,za'darius smith,placed on ir with back injury,,,,9/17/2021,
2021,Ravens,,chris westry,placed on ir with knee injury,,,,9/17/2021,
2021,Saints,,kwon alexander,placed on ir with elbow injury,,,,9/17/2021,
2021,Saints,,marcus davenport,placed on ir with shoulder injury,,,,9/17/2021,
2021,49ers,,dre greenlaw,placed on ir with groin injury,,,,9/18/2021,
2021,Bears,,larry borom,placed on ir with ankle injury,,,,9/18/2021,
2021,Patriots,,quinn nordin,placed on ir with abdominal injury,,,,9/18/2021,
2021,Raiders,,marcus mariota,placed on ir with quadriceps injury,,,,9/18/2021,
2021,Saints,,chase hansen,placed on ir with groin injury,,,,9/18/2021,
2021,Steelers,,tyson alualu,placed on ir with fractured ankle,,,,9/20/2021,
2021,Broncos,,josey jewell,placed on ir with torn pectoral muscle,,,,9/21/2021,
2021,Browns,,jarvis landry,placed on ir with knee injury,,,,9/21/2021,
2021,Eagles,,brandon brooks,placed on ir with strained pectoral,,,,9/21/2021,
2021,Eagles,,brandon graham,placed on ir with ruptured achilles tendon,,,,9/21/2021,
2021,Giants,,nick gates,placed on ir with fractured tibia in leg,,,,9/21/2021,
2021,Panthers,,pat elflein,placed on ir with hamstring injury,,,,9/21/2021,
2021,Texans,,nico collins,placed on ir with shoulder injury,,,,9/21/2021,
2021,Texans,,tyrod taylor,placed on ir with hamstring injury,,,,9/21/2021,
2021,Broncos,,bradley chubb,placed on ir with surgery on left ankle,,,,9/22/2021,
2021,Jaguars,,james o'shaughnessy,placed on ir with high ankle sprain,,,,9/22/2021,
2021,Lions,,ifeatu melifonwu,placed on ir with thigh injury,,,,9/22/2021,
2021,Lions,,tyrell williams,placed on ir with concussion,,,,9/23/2021,
2021,Colts,,jordan glasgow,placed on ir with concussion,,,,9/24/2021,
2021,49ers,,jamycal hasty,placed on ir with high ankle sprain,,,,9/25/2021,
2021,49ers,,kevin givens,placed on ir with ankle injury,,,,9/25/2021,
2021,Cardinals,,joshua miles  josh miles,placed on ir with ankle injury,,,,9/25/2021,
2021,Dolphins,,tua tagovailoa,placed on ir with fractured ribs,,,,9/25/2021,
2021,Giants,,cameron brown  cam brown a,placed on ir with hamstring injury,,,,9/25/2021,
2021,Lions,,kevin strong,"placed on ir with concussion, thigh injury",,,,9/25/2021,
2021,Packers,,dominique dafney,placed on ir with hip injury,,,,9/25/2021,
2021,Raiders,,richie incognito,placed on ir with calf injury,,,,9/25/2021,
2021,Panthers,,jaycee horn,placed on ir with fractured right foot,,,,9/27/2021,
2021,Ravens,,daelin hayes,placed on ir with ankle injury,,,,9/27/2021,
2021,Broncos,,jonas griffith,placed on ir with hamstring injury,,,,9/28/2021,
2021,Broncos,,kj hamler,placed on ir with torn acl in left knee,,,,9/28/2021,
2021,Eagles,,isaac seumalo,placed on ir with lisfranc injury in foot,,,,9/28/2021,
2021,Eagles,,k'von wallace,placed on ir with partially separated shoulder,,,,9/28/2021,
2021,Panthers,,juston burris,placed on ir with groin injury,,,,9/28/2021,
2021,Rams,,justin hollins,placed on ir with partially torn pectoral muscle,,,,9/28/2021,
2021,Titans,,derick roberson,placed on ir with knee injury,,,,9/28/2021,
2021,Titans,,rashad weaver,placed on ir with fractured fibula in right leg,,,,9/28/2021,
2021,Buccaneers,,scotty miller,placed on ir with turf toe,,,,9/29/2021,
2021,Cardinals,,charles washington b 1993-03-10,placed on ir with hamstring injury,,,,9/29/2021,
2021,Colts,,travis carrie  tj carrie,placed on ir with undisclosed injury,,,,9/29/2021,
2021,Giants,,blake martinez,placed on ir with torn acl in left knee,,,,9/29/2021,
2021,Patriots,,james white calvin,placed on ir with hip injury,,,,10/1/2021,
2021,Titans,,larrell murchison,placed on ir with elbow injury,,,,10/1/2021,
2021,Colts,,quenton nelson,"placed on ir with ankle, knee injuries",,,,10/2/2021,
2021,Dolphins,,michael deiter,"placed on ir with foot, quadriceps injuries",,,,10/2/2021,
2021,Packers,,marquez valdes-scantling,placed on ir with hamstring injury,,,,10/2/2021,
2021,Ravens,,derek wolfe,"placed on ir with back, hip injuries",,,,10/2/2021,
2021,Seahawks,,rashaad penny,placed on ir with calf injury,,,,10/2/2021,
2021,Chargers,,justin jones maurice,placed on ir with calf injury,,,,10/4/2021,
2021,Chargers,,kenneth murray jr,placed on ir with ankle injury,,,,10/4/2021,
2021,Jaguars,,aj cann,placed on ir with knee injury,,,,10/4/2021,
2021,Jaguars,,dj chark,placed on ir with fractured left ankle,,,,10/4/2021,
2021,Browns,,nick harris b,placed on ir with hamstring injury,,,,10/5/2021,
2021,Chiefs,,joshua kaindoh,placed on ir with left ankle injury,,,,10/5/2021,
2021,Chiefs,,willie gay jr,placed on ir,,,,10/5/2021,
2021,Falcons,,cameron nizialek,placed on ir with hamstring injury,,,,10/5/2021,
2021,Falcons,isaiah oliver,,placed on ir with knee injury,,,,10/5/2021,isaiah oliver
2021,Jets,,hamsah nasirildeen,placed on ir with undisclosed injury,,,,10/5/2021,
2021,Lions,,romeo okwara,placed on ir with torn left achilles tendon,,,,10/5/2021,
2021,Redskins,,jonathan bostic  jon bostic b,placed on ir with pectoral injury,,,,10/5/2021,
2021,Washington,,torry mctyer,placed on ir with torn acl in knee,,,,10/5/2021,
2021,49ers,,robbie gould,placed on ir with groin injury,,,,10/6/2021,
2021,Dolphins,,will fuller v,placed on ir with fractured finger,,,,10/6/2021,
2021,Lions,,frank ragnow,placed on ir with toe injury,,,,10/6/2021,
2021,Patriots,,henry anderson wyatt,placed on ir with torn pectoral muscle,,,,10/6/2021,
2021,Saints,,tony jones jr,placed on ir with sprained right ankle,,,,10/6/2021,
2021,Washington,,logan thomas,placed on ir with hamstring injury,,,,10/6/2021,
2021,Buccaneers,,carlton davis,placed on ir with quadriceps injury,,,,10/7/2021,
2021,Packers,,chauncey rivers,placed on ir with torn acl in knee,,,,10/7/2021,
2021,Seahawks,,d'wayne eskridge  dee eskridge,placed on ir with concussion,,,,10/7/2021,
2021,Cardinals,,justin murray,placed on ir with back injury,,,,10/8/2021,
2021,Titans,,aaron brewer jamal,placed on ir with knee injury,,,,10/8/2021,
2021,Titans,,jayon brown,placed on ir with knee injury,,,,10/8/2021,
2021,Titans,,racey mcmath,placed on ir with quadriceps injury,,,,10/8/2021,
2021,Titans,,tommy hudson,placed on ir with ankle injury,,,,10/8/2021,
2021,49ers,,george kittle,placed on ir with calf injury,,,,10/9/2021,
2021,Bears,,david montgomery,placed on ir with sprained left knee,,,,10/9/2021,
2021,Bengals,,xavier su'a-filo,placed on ir with knee injury,,,,10/9/2021,
2021,Broncos,,albert okwuegbunam,placed on ir with hamstring injury,,,,10/9/2021,
2021,Packers,,jaire alexander,placed on ir with shoulder injury,,,,10/9/2021,
2021,Patriots,,trent brown,placed on ir with right calf injury,,,,10/9/2021,
2021,Raiders,,damon arnette,placed on ir with groin injury,,,,10/9/2021,
2021,Raiders,,derek carrier,placed on ir with pectoral injury,,,,10/9/2021,
2021,Raiders,,trayvon mullen,placed on ir with toe injury,,,,10/9/2021,
2021,Texans,,marcus cannon,placed on ir with back injury,,,,10/9/2021,
2021,Bengals,,jordan evans,placed on ir with torn acl in left knee,,,,10/11/2021,
2021,Bengals,,trae waynes,placed on ir with right hamstring injury,,,,10/12/2021,
2021,Browns,,andy janovich,placed on ir with hamstring injury,,,,10/12/2021,
2021,Browns,,chris hubbard,placed on ir with triceps injury,,,,10/12/2021,
2021,Browns,,mj stewart,placed on ir with hamstring injury,,,,10/12/2021,
2021,Chargers,,oday aboushi,placed on ir with torn acl in left knee,,,,10/12/2021,
2021,Chiefs,,clyde edwards-helaire,placed on ir with sprained mcl in right knee,,,,10/12/2021,
2021,Jaguars,,brandon linder,"placed on ir with sprained mcl in knee, ankle injury",,,,10/12/2021,
2021,Lions,,quintez cephus,placed on ir with fractured collarbone,,,,10/12/2021,
2021,Rams,,darious williams,placed on ir with ankle injury,,,,10/12/2021,
2021,Ravens,,ben cleveland,placed on ir with knee injury,,,,10/12/2021,
2021,Panthers,,austen pleasants,placed on ir,,,,10/12/2021,
2021,Bears,,germain ifedi,placed on ir with knee injury,,,,10/13/2021,
2021,Bears,,jeremiah attaochu,placed on ir with torn pectoral muscle,,,,10/13/2021,
2021,Cardinals,,ezekiel turner  zeke turner,placed on ir with shoulder injury,,,,10/13/2021,
2021,Cardinals,,maxx williams,placed on ir with right knee injury,,,,10/13/2021,
2021,Washington,,darryl roberts,placed on ir with quadriceps injury,,,,10/13/2021,
2021,Giants,,rodarius williams,placed on ir with torn acl in right knee,,,,10/14/2021,
2021,Panthers,,joseph charlton,placed on ir with back injury,,,,10/14/2021,
2021,Giants,,justin hilliard,placed on ir with ankle injury,,,,10/15/2021,
2021,Lions,,corey ballentine,placed on ir with hamstring injury,,,,10/15/2021,
2021,Washington,,jared norris,placed on ir with shoulder injury,,,,10/15/2021,
2021,Bengals,,d'ante smith,placed on ir with torn meniscus in right knee,,,,10/16/2021,
2021,Broncos,,mike ford jr,placed on ir with knee injury,,,,10/16/2021,
2021,Cardinals,,rodney hudson,"placed on ir with ribs, shoulder injuries",,,,10/16/2021,
2021,Colts,,rodrigo blankenship,placed on ir with right hip injury,,,,10/16/2021,
2021,Panthers,,christian mccaffrey,placed on ir with hamstring injury,,,,10/16/2021,
2021,Panthers,,deonte brown,placed on ir with knee injury,,,,10/16/2021,
2021,Seahawks,,chris carson,placed on ir with neck injury,,,,10/16/2021,
2021,Seahawks,,russell wilson,placed on ir surgery on right middle finger,,,,10/16/2021,
2021,Steelers,,juju smith-schuster,placed on ir with surgery on shoulder,,,,10/16/2021,
2021,Texans,,laremy tunsil,placed on ir with thumb injury,,,,10/16/2021,
2021,Titans,,kristian fulton,placed on ir with hamstring injury,,,,10/18/2021,
2021,Vikings,,patrick peterson,placed on ir with right hamstring injury,,,,10/18/2021,
2021,Bears,,deon bush,placed on ir with quadriceps injury,,,,10/19/2021,
2021,Broncos,,alexander johnson  aj johnson,placed on ir with torn pectoral muscle,,,,10/19/2021,
2021,Broncos,,andre mintze,placed on ir with hamstring injury,,,,10/19/2021,
2021,Browns,,jeremiah owusu-koramoah,placed on ir with ankle injury,,,,10/19/2021,
2021,Browns,,kareem hunt,placed on ir with calf injury,,,,10/19/2021,
2021,Colts,,parris campbell,placed on ir with foot injury,,,,10/19/2021,
2021,Giants,,andrew thomas,placed on ir with left ankle / foot injury,,,,10/19/2021,
2021,Giants,,cj board,placed on ir with fractured left arm,,,,10/19/2021,
2021,Panthers,,brandon zylstra,placed on ir with hamstring injury,,,,10/19/2021,
2021,Patriots,,chase winovich,placed on ir with hamstring injury,,,,10/19/2021,
2021,Rams,,jake funk,placed on ir with torn hamstring,,,,10/19/2021,
2021,Rams,,johnny mundt,placed on ir with torn acl in knee,,,,10/19/2021,
2021,Ravens,,ronnie stanley,placed on ir with ankle injury,,,,10/19/2021,
2021,Titans,,caleb farley,placed on ir with torn acl in left knee,,,,10/19/2021,
2021,Titans,,cameron batson,placed on ir with torn acl in right knee,,,,10/19/2021,
2021,Raiders,,roderic teamer,placed on ir with shoulder injury,,,,10/20/2021,
2021,Texans,,terrence brooks,placed on ir with lung contusion,,,,10/21/2021,
2021,Cardinals,,kylie fitts,placed on ir with concussion,,,,10/22/2021,
2021,Falcons,,dante fowler jr,placed on ir with knee injury,,,,10/22/2021,
2021,Broncos,,micah kiser,placed on ir with groin injury,,,,10/23/2021,
2021,Chiefs,,jody fortson jr  joe fortson,placed on ir with achilles injury,,,,10/23/2021,
2021,Colts,,julian blackmon,placed on ir with torn achilles tendon,,,,10/23/2021,
2021,Packers,,josh myers,placed on ir with knee injury,,,,10/23/2021,
2021,Patriots,,jonathan jones,placed on ir with shoulder injury,,,,10/23/2021,
2021,Raiders,,nick bowers,placed on ir with neck injury,,,,10/23/2021,
2021,Lions,,logan stenberg,placed on ir with undisclosed,,,,10/25/2021,
2021,Cowboys,,brent urban,placed on ir with triceps injury,,,,10/26/2021,
2021,Cowboys,,maurice canady,placed on ir with concussion,,,,10/26/2021,
2021,Dolphins,,jason mccourty,placed on ir with foot injury,,,,10/26/2021,
2021,Dolphins,,malcolm brown,placed on ir with quadriceps injury,,,,10/26/2021,
2021,Giants,,jabrill peppers,placed on ir with torn acl in right knee,,,,10/26/2021,
2021,Jets,,blake cashman,placed on ir with groin / hamstring injury,,,,10/26/2021,
2021,Jets,,jamien sherwood,placed on ir with torn achilles tendon,,,,10/26/2021,
2021,Panthers,,john miller b 1993-08-12,placed on ir with ankle injury,,,,10/26/2021,
2021,Patriots,,harvey langi,placed on ir with sprained mcl in knee,,,,10/26/2021,
2021,Steelers,,carlos davis b 1996-08-22,placed on ir with knee injury,,,,10/27/2021,
2021,Panthers,,devin smith b 1992-03-03,placed on ir,,,,10/27/2021,
2021,Panthers,,daviyon nixon,placed on ir with knee injury,,,,10/28/2021,
2021,Vikings,,ben ellefson,"placed on ir with foot, knee injuries",,,,10/28/2021,
2021,Jaguars,,jay tufele,placed on ir with fractured hand,,,,10/29/2021,
2021,Titans,,darrynton evans,placed on ir with knee injury,,,,10/29/2021,
2021,49ers,,jaquiski tartt,placed on ir with knee injury,,,,10/30/2021,
2021,49ers,,javon kinlaw,placed on ir with knee injury,,,,10/30/2021,
2021,Eagles,,miles sanders,"placed on ir with ankle, foot injuries",,,,10/30/2021,
2021,Panthers,,darryl johnson jr,placed on ir with hamstring injury,,,,10/30/2021,
2021,Saints,,andrus peat,placed on ir with torn pectoral muscle,,,,10/30/2021,
2021,Texans,,justin britt b 1991-05-29,placed on ir with knee injury,,,,10/30/2021,
2021,Colts,,tyquan lewis,placed on ir with torn patellar tendon in knee,,,,11/1/2021,
2021,Giants,,carter coughlin,placed on ir with ankle injury,,,,11/1/2021,
2021,Packers,,kylin hill,placed on ir with torn acl in right knee,,,,11/1/2021,
2021,Packers,,robert tonyan,placed on ir with torn acl in left knee,,,,11/1/2021,
2021,Titans,,derrick henry,placed on ir with right foot injury,,,,11/1/2021,
2021,Cowboys,,jabril cox,placed on ir with torn acl in right knee,,,,11/2/2021,
2021,Rams,,chatarius atwell  tutu atwell b,placed on ir with surgery on shoulder,,,,11/2/2021,
2021,Rams,,travin howard,placed on ir with hamstring injury,,,,11/2/2021,
2021,Vikings,,danielle hunter,placed on ir with torn pectoral muscle,,,,11/2/2021,
2021,Washington,,chase roullier,placed on ir with fractured fibula in left leg,,,,11/2/2021,
2021,Broncos,,bryce callahan,placed on ir with knee injury,,,,11/3/2021,
2021,Colts,,khari willis,placed on ir with calf injury,,,,11/4/2021,
2021,Jets,,bryce huff,placed on ir with back injury,,,,11/4/2021,
2021,Dolphins,,devante parker,placed on ir with hamstring injury,,,,11/5/2021,
2021,Giants,,dante pettis,placed on ir with left shoulder injury,,,,11/5/2021,
2021,Rams,,sebastian joseph  sebastian joseph-day,placed on ir with torn pectoral muscle,,,,11/5/2021,
2021,49ers,,dee ford,placed on ir with back injury,,,,11/6/2021,
2021,Bills,,jon feliciano,placed on ir with calf injury,,,,11/6/2021,
2021,Browns,,jack conklin,placed on ir with elbow injury,,,,11/6/2021,
2021,Cardinals,,jj watt,placed on ir with shoulder injury,,,,11/6/2021,
2021,Cardinals,,rashard lawrence,placed on ir with calf injury,,,,11/6/2021,
2021,Cowboys,,blake jarwin,placed on ir with hip injury,,,,11/6/2021,
2021,Saints,,jameis winston,"placed on ir with torn acl, mcl in left knee",,,,11/6/2021,
2021,Texans,,christian kirksey,placed on ir with thumb injury,,,,11/6/2021,
2021,Titans,,khari blasingame,placed on ir with knee injury,,,,11/6/2021,
2021,Panthers,,cameron erving,placed on ir with calf injury,,,,11/8/2021,
2021,Panthers,,matt paradis,placed on ir with torn acl in left knee,,,,11/8/2021,
2021,Ravens,,deshon elliott,"placed on ir with torn pectoral, triceps muscles",,,,11/8/2021,
2021,Bengals,,akeem davis-gaither,placed on ir with left foot injury,,,,11/9/2021,
2021,Bengals,,brandon wilson,placed on ir with torn acl in left knee,,,,11/9/2021,
2021,Broncos,,graham glasgow,placed on ir with fractured left ankle,,,,11/9/2021,
2021,Jets,,marcus maye,placed on ir with torn right achilles tendon,,,,11/9/2021,
2021,Jets,,tyler kroft,placed on ir with chest injury / lung laceration,,,,11/9/2021,
2021,Rams,,jacob harris,"placed on ir with torn acl, mcl in knee",,,,11/9/2021,
2021,Texans,,scottie phillips,placed on ir with leg injury,,,,11/9/2021,
2021,49ers,,mike mcglinchey,placed on ir with torn quadriceps,,,,11/10/2021,
2021,Dolphins,,greg mancz,placed on ir with ankle injury,,,,11/10/2021,
2021,Raiders,,darius philon,placed on ir with ankle injury,,,,11/10/2021,
2021,Bills,,justin zimmer,placed on ir with surgery on knee,,,,11/11/2021,
2021,Cardinals,,david wells,placed on ir with hand injury,,,,11/11/2021,
2021,Cowboys,,randy gregory,placed on ir with calf injury,,,,11/11/2021,
2021,Saints,,payton turner,placed on ir with shoulder injury,,,,11/11/2021,
2021,Titans,,aaron brewer jamal,placed on ir with fractured forearm,,,,11/11/2021,
2021,Buccaneers,,rashard robinson,placed on ir with hamstring injury,,,,11/12/2021,
2021,Panthers,,sam darnold,placed on ir with right shoulder injury,,,,11/12/2021,
2021,Seahawks,,marquise blair,placed on ir with knee injury,,,,11/12/2021,
2021,Cardinals,,chase edmonds,placed on ir with high ankle sprain,,,,11/13/2021,
2021,Chargers,,ryan smith b 1993-09-07,placed on ir with knee injury,,,,11/13/2021,
2021,Chiefs,,mike remmers,placed on ir with knee injury,,,,11/13/2021,
2021,Falcons,,steven means,placed on ir with knee injury,,,,11/13/2021,
2021,Jets,,chuma edoga,placed on ir with knee injury,,,,11/13/2021,
2021,Lions,,austin seibert,placed on ir with right hip injury,,,,11/13/2021,
2021,Patriots,,jamie collins,placed on ir with ankle injury,,,,11/13/2021,
2021,Saints,,chauncey gardner-johnson  cj gardner-johnson,placed on ir with foot injury,,,,11/13/2021,
2021,Titans,,dane cruikshank,placed on ir with knee injury,,,,11/13/2021,
2021,Titans,,julio jones,placed on ir with hamstring injury,,,,11/13/2021,
2021,Vikings,,michael pierce,placed on ir with elbow injury,,,,11/13/2021,
2021,Washington,,montez sweat,placed on ir with fractured jaw,,,,11/13/2021,
2021,49ers,,mohamed sanu,placed on ir with knee injury,,,,11/15/2021,
2021,49ers,,tavon wilson,placed on ir with foot injury,,,,11/15/2021,
2021,Dolphins,,greg little,placed on ir with undisclosed,,,,11/16/2021,
2021,Jets,,brandin echols,placed on ir with quadriceps/thigh injury,,,,11/16/2021,
2021,Packers,,whitney mercilus,placed on ir with torn biceps,,,,11/16/2021,
2021,Washington,,chase young,placed on ir with torn acl in right knee,,,,11/16/2021,
2021,Buccaneers,,richard sherman,placed on ir with calf injury,,,,11/17/2021,
2021,Patriots,,joshua uche  josh uche,placed on ir with ankle injury,,,,11/17/2021,
2021,Raiders,,tyree gillespie,placed on ir with hamstring injury,,,,11/17/2021,
2021,Falcons,,daren bates,placed on ir with groin injury,,,,11/18/2021,
2021,Falcons,,hayden hurst,placed on ir with ankle injury,,,,11/18/2021,
2021,Bears,,danny trevathan,placed on ir with knee injury,,,,11/19/2021,
2021,Bears,,khalil mack,placed on ir with surgery on left foot,,,,11/19/2021,
2021,Cardinals,,tanner vallejo,placed on ir with knee injury,,,,11/20/2021,
2021,Eagles,,jack anderson b,placed on ir with hamstring injury,,,,11/20/2021,
2021,Panthers,,stantley thomas-oliver,placed on ir with toe injury,,,,11/20/2021,
2021,Raiders,,alec ingold,placed on ir with knee injury,,,,11/20/2021,
2021,Ravens,,pernell mcphee,placed on ir with knee injury,,,,11/20/2021,
2021,Saints,,malcolm roach,placed on ir with knee injury,,,,11/20/2021,
2021,Steelers,,kevin dotson,placed on ir with ankle injury,,,,11/20/2021,
2021,Texans,,hardy nickerson jr william lindsay,placed on ir with concussion,,,,11/20/2021,
2021,Titans,,bud dupree,placed on ir with abdominal injury,,,,11/20/2021,
2021,Jaguars,,jamal agnew,placed on ir with hip injury,,,,11/22/2021,
2021,Bears,,duke shelley,placed on ir with hamstring injury,,,,11/23/2021,
2021,Dolphins,,brennan scarlett,placed on ir with knee injury,,,,11/23/2021,
2021,Dolphins,,jamal perry,placed on ir with knee injury,,,,11/23/2021,
2021,Dolphins,,jomal wiltz,placed on ir,,,,11/23/2021,
2021,Lions,,da'shawn hand,placed on ir with groin injury,,,,11/23/2021,
2021,Packers,,elgton jenkins,placed on ir with torn acl in knee,,,,11/23/2021,
2021,Saints,,adam trautman,placed on ir with sprained mcl in knee,,,,11/23/2021,
2021,Saints,,landon young,placed on ir with foot injury,,,,11/23/2021,
2021,Titans,,chris jackson d'wayne,placed on ir with foot injury,,,,11/23/2021,
2021,Titans,,marcus johnson b 1994-08-05,placed on ir with hamstring injury,,,,11/23/2021,
2021,Cowboys,,donovan wilson,placed on ir with chest / shoulder injury,,,,11/24/2021,
2021,Eagles,,davion taylor,placed on ir with knee injury,,,,11/24/2021,
2021,Lions,,aj parker,placed on ir with ankle injury,,,,11/24/2021,
2021,Rams,,robert woods thomas,placed on ir with torn acl in knee,,,,11/24/2021,
2021,Giants,,nate ebner,placed on ir with ankle / knee injury,,,,11/25/2021,
2021,Chargers,,mark webb,placed on ir with knee injury,,,,11/26/2021,
2021,Dolphins,,elijah campbell,"placed on ir with knee, toe injuries",,,,11/27/2021,
2021,Jets,,michael carter b 1999-05-07,placed on ir with high ankle sprain,,,,11/27/2021,
2021,Ravens,,ar'darius washington,placed on ir with fractured foot,,,,11/27/2021,
2021,Steelers,,eric ebron,placed on ir with knee injury,,,,11/27/2021,
2021,Steelers,,jc hassenauer,placed on ir with pectoral injury,,,,11/27/2021,
2021,Texans,,jordan jenkins,placed on ir with knee injury,,,,11/27/2021,
2021,Titans,,aj brown,placed on ir with chest injury,,,,11/27/2021,
2021,Seahawks,,jamarco jones,placed on ir with back injury,,,,11/29/2021,
2021,Seahawks,,tre brown,placed on ir with knee injury,,,,11/29/2021,
2021,Washington,,samuel cosmi  sam cosmi,placed on ir with hip injury,,,,11/29/2021,
2021,Bills,,tre'davious white,placed on ir with torn acl in left knee,,,,11/30/2021,
2021,Browns,,jack conklin,placed on ir with torn patellar tendon in right knee,,,,11/30/2021,
2021,Chiefs,,jerick mckinnon,placed on ir with hamstring injury,,,,11/30/2021,
2021,Chiefs,,khalen saunders,placed on ir with knee injury,,,,11/30/2021,
2021,Eagles,,jack driscoll,placed on ir with high ankle sprain,,,,11/30/2021,
2021,Giants,,darnay holmes,placed on ir with ribs injury,,,,11/30/2021,
2021,Jaguars,,dan arnold,placed on ir with sprained mcl in right knee,,,,11/30/2021,
2021,Panthers,,christian mccaffrey,placed on ir with ankle injury,,,,11/30/2021,
2021,Panthers,,donte jackson,placed on ir with groin injury,,,,11/30/2021,
2021,Titans,,monty rice,placed on ir with ankle injury,,,,11/30/2021,
2021,Washington,,joey slye,placed on ir with hamstring injury,,,,11/30/2021,
2021,Buccaneers,,aaron stinnie,placed on ir with knee injury,,,,12/1/2021,
2021,Broncos,,calvin anderson,"placed on ir with ankle, knee injuries",,,,12/2/2021,
2021,Saints,,tanoh kpassagnon,placed on ir with ankle injury,,,,12/2/2021,
2021,Washington,,benjamin st-juste,placed on ir with concussion,,,,12/2/2021,
2021,Giants,,kaden smith,placed on ir with knee injury,,,,12/3/2021,
2021,Giants,,trent harris,placed on ir with ankle injury,,,,12/3/2021,
2021,49ers,,trey sermon,placed on ir with ankle injury,,,,12/4/2021,
2021,Bengals,,auden tate,placed on ir with right calf injury,,,,12/4/2021,
2021,Cardinals,,james wiggins,placed on ir with knee injury,,,,12/4/2021,
2021,Lions,,trey flowers,placed on ir with knee injury,,,,12/4/2021,
2021,Rams,,greg howell  buddy howell,placed on ir with thigh injury,,,,12/4/2021,
2021,Texans,,danny amendola,placed on ir with knee injury,,,,12/4/2021,
2021,Texans,,demarcus walker,placed on ir with hamstring injury,,,,12/4/2021,
2021,Jets,,corey davis damon,placed on ir with core muscle injury (surgery),,,,12/7/2021,
2021,Washington,,khaleke hudson,placed on ir with ankle injury,,,,12/7/2021,
2021,Dolphins,,patrick laird,placed on ir with sprained mcl in knee,,,,12/8/2021,
2021,Raiders,,kenyan drake,placed on ir with surgery on right ankle to repair fracture,,,,12/8/2021,
2021,Raiders,,nick kwiatkoski,placed on ir with ankle injury,,,,12/8/2021,
2021,Ravens,,marlon humphrey,placed on ir with torn pectoral muscle,,,,12/8/2021,
2021,Washington,,logan thomas,placed on ir with knee injury,,,,12/8/2021,
2021,Cowboys,,noah brown,placed on ir with groin injury,,,,12/9/2021,
2021,Bears,,cassius marsh,placed on ir with knee injury,,,,12/10/2021,
2021,49ers,,emmanuel moseley,placed on ir with high ankle sprain,,,,12/11/2021,
2021,49ers,,trenton cannon,placed on ir with concussion,,,,12/11/2021,
2021,Chargers,,kyler fackrell,placed on ir with knee injury,,,,12/11/2021,
2021,Chiefs,,chris lammons,placed on ir with ankle injury,,,,12/11/2021,
2021,Jets,,elijah moore,placed on ir with quadriceps injury,,,,12/11/2021,
2021,Packers,,randall cobb,placed on ir with core injury,,,,12/11/2021,
2021,Rams,,robert rochell,placed on ir with chest injury,,,,12/11/2021,
2021,Seahawks,,jamal adams,placed on ir with shoulder injury,,,,12/11/2021,
2021,Titans,,tommy hudson,placed on ir with ankle injury,,,,12/11/2021,
2021,Washington,,wes schweitzer,placed on ir with ankle injury,,,,12/11/2021,
2021,Lions,,jerry jacobs b 1997-09-26,placed on ir with torn acl in left knee,,,,12/13/2021,
2021,Vikings,,ryan connelly,placed on ir with knee injury,,,,12/13/2021,
2021,Bengals,,darius phillips,placed on ir with left shoulder injury,,,,12/14/2021,
2021,Buccaneers,,giovani bernard,"placed on ir with hip, knee injuries",,,,12/14/2021,
2021,Seahawks,,gavin heslop,"placed on ir with fractured tibia, fibula in left leg",,,,12/15/2021,
2021,Steelers,,bj finney,placed on ir with back injury,,,,12/15/2021,
2021,Texans,,davion davis,placed on ir with fractured left leg,,,,12/15/2021,
2021,Bengals,,riley reiff,placed on ir with left ankle injury,,,,12/16/2021,
2021,Patriots,,ronnie perkins,placed on ir with ankle injury,,,,12/16/2021,
2021,Lions,,tj hockenson,placed on ir recovering from surgery on left thumb,,,,12/17/2021,
2021,Cardinals,,deandre hopkins,placed on ir with knee injury,,,,12/18/2021,
2021,Cardinals,,robert alford,placed on ir with pectoral injury,,,,12/18/2021,
2021,Colts,,antwaun woods,placed on ir with calf injury,,,,12/18/2021,
2021,Falcons,,erik harris,placed on ir with chest / pectoral injury,,,,12/18/2021,
2021,Saints,,garrett griffin,placed on ir with hamstring / knee injury,,,,12/18/2021,
2021,Titans,,tory carter,placed on ir with ankle injury,,,,12/18/2021,
2021,Bears,,deandre houston-carson,placed on ir with fractured forearm,,,,12/20/2021,
2021,Giants,,daniel jones,placed on ir with neck injury,,,,12/20/2021,
2021,Giants,,sterling shepard,placed on ir with quadriceps injury / torn left achilles,,,,12/20/2021,
2021,Lions,,alex anzalone,placed on ir with right shoulder injury,,,,12/20/2021,
2021,Raiders,,trayvon mullen,placed on ir with toe injury,,,,12/20/2021,
2021,Falcons,,emmanuel ellerbee,placed on ir with knee injury,,,,12/20/2021,
2021,Bengals,,joe bachie,placed on ir with torn acl in left knee,,,,12/21/2021,
2021,Broncos,,andrew beck,placed on ir with elbow injury,,,,12/21/2021,
2021,Browns,,takkarist mckinley  takk mckinley,placed on ir with torn left achilles tendon,,,,12/21/2021,
2021,Buccaneers,,chris godwin,placed on ir with torn acl in right knee,,,,12/21/2021,
2021,Buccaneers,,patrick o'connor  pat o'connor,"placed on ir with torn mcl, pcl in knee",,,,12/21/2021,
2021,Jaguars,,carlos hyde,placed on ir with concussion,,,,12/21/2021,
2021,Jaguars,,rayshawn jenkins,placed on ir with fractured ankle,,,,12/21/2021,
2021,Jets,,ryan griffin francis,placed on ir with knee injury,,,,12/21/2021,
2021,Panthers,,aj bouye,placed on ir with foot injury,,,,12/21/2021,
2021,Washington,,jd mckissic,placed on ir with concussion / neck injury,,,,12/21/2021,
2021,Panthers,,zane gonzalez,placed on ir with quadriceps injury,,,,12/22/2021,
2021,Texans,,jeff driskel,placed on ir with fractured collarbone,,,,12/22/2021,
2021,Buccaneers,,lavonte david,placed on ir with sprained foot,,,,12/23/2021,
2021,Buccaneers,,leonard fournette,placed on ir with hamstring injury,,,,12/23/2021,
2021,Packers,,malik taylor,placed on ir with shoulder injury,,,,12/24/2021,
2021,Packers,,ty summers,placed on ir with hamstring injury,,,,12/24/2021,
2021,Vikings,,mason cole,placed on ir with elbow injury,,,,12/24/2021,
2021,Washington,,daniel wise,placed on ir with knee injury,,,,12/24/2021,
2021,Washington,,landon collins,placed on ir with foot injury,,,,12/24/2021,
2021,Chargers,,donald parham jr,placed on ir with concussion,,,,12/25/2021,
2021,Lions,,amani oruwariye,placed on ir with thumb injury,,,,12/25/2021,
2021,Raiders,,johnathan abram,placed on ir with shoulder injury,,,,12/25/2021,
2021,Bills,,ike boettger,placed on ir with torn achilles tendon,,,,12/27/2021,
2021,Jaguars,,james robinson b 1998-08-09,placed on ir with torn left achilles tendon,,,,12/27/2021,
2021,Jets,,connor mcgovern b 1993-04-27,placed on ir with knee injury,,,,12/27/2021,
2021,Jets,,trevon wesco,placed on ir with knee injury,,,,12/27/2021,
2021,Washington,,tyler larsen,placed on ir with achilles injury,,,,12/27/2021,
2021,Broncos,,deshawn williams,placed on ir with hyperextended left elbow,,,,12/28/2021,
2021,Jaguars,,logan cooke,placed on ir with right knee injury,,,,12/28/2021,
2021,Lions,,josh woods,placed on ir with neck injury,,,,12/28/2021,
2021,Rams,,darrell henderson,placed on ir with sprained mcl in right knee,,,,12/28/2021,
2021,Rams,,ernest jones iv,placed on ir with left high ankle sprain,,,,12/28/2021,
2021,Bears,,jalen tabor  teez tabor,placed on ir with ankle injury,,,,12/29/2021,
2021,Bears,,xavier crawford,placed on ir with concussion,,,,12/29/2021,
2021,Texans,,cole toner,placed on ir with illness,,,,12/29/2021,
2021,Texans,,phillip dorsett ii,placed on ir with ankle/foot injury,,,,12/29/2021,
2021,Vikings,,adam thielen,placed on ir with left ankle injury,,,,12/29/2021,
2021,Giants,,gary brightwell,placed on ir with neck injury (out for season),,,,12/30/2021,
2021,Giants,,matt peart,placed on ir with torn acl in left knee,,,,12/30/2021,
2021,Jaguars,,will richardson,placed on ir with finger injury,,,,12/30/2021,
2021,Patriots,,joshuah bledsoe,placed on ir with calf injury,,,,12/30/2021,
2021,Ravens,,tyre phillips,placed on ir with knee injury,,,,12/30/2021,
2021,Ravens,,daelin hayes,placed on ir with knee injury,,,,1/1/2022,
2021,Seahawks,,jon rhattigan,placed on ir with knee injury,,,,1/1/2022,
2021,Texans,,grayland arnold,placed on ir with ankle injury,,,,1/3/2022,
2021,Texans,,jonathan owens,placed on ir with fractured wrist,,,,1/3/2022,
2021,Titans,,mycole pruitt,placed on ir with surgery on ankle,,,,1/3/2022,
2021,Cowboys,,michael gallup,placed on ir with torn acl in left knee,,,,1/4/2022,
2021,Jets,,bryce huff,placed on ir with ankle injury,,,,1/4/2022,
2021,Jets,,george fant,placed on ir with knee injury,,,,1/4/2022,
2021,Seahawks,,alex collins,placed on ir with abdominal injury,,,,1/4/2022,
2021,Broncos,,dalton risner,placed on ir with elbow injury,,,,1/5/2022,
2021,Broncos,,kareem jackson,"placed on ir with back, shoulder injuries",,,,1/5/2022,
2021,Broncos,,teddy bridgewater,placed on ir with concussion,,,,1/5/2022,
2021,Browns,,baker mayfield,placed on ir with surgery on left shoulder to repair torn labrum and fracture,,,,1/5/2022,
2021,Browns,,sione takitaki,placed on ir with shoulder injury,,,,1/5/2022,
2021,Giants,,elerson smith,placed on ir with neck injury,,,,1/5/2022,
2021,Panthers,,cameron erving,placed on ir with calf injury,,,,1/5/2022,
2021,Panthers,,terrace marshall jr,placed on ir with foot injury,,,,1/5/2022,
2021,Bears,,jesper horsted,placed on ir with undisclosed injury,,,,1/5/2022,
2021,Bears,,jakeem grant,placed on ir with ankle injury,,,,1/6/2022,
2021,Ravens,,patrick ricard,placed on ir with knee injury,,,,1/6/2022,
2021,Broncos,,patrick surtain ii  pat surtain ii,placed on ir with calf injury,,,,1/7/2022,
2021,Broncos,,ronald darby,placed on ir with shoulder injury,,,,1/7/2022,
2021,Chiefs,,lucas niang,placed on ir with knee injury,,,,1/7/2022,
2021,Jets,,braxton berrios,placed on ir with quadriceps injury,,,,1/7/2022,
2021,Steelers,,buddy johnson,placed on ir with foot injury,,,,1/7/2022,
2021,Seahawks,,brandon shell,placed on ir with shoulder injury,,,,1/8/2022,
2021,Washington,,ricky seals-jones,placed on ir with concussion,,,,1/8/2022,
2021,Cowboys,,will grier,placed on ir with undisclosed injury,,,,1/10/2022,
2021,Eagles,,brett toth,placed on ir with knee injury,,,,1/10/2022,
2021,Eagles,,jj arcega-whiteside,placed on ir with finger injury,,,,1/10/2022,
2021,Eagles,,tyree jackson,placed on ir with torn acl in right knee,,,,1/10/2022,
2021,Buccaneers,,richard sherman,placed on ir with achilles injury,,,,1/11/2022,
2021,Raiders,,darius philon,placed on ir with torn patellar tendon in knee,,,,1/11/2022,
2021,Rams,,jordan fuller,placed on ir with ankle injury,,,,1/12/2022,
2021,Cowboys,,israel mukuamu,placed on ir with hamstring injury,,,,1/14/2022,
2021,Bengals,,larry ogunjobi,placed on ir with right foot injury,,,,1/17/2022,
2021,Rams,,joe noteboom,placed on ir with chest injury,,,,2/11/2022,
2021,Rams,,tyler higbee,placed on ir with knee injury,,,,2/11/2022,
2022,Falcons,,beau brinkley,placed on ir with undisclosed,,,,5/2/2022,
2022,Texans,,scottie phillips,placed on ir with undisclosed,,,,5/3/2022,
2022,Bears,,ledarius mack,placed on ir with undisclosed injury,,,,5/10/2022,
2022,Steelers,,isaiah johnson b 1995-12-20,placed on ir with undisclosed injury,,,,5/11/2022,
2022,Saints,,ethan wolf,placed on ir with undisclosed injury,,,,5/16/2022,
2022,Titans,,jamal carter,placed on ir with undisclosed injury,,,,5/16/2022,
2022,Steelers,,bryce watts,placed on ir with undisclosed injury,,,,5/17/2022,
2022,Texans,,kolby harvell-peel,placed on ir with undisclosed injury,,,,5/17/2022,
2022,Saints,,sharif finch,placed on ir with undisclosed injury,,,,5/18/2022,
2022,Giants,,jordan mosley,placed on ir with undisclosed injury,,,,5/19/2022,
2022,Raiders,,sincere mccormick,placed on ir with undisclosed injury,,,,5/24/2022,
2022,Vikings,,kenny willekes,placed on ir with undisclosed injury,,,,6/3/2022,
2022,Jaguars,,jordan smith,placed on ir with surgery on knee,,,,6/14/2022,
2022,Chiefs,,mathew sexton,placed on ir with undisclosed injury,,,,6/17/2022,
2022,Bears,,dakota dozier,placed on ir with left knee injury,,,,6/21/2022,
2022,Cowboys,,devante bond,placed on ir with right knee injury,,,,7/8/2022,
2022,Chiefs,,justyn ross,placed on ir with foot injury,,,,7/25/2022,
2022,Bengals,,elijah holyfield,placed on ir with right knee injury,,,,7/28/2022,
2022,Raiders,,kyler fackrell,placed on ir with undisclosed injury,,,,7/29/2022,
2022,Rams,,xavier jones,placed on ir with undisclosed injury,,,,7/30/2022,
2022,49ers,,maurice hurst jr   maurice hurst ii roy,placed on ir with torn biceps,,,,8/1/2022,
2022,Raiders,,micah kiser,placed on ir with knee injury,,,,8/1/2022,
2022,Browns,,isaiah weston,placed on ir with undisclosed injury,,,,8/2/2022,
2022,Colts,,carter o'donnell,placed on ir with undisclosed injury,,,,8/2/2022,
2022,Colts,,john hurst,placed on ir with undisclosed injury,,,,8/2/2022,
2022,Giants,,jarren williams,placed on ir with undisclosed injury,,,,8/2/2022,
2022,Broncos,,damarea crockett,placed on ir with torn acl in right knee,,,,8/3/2022,
2022,Broncos,,tim patrick,placed on ir with torn acl in right knee,,,,8/3/2022,
2022,Panthers,,andrew parchment,placed on ir with undisclosed injury,,,,8/3/2022,
2022,Steelers,,jeremy mcnichols,placed on ir with shoulder injury,,,,8/3/2022,
2022,Titans,,daniel munyer,placed on ir with undisclosed injury,,,,8/3/2022,
2022,49ers,,jordan matthews,placed on ir with torn acl in left knee,,,,8/4/2022,
2022,Commanders,,drew white a,placed on ir with torn acl in knee,,,,8/4/2022,
2022,Jaguars,,jared hocker,placed on ir with undisclosed injury,,,,8/4/2022,
2022,Lions,,greg bell alonzo,placed on ir with hamstring injury,,,,8/4/2022,
2022,Texans,,davion davis,placed on ir with hamstring injury,,,,8/4/2022,
2022,Titans,,chris williamson,placed on ir with undisclosed injury,,,,8/4/2022,
2022,Eagles,,jaeden graham,placed on ir with undisclosed injury,,,,8/5/2022,
2022,Rams,,kyle markway,placed on ir with undisclosed injury,,,,8/5/2022,
2022,Saints,,smoke monday,placed on ir with knee injury,,,,8/5/2022,
2022,Browns,,reggie robinson ii,placed on ir with undisclosed injury,,,,8/6/2022,
2022,Browns,,stephen weatherly,placed on ir with knee injury,,,,8/6/2022,
2022,Giants,,marcus mckethan,placed on ir with torn acl in right knee,,,,8/6/2022,
2022,Saints,,jerald hawkins,placed on ir with undisclosed injury,,,,8/6/2022,
2022,Bears,,christian albright,placed on ir with undisclosed injury,,,,8/7/2022,
2022,Falcons,,vincent taylor,placed on ir with torn achilles tendon,,,,8/7/2022,
2022,Bears,,cj avery,placed on ir with undisclosed injury,,,,8/8/2022,
2022,Commanders,,jequez ezzard,placed on ir with undisclosed injury,,,,8/8/2022,
2022,Jaguars,,nathan cottrell,placed on ir with undisclosed injury,,,,8/8/2022,
2022,Ravens,,vince biegel,placed on ir with torn right achilles tendon,,,,8/8/2022,
2022,Falcons,,bryce rodgers,placed on ir with knee injury,,,,8/9/2022,
2022,Saints,,d'marco jackson,placed on ir with undisclosed injury (later identified as calf injury),,,,8/9/2022,
2022,Saints,,dylan mabin,placed on ir with undisclosed injury,,,,8/9/2022,
2022,Steelers,,td moultry,placed on ir with undisclosed injury,,,,8/9/2022,
2022,Broncos,,christopher allen,placed on ir with foot injury,,,,8/10/2022,
2022,Browns,,jakeem grant,placed on ir with torn left achilles tendon,,,,8/10/2022,
2022,Browns,,silas kelly,placed on ir with undisclosed injury,,,,8/10/2022,
2022,Chargers,,andrew trainer,placed on ir with undisclosed injury,,,,8/10/2022,
2022,Texans,,darius anderson,placed on ir with dislocated knee,,,,8/10/2022,
2022,Titans,,michael griffin ii,placed on ir with undisclosed injury,,,,8/10/2022,
2022,49ers,,leon o'neal jr,placed on ir with undisclosed injury,,,,8/11/2022,
2022,Broncos,,tyreik mcallister,placed on ir with undisclosed injury,,,,8/11/2022,
2022,Jaguars,,jeremiah ledbetter,placed on ir with undisclosed injury,,,,8/11/2022,
2022,Packers,,osirus mitchell,placed on ir with undisclosed injury,,,,8/11/2022,
2022,Panthers,,jacob tuioti-mariner,placed on ir with undisclosed injury,,,,8/11/2022,
2022,Saints,,bryce thompson,placed on ir with undisclosed,,,,8/11/2022,
2022,Steelers,,ulysees gilbert iii,placed on ir with undisclosed injury,,,,8/11/2022,
2022,Eagles,,keric wheatfall,placed on ir with undisclosed,,,,8/12/2022,
2022,Panthers,,devin jones,placed on ir with undisclosed,,,,8/12/2022,
2022,Raiders,,cre'von leblanc,placed on ir with undisclosed,,,,8/12/2022,
2022,Steelers,,javon mckinley,placed on ir with undisclosed,,,,8/12/2022,
2022,Bengals,,ben brown c,placed on ir with biceps injury,,,,8/15/2022,
2022,Buccaneers,,kenjon barner,placed on ir with ankle injury,,,,8/15/2022,
2022,Dolphins,,trill williams,placed on ir with torn acl in left knee,,,,8/15/2022,
2022,Packers,,gabe brkic,placed on ir with undisclosed,,,,8/15/2022,
2022,Panthers,,kamal martin,placed on ir with undisclosed,,,,8/15/2022,
2022,Saints,,ethan greenidge,placed on ir with undisclosed,,,,8/15/2022,
2022,Seahawks,,cody thompson,placed on ir with shoulder injury,,,,8/15/2022,
2022,Bears,,doug kramer,placed on ir with lisfranc injury,,,,8/16/2022,
2022,Browns,,dawson deaton,placed on ir with torn acl in knee,,,,8/16/2022,
2022,Browns,,nick harris b,placed on ir with right knee injury,,,,8/16/2022,
2022,Chargers,,forrest merrill,placed on ir with undisclosed,,,,8/16/2022,
2022,Chargers,,isaac weaver,placed on ir with undisclosed,,,,8/16/2022,
2022,Chiefs,,gary jennings,placed on ir with undisclosed,,,,8/16/2022,
2022,Commanders,,alex armah,placed on ir with undisclosed,,,,8/16/2022,
2022,Cowboys,,ryan nall,placed on ir with shoulder injury,,,,8/16/2022,
2022,Dolphins,,adam shaheen,placed on ir with knee injury,,,,8/16/2022,
2022,Falcons,,cornell armstrong,placed on ir with undisclosed,,,,8/16/2022,
2022,Jaguars,,elliott fry,placed on ir,,,,8/16/2022,
2022,Jets,,mekhi becton,placed on ir with avulsion fracture of right kneecap,,,,8/16/2022,
2022,Packers,,cole schneider,placed on ir with undisclosed,,,,8/16/2022,
2022,Packers,,donte vaughn,placed on ir with undisclosed,,,,8/16/2022,
2022,Patriots,,joejuan williams,placed on ir with shoulder injury,,,,8/16/2022,
2022,Patriots,,malcolm butler,placed on ir with hip injury,,,,8/16/2022,
2022,Ravens,,trent harris,placed on ir with undisclosed,,,,8/16/2022,
2022,Saints,,isaiah pryor,placed on ir with undisclosed,,,,8/16/2022,
2022,Saints,,jordan brown,placed on ir with undisclosed,,,,8/16/2022,
2022,Steelers,,anthony miller b 1994-10-09,placed on ir with shoulder injury,,,,8/16/2022,
2022,Steelers,,karl joseph,placed on ir with ankle injury,,,,8/16/2022,
2022,Steelers,,tuzar skipper,placed on ir with undisclosed,,,,8/16/2022,
2022,Washington,,sammis reyes  sammie reyes,placed on ir with hamstring injury,,,,8/16/2022,
2022,Bears,,javin white,placed on ir with undisclosed,,,,8/17/2022,
2022,Bears,,jayson stanley,placed on ir with undisclosed,,,,8/17/2022,
2022,Bears,,michael joseph,placed on ir with undisclosed,,,,8/17/2022,
2022,Browns,,elijah nkansah,placed on ir with undisclosed,,,,8/17/2022,
2022,Buccaneers,,joe ozougwu  jojo ozougwu,placed on ir with undisclosed,,,,8/17/2022,
2022,Buccaneers,,jonathan hubbard,placed on ir with undisclosed,,,,8/17/2022,
2022,Cowboys,,ian bunting,placed on ir with neck injury,,,,8/17/2022,
2022,Cowboys,,kyron brown,placed on ir with undisclosed,,,,8/17/2022,
2022,Cowboys,,ty fryfogle,placed on ir with hamstring injury,,,,8/17/2022,
2022,Dolphins,,tino ellis,placed on ir with undisclosed,,,,8/17/2022,
2022,Eagles,,jared mayden,placed on ir with undisclosed,,,,8/17/2022,
2022,Eagles,,jimmy moreland,placed on ir with undisclosed,,,,8/17/2022,
2022,Eagles,,lance lenoir,placed on ir with undisclosed,,,,8/17/2022,
2022,Giants,,austin proehl,placed on ir with undisclosed,,,,8/17/2022,
2022,Lions,,brady breeze,placed on ir with undisclosed,,,,8/17/2022,
2022,Packers,,dominique dafney,placed on ir with undisclosed,,,,8/17/2022,
2022,Rams,,warren jackson,placed on ir with undisclosed,,,,8/17/2022,
2022,Saints,,jaleel johnson,placed on ir with undisclosed,,,,8/17/2022,
2022,Vikings,,thomas hennigan,placed on ir with undisclosed injury,,,,8/17/2022,
2022,Vikings,,tyarise stevenson,placed on ir with undisclosed,,,,8/17/2022,
2022,Colts,,andrew ogletree,placed on ir with torn acl in right knee,,,,8/18/2022,
2022,Packers,,malik taylor,placed on ir with shoulder injury,,,,8/18/2022,
2022,Giants,,robert foster,placed on ir with hamstring injury,,,,8/19/2022,
2022,Saints,,forrest lamp,placed on ir with undisclosed injury,,,,8/19/2022,
2022,Saints,,sage doxtater,placed on ir with undisclosed,,,,8/19/2022,
2022,Steelers,,master teague iii,placed on ir with undisclosed,,,,8/19/2022,
2022,Bears,,david moore b 1995-01-15,placed on ir with lower leg injury,,,,8/21/2022,
2022,Commanders,,olubunmi rotimi  bunmi rotimi,placed on ir with fractured foot,,,,8/21/2022,
2022,Raiders,,jordan jenkins,placed on ir with torn acl in right knee,,,,8/21/2022,
2022,Rams,,jj koski,placed on ir with undisclosed,,,,8/21/2022,
2022,Texans,,chester rogers,placed on ir with ankle injury,,,,8/21/2022,
2022,Buccaneers,,aaron stinnie,"placed on ir with torn acl, mcl in left knee",,,,8/22/2022,
2022,Buccaneers,,cam gill,placed on ir with lisfranc injury in foot,,,,8/22/2022,
2022,Commanders,,eli wolf,placed on ir with undisclosed injury,,,,8/22/2022,
2022,49ers,,austin mack,placed on ir with undisclosed,,,,8/23/2022,
2022,49ers,,kalia davis,placed on ir / reserve/non football injury list with knee injury,,,,8/23/2022,
2022,Broncos,,marquiss spencer,placed on ir with undisclosed,,,,8/23/2022,
2022,Chargers,,stone smartt,placed on ir / reserve/non football injury list,,,,8/23/2022,
2022,Chiefs,,derrick gore,placed on ir with fractured thumb,,,,8/23/2022,
2022,Commanders,,nathan gerry  nate gerry,placed on ir with undisclosed,,,,8/23/2022,
2022,Commanders,,tyler larsen,placed on ir / reserve/physically unable to perform list with achilles injury,,,,8/23/2022,
2022,Cowboys,,jeremy sprinkle,placed on ir with achilles injury,,,,8/23/2022,
2022,Dolphins,,john lovett b 1996-04-25,placed on ir with undisclosed,,,,8/23/2022,
2022,Dolphins,,mackensie alexander,placed on ir with groin injury,,,,8/23/2022,
2022,Giants,,andre miller  dre miller,placed on ir with forearm injury,,,,8/23/2022,
2022,Giants,,darrian beavers,placed on ir with torn acl in right knee,,,,8/23/2022,
2022,Giants,,ricky seals-jones,placed on ir with toe injury,,,,8/23/2022,
2022,Lions,,jameson williams,placed on ir / non-football injury liust with torn acl in left knee,,,,8/23/2022,
2022,Lions,,joshua paschal  josh paschal,placed on ir / physically unable to perform list with surgery to repair sports hernia,,,,8/23/2022,
2022,Panthers,,duke dawson,placed on ir with groin injury,,,,8/23/2022,
2022,Panthers,,khalan tolson,placed on ir with undisclosed,,,,8/23/2022,
2022,Panthers,,matt corral,placed on ir with lisfranc injury in left foot,,,,8/23/2022,
2022,Patriots,,andrew stueber,placed on ir / reserve/non-football injury list,,,,8/23/2022,
2022,Patriots,,ronnie perkins,placed on ir with undisclosed,,,,8/23/2022,
2022,Saints,,kevin white romone,placed on ir with undisclosed,,,,8/23/2022,
2022,Texans,,john metchie iii,placed on ir / reserve/non football injury list with acute promyelocytic leukemia,,,,8/23/2022,
2022,Titans,,shakur brown,placed on ir,,,,8/23/2022,
2022,Vikings,,jullian taylor,placed on ir with undisclosed,,,,8/23/2022,
2022,49ers,,sam schlueter,placed on ir with undisclosed,,,,8/24/2022,
2022,Broncos,,casey tucker,placed on ir with dislocated toe,,,,8/24/2022,
2022,Buccaneers,,johnathan howard  bug howard,placed on ir with undisclosed,,,,8/24/2022,
2022,Cardinals,,darrell baker jr,placed on ir with undisclosed,,,,8/24/2022,
2022,Chargers,,damon lloyd,placed on ir with undisclosed,,,,8/24/2022,
2022,Chargers,,tevaughn campbell,placed on ir with undisclosed,,,,8/24/2022,
2022,Chargers,,ty shelby,placed on ir with undisclosed,,,,8/24/2022,
2022,Cowboys,,christian sam,placed on ir with undisclosed,,,,8/24/2022,
2022,Falcons,,jalen dalton,placed on ir with undisclosed,,,,8/24/2022,
2022,Giants,,colin johnson,placed on ir,,,,8/24/2022,
2022,Giants,,collin johnson,placed on ir with torn right achilles tendon,,,,8/24/2022,
2022,Giants,,marcus kemp,placed on ir with hamstring injury,,,,8/24/2022,
2022,Packers,,danny davis,placed on ir with undisclosed,,,,8/24/2022,
2022,Packers,,vernon scott,placed on ir with shoulder injury,,,,8/24/2022,
2022,Packers,,waived,placed on ir,,,,8/24/2022,
2022,Ravens,,slade bolden,placed on ir with undisclosed,,,,8/24/2022,
2022,Broncos,,barrington wade,placed on ir,,,,8/26/2022,
2022,Buccaneers,,cyril grayson,placed on ir,,,,8/26/2022,
2022,Raiders,,brandon parker,placed on ir with triceps injury,,,,8/28/2022,
2022,Raiders,,tae davis marquez,placed on ir with undisclosed injury,,,,8/28/2022,
2022,Raiders,,tyler lancaster,placed on ir with undisclosed injury,,,,8/28/2022,
2022,Browns,,chris odom,placed on ir with torn acl in left knee,,,,8/29/2022,
2022,Dolphins,,calvin munson,placed on ir with undisclosed injury,,,,8/29/2022,
2022,Vikings,,olabisi johnson,placed on ir with torn acl in left knee,,,,8/29/2022,
2022,Vikings,,ty mcgill,placed on ir with ankle injury,,,,8/29/2022,
2022,Bears,,tavon young,placed on ir with leg injury,,,,8/30/2022,
2022,Broncos,,brandon johnson b 1998-07-26,placed on ir with ankle injury,,,,8/30/2022,
2022,Buccaneers,,rashard robinson,placed on ir with undisclosed injury,,,,8/30/2022,
2022,Cardinals,,marquis hayes,placed on ir with undisclosed injury,,,,8/30/2022,
2022,Colts,,armani watts,placed on ir with ankle injury,,,,8/30/2022,
2022,Colts,,rigoberto sanchez,placed on ir with torn achilles tendon,,,,8/30/2022,
2022,Commanders,,josh drayden,placed on ir with undisclosed injury,,,,8/30/2022,
2022,Commanders,,keith ismael,placed on ir with undisclosed injury,,,,8/30/2022,
2022,Commanders,,willie beavers,placed on ir with undisclosed injury,,,,8/30/2022,
2022,Dolphins,,brennan scarlett,placed on ir with knee injury,,,,8/30/2022,
2022,Eagles,,greg ward,placed on ir with undisclosed injury,,,,8/30/2022,
2022,Jets,,nick bawden,placed on ir with undisclosed injury,,,,8/30/2022,
2022,Panthers,,julian stanford,placed on ir with undisclosed injury,,,,8/30/2022,
2022,Panthers,,zane gonzalez,placed on ir with groin injury,,,,8/30/2022,
2022,Patriots,,henry anderson wyatt,placed on ir with undisclosed injury,,,,8/30/2022,
2022,Patriots,,kristian wilkerson,placed on ir with undisclosed injury,,,,8/30/2022,
2022,Raiders,,jacob hollister,placed on ir with undisclosed injury,,,,8/30/2022,
2022,Rams,,logan bruss,placed on ir with undisclosed injury,,,,8/30/2022,
2022,Saints,,albert huggins,placed on ir with leg injury,,,,8/30/2022,
2022,Seahawks,,tyreke smith,placed on ir with undisclosed injury,,,,8/30/2022,
2022,Texans,,derek rivers,placed on ir with undisclosed injury,,,,8/30/2022,
2022,Bengals,,desmond noel,placed on ir with undisclosed injury,,,,8/31/2022,
2022,Bengals,,lamont gaillard,placed on ir with undisclosed injury,,,,8/31/2022,
2022,Broncos,,donnie lewis jr,placed on ir with undisclosed injury,,,,8/31/2022,
2022,Browns,,lavert hill,placed on ir with undisclosed injury,,,,8/31/2022,
2022,Buccaneers,,elijah ponder,placed on ir with undisclosed injury,,,,8/31/2022,
2022,Cardinals,,chris pierce,placed on ir with undisclosed injury,,,,8/31/2022,
2022,Cardinals,,greg long b 1997-06-21,placed on ir with undisclosed injury,,,,8/31/2022,
2022,Cardinals,,joshua miles  josh miles,placed on ir with undisclosed injury,,,,8/31/2022,
2022,Cardinals,,tae daley,placed on ir with undisclosed injury,,,,8/31/2022,
2022,Chiefs,,matt bushman,placed on ir with undisclosed injury,,,,8/31/2022,
2022,Cowboys,,aaron shampklin,placed on ir with undisclosed injury,,,,8/31/2022,
2022,Cowboys,,isaac taylor-stuart,placed on ir with undisclosed injury,,,,8/31/2022,
2022,Dolphins,,d'angelo ross,placed on ir with undisclosed injury,,,,8/31/2022,
2022,Dolphins,,darius hodge,placed on ir with undisclosed injury,,,,8/31/2022,
2022,Eagles,,kobe smith,placed on ir with undisclosed injury,,,,8/31/2022,
2022,Falcons,,dorian etheridge,placed on ir with undisclosed injury,,,,8/31/2022,
2022,Falcons,,john raine,placed on ir with undisclosed injury,,,,8/31/2022,
2022,Jaguars,,raequan williams,placed on ir with undisclosed injury,,,,8/31/2022,
2022,Jaguars,,willie johnson b,placed on ir with undisclosed injury,,,,8/31/2022,
2022,Lions,,cj moore,placed on ir with undisclosed injury,,,,8/31/2022,
2022,Lions,,eric banks,placed on ir with undisclosed injury,,,,8/31/2022,
2022,Lions,,jashon cornell,placed on ir with undisclosed injury,,,,8/31/2022,
2022,Lions,,kevin jarvis,placed on ir with undisclosed injury,,,,8/31/2022,
2022,Lions,,trinity benson,placed on ir with undisclosed injury,,,,8/31/2022,
2022,Packers,,akial byers,placed on ir with undisclosed injury,,,,8/31/2022,
2022,Packers,,alize mack,placed on ir with undisclosed injury,,,,8/31/2022,
2022,Packers,,innis gaines,placed on ir with undisclosed injury,,,,8/31/2022,
2022,Packers,,ishmael hyman,placed on ir with undisclosed injury,,,,8/31/2022,
2022,Packers,,nate becker,placed on ir with undisclosed injury,,,,8/31/2022,
2022,Packers,,shawn davis b 1997-12-24,placed on ir with undisclosed injury,,,,8/31/2022,
2022,Panthers,,isaiah graham-mobley,placed on ir with undisclosed injury,,,,8/31/2022,
2022,Panthers,,spencer brown b 1998-11-13,placed on ir with undisclosed injury,,,,8/31/2022,
2022,Rams,,tyler hall,placed on ir with undisclosed injury,,,,8/31/2022,
2022,Ravens,,aaron crawford,placed on ir with undisclosed injury,,,,8/31/2022,
2022,Ravens,,daelin hayes,placed on ir with undisclosed injury,,,,8/31/2022,
2022,Ravens,,shemar bridges,placed on ir with undisclosed injury,,,,8/31/2022,
2022,Seahawks,,john reid,placed on ir with groin injury,,,,8/31/2022,
2022,Seahawks,,josh johnson a,placed on ir with undisclosed injury,,,,8/31/2022,
2022,Steelers,,carlins platel,placed on ir with undisclosed injury,,,,8/31/2022,
2022,Texans,,kendall sheffield,placed on ir with undisclosed injury,,,,8/31/2022,
2022,Titans,,tommy hudson,placed on ir with undisclosed injury,,,,8/31/2022,
2022,Bears,,tajae sharpe,placed on ir with rib injury,,,,8/31/2022,
2022,49ers,,curtis robinson,placed on ir with high ankle sprain,,,,9/1/2022,
2022,49ers,,jimmie ward,placed on ir with hamstring injury,,,,9/1/2022,
2022,Bears,,n'keal harry,placed on ir recovering from tightrope surgery on ankle,,,,9/1/2022,
2022,Bengals,,cam taylor-britt,placed on ir with abdominal injury,,,,9/1/2022,
2022,Bengals,,khalid kareem,placed on ir with hamstring injury,,,,9/1/2022,
2022,Bills,,marquez stevenson,placed on ir with surgery on foot,,,,9/1/2022,
2022,Broncos,,greg dulcich,placed on ir with hamstring injury,,,,9/1/2022,
2022,Broncos,,michael ojemudia,placed on ir with elbow injury,,,,9/1/2022,
2022,Buccaneers,,ryan jensen,placed on ir with left knee injury,,,,9/1/2022,
2022,Cardinals,,antoine wesley,placed on ir with groin injury,,,,9/1/2022,
2022,Cardinals,,charles washington b 1993-03-10,placed on ir with undisclosed injury,,,,9/1/2022,
2022,Colts,,trevor denbow,placed on ir with undisclosed injury,,,,9/1/2022,
2022,Commanders,,curtis hodges,placed on ir with undisclosed injury,,,,9/1/2022,
2022,Cowboys,,james washington edward,placed on ir with fractured foot,,,,9/1/2022,
2022,Cowboys,,tyron smith,placed on ir with surgery on hamstring,,,,9/1/2022,
2022,Dolphins,,clayton fejedelem,placed on ir with undisclosed injury,,,,9/1/2022,
2022,Falcons,,deion jones,placed on ir with undisclosed injury,,,,9/1/2022,
2022,Falcons,,isaiah oliver,placed on ir with knee injury,,,,9/1/2022,
2022,Falcons,,jalen mayfield,placed on ir with undisclosed injury,,,,9/1/2022,
2022,Falcons,,john fitzpatrick b,placed on ir with undisclosed injury,,,,9/1/2022,
2022,Falcons,,marlon davidson,placed on ir with undisclosed,,,,9/1/2022,
2022,Giants,,elerson smith,placed on ir with undisclosed injury,,,,9/1/2022,
2022,Giants,,rodarius williams,placed on ir with undisclosed injury,,,,9/1/2022,
2022,Giants,,shane lemieux,placed on ir with turf toe,,,,9/1/2022,
2022,Jaguars,,jake verity,placed on ir with undisclosed injury,,,,9/1/2022,
2022,Jets,,vinny curry,placed on ir with hamstring injury,,,,9/1/2022,
2022,Panthers,,sam darnold,placed on ir with sprained left ankle,,,,9/1/2022,
2022,Patriots,,tyquan thornton,placed on ir with collarbone injury,,,,9/1/2022,
2022,Rams,,daniel hardy,placed on ir with undisclosed injury,,,,9/1/2022,
2022,Ravens,,charlie kolar,placed on ir with surgery to repair sports hernia,,,,9/1/2022,
2022,Saints,,malcolm roach,placed on ir with undisclosed injury,,,,9/1/2022,
2022,Saints,,trevor penning,placed on ir with foot injury,,,,9/1/2022,
2022,Seahawks,,lj collier,placed on ir with elbow injury,,,,9/1/2022,
2022,Steelers,,calvin austin iii,placed on ir with undisclosed injury,,,,9/1/2022,
2022,Steelers,,damontae kazee,placed on ir with undisclosed injury,,,,9/1/2022,
2022,Texans,,christian harris,placed on ir with undisclosed injury,,,,9/1/2022,
2022,Texans,,tavierre thomas,placed on ir with undisclosed injury,,,,9/1/2022,
2022,Texans,,teagan quitoriano,placed on ir with undisclosed injury,,,,9/1/2022,
2022,Titans,,racey mcmath,placed on ir with hip injury,,,,9/1/2022,
2022,Bengals,,isaiah prince,placed on ir with elbow injury,,,,9/2/2022,
2022,Bengals,,tycen anderson,placed on ir with hamstring injury,,,,9/2/2022,
2022,Titans,,harold landry iii,placed on ir with torn acl in knee (out for season),,,,9/2/2022,
2022,Chiefs,,blake bell,placed on ir with hip flexor injury,,,,9/5/2022,
2022,Lions,,halapoulivaati vaitai,placed on ir with undisclosed injury,,,,9/5/2022,
2022,Eagles,,andre dillard,placed on ir with fractured forearm,,,,9/6/2022,
2022,Cardinals,,colt mccoy,placed on ir with arm / calf injury,,,,9/7/2022,
2022,Browns,,greedy williams,placed on ir with strained hamstring,,,,9/9/2022,
2022,Titans,,chance campbell,placed on ir with knee injury,,,,9/9/2022,
2022,Titans,,elijah molden,placed on ir with groin injury,,,,9/9/2022,
2022,Cardinals,,cody ford,placed on ir with ankle injury,,,,9/10/2022,
2022,Jets,,duane brown,placed on ir with shoulder injury,,,,9/10/2022,
2022,Lions,,levi onwuzurike,placed on ir with back injury,,,,9/10/2022,
2022,Texans,,mario addison,placed on ir with thigh injury,,,,9/10/2022,
2022,Bengals,,clark harris,placed on ir with right biceps injury,,,,9/12/2022,
2022,Commanders,,phidarian mathis,placed on ir with torn meniscus in knee,,,,9/12/2022,
2022,Raiders,,anthony averett,placed on ir with fractured right thumb,,,,9/12/2022,
2022,Seahawks,,alton robinson,placed on ir with sprained knee,,,,9/12/2022,
2022,49ers,,elijah mitchell b,placed on ir with knee injury,,,,9/13/2022,
2022,Chiefs,,trent mcduffie,placed on ir with hamstring injury,,,,9/13/2022,
2022,Eagles,,derek barnett,placed on ir with torn acl in knee,,,,9/13/2022,
2022,Packers,,krys barnes,placed on ir with ankle injury,,,,9/13/2022,
2022,Panthers,,andre roberts,placed on ir with knee injury,,,,9/13/2022,
2022,Patriots,,ty montgomery,placed on ir with undisclosed injury,,,,9/13/2022,
2022,Rams,,kyren williams,placed on ir with ankle injury,,,,9/13/2022,
2022,Ravens,,ja'wuan james,placed on ir with torn left achilles tendon,,,,9/13/2022,
2022,Ravens,,kyle fuller brandon,placed on ir with torn acl in left knee,,,,9/13/2022,
2022,Titans,,aj moore jr,placed on ir with ankle injury,,,,9/13/2022,
2022,Titans,,da'shawn hand,placed on ir with quadriceps injury,,,,9/13/2022,
2022,49ers,,jordan willis,placed on ir with knee injury,,,,9/14/2022,
2022,Broncos,,justin simmons,placed on ir with quadriceps injury,,,,9/14/2022,
2022,Raiders,,dj turner b 1997-01-18,placed on ir with ankle injury,,,,9/14/2022,
2022,Seahawks,,tyler ott,placed on ir with shoulder injury,,,,9/14/2022,
2022,Lions,,tommy kraemer,placed on ir with back injury,,,,9/15/2022,
2022,Seahawks,,jamal adams,placed on ir with torn quadriceps (surgery),,,,9/15/2022,
2022,Steelers,,tj watt,placed on ir with torn pectoral muscle,,,,9/15/2022,
2022,Dolphins,,austin jackson,placed on ir with ankle injury,,,,9/16/2022,
2022,Cowboys,,tarell basham,placed on ir with thigh injury,,,,9/17/2022,
2022,Falcons,,damien williams,placed on ir with ribs injury,,,,9/17/2022,
2022,Ravens,,josh ross,placed on ir with foot injury,,,,9/19/2022,
2022,Ravens,,steven means,placed on ir with torn achilles tendon,,,,9/19/2022,
2022,Browns,,chase winovich,placed on ir with hamstring injury,,,,9/20/2022,
2022,Browns,,jesse james dylan,placed on ir with biceps injury,,,,9/20/2022,
2022,Commanders,,chase roullier,placed on ir with right knee injury,,,,9/20/2022,
2022,Panthers,,bravvion roy,placed on ir with hamstring injury,,,,9/20/2022,
2022,Rams,,tremayne anchrum,placed on ir with fractured fibula,,,,9/20/2022,
2022,Rams,,troy hill b 1991-08-29,placed on ir with groin injury,,,,9/20/2022,
2022,Texans,,kevin pierre-louis,placed on ir with groin injury,,,,9/20/2022,
2022,49ers,,trey lance,"placed on ir with fractured right ankle, ligament disruption in right ankle",,,,9/21/2022,
2022,Buccaneers,,giovani bernard,placed on ir with ankle injury,,,,9/21/2022,
2022,Buccaneers,,josh wells,placed on ir with calf injury,,,,9/21/2022,
2022,Titans,,chris jackson d'wayne,placed on ir with undisclosed injury,,,,9/21/2022,
2022,Titans,,trenton cannon,placed on ir with torn acl in right knee,,,,9/21/2022,
2022,Titans,,jamarco jones,placed on ir with triceps injury,,,,9/22/2022,
2022,Browns,,anthony walker jr,"placed on ir with quadricep, ankle injuries",,,,9/23/2022,
2022,Bills,,micah hyde,placed on ir with neck injury,,,,9/24/2022,
2022,Packers,,sammy watkins,placed on ir with strained hamstring,,,,9/24/2022,
2022,Rams,,van jefferson,placed on ir recovering from surgery on knee,,,,9/24/2022,
2022,Saints,,alontae taylor,placed on ir with knee injury,,,,9/24/2022,
2022,Titans,,taylor lewan,placed on ir with right knee injury,,,,9/24/2022,
2022,Bears,,byron pringle,placed on ir with calf injury,,,,9/27/2022,
2022,Bills,,tommy doyle,placed on ir with torn acl in knee,,,,9/27/2022,
2022,Chargers,,jalen guyton,placed on ir with torn acl in knee,,,,9/27/2022,
2022,Jets,,george fant,placed on ir with knee injury,,,,9/27/2022,
2022,Lions,,tracy walker iii  trey walker,placed on ir with torn achilles tendon,,,,9/27/2022,
2022,Chargers,,joey bosa,placed on ir with groin injury,,,,9/28/2022,
2022,Chargers,,rashawn slater,placed on ir with torn left biceps,,,,9/28/2022,
2022,Giants,,sterling shepard,placed on ir with torn acl in left knee,,,,9/28/2022,
2022,Seahawks,,travis homer,placed on ir with rib injury,,,,9/28/2022,
2022,Bengals,,dj reader,placed on ir with left knee injury,,,,9/29/2022,
2022,Ravens,,michael pierce,placed on ir with torn left biceps,,,,9/29/2022,
2022,Commanders,,wes schweitzer,placed on ir with concussion,,,,10/1/2022,
2022,Patriots,,yodny cajuste,placed on ir with thumb injury,,,,10/1/2022,
2022,49ers,,azeez al-shaair,placed on ir with knee injury,,,,10/3/2022,
2022,Bengals,,drew sample,placed on ir with right knee injury,,,,10/3/2022,
2022,Falcons,,cordarrelle patterson,placed on ir with knee injury,,,,10/3/2022,
2022,Broncos,,javonte williams,"placed on ir with torn acl, lcl in right knee (out for season)",,,,10/4/2022,
2022,Broncos,,randy gregory,placed on ir with right knee injury,,,,10/4/2022,
2022,Browns,,jerome ford,placed on ir with ankle injury,,,,10/4/2022,
2022,Giants,,aaron robinson,placed on ir with knee injury,,,,10/4/2022,
2022,Vikings,,lewis cine,placed on ir with fractured left leg,,,,10/4/2022,
2022,Bears,,cody whitehair,placed on ir with knee injury,,,,10/5/2022,
2022,Cowboys,,jake mcquaide,placed on ir with torn triceps,,,,10/5/2022,
2022,Panthers,,jeremy chinn,placed on ir with hamstring injury,,,,10/5/2022,
2022,Patriots,,brian hoyer,placed on ir with concussion,,,,10/6/2022,
2022,Raiders,,justin herron,placed on ir with torn acl in knee,,,,10/7/2022,
2022,Seahawks,,darryl johnson jr,placed on ir with ankle/foot injury,,,,10/7/2022,
2022,49ers,,colton mckivitz,placed on ir with sprained mcl in knee,,,,10/8/2022,
2022,Bills,,jamison crowder,placed on ir with fractured ankle,,,,10/8/2022,
2022,Cardinals,,nick vigil,placed on ir with hamstring injury,,,,10/8/2022,
2022,Commanders,,camilo eifler  milo eifler,placed on ir with hamstring injury,,,,10/8/2022,
2022,Dolphins,,cethan carter,placed on ir with concussion,,,,10/8/2022,
2022,Jets,,max mitchell,placed on ir with knee injury,,,,10/8/2022,
2022,Lions,,quintez cephus,placed on ir with foot injury,,,,10/8/2022,
2022,Rams,,coleman shelton,placed on ir with ankle injury,,,,10/8/2022,
2022,Rams,,jordan fuller,placed on ir with hamstring injury,,,,10/8/2022,
2022,Saints,,pj williams,placed on ir with quadriceps injury,,,,10/8/2022,
2022,Titans,,treylon burks,placed on ir with turf toe,,,,10/8/2022,
2022,Vikings,,ben ellefson,placed on ir with groin injury,,,,10/8/2022,
2022,Broncos,,garett bolles,placed on ir,,,,10/10/2022,
2022,Broncos,,jacob bobenmoyer,placed on ir,,,,10/10/2022,
2022,Broncos,,ronald darby,placed on ir,,,,10/10/2022,
2022,Bears,,matthew adams  matt adams,placed on ir,,,,10/11/2022,
2022,Colts,,ashton dulin,placed on ir with foot injury,,,,10/11/2022,
2022,Giants,,dj davidson,placed on ir,,,,10/11/2022,
2022,Jaguars,,ben bartch,placed on ir,,,,10/11/2022,
2022,Jaguars,,k'lavon chaisson,placed on ir with knee injury,,,,10/11/2022,
2022,Rams,,david edwards b 1997-03-20,placed on ir with concussion,,,,10/11/2022,
2022,Ravens,,marcus williams alan,placed on ir with wrist injury,,,,10/11/2022,
2022,Vikings,,ty chandler,placed on ir with fractured thumb,,,,10/11/2022,
2022,Cardinals,,jonathan ward,placed on ir,,,,10/12/2022,
2022,Texans,,michael dwumfour,placed on ir,,,,10/12/2022,
2022,Seahawks,,rashaad penny,placed on ir with fractured fibula,,,,10/14/2022,
2022,49ers,,emmanuel moseley,placed on ir,,,,10/15/2022,
2022,49ers,,javon kinlaw,placed on ir with knee injury,,,,10/15/2022,
2022,Chiefs,,tershawn wharton,placed on ir,,,,10/15/2022,
2022,Cowboys,,rico dowdle,placed on ir,,,,10/15/2022,
2022,Cowboys,,simi fehoko,placed on ir with shoulder injury,,,,10/15/2022,
2022,Eagles,,janarius robinson,placed on ir with ankle injury,,,,10/15/2022,
2022,Giants,,tony jefferson,placed on ir,,,,10/15/2022,
2022,Packers,,tipa galeai,placed on ir,,,,10/15/2022,
2022,Panthers,,stantley thomas-oliver,placed on ir,,,,10/15/2022,
2022,Saints,,deonte harty  deonte harris,placed on ir,,,,10/15/2022,
2022,Steelers,,demarvin leal,placed on ir with surgery on knee,,,,10/15/2022,
2022,Raiders,,nate hobbs,placed on ir with left hand injury,,,,10/17/2022,
2022,Titans,,olasunkanmi adeniyi  ola adeniyi,placed on ir with neck injury,,,,10/17/2022,
2022,Buccaneers,,logan ryan,placed on ir with fractured foot,,,,10/18/2022,
2022,Falcons,,casey hayward jr,placed on ir,,,,10/18/2022,
2022,Patriots,,cody davis,placed on ir,,,,10/18/2022,
2022,Rams,,grant haley,placed on ir,,,,10/18/2022,
2022,Rams,,joe noteboom,placed on ir,,,,10/18/2022,
2022,Dolphins,,nik needham,placed on ir with torn achilles tendon,,,,10/19/2022,
2022,Dolphins,,trey flowers,placed on ir with foot injury,,,,10/19/2022,
2022,Cardinals,,justin pugh,placed on ir with knee injury,,,,10/20/2022,
2022,Cardinals,,marquise brown,placed on ir with foot injury,,,,10/20/2022,
2022,Broncos,,aaron patrick,placed on ir with torn acl in knee,,,,10/21/2022,
2022,Commanders,,tariq castro-fields,placed on ir with knee injury,,,,10/21/2022,
2022,Chargers,,joshua kelley  josh kelley,placed on ir with sprained mcl in knee,,,,10/22/2022,
2022,Commanders,,carson wentz,placed on ir with fractured right ring finger,,,,10/22/2022,
2022,Cowboys,,matt waletzko,placed on ir with shoulder injury,,,,10/22/2022,
2022,Falcons,,jared bernhardt,placed on ir with groin injury,,,,10/22/2022,
2022,Giants,,azeez ojulari,placed on ir with calf injury,,,,10/22/2022,
2022,Lions,,bobby price,placed on ir with knee injury,,,,10/22/2022,
2022,Lions,,dj chark,placed on ir with ankle injury,,,,10/22/2022,
2022,Packers,,jake hanson,placed on ir with biceps injury,,,,10/22/2022,
2022,Packers,,randall cobb,placed on ir with ankle injury,,,,10/22/2022,
2022,Panthers,,pat elflein,placed on ir with hip injury,,,,10/22/2022,
2022,Ravens,,jk dobbins,placed on ir with knee injury,,,,10/22/2022,
2022,Seahawks,,isaiah dunn,placed on ir with hamstring injury,,,,10/22/2022,
2022,Texans,,jonathan greenard,placed on ir with calf injury,,,,10/22/2022,
2022,Broncos,,mike boone,placed on ir with ankle injury,,,,10/24/2022,
2022,Buccaneers,,kj britt,placed on ir with ankle injury,,,,10/25/2022,
2022,Dolphins,,brandon jones b 1998-04-02,placed on ir with knee injury,,,,10/25/2022,
2022,Dolphins,,freddie swain,placed on ir with undisclosed injury,,,,10/25/2022,
2022,Jets,,alijah vera-tucker,placed on ir with triceps injury,,,,10/25/2022,
2022,Jets,,breece hall,placed on ir with knee injury,,,,10/25/2022,
2022,Saints,,bradley roby,placed on ir with ankle injury,,,,10/25/2022,
2022,Titans,,kyle philips,placed on ir with hamstring injury,,,,10/25/2022,
2022,Browns,,jacob phillips,placed on ir with torn pectoral muscle,,,,10/26/2022,
2022,Cardinals,,rashard lawrence,placed on ir with right shoulder injury,,,,10/26/2022,
2022,Chargers,,jc jackson,placed on ir with ruptured patellar tendon in right knee,,,,10/26/2022,
2022,Cowboys,,jourdan lewis,placed on ir with lisfranc injury in right foot,,,,10/26/2022,
2022,Cowboys,,matt farniok,placed on ir with torn hamstring,,,,10/26/2022,
2022,Jaguars,,shaquill griffin,placed on ir with back injury,,,,10/26/2022,
2022,Bears,,lucas patrick,placed on ir with toe injury,,,,10/27/2022,
2022,Broncos,,caden sterns,placed on ir with hip injury,,,,10/28/2022,
2022,Browns,,joe haeg,placed on ir with concussion,,,,10/29/2022,
2022,Cowboys,,devin harper,placed on ir with achilles injury,,,,10/29/2022,
2022,Giants,,ben bredeson,placed on ir with knee injury,,,,10/29/2022,
2022,Patriots,,chasen hines,placed on ir with undisclosed injury,,,,10/29/2022,
2022,Buccaneers,,shaquil barrett  shaq barrett,placed on ir with torn achilles tendon (out for season),,,,10/31/2022,
2022,Colts,,tyquan lewis,placed on ir with ruptured patellar tendon in left knee,,,,10/31/2022,
2022,Dolphins,,liam eichenberg,placed on ir with mcl injury in knee,,,,11/1/2022,
2022,Vikings,,irv smith jr,placed on ir with high ankle sprain,,,,11/1/2022,
2022,Cardinals,,darrel williams,placed on ir with hip injury,,,,11/2/2022,
2022,Eagles,,jordan davis,placed on ir with high ankle sprain,,,,11/2/2022,
2022,Saints,,michael thomas william,placed on ir with surgery on toe,,,,11/3/2022,
2022,Texans,,grayland arnold,placed on ir with quadriceps injury,,,,11/3/2022,
2022,Bengals,,chidobe awuzie,placed on ir with knee injury,,,,11/5/2022,
2022,Chargers,,donald parham jr,placed on ir with hamstring injury,,,,11/5/2022,
2022,Falcons,,elijah wilkinson,placed on ir with knee injury,,,,11/5/2022,
2022,Patriots,,marcus cannon,placed on ir with concussion,,,,11/5/2022,
2022,Rams,,jacob hummel  jake hummel,placed on ir with hip injury,,,,11/5/2022,
2022,Giants,,nick williams b 1990-02-21,placed on ir with biceps injury,,,,11/7/2022,
2022,Raiders,,divine deablo,placed on ir with forearm injury,,,,11/7/2022,
2022,Ravens,,rashod bateman,placed on ir with lisfranc injury in foot (surgery),,,,11/7/2022,
2022,Saints,,chase hansen,placed on ir with knee injury,,,,11/7/2022,
2022,Broncos,,lloyd cushenberry iii,placed on ir with groin injury,,,,11/8/2022,
2022,Falcons,,matt hennessy,placed on ir with knee injury,,,,11/8/2022,
2022,Cardinals,,will hernandez,placed on ir with pectoral muscle injury,,,,11/9/2022,
2022,Chargers,,austin johnson hunter,"placed on ir with sprained mcl, fracture in left knee",,,,11/9/2022,
2022,Lions,,craig reynolds,placed on ir with rib injury,,,,11/9/2022,
2022,Packers,,rashan gary,placed on ir with torn acl in knee (out for season),,,,11/9/2022,
2022,Raiders,,darren waller,placed on ir with hamstring injury,,,,11/10/2022,
2022,Raiders,,hunter renfrow,placed on ir with oblique injury,,,,11/10/2022,
2022,Steelers,,chris boswell,placed on ir with right groin injury,,,,11/10/2022,
2022,49ers,,jason verrett,placed on ir with torn achilles tendon,,,,11/11/2022,
2022,Cardinals,,rodney hudson,placed on ir with knee injury,,,,11/12/2022,
2022,Colts,,darius leonard  shaquille leonard  shaq leonard,"placed on ir with back injury, concussion",,,,11/12/2022,
2022,Packers,,eric stokes jamane,"placed on ir with ankle, knee injuries",,,,11/12/2022,
2022,Saints,,erik mccoy,placed on ir with calf injury,,,,11/12/2022,
2022,Seahawks,,cullen gillaspia,placed on ir with surgery on knee,,,,11/12/2022,
2022,Steelers,,william jackson iii,placed on ir with back injury,,,,11/12/2022,
2022,Titans,,josh thompson b 1998-10-20,placed on ir with knee injury,,,,11/12/2022,
2022,Titans,,zach cunningham,placed on ir with elbow injury,,,,11/12/2022,
2022,Vikings,,cameron dantzler,placed on ir with ankle injury,,,,11/12/2022,
2022,Dolphins,,emmanuel ogbah,placed on ir with torn triceps,,,,11/14/2022,
2022,Eagles,,avonte maddox,placed on ir with hamstring injury,,,,11/14/2022,
2022,Panthers,,donte jackson,placed on ir with torn achilles tendon,,,,11/14/2022,
2022,Bears,,khalil herbert,placed on ir with hip injury,,,,11/15/2022,
2022,Broncos,,billy turner,placed on ir with knee injury,,,,11/15/2022,
2022,Titans,,caleb farley,placed on ir with herniated disc,,,,11/15/2022,
2022,Broncos,,mitchell fraboni,placed on ir with undisclosed injury,,,,11/16/2022,
2022,Chargers,,christian covington,placed on ir with torn pectoral muscle,,,,11/16/2022,
2022,Chargers,,otito ogbonnia,placed on ir with torn patellar tendon in left knee,,,,11/16/2022,
2022,Eagles,,dallas goedert,placed on ir with shoulder injury,,,,11/16/2022,
2022,Eagles,,marlon tuipulotu,placed on ir with knee injury,,,,11/16/2022,
2022,Rams,,alaric jackson  aj jackson,placed on ir with blood clots,,,,11/16/2022,
2022,Rams,,chandler brewer,placed on ir with surgery to repair mcl in knee,,,,11/16/2022,
2022,Bills,,jake kumerow,placed on ir with ankle injury,,,,11/17/2022,
2022,Chiefs,,mecole hardman,placed on ir with abdominal injury,,,,11/17/2022,
2022,Rams,,cooper kupp,placed on ir with surgery on right ankle,,,,11/17/2022,
2022,Titans,,lonnie johnson jr,placed on ir with hamstring injury,,,,11/17/2022,
2022,Lions,,trinity benson,placed on ir with knee injury,,,,11/18/2022,
2022,Patriots,,christian barmore,placed on ir with knee injury,,,,11/18/2022,
2022,Broncos,,jonas griffith,placed on ir with ankle injury,,,,11/19/2022,
2022,Browns,,michael dunn,placed on ir with back injury,,,,11/19/2022,
2022,Commanders,,armani rogers,placed on ir with knee injury,,,,11/19/2022,
2022,Commanders,,jd mckissic,placed on ir with neck injury,,,,11/19/2022,
2022,Patriots,,jake bailey,placed on ir with back injury,,,,11/19/2022,
2022,Falcons,,kyle pitts,placed on ir with torn mcl in right knee,,,,11/21/2022,
2022,Falcons,,ta'quon graham,placed on ir with knee injury,,,,11/21/2022,
2022,Giants,,wan'dale robinson,placed on ir with torn acl in knee,,,,11/21/2022,
2022,Broncos,,chase edmonds,placed on ir with high ankle sprain,,,,11/22/2022,
2022,Browns,,ethan pocic,placed on ir with knee injury,,,,11/22/2022,
2022,Chargers,,dustin hopkins,placed on ir with right hamstring injury,,,,11/22/2022,
2022,Chiefs,,clyde edwards-helaire,placed on ir with ankle injury,,,,11/23/2022,
2022,Commanders,,cole holcomb,placed on ir with foot injury,,,,11/25/2022,
2022,Bills,,christian benford,placed on ir with oblique injury,,,,11/26/2022,
2022,Cardinals,,dj humphries,placed on ir with back injury,,,,11/26/2022,
2022,Cardinals,,zach ertz,placed on ir with knee injury,,,,11/26/2022,
2022,Rams,,a'shawn robinson,placed on ir with knee injury,,,,11/26/2022,
2022,Ravens,,jalyn armour-davis,placed on ir with hip injury,,,,11/26/2022,
2022,Seahawks,,d'wayne eskridge  dee eskridge,placed on ir with fractured hand,,,,11/26/2022,
2022,Lions,,charles harris b 1995-03-06,placed on ir with groin injury,,,,11/28/2022,
2022,Bears,,darnell mooney,placed on ir with ankle injury,,,,11/29/2022,
2022,Bears,,eddie jackson b 1993-12-10,placed on ir with foot injury (out for season),,,,11/29/2022,
2022,Raiders,,anthony averett,placed on ir with toe injury,,,,11/29/2022,
2022,Rams,,allen robinson ii,placed on ir with foot injury (surgery),,,,11/29/2022,
2022,Bears,,dane cruikshank,placed on ir with hamstring injury,,,,11/30/2022,
2022,Vikings,,andrew booth jr,placed on ir with surgery on knee to repair meniscus,,,,11/30/2022,
2022,Bills,,von miller,placed on ir with right knee injury,,,,12/1/2022,
2022,49ers,,elijah mitchell b,placed on ir with knee injury,,,,12/3/2022,
2022,Bears,,trevor siemian,placed on ir with oblique injury,,,,12/3/2022,
2022,Broncos,,kj hamler,placed on ir with hamstring injury,,,,12/3/2022,
2022,Eagles,,chauncey gardner-johnson  cj gardner-johnson,placed on ir with kidney injury,,,,12/3/2022,
2022,Jets,,cedric ogbuehi,"placed on ir with groin injury, illness",,,,12/3/2022,
2022,Lions,,julian okwara,placed on ir with elbow injury,,,,12/3/2022,
2022,Raiders,,lester cotton,placed on ir with calf injury,,,,12/3/2022,
2022,Rams,,matthew stafford,"placed on ir with concussion, neck injury",,,,12/3/2022,
2022,Ravens,,tylan wallace,placed on ir with hamstring injury,,,,12/3/2022,
2022,Steelers,,ahkello witherspoon,placed on ir with oblique injury,,,,12/3/2022,
2022,Dolphins,,austin jackson,placed on ir with ankle injury,,,,12/5/2022,
2022,Titans,,cody hollister,placed on ir with neck injury,,,,12/5/2022,
2022,Browns,,sione takitaki,placed on ir with torn acl in knee,,,,12/6/2022,
2022,Eagles,,robert quinn,placed on ir with knee injury,,,,12/6/2022,
2022,Seahawks,,josh jones b 1994-09-20,placed on ir with hamstring injury,,,,12/6/2022,
2022,Browns,,anthony schwartz,placed on ir with concussion,,,,12/7/2022,
2022,Titans,,elijah molden,placed on ir with groin injury,,,,12/7/2022,
2022,Vikings,,akayleb evans,placed on ir with concussion,,,,12/7/2022,
2022,Vikings,,ben ellefson,placed on ir with groin injury,,,,12/7/2022,
2022,Chargers,,richard rodgers christopher,placed on ir with knee injury,,,,12/10/2022,
2022,Lions,,chase lucas,placed on ir with hamstring injury,,,,12/10/2022,
2022,Ravens,,daryl worley,placed on ir with hamstring injury,,,,12/10/2022,
2022,Titans,,david long jr b 1998-10-12,placed on ir with hamstring injury,,,,12/10/2022,
2022,Vikings,,jonathan bullard,placed on ir with biceps injury,,,,12/10/2022,
2022,Cowboys,,anthony brown shaquille,placed on ir with torn achilles tendon,,,,12/10/2022,
2022,Commanders,,tyler larsen,placed on ir with dislocated kneecap,,,,12/12/2022,
2022,Rams,,jacob harris,placed on ir with torn pectoral muscle,,,,12/12/2022,
2022,Broncos,,mike boone,placed on ir with ankle injury,,,,12/13/2022,
2022,Browns,,jeremiah owusu-koramoah,placed on ir with foot injury,,,,12/13/2022,
2022,Eagles,,arryn siposs,placed on ir with ankle injury,,,,12/13/2022,
2022,Raiders,,jayon brown,placed on ir with hand injury,,,,12/13/2022,
2022,Broncos,,jacob martin  jake martin,placed on ir with knee injury,,,,12/14/2022,
2022,Cardinals,,kyler murray,placed on ir with torn acl in right knee,,,,12/14/2022,
2022,Cardinals,,rondale moore,placed on ir with groin injury,,,,12/14/2022,
2022,Cowboys,,johnathan hankins,placed on ir with strained pectoral muscle,,,,12/14/2022,
2022,Cowboys,,terence steele,"placed on ir with torn acl, mcl in left knee",,,,12/14/2022,
2022,Falcons,,marcus mariota,placed on ir with surgery on knee,,,,12/14/2022,
2022,Saints,,mark ingram ii  mark ingram jr,placed on ir with sprained mcl in knee,,,,12/14/2022,
2022,Steelers,,chris wormley,placed on ir with surgery on knee,,,,12/14/2022,
2022,Vikings,,blake brandel,placed on ir with torn mcl in knee,,,,12/14/2022,
2022,49ers,,hassan ridgeway,placed on ir with pectoral injury,,,,12/15/2022,
2022,Giants,,elerson smith,placed on ir with undisclosed injury,,,,12/15/2022,
2022,Broncos,,dre'mont jones,placed on ir with hip injury,,,,12/17/2022,
2022,Cardinals,,cj board,placed on ir with rib injury,,,,12/17/2022,
2022,Giants,,joshua ezeudu,placed on ir with neck injury,,,,12/17/2022,
2022,Panthers,,brandon smith nathaniel,placed on ir with ankle injury,,,,12/17/2022,
2022,Patriots,,isaiah wynn,placed on ir with foot injury,,,,12/17/2022,
2022,Saints,,zack baun,placed on ir with ankle injury,,,,12/17/2022,
2022,Texans,,dameon pierce,placed on ir with ankle injury,,,,12/17/2022,
2022,Texans,,derek stingley jr,placed on ir with hamstring injury (out for season),,,,12/17/2022,
2022,Texans,,taylor stallworth,placed on ir with calf injury,,,,12/17/2022,
2022,Titans,,dontrell hilliard,placed on ir with neck injury,,,,12/17/2022,
2022,Broncos,,dakota allen,placed on ir with hamstring injury,,,,12/19/2022,
2022,Bears,,jack sanborn,placed on ir with ankle injury,,,,12/20/2022,
2022,Broncos,,darius phillips,placed on ir with hamstring injury,,,,12/20/2022,
2022,Colts,,jonathan taylor,placed on ir with ankle injury,,,,12/20/2022,
2022,Falcons,,caleb huntley,placed on ir with torn achilles tendon,,,,12/20/2022,
2022,Ravens,,devin duvernay,placed on ir with fractured foot (out for season),,,,12/20/2022,
2022,Saints,,cesar ruiz,placed on ir with foot injury,,,,12/20/2022,
2022,Seahawks,,bryan mone,placed on ir with torn acl in left knee,,,,12/20/2022,
2022,Chargers,,joe gaziano,placed on ir with groin injury,,,,12/21/2022,
2022,Titans,,dillon radunz,placed on ir with knee injury,,,,12/21/2022,
2022,Broncos,,tom compton,placed on ir with back injury,,,,12/22/2022,
2022,Saints,,jarvis landry,placed on ir with ankle injury,,,,12/22/2022,
2022,Titans,,ben jones 1989-07-02,placed on ir with concussion,,,,12/22/2022,
2022,Titans,,terrance mitchell,placed on ir with hamstring injury,,,,12/22/2022,
2022,Bears,,jaylon johnson,"placed on ir with finger, ribs injuries (out for season)",,,,12/23/2022,
2022,Bears,,kindle vildor,placed on ir with ankle injury,,,,12/23/2022,
2022,Buccaneers,,genard avery,"placed on ir with abdominal, oblique injuries",,,,12/23/2022,
2022,Chiefs,,jody fortson jr  joe fortson,placed on ir with elbow injury,,,,12/23/2022,
2022,Eagles,,tyree jackson,placed on ir,,,,12/23/2022,
2022,Patriots,,joe cardona,placed on ir with ankle injury,,,,12/23/2022,
2022,Texans,,nico collins,placed on ir with foot injury,,,,12/23/2022,
2022,Titans,,nate davis matthew eugene,placed on ir with ankle injury,,,,12/23/2022,
2022,Cardinals,,byron murphy jr,placed on ir with back injury,,,,12/24/2022,
2022,Rams,,jake gervase,placed on ir with ankle injury,,,,12/24/2022,
2022,Cardinals,,aaron brewer b 1990-07-05,placed on ir with pectoral injury,,,,12/26/2022,
2022,Chargers,,kemon hall,placed on ir with hamstring injury,,,,12/26/2022,
2022,Jaguars,,cam robinson,placed on ir with knee injury,,,,12/26/2022,
2022,Jaguars,,dawuane smoot,placed on ir with torn right achilles tendon,,,,12/26/2022,
2022,Buccaneers,,josh wells,placed on ir with knee injury,,,,12/27/2022,
2022,Dolphins,,myles gaskin,placed on ir with sprained mcl in knee,,,,12/27/2022,
2022,Packers,,dean lowry,placed on ir with calf injury,,,,12/27/2022,
2022,Seahawks,,joey blount,placed on ir with knee injury,,,,12/27/2022,
2022,Seahawks,,will dissly,placed on ir with knee injury,,,,12/27/2022,
2022,Steelers,,marcus allen deshawn,placed on ir with biceps injury,,,,12/27/2022,
2022,Cardinals,,budda baker,placed on ir with fractured shoulder,,,,12/28/2022,
2022,Cardinals,,trysten hill,placed on ir with sprained knee,,,,12/28/2022,
2022,Colts,,isaiah rodgers,placed on ir with knee injury,,,,12/28/2022,
2022,Giants,,shane lemieux,placed on ir with toe injury,,,,12/28/2022,
2022,Raiders,,chandler jones james,placed on ir with elbow injury,,,,12/28/2022,
2022,Raiders,,denzel perryman,placed on ir with shoulder injury,,,,12/28/2022,
2022,Raiders,,rock ya-sin,placed on ir with knee injury,,,,12/29/2022,
2022,Titans,,bud dupree,placed on ir with pectoral injury,,,,12/29/2022,
2022,Titans,,ryan tannehill,placed on ir with ankle injury (surgery),,,,12/29/2022,
2022,Titans,,zach cunningham,placed on ir with elbow injury,,,,12/29/2022,
2022,Bengals,,la'el collins,placed on ir with left knee injury,,,,12/30/2022,
2022,Broncos,,greg dulcich,placed on ir with hamstring injury,,,,12/30/2022,
2022,Commanders,,jonathan bostic  jon bostic b,placed on ir with pectoral injury,,,,12/30/2022,
2022,Broncos,,randy gregory,placed on ir with knee injury,,,,12/31/2022,
2022,Browns,,jordan kunaszyk,placed on ir with hand injury,,,,12/31/2022,
2022,Colts,,yannick ngakoue,placed on ir with surgery on throat,,,,12/31/2022,
2022,Dolphins,,justin zimmer,placed on ir with undisclosed,,,,12/31/2022,
2022,Falcons,,chuma edoga,placed on ir with knee injury,,,,12/31/2022,
2022,Falcons,,jovante moffatt,placed on ir with calf injury,,,,12/31/2022,
2022,Jets,,jeff smith alan,placed on ir with knee injury,,,,12/31/2022,
2022,Patriots,,jack jones b 1997-12-20,placed on ir with knee injury,,,,12/31/2022,
2022,Seahawks,,marquise goodwin,"placed on ir with shoulder, wrist injuries",,,,12/31/2022,
2022,Panthers,,jaycee horn,placed on ir with wrist injury (surgery),,,,1/2/2023,
2022,Titans,,andrew adams,placed on ir with knee injury,,,,1/2/2023,
2022,Broncos,,dalton risner,placed on ir with hyperextended left elbow,,,,1/3/2023,
2022,Broncos,,marlon mack,placed on ir with hamstring injury,,,,1/3/2023,
2022,Vikings,,austin schlottmann,placed on ir with fractured fibula in leg,,,,1/3/2023,
2022,Vikings,,brian o'neill b,"placed on ir with calf, achilles injuries",,,,1/3/2023,
2022,Bears,,josh blackwell,placed on ir with undisclosed,,,,1/4/2023,
2022,Bears,,michael schofield,placed on ir with knee injury,,,,1/4/2023,
2022,Bears,,teven jenkins,placed on ir with neck injury,,,,1/4/2023,
2022,Colts,,kenny moore ii,placed on ir with ankle injury,,,,1/4/2023,
2022,Commanders,,de'jon harris,placed on ir with undisclosed,,,,1/4/2023,
2022,Seahawks,,jordyn brooks,placed on ir with torn acl in right knee,,,,1/4/2023,
2022,Commanders,,antonio gibson b 1998-06-23,"placed on ir with foot, knee injuries",,,,1/5/2023,
2022,Dolphins,,eric fisher,placed on ir with calf injury,,,,1/5/2023,
2022,Bills,,damar hamlin,placed on ir with heart ailment (out for season),,,,1/6/2023,
2022,Cardinals,,chris banjo,placed on ir with concussion,,,,1/6/2023,
2022,Cardinals,,jonathan ledbetter,placed on ir with knee injury,,,,1/6/2023,
2022,Commanders,,benjamin st-juste,placed on ir with ankle injury,,,,1/6/2023,
2022,Commanders,,saahdiq charles,placed on ir with concussion / knee injury (out for season),,,,1/6/2023,
2022,Commanders,,jamin davis,placed on ir with knee injury,,,,1/7/2023,
2022,Eagles,,janarius robinson,placed on ir with ankle injury,,,,1/7/2023,
2022,Eagles,,shaun bradley,placed on ir with wrist injury,,,,1/7/2023,
2022,Jets,,brandin echols,placed on ir with quadriceps injury,,,,1/7/2023,
2022,Jets,,duane brown,placed on ir with shoulder injury,,,,1/7/2023,
2022,Jets,,george fant,placed on ir with knee injury,,,,1/7/2023,
2022,Jets,,lamarcus joyner,placed on ir with hip injury,,,,1/7/2023,
2022,Jets,,nate herbig,placed on ir with calf injury,,,,1/7/2023,
2022,Rams,,nick scott,placed on ir with shoulder injury,,,,1/7/2023,
2022,Seahawks,,travis homer,placed on ir with ankle injury,,,,1/7/2023,
2022,Buccaneers,,anthony chesley,placed on ir with hamstring injury,,,,1/10/2023,
2022,Ravens,,tylan wallace,placed on ir with hamstring injury (out for season),,,,1/14/2023,
2022,Chiefs,,mecole hardman,placed on ir with pelvis injury,,,,2/6/2023,
2023,Falcons,,bj baylor,placed on ir with undisclosed,,,,5/16/2023,
2023,Steelers,,renell wren,placed on ir with undisclosed,,,,5/16/2023,
2023,Jaguars,,jaylon moore b 1997-07-01,placed on ir with undisclosed,,,,5/17/2023,
2023,Texans,,taylor stallworth,placed on ir with hamstring injury,,,,5/18/2023,
2023,Jets,,bradlee anae,placed on ir with undisclosed injury,,,,5/25/2023,
2023,Patriots,,raekwon mcmillan,placed on ir with torn achilles tendon,,,,5/25/2023,
2023,Seahawks,,latrell bumphus,placed on ir with undisclosed injury,,,,6/2/2023,
2023,Bills,,zach davidson,placed on ir with knee injury,,,,6/14/2023,
2023,Colts,,daniel scott,placed on ir with surgery on knee to repair torn acl,,,,6/14/2023,
2023,Falcons,,avery williams b,placed on ir recovering from surgery on knee to repair torn acl,,,,6/16/2023,
2023,Giants,,andre miller  dre miller,placed on ir with undisclosed,,,,6/16/2023,
2023,Browns,,dawson deaton,placed on ir with undisclosed injury,,,,7/11/2023,
2023,Jaguars,,leonard taylor,placed on ir with undisclosed injury,,,,7/11/2023,
2023,Dolphins,,ezekiel vandenburgh  zeke vandenburgh,placed on ir with undisclosed injury,,,,7/18/2023,
2023,Giants,,jarrad davis,placed on ir with knee injury,,,,7/18/2023,
2023,Jets,,chuck clark,placed on ir recovering from torn acl in knee,,,,7/19/2023,
2023,Jets,,diontae spencer,placed on ir with undisclosed injury,,,,7/19/2023,
2023,Giants,,leonard johnson d,placed on ir,,,,7/20/2023,
2023,Cardinals,,matt hembrough,placed on ir with back injury,,,,7/25/2023,
2023,Commanders,,armani rogers,placed on ir with achilles injury,,,,7/25/2023,
2023,Giants,,elerson smith,placed on ir with illness,,,,7/26/2023,
2023,Packers,,jeff cotton,placed on ir with undisclosed injury,,,,7/27/2023,
2023,Panthers,,marquez stevenson,placed on ir with undisclosed injury,,,,7/27/2023,
2023,Raiders,,jordan perryman,placed on ir with undisclosed injury,,,,7/28/2023,
2023,Bills,,cameron dantzler,placed on ir with undisclosed injury,,,,7/29/2023,
2023,Lions,,tom kennedy b 1996-07-29,placed on ir with arm / torso injury,,,,7/29/2023,
2023,Texans,,dylan deatherage,placed on ir with undisclosed injury,,,,7/29/2023,
2023,Giants,,vernon butler,placed on ir with undisclosed injury,,,,7/29/2023,
2023,Bengals,,devin cochran,placed on ir with left knee injury,,,,7/30/2023,
2023,Browns,,thakarius keyes  ty keyes  bopete keyes,placed on ir with finger injury,,,,7/30/2023,
2023,Chiefs,,nazeeh johnson,placed on ir with knee injury,,,,7/30/2023,
2023,Chiefs,,isaiah moore,placed on ir with knee injury,,,,7/31/2023,
2023,Saints,,trai turner,placed on ir with torn quadriceps,,,,7/31/2023,
2023,Giants,,jc hassenauer,placed on ir with triceps injury,,,,8/1/2023,
2023,Texans,,troy hairston,placed on ir with back injury,,,,8/1/2023,
2023,Broncos,,tim patrick,placed on ir with torn right achilles tendon,,,,8/2/2023,
2023,Lions,,shane zylstra,placed on ir with knee injury,,,,8/2/2023,
2023,Saints,,andrew dowell,placed on ir with knee injury,,,,8/2/2023,
2023,Steelers,,cory trice jr,placed on ir with right leg injury,,,,8/2/2023,
2023,49ers,,terrance mitchell,placed on ir with undisclosed injury,,,,8/3/2023,
2023,Broncos,,jonas griffith,placed on ir with torn acl in left knee,,,,8/3/2023,
2023,Commanders,,david bada,placed on ir with torn triceps,,,,8/3/2023,
2023,Dolphins,,bennett williams,placed on ir with undisclosed injury,,,,8/3/2023,
2023,Falcons,,ethan greenidge,placed on ir with leg injury,,,,8/3/2023,
2023,Raiders,,austin walter,placed on ir with undisclosed injury,,,,8/3/2023,
2023,Saints,,scott lashley,placed on ir with undisclosed injury,,,,8/3/2023,
2023,Steelers,,alfonzo graham,placed on ir with undisclosed injury,,,,8/3/2023,
2023,49ers,,darryl johnson jr,placed on ir with undisclosed,,,,8/4/2023,
2023,Falcons,,chris blair,placed on ir with undisclosed injury,,,,8/4/2023,
2023,Falcons,,feleipe franks,placed on ir with undisclosed injury,,,,8/4/2023,
2023,Falcons,,ikenna enechukwu,placed on ir with undisclosed injury,,,,8/4/2023,
2023,Giants,,jeff smith alan,placed on ir with knee injury,,,,8/4/2023,
2023,Patriots,,terez hall,placed on ir with undisclosed injury,,,,8/4/2023,
2023,Texans,,scott quessenberry,"placed on ir with with torn acl, mcl in left knee",,,,8/4/2023,
2023,Browns,,daylen baldwin,placed on ir with hamstring injury,,,,8/5/2023,
2023,Browns,,thomas graham jr,placed on ir with ankle injury,,,,8/5/2023,
2023,Colts,,ethan fernea,placed on ir with undisclosed injury,,,,8/5/2023,
2023,Colts,,jake witt,placed on ir with hip injury,,,,8/5/2023,
2023,Dolphins,,john lovett b 1996-04-25,placed on ir with undisclosed injury,,,,8/5/2023,
2023,Lions,,jarren williams,placed on ir with undisclosed injury,,,,8/5/2023,
2023,Bears,,chase allen b 1997-07-09,placed on ir with undisclosed injury,,,,8/6/2023,
2023,Broncos,,yasir durant,placed on ir with undisclosed injury,,,,8/6/2023,
2023,Saints,,eno benjamin,placed on ir with torn achilles tendon,,,,8/6/2023,
2023,Texans,,dj scaife jr,placed on ir with right leg injury,,,,8/6/2023,
2023,Vikings,,james lynch,placed on ir with torn acl in knee,,,,8/6/2023,
2023,Bengals,,devonnsha maxwell,placed on ir with right knee injury,,,,8/7/2023,
2023,Commanders,,troy apke,placed on ir with shoulder injury,,,,8/7/2023,
2023,Eagles,,charleston rambo,placed on ir with undisclosed injury,,,,8/7/2023,
2023,Jets,,hamsah nasirildeen,placed on ir with neck injury,,,,8/7/2023,
2023,Jets,,maalik hall,placed on ir with undisclosed injury,,,,8/7/2023,
2023,Texans,,greg little,placed on ir with undisclosed injury,,,,8/7/2023,
2023,Commanders,,curtis brooks,placed on ir with undisclosed injury,,,,8/8/2023,
2023,Jets,,chris streveler,placed on ir with thumb injury,,,,8/8/2023,
2023,Texans,,jesse matthews,placed on ir with torn acl in knee,,,,8/8/2023,
2023,Bears,,jake tonges,placed on ir with undisclosed injury,,,,8/9/2023,
2023,Cardinals,,marlon mack,placed on ir with torn left achilles tendon,,,,8/9/2023,
2023,Jets,,yodny cajuste,placed on ir with undisclosed injury,,,,8/9/2023,
2023,Panthers,,jalen redmond,placed on ir with undisclosed injury,,,,8/9/2023,
2023,Seahawks,,andrew whitaker,placed on ir with undisclosed injury,,,,8/9/2023,
2023,Steelers,,ja'marcus bradley,placed on ir with undisclosed injury,,,,8/9/2023,
2023,Chargers,,nicolas melsop  nicholas melsop  nic melsop,placed on ir with undisclosed injury,,,,8/10/2023,
2023,Saints,,koda martin,placed on ir,,,,8/10/2023,
2023,Seahawks,,joshua onujiogu  josh onujiogu,placed on ir with undisclosed injury,,,,8/10/2023,
2023,49ers,,anthony averett,placed on ir with undisclosed injury,,,,8/11/2023,
2023,Colts,,la'michael pettway,placed on ir with undisclosed injury,,,,8/11/2023,
2023,Colts,,michael tutsie,placed on ir with undisclosed injury,,,,8/11/2023,
2023,49ers,,daelin hayes,placed on ir with undisclosed injury,,,,8/13/2023,
2023,Browns,,bubba bolden,placed on ir with hamstring injury,,,,8/13/2023,
2023,Browns,,jacob phillips,placed on ir with torn pectoral muscle,,,,8/13/2023,
2023,Raiders,,dj turner b 1997-01-18,placed on ir with undisclosed injury,,,,8/13/2023,
2023,Raiders,,darius harris,placed on ir with undisclosed injury,,,,8/13/2023,
2023,Cardinals,,rashad fenton,placed on ir with undisclosed injury,,,,8/14/2023,
2023,Dolphins,,freddie swain,placed on ir with hamstring injury,,,,8/14/2023,
2023,Dolphins,,mark gilbert,placed on ir with undisclosed injury,,,,8/14/2023,
2023,Eagles,,shaun bradley,placed on ir with torn right achilles tendon,,,,8/14/2023,
2023,Jaguars,,henry mondeaux,placed on ir with undisclosed injury,,,,8/14/2023,
2023,Jets,,ifeadi odenigbo,placed on ir with undisclosed injury,,,,8/14/2023,
2023,Steelers,,chapelle russell,placed on ir with knee injury,,,,8/14/2023,
2023,Steelers,,duke dawson,placed on ir with left knee injury,,,,8/14/2023,
2023,Titans,,shakel brown,placed on ir with ankle injury,,,,8/14/2023,
2023,Chiefs,,jody fortson jr  joe fortson,placed on ir with shoulder injury,,,,8/15/2023,
2023,Falcons,,adetokunbo ogundeji  ade ogundeji,placed on ir with foot injury,,,,8/15/2023,
2023,Falcons,,frank darby,placed on ir,,,,8/15/2023,
2023,Lions,,trey quinn,placed on ir,,,,8/15/2023,
2023,Raiders,,brandon parker,placed on ir with triceps injury,,,,8/15/2023,
2023,Vikings,,william kwenkeu,placed on ir with undisclosed injury,,,,8/15/2023,
2023,Broncos,,elliott fry,placed on ir with undisclosed injury,,,,8/16/2023,
2023,Chiefs,,anthony witherstone,placed on ir with toe injury,,,,8/16/2023,
2023,Falcons,,matt hennessy,placed on ir with knee/leg injury,,,,8/16/2023,
2023,Giants,,devery hamilton,placed on ir with calf injury,,,,8/16/2023,
2023,Panthers,,damiere byrd,placed on ir with hamstring injury,,,,8/16/2023,
2023,Broncos,,forrest merrill,placed on ir with undisclosed injury,,,,8/17/2023,
2023,Chargers,,kemon hall,placed on ir with undisclosed injury,,,,8/17/2023,
2023,Colts,,ashton dulin,placed on ir with torn acl in knee,,,,8/17/2023,
2023,Giants,,troy brown a,placed on ir with undisclosed injury,,,,8/17/2023,
2023,Jets,,javelin guidry jr,placed on ir with undisclosed injury,,,,8/17/2023,
2023,Bears,,buddy johnson,placed on ir with undisclosed injury,,,,8/18/2023,
2023,Colts,,genard avery,placed on ir with surgery on knee,,,,8/18/2023,
2023,Colts,,malik turner,placed on ir with undisclosed injury,,,,8/18/2023,
2023,Seahawks,,ra'shaun henry,placed on ir with undisclosed injury,,,,8/18/2023,
2023,49ers,,taco charlton,placed on ir with hamstring injury,,,,8/19/2023,
2023,Lions,,denzel mims,placed on ir with undisclosed injury,,,,8/19/2023,
2023,Ravens,,jordan swann,placed on ir,,,,8/19/2023,
2023,Buccaneers,,russell gage,placed on ir with torn patellar tendon in right knee,,,,8/20/2023,
2023,Eagles,,noah elliss,placed on ir with undisclosed injury,,,,8/20/2023,
2023,Eagles,,tyrie cleveland,"placed on ir with concussion, neck injury",,,,8/20/2023,
2023,Eagles,,zech mcphearson,placed on ir with torn right achilles tendon,,,,8/20/2023,
2023,Bears,,adrian colbert,placed on ir with undisclosed injury,,,,8/21/2023,
2023,Bills,,shane ray,placed on ir with hamstring injury,,,,8/21/2023,
2023,Lions,,mohamed ibrahim,placed on ir with undisclosed injury,,,,8/21/2023,
2023,Packers,,tyler davis,placed on ir with torn acl in right knee,,,,8/21/2023,
2023,Bears,,jared pinkney,placed on ir with undisclosed injury,,,,8/22/2023,
2023,Broncos,,jalen virgil,placed on ir with torn meniscus in right knee,,,,8/22/2023,
2023,Dolphins,,tino ellis,placed on ir with undisclosed injury,,,,8/22/2023,
2023,Raiders,,darien butler,placed on ir with undisclosed injury,,,,8/22/2023,
2023,Steelers,,cody white b 1998-11-28,placed on ir with undisclosed injury,,,,8/22/2023,
2023,Steelers,,hakeem butler,placed on ir with undisclosed injury,,,,8/22/2023,
2023,Texans,,alex bachman,placed on ir with undisclosed injury,,,,8/22/2023,
2023,Cardinals,,lachavious simmons,placed on ir with undisclosed injury,,,,8/23/2023,
2023,Chargers,,andrew trainer,placed on ir with undisclosed injury,,,,8/23/2023,
2023,Packers,,jake hanson,placed on ir with undisclosed injury,,,,8/23/2023,
2023,Patriots,,tre nixon,placed on ir with undisclosed injury,,,,8/23/2023,
2023,Texans,,kilian zierer,placed on ir with ankle injury,,,,8/24/2023,
2023,Texans,,tyree gillespie,placed on ir with undisclosed injury,,,,8/24/2023,
2023,Bears,,dante pettis,placed on ir with undisclosed injury,,,,8/25/2023,
2023,Dolphins,,myles dorn,placed on ir with undisclosed injury,,,,8/25/2023,
2023,Eagles,,roderick johnson,placed on ir with undisclosed injury,,,,8/26/2023,
2023,Browns,,jakeem grant,placed on ir with torn patellar tendon in right knee,,,,8/27/2023,
2023,Buccaneers,,ryan jensen,placed on ir with left knee injury,,,,8/27/2023,
2023,Giants,,bryce ford-wheaton,placed on ir with torn acl in knee,,,,8/27/2023,
2023,Raiders,,brittain brown,placed on ir with undisclosed injury,,,,8/27/2023,
2023,Raiders,,isaiah zuber,placed on ir with undisclosed injury,,,,8/27/2023,
2023,Raiders,,jacob hollister,placed on ir with undisclosed injury,,,,8/27/2023,
2023,Cardinals,,pat elflein,placed on ir with hip injury,,,,8/28/2023,
2023,Commanders,,braeden daniels,placed on ir with shoulder injury,,,,8/28/2023,
2023,Giants,,chris myarick,placed on ir with hand injury,,,,8/28/2023,
2023,Jets,,jimmy moreland,placed on ir with hand injury,,,,8/28/2023,
2023,Titans,,hassan haskins,placed on ir with upper body injury,,,,8/28/2023,
2023,49ers,,aj parker,placed on ir with hamstring injury,,,,8/29/2023,
2023,49ers,,cameron latu,placed on ir with torn meniscus in knee,,,,8/29/2023,
2023,49ers,,tayler hawkins,placed on ir with fractured hand,,,,8/29/2023,
2023,49ers,,zane gonzalez,placed on ir with calf injury,,,,8/29/2023,
2023,Bears,,isaiah ford,placed on ir with undisclosed,,,,8/29/2023,
2023,Bengals,,marvell tell iii,placed on ir with concussion,,,,8/29/2023,
2023,Bengals,,tautala pesefea jr,placed on ir with elbow injury,,,,8/29/2023,
2023,Bills,,matt barkley,placed on ir with elbow injury,,,,8/29/2023,
2023,Cardinals,,jon gaines ii,placed on ir with knee injury,,,,8/29/2023,
2023,Colts,,danny pinter,placed on ir with fractured left ankle,,,,8/29/2023,
2023,Colts,,jojo domann,placed on ir with undisclosed,,,,8/29/2023,
2023,Colts,,ricky seals-jones,placed on ir with undisclosed,,,,8/29/2023,
2023,Colts,,titus leo,placed on ir with undisclosed,,,,8/29/2023,
2023,Commanders,,brandon dillon,placed on ir with undisclosed,,,,8/29/2023,
2023,Commanders,,jonathan williams b 1994-02-02,placed on ir with undisclosed,,,,8/29/2023,
2023,Commanders,,kaden smith,placed on ir with undisclosed,,,,8/29/2023,
2023,Commanders,,kyric mcgowan,placed on ir with undisclosed,,,,8/29/2023,
2023,Cowboys,,david durden,placed on ir with torn acl in left knee,,,,8/29/2023,
2023,Cowboys,,demarvion overshown,placed on ir with torn acl in left knee,,,,8/29/2023,
2023,Cowboys,,john stephens jr,placed on ir with torn acl in left knee,,,,8/29/2023,
2023,Cowboys,,josh ball,placed on ir with groin/hip injury,,,,8/29/2023,
2023,Dolphins,,eric saubert,placed on ir with undisclosed,,,,8/29/2023,
2023,Dolphins,,keion crossen,placed on ir with shoulder injury,,,,8/29/2023,
2023,Falcons,,cornell armstrong,placed on ir with undisclosed,,,,8/29/2023,
2023,Falcons,,penny hart,placed on ir with undisclosed,,,,8/29/2023,
2023,Jaguars,,josh wells,placed on ir with abdominal injury,,,,8/29/2023,
2023,Jaguars,,ventrell miller,placed on ir with torn right achilles tendon (out for season),,,,8/29/2023,
2023,Lions,,nate sudfeld,placed on ir with torn acl in left knee,,,,8/29/2023,
2023,Packers,,tarvarius moore,placed on ir with with knee injury,,,,8/29/2023,
2023,Panthers,,henry anderson wyatt,placed on ir with foot injury,,,,8/29/2023,
2023,Patriots,,conor mcdermott,placed on ir with undisclosed,,,,8/29/2023,
2023,Patriots,,isaiah bolden,placed on ir with concussion,,,,8/29/2023,
2023,Raiders,,dalton wagner,placed on ir with undisclosed,,,,8/29/2023,
2023,Texans,,kenyon green,placed on ir with shoulder injury,,,,8/29/2023,
2023,Bears,,gabe houy,placed on ir with leg injury,,,,8/30/2023,
2023,Bears,,joe reed,placed on ir with undisclosed,,,,8/30/2023,
2023,Bears,,trestan ebner,placed on ir with concussion,,,,8/30/2023,
2023,Broncos,,christopher allen,placed on ir with groin injury,,,,8/30/2023,
2023,Browns,,anthony schwartz,placed on ir with hamstring injury,,,,8/30/2023,
2023,Buccaneers,,dominique dafney,placed on ir with undisclosed,,,,8/30/2023,
2023,Buccaneers,,don gardner  donnie gardner,placed on ir with undisclosed,,,,8/30/2023,
2023,Buccaneers,,kedrick whitehead,placed on ir with undisclosed,,,,8/30/2023,
2023,Cardinals,,kyler mcmichael,placed on ir with undisclosed,,,,8/30/2023,
2023,Chargers,,amechi uzodinma ii,placed on ir with undisclosed,,,,8/30/2023,
2023,Chargers,,blake lynch,placed on ir with undisclosed,,,,8/30/2023,
2023,Chargers,,darrius shepherd,placed on ir with undisclosed,,,,8/30/2023,
2023,Chargers,,milton wright,placed on ir with undisclosed,,,,8/30/2023,
2023,Chiefs,,jerome carvin,placed on ir with undisclosed,,,,8/30/2023,
2023,Chiefs,,nikko remigio,placed on ir with undisclosed,,,,8/30/2023,
2023,Chiefs,,olakunle fatukasi,placed on ir with undisclosed,,,,8/30/2023,
2023,Eagles,,trey sermon,placed on ir with undisclosed,,,,8/30/2023,
2023,Giants,,jack anderson b,placed on ir with undisclosed,,,,8/30/2023,
2023,Giants,,wyatt davis,placed on ir with undisclosed,,,,8/30/2023,
2023,Giants,,zyon gilbert,placed on ir with undisclosed,,,,8/30/2023,
2023,Jaguars,,jaray jenkins,placed on ir with surgery on foot,,,,8/30/2023,
2023,Lions,,jermar jefferson,placed on ir,,,,8/30/2023,
2023,Packers,,broughton hatcher  br hatcher,placed on ir with undisclosed,,,,8/30/2023,
2023,Packers,,lew nichols iii,placed on ir with shoulder injury,,,,8/30/2023,
2023,Packers,,tyler goodson,placed on ir with shoulder injury,,,,8/30/2023,
2023,Panthers,,mac mccain iii,placed on ir with undisclosed,,,,8/30/2023,
2023,Patriots,,diego fagot,placed on ir with undisclosed,,,,8/30/2023,
2023,Raiders,,chris lacy b 1996-01-28,placed on ir with undisclosed,,,,8/30/2023,
2023,Rams,,deandre square,placed on ir with undisclosed,,,,8/30/2023,
2023,Rams,,rashad torrence ii,placed on ir with undisclosed,,,,8/30/2023,
2023,Rams,,ryan smenda jr,placed on ir with undisclosed,,,,8/30/2023,
2023,Seahawks,,joey blount,placed on ir with undisclosed,,,,8/30/2023,
2023,Seahawks,,vi jones b 1998-05-05,placed on ir with undisclosed,,,,8/30/2023,
2023,Texans,,keaton sutherland,placed on ir with undisclosed,,,,8/30/2023,
2023,Texans,,roy lopez,placed on ir with hamstring injury,,,,8/30/2023,
2023,Titans,,alize mack,placed on ir with undisclosed,,,,8/30/2023,
2023,Titans,,tyler shelvin,placed on ir with undisclosed,,,,8/30/2023,
2023,Vikings,,abraham beauplan,placed on ir with undisclosed,,,,8/30/2023,
2023,Vikings,,tay gowan,placed on ir with undisclosed,,,,8/30/2023,
2023,Chargers,,matt kaskey,placed on ir with undisclosed,,,,8/30/2023,
2023,Seahawks,,jonathan sutherland,placed on ir with undisclosed,,,,8/30/2023,
2023,Titans,,jonathan ward,placed on ir with undisclosed,,,,8/30/2023,
2023,Titans,,josh thompson b 1998-10-20,placed on ir with undisclosed,,,,8/30/2023,
2023,49ers,,danny gray,placed on ir with sprained shoulder,,,,8/31/2023,
2023,49ers,,robert beal jr,placed on ir with hamstring injury,,,,8/31/2023,
2023,Bears,,doug kramer,placed on ir with undisclosed injury,,,,8/31/2023,
2023,Bears,,teven jenkins,placed on ir with leg injury,,,,8/31/2023,
2023,Bills,,baylon spector,placed on ir with hamstring injury,,,,8/31/2023,
2023,Bills,,justin shorter,placed on ir with hamstring injury,,,,8/31/2023,
2023,Broncos,,alex palczewski,placed on ir with hand injury,,,,8/31/2023,
2023,Broncos,,k'waun williams,placed on ir with surgery on left ankle,,,,8/31/2023,
2023,Broncos,,pj locke,placed on ir with leg injury,,,,8/31/2023,
2023,Browns,,jordan kunaszyk,placed on ir with torn mcl in knee,,,,8/31/2023,
2023,Cardinals,,dennis daley,placed on ir with ankle injury,,,,8/31/2023,
2023,Cardinals,,myjai sanders,placed on ir with hand injury,,,,8/31/2023,
2023,Colts,,jelani woods,placed on ir with hamstring injury,,,,8/31/2023,
2023,Commanders,,efe obada,placed on ir with undisclosed injury,,,,8/31/2023,
2023,Commanders,,phidarian mathis,placed on ir with calf injury,,,,8/31/2023,
2023,Cowboys,,matt waletzko,placed on ir with shoulder injury,,,,8/31/2023,
2023,Cowboys,,nahshon wright,placed on ir with high ankle sprain,,,,8/31/2023,
2023,Dolphins,,jalen ramsey,placed on ir recovering from surgery on left knee to repair torn meniscus,,,,8/31/2023,
2023,Dolphins,,jeff wilson jr,placed on ir with various injuries,,,,8/31/2023,
2023,Dolphins,,robert jones e,placed on ir with sprained mcl in knee,,,,8/31/2023,
2023,Jaguars,,cooper hodges,placed on ir with patellar tendon injury in knee,,,,8/31/2023,
2023,Jaguars,,davon hamilton,placed on ir with back injury,,,,8/31/2023,
2023,Jets,,carter warren,placed on ir with torn meniscus in knee,,,,8/31/2023,
2023,Jets,,kenny yeboah,placed on ir with hamstring injury,,,,8/31/2023,
2023,Lions,,julian okwara,placed on ir with undisclosed injury,,,,8/31/2023,
2023,Packers,,luke tenuta,placed on ir with ankle injury,,,,8/31/2023,
2023,Panthers,,stephen sullivan,placed on ir with hip injury,,,,8/31/2023,
2023,Patriots,,tyquan thornton,placed on ir with shoulder injury,,,,8/31/2023,
2023,Ravens,,damarion williams,placed on ir with ankle injury,,,,8/31/2023,
2023,Ravens,,keaton mitchell,placed on ir with shoulder injury,,,,8/31/2023,
2023,Ravens,,malik hamm,placed on ir with undisclosed injury,,,,8/31/2023,
2023,Texans,,cameron johnston,placed on ir with calf injury,,,,8/31/2023,
2023,Texans,,juice scruggs,placed on ir with hamstring injury,,,,8/31/2023,
2023,Titans,,kyle philips,placed on ir with mcl injury in knee,,,,8/31/2023,
2023,Vikings,,kene nwangwu,placed on ir with leg injury,,,,8/31/2023,
2023,Rams,,ochaun mathis,placed on ir with knee injury,,,,9/1/2023,
2023,Panthers,,marquis haynes,placed on ir with back injury,,,,9/4/2023,
2023,Patriots,,riley reiff,placed on ir with knee injury,,,,9/4/2023,
2023,Seahawks,,dareke young,placed on ir with abductor injury in hip,,,,9/4/2023,
2023,Rams,,shaun jolly,placed on ir with undisclosed injury,,,,9/6/2023,
2023,Texans,,tytus howard,placed on ir with surgery on hand to repair fracture,,,,9/6/2023,
2023,Commanders,,dax milne,placed on ir with groin injury,,,,9/8/2023,
2023,Raiders,,brandon facyson,placed on ir with shin injury,,,,9/8/2023,
2023,Patriots,,jack jones b 1997-12-20,placed on ir with hamstring injury,,,,9/9/2023,
2023,Rams,,cooper kupp,placed on ir with hamstring injury,,,,9/9/2023,
2023,Rams,,hunter long,placed on ir with thigh injury,,,,9/9/2023,
2023,Saints,,tre'quan smith,placed on ir with groin injury,,,,9/9/2023,
2023,Seahawks,,kenny mcintosh,placed on ir with sprained knee,,,,9/9/2023,
2023,Browns,,jack conklin,"placed on ir with torn acl, mcl in left knee",,,,9/12/2023,
2023,Eagles,,nakobe dean,placed on ir with right foot injury,,,,9/12/2023,
2023,Jets,,aaron rodgers,placed on ir with torn left achilles tendon,,,,9/12/2023,
2023,Ravens,,jk dobbins,placed on ir with torn left achilles tendon,,,,9/12/2023,
2023,Broncos,,caden sterns,placed on ir with knee injury,,,,9/13/2023,
2023,Colts,,evan hull,placed on ir with knee injury,,,,9/13/2023,
2023,Panthers,,brady christensen,placed on ir with biceps injury,,,,9/13/2023,
2023,Saints,,payton turner,placed on ir with surgery on toe,,,,9/13/2023,
2023,Seahawks,,abraham lucas,placed on ir with knee injury,,,,9/13/2023,
2023,Texans,,hassan ridgeway,placed on ir with calf injury,,,,9/13/2023,
2023,Texans,,noah brown,placed on ir with groin injury,,,,9/13/2023,
2023,Bears,,kyler gordon,placed on ir with hand injury,,,,9/14/2023,
2023,Steelers,,cameron heyward  cam heyward,placed on ir with surgery on groin,,,,9/14/2023,
2023,Panthers,,jaycee horn,placed on ir with hamstring injury,,,,9/15/2023,
2023,Rams,,jason taylor ii,placed on ir with groin injury,,,,9/15/2023,
2023,49ers,,samuel womack,placed on ir with mcl injury in knee,,,,9/16/2023,
2023,Broncos,,greg dulcich,placed on ir with hamstring injury,,,,9/16/2023,
2023,Cardinals,,lj collier,placed on ir with biceps injury,,,,9/16/2023,
2023,Jaguars,,gregory junior,placed on ir with hamstring injury,,,,9/16/2023,
2023,Lions,,joshua paschal  josh paschal,placed on ir with knee injury,,,,9/16/2023,
2023,Lions,,khalil dorsey,placed on ir with illness,,,,9/16/2023,
2023,Cardinals,,budda baker,placed on ir with hamstring injury,,,,9/18/2023,
2023,Steelers,,anthony mcfarland jr,placed on ir with knee injury,,,,9/18/2023,
2023,Steelers,,diontae johnson,placed on ir with hamstring injury,,,,9/18/2023,
2023,Lions,,chauncey gardner-johnson  cj gardner-johnson,placed on ir with pectoral muscle injury,,,,9/19/2023,
2023,Lions,,james houston,placed on ir with fractured ankle,,,,9/19/2023,
2023,Panthers,,shaq thompson,placed on ir with fractured fibula in right leg,,,,9/19/2023,
2023,Ravens,,ar'darius washington,placed on ir with chest injury,,,,9/19/2023,
2023,Vikings,,olisaemeka udoh  oli udoh,placed on ir with torn quadriceps tendon,,,,9/19/2023,
2023,Bears,,braxton jones,placed on ir with neck injury,,,,9/20/2023,
2023,Browns,,nick chubb,placed on ir with left knee injury,,,,9/20/2023,
2023,Buccaneers,,chase edmonds,placed on ir with sprained mcl in knee,,,,9/20/2023,
2023,Eagles,,avonte maddox,placed on ir with torn pectoral muscle,,,,9/20/2023,
2023,Seahawks,,mike morris jr,placed on ir with shoulder injury,,,,9/20/2023,
2023,Vikings,,jalen nailor,placed on ir with hamstring injury,,,,9/21/2023,
2023,Patriots,,marcus jones jr,placed on ir with torn labrum in shoulder,,,,9/22/2023,
2023,Titans,,kearis jackson,placed on ir with ankle injury,,,,9/22/2023,
2023,Titans,,hassan haskins,placed on ir with undisclosed injury,,,,9/22/2023,
2023,Bears,,khalid kareem,placed on ir with hip injury,,,,9/23/2023,
2023,Cardinals,,carlos watkins,placed on ir with biceps injury,,,,9/23/2023,
2023,Chiefs,,richie james,placed on ir with knee injury,,,,9/23/2023,
2023,Cowboys,,trevon diggs,placed on ir with torn acl in left knee,,,,9/23/2023,
2023,Jets,,duane brown,"placed on ir with various injuries / shoulder, hip injuries",,,,9/23/2023,
2023,Saints,,jamaal williams,placed on ir with hamstring injury,,,,9/23/2023,
2023,Texans,,derek stingley jr,placed on ir with hamstring injury,,,,9/23/2023,
2023,Ravens,,tylan wallace,placed on ir with hamstring injury,,,,9/25/2023,
2023,Jaguars,,leonard taylor,placed on ir with undisclosed injury,,,,9/25/2023,
2023,Chargers,,mike williams k,placed on ir with torn acl in left knee,,,,9/26/2023,
2023,Falcons,,troy andersen,placed on ir with shoulder injury / pectoral injury,,,,9/26/2023,
2023,Patriots,,daniel ekuale,placed on ir with torn biceps,,,,9/26/2023,
2023,Titans,,julius chestnut,placed on ir with hamstring injury,,,,9/26/2023,
2023,Titans,,mike brown b 1999-04-07,placed on ir with undisclosed injury,,,,9/26/2023,
2023,Chiefs,,prince tega wanogho  prince wanogho,placed on ir with torn quadriceps,,,,9/27/2023,
2023,Lions,,matt nelson,placed on ir with ankle injury,,,,9/28/2023,
2023,Packers,,david bakhtiari,placed on ir with left knee injury,,,,9/28/2023,
2023,Bears,,josh blackwell,placed on ir with hamstring injury,,,,9/29/2023,
2023,Bengals,,charlie jones b 1998-10-29,placed on ir with thumb injury,,,,9/29/2023,
2023,Dolphins,,river cracraft,placed on ir with shoulder injury,,,,9/29/2023,
2023,Raiders,,curtis bolton,placed on ir with knee injury,,,,9/30/2023,
2023,Ravens,,david ojabo,"placed on ir with ankle, knee injuries / various injuries",,,,9/30/2023,
2023,Colts,,dallis flowers,placed on ir with torn achilles tendon,,,,10/4/2023,
2023,Falcons,,josh ali,placed on ir with ankle injury,,,,10/4/2023,
2023,Texans,,kendrick green,placed on ir with torn meniscus in right knee,,,,10/4/2023,
2023,Dolphins,,terron armstead,placed on ir with knee injury,,,,10/6/2023,
2023,Bills,,tre'davious white,placed on ir with torn right achilles tendon,,,,10/7/2023,
2023,Eagles,,cam jurgens,placed on ir with foot injury,,,,10/7/2023,
2023,Jaguars,,parker washington,placed on ir with knee injury,,,,10/7/2023,
2023,Lions,,jason cabinda,placed on ir with knee injury,,,,10/7/2023,
2023,Patriots,,christian gonzalez,placed on ir recovering from surgery on right shoulder to repair labrum,,,,10/7/2023,
2023,Ravens,,daryl worley,placed on ir with shoulder injury,,,,10/7/2023,
2023,Cardinals,,james conner,placed on ir with knee injury,,,,10/10/2023,
2023,Commanders,,darrick forrest,placed on ir with fractured shoulder,,,,10/10/2023,
2023,Commanders,,jeremy reaves,placed on ir with partially torn acl in knee,,,,10/10/2023,
2023,Rams,,bobby brown iii,placed on ir with sprained mcl in knee,,,,10/10/2023,
2023,Bills,,daquan jones,placed on ir with torn pectoral muscle,,,,10/11/2023,
2023,Bills,,matt milano,"placed on ir with fractured right leg, knee",,,,10/11/2023,
2023,Colts,,anthony richardson,placed on ir with sprained ac joint in right shoulder,,,,10/11/2023,
2023,Dolphins,,de'von achane,placed on ir with knee injury,,,,10/11/2023,
2023,Jets,,alijah vera-tucker,placed on ir with torn achilles tendon,,,,10/11/2023,
2023,Vikings,,justin jefferson,placed on ir with right hamstring injury,,,,10/11/2023,
2023,Vikings,,nick mullens,placed on ir with back injury,,,,10/11/2023,
2023,Cowboys,,peyton hendershot,placed on ir with ankle injury,,,,10/12/2023,
2023,Bears,,equanimeous st brown,placed on ir with hamstring injury,,,,10/13/2023,
2023,Bears,,khalil herbert,placed on ir with ankle injury,,,,10/13/2023,
2023,Eagles,,justin evans b 1995-08-26,placed on ir with knee injury,,,,10/13/2023,
2023,Eagles,,quez watkins,placed on ir with hamstring injury,,,,10/14/2023,
2023,Giants,,azeez ojulari,placed on ir with ankle injury,,,,10/14/2023,
2023,Jaguars,,christian braswell,placed on ir with hamstring injury (out for season),,,,10/14/2023,
2023,Jets,,justin hardee,placed on ir recovering from surgery on hamstring,,,,10/14/2023,
2023,Lions,,emmanuel moseley,placed on ir with torn acl in right knee,,,,10/14/2023,
2023,Lions,,zonovan knight  bam knight,placed on ir with shoulder injury,,,,10/14/2023,
2023,Panthers,,ian thomas c,placed on ir with calf injury,,,,10/14/2023,
2023,Patriots,,matthew judon  matt judon,placed on ir with biceps/elbow injury,,,,10/14/2023,
2023,Patriots,,tyrone wheatley jr,placed on ir with knee injury,,,,10/14/2023,
2023,Saints,,adam prentice,placed on ir with knee injury,,,,10/14/2023,
2023,Seahawks,,coby bryant,placed on ir with toe injury,,,,10/14/2023,
2023,Cowboys,,cj goodwin,placed on ir with torn pectoral muscle,,,,10/16/2023,
2023,Cowboys,,leighton vander esch,"placed on ir with concussion, neck injury",,,,10/16/2023,
2023,Browns,,michael dunn,placed on ir with calf injury,,,,10/17/2023,
2023,Giants,,joshua ezeudu,placed on ir with right toe injury,,,,10/17/2023,
2023,Chargers,,raheem layne,placed on ir with torn acl in knee,,,,10/18/2023,
2023,Raiders,,roderic teamer,placed on ir with hamstring injury,,,,10/18/2023,
2023,Rams,,ronnie rivers,placed on ir with sprained pcl in knee,,,,10/18/2023,
2023,Texans,,eric murray,placed on ir with knee injury,,,,10/18/2023,
2023,Vikings,,marcus davenport,placed on ir with sprained left ankle,,,,10/18/2023,
2023,Giants,,shane lemieux,placed on ir with torn biceps,,,,10/19/2023,
2023,Bills,,damien harris,"placed on ir with concussion, neck injury",,,,10/20/2023,
2023,Dolphins,,christopher brooks  chris brooks b,placed on ir with ankle injury,,,,10/20/2023,
2023,Broncos,,greg dulcich,placed on ir with hamstring injury,,,,10/21/2023,
2023,Patriots,,riley reiff,placed on ir with knee injury,,,,10/21/2023,
2023,Rams,,kyren williams,placed on ir with ankle injury,,,,10/21/2023,
2023,Steelers,,pat freiermuth,placed on ir with hamstring injury,,,,10/21/2023,
2023,Cardinals,,zach ertz,placed on ir with strained quadriceps,,,,10/24/2023,
2023,Dolphins,,isaiah wynn,placed on ir with quadriceps injury,,,,10/24/2023,
2023,Giants,,eric gray,placed on ir with calf injury,,,,10/24/2023,
2023,Giants,,matt peart,placed on ir with shoulder injury,,,,10/24/2023,
2023,Panthers,,giovanni ricci,placed on ir with shoulder injury,,,,10/24/2023,
2023,Panthers,,jeremy chinn,placed on ir with quadriceps injury,,,,10/24/2023,
2023,Panthers,,yetur gross-matos,placed on ir with hamstring injury,,,,10/24/2023,
2023,Packers,,darnell savage,placed on ir with calf injury,,,,10/25/2023,
2023,Packers,,eric stokes jamane,placed on ir with hamstring injury,,,,10/25/2023,
2023,Titans,,taylor stallworth,placed on ir with undisclosed,,,,10/25/2023,
2023,Bills,,dawson knox,placed on ir recovering from surgery on wrist,,,,10/26/2023,
2023,Seahawks,,uchenna nwosu,placed on ir recovering from surgery to repair pectoral injury,,,,10/26/2023,
2023,Bengals,,chase brown b 2000-03-21,placed on ir with hamstring injury,,,,10/28/2023,
2023,Broncos,,brandon johnson b 1998-07-26,placed on ir with hamstring injury,,,,10/28/2023,
2023,Cardinals,,elijah wilkinson,placed on ir with neck injury,,,,10/28/2023,
2023,Chiefs,,nick bolton,placed on ir recovering from surgery on wrist,,,,10/28/2023,
2023,Commanders,,cody barton,placed on ir with ankle injury,,,,10/28/2023,
2023,Commanders,,saahdiq charles,placed on ir with calf injury,,,,10/28/2023,
2023,Giants,,gary brightwell,placed on ir with hamstring injury,,,,10/28/2023,
2023,Raiders,,kana'i mauga,placed on ir with knee injury,,,,10/30/2023,
2023,Falcons,,grady jarrett,placed on ir with torn acl in knee,,,,10/31/2023,
2023,Jets,,al woods joseph,placed on ir with torn achilles tendon,,,,10/31/2023,
2023,Jets,,connor mcgovern b 1993-04-27,placed on ir with dislocated kneecap,,,,10/31/2023,
2023,Jets,,wes schweitzer,placed on ir with calf injury,,,,10/31/2023,
2023,Lions,,scott daly,placed on ir with surgery on knee,,,,10/31/2023,
2023,Patriots,,kendrick bourne,placed on ir with torn acl in right knee,,,,10/31/2023,
2023,Texans,,jarrett patterson,placed on ir with ankle / lower leg injury,,,,10/31/2023,
2023,Texans,,teagan quitoriano,placed on ir with groin injury,,,,10/31/2023,
2023,Vikings,,kirk cousins,placed on ir with torn right achilles tendon,,,,10/31/2023,
2023,Falcons,,lacale london,placed on ir with knee injury,,,,11/1/2023,
2023,Bills,,kaiir elam,placed on ir with ankle injury,,,,11/2/2023,
2023,Bengals,,tycen anderson,placed on ir with left knee injury,,,,11/3/2023,
2023,Giants,,graham gano,placed on ir with surgery on left knee,,,,11/3/2023,
2023,Panthers,,claudin cherelus,placed on ir with knee injury,,,,11/3/2023,
2023,Patriots,,calvin anderson,placed on ir with illness,,,,11/3/2023,
2023,Giants,,darren waller,placed on ir with hamstring injury,,,,11/4/2023,
2023,Giants,,tyrod taylor,placed on ir with rib injury,,,,11/4/2023,
2023,Panthers,,justin houston,placed on ir with hamstring injury,,,,11/4/2023,
2023,Chargers,,joshua palmer  josh palmer,placed on ir with knee injury,,,,11/6/2023,
2023,Seahawks,,drake thomas,placed on ir with knee injury,,,,11/6/2023,
2023,Steelers,,cole holcomb,placed on ir with surgery on knee (out for season),,,,11/6/2023,
2023,Browns,,cameron mitchell,placed on ir with hamstring / shoulder injury,,,,11/7/2023,
2023,Browns,,jedrick wills jr,placed on ir with sprained mcl in knee,,,,11/7/2023,
2023,Cardinals,,bobby price,placed on ir with undisclosed,,,,11/7/2023,
2023,Commanders,,ricky stromberg,placed on ir with knee injury,,,,11/7/2023,
2023,Panthers,,chandler wooten,placed on ir with ankle injury,,,,11/7/2023,
2023,Panthers,,luiji vilain,placed on ir with knee injury,,,,11/7/2023,
2023,Texans,,hassan ridgeway,placed on ir with torn right achilles tendon (out for season),,,,11/7/2023,
2023,Texans,,mj stewart,placed on ir with shoulder injury,,,,11/7/2023,
2023,Giants,,daniel jones,placed on ir with torn acl in right knee,,,,11/8/2023,
2023,Vikings,,cam akers,placed on ir with torn left achilles tendon,,,,11/8/2023,
2023,49ers,,drake jackson,placed on ir with knee injury,,,,11/11/2023,
2023,Texans,,ka'imi fairbairn,placed on ir with quadriceps injury,,,,11/11/2023,
2023,Titans,,nicholas petit-frere,placed on ir with shoulder injury,,,,11/11/2023,
2023,Lions,,halapoulivaati vaitai,placed on ir with back injury,,,,11/14/2023,
2023,Steelers,,kwon alexander,placed on ir with torn left achilles tendon (out for season),,,,11/14/2023,
2023,Vikings,,jordan hicks b 1992-06-27,placed on ir with bruised shin,,,,11/14/2023,
2023,49ers,,nick zakelj,placed on ir with torn biceps,,,,11/15/2023,
2023,Browns,,deshaun watson,placed on ir with fracture in right shoulder,,,,11/15/2023,
2023,Chargers,,chris rumph ii,placed on ir with fractured foot,,,,11/15/2023,
2023,Titans,,chance campbell,placed on ir with undisclosed injury,,,,11/15/2023,
2023,Eagles,,nakobe dean,placed on ir with lisfranc injury in foot (surgery),,,,11/16/2023,
2023,Cowboys,,viliami fehoko jr,placed on ir with knee injury,,,,11/18/2023,
2023,Jaguars,,jamal agnew,"placed on ir with shoulder, ribs injuries / various injuries",,,,11/18/2023,
2023,Steelers,,keanu neal,placed on ir with rib injury,,,,11/18/2023,
2023,Texans,,grayland arnold,placed on ir with calf injury,,,,11/18/2023,
2023,Commanders,,efe obada,placed on ir with fractured right leg,,,,11/20/2023,
2023,Steelers,,elijah riley,placed on ir with ankle injury,,,,11/20/2023,
2023,Vikings,,dean lowry,placed on ir with torn pectoral muscle,,,,11/20/2023,
2023,49ers,,talanoa hufanga,placed on ir with torn acl in right knee,,,,11/21/2023,
2023,Browns,,rodney mcleod jr,placed on ir with torn biceps,,,,11/21/2023,
2023,Cardinals,,kyzir white,placed on ir with torn biceps,,,,11/21/2023,
2023,Cardinals,,leki fotu,placed on ir with hand injury,,,,11/21/2023,
2023,Chargers,,tanner muse,placed on ir with knee injury,,,,11/21/2023,
2023,Dolphins,,salvon ahmed,placed on ir with foot injury,,,,11/21/2023,
2023,Saints,,michael thomas william,placed on ir with knee injury,,,,11/21/2023,
2023,Buccaneers,,rakim jarrett,placed on ir with undisclosed,,,,11/22/2023,
2023,Chargers,,joey bosa,placed on ir with sprained foot,,,,11/22/2023,
2023,Commanders,,de'jon harris,placed on ir with quadriceps injury,,,,11/22/2023,
2023,Packers,,emanuel wilson,placed on ir with shoulder injury,,,,11/22/2023,
2023,Packers,,luke musgrave,placed on ir with lacerated kidney,,,,11/22/2023,
2023,Panthers,,austin corbett,placed on ir with knee injury,,,,11/22/2023,
2023,Panthers,,dicaprio bootle,placed on ir with knee injury,,,,11/22/2023,
2023,Seahawks,,jerrick reed ii,placed on ir with torn acl in knee,,,,11/23/2023,
2023,Bengals,,joe burrow,placed on ir with right wrist injury (surgery),,,,11/25/2023,
2023,Chiefs,,mecole hardman,placed on ir with thumb injury,,,,11/25/2023,
2023,Ravens,,mark andrews,placed on ir recovering from surgery on left ankle,,,,11/25/2023,
2023,Saints,,marshon lattimore,placed on ir with ankle injury,,,,11/25/2023,
2023,Titans,,chris hubbard,placed on ir with biceps injury,,,,11/25/2023,
2023,49ers,,george odum,placed on ir with torn biceps,,,,11/27/2023,
2023,Jaguars,,cam robinson,placed on ir with left knee injury,,,,11/27/2023,
2023,Dolphins,,jaelan phillips,placed on ir with torn right achilles tendon (out for season),,,,11/28/2023,
2023,Rams,,duke shelley,placed on ir with hamstring injury,,,,11/28/2023,
2023,Panthers,,chandler zavala,placed on ir with knee injury,,,,11/29/2023,
2023,Texans,,tytus howard,placed on ir with surgery on knee,,,,11/29/2023,
2023,Panthers,,laviska shenault jr,placed on ir with ankle injury,,,,11/30/2023,
2023,Seahawks,,phil haynes,placed on ir with toe injury,,,,11/30/2023,
2023,Buccaneers,,mike greene b 1999-05-03,placed on ir with calf injury,,,,12/1/2023,
2023,Bengals,,cam taylor-britt,"placed on ir with ankle, quadriceps injuries",,,,12/4/2023,
2023,Lions,,alim mcneill,placed on ir with sprained knee,,,,12/5/2023,
2023,Texans,,nathaniel dell  tank dell,placed on ir with fractured fibula in leg,,,,12/5/2023,
2023,Cowboys,,sean mckeon,placed on ir with ankle injury,,,,12/6/2023,
2023,Jets,,cj uzomah,placed on ir with mcl injury in knee,,,,12/6/2023,
2023,Saints,,malcolm roach,placed on ir with knee injury,,,,12/6/2023,
2023,Saints,,marcus maye,placed on ir with shoulder injury,,,,12/6/2023,
2023,Jaguars,,christian kirk davon,placed on ir with core muscle injury,,,,12/8/2023,
2023,Titans,,joe jones edwin,placed on ir with finger injury,,,,12/8/2023,
2023,Titans,,ryan stonehouse,placed on ir with surgery on knee (out for season),,,,12/8/2023,
2023,49ers,,ray-ray mccloud,placed on ir with rib injury,,,,12/9/2023,
2023,Chargers,,zack bailey,placed on ir with back injury,,,,12/9/2023,
2023,Chiefs,,bryan cook b,placed on ir with ankle injury,,,,12/9/2023,
2023,Dolphins,,jerome baker,placed on ir with knee injury,,,,12/9/2023,
2023,Jets,,wes schweitzer,placed on ir with calf injury,,,,12/9/2023,
2023,Saints,,nick saldiveri,placed on ir with shoulder injury,,,,12/9/2023,
2023,Browns,,dawand jones,placed on ir with surgery on knee (out for season),,,,12/12/2023,
2023,Browns,,maurice hurst jr  maurice hurst ii roy,placed on ir with torn pectoral muscle,,,,12/12/2023,
2023,Raiders,,kana'i mauga,placed on ir with knee injury,,,,12/12/2023,
2023,Rams,,alex ward,placed on ir with stinger in neck,,,,12/12/2023,
2023,Rams,,hunter long,placed on ir with mcl injury in knee (surgery) (out for season),,,,12/12/2023,
2023,Chargers,,justin herbert,placed on ir recovering from surgery to repair fractured right index finger (out for season),,,,12/12/2023,
2023,Bears,,yannick ngakoue,placed on ir with fractured ankle,,,,12/13/2023,
2023,Browns,,grant delpit,placed on ir with groin injury,,,,12/13/2023,
2023,Dolphins,,connor williams,placed on ir with torn acl in left knee (out for season),,,,12/13/2023,
2023,Ravens,,devin duvernay,placed on ir with back injury,,,,12/13/2023,
2023,Titans,,kristian fulton,placed on ir with hamstring injury,,,,12/13/2023,
2023,Titans,,kyle peko,placed on ir with calf injury,,,,12/13/2023,
2023,Commanders,,jamin davis,placed on ir with surgery on shoulder,,,,12/14/2023,
2023,Commanders,,curtis hodges,placed on ir with back injury,,,,12/15/2023,
2023,Panthers,,hayden hurst,placed on ir with concussion,,,,12/15/2023,
2023,Panthers,,justin mccray,placed on ir with calf injury,,,,12/15/2023,
2023,Falcons,,kentavius street,placed on ir with pectoral injury,,,,12/16/2023,
2023,Jets,,zaire barnes,placed on ir with hamstring injury,,,,12/16/2023,
2023,Texans,,tavierre thomas,placed on ir with hamstring injury,,,,12/16/2023,
2023,Bengals,,dj ivey,placed on ir with knee injury,,,,12/18/2023,
2023,Bengals,,dj reader,placed on ir with quadriceps injury,,,,12/18/2023,
2023,Chargers,,will clapp,placed on ir with knee injury,,,,12/18/2023,
2023,Chiefs,,skyy moore,placed on ir with knee injury,,,,12/18/2023,
2023,Patriots,,cole strange,placed on ir with knee injury,,,,12/18/2023,
2023,Jets,,quinton jefferson,placed on ir with hip injury,,,,12/19/2023,
2023,Ravens,,keaton mitchell,placed on ir with torn acl in knee (out for season),,,,12/19/2023,
2023,49ers,,kalia davis,placed on ir with high ankle sprain,,,,12/20/2023,
2023,Cardinals,,geoff swaim,placed on ir with calf injury,,,,12/20/2023,
2023,Cardinals,,josh woods,placed on ir with undisclosed injury,,,,12/20/2023,
2023,Titans,,nick westbrook-ikhine  nick westbrook,placed on ir with undisclosed,,,,12/20/2023,
2023,Bills,,jordan phillips,placed on ir recovering from surgery on wrist,,,,12/21/2023,
2023,Giants,,randy bullock,placed on ir with hamstring injury,,,,12/21/2023,
2023,Titans,,amani hooker,placed on ir with knee injury,,,,12/22/2023,
2023,Falcons,,alton keith smith,placed on ir with ankle injury,,,,12/23/2023,
2023,Patriots,,conor mcdermott,placed on ir with concussion,,,,12/23/2023,
2023,Titans,,jack gibbens,placed on ir with back injury,,,,12/23/2023,
2023,Titans,,jeffery simmons,placed on ir with knee injury,,,,12/23/2023,
2023,Titans,,luke gifford,placed on ir with hamstring injury,,,,12/23/2023,
2023,Chiefs,,jerick mckinnon,placed on ir with groin injury,,,,12/24/2023,
2023,Giants,,evan neal,placed on ir with ankle injury,,,,12/24/2023,
2023,Browns,,dorian thompson-robinson,placed on ir with hip injury,,,,12/26/2023,
2023,Colts,,julian blackmon,placed on ir with shoulder injury,,,,12/26/2023,
2023,Jaguars,,daniel thomas,placed on ir with fractured left forearm,,,,12/26/2023,
2023,Texans,,jimmie ward,placed on ir with quadriceps injury,,,,12/26/2023,
2023,Jets,,duane brown,placed on ir with back injury,,,,12/27/2023,
2023,Panthers,,amare barno,placed on ir with knee injury,,,,12/27/2023,
2023,Patriots,,rhamondre stevenson,placed on ir with ankle injury,,,,12/27/2023,
2023,Raiders,,jesper horsted,placed on ir with hamstring injury,,,,12/27/2023,
2023,Vikings,,dj wonnum,placed on ir with quadriceps injury,,,,12/27/2023,
2023,Vikings,,tj hockenson,"placed on ir with torn acl, mcl in knee",,,,12/27/2023,
2023,Commanders,,chris rodriguez jr,placed on ir with ankle injury,,,,12/28/2023,
2023,Commanders,,christopher rodriguez jr,placed on ir,,,,12/28/2023,
2023,Cardinals,,jonathan ledbetter,placed on ir with knee injury,,,,12/29/2023,
2023,Cardinals,,marquise brown,placed on ir with heel injury,,,,12/29/2023,
2023,Commanders,,percy butler,placed on ir with wrist injury,,,,12/30/2023,
2023,Commanders,,tyler larsen,placed on ir with knee injury,,,,12/30/2023,
2023,Eagles,,albert okwuegbunam,placed on ir with hamstring injury,,,,12/30/2023,
2023,Giants,,lawrence cager,placed on ir with groin injury,,,,12/30/2023,
2023,Packers,,eric stokes jamane,placed on ir with hamstring injury,,,,12/30/2023,
2023,Patriots,,juju smith-schuster,placed on ir with ankle injury,,,,12/30/2023,
2023,Ravens,,jalyn armour-davis,placed on ir with concussion,,,,12/30/2023,
2023,Saints,,ryan ramczyk,placed on ir with knee injury,,,,12/30/2023,
2023,Seahawks,,d'wayne eskridge  dee eskridge,placed on ir with rib injury,,,,12/30/2023,
2023,Seahawks,,jamal adams,placed on ir with knee injury,,,,12/30/2023,
2023,Titans,,josh whyle,placed on ir with knee injury,,,,12/30/2023,
2023,Vikings,,troy dye,placed on ir with wrist injury,,,,12/30/2023,
2023,Washington,,charles leno jr,placed on ir with calf injury,,,,12/30/2023,
2023,Packers,,samori toure,placed on ir with knee injury,,,,1/1/2024,
2023,Giants,,tyre phillips,placed on ir with torn right quadriceps,,,,1/2/2024,
2023,Panthers,,jonathan mingo,placed on ir with foot injury,,,,1/2/2024,
2023,Rams,,shaun jolly,placed on ir with undisclosed injury,,,,1/2/2024,
2023,Cowboys,,deuce vaughn,placed on ir with ankle injury,,,,1/3/2024,
2023,Broncos,,delarrin turner-yell,placed on ir with torn acl in knee,,,,1/4/2024,
2023,Browns,,anthony walker jr,placed on ir with knee injury,,,,1/5/2024,
2023,Cardinals,,dj humphries,placed on ir with torn acl in knee,,,,1/5/2024,
2023,Cardinals,,dante stills,placed on ir with knee injury,,,,1/5/2024,
2023,Commanders,,christian holmes,placed on ir with concussion,,,,1/5/2024,
2023,Commanders,,kendall fuller,placed on ir with knee injury,,,,1/5/2024,
2023,Commanders,,tariq castro-fields,placed on ir with shoulder injury,,,,1/5/2024,
2023,Ravens,,daryl worley,placed on ir with shoulder injury,,,,1/5/2024,
2023,Saints,,nephi sewell,placed on ir with surgery on knee to repair torn acl (out for season),,,,1/5/2024,
2023,49ers,,ross dwelley,placed on ir with ankle injury,,,,1/6/2024,
2023,Bears,,lucas patrick,placed on ir with calf injury,,,,1/6/2024,
2023,Broncos,,mike mcglinchey,placed on ir with rib injury,,,,1/6/2024,
2023,Chargers,,justin hollins,placed on ir with shoulder injury,,,,1/6/2024,
2023,Dolphins,,bradley chubb,placed on ir with torn acl in knee,,,,1/6/2024,
2023,Giants,,jason pinnock,placed on ir with toe injury,,,,1/6/2024,
2023,Jaguars,,jamal agnew,placed on ir with fractured lower leg,,,,1/6/2024,
2023,Jets,,jake hanson,placed on ir with concussion,,,,1/6/2024,
2023,Jets,,jeremy ruckert,placed on ir with concussion,,,,1/6/2024,
2023,Jets,,zach wilson kapono,placed on ir with concussion,,,,1/6/2024,
2023,Packers,,johnathan ford  rudy ford,placed on ir with hamstring injury,,,,1/6/2024,
2023,Patriots,,hunter henry,placed on ir with knee injury,,,,1/6/2024,
2023,Raiders,,michael mayer,placed on ir with toe injury,,,,1/6/2024,
2023,Titans,,colton dowell,placed on ir with torn acl in knee,,,,1/6/2024,
2023,Vikings,,jalen nailor,placed on ir with concussion,,,,1/6/2024,
2023,Dolphins,,andrew van ginkel,placed on ir with foot injury (out for season),,,,1/9/2024,
2023,Dolphins,,cameron goode,placed on ir with patellar injury (out for season),,,,1/9/2024,
2023,Dolphins,,jerome baker,placed on ir recovering from surgery on wrist (out for season),,,,1/9/2024,
2023,Steelers,,trenton thompson b 1997-12-18,placed on ir with neck injury,,,,1/10/2024,
2023,Lions,,james mitchell,placed on ir with surgery on hand (out for season),,,,1/13/2024,
2023,Lions,,jerry jacobs b 1997-09-26,placed on ir with hamstring injury,,,,1/13/2024,
2023,Ravens,,damarion williams,placed on ir with undisclosed injury,,,,1/15/2024,
2023,Texans,,noah brown,placed on ir with shoulder injury,,,,1/15/2024,
2023,Chiefs,,cam jones,placed on ir with chest injury,,,,1/17/2024,
2023,49ers,,clelin ferrell,placed on ir with knee injury,,,,1/20/2024,
2023,Lions,,brock wright,placed on ir with forearm injury,,,,1/24/2024,
2023,Chiefs,,derrick nnadi,placed on ir with triceps injury,,,,1/27/2024,
2023,Chiefs,,charles omenihu,placed on ir with torn acl in knee,,,,2/7/2024,
2023,Chiefs,,joe thuney,placed on ir with pectoral injury,,,,2/10/2024,
2024,Eagles,,le'raven clark,placed on ir with undisclosed injury,,,,5/3/2024,
2024,Packers,,thyrick pitts,placed on ir,,,,5/7/2024,
2024,Giants,,deon jackson,placed on ir,,,,5/13/2024,
2024,Panthers,,ilm manning,placed on ir,,,,5/13/2024,
2024,Panthers,,raequan williams,placed on ir,,,,5/13/2024,
2024,Panthers,,spencer brown b 1998-11-13,placed on ir,,,,5/13/2024,
2024,Jaguars,,wayne ruby jr,placed on ir,,,,5/16/2024,
2024,Steelers,,keilahn harris,placed on ir,,,,5/22/2024,
2024,Falcons,,tucker fisk,placed on ir,,,,5/23/2024,
2024,Texans,,marcus haynes,placed on ir,,,,5/29/2024,
2024,Jets,,markese stepp,placed on ir,,,,5/30/2024,
2024,Giants,,gary brightwell,placed on ir,,,,5/31/2024,
2024,Buccaneers,,deven thompkins,placed on ir,,,,6/3/2024,
2024,Steelers,,luqman barcoo  luq barcoo,placed on ir,,,,6/4/2024,
2024,Colts,,daniel scott,placed on ir with torn achilles tendon,,,,6/6/2024,
2024,Jaguars,,david white jr,placed on ir,,,,6/6/2024,
2024,Lions,,craig james b 1996-04-29,placed on ir,,,,6/11/2024,
2024,Seahawks,,buddha jones,placed on ir,,,,6/12/2024,
2024,Jaguars,,chandler brewer,placed on ir with undisclosed injury,,,,6/14/2024,
2024,Giants,,chase cota,placed on ir,,,,6/18/2024,
2024,Packers,,alex mcgough,placed on ir,,,,7/20/2024,
2024,Dolphins,,tahj washington,placed on ir with undisclosed injury,,,,7/23/2024,
2024,Texans,,jared wayne,placed on ir,,,,7/23/2024,
2024,Cardinals,,carter o'donnell,placed on ir,,,,7/24/2024,
2024,Lions,,matt farniok,placed on ir,,,,7/25/2024,
2024,Vikings,,mekhi blackmon,placed on ir with torn acl in knee,,,,7/25/2024,
2024,Panthers,,cam sims,placed on ir,,,,7/26/2024,
2024,Panthers,,popo aumavae,placed on ir,,,,7/26/2024,
2024,Raiders,,jacob johanning  jake johanning,placed on ir,,,,7/26/2024,
2024,Rams,,derion kendrick,placed on ir with torn acl in knee,,,,7/26/2024,
2024,Lions,,michael badgley  mike badgley,placed on ir with hamstring injury,,,,7/27/2024,
2024,Saints,,justin herron,placed on ir with knee injury,,,,7/28/2024,
2024,Browns,,brian allen b 1995-10-11,placed on ir with calf injury,,,,7/29/2024,
2024,Ravens,,malik hamm,placed on ir with knee injury,,,,7/30/2024,
2024,Raiders,,darien butler,placed on ir,,,,7/31/2024,
2024,Broncos,,quinn bailey,placed on ir with leg injury,,,,8/1/2024,
2024,Browns,,charlie thomas iii,placed on ir with knee injury,,,,8/1/2024,
2024,Lions,,netane muti,placed on ir with upper body injury,,,,8/1/2024,
2024,Panthers,,daewood davis,placed on ir,,,,8/1/2024,
2024,Panthers,,stephen sullivan,placed on ir with quadriceps injury,,,,8/1/2024,
2024,Buccaneers,,iosua opeta  sua opeta,placed on ir with torn acl in knee,,,,8/2/2024,
2024,Saints,,tommy hudson,placed on ir,,,,8/2/2024,
2024,Steelers,,david perales,placed on ir,,,,8/2/2024,
2024,Cowboys,,corey crooms,placed on ir,,,,8/3/2024,
2024,Jets,,marcus riley b,placed on ir,,,,8/3/2024,
2024,Patriots,,tyrone wheatley jr,placed on ir,,,,8/3/2024,
2024,Texans,,charlie heck,placed on ir,,,,8/3/2024,
2024,Eagles,,mccallan castles,placed on ir,,,,8/4/2024,
2024,Panthers,,curtis hodges,placed on ir,,,,8/4/2024,
2024,Saints,,jermaine jackson,placed on ir,,,,8/4/2024,
2024,Texans,,jaylon thomas,placed on ir,,,,8/4/2024,
2024,49ers,,pat elflein,placed on ir with calf injury,,,,8/5/2024,
2024,Bills,,david ugwoegbu,placed on ir,,,,8/5/2024,
2024,Cardinals,,bj ojulari,placed on ir with torn acl in knee (out for season),,,,8/5/2024,
2024,Jaguars,,josh pederson,placed on ir,,,,8/5/2024,
2024,Panthers,,kemoko turay,placed on ir,,,,8/5/2024,
2024,Patriots,,jake andrews,placed on ir with undisclosed,,,,8/5/2024,
2024,49ers,,malik turner,placed on ir with undisclosed,,,,8/6/2024,
2024,Giants,,jashaun corbin,placed on ir,,,,8/6/2024,
2024,Panthers,,devin carter,placed on ir,,,,8/6/2024,
2024,Saints,,chandler brewer,placed on ir with undisclosed,,,,8/6/2024,
2024,Bengals,,cameron sample  cam sample,placed on ir with torn achilles tendon (out for season),,,,8/7/2024,
2024,Broncos,,ronnie perkins,placed on ir,,,,8/7/2024,
2024,Colts,,wesley french,placed on ir with surgery on ankle,,,,8/7/2024,
2024,Commanders,,alex akingbulu,placed on ir,,,,8/7/2024,
2024,Cowboys,,sam williams degarrick,"placed on ir with torn acl, mcl in knee (out for season)",,,,8/7/2024,
2024,Jaguars,,gregory junior,placed on ir,,,,8/7/2024,
2024,Panthers,,jd direnzo,placed on ir,,,,8/7/2024,
2024,Raiders,,tomari fox,placed on ir,,,,8/7/2024,
2024,Seahawks,,joshua onujiogu  josh onujiogu,placed on ir,,,,8/7/2024,
2024,49ers,,terique owens,placed on ir,,,,8/8/2024,
2024,Buccaneers,,silas dzansi,placed on ir with knee injury,,,,8/8/2024,
2024,Jets,,hamze el-zayat,placed on ir,,,,8/8/2024,
2024,Packers,,don callis,placed on ir,,,,8/8/2024,
2024,Packers,,rory starkey,placed on ir,,,,8/8/2024,
2024,Seahawks,,marcus simms,placed on ir,,,,8/8/2024,
2024,Steelers,,tyler murray,placed on ir,,,,8/8/2024,
2024,Falcons,,rondale moore,placed on ir with knee injury (out for season),,,,8/8/2024,
2024,49ers,,austin bryant,placed on ir with foot injury,,,,8/9/2024,
2024,Jaguars,,de'shaan dixon,placed on ir,,,,8/9/2024,
2024,Steelers,,nathan meadors  nate meadors,placed on ir,,,,8/9/2024,
2024,Dolphins,,kion smith,placed on ir with torn acl in knee,,,,8/10/2024,
2024,Seahawks,,matthew gotel  matt gotel,placed on ir,,,,8/10/2024,
2024,Steelers,,breiden fehoko,placed on ir with shoulder injury,,,,8/10/2024,
2024,Falcons,,bralen trice,placed on ir with torn acl in knee,,,,8/11/2024,
2024,Falcons,,harrison hand,placed on ir with knee injury,,,,8/11/2024,
2024,Lions,,nate lynn,placed on ir with shoulder injury,,,,8/11/2024,
2024,Dolphins,,cameron brown  cam brown a,placed on ir with undisclosed injury,,,,8/12/2024,
2024,Dolphins,,grayson murphy,placed on ir with knee injury,,,,8/12/2024,
2024,Jets,,jimmy ciarlo,placed on ir,,,,8/12/2024,
2024,Lions,,connor galvin,placed on ir,,,,8/12/2024,
2024,Panthers,,deven thompkins,placed on ir,,,,8/12/2024,
2024,49ers,,frank darby,placed on ir,,,,8/13/2024,
2024,Bills,,chase claypool,placed on ir with toe injury,,,,8/13/2024,
2024,Bills,,shane buechele,placed on ir with neck injury (out for season),,,,8/13/2024,
2024,Browns,,vincent gray,placed on ir,,,,8/13/2024,
2024,Colts,,trent pennix,placed on ir,,,,8/13/2024,
2024,Falcons,,robert burns b 1998-09-25,placed on ir,,,,8/13/2024,
2024,Jets,,myles jones,placed on ir,,,,8/13/2024,
2024,Lions,,antoine green,placed on ir,,,,8/13/2024,
2024,Patriots,,john morgan iii,placed on ir,,,,8/13/2024,
2024,Steelers,,kalon barnes,placed on ir,,,,8/13/2024,
2024,Raiders,,keelan doss,placed on ir,,,,8/13/2024,
2024,Bills,,bryan thompson,placed on ir,,,,8/14/2024,
2024,Lions,,daron gilbert,placed on ir,,,,8/14/2024,
2024,Steelers,,tarik black,placed on ir,,,,8/14/2024,
2024,Vikings,,jabril cox,placed on ir,,,,8/14/2024,
2024,Colts,,ethan fernea,placed on ir,,,,8/15/2024,
2024,Cowboys,,shaka toney,placed on ir,,,,8/15/2024,
2024,Falcons,,jakeem grant,placed on ir with hamstring injury,,,,8/15/2024,
2024,Giants,,elijah riley,placed on ir with concussion,,,,8/15/2024,
2024,Lions,,morice norris jr,placed on ir,,,,8/15/2024,
2024,Seahawks,,nathan pickering,placed on ir,,,,8/15/2024,
2024,Steelers,,grayland arnold,placed on ir with calf injury,,,,8/15/2024,
2024,Panthers,,nash jensen,placed on ir,,,,8/16/2024,
2024,Titans,,marlon davidson,placed on ir with biceps injury,,,,8/16/2024,
2024,Vikings,,jj mccarthy,placed on ir recovering from surgery on knee (out for season),,,,8/16/2024,
2024,Browns,,brady breeze,placed on ir,,,,8/17/2024,
2024,Eagles,,tyler hall,placed on ir with undisclosed,,,,8/17/2024,
2024,Giants,,tyree jackson,placed on ir,,,,8/17/2024,
2024,Eagles,,mekhi garner,placed on ir,,,,8/18/2024,
2024,Jets,,malik taylor,placed on ir with undisclosed injury,,,,8/18/2024,
2024,Bengals,,chris evans,placed on ir with torn patellar tendon in knee,,,,8/19/2024,
2024,Bengals,,d'ante smith,placed on ir with patellar injury,,,,8/19/2024,
2024,Browns,,hakeem adeniji,placed on ir with knee injury,,,,8/19/2024,
2024,Colts,,ryan coll a,placed on ir with shoulder injury,,,,8/19/2024,
2024,Cowboys,,earl bostick jr,placed on ir with surgery on right leg,,,,8/19/2024,
2024,Dolphins,,sean harlow,placed on ir with undisclosed injury,,,,8/19/2024,
2024,Dolphins,,willie snead iv,placed on ir with undisclosed injury,,,,8/19/2024,
2024,Giants,,yodny cajuste,placed on ir with undisclosed injury,,,,8/19/2024,
2024,Panthers,,anthony brown shaquille,placed on ir with thumb injury,,,,8/19/2024,
2024,Panthers,,jake luton,placed on ir with undisclosed injury,,,,8/19/2024,
2024,Chiefs,,mckade mettauer,placed on ir,,,,8/20/2024,
2024,Colts,,josh sills,placed on ir,,,,8/20/2024,
2024,Dolphins,,ezekiel vandenburgh  zeke vandenburgh,placed on ir,,,,8/20/2024,
2024,Giants,,ryder anderson,placed on ir,,,,8/20/2024,
2024,Lions,,malik jefferson,placed on ir with undisclosed injury,,,,8/20/2024,
2024,Lions,,tre'quan smith,placed on ir with undisclosed injury,,,,8/20/2024,
2024,Panthers,,lamar jackson b 1998-04-13,placed on ir,,,,8/20/2024,
2024,Panthers,,tayvion robinson,placed on ir,,,,8/20/2024,
2024,Patriots,,jaquae jackson,placed on ir with knee injury,,,,8/20/2024,
2024,Steelers,,nate herbig,placed on ir with torn rotator cuff in shoulder,,,,8/20/2024,
2024,Titans,,garret wallow,placed on ir with torn pectoral muscle,,,,8/20/2024,
2024,Bears,,freddie swain,placed on ir with undisclosed injury,,,,8/21/2024,
2024,Commanders,,ben nikkel,placed on ir,,,,8/21/2024,
2024,Commanders,,keandre jones,placed on ir,,,,8/21/2024,
2024,Giants,,dennis houston,placed on ir,,,,8/21/2024,
2024,Packers,,jarveon howard,placed on ir,,,,8/21/2024,
2024,Texans,,dalton keene b 1999-04-14,placed on ir with knee injury,,,,8/21/2024,
2024,Browns,,brandon bouyer-randle,placed on ir,,,,8/22/2024,
2024,Chiefs,,jaaron hayek,placed on ir,,,,8/22/2024,
2024,Raiders,,jeff foreman,placed on ir,,,,8/22/2024,
2024,Saints,,sincere haynesworth,placed on ir,,,,8/22/2024,
2024,Vikings,,jeremy flax,placed on ir,,,,8/22/2024,
2024,Vikings,,najee thompson,placed on ir,,,,8/22/2024,
2024,49ers,,tayler hawkins,placed on ir,,,,8/23/2024,
2024,Panthers,,badara traore,placed on ir,,,,8/23/2024,
2024,Vikings,,trey knox,placed on ir,,,,8/23/2024,
2024,Bears,,ian wheeler,placed on ir with torn acl in knee,,,,8/24/2024,
2024,Bears,,nsimba webster,placed on ir with groin injury,,,,8/24/2024,
2024,Bills,,dee delaney,placed on ir with knee injury,,,,8/25/2024,
2024,Bills,,terrell burgess,placed on ir with hamstring injury,,,,8/25/2024,
2024,Dolphins,,anthony schwartz,placed on ir with left knee injury,,,,8/25/2024,
2024,49ers,,elijah mitchell b,placed on ir with hamstring injury,,,,8/27/2024,
2024,49ers,,kalia davis,placed on ir with knee injury,,,,8/27/2024,
2024,Bears,,dante pettis,placed on ir with undisclosed injury,,,,8/27/2024,
2024,Bears,,jacob martin  jake martin,placed on ir,,,,8/27/2024,
2024,Bears,,larry borom,placed on ir,,,,8/27/2024,
2024,Bengals,,brad robbins,placed on ir,,,,8/27/2024,
2024,Bengals,,myles murphy a,placed on ir,,,,8/27/2024,
2024,Bills,,darrynton evans,placed on ir with hamstring injury,,,,8/27/2024,
2024,Bills,,matt milano,placed on ir,,,,8/27/2024,
2024,Bills,,travis clayton,placed on ir with right shoulder injury,,,,8/27/2024,
2024,Broncos,,damarri mathis,placed on ir,,,,8/27/2024,
2024,Browns,,luke wypler,placed on ir with fractured right ankle,,,,8/27/2024,
2024,Buccaneers,,chase edmonds,placed on ir with knee injury,,,,8/27/2024,
2024,Buccaneers,,rakim jarrett,placed on ir with undisclosed injury,,,,8/27/2024,
2024,Cardinals,,christian jones b,placed on ir,,,,8/27/2024,
2024,Cardinals,,darius robinson,placed on ir,,,,8/27/2024,
2024,Cardinals,,tony jones jr,placed on ir with shoulder injury,,,,8/27/2024,
2024,Chargers,,bucky williams,placed on ir with undisclosed injury,,,,8/27/2024,
2024,Chargers,,chris collins b,placed on ir with undisclosed injury,,,,8/27/2024,
2024,Chargers,,chris rumph ii,placed on ir with foot injury,,,,8/27/2024,
2024,Chargers,,nick niemann,placed on ir with undisclosed injury,,,,8/27/2024,
2024,Chargers,,tyler mclellan,placed on ir with leg injury,,,,8/27/2024,
2024,Colts,,cameron mcgrone,placed on ir,,,,8/27/2024,
2024,Colts,,jelani woods,placed on ir with toe injury,,,,8/27/2024,
2024,Colts,,juwann winfree,placed on ir with undisclosed injury,,,,8/27/2024,
2024,Colts,,samson ebukam,placed on ir with torn achilles tendon,,,,8/27/2024,
2024,Commanders,,jordan magee,placed on ir with knee injury,,,,8/27/2024,
2024,Commanders,,norell pollard,placed on ir with undisclosed injury,,,,8/27/2024,
2024,Commanders,,taylor stallworth,placed on ir with hamstring injury,,,,8/27/2024,
2024,Cowboys,,daron bland,placed on ir with foot injury,,,,8/27/2024,
2024,Cowboys,,nathan thomas,placed on ir with undisclosed injury,,,,8/27/2024,
2024,Dolphins,,cam smith marquise jani',placed on ir with hamstring injury,,,,8/27/2024,
2024,Dolphins,,river cracraft,placed on ir with upper body injury,,,,8/27/2024,
2024,Dolphins,,wyatt ray,placed on ir with undisclosed injury,,,,8/27/2024,
2024,Eagles,,ainias smith,placed on ir with ankle injury,,,,8/27/2024,
2024,Eagles,,albert okwuegbunam,placed on ir with core muscle injury,,,,8/27/2024,
2024,Falcons,,demarcco hellams,placed on ir,,,,8/27/2024,
2024,Giants,,isaiah mckenzie,placed on ir with various injuries,,,,8/27/2024,
2024,Giants,,matthew adams  matt adams,placed on ir,,,,8/27/2024,
2024,Jaguars,,andrew wingard,placed on ir with knee injury,,,,8/27/2024,
2024,Jaguars,,keilan robinson,placed on ir with toe injury,,,,8/27/2024,
2024,Jets,,kenny yeboah,placed on ir with groin injury,,,,8/27/2024,
2024,Jets,,leki fotu,placed on ir with undisclosed injury,,,,8/27/2024,
2024,Lions,,brodric martin,placed on ir,,,,8/27/2024,
2024,Lions,,emmanuel moseley,placed on ir with pectoral injury,,,,8/27/2024,
2024,Packers,,aj dillon,placed on ir with neck injury,,,,8/27/2024,
2024,Packers,,jonathan ford,placed on ir,,,,8/27/2024,
2024,Panthers,,cam gill,placed on ir with right foot injury,,,,8/27/2024,
2024,Panthers,,dane jackson,placed on ir with hamstring injury,,,,8/27/2024,
2024,Panthers,,sam franklin jr,placed on ir,,,,8/27/2024,
2024,Panthers,,tae davis marquez,placed on ir with foot injury,,,,8/27/2024,
2024,Patriots,,armon watts,placed on ir with undisclosed injury,,,,8/27/2024,
2024,Patriots,,marte mapu,placed on ir with undisclosed injury,,,,8/27/2024,
2024,Raiders,,trey taylor,placed on ir with knee injury,,,,8/27/2024,
2024,Rams,,kt leveston,placed on ir with ankle injury,,,,8/27/2024,
2024,Rams,,larrell murchison,placed on ir with arm injury,,,,8/27/2024,
2024,Rams,,tre'vius hodges-tomlinson  tre tomlinson,placed on ir with undisclosed injury,,,,8/27/2024,
2024,Rams,,tyler davis,placed on ir with shoulder injury,,,,8/27/2024,
2024,Ravens,,arthur maulet,placed on ir with undisclosed injury,,,,8/27/2024,
2024,Ravens,,christian matthew,placed on ir with undisclosed injury,,,,8/27/2024,
2024,Ravens,,deion jennings,placed on ir with undisclosed injury,,,,8/27/2024,
2024,Ravens,,isaiah washington,placed on ir with undisclosed injury,,,,8/27/2024,
2024,Ravens,,owen wright,placed on ir with undisclosed injury,,,,8/27/2024,
2024,Ravens,,trayvon mullen,placed on ir with undisclosed injury,,,,8/27/2024,
2024,Saints,,camron peterson,placed on ir with undisclosed injury,,,,8/27/2024,
2024,Saints,,kendre miller,placed on ir with hamstring injury,,,,8/27/2024,
2024,Saints,,kevin rader,placed on ir with undisclosed injury,,,,8/27/2024,
2024,Saints,,rejzohn wright,placed on ir with undisclosed injury,,,,8/27/2024,
2024,Steelers,,dylan cook,placed on ir with foot injury,,,,8/27/2024,
2024,Steelers,,jeremiah moon,placed on ir with undisclosed injury,,,,8/27/2024,
2024,Steelers,,julius welschof,placed on ir with knee injury,,,,8/27/2024,
2024,Steelers,,ryan watts,placed on ir with stinger,,,,8/27/2024,
2024,Texans,,brandon hill,placed on ir with surgery on knee,,,,8/27/2024,
2024,Texans,,case keenum,placed on ir with foot injury,,,,8/27/2024,
2024,Texans,,christian harris,placed on ir,,,,8/27/2024,
2024,Texans,,kurt hinish,placed on ir,,,,8/27/2024,
2024,Titans,,chance campbell,placed on ir with torn acl in knee,,,,8/27/2024,
2024,Titans,,lachavious simmons,placed on ir,,,,8/27/2024,
2024,Titans,,tk mclendon jr,placed on ir with turf toe,,,,8/27/2024,
2024,Vikings,,dalton risner,placed on ir with back injury,,,,8/27/2024,
2024,Vikings,,gabriel murphy,placed on ir with undisclosed injury,,,,8/27/2024,
2024,Vikings,,jordan kunaszyk,placed on ir with undisclosed injury,,,,8/27/2024,
2024,Patriots,,calvin anderson,placed on ir with undisclosed injury,,,,8/27/2024,
2024,Bears,,douglas coleman iii,placed on ir,,,,8/28/2024,
2024,Bengals,,lance robinson,placed on ir,,,,8/28/2024,
2024,Broncos,,durell nchami,placed on ir,,,,8/28/2024,
2024,Browns,,chase williams b,placed on ir,,,,8/28/2024,
2024,Buccaneers,,kalen deloach,placed on ir,,,,8/28/2024,
2024,Buccaneers,,lwal uguak,placed on ir,,,,8/28/2024,
2024,Buccaneers,,shaun peterson jr,placed on ir,,,,8/28/2024,
2024,Chiefs,,tyree gillespie,placed on ir,,,,8/28/2024,
2024,Commanders,,alex taylor  armani taylor-prioleau,placed on ir,,,,8/28/2024,
2024,Commanders,,ricky stromberg,placed on ir,,,,8/28/2024,
2024,Cowboys,,david durden,placed on ir,,,,8/28/2024,
2024,Cowboys,,durrell johnson,placed on ir,,,,8/28/2024,
2024,Cowboys,,viliami fehoko jr,placed on ir,,,,8/28/2024,
2024,Dolphins,,braylon sanders,placed on ir,,,,8/28/2024,
2024,Dolphins,,christopher brooks  chris brooks b,placed on ir,,,,8/28/2024,
2024,Dolphins,,ryan hayes,placed on ir,,,,8/28/2024,
2024,Eagles,,jacob harris,placed on ir,,,,8/28/2024,
2024,Eagles,,joseph ngata,placed on ir,,,,8/28/2024,
2024,Falcons,,camilo eifler  milo eifler,placed on ir,,,,8/28/2024,
2024,Falcons,,josh thompson b 1998-10-20,placed on ir,,,,8/28/2024,
2024,Giants,,jalen mayfield,placed on ir,,,,8/28/2024,
2024,Giants,,jonathan sutherland,placed on ir,,,,8/28/2024,
2024,Giants,,mario goodrich,placed on ir,,,,8/28/2024,
2024,Giants,,ovie oghoufo,placed on ir,,,,8/28/2024,
2024,Giants,,timmy horne,placed on ir,,,,8/28/2024,
2024,Jaguars,,patrick murtagh,placed on ir,,,,8/28/2024,
2024,Lions,,david bada,placed on ir,,,,8/28/2024,
2024,Packers,,alonzo davis  lj davis,placed on ir,,,,8/28/2024,
2024,Packers,,ralen goforth,placed on ir,,,,8/28/2024,
2024,Panthers,,tyler smith b,placed on ir,,,,8/28/2024,
2024,Raiders,,brandon facyson,placed on ir,,,,8/28/2024,
2024,Raiders,,corey luciano,placed on ir,,,,8/28/2024,
2024,Raiders,,elerson smith,placed on ir,,,,8/28/2024,
2024,Raiders,,ron stone jr,placed on ir,,,,8/28/2024,
2024,Rams,,anthony goodlow,placed on ir,,,,8/28/2024,
2024,Saints,,trajan jeffcoat,placed on ir,,,,8/28/2024,
2024,Seahawks,,jack westover,placed on ir,,,,8/28/2024,
2024,Texans,,jawhar jordan,placed on ir,,,,8/28/2024,
2024,Texans,,pheldarius payne,placed on ir,,,,8/28/2024,
2024,Texans,,teagan quitoriano,placed on ir,,,,8/28/2024,
2024,Titans,,jojo domann,placed on ir,,,,8/28/2024,
2024,Titans,,kyle philips,placed on ir,,,,8/28/2024,
2024,Titans,,tre'shaun harrison,placed on ir,,,,8/28/2024,
2024,Vikings,,malik knowles,placed on ir,,,,8/28/2024,
2024,49ers,,ambry thomas,placed on ir,,,,8/29/2024,
2024,49ers,,jon feliciano,placed on ir (out for season),,,,8/29/2024,
2024,Bengals,,mckinnley jackson,placed on ir with knee injury,,,,8/29/2024,
2024,Cardinals,,elijah jones,placed on ir with heel injury,,,,8/29/2024,
2024,Cowboys,,chuma edoga,placed on ir with toe injury,,,,8/29/2024,
2024,Dolphins,,patrick mcmorris,placed on ir with foot injury,,,,8/29/2024,
2024,Eagles,,james bradberry,placed on ir with lower leg injury,,,,8/29/2024,
2024,Giants,,austin schlottmann,placed on ir with leg injury,,,,8/29/2024,
2024,Giants,,dyontae johnson,placed on ir with ankle injury,,,,8/29/2024,
2024,Lions,,john cominsky,placed on ir,,,,8/29/2024,
2024,Packers,,nate mccrary,placed on ir,,,,8/29/2024,
2024,Panthers,,jaden crumedy,placed on ir with high ankle sprain,,,,8/29/2024,
2024,Rams,,conor mcdermott,placed on ir,,,,8/29/2024,
2024,Titans,,cedric gray,placed on ir with shoulder injury,,,,8/29/2024,
2024,Bears,,patrick scales,placed on ir recovering from surgery on back,,,,8/29/2024,
2024,Panthers,,messiah swinson,placed on ir,,,,9/4/2024,
2024,Buccaneers,,earnest brown iv,placed on ir with ribcage injury,,,,9/5/2024,
2024,Rams,,darious williams,placed on ir with hamstring injury,,,,9/5/2024,
2024,Ravens,,rasheen ali,placed on ir with neck injury,,,,9/5/2024,
2024,Chargers,,dj chark,placed on ir with hip injury,,,,9/7/2024,
2024,Commanders,,marcus mariota,placed on ir with pectoral muscle injury,,,,9/7/2024,
2024,Jaguars,,brian thomas jr,placed on ir with calf injury,,,,9/7/2024,
2024,Jets,,wes schweitzer,placed on ir with hand injury,,,,9/7/2024,
2024,Raiders,,malcolm koonce,placed on ir with knee injury,,,,9/7/2024,
2024,Steelers,,logan lee,placed on ir with calf injury,,,,9/7/2024,
2024,Jets,,zaire barnes,placed on ir with ankle injury,,,,9/9/2024,
2024,Buccaneers,,bryce hall,placed on ir with ankle injury,,,,9/10/2024,
2024,Colts,,julius brents  juju brents,placed on ir with knee injury,,,,9/10/2024,
2024,Panthers,,derrick brown,placed on ir with knee injury,,,,9/10/2024,
2024,Steelers,,cameron johnston,placed on ir with knee injury,,,,9/10/2024,
2024,Broncos,,audric estime,placed on ir with ankle injury,,,,9/11/2024,
2024,Browns,,juan thornhill,placed on ir with calf injury,,,,9/11/2024,
2024,Browns,,maurice hurst jr  maurice hurst ii roy,placed on ir with ankle injury,,,,9/11/2024,
2024,Browns,,mohamoud diabate,placed on ir with hip injury,,,,9/11/2024,
2024,Browns,,tony fields ii,placed on ir with ankle injury,,,,9/11/2024,
2024,Cardinals,,jonah williams b 1997-11-17,placed on ir with knee injury,,,,9/11/2024,
2024,Rams,,joe noteboom,placed on ir with ankle injury,,,,9/11/2024,
2024,Rams,,puka nacua,placed on ir with strained pcl in knee,,,,9/11/2024,
2024,Rams,,steve avila,placed on ir with knee injury,,,,9/11/2024,
2024,Texans,,jeff okudah,placed on ir with hip injury,,,,9/11/2024,
2024,Browns,,myles harden,placed on ir with shin injury,,,,9/12/2024,
2024,Jaguars,,tyson campbell,placed on ir with hamstring injury,,,,9/12/2024,
2024,Chiefs,,marquise brown,placed on ir with surgery on shoulder,,,,9/13/2024,
2024,49ers,,christian mccaffrey,"placed on ir with achilles, calf injuries",,,,9/14/2024,
2024,Bears,,ryan bates,"placed on ir with elbow, shoulder injuries",,,,9/14/2024,
2024,Giants,,gunner olszewski,placed on ir with groin injury,,,,9/14/2024,
2024,Falcons,,nate landman,placed on ir with calf injury,,,,9/16/2024,
2024,Browns,,david bell,placed on ir with hip injury,,,,9/17/2024,
2024,Colts,,deforest buckner,placed on ir with ankle injury,,,,9/17/2024,
2024,Dolphins,,tua tagovailoa,placed on ir with concussion,,,,9/17/2024,
2024,Giants,,graham gano,placed on ir with hamstring injury,,,,9/17/2024,
2024,Packers,,marshawn lloyd,placed on ir with ankle injury,,,,9/17/2024,
2024,Steelers,,tyler matakevich,placed on ir with hamstring injury,,,,9/17/2024,
2024,Broncos,,mike mcglinchey,placed on ir with knee injury,,,,9/18/2024,
2024,Chiefs,,isiah pacheco,placed on ir with fractured fibula in leg,,,,9/18/2024,
2024,Cowboys,,jordan phillips,placed on ir with wrist injury,,,,9/18/2024,
2024,Patriots,,oshane ximines,placed on ir with knee injury,,,,9/18/2024,
2024,Rams,,john johnson iii,placed on ir with fractured shoulder,,,,9/18/2024,
2024,Rams,,jonah jackson,placed on ir with shoulder injury,,,,9/18/2024,
2024,Steelers,,ben skowronek,placed on ir with shoulder injury,,,,9/18/2024,
2024,Texans,,brevin jordan,placed on ir with torn acl in knee (out for season),,,,9/18/2024,
2024,Vikings,,nick muse,placed on ir with hand injury,,,,9/18/2024,
2024,Jets,,jermaine johnson ii,placed on ir with torn achilles tendon,,,,9/19/2024,
2024,Patriots,,chukwuma okorafor  chuks okorafor,placed on ir,,,,9/19/2024,
2024,Bears,,travis homer,placed on ir with finger injury,,,,9/21/2024,
2024,Broncos,,baron browning,placed on ir with foot injury,,,,9/21/2024,
2024,Dolphins,,grant dubose,placed on ir with shoulder injury,,,,9/21/2024,
2024,Seahawks,,george fant,placed on ir with knee injury,,,,9/21/2024,
2024,Steelers,,troy fautanu,placed on ir with knee injury,,,,9/21/2024,
2024,Buccaneers,,evan deckers,placed on ir with hamstring injury,,,,9/24/2024,
2024,Eagles,,britain covey,placed on ir with shoulder injury,,,,9/24/2024,
2024,Falcons,,drew dalman,placed on ir with ankle injury,,,,9/24/2024,
2024,Lions,,derrick barnes danta,placed on ir with knee injury,,,,9/24/2024,
2024,Lions,,marcus davenport,placed on ir with triceps injury,,,,9/24/2024,
2024,Panthers,,adam thielen,placed on ir with hamstring injury,,,,9/24/2024,
2024,Panthers,,jordan fuller,placed on ir with hamstring injury,,,,9/24/2024,
2024,Raiders,,marcus epps,placed on ir with torn acl in knee (out for season),,,,9/24/2024,
2024,Steelers,,cory trice jr,placed on ir with hamstring injury,,,,9/24/2024,
2024,Broncos,,alex singleton,placed on ir with torn acl in knee,,,,9/25/2024,
2024,Browns,,wyatt teller,placed on ir with knee injury,,,,9/25/2024,
2024,Cardinals,,justin jones maurice,placed on ir with triceps injury,,,,9/25/2024,
2024,Patriots,,ja'whaun bentley,placed on ir with pectoral injury,,,,9/25/2024,
2024,Saints,,erik mccoy,placed on ir with surgery on groin,,,,9/25/2024,
2024,Bills,,tylan grable,placed on ir with groin injury,,,,9/26/2024,
2024,Titans,,chidobe awuzie,placed on ir with groin injury,,,,9/27/2024,
2024,49ers,,curtis robinson,placed on ir with torn acl in knee (out for season),,,,9/28/2024,
2024,49ers,,javon hargrave,placed on ir with torn pectoral muscle (out for season),,,,9/28/2024,
2024,Bears,,stephen carlson,placed on ir with fractured clavicle,,,,9/28/2024,
2024,Bengals,,trent brown,placed on ir with torn patellar tendon in knee (out for season),,,,9/28/2024,
2024,Jaguars,,foyesade oluokun  foye oluokun,placed on ir with foot injury,,,,9/28/2024,
2024,Lions,,ifeatu melifonwu,placed on ir with ankle injury,,,,9/28/2024,
2024,Patriots,,alex austin,placed on ir with ankle injury,,,,9/28/2024,
2024,Ravens,,jalyn armour-davis,placed on ir with hamstring injury,,,,9/28/2024,
2024,Buccaneers,,sirvocea dennis,placed on ir,,,,10/1/2024,
2024,Chargers,,nick niemann,placed on ir,,,,10/1/2024,
2024,Colts,,tyquan lewis,placed on ir,,,,10/1/2024,
2024,Cowboys,,demarcus lawrence,placed on ir,,,,10/1/2024,
2024,Steelers,,james daniels b 1997-09-13,placed on ir,,,,10/1/2024,
2024,Commanders,,jamison crowder,placed on ir with calf injury,,,,10/2/2024,
2024,Chiefs,,rashee rice,placed on ir with knee injury,,,,10/3/2024,
2024,Dolphins,,jaelan phillips,placed on ir with knee injury (out for season),,,,10/3/2024,
2024,Patriots,,caedan wallace,placed on ir with ankle injury,,,,10/4/2024,
2024,Patriots,,david andrews,placed on ir recovering from surgery on shoulder (out for season),,,,10/4/2024,
2024,49ers,,yetur gross-matos,placed on ir with knee injury,,,,10/5/2024,
2024,Broncos,,tyler badie,placed on ir with back injury,,,,10/5/2024,
2024,Browns,,alex wright,placed on ir recovering from surgery on triceps (out for season),,,,10/5/2024,
2024,Cowboys,,brandin cooks,placed on ir with infection in knee,,,,10/5/2024,
2024,Panthers,,shaq thompson,placed on ir recovering from surgery to repair torn achilles tendon (out for season),,,,10/5/2024,
2024,Raiders,,luke masterson,placed on ir with knee injury,,,,10/5/2024,
2024,Rams,,larrell murchison,placed on ir with foot injury,,,,10/5/2024,
2024,Texans,,jerry hughes,placed on ir with hip injury,,,,10/5/2024,
2024,Buccaneers,,markees watts,placed on ir with quadriceps injury,,,,10/7/2024,
2024,Colts,,will fries,placed on ir with fractured tibia in leg,,,,10/7/2024,
2024,Saints,,shane lemieux,placed on ir with ankle injury,,,,10/7/2024,
2024,Bengals,,daxton hill  dax hill,placed on ir with torn acl in knee (out for season),,,,10/8/2024,
2024,Bengals,,jaxson kirkland,placed on ir with biceps injury (out for season),,,,10/8/2024,
2024,Cardinals,,will hernandez,placed on ir with knee injury (out for season),,,,10/8/2024,
2024,Texans,,british brooks,placed on ir with knee injury,,,,10/8/2024,
2024,49ers,,talanoa hufanga,placed on ir with wrist injury,,,,10/9/2024,
2024,Browns,,charley hughlett,placed on ir with rib injury,,,,10/9/2024,
2024,Cowboys,,marshawn kneeland,placed on ir with knee injury,,,,10/9/2024,
2024,Jaguars,,devin duvernay,placed on ir with hamstring injury,,,,10/9/2024,
2024,Raiders,,christian wilkins,placed on ir with surgery on foot,,,,10/9/2024,
2024,Texans,,nico collins,placed on ir with hamstring injury,,,,10/9/2024,
2024,Seahawks,,uchenna nwosu,placed on ir with thigh injury,,,,10/10/2024,
2024,Packers,,luke musgrave,placed on ir with ankle injury,,,,10/11/2024,
2024,Broncos,,josh reynolds,placed on ir with surgery on finger,,,,10/12/2024,
2024,Broncos,,luke wattenberg,placed on ir with ankle injury,,,,10/12/2024,
2024,Browns,,james hudson,placed on ir with shoulder injury,,,,10/12/2024,
2024,Chargers,,asante samuel jr,placed on ir with shoulder injury,,,,10/12/2024,
2024,Chargers,,gus edwards,placed on ir with ankle injury,,,,10/12/2024,
2024,Giants,,kayvon thibodeaux,placed on ir with fractured wrist,,,,10/12/2024,
2024,Panthers,,austin corbett,placed on ir with biceps injury (out for season),,,,10/12/2024,
2024,Saints,,will harris jamahl,placed on ir with hamstring injury,,,,10/12/2024,
2024,Steelers,,demarvin leal,placed on ir with neck injury,,,,10/12/2024,
2024,Browns,,nick harris b,placed on ir with ankle injury,,,,10/15/2024,
2024,Cardinals,,bilal nichols,placed on ir with neck injury,,,,10/15/2024,
2024,Cardinals,,matt prater,placed on ir with knee injury,,,,10/15/2024,
2024,Falcons,,micah abernathy,placed on ir with knee injury,,,,10/15/2024,
2024,Jets,,chuck clark,placed on ir with ankle injury,,,,10/15/2024,
2024,Lions,,aidan hutchinson,placed on ir recovering from surgery on lower leg to repair fracture (out for season),,,,10/15/2024,
2024,Lions,,kyle peko,placed on ir with pectoral injury,,,,10/15/2024,
2024,Seahawks,,artie burns,placed on ir with toe injury,,,,10/15/2024,
2024,Commanders,,javontae jean-baptiste,placed on ir with ankle injury,,,,10/16/2024,
2024,Giants,,andrew thomas,placed on ir with surgery on foot,,,,10/16/2024,
2024,Washington,,jonathan allen,placed on ir with torn pectoral muscle,,,,10/16/2024,
2024,Saints,,rashid shaheed,placed on ir with surgery on knee,,,,10/17/2024,
2024,Seahawks,,rayshawn jenkins,placed on ir with hand injury,,,,10/17/2024,
2024,Eagles,,jordan mailata,placed on ir with hamstring injury,,,,10/18/2024,
2024,49ers,,matthew wright,"placed on ir with various injuries / back, shoulder injuries",,,,10/19/2024,
2024,Falcons,,lorenzo carter,placed on ir with concussion,,,,10/19/2024,
2024,Ravens,,deonte harty  deonte harris,placed on ir with knee injury,,,,10/19/2024,
2024,Titans,,treylon burks,placed on ir with left knee injury,,,,10/19/2024,
2024,Buccaneers,,jamel dean,placed on ir with hamstring injury,,,,10/21/2024,
2024,Buccaneers,,kameron johnson,placed on ir with ankle injury,,,,10/21/2024,
2024,Chargers,,deane leonard,placed on ir with hamstring injury,,,,10/21/2024,
2024,Dolphins,,braxton berrios,placed on ir with knee injury,,,,10/21/2024,
2024,Browns,,deshaun watson,placed on ir with torn achilles tendon (out for season),,,,10/22/2024,
2024,Chiefs,,jaylen watson,placed on ir with surgery on ankle,,,,10/22/2024,
2024,Raiders,,aidan o'connell,placed on ir with fractured right thumb,,,,10/22/2024,
2024,Saints,,paulson adebo,placed on ir with leg injury,,,,10/22/2024,
2024,Steelers,,montravius adams,placed on ir with knee injury,,,,10/22/2024,
2024,49ers,,brandon aiyuk,"placed on ir with torn acl, mcl in knee (out for season)",,,,10/23/2024,
2024,Buccaneers,,chris godwin,placed on ir with surgery on ankle,,,,10/23/2024,
2024,Jets,,xavier newman-johnson,placed on ir with neck injury,,,,10/23/2024,
2024,Seahawks,,stone forsythe,placed on ir with hand injury,,,,10/23/2024,
2024,Chiefs,,skyy moore,placed on ir with core muscle injury,,,,10/24/2024,
2024,Rams,,troy reeder,placed on ir with hamstring injury,,,,10/24/2024,
2024,Bills,,dewayne carter,placed on ir with surgery on wrist,,,,10/25/2024,
2024,Cardinals,,dennis gardeck,placed on ir with knee injury,,,,10/25/2024,
2024,Dolphins,,tyler huntley,placed on ir with right shoulder injury,,,,10/25/2024,
2024,Eagles,,byron young b 2000-11-10,placed on ir with hamstring injury,,,,10/25/2024,
2024,Vikings,,christian darrisaw,"placed on ir with torn acl, mcl in knee",,,,10/25/2024,
2024,Colts,,jaylon carlies,placed on ir with fibula injury,,,,10/26/2024,
2024,Cowboys,,john stephens jr,placed on ir with torn acl in knee (out for season),,,,10/26/2024,
2024,Panthers,,nick scott,placed on ir with hamstring injury,,,,10/26/2024,
2024,Ravens,,tj tampa,placed on ir with ankle injury,,,,10/26/2024,
2024,Titans,,jaelyn duncan,placed on ir with hamstring injury,,,,10/26/2024,
2024,Chiefs,,jody fortson jr  joe fortson,placed on ir,,,,10/28/2024,
2024,Chiefs,,joseph fortson,placed on ir with knee injury,,,,10/28/2024,
2024,Colts,,trevor denbow,placed on ir with knee injury,,,,10/28/2024,
2024,Steelers,,roman wilson,placed on ir with hamstring injury,,,,10/28/2024,
2024,Bears,,bill murray b 1997-07-03,placed on ir with pectoral injury,,,,10/29/2024,
2024,Browns,,tony brown mendell,placed on ir with foot injury,,,,10/29/2024,
2024,Texans,,stefon diggs,placed on ir with torn acl in right knee,,,,10/29/2024,
2024,Cowboys,,amani oruwariye,placed on ir with back injury,,,,10/30/2024,
2024,Jets,,greg zuerlein,placed on ir with left knee injury,,,,10/30/2024,
2024,Ravens,,michael pierce,placed on ir with calf injury,,,,10/30/2024,
2024,Jets,,allen lazard,placed on ir with chest injury,,,,10/31/2024,
2024,Jets,,leki fotu,placed on ir with knee injury,,,,10/31/2024,
2024,Falcons,,ruke orhorhoro,placed on ir with ankle injury,,,,11/1/2024,
2024,Browns,,jeremiah owusu-koramoah,placed on ir with neck injury,,,,11/2/2024,
2024,Chargers,,brenden rice,placed on ir with shoulder injury,,,,11/2/2024,
2024,Chiefs,,jared wiley,placed on ir with torn acl in knee (out for season),,,,11/2/2024,
2024,Giants,,greg joseph,placed on ir with oblique injury,,,,11/2/2024,
2024,Jaguars,,christian kirk davon,placed on ir with fractured sternum (out for season),,,,11/2/2024,
2024,Saints,,bub means,placed on ir with high ankle sprain,,,,11/2/2024,
2024,Saints,,kendre miller,placed on ir with hamstring injury,,,,11/2/2024,
2024,Seahawks,,cameron young colette,placed on ir with knee injury,,,,11/2/2024,
2024,Titans,,andrew rupcich,placed on ir with torn triceps,,,,11/2/2024,
2024,Vikings,,taki taimani,placed on ir with ankle injury,,,,11/2/2024,
2024,Jaguars,,cooper hodges,placed on ir with knee injury,,,,11/4/2024,
2024,Bengals,,erick all,placed on ir with torn acl in knee (out for season),,,,11/5/2024,
2024,Bengals,,zack moss,placed on ir with neck injury,,,,11/5/2024,
2024,Bills,,dawuane smoot,placed on ir with surgery on wrist,,,,11/5/2024,
2024,Colts,,ryan kelly,placed on ir with leg injury,,,,11/5/2024,
2024,Vikings,,andrew depaola,placed on ir with hand injury,,,,11/5/2024,
2024,Vikings,,will reichard,placed on ir with strained quadriceps,,,,11/5/2024,
2024,Chargers,,junior colson,placed on ir with ankle injury,,,,11/6/2024,
2024,Chargers,,simi fehoko,placed on ir with elbow injury,,,,11/6/2024,
2024,Titans,,lloyd cushenberry iii,placed on ir with achilles injury,,,,11/6/2024,
2024,Titans,,quandre diggs,placed on ir with foot injury,,,,11/6/2024,
2024,Bears,,andrew billings,placed on ir with surgery to repair torn pectoral muscle,,,,11/7/2024,
2024,Bears,,jaylon jones terrell,placed on ir with shoulder injury,,,,11/7/2024,
2024,Texans,,kenyon green,placed on ir with shoulder injury (out for season),,,,11/8/2024,
2024,Bills,,baylon spector,placed on ir with calf injury,,,,11/9/2024,
2024,Commanders,,colson yankoff,placed on ir with hamstring injury,,,,11/9/2024,
2024,Lions,,jalen reeves-maybin,placed on ir with neck injury,,,,11/9/2024,
2024,Saints,,chris olave,placed on ir with concussion,,,,11/9/2024,
2024,Dolphins,,austin jackson,placed on ir with knee injury (out for season),,,,11/11/2024,
2024,Seahawks,,k'von wallace,placed on ir with ankle injury,,,,11/11/2024,
2024,Dolphins,,tanner conner,placed on ir with knee injury,,,,11/12/2024,
2024,Seahawks,,george fant,placed on ir with knee injury,,,,11/13/2024,
2024,Bears,,jaquan brisker,placed on ir with concussion,,,,11/14/2024,
2024,Chiefs,,harrison butker,placed on ir with surgery on left knee,,,,11/15/2024,
2024,49ers,,darrell luter jr,placed on ir with pelvic injury,,,,11/16/2024,
2024,49ers,,mitch wishnowsky,placed on ir with back injury,,,,11/16/2024,
2024,Browns,,michael hall jr  mike hall jr,placed on ir with knee injury,,,,11/16/2024,
2024,Falcons,,james smith-williams,placed on ir with tibia injury,,,,11/16/2024,
2024,Falcons,,ta'quon graham,placed on ir with pectoral muscle injury,,,,11/16/2024,
2024,Packers,,jordan morgan,placed on ir with shoulder injury,,,,11/16/2024,
2024,Steelers,,cj henderson,placed on ir with neck injury,,,,11/16/2024,
2024,Cowboys,,dak prescott,placed on ir recovering from surgery to repair torn hamstring (out for season),,,,11/18/2024,
2024,Lions,,alex anzalone,placed on ir with fractured forearm,,,,11/18/2024,
2024,Panthers,,ian thomas c,placed on ir with calf injury,,,,11/18/2024,
2024,Bengals,,dj turner ii juandrago,placed on ir,,,,11/19/2024,
2024,Browns,,dawand jones,placed on ir with fractured ankle (surgery) (out for season),,,,11/19/2024,
2024,Jaguars,,gabriel davis  gabe davis,placed on ir with torn meniscus in knee (out for season),,,,11/19/2024,
2024,Lions,,ezekiel turner  zeke turner,placed on ir with fractured clavicle,,,,11/19/2024,
2024,Lions,,ifeatu melifonwu,placed on ir with finger injury,,,,11/19/2024,
2024,Patriots,,curtis jacobs,placed on ir with head injury,,,,11/19/2024,
2024,Eagles,,bryce huff,placed on ir with wrist injury,,,,11/22/2024,
2024,49ers,,tatum bethune,placed on ir with knee injury,,,,11/23/2024,
2024,Cowboys,,markquese bell,placed on ir with dislocated shoulder (out for season),,,,11/23/2024,
2024,Lions,,ennis rakestraw jr,placed on ir with hamstring injury,,,,11/23/2024,
2024,Panthers,,miles sanders,placed on ir with ankle injury,,,,11/23/2024,
2024,Titans,,jack gibbens,placed on ir with ankle injury,,,,11/23/2024,
2024,Titans,,l'jarius sneed,placed on ir with quadriceps injury,,,,11/23/2024,
2024,Chargers,,hayden hurst,placed on ir with hip injury,,,,11/25/2024,
2024,Chiefs,,peyton hendershot,placed on ir with calf injury,,,,11/26/2024,
2024,Commanders,,austin seibert,placed on ir with right hip injury,,,,11/26/2024,
2024,Eagles,,brandon graham,placed on ir with triceps injury,,,,11/26/2024,
2024,Giants,,azeez ojulari,placed on ir with toe injury,,,,11/26/2024,
2024,Vikings,,ivan pace jr,placed on ir with hamstring injury,,,,11/26/2024,
2024,Chargers,,eli apple,placed on ir with hamstring injury,,,,11/27/2024,
2024,Cowboys,,asim richards,placed on ir with ankle injury,,,,11/27/2024,
2024,Cowboys,,caelen carson,placed on ir with shoulder injury,,,,11/27/2024,
2024,Giants,,armon watts,placed on ir with shoulder injury,,,,11/27/2024,
2024,Lions,,kalif raymond,placed on ir with foot injury,,,,11/27/2024,
2024,Seahawks,,anthony bradford,placed on ir with ankle injury,,,,11/27/2024,
2024,Texans,,ka'dar hollman,placed on ir with knee injury,,,,11/27/2024,
2024,Dolphins,,tyus bowser,placed on ir with knee injury,,,,11/28/2024,
2024,Raiders,,gardner minshew ii,placed on ir with fractured clavicle (out for season),,,,11/28/2024,
2024,Raiders,,jakorian bennett,placed on ir with shoulder injury,,,,11/28/2024,
2024,Texans,,teagan quitoriano,placed on ir with knee injury,,,,11/28/2024,
2024,Buccaneers,,jordan whitehead,placed on ir with pectoral injury,,,,11/29/2024,
2024,Browns,,geoff swaim,placed on ir with concussion,,,,11/30/2024,
2024,Chargers,,alohi gilman,placed on ir with hamstring injury,,,,11/30/2024,
2024,Chargers,,jk dobbins,placed on ir with sprained knee,,,,11/30/2024,
2024,Commanders,,austin ekeler,placed on ir with concussion,,,,11/30/2024,
2024,Eagles,,ben vansumeren,placed on ir with knee injury,,,,11/30/2024,
2024,Jets,,tyron smith,placed on ir with neck injury,,,,11/30/2024,
2024,Lions,,malcolm rodriguez,placed on ir with torn acl in knee (out for season),,,,11/30/2024,
2024,Lions,,mekhi wingo,placed on ir with knee injury (out for season),,,,11/30/2024,
2024,Ravens,,arthur maulet,placed on ir with calf injury,,,,11/30/2024,
2024,Ravens,,charlie kolar,placed on ir with fractured arm,,,,11/30/2024,
2024,Giants,,dexter lawrence,placed on ir with dislocated elbow,,,,12/2/2024,
2024,Giants,,theo johnson,placed on ir with foot injury,,,,12/2/2024,
2024,49ers,,christian mccaffrey,placed on ir with knee injury,,,,12/3/2024,
2024,Raiders,,dj turner b 1997-01-18,placed on ir with knee injury,,,,12/3/2024,
2024,49ers,,kevin givens,placed on ir with torn pectoral muscle (out for season),,,,12/4/2024,
2024,Bengals,,evan mcpherson,placed on ir with groin injury,,,,12/4/2024,
2024,Chiefs,,spencer shrader,placed on ir with hamstring injury,,,,12/4/2024,
2024,Dolphins,,blake ferguson,placed on ir,,,,12/4/2024,
2024,Dolphins,,cam smith marquise jani',placed on ir with shoulder injury,,,,12/4/2024,
2024,Jaguars,,trevor lawrence,placed on ir with concussion,,,,12/4/2024,
2024,Bengals,,logan wilson,placed on ir with surgery on knee (out for season),,,,12/6/2024,
2024,Buccaneers,,troy hill b 1991-08-29,placed on ir with various injuries,,,,12/6/2024,
2024,Saints,,taysom hill,placed on ir with torn acl in knee (out for season),,,,12/6/2024,
2024,49ers,,george odum,placed on ir with knee injury,,,,12/7/2024,
2024,49ers,,jordan mason,placed on ir with ankle injury,,,,12/7/2024,
2024,Browns,,jedrick wills jr,placed on ir with knee injury,,,,12/7/2024,
2024,Browns,,maurice hurst jr  maurice hurst ii roy,placed on ir with ankle injury,,,,12/7/2024,
2024,Chiefs,,mecole hardman,placed on ir with knee injury (out for season),,,,12/7/2024,
2024,Eagles,,dallas goedert,placed on ir with knee injury,,,,12/7/2024,
2024,Giants,,dj davidson,placed on ir,,,,12/7/2024,
2024,Jets,,clint mosley jr  cj mosley,placed on ir with neck injury,,,,12/7/2024,
2024,Saints,,nick saldiveri,placed on ir with knee injury,,,,12/7/2024,
2024,Titans,,logan bruss,placed on ir with torn acl in knee,,,,12/7/2024,
2024,Bills,,zach davidson,placed on ir with shoulder injury,,,,12/7/2024,
2024,Cowboys,,josh butler,placed on ir with knee injury,,,,12/9/2024,
2024,Cowboys,,zack martin,placed on ir recovering from surgery on ankle (out for season),,,,12/9/2024,
2024,Browns,,greg newsome ii,placed on ir with hamstring injury,,,,12/10/2024,
2024,Giants,,tre hawkins iii,placed on ir with fractured back,,,,12/10/2024,
2024,Panthers,,jonathon brooks,placed on ir with torn acl in knee (out for season),,,,12/10/2024,
2024,Raiders,,zamir white,placed on ir with quadriceps injury,,,,12/10/2024,
2024,Bears,,deandre carter,placed on ir with hamstring injury,,,,12/11/2024,
2024,Falcons,,jase mcclellan,placed on ir with knee injury,,,,12/11/2024,
2024,Giants,,tyler nubin,placed on ir with surgery on ankle,,,,12/11/2024,
2024,Jets,,irvin charles,placed on ir with torn acl in knee,,,,12/11/2024,
2024,49ers,,ben bartch,placed on ir with ankle injury,,,,12/12/2024,
2024,Patriots,,jaquelin roy,placed on ir with foot injury,,,,12/13/2024,
2024,Texans,,jalen pitre,placed on ir with shoulder injury,,,,12/13/2024,
2024,Bengals,,joe bachie,placed on ir with adductor injury,,,,12/14/2024,
2024,Cardinals,,blake gillikin,placed on ir with foot injury,,,,12/14/2024,
2024,Cardinals,,emari demercado,placed on ir with back injury,,,,12/14/2024,
2024,Chargers,,jalen reagor,placed on ir with finger injury,,,,12/14/2024,
2024,Commanders,,noah brown,placed on ir with with kidney injury,,,,12/14/2024,
2024,Cowboys,,demarvion overshown,"placed on ir with torn acl, mcl, pcl in right knee (out for season)",,,,12/14/2024,
2024,Giants,,jon runyan jr,placed on ir with ankle injury,,,,12/14/2024,
2024,Jaguars,,evan engram,placed on ir recovering from surgery on shoulder to repair torn labrum (out for season),,,,12/14/2024,
2024,Jets,,kene nwangwu,placed on ir with hand injury,,,,12/14/2024,
2024,Saints,,d'marco jackson,placed on ir with ankle injury,,,,12/14/2024,
2024,Seahawks,,jerrick reed ii,placed on ir with quadriceps injury,,,,12/14/2024,
2024,Steelers,,calvin anderson,placed on ir with groin injury,,,,12/14/2024,
2024,Falcons,,troy andersen,placed on ir with knee injury,,,,12/16/2024,
2024,Dolphins,,grant dubose,placed on ir with head injury,,,,12/17/2024,
2024,Lions,,alim mcneill,placed on ir with torn acl in knee (out for season),,,,12/17/2024,
2024,Lions,,carlton davis,placed on ir with fractured jaw,,,,12/17/2024,
2024,Lions,,khalil dorsey,placed on ir with fractured leg (out for season),,,,12/17/2024,
2024,Panthers,,claudin cherelus,placed on ir with toe injury,,,,12/17/2024,
2024,Panthers,,trevin wallace,placed on ir with shoulder injury,,,,12/17/2024,
2024,Rams,,nick hampton,placed on ir recovering from surgery to repair torn pectoral muscle (out for season),,,,12/17/2024,
2024,Browns,,nick chubb,placed on ir with surgery on foot (out for season),,,,12/18/2024,
2024,Falcons,,younghoe koo,placed on ir with hip injury,,,,12/18/2024,
2024,Jets,,jalen mills,placed on ir with clavicle injury,,,,12/18/2024,
2024,Raiders,,maxx crosby,placed on ir with ankle injury,,,,12/18/2024,
2024,Raiders,,sincere mccormick,placed on ir with ankle injury,,,,12/18/2024,
2024,Cardinals,,jesse luketa,placed on ir with thigh injury,,,,12/20/2024,
2024,Bears,,ryan bates,placed on ir with concussion,,,,12/21/2024,
2024,Cowboys,,trevon diggs,placed on ir with surgery on knee (out for season),,,,12/21/2024,
2024,Giants,,bobby okereke,placed on ir with back injury,,,,12/21/2024,
2024,Giants,,patrick johnson a,placed on ir with knee injury,,,,12/21/2024,
2024,Seahawks,,trevis gipson,placed on ir with ankle injury,,,,12/21/2024,
2024,Bears,,braxton jones,placed on ir with surgery on ankle (out for season),,,,12/23/2024,
2024,Chargers,,marcus maye,placed on ir with ankle injury,,,,12/23/2024,
2024,Chiefs,,jack cochrane,placed on ir with fractured ankle,,,,12/23/2024,
2024,Texans,,jimmie ward,placed on ir with surgery on foot,,,,12/23/2024,
2024,Texans,,nathaniel dell  tank dell,"placed on ir with surgery on left knee to repair torn acl, torn lcl, torn mcl, dislocated kneecap, meniscus injury (out for season)",,,,12/23/2024,
2024,Bills,,baylon spector,placed on ir with calf injury,,,,12/24/2024,
2024,Cardinals,,paris johnson jr,placed on ir with knee injury,,,,12/24/2024,
2024,Jets,,olumuyiwa fashanu  olu fashanu,placed on ir with surgery on foot,,,,12/24/2024,
2024,Lions,,jonah williams b 1995-08-17,placed on ir with knee injury,,,,12/24/2024,
2024,49ers,,jaylon moore b 1998-01-09,placed on ir with quadriceps injury,,,,12/25/2024,
2024,Titans,,kenneth murray jr,placed on ir with wrist injury,,,,12/25/2024,
2024,49ers,,trent williams,placed on ir with ankle injury,,,,12/26/2024,
2024,Browns,,shelby harris,placed on ir with elbow injury,,,,12/26/2024,
2024,Buccaneers,,christian izien,placed on ir with pectoral injury,,,,12/26/2024,
2024,Seahawks,,kenneth walker iii b 2000-10-20,placed on ir with ankle injury,,,,12/26/2024,
2024,Patriots,,marcus jones jr,placed on ir with hip injury,,,,12/27/2024,
2024,Cowboys,,amani oruwariye,placed on ir with foot injury,,,,12/28/2024,
2024,Cowboys,,ceedee lamb,placed on ir with shoulder injury,,,,12/28/2024,
2024,Dolphins,,kendall fuller,placed on ir with knee injury,,,,12/28/2024,
2024,Eagles,,britain covey,placed on ir with neck injury,,,,12/28/2024,
2024,Falcons,,antonio hamilton,placed on ir with quadriceps injury,,,,12/28/2024,
2024,Giants,,raheem layne,placed on ir with torn meniscus in knee,,,,12/28/2024,
2024,Panthers,,chau smith-wade,placed on ir with illness,,,,12/28/2024,
2024,Panthers,,chuba hubbard,placed on ir with calf injury,,,,12/28/2024,
2024,Saints,,erik mccoy,placed on ir with elbow injury,,,,12/28/2024,
2024,Saints,,lucas patrick,placed on ir with knee injury,,,,12/28/2024,
2024,49ers,,aaron banks,placed on ir with mcl injury in knee,,,,12/30/2024,
2024,Cardinals,,joey blount,placed on ir with rib injury,,,,12/30/2024,
2024,Jets,,chuck clark,placed on ir with undisclosed injury,,,,12/30/2024,
2024,49ers,,dre greenlaw,placed on ir with calf injury,,,,12/31/2024,
2024,Browns,,cedric tillman b,placed on ir with concussion,,,,12/31/2024,
2024,Cardinals,,trey benson,placed on ir with ankle injury,,,,12/31/2024,
2024,Jets,,greg zuerlein,placed on ir with knee injury,,,,12/31/2024,
2024,Saints,,jaylan ford,placed on ir with fractured fibula in leg,,,,12/31/2024,
2024,Cardinals,,james conner,placed on ir with knee injury,,,,1/1/2025,
2024,Chargers,,elijah molden,placed on ir with fractured fibula in leg (out for season),,,,1/1/2025,
2024,Dolphins,,kendall lamm,placed on ir with back injury,,,,1/1/2025,
2024,Eagles,,cj uzomah,placed on ir with abdominal injury,,,,1/1/2025,
2024,Browns,,david njoku,placed on ir with knee injury,,,,1/3/2025,
2024,Browns,,jerome ford,placed on ir with ankle injury,,,,1/3/2025,
2024,Browns,,pierre strong jr,placed on ir with concussion,,,,1/3/2025,
2024,Giants,,armon watts,placed on ir with knee injury,,,,1/3/2025,
2024,Packers,,marshawn lloyd,placed on ir,,,,1/3/2025,
2024,Ravens,,jalyn armour-davis,placed on ir with hamstring injury,,,,1/3/2025,
2024,Seahawks,,brady russell,placed on ir with foot injury,,,,1/3/2025,
2024,49ers,,demetrius flannigan-fowles,placed on ir with calf injury,,,,1/4/2025,
2024,49ers,,spencer burford,placed on ir with calf injury,,,,1/4/2025,
2024,Cardinals,,jackson barton,placed on ir with ankle injury,,,,1/4/2025,
2024,Commanders,,tyler owens,placed on ir with ankle injury,,,,1/4/2025,
2024,Cowboys,,kemon hall,placed on ir with hamstring injury,,,,1/4/2025,
2024,Jets,,ahmad gardner  sauce gardner,placed on ir with hamstring injury,,,,1/4/2025,
2024,Packers,,jaire alexander,placed on ir with knee injury,,,,1/4/2025,
2024,Panthers,,amare barno,placed on ir with shoulder injury,,,,1/4/2025,
2024,Patriots,,ben brown c,placed on ir with concussion,,,,1/4/2025,
2024,Patriots,,ja'lynn polk,placed on ir with shoulder injury,,,,1/4/2025,
2024,Patriots,,jabrill peppers,placed on ir with hamstring injury,,,,1/4/2025,
2024,Seahawks,,abraham lucas,placed on ir with various injuries,,,,1/4/2025,
2024,Seahawks,,josh jobe,placed on ir with knee injury,,,,1/4/2025,
2024,Texans,,jamal hill,placed on ir with hamstring injury,,,,1/4/2025,
2024,Titans,,otis reese,placed on ir with ankle injury,,,,1/4/2025,
2024,Rams,,blake corum,placed on ir with forearm injury,,,,1/7/2025,
2024,Chargers,,ja'sir taylor,placed on ir with rib injury,,,,1/10/2025,
2024,Chiefs,,marlon tuipulotu,placed on ir with undisclosed injury,,,,1/10/2025,
2024,Eagles,,jack driscoll,placed on ir with ankle injury,,,,1/10/2025,
2024,Eagles,,nakobe dean,placed on ir,,,,1/14/2025,
2024,Texans,,cade stover,placed on ir with fractured clavicle,,,,1/14/2025,
2024,Commanders,,jordan magee,placed on ir with hamstring injury,,,,1/18/2025,
2024,Eagles,,nick gates,placed on ir with groin injury,,,,2/8/2025,
