is_wr,recTouchdowns,receptions,targets,yards,avgCushion,avgExpectedYAC,avgIntendedAirYards,avgSeparation,avgYAC,avgYACAboveExpectation,catchPercentage,percentShareOfIntendedAirYards,turf_percentage,total_round_trip_miles,total_snaps,avg_opponent_pass_epa,sos_win_pct,age_season_start,height,weight,forty,past_ir_count,next_season_ir
1,5,29,52,402,7.4906,4.231568179,12.90403846,3.012980894,4.755172414,0.523604235,55.76923077,13.65420578,0.1875,19567.80407,783,0.03319067,0.501887459,23,75,192,4.52,0,0
1,4,41,74,774,7.337777778,4.299774568,19.1077027,2.736569947,4.554634146,0.254859579,55.40540541,21.42304132,0.3125,11937.85766,452,0.056278113,0.508833742,31,70,175,4.35,1,1
1,1,37,56,466,7.127454545,4.216796353,13.15892857,3.222742803,4.674864865,0.458068512,66.07142857,23.00196027,0.3125,12049.56799,446,0.009323124,0.510487885,23,71,203,4.5,0,0
1,2,67,93,688,6.972650602,3.832633577,11.03849462,3.467761146,3.563283582,-0.269349994,72.04301075,23.00547024,0.25,12825.42167,881,0.037970804,0.42912392,27,68,167,4.4,0,0
1,5,39,65,494,6.727692308,2.545113782,12.16446154,2.419483285,2.931025641,0.385911859,60,19.15227059,0.1875,6950.342707,467,0.06615784,0.493668301,22,71,195,4.31,1,0
1,6,40,55,566,6.683414634,5.794257488,8.598909091,3.541262449,7.74925,1.954992512,72.72727273,9.623731511,0.1875,19567.80407,439,0.03319067,0.501887459,25,74,208,4.62,0,0
1,1,38,70,491,6.647058824,4.083272042,9.690428571,2.877394864,3.886315789,-0.196956253,54.28571429,18.31918203,0.3125,11845.4414,687,0.021652013,0.540129429,25,73,194,4.59,0,0
0,2,54,84,558,6.627878788,4.232014621,6.619761905,3.316909019,4.490740741,0.25872612,64.28571429,13.36801591,0.1875,13070.916,512,0.06458592,0.476205065,28,74,245,4.72,2,1
1,10,57,70,965,6.573623188,3.711079315,13.487,3.339030554,4.189473684,0.478394369,81.42857143,24.4369553,0.5625,24565.10818,958,0.03545595,0.478764493,25,70,182,4.4,1,0
1,0,28,47,304,6.569487179,4.307956178,10.49510638,3.063075756,3.358571429,-0.949384749,59.57446809,11.85850665,0.1875,13070.916,462,0.06458592,0.476205065,25,75,200,,0,1
1,1,38,68,450,6.567777778,5.799000199,7.290588235,3.143670568,7.69,1.890999801,55.88235294,10.72732269,0.6875,9420.503367,526,-0.006351409,0.500014781,26,74,225,4.41,1,1
1,5,76,105,816,6.538736842,5.069306981,6.07352381,3.564350324,5.701578947,0.632271967,72.38095238,9.662087533,0.3125,11937.85766,781,0.056278113,0.508833742,25,71,195,4.53,0,0
1,5,32,52,334,6.50375,3.433282408,9.547307692,3.258717256,4.289375,0.856092592,61.53846154,9.405893698,0.125,17312.03603,882,0.025024401,0.492788002,25,75,205,4.35,1,0
1,4,39,53,572,6.470980392,3.582686212,11.22169811,3.006989393,4.152307692,0.569621481,73.58490566,11.25026955,0.1875,13363.3961,483,0.05368471,0.498953227,23,73,198,4.64,0,0
1,4,42,67,487,6.4640625,3.648052675,9.055074627,2.806300831,3.642380952,-0.005671722,62.68656716,15.49702673,0.125,18381.19579,605,0.02577737,0.486296547,23,73,203,4.68,0,0
1,6,50,94,752,6.43923913,3.624238881,16.5006383,2.303899889,3.6434,0.019161119,53.19148936,33.56204844,0.6875,9420.503367,682,-0.006351409,0.500014781,25,75,190,4.36,0,0
1,2,29,49,388,6.37,5.028166449,9.103673469,2.895312886,7.63862069,2.61045424,59.18367347,10.72403074,0.1875,13070.916,428,0.06458592,0.476205065,25,69,177,4.56,0,0
1,6,86,130,1219,6.365916667,4.764846958,11.28884615,2.97665106,5.285465116,0.520618159,66.15384615,29.86278847,0.1875,19567.80407,1252,0.03319067,0.501887459,26,72,193,4.51,1,0
1,1,37,76,371,6.351126761,3.186660028,9.326052632,2.673896584,3.666756757,0.480096728,48.68421053,15.33667859,0.6875,9420.503367,626,-0.006351409,0.500014781,28,73,209,4.5,0,1
1,6,69,112,734,6.338921569,2.539086636,9.596964286,2.261011109,3.215507246,0.67642061,61.60714286,27.10104586,0.1875,15696.0081,872,0.03152491,0.509734047,35,75,218,4.48,0,0
1,1,35,53,302,6.316470588,2.846289917,5.962264151,2.866706214,3.409714286,0.563424368,66.03773585,7.047719305,0.75,14371.79524,543,0.031576075,0.49122807,23,74,215,4.52,0,0
1,10,64,92,821,6.315555556,5.965291079,10.04228261,3.168861894,5.79203125,-0.173259829,69.56521739,17.68217295,0.5625,8246.980691,644,0.07570966,0.468622345,23,73,190,4.43,0,1
1,3,26,43,526,6.3,5.571539884,20.62906977,2.713103557,6.511538462,0.939998577,60.46511628,17.77505701,0.8125,10071.57274,450,0.009048812,0.515512126,24,74,194,4.41,0,0
1,4,74,113,789,6.288712871,3.927293141,6.276548673,2.975121009,5.785135135,1.857841994,65.48672566,17.74602356,0.1875,18211.13552,672,0.041282054,0.532989097,30,70,197,4.42,0,0
1,2,38,73,581,6.287083333,5.799869463,12.55383562,3.316116025,6.185789474,0.385920011,52.05479452,16.2632343,0.3125,12895.67296,691,-0.00611556,0.478207237,23,76,207,4.37,0,0
1,1,59,79,575,6.279117647,4.462121201,7.038860759,3.219911867,4.181525424,-0.280595777,74.6835443,15.56581327,0.4375,18489.7859,683,-0.003635571,0.464858531,32,71,190,4.58,1,0
0,2,55,89,636,6.251081081,4.402366008,9.286853933,2.941083555,5.087454545,0.685088537,61.79775281,14.66784265,0.3125,12895.67296,795,-0.00611556,0.478207237,31,79,265,4.53,1,0
1,7,59,95,842,6.244831461,3.592968956,11.90242105,2.589310149,4.583898305,0.990929349,62.10526316,17.13167571,0.3125,11937.85766,717,0.056278113,0.508833742,22,73,209,4.42,0,0
1,3,35,55,532,6.243061224,6.09112967,12.02872727,4.08580671,5.979428571,-0.111701098,63.63636364,15.24469208,0.6875,18869.44337,1014,0.004994475,0.512246981,30,73,210,4.5,0,1
1,4,64,97,743,6.238292683,5.181751862,10.47371134,3.445243265,5.97515625,0.793404388,65.97938144,23.08179901,0.1875,18211.13552,1089,0.041282054,0.532989097,25,72,198,4.42,0,0
1,6,74,108,850,6.227065217,4.657301597,7.700925926,3.253567722,4.979864865,0.322563268,68.51851852,19.16474259,0.6875,18869.44337,989,0.004994475,0.512246981,32,70,200,4.52,2,0
1,3,43,68,590,6.2178125,4.379806617,9.758676471,2.712475212,5.437209302,1.057402685,63.23529412,16.73146551,0.1875,15696.0081,542,0.03152491,0.509734047,21,71,200,4.47,0,0
1,6,77,124,1052,6.211965812,4.449483493,11.48701613,2.970090375,4.538571429,0.089087936,62.09677419,33.29865673,0.75,15119.37179,716,0.045319427,0.516416462,25,71,198,,1,0
1,7,56,102,652,6.180816327,2.335027601,12.68411765,2.756729324,2.574821429,0.239793828,54.90196078,25.92527282,0.8125,10071.57274,941,0.009048812,0.515512126,23,74,200,4.45,0,0
1,6,37,64,553,6.1745,2.866592455,16.4134375,2.364326201,3.65972973,0.793137274,57.8125,29.4050465,0.4375,18489.7859,744,-0.003635571,0.464858531,26,73,196,4.38,0,0
1,2,26,47,316,6.156363636,2.864980468,11.23531915,3.091274842,3.451538462,0.586557993,55.31914894,16.48312544,0.3125,12049.56799,591,0.009323124,0.510487885,23,74,194,4.55,1,0
1,4,71,98,866,6.150212766,4.130715499,9.338979592,3.246848462,4.592394366,0.461678867,72.44897959,20.92940824,0.125,15500.69311,658,0.031874347,0.504024499,31,71,180,4.4,0,0
1,5,66,101,715,6.128426966,4.624369947,8.463069307,3.512672612,5.739848485,1.115478537,65.34653465,23.08417323,0.3125,11845.4414,805,0.021652013,0.540129429,24,72,176,4.39,1,0
1,2,45,64,494,6.122115385,4.433120034,8.56734375,3.228416457,5.227333333,0.794213299,70.3125,14.92308613,0.0625,"20,931.44",569,0.03214709,0.529121517,27,74,195,5.18,0,0
1,2,55,82,788,6.113,4.711260973,9.01402439,2.887994524,7.929818182,3.218557209,67.07317073,17.90385715,0.1875,6950.342707,733,0.06615784,0.493668301,21,71,215,4.42,0,0
0,3,47,72,682,6.083559322,4.195671523,12.03375,2.626242628,4.641702128,0.446030605,65.27777778,19.96502095,0.6875,18869.44337,1084,0.004994475,0.512246981,29,78,265,4.68,3,0
0,3,45,64,577,6.080517241,6.609104981,5.09390625,4.422359424,8.967333333,2.358228352,70.3125,7.621294084,0.75,15119.37179,475,0.045319427,0.516416462,23,75,236,4.42,0,1
0,8,116,156,1163,6.079917355,3.827446469,7.278653846,3.241403232,3.346896552,-0.480549917,74.35897436,25.7972246,0.1875,18211.13552,1107,0.041282054,0.532989097,27,77,250,4.76,0,0
1,4,65,112,891,6.079245283,3.659694966,10.25473214,3.051198104,4.345538462,0.685843496,58.03571429,35.85078224,0.3125,12049.56799,872,0.009323124,0.510487885,23,75,209,,0,0
0,3,32,49,313,6.04075,4.350000834,6.583265306,3.865717027,4.4675,0.117499166,65.30612245,6.564095468,0.1875,19567.80407,504,0.03319067,0.501887459,24,75,245,4.62,0,0
1,7,75,107,1005,5.981960784,3.778653828,9.911775701,2.901513136,5.743466667,1.964812839,70.09345794,28.86474482,0.8125,18985.53715,950,0.05710488,0.502805728,24,73,211,4.42,0,0
0,2,36,49,333,5.964324324,4.475290193,6.286530612,3.440528432,4.436666667,-0.038623527,73.46938776,7.461413997,0.1875,6950.342707,526,0.06615784,0.493668301,22,76,248,4.74,0,0
1,1,43,59,447,5.955272727,4.886592772,5.723220339,3.234327683,5.01372093,0.127128158,72.88135593,8.179118505,0.1875,6950.342707,529,0.06615784,0.493668301,28,70,191,4.39,0,0
1,5,59,89,677,5.919294118,4.214390868,10.37561798,3.021092108,4.931016949,0.716626081,66.29213483,21.11715593,0.6875,17678.83402,764,0.016572893,0.477167183,30,75,229,4.52,0,0
1,9,102,149,1021,5.915244755,3.677371442,8.88966443,2.729485972,4.342058824,0.664687381,68.45637584,29.5415414,0.75,14371.79524,874,0.031576075,0.49122807,24,72,191,4.46,0,0
1,3,48,89,672,5.912808989,3.331130816,12.84719101,2.246120903,5.139166667,1.80803585,53.93258427,30.87900098,0.3125,11845.4414,815,0.021652013,0.540129429,25,74,216,4.4,0,0
1,6,76,120,1270,5.899745763,5.355797857,11.32333333,2.30523626,6.176315789,0.820517932,63.33333333,27.56058034,0.6875,14502.58425,874,0.029891133,0.48635597,28,70,178,4.34,0,0
1,3,65,87,672,5.899390244,3.865493658,7.404137931,2.866364179,3.414153846,-0.451339812,74.71264368,16.15833239,0.8125,18985.53715,769,0.05710488,0.502805728,29,68,180,4.49,0,0
1,4,66,107,872,5.886262626,4.550699442,10.37700935,3.138342282,5.155454545,0.604755104,61.68224299,25.95695737,0.75,15119.37179,934,0.045319427,0.516416462,25,70,194,4.48,0,0
1,12,87,137,1479,5.855714286,4.846703826,14.8040146,3.148717596,6.379655172,1.532951347,63.50364964,38.42517686,0.125,17312.03603,1021,0.025024401,0.492788002,24,70,185,4.29,0,0
1,3,63,88,739,5.804216867,3.689992739,9.045568182,2.721723652,4.138095238,0.448102499,71.59090909,21.66461636,0.0625,"20,931.44",841,0.03214709,0.529121517,33,75,217,4.51,1,0
1,4,23,44,395,5.801904762,3.816841984,14.22113636,2.957531174,5.914347826,2.097505842,52.27272727,15.98337625,0.125,18381.19579,437,0.02577737,0.486296547,27,69,179,4.27,1,1
1,1,36,44,253,5.791142857,4.627421633,3.169318182,3.466580554,4.081111111,-0.546310522,81.81818182,2.669354206,0.125,12606.14049,302,0.04255799,0.492845932,23,68,181,4.51,0,1
1,9,113,153,1373,5.770486111,3.427741437,9.596928105,2.903090043,3.854867257,0.427125819,73.85620915,32.74803065,0.75,14371.79524,1011,0.031576075,0.49122807,28,74,200,4.45,0,0
0,4,64,82,634,5.763225806,3.737677266,6.875,3.547251405,4.02765625,0.289978984,78.04878049,12.57326506,0.75,14371.79524,925,0.031576075,0.49122807,28,78,265,4.83,1,0
0,6,54,76,569,5.763050847,4.309531814,8.054605263,3.446349332,3.716296296,-0.593235518,71.05263158,13.71816966,0.25,12825.42167,860,0.037970804,0.42912392,26,75,235,4.62,0,1
0,13,66,110,750,5.753152174,3.750305338,9.858181818,3.380877393,3.863181818,0.11287648,60,21.99491707,0.6875,14502.58425,715,0.029891133,0.48635597,25,76,253,4.6,0,1
0,4,39,56,502,5.742619048,4.128700067,9.96375,3.12823136,5.118461538,0.989761472,69.64285714,12.07343118,0.6875,9420.503367,625,-0.006351409,0.500014781,22,76,252,4.78,0,1
0,3,29,43,269,5.732777778,5.256908306,6.093255814,3.689418337,5.236206897,-0.020701409,67.44186047,6.781902846,0.5625,24565.10818,564,0.03545595,0.478764493,25,78,261,4.76,0,0
1,2,27,46,268,5.71047619,3.730646242,9.591521739,2.439853777,3.09962963,-0.631016613,58.69565217,8.949075398,0.6875,14502.58425,599,0.029891133,0.48635597,23,73,219,4.55,0,0
1,4,66,94,838,5.71047619,4.910921051,7.911170213,3.031732952,6.136212121,1.22529107,70.21276596,14.23259036,0.5625,8246.980691,830,0.07570966,0.468622345,29,74,210,4.62,1,0
1,8,113,170,1677,5.697839506,3.204687891,14.02658824,2.484572657,4.198672566,0.993984675,66.47058824,45.6369211,0.5625,8246.980691,818,0.07570966,0.468622345,29,75,220,4.34,1,0
1,8,86,138,1524,5.69380597,3.030809243,15.67927536,2.098511042,3.76244186,0.731632617,62.31884058,32.78279696,0.3125,11937.85766,939,0.056278113,0.508833742,25,77,231,4.53,0,1
1,5,42,97,717,5.683152174,3.488204071,16.34103093,2.343665674,4.095238095,0.607034025,43.29896907,34.22183264,0.125,11479.66212,797,0.05201982,0.496732026,28,71,179,4.34,0,0
1,2,53,72,485,5.678955224,4.978758879,6.389027778,3.644751079,5.096037736,0.117278856,73.61111111,9.330396351,0.6875,14502.58425,684,0.029891133,0.48635597,24,72,184,,0,1
1,5,80,117,1204,5.678157895,4.522409684,12.91367521,2.7132489,4.48525,-0.037159684,68.37606838,30.7449062,0.1875,19567.80407,1195,0.03319067,0.501887459,24,70,189,4.33,1,0
0,2,31,48,281,5.671282051,4.309548776,5.704375,3.295796064,4.982258065,0.672709289,64.58333333,6.261534134,0.125,15500.69311,555,0.031874347,0.504024499,25,77,255,4.81,1,0
1,1,35,52,334,5.660980392,2.98069358,9.526346154,2.635366822,2.694285714,-0.286407866,67.30769231,10.04760427,0.6875,14502.58425,560,0.029891133,0.48635597,27,72,204,4.43,1,0
1,4,81,149,976,5.659411765,3.556666846,10.80536913,3.273078564,3.811481481,0.254814635,54.36241611,30.45470194,0.1875,13363.3961,957,0.05368471,0.498953227,25,71,208,4.65,0,0
0,6,30,49,289,5.647837838,2.656718139,8.701428571,2.868555935,2.106333333,-0.550384806,61.2244898,6.459926397,0.3125,11937.85766,534,0.056278113,0.508833742,27,77,235,4.77,1,0
1,7,76,108,1028,5.641276596,5.043010259,9.378518519,2.915722646,5.794736842,0.751726583,70.37037037,22.92610717,0.625,8279.790101,773,0.033791225,0.516237745,23,74,203,4.58,0,0
0,10,103,150,1336,5.618666667,4.644536825,8.9066,2.894876457,5.825242718,1.180705894,68.66666667,25.31156573,0.125,17312.03603,1128,0.025024401,0.492788002,28,77,260,4.63,1,0
1,2,44,78,532,5.586025641,3.082798645,14.30538462,2.422757692,3.295454545,0.2126559,56.41025641,26.82498203,0.1875,13070.916,846,0.06458592,0.476205065,25,74,206,4.5,1,1
0,6,68,101,896,5.582361111,4.720179597,8.019009901,2.965243913,5.733970588,1.013790991,67.32673267,22.04319805,0.0625,"20,931.44",767,0.03214709,0.529121517,31,77,254,4.49,1,0
1,5,28,44,427,5.581395349,3.415494182,12.14931818,2.210701572,4.213214286,0.797720104,63.63636364,14.27034559,0.8125,11869.09747,631,0.059760243,0.493855827,22,73,210,4.49,0,0
0,4,71,88,660,5.577121212,3.291802498,6.687727273,3.239225479,3.514225352,0.222422854,80.68181818,11.26358378,0.5625,8246.980691,809,0.07570966,0.468622345,23,75,248,4.72,0,0
1,1,24,46,286,5.575,5.187600437,8.812391304,2.782508377,4.69,-0.497600437,52.17391304,10.3545958,0.125,18381.19579,380,0.02577737,0.486296547,32,72,211,4.42,1,0
1,5,41,65,653,5.564677419,5.339300242,12.50184615,2.760509326,5.143658537,-0.195641705,63.07692308,20.14647111,0.125,29416.74184,862,0.024343356,0.485303673,26,76,205,4.43,0,0
0,4,56,88,639,5.555806452,4.247654392,8.52875,3.061406314,6.039107143,1.79145275,63.63636364,14.19699841,0.1875,13363.3961,871,0.05368471,0.498953227,22,76,246,4.64,0,1
1,4,55,94,754,5.543,3.325614554,11.87542553,1.957279772,4.5,1.174385446,58.5106383,25.01585495,0.25,12825.42167,825,0.037970804,0.42912392,25,75,210,4.6,2,0
0,4,50,72,610,5.521521739,5.42188586,5.6975,3.27689435,7.9492,2.52731414,69.44444444,7.852438023,0.125,12606.14049,564,0.04255799,0.492845932,28,76,267,4.69,2,0
1,3,40,55,519,5.503962264,5.841065497,8.406181818,3.453011174,6.22025,0.379184503,72.72727273,8.759458753,0.125,17312.03603,587,0.025024401,0.492788002,25,73,211,4.43,1,0
1,1,25,67,380,5.470746269,1.950450212,15.94641791,1.734577675,2.7692,0.818749788,37.31343284,21.40922007,0.125,17312.03603,537,0.025024401,0.492788002,27,77,245,4.61,1,0
1,6,65,92,840,5.451333333,3.536922829,10.8423913,2.49139253,4.669846154,1.132923325,70.65217391,22.66262564,0.1875,18211.13552,881,0.041282054,0.532989097,28,75,218,4.48,1,1
1,4,32,45,503,5.448837209,4.8247755,14.56288889,3.334989638,5.4665625,0.641787,71.11111111,14.92867459,0.6875,17678.83402,375,0.016572893,0.477167183,24,72,180,4.32,0,0
1,1,17,46,171,5.408478261,1.779090332,13.22869565,1.895190928,0.917058824,-0.862031509,36.95652174,15.34295483,0.1875,15696.0081,430,0.03152491,0.509734047,23,73,204,4.58,0,0
0,5,88,136,1377,5.405480769,7.327922412,7.334117647,3.313864093,10.19443182,2.866509407,64.70588235,25.47817558,0.125,18381.19579,929,0.02577737,0.486296547,24,76,247,4.52,0,0
1,1,62,95,651,5.395411765,4.55610006,8.311157895,3.138896414,4.833225806,0.277125746,65.26315789,17.04657821,0.125,11479.66212,872,0.05201982,0.496732026,25,71,195,4.62,0,0
1,7,21,58,210,5.385454545,3.07090382,13.98758621,2.218845365,3.073333333,0.002429514,36.20689655,18.36297708,0.625,8279.790101,602,0.033791225,0.516237745,22,71,188,4.22,1,1
1,2,38,61,383,5.379655172,5.993805307,8.166065574,2.92392837,6.526052632,0.532247325,62.29508197,8.83996039,0.3125,12895.67296,466,-0.00611556,0.478207237,28,70,192,4.46,1,0
1,5,27,45,467,5.361395349,5.359851903,11.83733333,3.37600308,7.574444444,2.214592542,60,13.60654733,0.125,18381.19579,452,0.02577737,0.486296547,22,73,195,,0,0
1,2,30,46,243,5.328604651,2.95369856,8.390217391,3.053193703,2.350666667,-0.603031893,65.2173913,8.825970925,0.125,15500.69311,471,0.031874347,0.504024499,23,73,206,4.52,0,0
1,2,33,68,507,5.320147059,5.002153179,13.99632353,2.682152741,5.464242424,0.462089245,48.52941176,23.87402641,0.8125,18985.53715,844,0.05710488,0.502805728,22,73,200,4.51,0,0
1,7,111,166,1383,5.316601307,4.76091574,8.685783133,3.001245817,6.072522523,1.311606782,66.86746988,27.59972512,0.125,12606.14049,960,0.04255799,0.492845932,21,73,215,4.54,0,0
1,3,54,100,607,5.299285714,3.274264969,10.8181,2.831817901,2.70037037,-0.573894599,54,23.35624749,0.125,11479.66212,856,0.05201982,0.496732026,30,73,214,4.54,0,0
0,1,34,69,343,5.295882353,2.689574634,9.845072464,2.730787668,2.972941176,0.283366542,49.27536232,17.12782266,0.1875,15696.0081,536,0.03152491,0.509734047,23,77,243,4.69,0,0
1,6,97,136,1196,5.280672269,4.454373969,8.824852941,2.667732707,4.377113402,-0.077260567,71.32352941,29.75485675,0.125,29416.74184,925,0.024343356,0.485303673,26,74,211,4.58,2,0
0,3,34,50,552,5.244545455,5.41994272,10.4622,2.904620379,6.482058824,1.062116104,68,11.2939302,0.125,11479.66212,442,0.05201982,0.496732026,22,76,255,4.67,0,0
1,7,33,54,423,5.188510638,4.698406791,11.33148148,2.97224551,5.383636364,0.685229572,61.11111111,13.7125672,0.25,12825.42167,615,0.037970804,0.42912392,23,71,190,4.5,0,0
0,2,35,46,400,5.1703125,3.223001517,9.904565217,2.64262798,3.034,-0.189001517,76.08695652,12.16250848,0.8125,11869.09747,533,0.059760243,0.493855827,37,75,251,,2,0
1,5,50,73,618,5.156515152,3.197621466,12.12863014,2.823577008,3.6118,0.414178534,68.49315068,22.91755643,0.5625,24565.10818,763,0.03545595,0.478764493,29,70,192,4.48,0,0
0,4,33,44,334,5.151764706,5.043176079,7.737954545,3.257800895,5.650606061,0.607429981,75,7.735282357,0.1875,18211.13552,573,0.041282054,0.532989097,23,77,260,4.64,0,0
0,0,24,43,305,5.118461538,5.693538919,7.866976744,3.448165033,6.751666667,1.058127748,55.81395349,7.706151162,0.3125,11937.85766,800,0.056278113,0.508833742,28,77,210,4.87,2,1
1,1,24,47,306,5.081702128,4.585625234,11.90531915,2.545867816,4.460833333,-0.124791901,51.06382979,15.66322732,0.4375,18489.7859,411,-0.003635571,0.464858531,25,75,212,4.45,0,0
1,15,104,168,1297,5.04,4.051946758,11.21779762,2.627776923,5.032788462,0.980841703,61.9047619,36.07485294,0.125,12606.14049,998,0.04255799,0.492845932,30,70,181,4.56,0,0
0,3,43,64,439,5.025208333,4.472854716,7.45203125,2.754435361,4.881162791,0.408308074,67.1875,10.79510731,0.625,8279.790101,839,0.033791225,0.516237745,25,78,265,4.64,0,0
1,4,44,79,549,5.009210526,2.216546655,12.66177215,2.265934191,1.797954545,-0.41859211,55.69620253,24.2290066,0.1875,6950.342707,622,0.06615784,0.493668301,24,76,225,4.7,1,1
1,5,43,79,586,4.982077922,4.575319456,13.74620253,2.553133868,5.78255814,1.207238684,54.43037975,20.54179104,0.1875,13363.3961,765,0.05368471,0.498953227,21,71,193,4.41,0,0
1,10,43,66,664,4.93,2.171537504,15.18424242,2.051655988,2.983255814,0.81171831,65.15151515,24.84554587,0.125,29416.74184,738,0.024343356,0.485303673,23,76,218,5.3,3,0
1,11,115,163,1572,4.921987578,3.644685142,11.86147239,2.522421038,3.683217391,0.038532249,70.55214724,44.04406639,0.6875,17678.83402,1155,0.016572893,0.477167183,26,73,215,4.57,0,0
1,5,70,119,1063,4.882695652,3.968443694,12.59747899,2.264946798,5.352714286,1.384270591,58.82352941,37.50872601,0.6875,14427.63533,904,0.007231946,0.489057931,24,76,213,4.5,0,0
1,13,111,169,1386,4.830617284,4.178552783,11.32621302,2.969168797,4.647387387,0.468834605,65.68047337,33.96870974,0.3125,12895.67296,953,-0.00611556,0.478207237,25,73,215,4.56,0,0
1,5,26,53,445,4.736415094,3.220846186,16.37698113,1.998767692,3.748461538,0.527615352,49.05660377,22.4669136,0.5625,24565.10818,632,0.03545595,0.478764493,23,72,219,4.86,0,0
1,4,41,71,737,4.721267606,4.109941086,13.99746479,2.107671167,7.077317073,2.967375987,57.74647887,22.90045026,0.6875,18869.44337,633,0.004994475,0.512246981,27,75,225,4.52,0,1
1,9,125,147,1405,4.635034483,3.2491604,7.714353741,2.748359542,4.08832,0.8391596,85.03401361,30.27239577,0.75,15119.37179,1060,0.045319427,0.516416462,28,70,195,4.57,2,0
1,4,42,84,704,4.624819277,3.555168799,14.365,2.163073669,4.407857143,0.852688344,50,27.59410824,0.125,15500.69311,819,0.031874347,0.504024499,22,75,216,4.54,0,0
0,5,34,48,565,4.544857143,4.99017386,11.149375,2.500796986,6.884705882,1.894532022,70.83333333,8.1083538,0.3125,11937.85766,435,0.056278113,0.508833742,23,78,251,4.51,1,0
0,2,28,45,333,4.449473684,4.675236958,8.789333333,2.464236806,4.533214286,-0.142022672,62.22222222,9.805729926,0.125,29416.74184,441,0.024343356,0.485303673,38,76,255,4.87,1,0
1,6,46,77,694,4.395657895,3.657494254,12.71272727,2.028803888,4.258913043,0.601418789,59.74025974,22.15653166,0.625,8279.790101,458,0.033791225,0.516237745,30,76,210,4.48,1,1
1,5,35,62,508,3.965645161,2.085334203,15.24306452,2.216704545,3.104571429,1.019237225,56.4516129,23.64643566,0.6875,14427.63533,538,0.007231946,0.489057931,28,74,198,4.46,1,1
1,7,63,93,866,7.396222222,2.570271525,13.46569892,2.874055456,2.346825397,-0.223446128,67.74193548,23.32239513,0.6875,13627.09298,712,0.018785335,0.531477092,24,73,190,4.43,0,0
1,2,90,139,1134,7.317022901,5.616025151,8.099280576,3.407958006,6.718333333,1.102308183,64.74820144,23.69132672,0.1875,22213.65715,986,0.010838929,0.5195635,27,72,193,4.51,1,0
1,2,43,69,601,7.209402985,3.327346876,12.26333333,2.712406234,4.902325581,1.574978706,62.31884058,22.32444141,0.125,14043.33279,859,0.044406664,0.529395923,24,75,209,,0,0
1,2,30,56,421,6.957142857,1.854187387,16.13928571,2.761898276,1.53,-0.324187387,53.57142857,24.79513425,0.625,14265.76105,639,0.035927385,0.489400585,34,71,180,4.38,1,0
1,1,43,62,351,6.890192308,4.349343371,5.171129032,3.464217051,4.309302326,-0.040041045,69.35483871,6.022564187,0.3125,17539.3791,439,-0.017665174,0.468979779,27,69,195,4.43,1,0
0,3,41,59,349,6.765909091,4.331822161,5.798644068,3.476792173,4.39195122,0.060129058,69.49152542,7.300553538,0.5625,35553.16235,607,0.005700142,0.530688616,25,76,245,4.64,1,0
1,4,34,56,310,6.73245283,4.447409206,7.349464286,3.158416889,5.033823529,0.586414323,60.71428571,11.60296692,0.25,9378.526001,310,0.01133364,0.486331484,22,70,176,4.56,0,1
1,9,86,121,1333,6.635321101,4.64325416,10.35330579,2.812145577,7.075348837,2.432094677,71.07438017,19.6211255,0.25,15718.19533,937,0.061617047,0.487538162,23,73,209,4.42,0,1
1,0,43,78,529,6.579333333,3.995860084,8.800128205,2.714040287,5.609534884,1.6136748,55.12820513,14.40645595,0.125,15572.18963,615,-0.030991523,0.536551051,26,72,195,4.54,0,0
1,1,26,47,198,6.552051282,3.066263803,7.102553191,2.592480295,2.537692308,-0.528571495,55.31914894,9.411041665,0.25,9378.526001,425,0.01133364,0.486331484,23,72,200,4.55,1,0
1,3,31,45,294,6.532195122,2.392068561,10.60666667,2.507047909,2.03,-0.362068561,68.88888889,13.55827245,0.8125,17987.18723,597,0.05367205,0.501821513,22,72,203,,0,0
1,9,62,91,779,6.527471264,2.263014035,13.1521978,2.085480772,2.183709677,-0.079304358,68.13186813,22.17123824,0.5625,13055.6118,818,0.025489721,0.498228952,29,74,198,4.46,2,0
1,8,73,118,1008,6.512982456,3.847951686,11.91008475,2.778384877,4.417534247,0.569582561,61.86440678,32.7018166,0.125,13440.13123,851,0.05485951,0.484174783,22,76,198,4.34,0,0
1,0,28,58,296,6.4725,3.996556916,10.5937931,3.019892657,3.358214286,-0.638342631,48.27586207,12.33022957,0.1875,15103.22834,693,0.04293604,0.536149273,29,70,191,4.39,0,0
1,4,49,71,605,6.452903226,4.750971743,6.582676056,3.456287093,6.774897959,2.023926216,69.01408451,14.38521865,0.25,"30,810.65",435,0.04344977,0.482524671,23,70,185,4.59,0,0
1,3,35,52,477,6.4464,4.274360897,13.76615385,2.889291723,4.119142857,-0.155218039,67.30769231,14.81466151,0.3125,16682.30513,557,0.027878672,0.477734539,23,77,227,4.55,0,1
1,7,46,71,584,6.443968254,4.769195806,10.87661972,2.955510969,5.377608696,0.60841289,64.78873239,21.06969117,0.1875,15488.31238,643,0.013195359,0.491458245,22,69,170,4.27,0,0
1,6,30,48,418,6.408666667,3.635019645,12.706875,3.045636107,4.179333333,0.544313689,62.5,17.32578486,0.8125,17987.18723,542,0.05367205,0.501821513,29,74,200,4.45,0,0
1,0,30,44,365,6.403,2.819583467,11.35772727,2.420682407,3.448333333,0.628749866,68.18181818,14.08865245,0.25,9378.526001,482,0.01133364,0.486331484,22,74,213,4.6,0,0
1,2,32,47,416,6.311818182,4.003780815,11.00042553,3.028028628,3.4603125,-0.543468315,68.08510638,9.712068046,0.3125,17539.3791,522,-0.017665174,0.468979779,27,75,195,4.55,1,0
1,10,94,134,1161,6.296585366,4.728895087,7.221492537,3.387731481,5.957446809,1.228551721,70.14925373,20.36385063,0.1875,22213.65715,884,0.010838929,0.5195635,26,74,208,4.62,1,0
1,1,62,97,678,6.281392405,3.852767363,8.861958763,2.95204081,3.641935484,-0.210831879,63.91752577,15.92398221,0.5625,13055.6118,642,0.025489721,0.498228952,33,71,185,4.58,1,0
1,8,82,110,1057,6.265555556,4.674543333,12.81881818,3.236131614,3.987926829,-0.686616504,74.54545455,30.08970983,0.5625,35553.16235,1104,0.005700142,0.530688616,26,70,182,4.4,1,0
1,4,40,55,561,6.264230769,4.502923094,10.68127273,2.663382771,3.734,-0.768923094,72.72727273,12.93001369,0.1875,14809.98987,715,0.006193194,0.534399725,27,73,202,4.38,0,0
1,1,21,43,326,6.262857143,5.2522983,11.25186047,2.673933957,6.886666667,1.634368367,48.8372093,10.18171487,0.1875,22213.65715,480,0.010838929,0.5195635,24,75,196,4.52,0,0
1,3,55,83,828,6.224383562,4.87714963,9.529638554,3.032001076,6.223636364,1.346486733,66.26506024,14.47650423,0.75,18251.1564,720,0.041035194,0.461345997,29,70,192,4.46,1,1
0,2,31,43,321,6.208965517,5.130657193,5.886744186,3.592003703,5.249354839,0.118697645,72.09302326,6.906364507,0.1875,15488.31238,795,0.013195359,0.491458245,26,76,270,5.04,0,1
1,3,66,101,660,6.206666667,4.791238366,6.970693069,3.196159724,4.883030303,0.091791937,65.34653465,16.38220491,0.125,13440.13123,747,0.05485951,0.484174783,25,72,176,4.39,1,1
1,3,44,80,735,6.169230769,3.547011426,15.596375,2.532039496,4.838863636,1.291852211,55,33.03240735,0.0625,15126.08471,634,0.011821044,0.485769801,23,71,213,4.54,0,0
1,2,42,72,583,6.161666667,3.639951711,13.83958333,3.111044564,4.089285714,0.449334004,58.33333333,20.96928629,0.1875,22213.65715,701,0.010838929,0.5195635,25,70,183,4.33,1,0
1,4,75,109,804,6.151442308,4.468533393,7.485412844,2.975833333,5.050933333,0.58239994,68.80733945,21.61511317,0.1875,21850.53193,887,0.004881634,0.51565725,36,75,218,4.48,0,0
1,6,67,106,778,6.104086022,4.786824609,7.620283019,3.174772846,5.320746269,0.53392166,63.20754717,17.92387098,0.6875,11158.06649,783,0.019048922,0.460574374,30,68,174,4.49,0,0
1,5,59,92,680,6.091304348,4.637080291,8.977282609,3.621548229,5.062881356,0.425801065,64.13043478,21.86549403,0.0625,15126.08471,652,0.011821044,0.485769801,23,70,181,4.53,0,0
1,5,45,68,501,6.085373134,3.940120009,10.19705882,3.009626716,4.802,0.861879991,66.17647059,17.61293207,0.625,11926.73936,478,0.052795835,0.491987283,29,70,183,4.34,0,0
0,10,63,97,854,6.062615385,4.289393485,10.83969072,2.982031155,4.895396825,0.606003341,64.94845361,28.68761886,0.1875,15488.31238,503,0.013195359,0.491458245,23,76,255,4.67,0,0
1,6,78,122,833,6.047029703,3.886787996,7.933852459,3.028693984,4.718076923,0.831288927,63.93442623,24.1320678,0.5625,6786.4375,802,0.005515216,0.457261029,26,69,177,4.56,0,0
1,3,68,108,709,6.046354167,4.522327243,9.481018519,3.455413137,4.406029412,-0.116297832,62.96296296,27.12651534,0.1875,21850.53193,791,0.004881634,0.51565725,22,71,200,4.47,1,0
0,3,69,89,734,5.981384615,5.778851136,6.472921348,3.681872099,6.08884058,0.309989444,77.52808989,12.12323362,0.1875,22213.65715,696,0.010838929,0.5195635,26,78,257,4.77,0,0
1,4,29,48,353,5.960425532,3.20991653,11.54958333,3.148719228,2.910344828,-0.299571703,60.41666667,12.47794224,0.125,12475.30377,445,0.033500705,0.495241819,28,67,167,4.4,0,0
1,5,30,44,358,5.945365854,3.300368074,8.679772727,2.905144014,4.133,0.832631926,68.18181818,12.54302417,0.125,28523.45548,527,0.03880248,0.526458367,24,73,203,4.68,0,0
1,6,36,69,645,5.939375,4.892278819,16.08173913,2.621448716,4.228055556,-0.664223263,52.17391304,17.37967328,0.25,15718.19533,645,0.061617047,0.487538162,25,74,215,4.19,1,0
1,3,39,69,363,5.895076923,3.711150001,10.79913043,3.403384954,3.917692308,0.206542307,56.52173913,15.28166299,0.3125,10341.24902,690,0.044405393,0.456843522,26,72,198,4.42,0,0
0,6,88,135,916,5.87920354,3.175665207,8.681555556,2.719924557,3.230909091,0.055243883,65.18518519,24.03610307,0.3125,10341.24902,988,0.044405393,0.456843522,28,77,250,4.76,0,1
0,3,44,68,467,5.871754386,4.354599525,5.998676471,3.069753624,5.955227273,1.600627747,64.70588235,8.360284804,0.6875,8054.165942,444,0.02881312,0.456520629,24,75,240,4.42,0,0
1,0,27,45,216,5.869318182,3.101579367,11.19822222,3.045900449,2.859259259,-0.242320107,60,11.18192147,0.25,"30,810.65",630,0.04344977,0.482524671,24,74,200,4.45,0,0
1,7,58,89,860,5.86925,4.183096278,12.5788764,3.209023802,4.874655172,0.691558895,65.16853933,23.8589163,0.5625,13548.70984,750,0.006781403,0.5243627,25,70,185,4.29,0,0
0,3,35,44,439,5.856774194,4.620417708,4.8425,3.658182544,8.378,3.757582292,79.54545455,5.621410273,0.125,14043.33279,853,0.044406664,0.529395923,24,75,248,4.62,1,0
1,1,49,74,446,5.843478261,3.404868052,7.062297297,3.189910533,3.500612245,0.095744193,66.21621622,9.732827271,0.6875,13627.09298,516,0.018785335,0.531477092,23,72,184,4.42,0,0
0,2,32,59,367,5.8376,5.553497313,7.95559322,2.322400105,6.37125,0.817752687,54.23728814,8.695104488,0.5625,13055.6118,525,0.025489721,0.498228952,22,77,247,4.7,0,0
1,1,36,58,433,5.832280702,4.493103598,9.905172414,2.47961691,5.134722222,0.641618624,62.06896552,14.32321857,0.5625,6786.4375,459,0.005515216,0.457261029,31,75,225,4.52,1,0
1,6,54,105,627,5.82019802,2.960100643,14.51361905,2.565260402,2.925,-0.035100643,51.42857143,30.58135335,0.1875,15103.22834,955,0.04293604,0.536149273,23,71,195,4.31,1,0
1,1,40,80,575,5.800125,2.909482766,11.713375,2.270224913,3.9675,1.058017234,50,19.66733829,0.125,15572.18963,647,-0.030991523,0.536551051,22,77,228,4.68,0,1
0,5,51,89,570,5.787575758,3.968177355,10.36831461,2.619313143,3.918431373,-0.049745983,57.30337079,17.33414984,0.3125,17539.3791,701,-0.017665174,0.468979779,23,78,252,4.54,0,0
1,3,28,56,506,5.786727273,5.557815789,14.93875,2.94261503,7.445714286,1.887898497,50,17.55803215,0.125,15572.18963,403,-0.030991523,0.536551051,23,71,194,4.22,1,1
0,2,36,55,418,5.778484848,5.170535641,7.193454545,3.387950714,7.066944444,1.896408804,65.45454545,8.707901027,0.1875,14809.98987,655,0.006193194,0.534399725,27,76,243,,0,0
1,3,57,81,802,5.771447368,7.090478542,7.828888889,3.179719618,8.518245614,1.427767072,70.37037037,20.82698371,0.125,28523.45548,857,0.03880248,0.526458367,23,72,214,4.48,0,1
0,3,31,52,375,5.768444444,4.381942615,9.376346154,3.197176865,5.438064516,1.056121901,59.61538462,12.38468025,0.625,11926.73936,325,0.052795835,0.491987283,26,76,253,4.6,0,0
1,6,49,85,670,5.742658228,3.370057092,9.525764706,2.169495335,6.098571429,2.728514337,57.64705882,16.59493271,0.6875,8054.165942,624,0.02881312,0.456520629,31,71,197,4.42,0,0
1,1,32,46,359,5.736888889,3.878387518,9.713913043,3.163584991,4.9153125,1.036924982,69.56521739,11.83769922,0.1875,21850.53193,455,0.004881634,0.51565725,26,69,180,4.27,2,0
1,5,41,72,607,5.731805556,5.30955298,11.54666667,2.824932574,5.864634146,0.555081167,56.94444444,21.11722989,0.625,11926.73936,799,0.052795835,0.491987283,24,74,214,4.55,0,0
1,2,52,85,656,5.717236842,4.548126994,10.33858824,3.118524861,4.438461538,-0.109665455,61.17647059,19.77951239,0.125,12475.30377,686,0.033500705,0.495241819,24,71,199,4.5,0,0
1,3,57,83,576,5.7105,3.177619678,9.937951807,3.129946215,3.318947368,0.141327691,68.6746988,16.90564321,0.6875,8054.165942,602,0.02881312,0.456520629,26,70,201,4.48,0,1
1,2,26,56,452,5.695535714,3.895221711,16.62553571,2.550962272,5.893076923,1.997855212,46.42857143,19.2681246,0.3125,16682.30513,548,0.027878672,0.477734539,24,76,207,4.37,0,0
0,6,75,97,787,5.695411765,4.160746929,6.815979381,3.538407925,4.548133333,0.387386405,77.31958763,12.31292694,0.6875,13627.09298,724,0.018785335,0.531477092,24,76,254,4.72,0,0
1,6,100,153,1117,5.683943662,3.866232032,9.175882353,2.835081643,3.5497,-0.316532032,65.35947712,31.78366704,0.125,10121.62254,1058,0.04606132,0.467437878,33,70,200,4.52,2,1
1,6,83,138,1174,5.678473282,3.877212659,9.802681159,2.587291263,5.538072289,1.66085963,60.14492754,29.60809119,0.0625,13418.22246,976,-0.011796974,0.518047762,26,71,196,4.65,0,0
1,2,34,55,287,5.675098039,3.510348879,8.126363636,3.264178571,3.658823529,0.14847465,61.81818182,9.249850475,0.3125,16682.30513,691,0.027878672,0.477734539,25,75,202,4.67,1,0
0,4,63,83,529,5.671481481,2.831400396,6.527710843,3.270660897,2.812222222,-0.019178174,75.90361446,9.916266301,0.75,18251.1564,845,0.041035194,0.461345997,37,78,263,4.65,0,0
0,6,39,48,367,5.64625,4.621299253,7.08625,3.36194834,5.167179487,0.545880235,81.25,9.662080015,0.8125,17987.18723,897,0.05367205,0.501821513,29,78,265,4.83,1,1
0,5,58,86,607,5.644428571,5.189669199,5.807325581,3.043334303,6.227241379,1.03757218,67.44186047,10.24253288,0.3125,10341.24902,832,0.044405393,0.456843522,24,77,256,4.64,0,1
1,5,83,127,997,5.639669421,4.292667898,10.00181102,3.195246002,4.973012048,0.680344151,65.35433071,26.28803573,0.3125,16682.30513,797,0.027878672,0.477734539,26,73,215,4.56,0,0
0,3,38,60,447,5.615,6.237965058,9.219666667,3.893748261,6.818684211,0.580719153,63.33333333,11.44833267,0.3125,16682.30513,673,0.027878672,0.477734539,32,79,265,4.53,1,0
1,6,66,113,1107,5.573539823,3.832156521,12.60469027,2.218435904,5.365909091,1.53375257,58.40707965,26.06872569,0.75,18251.1564,846,0.041035194,0.461345997,23,73,200,4.51,0,0
1,6,99,157,1394,5.55704698,2.835991569,12.28585987,2.163866476,3.673737374,0.837745805,63.05732484,35.92249644,0.6875,13627.09298,812,0.018785335,0.531477092,30,75,220,4.34,1,0
1,3,49,71,670,5.538142857,4.659799978,14.03507042,2.97122408,4.849591837,0.189791859,69.01408451,21.93240394,0.1875,14809.98987,639,0.006193194,0.534399725,25,72,184,4.32,1,0
1,5,31,46,339,5.525365854,2.604988075,8.539782609,3.009347814,4.741612903,2.136624828,67.39130435,10.71792031,0.1875,15488.31238,757,0.013195359,0.491458245,26,71,205,4.62,0,0
1,4,74,133,1035,5.51484375,3.751833564,13.25729323,2.583158398,4.594054054,0.84222049,55.63909774,38.59161465,0.0625,13418.22246,993,-0.011796974,0.518047762,26,71,198,,1,1
1,2,37,47,374,5.512325581,3.841708671,7.198723404,2.913437429,3.466486486,-0.375222184,78.72340426,8.926399548,0.125,14043.33279,388,0.044406664,0.529395923,26,71,195,4.53,0,1
0,5,55,76,652,5.490350877,3.397810685,10.22842105,2.585142808,3.308363636,-0.089447049,72.36842105,15.7768478,0.125,24880.73956,614,0.031250928,0.513774671,24,77,250,4.79,1,0
0,3,40,66,562,5.487,6.218431623,7.843181818,2.71618084,8.4905,2.272068377,60.60606061,15.18271168,0.25,13782.74332,695,0.025272379,0.507570627,21,76,249,4.5,0,0
1,5,90,148,1046,5.473178295,3.770422164,9.160878378,2.642543886,4.157888889,0.387466725,60.81081081,28.45590396,0.125,15572.18963,978,-0.030991523,0.536551051,24,74,203,4.58,1,0
1,1,27,47,426,5.430212766,5.512180121,11.38021277,2.397657302,6.007037037,0.494856916,57.44680851,11.41367669,0.5625,35553.16235,456,0.005700142,0.530688616,28,75,225,4.52,0,0
0,4,36,55,311,5.421111111,2.227854575,7.151636364,2.570152218,2.779444444,0.551589869,65.45454545,6.160665341,0.25,15718.19533,431,0.061617047,0.487538162,28,77,245,4.77,1,0
1,8,79,119,1189,5.394745763,3.649277368,12.84865546,2.555398621,3.275063291,-0.374214077,66.38655462,27.98425989,0.75,18251.1564,845,0.041035194,0.461345997,25,73,211,4.42,0,0
0,4,43,72,448,5.390392157,5.346033977,7.117083333,3.531383293,5.391162791,0.045128813,59.72222222,13.01614476,0.625,11926.73936,798,0.052795835,0.491987283,29,78,262,4.9,1,0
1,6,104,149,1199,5.390367647,3.595639092,10.04677852,2.745371925,3.722211538,0.126572446,69.79865772,30.38163508,0.125,24880.73956,931,0.031250928,0.513774671,27,74,211,4.58,2,0
0,5,97,136,1229,5.39,3.811219479,9.310514706,3.077840743,4.494639175,0.683419696,71.32352941,26.9855613,0.5625,13548.70984,1151,0.006781403,0.5243627,29,77,260,4.63,1,0
0,3,43,63,436,5.384,2.709388908,8.44031746,2.418961464,2.937906977,0.228518069,68.25396825,11.16022331,0.125,15572.18963,491,-0.030991523,0.536551051,28,78,255,4.68,4,0
0,2,36,47,311,5.376315789,3.583268621,6.058510638,2.989143628,3.886944444,0.303675823,76.59574468,8.088661387,0.8125,17987.18723,684,0.05367205,0.501821513,21,74,240,4.63,0,0
0,3,90,117,1145,5.36606383,5.567095238,7.208376068,3.143290086,6.862444444,1.295349207,76.92307692,25.95846055,0.25,"30,810.65",922,0.04344977,0.482524671,26,78,255,4.46,1,0
1,4,32,55,449,5.363703704,3.49591791,13.35909091,3.077793218,3.3753125,-0.12060541,58.18181818,15.65879908,0.5625,13548.70984,834,0.006781403,0.5243627,24,73,203,4.59,0,0
1,3,52,90,673,5.341710526,5.3331758,9.648111111,2.867584117,5.880769231,0.547593431,57.77777778,18.50562097,0.5625,13548.70984,918,0.006781403,0.5243627,26,73,211,4.43,1,0
1,8,67,118,1157,5.341025641,4.017919094,15.27737288,2.424221524,4.310447761,0.292528667,56.77966102,28.23515592,0.25,15718.19533,792,0.061617047,0.487538162,26,77,231,4.53,0,0
1,5,29,54,397,5.329038462,4.033852751,13.89314815,2.895081677,3.164482759,-0.869369993,53.7037037,16.98475011,0.125,10121.62254,591,0.04606132,0.467437878,26,70,192,4.33,0,1
1,1,28,52,297,5.271041667,4.420150617,8.563269231,3.256236562,4.630357143,0.210206525,53.84615385,13.06038768,0.25,13782.74332,653,0.025272379,0.507570627,24,73,206,4.52,0,0
1,11,65,116,1190,5.270877193,4.189462071,15.40327586,1.947506026,4.889076923,0.699614852,56.03448276,33.09949039,0.5625,13055.6118,937,0.025489721,0.498228952,25,76,213,4.5,0,0
1,4,87,135,1175,5.25625,3.976858448,11.14214815,2.640551015,4.783103448,0.806245001,64.44444444,30.18522235,0.1875,15103.22834,910,0.04293604,0.536149273,22,72,215,4.56,0,0
1,2,49,90,1001,5.233258427,3.43113793,17.38944444,2.003895259,4.761020408,1.329882478,54.44444444,31.76334728,0.125,24880.73956,839,0.031250928,0.513774671,24,76,218,5.3,3,0
1,7,58,93,919,5.23173913,2.634287753,14.14709677,2.111865233,3.896551724,1.262263971,62.3655914,37.09160415,0.25,9378.526001,764,0.01133364,0.486331484,23,72,210,4.35,0,0
0,2,52,82,597,5.200952381,4.680495531,8.764146341,2.821402272,4.449038462,-0.231457069,63.41463415,14.42165677,0.1875,15103.22834,790,0.04293604,0.536149273,34,77,255,4.51,2,1
0,3,38,55,273,5.162903226,3.884020078,4.634545455,3.780452965,4.748421053,0.864400975,69.09090909,6.748331449,0.0625,15126.08471,684,0.011821044,0.485769801,29,76,267,4.69,2,0
1,2,59,89,520,5.161025641,3.639279424,7.551797753,3.101366127,3.276271186,-0.363008238,66.29213483,15.2161609,0.125,10121.62254,803,0.04606132,0.467437878,30,74,215,4.62,1,0
1,9,149,185,1725,5.154972376,3.411483824,8.144486486,2.563296073,4.065704698,0.654220874,80.54054054,41.33610603,0.6875,8054.165942,995,0.02881312,0.456520629,29,70,195,4.57,2,1
0,5,85,107,1053,5.151511628,5.826984498,5.746261682,3.268650382,7.533058824,1.706074325,79.43925234,20.19344456,0.125,28523.45548,980,0.03880248,0.526458367,25,76,250,4.52,0,1
1,5,66,97,869,5.137659574,3.923006651,10.85134021,2.50301766,3.835151515,-0.087855136,68.04123711,34.56975828,0.125,28523.45548,996,0.03880248,0.526458367,32,71,180,4.4,1,0
1,6,72,124,1112,5.116422764,3.693511596,11.80395161,2.501444075,5.20625,1.512738404,58.06451613,42.93013284,0.25,13782.74332,933,0.025272379,0.507570627,23,76,216,4.54,0,1
0,2,37,60,408,5.112653061,4.135146858,8.394333333,2.959677204,5.041081081,0.905934223,61.66666667,10.59901725,0.1875,22213.65715,440,0.010838929,0.5195635,25,75,240,4.62,0,0
1,7,98,154,1147,5.058531469,3.258742668,11.08220779,2.23541376,3.05877551,-0.199967158,63.63636364,38.41337151,0.125,12475.30377,1003,0.033500705,0.495241819,26,74,220,4.6,2,0
0,7,34,48,341,5.050625,4.348480393,5.464375,2.896780837,5.344411765,0.995931371,70.83333333,5.772913154,0.1875,14809.98987,882,0.006193194,0.534399725,33,79,270,4.94,0,0
1,9,72,128,1202,5.042903226,3.482921735,13.77359375,2.134388209,4.203194444,0.72027271,56.25,33.11781015,0.3125,17539.3791,905,-0.017665174,0.468979779,26,75,216,4.45,0,0
0,1,34,53,459,5.040833333,4.190909562,9.415660377,2.466795176,5.020882353,0.829972791,64.1509434,7.816028944,0.25,15718.19533,782,0.061617047,0.487538162,24,78,250,4.51,2,1
1,7,104,150,1165,5.038819444,4.01757046,10.28633333,2.672764359,3.908846154,-0.108724306,69.33333333,33.95980156,0.1875,14809.98987,1116,0.006193194,0.534399725,27,73,212,4.57,0,0
1,5,47,90,775,5.002222222,3.885941498,14.30633333,2.343314128,5.351489362,1.465547864,52.22222222,29.96028006,0.125,13440.13123,866,0.05485951,0.484174783,26,75,205,4.35,1,0
1,6,42,64,651,4.960862069,4.51171497,13.48765625,2.61973489,5.038809524,0.527094553,65.625,26.56880971,0.25,"30,810.65",727,0.04344977,0.482524671,27,76,205,4.43,0,1
1,8,52,84,1051,4.9575,4.108227992,13.44666667,2.18627347,8.835384615,4.727156623,61.9047619,29.8000438,0.125,14043.33279,842,0.044406664,0.529395923,22,73,226,4.49,0,0
1,7,58,100,900,4.9111,3.417457114,13.3591,2.47979123,5.038275862,1.620818748,58,28.5071977,0.5625,35553.16235,1038,0.005700142,0.530688616,21,76,230,4.33,0,0
0,9,43,65,705,4.880784314,4.060558359,10.87353846,2.349453497,6.057209302,1.996650943,66.15384615,19.39002543,0.625,14265.76105,535,0.035927385,0.489400585,32,77,254,4.49,1,0
1,3,42,70,552,4.861612903,4.341737684,9.573285714,2.373298046,6.033095238,1.691357554,60,17.74130778,0.0625,15126.08471,573,0.011821044,0.485769801,22,73,215,4.54,0,0
1,8,48,84,740,4.806666667,3.170067805,14.52440476,2.163035078,3.984375,0.814307195,57.14285714,25.00543129,0.6875,8054.165942,701,0.02881312,0.456520629,22,73,190,4.39,0,0
1,4,43,73,490,4.767638889,3.428361717,11.21,2.483647299,3.140232558,-0.288129158,58.90410959,16.78267611,0.3125,10341.24902,493,0.044405393,0.456843522,29,75,218,4.48,1,0
1,6,72,115,1060,4.649553571,3.04275908,14.16173913,2.387455361,3.112777778,0.070018698,62.60869565,36.13842931,0.6875,11158.06649,997,0.019048922,0.460574374,29,71,179,4.34,0,1
1,6,63,94,1126,4.621182796,4.229065313,14.89797872,2.504979811,5.098571429,0.869506115,67.0212766,39.78030656,0.8125,17987.18723,877,0.05367205,0.501821513,25,72,191,4.46,0,0
1,3,32,60,428,4.540338983,2.495263626,14.3445,2.125521711,2.42,-0.075263626,53.33333333,16.16743183,0.3125,17539.3791,404,-0.017665174,0.468979779,22,77,218,4.61,0,1
0,2,28,50,388,4.45975,4.594862036,9.4782,2.844542227,5.597142857,1.002280821,56,10.51600334,0.6875,11158.06649,705,0.019048922,0.460574374,22,76,254,4.51,0,0
1,5,52,96,779,4.337446809,3.547760594,15.344375,2.173501235,3.8,0.252239406,54.16666667,36.72577955,0.5625,6786.4375,927,0.005515216,0.457261029,26,75,190,4.36,0,0
1,4,61,98,631,7.62752809,3.913009417,11.73540816,3.21906344,4.420327869,0.507318452,62.24489796,24.44892293,0.25,11587.30507,781,0.10003755,0.494425221,22,71,172,4.38,0,0
1,8,58,100,769,7.455670103,3.876105687,13.7479,3.265744792,4.845344828,0.969239141,58,39.29655567,0.0625,8024.270075,914,0.0696412,0.498867676,23,69,170,4.27,0,0
1,3,37,55,394,7.141666667,5.614923543,7.708,3.423245681,6.172702703,0.55777916,67.27272727,10.4288487,0.875,21108.92106,290,0.027098445,0.581360724,24,69,190,4.44,1,1
1,5,58,79,600,7.064571429,4.13510729,6.410253165,3.311375513,5.222068966,1.086961676,73.41772152,10.52295826,0.1875,15434.58898,585,0.09309268,0.527394812,21,73,220,,0,0
1,2,26,43,452,6.963589744,5.830800154,16.91953488,3.34740267,5.998076923,0.167276769,60.46511628,16.75838161,0.25,24146.69033,581,0.048290774,0.531851995,21,72,190,,0,0
1,1,32,48,477,6.951458333,6.475281806,10.93416667,3.524658653,8.1090625,1.633780694,66.66666667,14.5610112,0.1875,13707.10152,711,0.05083388,0.46212995,24,77,214,,1,0
1,1,33,44,391,6.914634146,7.829263579,2.106818182,4.6000523,12.26939394,4.440130361,75,2.459362158,0.375,25451.52813,305,0.012677608,0.532670332,24,72,214,4.48,0,0
1,6,90,129,936,6.900932203,5.717379116,7.077906977,3.41209112,5.669888889,-0.047490227,69.76744186,23.93202942,0.625,31508.9842,1119,0.03644945,0.514152859,28,72,193,4.51,1,1
1,3,77,97,851,6.805316456,4.752918988,7.058041237,3.473624456,4.562987013,-0.189931975,79.3814433,17.12504033,0.3125,12642.02966,659,0.056065865,0.527917527,24,71,195,4.31,1,1
1,5,65,92,984,6.78,4.009703099,12.29195652,2.411305685,4.483076923,0.473373824,70.65217391,28.83890547,0.125,9106.518273,751,0.10302499,0.469137629,25,75,209,,0,1
1,6,35,47,417,6.7175,4.939943266,9.268723404,4.093774477,5.173428571,0.233485306,74.46808511,9.435163707,0.6875,28986.91208,513,0.016791783,0.450563043,25,72,215,4.86,0,0
1,6,81,119,1143,6.692454545,3.684021376,12.02756303,2.98250915,4.318518519,0.634497143,68.06722689,30.35009224,0.125,14674.35299,801,0.09684313,0.517526391,26,70,183,4.33,1,0
1,4,34,50,448,6.68,2.892812606,9.5078,3.48488347,3.855882353,0.963069747,68,14.56558173,0.625,14008.62707,706,0.08150795,0.475614417,24,74,210,4.49,0,1
1,0,46,69,602,6.6728125,5.392822294,8.304202899,3.434234043,6.55326087,1.160438575,66.66666667,11.51875298,0.625,10345.77332,460,0.07628672,0.495302288,34,71,185,4.58,1,1
1,9,76,115,978,6.661071429,2.525771339,12.86669565,2.533997025,2.785526316,0.259754977,66.08695652,29.74563818,0.625,10345.77332,939,0.07628672,0.495302288,30,74,198,4.46,3,0
0,4,63,89,615,6.647580645,3.537218604,6.737191011,3.065083673,4.491746032,0.954527428,70.78651685,12.84885914,0.75,19448.69305,973,0.024790712,0.45263991,24,77,242,4.75,0,0
1,2,56,77,656,6.631029412,5.711911941,6.841688312,3.477421529,6.495892857,0.783980916,72.72727273,12.13470464,0.25,24146.69033,550,0.048290774,0.531851995,24,70,185,4.59,0,0
1,3,45,59,466,6.608245614,3.606818805,9.587118644,4.223176901,3.862888889,0.256070084,76.27118644,11.27406232,0.625,17702.04307,845,0.07272215,0.507079101,25,73,203,4.59,0,0
1,1,36,54,373,6.589245283,3.566878882,10.11777778,3.146773974,4.798888889,1.232010007,66.66666667,12.85782869,0.125,24425.94498,370,0.0753505,0.456284131,27,67,169,,2,1
1,5,55,88,642,6.579012346,3.102783424,11.38920455,3.260938638,3.462727273,0.359943849,62.5,20.82627695,0.1875,15434.58898,785,0.09309268,0.527394812,27,73,194,4.59,0,0
1,2,35,52,388,6.578958333,2.554016068,9.095,2.136361178,2.413428571,-0.140587497,67.30769231,12.0676897,0.6875,15911.48802,424,0.009893209,0.485957925,32,71,197,4.42,0,0
1,5,61,82,726,6.559506173,3.330620329,9.351829268,3.125095525,2.860655738,-0.469964591,74.3902439,23.49569059,0.625,14008.62707,652,0.08150795,0.475614417,33,71,180,4.4,1,0
0,6,56,88,571,6.558548387,5.1954414,6.696136364,3.418660985,4.787142857,-0.408298543,63.63636364,10.76795161,0.8125,12167.0377,786,0.064562514,0.54629988,27,76,245,4.67,0,1
1,5,92,130,1114,6.5578125,3.68697514,9.109692308,2.531540953,4.61,0.92302486,70.76923077,25.37714501,0.75,19448.69305,944,0.024790712,0.45263991,26,73,211,4.42,0,0
1,1,31,54,396,6.530769231,5.470692288,13.85148148,3.281032594,5.553225806,0.082533519,57.40740741,14.36009476,0.125,14898.41217,511,0.006848845,0.51904616,21,71,195,4.47,0,0
0,5,56,91,558,6.495735294,3.656230579,7.624395604,2.996042495,3.622857143,-0.033373436,61.53846154,14.61935565,0.1875,6626.193273,815,0.07966245,0.467864081,27,76,253,4.6,1,1
1,3,66,90,656,6.486853933,3.492237986,8.160222222,3.026044202,3.183939394,-0.308298592,73.33333333,18.73969778,0.6875,15911.48802,561,0.009893209,0.485957925,27,70,201,4.48,0,1
1,3,38,48,441,6.458292683,4.732513176,6.974375,2.86361529,4.723421053,-0.009092124,79.16666667,7.098751034,0.125,14674.35299,369,0.09684313,0.517526391,30,70,192,4.46,1,1
1,7,65,84,840,6.435454545,3.738555946,9.795238095,2.953453672,4.811692308,1.073136361,77.38095238,14.69115192,0.25,20782.13439,915,0.0709579,0.51999484,24,73,209,4.42,0,1
1,3,95,136,1093,6.432755906,4.811136186,9.594338235,2.882738763,5.475157895,0.664021709,69.85294118,32.63845636,0.3125,12642.02966,805,0.056065865,0.527917527,27,75,190,4.36,0,0
1,6,67,108,908,6.428018868,3.244749659,12.045,2.47992286,4.621492537,1.376742878,62.03703704,27.29126544,0.0625,7505.353931,805,0.043029454,0.509957108,21,76,210,4.43,0,0
0,2,28,44,243,6.427096774,5.189630391,6.157272727,3.557170997,5.498928571,0.30929818,63.63636364,5.759390472,0.25,11587.30507,644,0.10003755,0.494425221,21,78,258,4.7,0,0
0,3,46,65,524,6.407142857,4.138771865,8.760153846,2.850925907,4.491521739,0.352749874,70.76923077,10.93181844,0.125,14898.41217,604,0.006848845,0.51904616,25,77,256,4.64,0,0
0,1,39,53,387,6.371621622,3.102038423,7.172830189,2.421021808,3.705384615,0.603346192,73.58490566,9.69474409,0.125,9106.518273,360,0.10302499,0.469137629,25,74,246,,0,0
1,3,92,124,974,6.346637931,4.428676559,6.328064516,3.237742267,5.812826087,1.384149528,74.19354839,20.56731268,0.625,31508.9842,902,0.03644945,0.514152859,27,74,208,4.62,1,0
1,4,41,62,560,6.343035714,6.400721649,10.56032258,3.40840983,7.19902439,0.798302741,66.12903226,13.04996034,0.625,17702.04307,591,0.07272215,0.507079101,22,70,187,4.33,0,0
1,6,115,160,1407,6.304968553,3.629404293,8.9670625,3.142846884,4.690782609,1.061378315,71.875,33.20719169,0.3125,22615.58572,1043,0.034151647,0.462357832,28,73,212,4.57,0,1
0,7,37,60,504,6.29755102,2.00869252,11.711,2.200846682,3.305675676,1.296983156,61.66666667,21.52895866,0.625,14008.62707,531,0.08150795,0.475614417,33,77,254,4.49,1,0
0,2,36,60,349,6.29097561,3.047049385,8.535,2.477850351,3.198055556,0.151006171,60,10.64119374,0.1875,15434.58898,548,0.09309268,0.527394812,29,78,255,4.68,4,0
1,0,59,81,729,6.290133333,3.864131381,10.2908642,3.412791636,3.804576271,-0.05955511,72.83950617,28.29588543,0.375,24540.60019,665,0.0476752,0.517482048,23,74,200,4.63,0,0
1,1,40,61,503,6.276166667,5.835817866,8.503114754,3.174078157,7.08325,1.247432134,65.57377049,13.0206346,0.5625,9697.411646,772,0.1436799,0.448304296,22,76,220,4.52,0,0
1,3,72,101,840,6.26923913,4.186592712,8.78980198,3.208957795,4.885833333,0.699240621,71.28712871,21.1461415,0.1875,9047.314267,815,0.06781257,0.468692667,27,71,196,4.65,0,1
1,7,35,62,599,6.266885246,3.702748723,15.905,3.16748388,3.934285714,0.231536991,56.4516129,19.4541222,0.5625,21727.15594,870,0.042374015,0.535151087,21,74,213,4.54,0,0
1,4,45,62,483,6.250163934,5.27419367,8.760483871,3.212629714,5.747777778,0.473584108,72.58064516,9.697981484,0.25,20782.13439,406,0.0709579,0.51999484,32,70,185,4.56,0,0
0,4,31,45,438,6.238108108,5.383789872,12.61111111,3.904784194,5.808709677,0.424919806,68.88888889,13.13493221,0.3125,22615.58572,469,0.034151647,0.462357832,25,78,220,4.64,1,1
1,3,33,46,451,6.223333333,6.452034026,10.18065217,3.691646872,6.091818182,-0.360215844,71.73913043,11.57538547,0.25,12380.53793,582,0.116303705,0.448257081,24,77,227,4.55,0,0
0,3,28,47,250,6.222926829,3.314748202,7.508723404,3.253626961,3.1675,-0.147248202,59.57446809,8.859072196,0.5625,9697.411646,395,0.1436799,0.448304296,28,74,238,4.62,1,0
1,2,49,74,667,6.218,3.472188841,9.648783784,2.845233708,4.544897959,1.072709119,66.21621622,18.94292529,0.375,25451.52813,688,0.012677608,0.532670332,25,73,203,4.68,0,0
1,10,100,132,1054,6.205583333,4.02851175,10.00545455,3.395380351,3.4658,-0.56271175,75.75757576,28.60503044,0.6875,28986.91208,1002,0.016791783,0.450563043,27,70,182,4.4,1,0
1,6,48,79,621,6.191351351,4.290852386,11.97417722,3.454007267,3.901875,-0.388977386,60.75949367,21.89448541,0.3125,22615.58572,781,0.034151647,0.462357832,23,71,200,4.47,1,0
1,3,28,55,511,6.191090909,4.957030788,16.40527273,3.070112757,6.755357143,1.798326355,50.90909091,19.18835118,0.6875,25398.18167,920,0.075409055,0.477087902,23,73,212,4.39,0,0
0,1,63,109,654,6.19060241,3.822835035,7.094220183,2.947230694,4.733968254,0.911133219,57.79816514,19.73100693,0.6875,15911.48802,837,0.009893209,0.485957925,25,75,240,4.42,1,0
0,3,62,93,673,6.18915493,4.85854388,6.92655914,3.473756995,6.12016129,1.26161741,66.66666667,12.7588734,0.25,18555.71152,733,0.06182024,0.557740476,22,76,249,4.5,0,0
1,3,33,53,501,6.188,4.119554905,15.31188679,3.437165888,3.774848485,-0.34470642,62.26415094,14.48992528,0.25,20782.13439,495,0.0709579,0.51999484,23,69,174,4.3,1,1
1,4,82,107,967,6.18688172,4.701335438,7.87411215,3.510714332,4.452804878,-0.24853056,76.63551402,16.62155497,0.5625,21727.15594,817,0.042374015,0.535151087,31,68,174,4.49,0,0
1,3,51,68,771,6.172769231,3.284252101,11.73441176,2.73293571,4.708627451,1.42437535,75,14.58130419,0.8125,12167.0377,468,0.064562514,0.54629988,31,75,220,4.34,1,1
1,3,33,48,432,6.159512195,4.489490311,8.636458333,3.226845766,6.026969697,1.537479386,68.75,11.84936401,0.0625,8024.270075,632,0.0696412,0.498867676,27,71,205,4.62,0,0
1,14,74,108,925,6.159423077,2.938530966,12.13472222,2.668449227,3.21,0.271469034,68.51851852,32.46909298,0.75,12972.40301,926,0.111193106,0.490247141,30,74,200,4.45,0,1
0,11,52,59,586,6.153877551,5.850756793,7.873389831,4.243192498,4.457307692,-1.3934491,88.13559322,11.48195386,0.25,12380.53793,734,0.116303705,0.448257081,26,77,237,4.58,0,1
1,1,54,72,409,6.143,3.645406925,5.915277778,3.312021113,3.557407407,-0.087999518,75,9.857564101,0.3125,22615.58572,745,0.034151647,0.462357832,37,75,218,4.48,0,0
1,3,30,56,381,6.141764706,3.558334903,11.01839286,3.189248627,4.418333333,0.85999843,53.57142857,12.22131992,0.25,18555.71152,521,0.06182024,0.557740476,21,69,176,3.93,0,1
1,9,97,128,831,6.138846154,4.141888592,5.827265625,3.056727046,4.386185567,0.244296975,75.78125,15.7165132,0.1875,6626.193273,1009,0.07966245,0.467864081,23,73,215,4.54,0,1
1,4,38,67,539,6.100909091,2.386768086,13.06313433,2.491713158,2.898421053,0.511652967,56.71641791,16.80310401,0.125,14898.41217,553,0.006848845,0.51904616,24,74,215,4.58,0,0
0,3,31,45,287,6.088,4.592990373,6.796444444,3.640405903,4.546129032,-0.046861341,68.88888889,7.52360968,0.875,21108.92106,675,0.027098445,0.581360724,24,76,252,4.78,0,0
1,2,23,44,293,6.087142857,4.22401074,13.82909091,2.805171821,3.969130435,-0.254880305,52.27272727,12.05197275,0.25,18555.71152,534,0.06182024,0.557740476,25,73,206,4.52,0,0
1,9,90,143,1374,6.086571429,3.045828476,14.88398601,2.92646925,3.071222222,0.025393746,62.93706294,38.89389385,0.8125,12167.0377,822,0.064562514,0.54629988,25,73,190,4.43,1,0
1,6,59,89,699,6.0845,4.298200759,7.553595506,3.23180278,5.589491525,1.291290766,66.29213483,16.5377226,0.875,21108.92106,593,0.027098445,0.581360724,27,69,177,4.56,0,0
1,2,33,57,309,6.038035714,2.932106461,8.152982456,2.854030523,3.332727273,0.400620812,57.89473684,15.77530577,0.375,24540.60019,584,0.0476752,0.517482048,22,76,225,4.53,1,1
1,4,66,118,1193,6.029230769,4.254826103,13.40788136,2.51026078,6.096212121,1.841386019,55.93220339,39.57471929,0.3125,12642.02966,836,0.056065865,0.527917527,23,72,215,4.56,0,0
1,3,30,60,505,5.930833333,4.733315451,15.574,2.620778234,5.662,0.928684549,50,22.98705803,0.875,21108.92106,651,0.027098445,0.581360724,26,73,215,4.19,1,0
0,6,53,85,703,5.918194444,3.34153075,11.13388235,2.049102035,3.775471698,0.433940948,62.35294118,22.27174742,0.125,24425.94498,621,0.0753505,0.456284131,24,78,252,4.54,0,0
1,4,79,110,841,5.903253012,3.593147868,8.620636364,2.741550116,4.762531646,1.169383777,71.81818182,19.89413794,0.0625,7505.353931,746,0.043029454,0.509957108,25,74,203,4.58,1,0
1,5,74,111,935,5.873218391,4.6352393,9.376486486,3.015356083,4.560945946,-0.074293354,66.66666667,22.3027703,0.75,19448.69305,731,0.024790712,0.45263991,21,74,189,4.5,0,0
0,1,36,72,335,5.858305085,3.152623173,7.33875,2.967404201,2.862222222,-0.290400951,50,10.14429593,0.125,14898.41217,635,0.006848845,0.51904616,29,77,250,4.76,0,0
0,1,40,53,349,5.8521875,4.84052295,4.45490566,3.855346143,5.1995,0.35897705,75.47169811,4.953446706,0.0625,7505.353931,868,0.043029454,0.509957108,24,76,259,4.71,1,0
1,5,44,71,629,5.831290323,4.654480276,10.93887324,2.94331581,5.584772727,0.930292451,61.97183099,19.49643539,0.5625,9697.411646,907,0.1436799,0.448304296,25,74,214,4.55,0,0
1,6,53,79,419,5.821,3.579220381,6.059240506,3.523452703,3.032830189,-0.546390192,67.08860759,9.18993845,0.125,14898.41217,791,0.006848845,0.51904616,25,71,190,4.59,0,0
1,1,47,77,604,5.806184211,4.280281811,11.85441558,2.981461598,3.493617021,-0.78666479,61.03896104,30.98541348,0.375,24540.60019,901,0.0476752,0.517482048,27,69,180,4.27,2,0
1,7,88,125,1400,5.797131148,3.374740374,11.50008,2.634390197,5.318977273,1.944236899,70.4,35.61454798,0.75,12972.40301,886,0.111193106,0.490247141,21,73,192,4.43,0,0
0,9,107,145,1196,5.777477477,4.868387932,7.883931034,2.953782116,5.679906542,0.81151861,73.79310345,26.33213171,0.25,24146.69033,993,0.048290774,0.531851995,27,78,255,4.46,1,0
0,6,72,110,670,5.768918919,3.399045737,7.288090909,2.902572639,4.099166667,0.70012093,65.45454545,22.24185861,0.1875,13707.10152,1081,0.05083388,0.46212995,29,78,250,4.61,0,1
0,8,50,76,456,5.759047619,3.966526213,7.101842105,3.037817974,4.1266,0.160073787,65.78947368,11.4741378,0.25,11587.30507,649,0.10003755,0.494425221,33,79,265,4.53,1,0
0,1,41,62,417,5.726792453,4.983655412,6.31,3.601964477,6.026341463,1.042686051,66.12903226,10.25429993,0.625,31508.9842,707,0.03644945,0.514152859,26,75,240,4.62,0,0
1,8,100,147,992,5.726766917,4.642977006,7.237823129,2.944502019,4.6515,0.008522994,68.02721088,22.62647056,0.6875,25398.18167,874,0.075409055,0.477087902,28,74,211,4.58,2,0
0,8,41,65,448,5.722307692,4.84988836,5.683692308,3.27276598,6.260487805,1.410599444,63.07692308,9.421365364,0.125,9106.518273,778,0.10302499,0.469137629,25,75,248,4.62,1,0
1,9,62,109,859,5.712242991,3.44367675,13.30431193,2.513778395,5.209354839,1.765678089,56.88073394,30.55626962,0.1875,6626.193273,761,0.07966245,0.467864081,22,76,227,4.42,0,0
1,6,51,79,742,5.700263158,3.908519459,12.46189873,2.595981618,4.995098039,1.08657858,64.55696203,19.49948503,0.25,18555.71152,750,0.06182024,0.557740476,26,76,212,4.47,1,0
0,6,67,101,723,5.689506173,5.319777835,7.167425743,3.325123785,5.062686567,-0.257091268,66.33663366,14.55268062,0.625,10345.77332,766,0.07628672,0.495302288,23,77,248,4.7,1,1
1,2,40,63,471,5.675862069,3.51405395,10.82031746,2.785846581,4.70325,1.18919605,63.49206349,14.16498526,0.1875,15434.58898,439,0.09309268,0.527394812,27,75,205,4.35,1,0
1,5,30,56,392,5.671454545,3.324876512,12.99357143,2.276561617,4.607333333,1.282456821,53.57142857,15.33197075,0.1875,6626.193273,514,0.07966245,0.467864081,24,71,213,4.54,0,0
0,2,48,63,634,5.670377358,4.351664934,6.921904762,3.859116871,6.624583333,2.272918399,76.19047619,11.56934897,0.375,25451.52813,443,0.012677608,0.532670332,26,76,250,4.52,0,1
0,7,58,88,701,5.632089552,3.341108134,10.42590909,2.595598192,3.386551724,0.04544359,65.90909091,26.22495355,0.0625,8024.270075,699,0.0696412,0.498867676,24,77,255,4.67,0,0
1,15,87,135,1276,5.626465517,4.217577848,13.22511111,3.433063851,5.22183908,1.004261233,64.44444444,35.58552813,0.625,17702.04307,1083,0.07272215,0.507079101,26,70,185,4.29,0,0
0,5,44,60,521,5.625490196,4.239709346,7.607666667,3.065636977,5.817045455,1.577336109,73.33333333,11.96431099,0.625,31508.9842,908,0.03644945,0.514152859,27,78,257,4.77,0,1
1,5,53,93,706,5.609230769,2.93367814,14.21709677,2.280449723,3.317924528,0.384246389,56.98924731,27.47447755,0.1875,15434.58898,702,0.09309268,0.527394812,23,76,198,4.34,0,1
1,0,28,44,276,5.609210526,2.780870325,9.224772727,2.760845132,2.876071429,0.095201104,63.63636364,9.552061074,0.125,24425.94498,374,0.0753505,0.456284131,24,74,195,4.61,1,0
1,6,102,151,1250,5.600753425,3.274145069,9.500066225,2.307674202,3.64127451,0.367129441,67.54966887,30.4957302,0.25,11587.30507,954,0.10003755,0.494425221,27,74,220,4.6,2,0
1,5,59,105,843,5.556952381,3.263727045,12.12619048,2.718619436,4.511016949,1.247289904,56.19047619,27.28408448,0.75,19448.69305,1004,0.024790712,0.45263991,24,73,200,4.51,0,1
1,5,60,96,748,5.548461538,4.073040519,9.6671875,2.780034138,4.8825,0.809459481,62.5,24.62147843,0.375,25451.52813,728,0.012677608,0.532670332,22,72,206,4.5,0,0
0,4,26,46,231,5.539069767,2.532507408,8.464782609,2.092486751,3.260384615,0.727877207,56.52173913,10.33038228,0.375,25451.52813,247,0.012677608,0.532670332,30,74,242,4.72,4,0
1,6,33,63,690,5.532666667,6.453174686,18.02825397,3.120286621,7.623939394,1.170764708,52.38095238,28.07347976,0.25,12380.53793,875,0.116303705,0.448257081,25,76,207,4.37,0,1
1,2,49,76,485,5.506617647,3.824940722,9.625263158,2.956582269,3.17244898,-0.652491743,64.47368421,15.55111959,0.25,11587.30507,607,0.10003755,0.494425221,25,71,199,4.5,0,0
1,5,48,85,756,5.493647059,2.656320163,15.07117647,2.081118824,3.427083333,0.770763171,56.47058824,27.24316714,0.6875,25398.18167,799,0.075409055,0.477087902,25,76,218,5.3,3,0
1,4,72,109,786,5.4821,4.093116497,8.80266055,2.81959817,4.086666667,-0.006449831,66.05504587,17.533418,0.8125,12167.0377,762,0.064562514,0.54629988,24,72,184,4.42,0,0
1,2,37,55,421,5.48,4.850102844,8.076545455,3.618562096,4.497297297,-0.352805547,67.27272727,8.853778417,0.625,17702.04307,550,0.07272215,0.507079101,27,73,211,4.43,1,0
1,8,127,166,1535,5.470379747,3.532189458,10.24228916,2.951891136,3.674724409,0.142534952,76.5060241,33.54218864,0.5625,21727.15594,1135,0.042374015,0.535151087,26,72,191,4.46,0,0
1,11,70,106,1075,5.445809524,3.655077602,11.32141509,2.404694913,6.162714286,2.507636684,66.03773585,30.60388137,0.125,9106.518273,805,0.10302499,0.469137629,23,72,226,4.49,0,1
1,10,83,129,1303,5.427952756,3.194530421,13.60294574,2.615326192,4.733253012,1.538722591,64.34108527,38.00619005,0.6875,28986.91208,1040,0.016791783,0.450563043,22,76,230,4.33,0,0
1,7,88,144,923,5.420699301,4.34098981,8.051388889,3.16699427,4.633068182,0.292078372,61.11111111,24.42950757,0.1875,6626.193273,811,0.07966245,0.467864081,24,70,181,4.53,0,0
1,3,50,96,751,5.419894737,2.939752341,14.05979167,2.315010113,3.2064,0.266647659,52.08333333,34.44040152,0.6875,15911.48802,877,0.009893209,0.485957925,23,73,190,4.39,0,0
0,11,105,145,1416,5.351693548,4.864403014,8.747034483,3.027427148,5.84647619,0.982073176,72.4137931,25.2795395,0.625,17702.04307,1086,0.07272215,0.507079101,30,77,260,4.63,1,0
1,2,52,81,618,5.343205128,4.101332661,10.78271605,2.467497566,4.179230769,0.077898108,64.19753086,22.89275997,0.625,31508.9842,895,0.03644945,0.514152859,25,75,196,4.52,0,0
0,4,46,70,435,5.33,5.267558797,7.057142857,3.045361778,3.769782609,-1.497776188,65.71428571,11.76677957,0.1875,9047.314267,784,0.06781257,0.468692667,25,76,254,4.72,0,0
0,1,37,49,403,5.311176471,3.604404936,7.763877551,3.666369829,4.838918919,1.234513983,75.51020408,8.066964948,0.125,14674.35299,405,0.09684313,0.517526391,28,76,243,,0,0
1,2,47,104,523,5.259117647,1.920450013,13.90038462,1.724043468,2.105106383,0.18465637,45.19230769,30.32866332,0.0625,7505.353931,820,0.043029454,0.509957108,32,76,210,4.62,3,0
1,4,87,134,1118,5.235546875,4.125530978,9.584552239,2.826290783,5.816781609,1.691250631,64.92537313,35.63208505,0.1875,13707.10152,1018,0.05083388,0.46212995,24,72,210,4.35,0,0
1,3,23,43,319,5.225609756,2.382192992,14.24627907,2.641620625,1.764347826,-0.617845165,53.48837209,14.59152125,0.1875,9047.314267,316,0.06781257,0.468692667,27,71,198,,1,0
1,13,70,109,1006,5.217102804,3.634737196,12.76513761,2.813668038,3.814,0.179262804,64.22018349,24.84354495,0.25,20782.13439,1087,0.0709579,0.51999484,27,77,231,4.53,1,0
1,5,56,93,762,5.206666667,3.407681515,12.68978495,2.460379169,3.596785714,0.1891042,60.21505376,29.62521337,0.5625,9697.411646,744,0.1436799,0.448304296,30,70,183,4.34,0,1
0,4,60,93,613,5.197761194,3.391219069,8.280430108,2.469098921,4.156166667,0.764947598,64.51612903,16.37673639,0.6875,25398.18167,913,0.075409055,0.477087902,25,77,250,4.79,1,0
1,8,48,82,896,5.183461538,4.181145427,15.3402439,2.439920334,5.259375,1.078229573,58.53658537,28.97485805,0.25,24146.69033,731,0.048290774,0.531851995,27,72,198,4.42,0,0
1,0,40,55,438,5.103773585,2.356106898,9.644909091,2.48569839,2.07875,-0.277356898,72.72727273,16.25319031,0.125,14674.35299,441,0.09684313,0.517526391,30,71,195,4.57,2,0
1,3,52,113,856,5.096880734,4.082979662,13.91548673,2.699938833,5.455,1.372020338,46.01769912,31.14502456,0.25,18555.71152,806,0.06182024,0.557740476,21,73,192,4.45,0,1
1,8,53,75,879,5.07527027,4.969613798,12.544,2.97664336,5.898679245,0.929065448,70.66666667,19.94953243,0.125,14674.35299,577,0.09684313,0.517526391,26,72,184,4.32,1,1
0,3,24,44,288,5.0421875,5.414871766,8.287272727,3.969420907,7.232916667,1.8180449,54.54545455,7.193671211,0.5625,21727.15594,618,0.042374015,0.535151087,23,76,254,4.51,0,0
0,7,45,77,623,5.002884615,4.969177032,11.5125974,2.710043003,5.836888889,0.867711857,58.44155844,15.82798425,0.25,20782.13439,1032,0.0709579,0.51999484,31,78,265,4.68,3,0
1,18,115,149,1374,4.977142857,5.196027881,9.086912752,3.166504884,5.34573913,0.149711249,77.18120805,33.46606554,0.25,12380.53793,904,0.116303705,0.448257081,27,73,215,4.56,0,0
1,0,23,44,357,4.953255814,3.49245792,15.11113636,2.134927898,4.959130435,1.466672515,52.27272727,16.35617591,0.875,21108.92106,439,0.027098445,0.581360724,22,75,208,4.38,0,0
1,4,63,103,793,4.826504854,2.239745615,10.31504854,1.738251908,2.952857143,0.713111528,61.16504854,25.00329471,0.125,24425.94498,726,0.0753505,0.456284131,27,75,216,4.45,0,1
1,4,37,52,599,4.819615385,2.654110994,14.38269231,2.802317659,2.47027027,-0.183840723,71.15384615,17.81452316,0.1875,9047.314267,609,0.06781257,0.468692667,25,73,198,4.64,0,0
1,3,33,52,458,4.743076923,3.719866684,12.84384615,3.262185479,5.062121212,1.342254529,63.46153846,13.17603425,0.5625,21727.15594,626,0.042374015,0.535151087,30,71,179,4.34,0,0
0,5,30,43,365,4.6925,4.053864561,8.277209302,2.989944463,4.426333333,0.372468772,69.76744186,8.81797686,0.75,12972.40301,545,0.111193106,0.490247141,22,74,240,4.63,0,1
1,1,54,64,435,7.957272727,6.849621543,1.111875,5.663636698,8.371296296,1.521674753,84.375,1.68526154,0.235294118,22905.15351,453,0.018573288,0.503926756,21,67,180,4.28,0,1
1,2,33,47,272,7.90475,4.713766498,6.885106383,3.730289276,4.54,-0.173766498,70.21276596,6.160711566,0.117647059,12968.33427,603,0.013176538,0.524644368,23,71,210,4.39,0,1
1,1,36,53,366,7.694693878,3.51549399,7.948113208,2.618812388,3.259722222,-0.255771768,67.9245283,10.11973113,0.647058824,18343.99591,344,0.011799677,0.527646394,28,70,201,4.48,1,1
1,6,91,146,1008,7.661544118,4.553452978,11.52013699,3.547443575,4.337032967,-0.216420011,62.32876712,32.02085047,0.117647059,12968.33427,924,0.013176538,0.524644368,24,69,170,4.27,0,1
1,3,36,59,570,7.182592593,5.560030271,10.36135593,3.629111707,6.886388889,1.326358618,61.01694915,16.18130516,0.647058824,17376.99461,298,0.009710815,0.497156964,23,66,170,4.49,1,0
1,0,39,57,420,7.138979592,4.498181099,6.699298246,3.363215457,6.103846154,1.605665055,68.42105263,9.1734612,0.647058824,18343.99591,301,0.011799677,0.527646394,22,72,193,4.39,0,0
1,4,81,140,1055,7.105238095,4.090608236,11.271,2.902197726,5.073703704,0.983095468,57.85714286,36.42714179,0.235294118,15003.61445,986,0.022849798,0.512426973,23,71,172,4.38,0,1
1,1,38,66,410,7.097878788,2.976438712,11.34787879,1.938978447,2.629210526,-0.347228186,57.57575758,17.28992998,0.235294118,15003.61445,617,0.022849798,0.512426973,28,74,220,4.6,2,1
1,1,47,70,546,7.063970588,2.69152491,13.853,3.33946132,3.892553191,1.201028281,67.14285714,19.93278382,0.235294118,24595.61451,710,0.0220574,0.510395269,26,74,200,4.45,0,0
1,5,53,110,519,7.046633663,3.460175817,10.90827273,2.77779288,2.934716981,-0.525458836,48.18181818,27.86638922,0.352941176,13511.42938,978,0.004484822,0.496388029,28,75,190,4.36,0,0
1,3,31,48,448,7.003555556,3.950103032,11.01645833,3.422102741,4.840967742,0.89086471,64.58333333,10.49986498,0.647058824,25477.41241,613,0.03612271,0.498236942,24,73,212,4.39,0,1
1,8,73,107,1175,6.986736842,3.931010338,14.87803738,3.225007835,4.151780822,0.220770484,68.22429907,35.57652769,0.705882353,28058.18673,813,0.021555629,0.512780799,28,70,182,4.4,1,0
1,1,46,68,515,6.907272727,3.137007098,9.174264706,2.662842684,3.879130435,0.742123337,67.64705882,11.87688477,0.117647059,12968.33427,604,0.013176538,0.524644368,21,73,210,4.39,0,1
0,4,30,57,245,6.846666667,3.647566558,7.659122807,2.563676999,2.913333333,-0.734233225,52.63157895,7.637055735,0.352941176,16621.62915,535,0.008555921,0.481174557,30,77,245,4.77,1,0
1,2,59,83,693,6.829275362,6.538327237,7.16313253,4.122586128,8.750677966,2.212350729,71.08433735,12.76403896,0.117647059,14022.59117,723,0.019397646,0.531925402,23,70,187,4.33,0,1
1,4,48,71,576,6.809130435,5.449962812,10.01295775,3.703546755,6.010625,0.560662188,67.6056338,19.07946647,0.705882353,14078.10139,742,0.01371268,0.521178668,27,68,182,4.34,0,0
1,8,68,104,865,6.786153846,3.418487869,11.20259615,2.607778833,3.713088235,0.294600367,65.38461538,22.68716762,0.764705882,18791.29032,898,0.0280718,0.483346711,27,73,211,4.42,0,0
1,1,82,112,693,6.769278351,4.422635113,5.363482143,4.001007353,3.95,-0.472635113,73.21428571,11.22937872,0.705882353,14339.7188,738,0.041309588,0.478306447,32,68,174,4.49,0,0
1,2,26,58,339,6.762241379,3.034228005,13.42344828,2.96771734,2.623076923,-0.411151082,44.82758621,18.70342521,0.647058824,18343.99591,536,0.011799677,0.527646394,24,73,190,4.39,0,0
1,4,34,59,492,6.759473684,2.647831404,13.09711864,2.670059065,3.602352941,0.954521537,57.62711864,18.06528687,0.764705882,13005.03202,450,-0.007971469,0.502581425,26,75,209,,0,0
0,4,48,63,478,6.74,4.495883593,5.455079365,4.134476053,5.307291667,0.811408074,76.19047619,7.680257089,0.705882353,28058.18673,650,0.021555629,0.512780799,27,75,240,4.62,0,0
1,0,41,62,383,6.722264151,4.311252555,7.122258065,3.206488639,3.88902439,-0.422228165,66.12903226,10.59931063,0.235294118,13956.6846,658,-0.002232303,0.514020923,28,71,195,4.53,1,0
1,6,77,121,1397,6.697747748,5.173695639,8.651900826,3.320780214,10.3712987,5.197603063,63.63636364,26.61290938,0.235294118,35846.18382,952,0.041426253,0.529061625,25,72,214,4.48,1,0
1,2,33,57,299,6.696315789,4.800664831,10.05192982,2.879938032,4.44030303,-0.360361801,57.89473684,14.13180742,0.294117647,15658.64761,803,0.03302644,0.474718113,22,71,195,4.47,1,0
1,0,63,100,619,6.69258427,4.834031741,5.7624,3.649670951,6.566507937,1.732476196,63,12.24671963,0.411764706,18183.73328,697,0.026141085,0.508349594,22,73,220,,0,0
1,5,90,119,912,6.66257732,4.113220312,7.20394958,3.485304832,4.825444444,0.712224132,75.6302521,23.00716567,0.705882353,14078.10139,816,0.01371268,0.521178668,21,72,195,4.51,0,0
1,2,46,65,409,6.635517241,5.106548119,4.741230769,4.092235707,5.578478261,0.471930142,70.76923077,7.204793533,0.764705882,13005.03202,390,-0.007971469,0.502581425,25,69,190,4.44,1,0
1,3,32,50,377,6.61,2.79368572,9.9348,2.356899085,3.6821875,0.88850178,64,13.14843539,0.647058824,17376.99461,520,0.009710815,0.497156964,25,74,210,4.49,1,0
1,9,103,128,1038,6.58380531,4.614241637,6.5453125,3.393140888,4.641359223,0.027117586,80.46875,17.22132007,0.235294118,24595.61451,817,0.0220574,0.510395269,25,70,185,4.59,0,1
1,16,145,191,1947,6.565126582,4.849522868,8.382879581,3.63061209,6.156896552,1.307373684,75.91623037,31.3141487,0.764705882,33867.19293,1301,0.040338974,0.504073442,28,74,208,4.62,1,1
1,6,104,140,1015,6.519593496,4.22614152,6.790785714,3.336877119,4.574903846,0.348762326,74.28571429,21.99134419,0.235294118,15243.41361,903,0.0394654,0.452133795,22,70,182,4.37,0,0
0,2,30,49,271,6.510606061,4.682410524,6.359795918,3.51487063,4.895333333,0.212922809,61.2244898,7.480101389,0.235294118,13956.6846,507,-0.002232303,0.514020923,26,77,243,4.69,0,1
0,2,73,112,780,6.506262626,3.854940774,8.700714286,2.781407536,3.455068493,-0.399872281,65.17857143,22.54117985,0.235294118,15243.41361,828,0.0394654,0.452133795,25,78,252,4.54,0,0
1,3,31,53,406,6.504,2.638406976,9.651132075,2.454409476,3.087741935,0.449334959,58.49056604,12.64695774,0.647058824,12470.02879,610,0.001026146,0.461132358,24,68,193,4.49,1,0
1,5,55,70,800,6.433970588,4.389565525,8.481571429,3.298332501,7.117636364,2.728070839,78.57142857,14.00345304,0.882352941,17522.52271,613,0.013372356,0.481710813,26,73,203,4.68,0,0
1,0,38,56,467,6.382093023,4.047816877,10.39375,3.581559672,5.089473684,1.041656807,67.85714286,13.27353912,0.176470588,16599.1994,412,0.07066842,0.472477618,22,73,192,4.45,0,0
1,2,51,71,447,6.373174603,3.308516238,5.987746479,3.445735908,3.429803922,0.121287683,71.83098592,9.938911917,0.764705882,13005.03202,538,-0.007971469,0.502581425,28,69,177,4.56,0,1
1,6,90,134,1028,6.35568,3.60590854,10.63052239,3.257264017,3.886555556,0.280647016,67.1641791,36.74832445,0.647058824,16754.13167,831,0.022998646,0.492696274,27,70,183,4.33,1,0
0,9,107,153,1361,6.35096,3.854263934,10.45431373,3.055090276,4.493364486,0.639100552,69.93464052,30.45154437,0.117647059,12968.33427,936,0.013176538,0.524644368,25,77,255,4.67,0,0
1,5,98,127,1103,6.347079646,5.361638866,7.308661417,3.29049459,6.263877551,0.902238685,77.16535433,16.23729329,0.352941176,16621.62915,833,0.008555921,0.481174557,25,73,209,4.42,1,0
1,5,67,94,828,6.344078947,5.157607702,8.02893617,3.169977056,5.873432836,0.715825134,71.27659574,17.28198869,0.647058824,11007.81672,1020,0.058091793,0.499866613,26,74,203,4.58,1,0
1,6,88,129,1082,6.340238095,3.828703452,9.691937984,2.762800339,4.100681818,0.271978366,68.21705426,31.27518692,0.647058824,14422.55827,980,0.049095754,0.485674683,23,76,220,4.52,1,0
1,4,42,62,545,6.337118644,4.281868843,11.16225806,3.410888018,4.892380952,0.610512109,67.74193548,12.10642232,0.352941176,16621.62915,268,0.008555921,0.481174557,33,70,185,4.56,0,0
0,5,49,63,493,6.3146,4.394511315,4.577777778,3.657359885,6.212653061,1.818141746,77.77777778,6.603939923,0.647058824,11007.81672,966,0.058091793,0.499866613,28,78,260,4.64,1,0
1,6,79,120,1102,6.310090909,3.619826682,10.629,3.067840135,5.651772152,2.03194547,65.83333333,24.83715876,0.764705882,18791.29032,941,0.0280718,0.483346711,22,74,189,4.5,0,0
1,6,45,61,602,6.297111111,4.969084761,9.479672131,3.641353165,6.209111111,1.24002635,73.7704918,11.26033762,0.764705882,18791.29032,589,0.0280718,0.483346711,25,74,188,4.48,2,0
1,1,24,47,275,6.292,2.244507042,11.6706383,2.790234488,1.75875,-0.485757042,51.06382979,13.40905035,0.235294118,9883.479839,509,0.040955,0.500010985,26,73,198,4.64,0,0
1,12,75,129,967,6.288095238,2.947574352,12.73248062,2.584869217,4.588133333,1.640558981,58.13953488,36.70598384,0.705882353,28058.18673,820,0.021555629,0.512780799,23,76,230,4.33,0,0
0,3,46,73,408,6.264166667,4.640360173,5.130410959,3.402181627,4.405869565,-0.234490608,63.01369863,8.997131642,0.647058824,18343.99591,722,0.011799677,0.527646394,26,75,240,4.42,1,0
1,5,44,82,537,6.26195122,3.661718839,13.17865854,2.631560672,3.694545455,0.032826616,53.65853659,21.13484526,0.764705882,33867.19293,862,0.040338974,0.504073442,28,71,198,,2,0
0,2,55,93,665,6.217183099,4.447781096,10.02688172,2.852018169,4.917636364,0.469855268,59.13978495,19.16791712,0.235294118,24595.61451,679,0.0220574,0.510395269,28,78,255,4.46,1,1
1,4,45,69,556,6.201515152,4.718762535,8.500144928,3.78067924,4.764222222,0.045459687,65.2173913,11.47068717,0.764705882,33867.19293,543,0.040338974,0.504073442,29,72,193,4.51,1,0
0,4,61,84,583,6.190923077,3.528366844,7.475119048,2.812075744,3.565245902,0.036879057,72.61904762,16.85166796,0.705882353,14078.10139,658,0.01371268,0.521178668,24,77,248,4.7,1,0
1,4,73,120,832,6.125966387,2.614532537,12.78066667,2.460201247,1.845753425,-0.768779112,60.83333333,32.59501069,0.411764706,18183.73328,980,0.026141085,0.508349594,31,74,198,4.46,3,0
1,9,111,159,1239,6.119591837,3.763652825,10.40113208,3.586631688,4.098198198,0.334545373,69.81132075,35.50461256,0.117647059,14022.59117,1045,0.019397646,0.531925402,27,70,185,4.29,0,0
1,2,52,87,570,6.118765432,4.833968133,8.287356322,2.996522888,5.259038462,0.425070328,59.77011494,17.62547456,0.235294118,9883.479839,533,0.040955,0.500010985,28,71,196,4.65,0,1
1,5,63,105,869,6.111111111,3.486857002,12.04990476,2.640335919,3.653650794,0.166793791,60,32.10902308,0.352941176,14659.1819,650,0.042211823,0.475968516,24,73,226,4.49,0,0
1,5,64,104,916,6.097920792,2.670238346,14.81115385,2.320067131,2.9459375,0.275699154,61.53846154,37.99230466,0.294117647,15658.64761,982,0.03302644,0.474718113,22,72,165,4.48,0,0
1,6,50,89,802,6.08137931,4.631354446,13.62966292,2.543856326,4.6786,0.047245554,56.17977528,23.72406671,0.764705882,33867.19293,1114,0.040338974,0.504073442,25,73,197,4.39,0,1
1,4,66,94,771,6.081358025,3.713366968,9.420744681,3.101704612,4.130606061,0.417239093,70.21276596,21.89500387,0.647058824,12470.02879,612,0.001026146,0.461132358,25,72,184,4.42,0,0
1,3,38,69,384,6.066065574,3.407687024,9.416811594,3.200508009,3.258421053,-0.149265972,55.07246377,16.25371159,0.647058824,14422.55827,872,0.049095754,0.485674683,26,74,214,4.55,0,0
1,10,67,95,726,6.061868132,3.635868096,9.747263158,3.124015546,3.777761194,0.141893098,70.52631579,20.35975146,0.647058824,16035.60781,758,0.01855726,0.496380513,31,74,200,4.45,0,0
1,3,54,92,848,6.052087912,3.541295591,12.36304348,2.512337026,4.001296296,0.460000705,58.69565217,26.9367127,0.235294118,22905.15351,930,0.018573288,0.503926756,33,76,210,4.48,3,0
0,4,56,76,830,6.045,5.392866699,8.247763158,3.574250972,7.048392857,1.655526158,73.68421053,15.46048737,0.294117647,15658.64761,840,0.03302644,0.474718113,26,77,256,4.64,1,1
1,5,53,85,734,6.038227848,3.089151838,11.99023529,2.757911754,4.145849057,1.056697219,62.35294118,23.24197727,0.176470588,16599.1994,849,0.07066842,0.472477618,27,76,212,4.47,1,1
0,5,74,112,763,6.006595745,4.734857672,7.659732143,3.161096318,4.815405405,0.080547734,66.07142857,21.15948106,0.235294118,22905.15351,901,0.018573288,0.503926756,30,77,250,4.76,1,1
1,6,74,110,1091,6.000733945,2.919757888,12.09681818,2.268951119,4.008243243,1.088485356,67.27272727,30.46994681,0.647058824,11007.81672,943,0.058091793,0.499866613,22,76,210,4.43,0,0
1,5,77,103,982,5.999787234,4.109475585,11.43427184,3.379195378,3.263896104,-0.845579481,74.75728155,27.89183633,0.235294118,22905.15351,942,0.018573288,0.503926756,24,71,200,4.47,1,0
1,1,43,62,647,5.997636364,4.238913016,12.32822581,3.374881628,6.04,1.801086984,69.35483871,18.85235793,0.294117647,15658.64761,829,0.03302644,0.474718113,23,72,190,4.35,1,0
1,6,106,157,1138,5.984397163,3.834647703,8.532484076,3.15442876,3.438018868,-0.396628836,67.51592357,26.59963147,0.647058824,25477.41241,972,0.03612271,0.498236942,29,74,211,4.58,2,0
1,0,37,76,521,5.9796,3.447106507,13.70026316,1.737585135,3.248918919,-0.198187588,48.68421053,25.01333282,0.647058824,18343.99591,666,0.011799677,0.527646394,27,76,213,4.5,0,0
0,5,61,85,560,5.962467532,5.705136733,5.320352941,3.103997656,4.812131148,-0.893005585,71.76470588,8.844501987,0.764705882,33867.19293,1027,0.040338974,0.504073442,28,78,257,4.77,0,0
1,3,26,55,430,5.941698113,5.115822649,17.12690909,2.372949769,6.002307692,0.886485043,47.27272727,21.64346799,0.176470588,13336.65253,455,0.031517282,0.482565619,26,76,207,4.37,0,0
0,4,48,83,564,5.937681159,4.706432334,8.691325301,2.770401528,5.282291667,0.575859333,57.8313253,14.32400877,0.647058824,25477.41241,644,0.03612271,0.498236942,34,77,254,4.49,1,0
1,2,31,52,281,5.933269231,3.479749933,9.903269231,3.034815282,3.056129032,-0.423620901,59.61538462,12.73250538,0.647058824,12470.02879,299,0.001026146,0.461132358,26,73,190,4.43,1,0
1,0,36,55,360,5.903076923,3.42456445,8.002727273,2.920683238,4.076388889,0.651824439,65.45454545,7.699681797,0.352941176,16621.62915,708,0.008555921,0.481174557,23,73,205,,0,0
0,1,68,110,1026,5.892021277,3.760056093,10.48945455,2.294515135,5.231470588,1.471414495,61.81818182,28.5284075,0.647058824,12470.02879,774,0.001026146,0.461132358,20,78,250,4.44,0,1
1,1,27,49,394,5.891632653,3.883620932,12.66653061,3.069747674,4.462962963,0.579342031,55.10204082,11.8161534,0.117647059,12968.33427,458,0.013176538,0.524644368,28,73,211,4.43,1,1
1,2,29,49,396,5.883333333,3.224954314,13.78755102,2.69053867,4.127586207,0.902631893,59.18367347,18.13129009,0.705882353,14078.10139,475,0.01371268,0.521178668,26,75,196,4.52,0,0
1,5,43,77,538,5.850526316,4.662041136,11.91831169,3.441146013,5.097906977,0.43586584,55.84415584,21.45470528,0.764705882,13005.03202,476,-0.007971469,0.502581425,21,70,184,4.35,0,0
0,4,68,90,670,5.818208955,4.603813362,6.034888889,4.101818713,4.979411765,0.375598402,75.55555556,12.386204,0.176470588,16599.1994,843,0.07066842,0.472477618,23,76,249,4.5,0,0
0,0,35,52,408,5.7815625,4.773578914,6.619423077,3.351918211,5.625142857,0.851563943,67.30769231,7.315429966,0.411764706,18183.73328,363,0.026141085,0.508349594,26,78,220,4.64,1,0
0,6,71,94,910,5.762266667,4.811127714,7.776276596,3.090572747,6.66971831,1.858590596,75.53191489,18.58210909,0.235294118,35846.18382,1007,0.041426253,0.529061625,27,76,250,4.52,1,0
1,6,46,84,698,5.755180723,2.714443246,12.91095238,2.833434107,3.108695652,0.394252407,54.76190476,28.70664966,0.647058824,17376.99461,833,0.009710815,0.497156964,23,74,204,4.55,1,0
1,8,40,60,513,5.751666667,4.601709295,10.92366667,2.64350743,5.18375,0.582040705,66.66666667,15.05930252,0.176470588,13336.65253,767,0.031517282,0.482565619,25,77,227,4.55,1,0
1,3,34,58,597,5.722068966,3.6011883,14.99844828,2.11445484,4.895588235,1.294399935,58.62068966,21.26570953,0.235294118,9883.479839,699,0.040955,0.500010985,22,74,208,4.48,0,0
0,9,50,75,603,5.719310345,3.652398228,9.906133333,2.693935155,3.394,-0.258398228,66.66666667,17.52371608,0.882352941,17522.52271,801,0.013372356,0.481710813,26,77,250,4.79,1,0
1,4,42,72,626,5.714305556,2.695831001,15.00277778,2.917702826,2.557619048,-0.138211953,58.33333333,20.19273009,0.705882353,14339.7188,790,0.041309588,0.478306447,34,71,180,4.4,1,0
1,10,108,167,1616,5.664424242,3.958468146,12.33994012,2.979162932,4.73787037,0.779402224,64.67065868,45.31017075,0.647058824,16035.60781,1014,0.01855726,0.496380513,22,73,192,4.43,0,0
1,7,50,82,655,5.628552632,3.405543967,10.49219512,2.7642276,3.898,0.492456033,60.97560976,18.91674399,0.647058824,16035.60781,774,0.01855726,0.496380513,24,71,200,4.48,0,0
1,1,33,51,434,5.62755102,3.140774433,12.28,2.94482973,3.778484848,0.637710415,64.70588235,13.31021028,0.411764706,18183.73328,485,0.026141085,0.508349594,26,74,215,4.52,0,0
1,1,28,51,449,5.6126,2.002534943,13.66627451,2.657046184,3.201785714,1.199250772,54.90196078,16.29436367,0.764705882,13005.03202,557,-0.007971469,0.502581425,28,73,194,4.59,0,0
1,4,93,163,1157,5.607682119,4.556255619,10.57355828,2.656482565,4.996236559,0.43998094,57.05521472,40.02587124,0.352941176,13511.42938,992,0.004484822,0.496388029,24,72,215,4.56,0,0
1,5,77,130,1053,5.588487395,3.265498466,13.35423077,2.448305076,4.138961039,0.873462573,59.23076923,41.67066719,0.235294118,13956.6846,1010,-0.002232303,0.514020923,25,72,210,4.35,0,0
0,9,92,134,1125,5.532149533,4.819406398,7.151641791,3.305093757,6.401630435,1.582224037,68.65671642,20.57394594,0.117647059,14022.59117,1102,0.019397646,0.531925402,31,77,260,4.63,1,0
1,5,56,84,826,5.519620253,4.166543338,9.886428571,2.942778569,6.712142857,2.545599519,66.66666667,21.11126081,0.235294118,35846.18382,1060,0.041426253,0.529061625,23,72,206,4.5,0,0
1,0,39,66,277,5.506610169,3.270465886,6.196212121,3.079918807,3.05025641,-0.220209476,59.09090909,9.371505307,0.235294118,11327.77516,552,0.028189132,0.524967375,24,69,190,4.53,0,0
1,1,31,48,434,5.460212766,2.931196603,12.07395833,2.427074286,3.922258065,0.991061461,64.58333333,14.70771105,0.352941176,14659.1819,434,0.042211823,0.475968516,32,75,220,4.34,1,0
0,7,60,79,497,5.4525,3.176982086,5.823417722,3.267817047,4.1995,1.022517914,75.94936709,10.5425138,0.235294118,11327.77516,714,0.028189132,0.524967375,22,77,258,4.77,0,0
0,8,78,104,808,5.37654321,4.408078671,6.901442308,3.511319663,4.652435897,0.244357227,75,13.9765976,0.764705882,18791.29032,1051,0.0280718,0.483346711,25,77,242,4.75,0,0
0,0,60,93,612,5.368955224,4.104694179,7.503225806,3.284674596,4.677,0.572305821,64.51612903,16.10888851,0.235294118,15003.61445,935,0.022849798,0.512426973,22,78,258,4.7,0,0
1,2,83,126,866,5.368695652,3.217121664,9.587222222,2.753380934,2.988915663,-0.228206001,65.87301587,28.49207734,0.882352941,17522.52271,987,0.013372356,0.481710813,24,74,200,4.63,0,0
0,1,28,45,294,5.356857143,6.655026422,5.274666667,3.961486074,8.668928571,2.01390215,62.22222222,5.598456509,0.882352941,17522.52271,547,0.013372356,0.481710813,26,75,248,4.62,1,0
1,5,42,60,568,5.33326087,3.993502403,10.7485,4.115339412,4.760238095,0.766735693,70,13.84542061,0.117647059,14022.59117,723,0.019397646,0.531925402,27,73,205,4.46,2,1
1,4,38,57,476,5.328039216,4.176829434,10.37526316,2.730466172,4.197368421,0.020538987,66.66666667,15.00818434,0.352941176,14659.1819,680,0.042211823,0.475968516,24,74,215,4.57,0,0
1,11,123,169,1553,5.294171779,4.849339049,9.073313609,2.952124671,5.414390244,0.565051195,72.78106509,35.23204037,0.176470588,13336.65253,939,0.031517282,0.482565619,28,73,215,4.56,0,0
1,8,42,64,572,5.2915625,2.944106344,12.6390625,2.829417514,3.456904762,0.512798418,65.625,19.15694294,0.235294118,22905.15351,560,0.018573288,0.503926756,29,73,212,4.57,0,0
1,1,33,60,448,5.2885,3.407342215,11.31016667,2.360439687,3.731818182,0.324475966,55,17.50646228,0.647058824,16754.13167,536,0.022998646,0.492696274,22,76,222,4.43,0,1
1,2,35,62,445,5.278548387,3.351305254,11.88935484,2.376206833,3.806857143,0.455551888,56.4516129,14.35417506,0.764705882,18791.29032,498,0.0280718,0.483346711,25,73,200,4.51,0,0
0,3,61,87,593,5.275076923,5.670115765,5.517931034,3.506495401,5.569508197,-0.100607569,70.11494253,10.55508406,0.647058824,16035.60781,924,0.01855726,0.496380513,26,75,254,4.8,0,0
0,9,49,71,587,5.272758621,5.318024949,7.158873239,3.95030612,6.122040816,0.804015867,69.01408451,9.501537541,0.705882353,14339.7188,1029,0.041309588,0.478306447,24,76,254,4.51,0,0
0,4,24,45,316,5.267560976,4.802447728,10.34844444,3.402861359,6.53875,1.736302272,53.33333333,11.64896025,0.647058824,14422.55827,610,0.049095754,0.485674683,27,77,267,4.75,1,0
1,9,76,129,1146,5.266744186,4.446411903,11.56465116,2.46328505,5.850263158,1.403851255,58.91472868,29.62256958,0.647058824,25477.41241,896,0.03612271,0.498236942,26,76,218,5.3,3,0
1,6,35,63,549,5.255322581,3.58387596,14.08904762,2.596047048,4.026571429,0.442695469,55.55555556,16.5925469,0.705882353,14339.7188,664,0.041309588,0.478306447,22,74,213,4.54,0,0
1,4,33,49,353,5.252727273,3.043100261,10.13469388,2.545687352,3.045454545,0.002354285,67.34693878,9.860687508,0.647058824,25477.41241,458,0.03612271,0.498236942,21,73,210,4.52,0,0
1,2,40,73,515,5.186164384,2.626076189,11.8460274,1.709465777,3.203,0.576923811,54.79452055,20.00319215,0.235294118,15243.41361,539,0.0394654,0.452133795,28,75,216,4.45,0,0
1,2,58,98,776,5.15106383,2.984241875,15.43112245,2.470177849,2.489827586,-0.494414289,59.18367347,34.48657253,0.176470588,16599.1994,920,0.07066842,0.472477618,25,76,216,4.54,1,0
1,2,59,105,848,5.123823529,4.043812138,11.32504762,2.350317682,5.442881356,1.399069218,56.19047619,27.25012375,0.235294118,11327.77516,867,0.028189132,0.524967375,23,76,227,4.42,0,0
1,3,33,58,559,5.088448276,3.610454113,14.11275862,1.990615081,6.154848485,2.544394372,56.89655172,16.82542293,0.235294118,24595.61451,864,0.0220574,0.510395269,22,75,215,4.53,0,0
1,10,103,164,1225,5.056352201,3.050578553,11.61576687,2.654973992,3.28407767,0.233499117,62.80487805,35.39373207,0.705882353,14339.7188,1066,0.041309588,0.478306447,27,72,191,4.46,0,0
1,13,81,128,1455,5.041984127,3.929235857,12.78570313,2.354660484,8.325802469,4.396566612,63.28125,37.47506921,0.647058824,11007.81672,1187,0.058091793,0.499866613,21,72,200,4.34,0,0
1,14,74,114,1035,4.903839286,3.6280638,13.11798246,2.743331634,3.576756757,-0.051307043,64.9122807,26.1603752,0.352941176,16621.62915,1038,0.008555921,0.481174557,28,77,231,4.53,1,0
0,6,55,89,802,4.812205882,5.76463039,9.718988764,3.410231677,6.938909091,1.174278701,61.79775281,15.13154097,0.352941176,16621.62915,771,0.008555921,0.481174557,32,78,265,4.68,3,0
1,3,37,64,473,4.756031746,3.101571591,14.53828125,2.490758301,2.779189189,-0.322382402,57.8125,21.94592121,0.882352941,17522.52271,759,0.013372356,0.481710813,28,72,198,4.42,0,0
0,4,36,53,475,4.6575,6.120264769,8.360566038,3.034921308,7.246944444,1.126679675,67.9245283,10.83221086,0.235294118,9883.479839,670,0.040955,0.500010985,25,76,246,4.64,2,0
1,8,107,169,1161,4.636402439,5.132354796,8.38556213,3.173494923,5.141121495,0.008766699,63.31360947,32.47566319,0.235294118,11327.77516,1047,0.028189132,0.524967375,25,70,181,4.53,0,0
0,3,38,61,345,4.631568627,4.767146574,5.414918033,2.809947851,5.153421053,0.386274479,62.29508197,8.074716367,0.235294118,9883.479839,717,0.040955,0.500010985,26,76,254,4.72,0,0
1,9,84,117,1033,7.531454545,4.229633692,10.93991453,3.543786045,3.368571429,-0.861062263,71.79487179,29.01485459,0.764705882,25011.73287,853,0.000857355,0.472703818,29,70,182,4.4,1,0
1,1,41,56,414,7.497959184,5.373338159,5.265535714,3.832713979,7.124390244,1.751052085,73.21428571,6.779586976,0.235294118,15121.32743,459,-0.008649544,0.518435217,22,67,180,4.28,0,0
1,2,52,64,467,7.302166667,4.930360148,4.4415625,4.227482851,6.07,1.139639852,81.25,6.535644161,0.235294118,15121.32743,513,-0.008649544,0.518435217,24,67,173,4.59,0,0
1,0,39,61,376,7.234893617,4.089147789,7.495901639,3.378432049,3.966923077,-0.122224712,63.93442623,12.58754157,0.705882353,17169.69629,696,-0.006666541,0.50797163,25,75,220,4.64,0,0
1,4,72,119,1042,7.224,3.13567212,14.18352941,2.759257763,2.971388889,-0.164283231,60.50420168,38.6360723,0.529411765,15402.55266,607,0.026340684,0.495535118,22,73,185,4.39,0,0
1,3,37,49,407,7.132444444,4.352525535,9.924489796,3.355424211,4.678108108,0.325582573,75.51020408,12.29070047,0.294117647,9130.145214,632,-0.005628953,0.515527654,24,71,210,4.39,0,1
0,4,50,63,486,7.111153846,4.560927262,6.747619048,3.897847833,4.67,0.109072738,79.36507937,9.636331076,0.764705882,25011.73287,698,0.000857355,0.472703818,24,76,249,4.5,0,0
1,1,33,54,444,7.104339623,4.329049908,11.25574074,3.116793928,5.389393939,1.060344032,61.11111111,17.63444666,0.235294118,12266.01296,393,-0.019904962,0.493829296,22,74,225,4.55,0,0
1,0,47,64,616,7.091551724,5.845250096,9.74203125,3.143329749,4.953404255,-0.891845841,73.4375,15.45583675,0.823529412,8285.494242,555,0.002522436,0.518699286,28,68,182,4.34,0,0
1,3,33,51,354,7.046744186,6.152144322,9.386862745,3.561451879,4.673939394,-1.478204928,64.70588235,11.13900665,0.294117647,13260.90576,787,0.006133889,0.495677675,24,72,190,4.35,1,1
0,2,28,59,356,7.046304348,4.447182582,13.17220339,2.923985347,5.031785714,0.584603132,47.45762712,20.04420682,0.764705882,13351.79496,434,0.002859151,0.455973411,21,78,250,4.44,0,0
1,2,48,75,458,7.038,3.060605909,9.250133333,2.975294798,3.333541667,0.272935758,64,17.534025,0.294117647,9130.145214,669,-0.005628953,0.515527654,27,73,203,4.59,0,0
1,3,57,93,699,7.031910112,4.476720792,10.9372043,2.855099715,3.876842105,-0.599878687,61.29032258,24.34748473,0.647058824,16082.45908,657,0.002346152,0.46874785,28,70,183,4.33,1,0
1,4,72,117,866,7.006909091,3.266815701,10.83632479,2.547116424,3.303194444,0.036378743,61.53846154,32.69989142,0.764705882,13351.79496,819,0.002859151,0.455973411,21,76,210,4.54,0,0
1,5,51,70,426,7.0065625,4.048322118,5.930285714,3.327637779,3.508235294,-0.540086824,72.85714286,8.177770773,0.176470588,16619.61674,570,0.006314393,0.509587968,26,72,184,4.42,0,1
0,4,73,98,766,6.983246753,5.757516159,6.200408163,3.255785777,6.784794521,1.027278361,74.48979592,14.29845471,0.294117647,18293.80028,998,-0.012393085,0.478056597,27,75,240,4.42,1,0
1,1,35,48,434,6.980425532,3.638273915,9.989166667,3.436822115,4.229142857,0.590868942,72.91666667,12.15522836,0.647058824,18841.56513,441,0.011756154,0.490287137,27,73,203,4.68,0,1
1,3,38,59,479,6.922280702,3.011976714,12.68237288,2.78104555,3.120789474,0.10881276,64.40677966,18.54878892,0.823529412,8285.494242,625,0.002522436,0.518699286,27,75,196,4.52,0,0
1,2,53,91,527,6.918292683,2.900545713,8.652857143,2.753780977,2.974339623,0.07379391,58.24175824,22.84519775,0.235294118,12266.01296,809,-0.019904962,0.493829296,30,72,193,4.51,2,0
1,3,64,96,717,6.912826087,2.924155105,9.9125,2.809947165,2.94578125,0.021626145,66.66666667,21.87898045,0.235294118,15121.32743,555,-0.008649544,0.518435217,30,73,212,4.57,1,0
1,3,46,65,538,6.844035088,4.853308988,8.689076923,3.286056533,5.212173913,0.358864925,70.76923077,12.49107054,0.647058824,24856.55241,722,0.015900591,0.442956656,29,68,190,4.44,0,0
1,3,67,107,709,6.8048,3.824110657,10.92401869,3.335681847,3.777014925,-0.047095732,62.61682243,26.87440509,0.235294118,15121.32743,783,-0.008649544,0.518435217,25,69,170,4.27,0,1
1,3,43,74,555,6.786388889,2.767250334,11.29378378,2.351979025,3.049767442,0.282517108,58.10810811,18.47568012,0.705882353,21745.28574,866,0.000783028,0.500641826,26,74,225,4.49,2,1
1,4,64,92,656,6.749390244,3.82766486,7.005978261,3.491297885,4.67390625,0.84624139,69.56521739,14.40467171,0.294117647,13362.98185,850,-0.005757236,0.520183533,26,71,195,4.31,2,0
1,4,57,70,569,6.745,4.102729337,7.174857143,3.190327539,3.308596491,-0.794132845,81.42857143,16.07739069,0.705882353,17039.36508,606,-0.009197803,0.534088317,26,69,185,4.48,2,1
1,2,46,71,724,6.734782609,4.457593214,12.28943662,2.545148422,5.936956522,1.479363308,64.78873239,27.93152128,0.705882353,17039.36508,813,-0.009197803,0.534088317,25,73,190,4.39,0,0
1,7,63,118,892,6.716434783,3.31556483,13.23720339,2.801947241,3.392698413,0.077133582,53.38983051,48.74090393,0.352941176,14038.67818,978,0.011279171,0.464634048,25,72,215,4.56,0,0
1,4,37,48,392,6.701914894,2.836150075,9.052083333,2.811572727,2.890810811,0.054660735,77.08333333,13.90894046,0.705882353,17039.36508,544,-0.009197803,0.534088317,23,75,209,4.61,1,0
1,2,56,94,632,6.698356164,6.42322793,4.337021277,3.582165655,8.999464286,2.576236356,59.57446809,11.83495853,0.176470588,23345.04444,817,0.026827354,0.446122291,26,72,214,4.48,1,0
1,3,104,142,1019,6.684656489,4.363654397,5.77084507,2.984823273,5.237307692,0.873653295,73.23943662,16.14317797,0.176470588,16619.61674,952,0.006314393,0.509587968,26,73,209,4.42,2,0
1,3,40,61,533,6.684313725,4.354841828,11.44885246,3.302983903,5.011,0.656158172,65.57377049,18.01234386,0.764705882,13351.79496,737,0.002859151,0.455973411,25,68,193,4.49,1,0
1,2,32,64,536,6.66890625,2.808204067,13.84671875,2.324376432,3.9040625,1.095858433,50,17.92825381,0.705882353,16058.75915,617,0.001904587,0.5264372,27,75,209,,1,0
1,5,82,121,834,6.598290598,3.936397974,8.53322314,3.540296187,3.934512195,-0.001885779,67.76859504,24.29636044,0.294117647,18293.80028,1061,-0.012393085,0.478056597,27,74,200,4.45,0,0
1,4,57,94,690,6.590322581,3.111759026,12.68212766,2.996536331,3.503508772,0.391749746,60.63829787,22.83142452,0.235294118,20147.53077,1030,-0.016773295,0.467080475,28,76,221,4.53,1,0
1,9,107,156,1359,6.557816901,4.031016109,10.27153846,3.074781936,4.824672897,0.793656788,68.58974359,35.42332639,0.705882353,21745.28574,1128,0.000783028,0.500641826,23,74,189,4.5,0,0
0,2,53,67,470,6.54962963,5.666918694,6.053731343,4.390483411,4.736226415,-0.930692279,79.10447761,9.401663835,0.176470588,10346.77583,591,0.010451383,0.508693013,28,77,237,4.58,1,0
1,2,40,61,493,6.525862069,4.459485683,11.67819672,3.579335806,4.52675,0.067264317,65.57377049,22.00764925,0.411764706,8857.31438,630,-0.018064633,0.55434853,24,71,172,4.38,0,0
0,2,33,55,411,6.515957447,4.580110214,11.46290909,3.483711279,4.905454545,0.325344332,60,13.37349525,0.176470588,18438.29314,497,0.008634296,0.472078553,22,76,250,4.69,0,1
1,4,99,141,925,6.501605839,3.559035793,7.276737589,2.737345719,3.540808081,-0.018227713,70.21276596,26.54280267,0.764705882,14275.45688,1065,-0.007053793,0.499120784,24,76,220,4.52,1,0
1,7,95,136,1210,6.496821705,4.725344854,9.867647059,2.93665454,5.235157895,0.509813041,69.85294118,31.22542336,0.294117647,13260.90576,1291,0.006133889,0.495677675,23,72,165,4.48,0,0
1,3,63,91,623,6.495058824,4.017568576,6.421428571,3.506041504,4.549365079,0.531796503,69.23076923,15.11694386,0.764705882,14275.45688,980,-0.007053793,0.499120784,25,72,205,4.31,3,0
1,6,106,146,1161,6.477822581,4.542830386,6.298082192,3.102968275,5.167641509,0.624811124,72.60273973,22.79419238,0.823529412,8285.494242,832,0.002522436,0.518699286,22,72,195,4.51,0,0
1,6,75,98,812,6.469882353,4.427833843,7.342040816,3.229806229,5.658266667,1.230432823,76.53061224,19.80751866,0.705882353,17169.69629,530,-0.006666541,0.50797163,29,74,208,4.62,1,1
0,3,32,46,450,6.466666667,5.082129025,7.833043478,2.960304331,8.0515625,2.969433475,69.56521739,10.45399684,0.235294118,12266.01296,378,-0.019904962,0.493829296,22,75,250,4.52,0,0
1,6,67,100,972,6.460978261,5.197485519,11.5622,3.689944923,6.304029851,1.106544332,67,24.52606459,0.176470588,18438.29314,713,0.008634296,0.472078553,23,73,192,4.45,1,0
0,3,36,60,373,6.451851852,4.020650763,7.0685,3.161323987,4.461111111,0.440460348,60,10.71891625,0.294117647,9130.145214,440,-0.005628953,0.515527654,22,76,240,4.61,0,0
1,3,42,67,425,6.41968254,4.711694961,9.231343284,3.348993099,4.848333333,0.136638372,62.68656716,14.33661016,0.176470588,10346.77583,529,0.010451383,0.508693013,22,74,200,4.56,0,0
1,8,84,133,1102,6.392,4.826045939,9.479774436,3.231441758,4.684047619,-0.14199832,63.15789474,29.66828169,0.294117647,18293.80028,1115,-0.012393085,0.478056597,25,71,200,4.47,1,1
1,7,119,170,1710,6.379797297,4.085669472,12.17111765,3.31013291,4.331092437,0.245422965,70,40.15443941,0.352941176,27464.65864,859,-0.02128195,0.539574017,28,70,185,4.29,0,0
1,2,42,81,687,6.366025641,4.419107005,13.94246914,2.832613012,3.378095238,-1.041011766,51.85185185,24.75857246,0.235294118,18636.22254,896,0.000828486,0.477835397,27,76,207,4.37,1,0
1,6,90,141,1048,6.345441176,2.455185491,11.77007092,2.266846091,2.616333333,0.161147842,63.82978723,37.62000077,0.764705882,25011.73287,950,0.000857355,0.472703818,24,76,230,4.33,0,0
1,3,72,107,769,6.307941176,3.605667097,8.719065421,3.463561191,3.581944444,-0.023722653,67.28971963,20.63318995,0.647058824,24856.55241,966,0.015900591,0.442956656,22,73,210,4.52,0,1
0,2,63,98,732,6.2915625,3.40111088,8.002040816,2.684244132,4.664285714,1.263174834,64.28571429,16.97060981,0.235294118,6428.489862,743,-0.013786365,0.508025253,23,77,258,4.77,0,1
0,12,110,152,1338,6.283583333,4.813664644,7.272763158,2.89553575,6.190090909,1.376426265,72.36842105,24.23505013,0.235294118,18636.22254,1070,0.000828486,0.477835397,32,77,260,4.63,1,0
0,6,86,129,904,6.253211009,3.406870061,7.663100775,2.956919391,4.89255814,1.485688078,66.66666667,24.505145,0.647058824,12729.23418,1037,-0.007614138,0.466825288,25,77,248,4.7,2,1
1,5,77,120,1191,6.247777778,4.123595807,13.034,2.4726463,5.177922078,1.054326271,64.16666667,34.95471093,0.294117647,13362.98185,1063,-0.005757236,0.520183533,26,72,210,4.35,0,0
1,1,35,56,416,6.238113208,3.891691156,8.280714286,3.532741189,5.097142857,1.205451701,62.5,13.46180085,0.176470588,23345.04444,566,0.026827354,0.446122291,25,75,214,4.72,0,0
1,5,60,90,650,6.229090909,4.429919411,8.313777778,3.366566119,5.245333333,0.815413923,66.66666667,15.33919917,0.647058824,12729.23418,906,-0.007614138,0.466825288,25,71,200,4.48,0,0
0,2,42,65,391,6.219433962,4.133155061,5.669384615,3.159231845,4.603571429,0.470416368,64.61538462,7.259564241,0.176470588,16619.61674,863,0.006314393,0.509587968,23,77,250,4.64,0,0
0,5,32,52,362,6.198695652,4.164502995,9.789038462,3.084644008,3.4265625,-0.737940495,61.53846154,9.878649208,0.352941176,27464.65864,506,-0.02128195,0.539574017,26,78,252,4.54,0,0
0,3,55,69,702,6.193636364,6.39316369,5.8975,3.650578741,7.901818182,1.508654491,79.71014493,9.33109652,0.294117647,13260.90576,938,0.006133889,0.495677675,27,77,256,4.64,1,0
1,2,36,50,330,6.180851064,4.236986591,6.505,3.075739865,4.167222222,-0.069764369,72,6.229172253,0.235294118,20147.53077,377,-0.016773295,0.467080475,26,70,185,4.59,0,0
1,8,78,114,1015,6.165575221,4.280629367,9.861315789,2.889267417,4.901153846,0.620524479,68.42105263,32.63525812,0.176470588,23345.04444,1167,0.026827354,0.446122291,24,72,206,4.5,0,0
1,2,24,47,236,6.154893617,1.752109093,11.1112766,2.338413591,2.509166667,0.757057574,51.06382979,12.0069987,0.235294118,15121.32743,554,-0.008649544,0.518435217,34,76,210,4.48,3,0
1,2,41,78,593,6.146025641,2.483022504,12.08641026,1.94364137,2.79097561,0.307953106,52.56410256,24.38837624,0.764705882,14275.45688,725,-0.007053793,0.499120784,22,75,213,4.41,0,0
1,1,37,65,450,6.12147541,3.069804725,12.03,3.100857407,2.776756757,-0.293047968,56.92307692,15.81940449,0.705882353,16058.75915,731,0.001904587,0.5264372,22,70,184,4.35,1,0
1,2,48,74,548,6.111111111,4.067874435,9.307297297,3.008335296,5.713125,1.645250565,64.86486486,16.48618372,0.647058824,16082.45908,678,0.002346152,0.46874785,29,73,200,4.53,1,0
1,2,31,53,362,6.110196078,4.148897221,11.72207547,3.354059838,5.081612903,0.932715683,58.49056604,15.74972621,0.647058824,18841.56513,476,0.011756154,0.490287137,29,72,198,4.42,0,0
1,7,41,66,611,6.100344828,5.311347528,13.95090909,2.890829455,6.8,1.488652472,62.12121212,21.34288953,0.176470588,10346.77583,507,0.010451383,0.508693013,23,77,208,4.36,0,0
1,4,39,74,424,6.088243243,2.994972467,11.69391892,2.397604617,2.961025641,-0.033946826,52.7027027,19.13026754,0.705882353,21745.28574,833,0.000783028,0.500641826,26,73,200,4.51,1,0
1,4,66,89,752,6.087625,4.640409388,8.405730337,3.561398634,4.080606061,-0.559803327,74.15730337,16.54543243,0.647058824,24856.55241,582,0.015900591,0.442956656,30,74,211,4.58,2,0
0,5,57,89,577,6.084347826,3.518926075,7.254719101,2.87370793,3.884210526,0.365284451,64.04494382,14.2738081,0.705882353,21745.28574,938,0.000783028,0.500641826,26,77,242,4.75,0,0
1,6,70,107,716,6.057156863,3.081043348,10.14523364,2.700078186,2.224142857,-0.856900491,65.42056075,22.25397502,0.647058824,12729.23418,1094,-0.007614138,0.466825288,32,74,200,4.45,1,0
0,5,73,113,847,6.008349515,3.486966261,9.991238938,3.074156441,3.676849315,0.189883054,64.60176991,28.53449256,0.294117647,9130.145214,849,-0.005628953,0.515527654,26,77,255,4.67,0,1
0,2,52,68,414,6.008,3.927740376,5.036029412,3.861562986,3.824423077,-0.103317299,76.47058824,8.016433161,0.6875,11334.72454,676,0.001137324,0.53604548,29,76,245,4.67,1,1
1,1,34,50,417,5.991395349,4.114972756,9.6886,2.881506054,5.526470588,1.411497833,68,11.22891522,0.176470588,10346.77583,371,0.010451383,0.508693013,32,70,192,4.46,3,0
1,7,35,61,523,5.9905,3.659349364,14.69344262,2.782191368,4.276285714,0.61693635,57.37704918,20.03088551,0.294117647,13362.98185,651,-0.005757236,0.520183533,22,71,182,4.43,0,0
1,2,22,45,247,5.939555556,4.386157326,13.99333333,3.147385115,3.261363636,-1.124793689,48.88888889,15.96343393,0.647058824,18841.56513,527,0.011756154,0.490287137,22,74,180,4.28,0,1
1,2,30,51,417,5.9,3.05462116,10.47490196,2.86427247,5.112666667,2.058045506,58.82352941,10.36750679,0.352941176,27464.65864,658,-0.02128195,0.539574017,26,73,219,,0,0
1,2,37,66,481,5.899090909,3.835576415,11.90818182,2.900558728,4.158648649,0.323072233,56.06060606,18.81283392,0.647058824,16082.45908,442,0.002346152,0.46874785,23,76,222,4.43,1,0
1,3,46,81,529,5.868,2.54818927,13.52469136,2.054685911,2.314782609,-0.233406661,56.79012346,25.77835089,0.294117647,18293.80028,808,-0.012393085,0.478056597,32,74,198,4.46,3,0
0,2,41,60,444,5.85452381,3.217316616,7.999,2.662697864,3.394390244,0.177073628,68.33333333,13.92454275,0.235294118,12266.01296,525,-0.019904962,0.493829296,27,76,254,4.72,0,0
0,5,37,54,495,5.845428571,6.042961766,6.613518519,3.2068693,7.648918919,1.605957153,68.51851852,8.54852454,0.647058824,16082.45908,406,0.002346152,0.46874785,30,76,243,,0,0
1,4,83,147,1103,5.844042553,3.927964203,10.70312925,2.63335571,4.967831325,1.039867122,56.46258503,31.8301915,0.705882353,16058.75915,884,0.001904587,0.5264372,22,72,192,4.38,0,0
0,4,58,87,555,5.791492537,5.310949201,5.98908046,3.26285974,5.831206897,0.520257696,66.66666667,11.52370315,0.647058824,24856.55241,708,0.015900591,0.442956656,28,75,240,4.62,0,0
1,7,74,109,1029,5.764259259,3.179018081,11.31954128,2.543515705,3.944324324,0.765306243,67.88990826,28.88280253,0.6875,11334.72454,929,0.001137324,0.53604548,23,76,210,4.43,0,0
1,8,75,117,1356,5.762123894,4.382012739,11.98940171,2.965211729,7.204666667,2.822653927,64.1025641,27.22309876,0.352941176,27464.65864,845,-0.02128195,0.539574017,23,70,182,4.37,0,0
1,2,64,109,829,5.756944444,2.770052887,12.63642202,2.658959076,2.280625,-0.489427887,58.71559633,29.21716074,0.176470588,18438.29314,882,0.008634296,0.472078553,26,76,216,4.54,1,0
1,9,78,132,1160,5.725348837,3.376882397,12.86954545,2.471199963,4.034358974,0.657476578,59.09090909,38.70689911,0.235294118,8639.68954,978,-0.006903131,0.510947207,28,73,211,4.42,0,0
0,3,72,108,620,5.708915663,5.507605991,3.090648148,3.514613863,5.715138889,0.207532898,66.66666667,9.188836523,0.705882353,17169.69629,888,-0.006666541,0.50797163,29,78,257,4.77,1,0
1,6,77,127,1124,5.703577236,2.854976425,13.44511811,2.594674023,3.294545455,0.43956903,60.62992126,33.63795753,0.176470588,16619.61674,1002,0.006314393,0.509587968,29,77,231,4.53,1,0
1,3,78,101,933,5.703020833,4.320394501,7.357920792,3.326578256,6.102948718,1.782554217,77.22772277,16.29211143,0.235294118,18636.22254,892,0.000828486,0.477835397,25,73,215,4.54,1,1
0,7,50,69,544,5.693653846,6.333986071,6.617246377,4.356146365,6.2226,-0.111386071,72.46376812,14.10569307,0.411764706,8857.31438,970,-0.018064633,0.55434853,23,78,258,4.7,0,0
1,3,61,96,839,5.684315789,3.471111971,12.1615625,2.506179362,3.159508197,-0.311603774,63.54166667,26.60185061,0.235294118,8639.68954,1055,-0.006903131,0.510947207,23,74,208,4.48,0,0
0,2,41,59,509,5.682340426,5.319527872,7.665762712,3.872004052,5.329756098,0.010228226,69.49152542,11.46568508,0.647058824,18841.56513,797,0.011756154,0.490287137,27,77,250,4.79,1,1
1,6,67,96,804,5.635232558,4.534393252,9.714375,3.024350822,3.934925373,-0.599467879,69.79166667,23.64170114,0.647058824,18841.56513,690,0.011756154,0.490287137,25,74,200,4.63,0,0
1,1,46,79,457,5.624933333,3.255594393,10.38556962,2.797708809,3.141521739,-0.114072654,58.2278481,25.34693474,0.411764706,8857.31438,662,-0.018064633,0.55434853,24,76,227,4.42,0,0
1,11,88,145,1496,5.582708333,4.629289544,12.23834483,2.603654656,6.622954545,1.993665001,60.68965517,41.29015445,0.294117647,13260.90576,1183,0.006133889,0.495677675,25,73,226,4.49,1,0
0,7,42,65,508,5.567115385,3.218756777,9.222615385,2.599368053,4.330238095,1.111481318,64.61538462,13.72237076,0.529411765,15402.55266,648,0.026340684,0.495535118,25,76,231,4.58,0,0
0,11,60,86,765,5.562266667,5.24314524,7.285465116,3.253585282,6.784833333,1.541688093,69.76744186,18.188759,0.176470588,23345.04444,1024,0.026827354,0.446122291,28,76,250,4.52,2,0
1,14,100,180,1516,5.549885057,4.617899139,12.11683333,2.948601885,5.1856,0.567700861,55.55555556,41.77098096,0.235294118,20147.53077,1044,-0.016773295,0.467080475,29,73,215,4.56,0,0
1,9,87,134,1046,5.509212598,3.130341652,9.548507463,2.602489957,4.827816092,1.69747444,64.92537313,29.95189438,0.6875,11334.72454,983,0.001137324,0.53604548,22,72,200,4.34,0,0
1,3,30,52,502,5.484423077,3.858985318,15.40884615,2.18379066,4.704,0.845014682,57.69230769,19.86261809,0.823529412,8285.494242,534,0.002522436,0.518699286,25,76,198,4.34,1,0
0,6,48,65,517,5.47745098,4.068264058,7.915538462,4.266771245,4.446458333,0.378194275,73.84615385,9.944451317,0.75,11665.80407,937,0.002920119,0.497380843,25,76,254,4.51,0,1
1,3,25,50,397,5.468958333,4.371761448,13.4218,2.321475778,4.8812,0.509438552,50,19.47039504,0.235294118,12266.01296,777,-0.019904962,0.493829296,25,74,215,4.57,0,0
0,1,39,61,323,5.448461538,3.363605571,6.972295082,3.738320036,3.289230769,-0.074374802,63.93442623,9.505004928,0.294117647,13362.98185,681,-0.005757236,0.520183533,31,78,250,4.61,1,0
1,8,128,184,1809,5.432613636,4.106531269,10.34222826,3.094315914,5.051015625,0.944484356,69.56521739,39.01159501,0.647058824,12729.23418,1135,-0.007614138,0.466825288,23,73,192,4.43,0,1
1,7,48,93,836,5.429782609,2.352292262,15.87655914,2.755270439,2.980833333,0.628541072,51.61290323,28.5381844,0.75,11665.80407,1044,0.002920119,0.497380843,23,74,213,4.54,0,0
1,4,63,93,895,5.426989247,4.39732692,12.21526882,2.819758359,5.337460317,0.940133398,67.74193548,25.12457011,0.647058824,24856.55241,703,0.015900591,0.442956656,27,76,218,5.3,3,1
0,2,33,54,420,5.423636364,6.301088845,7.806666667,3.360530479,7.594242424,1.293153579,61.11111111,8.07369671,0.235294118,20147.53077,745,-0.016773295,0.467080475,25,76,250,4.66,1,0
1,11,108,154,1429,5.359929078,3.35692279,11.61603896,2.828388766,4.116111111,0.759188321,70.12987013,34.57528644,0.75,11665.80407,952,0.002920119,0.497380843,28,72,191,4.46,0,0
1,0,86,147,882,5.304652778,2.725778079,10.56680272,2.820296642,2.584069767,-0.141708312,58.50340136,33.61487839,0.235294118,6428.489862,1042,-0.013786365,0.508025253,26,70,181,4.53,0,1
1,6,60,100,788,5.217755102,4.438444127,12.2796,2.663127208,4.761166667,0.32272254,60,28.46367634,0.176470588,10346.77583,863,0.010451383,0.508693013,26,77,227,4.55,1,0
0,4,58,80,628,5.183220339,4.893282567,6.826,3.068708298,5.995517241,1.102234674,72.5,12.44249606,0.235294118,8639.68954,817,-0.006903131,0.510947207,26,76,246,4.64,2,0
0,4,47,69,406,5.139122807,3.336267162,7.755362319,3.029916698,2.965319149,-0.370948013,68.11594203,12.30336278,0.235294118,15121.32743,575,-0.008649544,0.518435217,31,77,250,4.76,1,1
1,1,28,47,490,5.102391304,4.456214234,12.46191489,2.581705839,5.6975,1.241285766,59.57446809,18.27670781,0.352941176,14038.67818,645,0.011279171,0.464634048,22,74,200,4.4,1,0
1,5,58,82,762,5.096111111,3.45272749,9.414512195,2.704638887,4.472241379,1.019513889,70.73170732,18.0715615,0.6875,11334.72454,917,0.001137324,0.53604548,27,74,203,4.58,1,0
1,4,42,65,423,4.942586207,3.576990029,8.413384615,3.34552354,3.267619048,-0.309370981,64.61538462,10.56990552,0.75,11665.80407,572,0.002920119,0.497380843,27,68,173,4.42,0,0
1,3,33,52,339,4.843653846,3.001418481,9.459038462,2.144281412,2.619090909,-0.382327572,63.46153846,13.54058846,0.705882353,17169.69629,562,-0.006666541,0.50797163,29,74,220,4.6,2,0
0,3,58,87,552,4.80859375,4.742900178,7.280574713,4.201508777,5.061034483,0.318134305,66.66666667,12.81433467,0.705882353,16058.75915,861,0.001904587,0.5264372,27,75,254,4.8,0,0
1,4,52,84,801,4.730952381,1.767852013,14.75892857,2.370490709,2.3625,0.594647987,61.9047619,26.82901494,0.235294118,6428.489862,882,-0.013786365,0.508025253,21,75,200,4.47,0,0
1,3,31,47,539,4.207659574,2.810938705,15.66382979,1.729211093,4.100967742,1.290029037,65.95744681,18.66330007,0.647058824,18841.56513,545,0.011756154,0.490287137,29,75,216,4.45,1,0
1,5,77,108,858,7.666698113,4.108854809,8.651944444,3.681016096,5.084415584,0.975560776,71.2962963,22.83443016,0.058823529,17936.40421,1013,-0.012523704,0.542189064,22,69,172,4.42,0,0
1,8,71,106,807,7.315252525,3.664057657,9.591792453,2.731910494,3.530704225,-0.133353432,66.98113208,24.7904323,0.176470588,22046.06952,903,-0.021002825,0.490322693,26,74,200,4.63,0,0
1,1,40,62,352,7.297755102,5.674917815,5.06483871,4.495608095,5.4735,-0.201417815,64.51612903,7.990473113,0.176470588,24422.64928,757,-0.022057883,0.545373237,23,67,180,4.28,1,1
1,2,54,87,758,7.224875,5.31738599,12.65057471,3.629352853,6.215,0.89761401,62.06896552,30.84381919,0.235294118,16113.31201,662,-0.030149113,0.48958411,24,73,192,4.45,1,0
1,4,39,58,581,7.165714286,3.491224749,10.27275862,3.172342882,5.646923077,2.155698328,67.24137931,12.37321925,0.176470588,17450.51153,516,-0.008868595,0.495394575,22,73,208,4.62,0,0
1,2,59,104,640,7.149148936,3.746233671,11.01057692,3.694408365,3.543898305,-0.202335366,56.73076923,22.35580302,0.294117647,16893.51422,966,-0.019092074,0.529314299,23,70,184,4.35,1,0
1,4,37,55,406,7.143272727,3.793554141,10.09,2.747122094,5.406756757,1.613202616,67.27272727,14.12510627,0.588235294,16186.99694,371,-0.045215458,0.514051854,28,73,203,4.68,0,0
1,4,49,83,518,7.126538462,2.868707727,9.83939759,2.586194077,2.33,-0.538707727,59.03614458,18.33639438,0.411764706,17548.96461,910,-0.015542692,0.497974463,23,71,182,4.43,0,0
1,5,59,95,737,7.094069767,4.615074455,8.138842105,3.351976571,5.816610169,1.201535714,62.10526316,18.01933865,0.647058824,30181.89015,768,-0.010258163,0.528526927,30,74,208,4.62,2,0
1,1,40,75,426,7.074848485,3.132723178,9.988,2.62286783,3.35675,0.224026822,53.33333333,14.79724164,0.705882353,17664.30932,713,-0.023470834,0.489852081,31,72,193,4.51,2,0
0,2,32,47,308,7.044166667,3.698078393,6.752340426,2.954802799,4.598125,0.900046607,68.08510638,8.715855849,0.294117647,16799.86463,518,-0.032170348,0.534971142,24,77,258,4.77,0,0
1,4,63,93,628,7.028426966,5.616324505,6.21344086,3.785887909,5.916190476,0.299865971,67.74193548,13.53370604,0.647058824,30073.40601,675,-0.001220789,0.497130658,21,72,198,4.53,0,0
1,1,29,47,260,7.014888889,4.099745854,7.19787234,2.422056207,3.387931034,-0.71181482,61.70212766,8.610727903,0.588235294,16186.99694,461,-0.045215458,0.514051854,26,73,215,4.54,1,0
1,1,60,78,525,6.970338983,4.384356635,5.239102564,3.973480571,5.044,0.659643365,76.92307692,11.49362247,0.588235294,22239.95067,641,-0.001666885,0.497792347,22,68,185,4.44,1,0
1,5,51,87,710,6.955529412,3.993679082,12.48229885,2.903379911,5.040196078,1.046516996,58.62068966,29.82439759,0.294117647,16799.86463,645,-0.032170348,0.534971142,27,70,181,4.53,0,0
1,2,83,130,1024,6.940731707,4.131302452,9.345615385,2.922161077,4.781927711,0.650625259,63.84615385,25.63841214,0.294117647,19867.48173,1001,-0.015060146,0.495368711,27,73,209,4.42,2,1
1,7,47,75,709,6.899866667,2.977058636,14.23133333,2.94657712,3.190638298,0.213579662,62.66666667,21.08374832,0.705882353,17664.30932,457,-0.023470834,0.489852081,23,70,165,4.49,0,0
1,4,62,91,613,6.842162162,4.120330882,7.140659341,3.288317492,4.412741935,0.292411054,68.13186813,14.58972298,0.411764706,17548.96461,571,-0.015542692,0.497974463,27,71,195,4.31,2,0
1,7,108,150,1243,6.782740741,3.919318986,9.4562,3.065225596,4.035740741,0.116421755,72,30.1037181,0.647058824,25103.14906,779,-0.036350995,0.529821671,31,74,211,4.58,2,0
1,0,49,79,561,6.78260274,6.969532828,8.114810127,3.073374761,6.970204082,0.000671254,62.02531646,16.31711303,0.588235294,16186.99694,481,-0.045215458,0.514051854,22,68,170,4.44,0,0
1,4,109,156,1152,6.778235294,4.606101743,7.922564103,2.940494005,4.893119266,0.287017523,69.87179487,30.05488533,0.588235294,8154.329166,991,-0.028286608,0.482476375,25,76,220,4.52,1,0
1,2,38,61,581,6.777894737,5.06328397,11.40180328,2.610418173,5.628947368,0.565663398,62.29508197,14.76099418,0.647058824,25103.14906,525,-0.036350995,0.529821671,23,73,210,4.52,0,0
1,7,60,89,892,6.773552632,4.93995439,6.787640449,3.698832901,8.8665,3.92654561,67.41573034,15.35368631,0.117647059,32712.96749,822,0.005773502,0.517377512,27,72,214,4.48,1,0
1,5,79,122,894,6.754347826,2.994652693,11.50196721,2.815591912,2.75,-0.244652693,64.75409836,32.86499551,0.647058824,30073.40601,838,-0.001220789,0.497130658,30,70,182,4.4,1,0
1,3,28,45,370,6.747,4.270141777,12.31644444,2.904109334,4.517857143,0.247715366,62.22222222,12.49132297,0.117647059,8488.931555,611,-0.03321675,0.51342601,26,74,215,4.57,0,0
0,6,73,90,719,6.725428571,4.23996571,6.372777778,4.093573895,4.320273973,0.080308263,81.11111111,15.23543131,0.235294118,11359.62658,878,0.006263871,0.464269382,24,78,258,4.7,0,0
1,7,81,112,1066,6.725047619,3.380739785,12.45589286,2.818321511,3.582469136,0.201729351,72.32142857,30.35068215,0.294117647,18999.32126,1100,-0.011155832,0.477694236,24,72,165,4.48,0,0
1,2,33,55,567,6.723269231,3.851183452,12.26727273,3.115844785,6.909090909,3.057907457,60,13.32759169,0.705882353,17664.30932,468,-0.023470834,0.489852081,27,74,225,4.49,2,1
1,4,72,104,1014,6.708163265,5.044273468,10.00192308,3.422396921,6.176111111,1.131837643,69.23076923,24.38241147,0.117647059,22248.43637,652,-0.035157714,0.46081025,24,70,182,4.37,0,0
1,10,119,164,1515,6.702364865,4.702549366,7.657134146,3.214389652,5.752268908,1.049719542,72.56097561,31.26979621,0.647058824,18231.83526,1199,-0.019159209,0.497460072,23,72,195,4.51,0,0
1,2,34,64,321,6.693934426,1.986834656,13.43,2.479010574,1.904117647,-0.082717009,53.125,17.47265324,0.117647059,10107.54242,475,-0.038715467,0.528619126,28,74,200,4.45,0,0
1,0,33,48,273,6.691276596,2.302662039,7.605,2.572043831,2.18,-0.122662039,68.75,10.02532146,0.294117647,16799.86463,797,-0.032170348,0.534971142,30,74,220,4.6,3,0
0,5,93,121,984,6.682815534,4.95582792,6.757603306,3.659598831,5.156021505,0.200193586,76.85950413,20.94151936,0.235294118,18143.28855,1017,-0.002819249,0.512364244,33,77,260,4.63,1,0
0,3,59,83,592,6.660144928,4.680573923,5.50313253,2.905875218,5.530508475,0.849934552,71.08433735,9.937190931,0.294117647,18999.32126,857,-0.011155832,0.477694236,28,77,256,4.64,2,1
0,3,50,70,582,6.647090909,5.325441756,6.078571429,3.886262934,7.592,2.266558244,71.42857143,10.22278708,0.529411765,10192.44223,652,0.00560063,0.427627026,28,75,248,4.62,1,0
1,3,39,67,483,6.61875,2.863889601,11.21507463,2.612631788,2.667692308,-0.196197293,58.20895522,17.51175164,0.647058824,30181.89015,695,-0.010258163,0.528526927,23,69,153,4.42,0,0
1,5,46,75,719,6.60375,4.107798484,14.51986667,2.821496012,3.552826087,-0.554972397,61.33333333,22.1063102,0.764705882,15323.18852,604,0.007729944,0.429164896,25,72,180,4.53,0,1
1,8,64,94,793,6.581647059,5.308712974,9.965851064,3.444667962,5.59359375,0.284880776,68.08510638,19.45404328,0.176470588,17450.51153,645,-0.008868595,0.495394575,23,71,190,4.45,0,0
1,7,106,158,1456,6.579358974,2.754841859,12.15658228,2.436500004,4.522075472,1.767233612,67.08860759,41.78728459,0.294117647,18999.32126,1019,-0.011155832,0.477694236,26,73,226,4.49,1,0
1,5,68,100,1074,6.570744681,3.517767339,12.5234,2.70572483,4.106176471,0.588409132,68,26.29071908,0.588235294,13172.16087,550,-0.00056376,0.50890606,24,73,192,4.43,0,0
1,13,79,136,1255,6.568947368,3.671422199,14.375,2.370892185,4.55278481,0.881362611,58.08823529,41.25595362,0.294117647,19867.48173,974,-0.015060146,0.495368711,30,77,231,4.53,1,0
1,4,50,79,770,6.545,4.285543233,12.37746835,2.867353654,6.1712,1.885656767,63.29113924,27.50200397,0.588235294,22239.95067,896,-0.001666885,0.497792347,26,73,190,4.39,0,0
0,4,47,67,452,6.5016,4.620845476,6.529552239,3.435768405,4.984680851,0.363835375,70.14925373,9.232048384,0.294117647,19867.48173,1194,-0.015060146,0.495368711,24,77,250,4.64,0,0
1,7,45,81,746,6.501518987,3.238600484,15.0637037,2.810007578,4.312222222,1.073621738,55.55555556,26.057096,0.588235294,11686.28426,966,-0.020243721,0.483521756,24,74,213,4.54,0,0
1,10,70,108,911,6.434134615,2.416709914,12.40814815,2.75939862,3.854285714,1.4375758,64.81481481,28.13266911,0.588235294,13172.16087,921,-0.00056376,0.50890606,21,71,175,4.49,0,0
0,4,55,78,496,6.417258065,3.946572772,6.296666667,3.277436874,4.364545455,0.417972682,70.51282051,11.02738773,0.411764706,17548.96461,732,-0.015542692,0.497974463,32,78,250,4.61,1,0
1,3,39,68,385,6.416212121,3.640576881,10.15882353,3.070626675,3.075384615,-0.565192266,57.35294118,14.57780704,0.294117647,19867.48173,780,-0.015060146,0.495368711,22,72,190,4.33,0,0
1,5,28,53,422,6.401,1.867089416,16.26811321,2.913774136,3.706071429,1.838982012,52.83018868,17.90526228,0.176470588,17450.51153,506,-0.008868595,0.495394575,24,76,208,4.36,0,0
1,4,35,45,381,6.395348837,4.307464917,9.39,3.579946572,4.26,-0.047464917,77.77777778,10.32596875,0.058823529,17936.40421,648,-0.012523704,0.542189064,30,72,198,4.42,0,0
0,1,30,50,368,6.391794872,4.64075474,8.0102,3.503700411,4.546666667,-0.094088073,60,9.739531785,0.588235294,8154.329166,496,-0.028286608,0.482476375,25,75,235,4.63,0,0
1,10,59,90,772,6.368977273,3.186886053,12.70655556,2.919238759,3.080508475,-0.106377578,65.55555556,32.04859457,0.235294118,16113.31201,782,-0.030149113,0.48958411,27,76,216,4.54,1,0
1,7,79,102,938,6.355957447,6.544876055,4.994411765,4.15430767,8.406455696,1.861579641,77.45098039,13.04711951,0.235294118,18143.28855,854,-0.002819249,0.512364244,23,73,203,4.51,0,1
1,2,69,110,905,6.32787037,2.754265737,11.36718182,2.223936376,3.037101449,0.282835712,62.72727273,30.04105933,0.529411765,10192.44223,860,0.00560063,0.427627026,22,76,210,4.54,0,0
1,4,103,137,1014,6.305203252,4.513196069,7.635036496,2.887600371,3.442135922,-1.071060146,75.18248175,26.34946545,0.176470588,12156.88602,1045,-0.008762591,0.516631255,33,74,200,4.45,1,1
0,1,39,50,352,6.304736842,3.798399178,5.1112,3.06839333,4.068205128,0.269805951,78,6.8120995,0.470588235,11815.93203,276,-0.055004884,0.56327179,28,77,239,4.84,0,0
1,1,23,49,311,6.304693878,2.301296873,12.02795918,2.209960658,2.414347826,0.113050953,46.93877551,15.38921499,0.647058824,14340.10044,685,-0.027849952,0.492552026,27,77,227,4.55,1,1
1,3,37,57,561,6.301454545,2.811186537,12.61789474,2.648813239,3.981081081,1.169894544,64.9122807,18.30108933,0.176470588,24422.64928,709,-0.022057883,0.545373237,23,74,209,4.58,0,0
1,5,87,138,1123,6.290930233,4.314998609,13.26065217,2.956217436,4.053793103,-0.261205505,63.04347826,37.1480771,0.764705882,15323.18852,814,0.007729944,0.429164896,23,72,185,4.39,0,1
0,3,53,90,667,6.277875,3.028386969,11.44866667,2.374324591,2.841886792,-0.186500177,58.88888889,24.75524173,0.529411765,10192.44223,728,0.00560063,0.427627026,22,78,250,4.44,1,0
1,8,96,136,1364,6.275075758,4.328296014,11.48882353,2.737857989,5.9040625,1.575766486,70.58823529,41.50476282,0.235294118,11359.62658,1029,0.006263871,0.464269382,26,71,215,4.56,0,0
0,1,52,74,552,6.261833333,4.53878268,7.649459459,2.943662682,4.318461538,-0.220321142,70.27027027,15.92091015,0.588235294,22239.95067,568,-0.001666885,0.497792347,30,78,255,4.46,2,0
0,2,47,70,495,6.260967742,5.374312894,5.528285714,3.678278589,5.460851064,0.08653817,67.14285714,9.01864182,0.647058824,30181.89015,904,-0.010258163,0.528526927,30,78,257,4.77,1,0
1,2,32,65,514,6.241076923,3.408733893,15.01492308,2.153158271,3.37125,-0.037483893,49.23076923,23.73346692,0.588235294,8154.329166,1090,-0.028286608,0.482476375,23,75,213,4.41,0,0
1,8,54,81,657,6.225844156,2.545869623,13.360875,2.630746862,2.42037037,-0.125499252,66.66666667,22.29520438,0.529411765,21444.55959,897,0.017187078,0.441487979,29,70,183,4.33,1,1
0,4,114,143,963,6.220818182,4.309112906,4.732657343,3.385566452,4.796666667,0.487553761,79.72027972,13.75764093,0.117647059,10107.54242,917,-0.038715467,0.528619126,28,75,240,4.42,1,1
1,0,43,85,418,6.173452381,4.364936337,10.28376471,2.76853597,3.695813953,-0.669122383,50.58823529,22.01968905,0.176470588,12156.88602,909,-0.008762591,0.516631255,22,74,225,4.46,0,0
1,2,67,98,667,6.135444444,3.419008793,6.739693878,3.093340407,4.486567164,1.067558371,68.36734694,17.60574268,0.470588235,11815.93203,824,-0.055004884,0.56327179,28,74,203,4.58,1,0
1,2,34,57,418,6.134736842,2.907045147,10.86210526,2.3062135,3.130588235,0.223543088,59.64912281,12.91443566,0.529411765,21444.55959,675,0.017187078,0.441487979,27,73,200,4.51,1,0
1,2,68,98,771,6.089431818,5.090553474,6.937244898,3.252041623,5.655147059,0.564593584,69.3877551,16.53247281,0.588235294,8154.329166,788,-0.028286608,0.482476375,22,69,175,4.48,0,0
1,2,38,67,431,6.078208955,3.221525688,13.08089552,2.384421087,3.890526316,0.669000628,56.71641791,18.60049535,0.647058824,25103.14906,748,-0.036350995,0.529821671,21,76,201,4.52,0,0
1,3,57,85,787,6.069625,4.485807715,9.938823529,3.128742818,4.696666667,0.210858952,67.05882353,17.17341942,0.117647059,10107.54242,585,-0.038715467,0.528619126,26,71,200,4.47,1,1
0,2,73,91,673,6.06556962,4.331444573,5.867582418,3.829743969,4.487123288,0.155678715,80.21978022,11.40275571,0.588235294,11686.28426,784,-0.020243721,0.483521756,23,76,240,4.71,0,0
1,4,51,101,574,6.064591837,3.803695691,11.86178218,2.514895689,3.385294118,-0.418401574,50.4950495,30.48502136,0.176470588,24422.64928,784,-0.022057883,0.545373237,26,69,170,4.27,1,1
0,6,42,61,419,6.016346154,2.169186276,8.83852459,2.354532731,2.106428571,-0.062757705,68.85245902,13.72294989,0.588235294,16186.99694,664,-0.045215458,0.514051854,28,77,250,4.79,1,0
1,3,26,52,449,6.009183673,3.232676164,17.54230769,2.480391722,2.281153846,-0.951522317,50,23.36254719,0.235294118,18143.28855,692,-0.002819249,0.512364244,27,74,215,4.44,0,0
1,6,105,160,1486,5.996315789,4.402659577,8.9824375,2.890085917,6.342952381,1.940292804,65.625,33.49398377,0.647058824,30181.89015,1049,-0.010258163,0.528526927,22,74,205,4.57,0,1
0,5,95,127,960,5.983300971,3.789140177,7.235826772,3.076395881,3.886315789,0.097175613,74.80314961,19.29177085,0.588235294,13172.16087,790,-0.00056376,0.50890606,26,77,248,4.7,2,0
0,0,61,87,621,5.973043478,4.224486257,6.715747126,3.450107992,4.456557377,0.23207112,70.11494253,15.25604738,0.647058824,14340.10044,772,-0.027849952,0.492552026,28,75,254,4.8,0,0
1,8,107,160,1183,5.956666667,3.662347536,10.1021875,2.811148861,3.961495327,0.299147792,66.875,34.51792151,0.588235294,11686.28426,1074,-0.020243721,0.483521756,29,72,191,4.46,0,1
1,5,42,76,656,5.940675676,3.475029421,13.09407895,2.328017206,5.437380952,1.962351532,55.26315789,26.52629839,0.470588235,11815.93203,573,-0.055004884,0.56327179,24,76,210,4.43,0,0
1,7,100,145,1216,5.938473282,4.346315289,8.601310345,3.196106564,5.5698,1.223484711,68.96551724,33.24457026,0.470588235,11815.93203,890,-0.055004884,0.56327179,23,72,200,4.34,0,0
0,3,51,70,411,5.935892857,4.945532955,3.962857143,3.984096198,5.588431373,0.642898418,72.85714286,5.887334167,0.647058824,25103.14906,572,-0.036350995,0.529821671,29,75,240,4.62,0,0
1,1,31,61,414,5.91,4.722360337,10.59934426,3.075422806,6.17483871,1.452478373,50.81967213,17.17482428,0.235294118,11359.62658,766,0.006263871,0.464269382,25,71,172,4.38,1,0
1,8,59,96,674,5.904,2.606293386,12.16385417,2.715135264,2.398644068,-0.207649318,61.45833333,24.24990655,0.176470588,17450.51153,938,-0.008868595,0.495394575,23,74,200,4.56,0,0
1,3,48,75,540,5.884931507,3.734539318,8.998666667,3.273960466,3.967708333,0.233169016,64,14.16836187,0.588235294,13172.16087,821,-0.00056376,0.50890606,26,71,200,4.48,0,0
0,10,86,120,889,5.842929293,3.532683842,7.0575,3.38621757,4.347790698,0.815106856,71.66666667,21.0885675,0.647058824,18231.83526,1153,-0.019159209,0.497460072,22,75,249,4.59,0,0
1,0,33,55,394,5.841272727,3.882395273,10.96836364,1.994365961,4.203333333,0.320938061,60,15.35473755,0.588235294,16186.99694,580,-0.045215458,0.514051854,30,75,216,4.45,1,0
1,8,80,109,1297,5.805794393,4.526998695,11.1753211,3.019578666,7.0005,2.473501305,73.39449541,24.0617648,0.705882353,17664.30932,742,-0.023470834,0.489852081,24,76,222,4.43,2,1
0,2,29,45,244,5.805142857,3.687165486,8.692444444,3.09102821,3.235517241,-0.451648245,64.44444444,9.956170046,0.588235294,16186.99694,531,-0.045215458,0.514051854,27,78,252,4.54,0,0
1,8,66,119,1114,5.799243697,3.977973072,13.75378151,2.447393521,5.923636364,1.945663292,55.46218487,38.33281417,0.647058824,30073.40601,831,-0.001220789,0.497130658,25,76,230,4.33,0,0
1,7,75,137,1057,5.789465649,3.55940401,14.19051095,2.27108447,3.362,-0.19740401,54.74452555,43.8156412,0.117647059,8488.931555,758,-0.03321675,0.51342601,31,73,212,4.57,1,0
0,5,59,88,635,5.774852941,4.154948978,7.986022727,3.3139522,4.621864407,0.466915429,67.04545455,13.88206849,0.705882353,17664.30932,816,-0.023470834,0.489852081,27,77,242,4.75,0,0
1,5,40,64,608,5.765,4.000632248,11.148125,2.497459871,4.96475,0.964117752,62.5,17.76629017,0.647058824,18231.83526,1003,-0.019159209,0.497460072,28,75,196,4.52,0,1
1,13,119,171,1799,5.756883117,5.003954743,10.83725146,3.258426638,5.770504202,0.766549458,69.59064327,43.43852477,0.117647059,22248.43637,735,-0.035157714,0.46081025,29,70,185,4.29,0,0
1,4,79,132,1002,5.750472441,3.938838584,11.43515152,2.639708694,4.558987342,0.620148758,59.84848485,33.89090713,0.411764706,17548.96461,941,-0.015542692,0.497974463,27,72,210,4.35,0,0
1,7,75,105,1342,5.748058252,3.257360411,14.09009524,2.895383651,5.118,1.860639589,71.42857143,37.60166321,0.117647059,32712.96749,990,0.005773502,0.517377512,25,72,206,4.5,0,1
1,5,35,66,525,5.74609375,2.556324469,15.09181818,2.288238035,2.792285714,0.235961246,53.03030303,25.09144222,0.176470588,12156.88602,770,-0.008762591,0.516631255,26,75,198,4.34,2,1
1,2,39,45,611,5.69,4.607449878,8.300222222,3.50998029,7.648717949,3.041268071,86.66666667,7.976483351,0.588235294,11686.28426,703,-0.020243721,0.483521756,23,72,190,4.43,0,0
0,1,34,46,352,5.604285714,5.28068732,7.099782609,4.323183077,5.332058824,0.051371503,73.91304348,6.782198779,0.176470588,17450.51153,502,-0.008868595,0.495394575,22,78,252,4.61,0,1
1,8,76,136,1016,5.580962963,3.136831703,13.75323529,2.290664568,2.704868421,-0.431963282,55.88235294,38.02302393,0.117647059,10107.54242,993,-0.038715467,0.528619126,28,73,190,4.43,1,0
1,3,95,168,1042,5.552670807,3.115567138,10.21154762,2.45604308,3.582526316,0.466959178,56.54761905,44.7949741,0.647058824,14340.10044,1008,-0.027849952,0.492552026,23,72,192,4.38,0,0
0,6,45,61,544,5.551836735,4.969058108,7.859836066,3.212977322,5.036222222,0.067164114,73.7704918,11.71644946,0.058823529,17936.40421,485,-0.012523704,0.542189064,27,77,255,4.67,0,0
1,12,135,181,1749,5.545818182,4.466668217,9.668563536,2.710044245,5.220222222,0.753554006,74.58563536,36.50287745,0.529411765,21444.55959,1078,0.017187078,0.441487979,24,74,189,4.5,0,1
1,1,32,56,367,5.542727273,2.266183825,14.24303571,2.504239979,1.7765625,-0.489621325,57.14285714,19.49141152,0.058823529,17936.40421,692,-0.012523704,0.542189064,23,73,210,4.39,2,0
0,1,54,77,528,5.491607143,5.104129243,6.883376623,3.772806153,5.265,0.160870757,70.12987013,11.94545864,0.117647059,8488.931555,692,-0.03321675,0.51342601,23,75,250,4.52,0,0
0,5,71,102,761,5.46721519,4.623660029,5.659019608,3.338914694,6.023380282,1.399720253,69.60784314,12.0400403,0.529411765,21444.55959,955,0.017187078,0.441487979,24,77,250,4.81,0,0
1,5,72,128,1250,5.39536,2.654604355,14.03164063,2.166104854,4.271666667,1.617062311,56.25,35.06430881,0.294117647,16893.51422,952,-0.019092074,0.529314299,29,73,211,4.42,0,0
0,6,65,90,1020,5.385774648,4.812551622,9.630555556,3.295197448,7.660153846,2.847602224,72.22222222,22.02914684,0.117647059,32712.96749,1084,0.005773502,0.517377512,29,76,250,4.52,2,0
1,3,35,64,565,5.309375,3.728633919,14.2384375,2.676241473,4.87,1.141366081,54.6875,22.26870734,0.058823529,17936.40421,518,-0.012523704,0.542189064,30,71,198,4.43,2,0
1,8,103,175,1144,5.252865497,3.126596063,10.42691429,2.551200386,3.470291262,0.343695199,58.85714286,44.49101504,0.176470588,22046.06952,963,-0.021002825,0.490322693,30,73,215,4.56,0,0
1,1,39,64,448,5.113833333,2.512456254,10.17125,1.996512926,2.893333333,0.380877079,60.9375,13.21437634,0.470588235,11815.93203,490,-0.055004884,0.56327179,33,71,195,4.57,4,0
0,3,81,106,825,5.107714286,4.495926895,5.95,3.46436421,5.447037037,0.951110142,76.41509434,16.04863191,0.176470588,24422.64928,786,-0.022057883,0.545373237,23,76,245,4.56,0,0
0,6,81,123,882,5.078837209,5.396506014,4.92699187,3.483109741,7.611975309,2.215469294,65.85365854,11.83133678,0.294117647,16893.51422,1021,-0.019092074,0.529314299,27,76,246,4.64,2,1
1,5,63,106,1140,5.057809524,3.70605027,13.19,2.27082197,6.646666667,2.940616397,59.43396226,38.39799186,0.294117647,16799.86463,988,-0.032170348,0.534971142,22,75,200,4.47,0,0
0,4,37,59,368,4.9534,3.754225294,7.829322034,2.802762571,3.98027027,0.226044976,62.71186441,9.377099764,0.764705882,15323.18852,555,0.007729944,0.429164896,26,76,231,4.58,0,0
