avgCushion,avgExpectedYAC,avgIntendedAirYards,avgSeparation,avgYAC,avgYACAboveExpectation,catchPercentage,percentShareOfIntendedAirYards,recTouchdowns,receptions,targets,yards,player,playerName,position,teamId,season,player_clean,team_abbr,birth_date,total_round_trip_miles
7.4906,4.231568179,12.90403846,3.012980894,4.755172414,0.523604235,55.76923077,13.65420578,5,29,52,402,"{'season': 2018, 'currentTeamId': '2510', 'displayName': 'Josh Reynolds', 'esbId': 'REY398905', 'firstName': 'Joshua', 'footballName': 'Josh', 'gsisId': '00-0033943', 'gsisItId': 44930, 'headshot': 'https://static.www.nfl.com/image/private/{formatInstructions}/league/yzpzvlpz5n7dmxue0geq', 'jerseyNumber': 83, 'lastName': 'Reynolds', 'ngsPosition': 'WR', 'ngsPositionGroup': 'WR', 'position': 'WR', 'positionGroup': 'WR', 'shortName': 'J.Reynolds', 'smartId': '32005245-5939-8905-3a79-3286353be377', 'status': 'ACT'}",Josh Reynolds,WR,2510,2018,josh reynolds,LA,2/16/1995,19567.80407
7.337777778,4.299774568,19.1077027,2.736569947,4.554634146,0.254859579,55.40540541,21.42304132,4,41,74,774,"{'season': 2018, 'currentTeamId': '4900', 'displayName': 'DeSean Jackson', 'esbId': 'JAC127681', 'firstName': 'DeSean', 'footballName': 'DeSean', 'gsisId': '00-0026189', 'gsisItId': 33130, 'headshot': 'https://static.www.nfl.com/image/private/{formatInstructions}/league/vkfjfhbfr6e02jmsw2oc', 'jerseyNumber': 11, 'lastName': 'Jackson', 'position': 'WR', 'positionGroup': 'WR', 'shortName': 'D.Jackson', 'smartId': '32004a41-4312-7681-93f9-b06ab3ee3184', 'status': 'ACT', 'ngsPosition': 'WR', 'ngsPositionGroup': 'WR'}",DeSean Jackson,WR,4900,2018,desean jackson,TB,12/1/1986,11937.85766
7.127454545,4.216796353,13.15892857,3.222742803,4.674864865,0.458068512,66.07142857,23.00196027,1,37,56,466,"{'season': 2018, 'currentTeamId': '2100', 'displayName': 'Taywan Taylor', 'esbId': 'TAY716250', 'firstName': 'Taywan', 'footballName': 'Taywan', 'gsisId': '00-0033911', 'gsisItId': 44884, 'headshot': 'https://static.www.nfl.com/image/private/{formatInstructions}/league/irvga1akmv2wze57jykn', 'jerseyNumber': 13, 'lastName': 'Taylor', 'ngsPosition': 'WR', 'ngsPositionGroup': 'WR', 'position': 'WR', 'positionGroup': 'WR', 'shortName': 'T.Taylor', 'smartId': '32005441-5971-6250-197f-078bbce0e7cb', 'status': 'ACT'}",Taywan Taylor,WR,2100,2018,taywan taylor,TEN,3/2/1995,12049.56799
6.972650602,3.832633577,11.03849462,3.467761146,3.563283582,-0.269349994,72.04301075,23.00547024,2,67,93,688,"{'season': 2018, 'currentTeamId': '0810', 'displayName': 'Taylor Gabriel', 'esbId': 'GAB627060', 'firstName': 'Taylor', 'footballName': 'Taylor', 'gsisId': '00-0031228', 'gsisItId': 42016, 'headshot': 'https://static.www.nfl.com/image/private/{formatInstructions}/league/nc4aoax8j5mnnrjewu7p', 'jerseyNumber': 18, 'lastName': 'Gabriel', 'ngsPosition': 'WR', 'ngsPositionGroup': 'WR', 'position': 'WR', 'positionGroup': 'WR', 'shortName': 'T.Gabriel', 'smartId': '32004741-4262-7060-f2df-7bd304949774', 'status': 'ACT'}",Taylor Gabriel,WR,810,2018,taylor gabriel,CHI,2/17/1991,12825.42167
6.727692308,2.545113782,12.16446154,2.419483285,2.931025641,0.385911859,60,19.15227059,5,39,65,494,"{'season': 2018, 'currentTeamId': '0750', 'displayName': 'Curtis Samuel', 'esbId': 'SAM633285', 'firstName': 'Curtis', 'footballName': 'Curtis', 'gsisId': '00-0033282', 'gsisItId': 44852, 'headshot': 'https://static.www.nfl.com/image/private/{formatInstructions}/league/i86hox9nhzunhykpexpg', 'jerseyNumber': 10, 'lastName': 'Samuel', 'ngsPosition': 'WR', 'ngsPositionGroup': 'WR', 'position': 'WR', 'positionGroup': 'WR', 'shortName': 'C.Samuel', 'smartId': '32005341-4d63-3285-ce5d-61e91947654e', 'status': 'ACT'}",Curtis Samuel,WR,750,2018,curtis samuel,CAR,8/11/1996,6950.342707
6.683414634,5.794257488,8.598909091,3.541262449,7.74925,1.954992512,72.72727273,9.623731511,6,40,55,566,"{'season': 2018, 'currentTeamId': '2510', 'displayName': 'Cooper Kupp', 'esbId': 'KUP534597', 'firstName': 'Cooper', 'footballName': 'Cooper', 'gsisId': '00-0033908', 'gsisItId': 44881, 'headshot': 'https://static.www.nfl.com/image/private/{formatInstructions}/league/kfmofyneoponii4twxdq', 'jerseyNumber': 18, 'lastName': 'Kupp', 'position': 'WR', 'positionGroup': 'WR', 'shortName': 'C.Kupp', 'smartId': '32004b55-5053-4597-b958-87408c31956f', 'status': 'RES', 'ngsPosition': 'SLOT_WR', 'ngsPositionGroup': 'WR'}",Cooper Kupp,WR,2510,2018,cooper kupp,LA,6/15/1993,19567.80407
6.647058824,4.083272042,9.690428571,2.877394864,3.886315789,-0.196956253,54.28571429,18.31918203,1,38,70,491,"{'season': 2018, 'currentTeamId': '2250', 'displayName': 'Keelan Cole', 'esbId': 'COL130738', 'firstName': 'Keelan', 'footballName': 'Keelan', 'gsisId': '00-0033681', 'gsisItId': 45555, 'headshot': 'https://static.www.nfl.com/image/private/{formatInstructions}/league/bhjafw7r4aflwm11iynh', 'jerseyNumber': 84, 'lastName': 'Cole', 'ngsPosition': 'WR', 'ngsPositionGroup': 'WR', 'position': 'WR', 'positionGroup': 'WR', 'shortName': 'K.Cole', 'smartId': '3200434f-4c13-0738-9b9e-38aa1121bdd9', 'status': 'ACT'}",Keelan Cole,WR,2250,2018,keelan cole,JAX,4/20/1993,11845.4414
6.627878788,4.232014621,6.619761905,3.316909019,4.490740741,0.25872612,64.28571429,13.36801591,2,54,84,558,"{'season': 2018, 'currentTeamId': '5110', 'displayName': 'Jordan Reed', 'esbId': 'REE302847', 'firstName': 'Jordan', 'footballName': 'Jordan', 'gsisId': '00-0030472', 'gsisItId': 40033, 'headshot': 'https://static.www.nfl.com/image/private/{formatInstructions}/league/jur0qgejd3lzv8flmxcq', 'jerseyNumber': 86, 'lastName': 'Reed', 'position': 'TE', 'positionGroup': 'TE', 'shortName': 'J.Reed', 'smartId': '32005245-4530-2847-ba4d-b3c01fedf34c', 'status': 'RES', 'ngsPosition': 'SLOT_WR', 'ngsPositionGroup': 'TE'}",Jordan Reed,TE,5110,2018,jordan reed,WAS,7/3/1990,13070.916
6.573623188,3.711079315,13.487,3.339030554,4.189473684,0.478394369,81.42857143,24.4369553,10,57,70,965,"{'season': 2018, 'currentTeamId': '4600', 'displayName': 'Tyler Lockett', 'esbId': 'LOC420915', 'firstName': 'Tyler', 'footballName': 'Tyler', 'gsisId': '00-0032211', 'gsisItId': 42412, 'headshot': 'https://static.www.nfl.com/image/private/{formatInstructions}/league/kwcxus7rlqurps3gbbwu', 'jerseyNumber': 16, 'lastName': 'Lockett', 'ngsPosition': 'WR', 'ngsPositionGroup': 'WR', 'position': 'WR', 'positionGroup': 'WR', 'shortName': 'T.Lockett', 'smartId': '32004c4f-4342-0915-1af7-ec50f437887c', 'status': 'ACT'}",Tyler Lockett,WR,4600,2018,tyler lockett,SEA,9/28/1992,24565.10818
6.569487179,4.307956178,10.49510638,3.063075756,3.358571429,-0.949384749,59.57446809,11.85850665,0,28,47,304,"{'season': 2018, 'currentTeamId': '5110', 'displayName': 'Maurice Harris', 'esbId': 'HAR485163', 'firstName': 'Maurice', 'footballName': 'Maurice', 'gsisId': '00-0032362', 'gsisItId': 43563, 'headshot': 'https://static.www.nfl.com/image/private/{formatInstructions}/league/w31fw8vgazrlgvyp2szu', 'jerseyNumber': 13, 'lastName': 'Harris', 'position': 'WR', 'positionGroup': 'WR', 'shortName': 'M.Harris', 'smartId': '32004841-5248-5163-915a-8240910dd87e', 'status': 'RES', 'suffix': 'Jr.', 'ngsPosition': 'WR', 'ngsPositionGroup': 'WR'}",Maurice Harris,WR,5110,2018,maurice harris,WAS,11/11/1992,13070.916
6.567777778,5.799000199,7.290588235,3.143670568,7.69,1.890999801,55.88235294,10.72732269,1,38,68,450,"{'season': 2018, 'currentTeamId': '3430', 'displayName': 'Quincy Enunwa', 'esbId': 'ENU444955', 'firstName': 'Quincy', 'footballName': 'Quincy', 'gsisId': '00-0031023', 'gsisItId': 41438, 'headshot': 'https://static.www.nfl.com/image/private/{formatInstructions}/league/vsd27gfxzjt7v7izbjet', 'jerseyNumber': 81, 'lastName': 'Enunwa', 'position': 'WR', 'positionGroup': 'WR', 'shortName': 'Q.Enunwa', 'smartId': '3200454e-5544-4955-3b04-da7d5976635a', 'status': 'RES', 'ngsPosition': 'WR', 'ngsPositionGroup': 'WR'}",Quincy Enunwa,WR,3430,2018,quincy enunwa,NYJ,5/31/1992,9420.503367
6.538736842,5.069306981,6.07352381,3.564350324,5.701578947,0.632271967,72.38095238,9.662087533,5,76,105,816,"{'season': 2018, 'currentTeamId': '4900', 'displayName': 'Adam Humphries', 'esbId': 'HUM721507', 'firstName': 'Adam', 'footballName': 'Adam', 'gsisId': '00-0032009', 'gsisItId': 43010, 'headshot': 'https://static.www.nfl.com/image/private/{formatInstructions}/league/k0vkjiqxo1qntcqye1p3', 'jerseyNumber': 10, 'lastName': 'Humphries', 'ngsPosition': 'SLOT_WR', 'ngsPositionGroup': 'WR', 'position': 'WR', 'positionGroup': 'WR', 'shortName': 'A.Humphries', 'smartId': '32004855-4d72-1507-4b02-e4f7666b5805', 'status': 'ACT'}",Adam Humphries,WR,4900,2018,adam humphries,TB,6/24/1993,11937.85766
6.50375,3.433282408,9.547307692,3.258717256,4.289375,0.856092592,61.53846154,9.405893698,5,32,52,334,"{'season': 2018, 'currentTeamId': '2310', 'displayName': 'Chris Conley', 'esbId': 'CON236839', 'firstName': 'Christian', 'footballName': 'Chris', 'gsisId': '00-0032128', 'gsisItId': 42419, 'headshot': 'https://static.www.nfl.com/image/private/{formatInstructions}/league/a53jzbb9mcuxhvirkjzs', 'jerseyNumber': 17, 'lastName': 'Conley', 'ngsPosition': 'SLOT_WR', 'ngsPositionGroup': 'WR', 'position': 'WR', 'positionGroup': 'WR', 'shortName': 'C.Conley', 'smartId': '3200434f-4e23-6839-29a1-a288b71f08e0', 'status': 'ACT', 'suffix': 'Jr.'}",Chris Conley,WR,2310,2018,chris conley,KC,10/25/1992,17312.03603
6.470980392,3.582686212,11.22169811,3.006989393,4.152307692,0.569621481,73.58490566,11.25026955,4,39,53,572,"{'season': 2018, 'currentTeamId': '1050', 'displayName': 'Rashard Higgins', 'esbId': 'HIG322107', 'firstName': 'Rashard', 'footballName': 'Rashard', 'gsisId': '00-0032977', 'gsisItId': 43461, 'headshot': 'https://static.www.nfl.com/image/private/{formatInstructions}/league/ya6ohfbuk96lfgarxbds', 'jerseyNumber': 81, 'lastName': 'Higgins', 'ngsPosition': 'WR', 'ngsPositionGroup': 'WR', 'position': 'WR', 'positionGroup': 'WR', 'shortName': 'R.Higgins', 'smartId': '32004849-4732-2107-8b68-79212110bd89', 'status': 'ACT'}",Rashard Higgins,WR,1050,2018,rashard higgins,CLE,10/7/1994,13363.3961
6.4640625,3.648052675,9.055074627,2.806300831,3.642380952,-0.005671722,62.68656716,15.49702673,4,42,67,487,"{'season': 2018, 'currentTeamId': '4500', 'displayName': 'Kendrick Bourne', 'esbId': 'BOU434790', 'firstName': 'Kendrick', 'footballName': 'Kendrick', 'gsisId': '00-0033307', 'gsisItId': 45185, 'headshot': 'https://static.www.nfl.com/image/private/{formatInstructions}/league/ds0gb18xysmfji01ma58', 'jerseyNumber': 84, 'lastName': 'Bourne', 'ngsPosition': 'WR', 'ngsPositionGroup': 'WR', 'position': 'WR', 'positionGroup': 'WR', 'shortName': 'K.Bourne', 'smartId': '3200424f-5543-4790-acfc-7b92d77f3c8b', 'status': 'ACT'}",Kendrick Bourne,WR,4500,2018,kendrick bourne,SF,8/4/1995,18381.19579
6.43923913,3.624238881,16.5006383,2.303899889,3.6434,0.019161119,53.19148936,33.56204844,6,50,94,752,"{'season': 2018, 'currentTeamId': '3430', 'displayName': 'Robby Anderson', 'esbId': 'AND460305', 'firstName': 'Robby', 'footballName': 'Robby', 'gsisId': '00-0032688', 'gsisItId': 43808, 'headshot': 'https://static.www.nfl.com/image/private/{formatInstructions}/league/vtqf5f1ti4ojfjggm388', 'jerseyNumber': 11, 'lastName': 'Anderson', 'ngsPosition': 'WR', 'ngsPositionGroup': 'WR', 'position': 'WR', 'positionGroup': 'WR', 'shortName': 'R.Anderson', 'smartId': '3200414e-4446-0305-58a8-61667bde4206', 'status': 'ACT'}",Robby Anderson,WR,3430,2018,robby anderson,NYJ,5/9/1993,9420.503367
6.37,5.028166449,9.103673469,2.895312886,7.63862069,2.61045424,59.18367347,10.72403074,2,29,49,388,"{'season': 2018, 'currentTeamId': '5110', 'displayName': 'Jamison Crowder', 'esbId': 'CRO697273', 'firstName': 'Jamison', 'footballName': 'Jamison', 'gsisId': '00-0031941', 'gsisItId': 42448, 'headshot': 'https://static.www.nfl.com/image/private/{formatInstructions}/league/vvkr9dehtvp58emtgn4y', 'jerseyNumber': 80, 'lastName': 'Crowder', 'ngsPosition': 'SLOT_WR', 'ngsPositionGroup': 'WR', 'position': 'WR', 'positionGroup': 'WR', 'shortName': 'J.Crowder', 'smartId': '32004352-4f69-7273-6662-7a928881f033', 'status': 'ACT'}",Jamison Crowder,WR,5110,2018,jamison crowder,WAS,6/17/1993,13070.916
6.365916667,4.764846958,11.28884615,2.97665106,5.285465116,0.520618159,66.15384615,29.86278847,6,86,130,1219,"{'season': 2018, 'currentTeamId': '2510', 'displayName': 'Robert Woods', 'esbId': 'WOO561144', 'firstName': 'Robert', 'footballName': 'Robert', 'gsisId': '00-0030431', 'gsisItId': 39989, 'headshot': 'https://static.www.nfl.com/image/private/{formatInstructions}/league/vwtoba3zfsmti9s9wwau', 'jerseyNumber': 17, 'lastName': 'Woods', 'ngsPosition': 'SLOT_WR', 'ngsPositionGroup': 'WR', 'position': 'WR', 'positionGroup': 'WR', 'shortName': 'R.Woods', 'smartId': '3200574f-4f56-1144-59b1-dbf0c9bdb37a', 'status': 'ACT'}",Robert Woods,WR,2510,2018,robert woods,LA,4/10/1992,19567.80407
6.351126761,3.186660028,9.326052632,2.673896584,3.666756757,0.480096728,48.68421053,15.33667859,1,37,76,371,"{'season': 2018, 'currentTeamId': '3430', 'displayName': 'Jermaine Kearse', 'esbId': 'KEA511674', 'firstName': 'Jermaine', 'footballName': 'Jermaine', 'gsisId': '00-0029159', 'gsisItId': 39141, 'headshot': 'https://static.www.nfl.com/image/private/{formatInstructions}/league/tvnzajvst7kdglamw4t6', 'jerseyNumber': 10, 'lastName': 'Kearse', 'position': 'WR', 'positionGroup': 'WR', 'shortName': 'J.Kearse', 'smartId': '32004b45-4151-1674-d596-03e4cb69bbc1', 'status': 'ACT', 'ngsPosition': 'SLOT_WR', 'ngsPositionGroup': 'WR'}",Jermaine Kearse,WR,3430,2018,jermaine kearse,NYJ,2/6/1990,9420.503367
6.338921569,2.539086636,9.596964286,2.261011109,3.215507246,0.67642061,61.60714286,27.10104586,6,69,112,734,"{'season': 2018, 'currentTeamId': '3800', 'displayName': 'Larry Fitzgerald', 'esbId': 'FIT437493', 'firstName': 'Larry', 'footballName': 'Larry', 'gsisId': '00-0022921', 'gsisItId': 28955, 'headshot': 'https://static.www.nfl.com/image/private/{formatInstructions}/league/qljpf6rufzvn9zplcrgb', 'jerseyNumber': 11, 'lastName': 'Fitzgerald', 'ngsPosition': 'SLOT_WR', 'ngsPositionGroup': 'WR', 'position': 'WR', 'positionGroup': 'WR', 'shortName': 'L.Fitzgerald', 'smartId': '32004649-5443-7493-c0df-1747b7d5c143', 'status': 'ACT', 'suffix': 'Jr.'}",Larry Fitzgerald,WR,3800,2018,larry fitzgerald,ARI,8/31/1983,15696.0081
6.316470588,2.846289917,5.962264151,2.866706214,3.409714286,0.563424368,66.03773585,7.047719305,1,35,53,302,"{'season': 2018, 'currentTeamId': '3000', 'displayName': 'Laquon Treadwell', 'esbId': 'TRE425415', 'firstName': 'Laquon', 'footballName': 'Laquon', 'gsisId': '00-0032951', 'gsisItId': 43312, 'headshot': 'https://static.www.nfl.com/image/private/{formatInstructions}/league/ybfzsm2ae4zj5atjlm1k', 'jerseyNumber': 11, 'lastName': 'Treadwell', 'ngsPosition': 'WR', 'ngsPositionGroup': 'WR', 'position': 'WR', 'positionGroup': 'WR', 'shortName': 'L.Treadwell', 'smartId': '32005452-4542-5415-7fdd-740fe9181fcb', 'status': 'ACT'}",Laquon Treadwell,WR,3000,2018,laquon treadwell,MIN,6/14/1995,14371.79524
6.315555556,5.965291079,10.04228261,3.168861894,5.79203125,-0.173259829,69.56521739,17.68217295,10,64,92,821,"{'season': 2018, 'currentTeamId': '0200', 'displayName': 'Calvin Ridley', 'esbId': 'RID652384', 'firstName': 'Calvin', 'footballName': 'Calvin', 'gsisId': '00-0034837', 'gsisItId': 46095, 'headshot': 'https://static.www.nfl.com/image/private/{formatInstructions}/league/r8hye4mvynz7fxbfooxw', 'jerseyNumber': 18, 'lastName': 'Ridley', 'ngsPosition': 'WR', 'ngsPositionGroup': 'WR', 'position': 'WR', 'positionGroup': 'WR', 'shortName': 'C.Ridley', 'smartId': '32005249-4465-2384-7253-3a4b46622aa9', 'status': 'ACT'}",Calvin Ridley,WR,200,2018,calvin ridley,ATL,12/20/1994,8246.980691
6.3,5.571539884,20.62906977,2.713103557,6.511538462,0.939998577,60.46511628,17.77505701,3,26,43,526,"{'season': 2018, 'currentTeamId': '0610', 'displayName': 'Robert Foster', 'esbId': 'FOS633097', 'firstName': 'Robert', 'footballName': 'Robert', 'gsisId': '00-0034510', 'gsisItId': 46694, 'headshot': 'https://static.www.nfl.com/image/private/{formatInstructions}/league/n5eaqh4cvtblpiqubi4b', 'jerseyNumber': 16, 'lastName': 'Foster', 'ngsPosition': 'WR', 'ngsPositionGroup': 'WR', 'position': 'WR', 'positionGroup': 'WR', 'shortName': 'R.Foster', 'smartId': '3200464f-5363-3097-c0bc-5d4f423cb6ba', 'status': 'ACT'}",Robert Foster,WR,610,2018,robert foster,BUF,5/7/1994,10071.57274
6.288712871,3.927293141,6.276548673,2.975121009,5.785135135,1.857841994,65.48672566,17.74602356,4,74,113,789,"{'season': 2018, 'currentTeamId': '3700', 'displayName': 'Golden Tate', 'esbId': 'TAT245022', 'firstName': 'Golden', 'footballName': 'Golden', 'gsisId': '00-0027891', 'gsisItId': 35499, 'headshot': 'https://static.www.nfl.com/image/private/{formatInstructions}/league/ou4hq9jwx5iqbvp1u62j', 'jerseyNumber': 19, 'lastName': 'Tate', 'ngsPosition': 'SLOT_WR', 'ngsPositionGroup': 'WR', 'position': 'WR', 'positionGroup': 'WR', 'shortName': 'G.Tate', 'smartId': '32005441-5424-5022-18f3-b9b5433de8e5', 'status': 'ACT', 'suffix': 'III'}",Golden Tate,WR,3700,2018,golden tate,PHI,8/2/1988,18211.13552
6.287083333,5.799869463,12.55383562,3.316116025,6.185789474,0.385920011,52.05479452,16.2632343,2,38,73,581,"{'season': 2018, 'currentTeamId': '1800', 'displayName': 'Marquez Valdes-Scantling', 'esbId': 'VAL142116', 'firstName': 'Marquez', 'footballName': 'Marquez', 'gsisId': '00-0034272', 'gsisItId': 46243, 'headshot': 'https://static.www.nfl.com/image/private/{formatInstructions}/league/kiu5rjfc7aaxaa86t0px', 'jerseyNumber': 83, 'lastName': 'Valdes-Scantling', 'ngsPosition': 'WR', 'ngsPositionGroup': 'WR', 'position': 'WR', 'positionGroup': 'WR', 'shortName': 'M.Valdes-Scantling', 'smartId': '32005641-4c14-2116-e6d9-84cbe2bdacf5', 'status': 'ACT'}",Marquez Valdes-Scantling,WR,1800,2018,marquez valdes-scantling,GB,10/10/1994,12895.67296
6.279117647,4.462121201,7.038860759,3.219911867,4.181525424,-0.280595777,74.6835443,15.56581327,1,59,79,575,"{'season': 2018, 'currentTeamId': '2700', 'displayName': 'Danny Amendola', 'esbId': 'AME359918', 'firstName': 'Daniel', 'footballName': 'Danny', 'gsisId': '00-0026035', 'gsisItId': 33566, 'headshot': 'https://static.www.nfl.com/image/private/{formatInstructions}/league/lsowpkotvrwu0pfgchne', 'jerseyNumber': 80, 'lastName': 'Amendola', 'ngsPosition': 'SLOT_WR', 'ngsPositionGroup': 'WR', 'position': 'WR', 'positionGroup': 'WR', 'shortName': 'D.Amendola', 'smartId': '3200414d-4535-9918-e336-c0dd118d7e30', 'status': 'ACT'}",Danny Amendola,WR,2700,2018,danny amendola,MIA,11/2/1985,18489.7859
6.251081081,4.402366008,9.286853933,2.941083555,5.087454545,0.685088537,61.79775281,14.66784265,2,55,89,636,"{'season': 2018, 'currentTeamId': '1800', 'displayName': 'Jimmy Graham', 'esbId': 'GRA207087', 'firstName': 'Jimmy', 'footballName': 'Jimmy', 'gsisId': '00-0027696', 'gsisItId': 35534, 'headshot': 'https://static.www.nfl.com/image/private/{formatInstructions}/league/k9ab1aej2g0xs0q83nio', 'jerseyNumber': 80, 'lastName': 'Graham', 'ngsPosition': 'SLOT_WR', 'ngsPositionGroup': 'TE', 'position': 'TE', 'positionGroup': 'TE', 'shortName': 'J.Graham', 'smartId': '32004752-4120-7087-8983-64184106d580', 'status': 'ACT'}",Jimmy Graham,TE,1800,2018,jimmy graham,GB,11/24/1986,12895.67296
6.244831461,3.592968956,11.90242105,2.589310149,4.583898305,0.990929349,62.10526316,17.13167571,7,59,95,842,"{'season': 2018, 'currentTeamId': '4900', 'displayName': 'Chris Godwin', 'esbId': 'GOD549393', 'firstName': 'Rod', 'footballName': 'Chris', 'gsisId': '00-0033921', 'gsisItId': 44896, 'headshot': 'https://static.www.nfl.com/image/private/{formatInstructions}/league/gv8mcd9ndaqdud3yeooe', 'jerseyNumber': 12, 'lastName': 'Godwin', 'ngsPosition': 'WR', 'ngsPositionGroup': 'WR', 'position': 'WR', 'positionGroup': 'WR', 'shortName': 'C.Godwin', 'smartId': '3200474f-4454-9393-6eec-24189dd66641', 'status': 'ACT'}",Chris Godwin,WR,4900,2018,chris godwin,TB,2/27/1996,11937.85766
6.243061224,6.09112967,12.02872727,4.08580671,5.979428571,-0.111701098,63.63636364,15.24469208,3,35,55,532,"{'season': 2018, 'currentTeamId': '3200', 'displayName': 'Chris Hogan', 'esbId': 'HOG008552', 'firstName': 'Chris', 'footballName': 'Chris', 'gsisId': '00-0028237', 'gsisItId': 37737, 'headshot': 'https://static.www.nfl.com/image/private/{formatInstructions}/league/dssn7zhhr5aqj3ujotfy', 'jerseyNumber': 15, 'lastName': 'Hogan', 'ngsPosition': 'WR', 'ngsPositionGroup': 'WR', 'position': 'WR', 'positionGroup': 'WR', 'shortName': 'C.Hogan', 'smartId': '3200484f-4700-8552-d771-1e9cfd53695f', 'status': 'ACT'}",Chris Hogan,WR,3200,2018,chris hogan,NE,10/24/1987,18869.44337
6.238292683,5.181751862,10.47371134,3.445243265,5.97515625,0.793404388,65.97938144,23.08179901,4,64,97,743,"{'season': 2018, 'currentTeamId': '3700', 'displayName': 'Nelson Agholor', 'esbId': 'AGH474619', 'firstName': 'Nelson', 'footballName': 'Nelson', 'gsisId': '00-0031549', 'gsisItId': 42363, 'headshot': 'https://static.www.nfl.com/image/private/{formatInstructions}/league/rlo21k18vop9s50knzyb', 'jerseyNumber': 13, 'lastName': 'Agholor', 'ngsPosition': 'SLOT_WR', 'ngsPositionGroup': 'WR', 'position': 'WR', 'positionGroup': 'WR', 'shortName': 'N.Agholor', 'smartId': '32004147-4847-4619-b8a1-bb6c688fe5ac', 'status': 'ACT'}",Nelson Agholor,WR,3700,2018,nelson agholor,PHI,5/24/1993,18211.13552
6.227065217,4.657301597,7.700925926,3.253567722,4.979864865,0.322563268,68.51851852,19.16474259,6,74,108,850,"{'season': 2018, 'currentTeamId': '3200', 'displayName': 'Julian Edelman', 'esbId': 'EDE425791', 'firstName': 'Julian', 'footballName': 'Julian', 'gsisId': '00-0027150', 'gsisItId': 34683, 'headshot': 'https://static.www.nfl.com/image/private/{formatInstructions}/league/u0hbuo2bsvtlg7lnxm43', 'jerseyNumber': 11, 'lastName': 'Edelman', 'ngsPosition': 'SLOT_WR', 'ngsPositionGroup': 'WR', 'position': 'WR', 'positionGroup': 'WR', 'shortName': 'J.Edelman', 'smartId': '32004544-4542-5791-52f0-bc67f5a8aae9', 'status': 'ACT'}",Julian Edelman,WR,3200,2018,julian edelman,NE,5/22/1986,18869.44337
6.2178125,4.379806617,9.758676471,2.712475212,5.437209302,1.057402685,63.23529412,16.73146551,3,43,68,590,"{'season': 2018, 'currentTeamId': '3800', 'displayName': 'Christian Kirk', 'esbId': 'KIR257918', 'firstName': 'Christian', 'footballName': 'Christian', 'gsisId': '00-0034775', 'gsisItId': 46116, 'headshot': 'https://static.www.nfl.com/image/private/{formatInstructions}/league/xhicurlusjfytzmkrfo9', 'jerseyNumber': 13, 'lastName': 'Kirk', 'position': 'WR', 'positionGroup': 'WR', 'shortName': 'C.Kirk', 'smartId': '32004b49-5225-7918-e402-81feed3bdafb', 'status': 'RES', 'ngsPosition': 'WR', 'ngsPositionGroup': 'WR'}",Christian Kirk,WR,3800,2018,christian kirk,ARI,11/18/1996,15696.0081
6.211965812,4.449483493,11.48701613,2.970090375,4.538571429,0.089087936,62.09677419,33.29865673,6,77,124,1052,"{'season': 2018, 'currentTeamId': '3410', 'displayName': 'Odell Beckham', 'esbId': 'BEC573252', 'firstName': 'Odell', 'footballName': 'Odell', 'gsisId': '00-0031235', 'gsisItId': 41238, 'headshot': 'https://static.www.nfl.com/image/private/{formatInstructions}/league/yzjnhcodduxtsqobvmpe', 'jerseyNumber': 13, 'lastName': 'Beckham', 'position': 'WR', 'positionGroup': 'WR', 'shortName': 'O.Beckham', 'smartId': '32004245-4357-3252-264b-1da3e93d2745', 'status': 'ACT', 'suffix': 'Jr.', 'ngsPosition': 'WR', 'ngsPositionGroup': 'WR'}",Odell Beckham,WR,3410,2018,odell beckham jr,NYG,11/5/1992,15119.37179
6.180816327,2.335027601,12.68411765,2.756729324,2.574821429,0.239793828,54.90196078,25.92527282,7,56,102,652,"{'season': 2018, 'currentTeamId': '0610', 'displayName': 'Zay Jones', 'esbId': 'JON403726', 'firstName': 'Isaiah', 'footballName': 'Zay', 'gsisId': '00-0033891', 'gsisItId': 44849, 'headshot': 'https://static.www.nfl.com/image/private/{formatInstructions}/league/nkixqtvictwfcuew1goo', 'jerseyNumber': 11, 'lastName': 'Jones', 'ngsPosition': 'WR', 'ngsPositionGroup': 'WR', 'position': 'WR', 'positionGroup': 'WR', 'shortName': 'Z.Jones', 'smartId': '32004a4f-4e40-3726-920b-837ea00d253e', 'status': 'ACT'}",Zay Jones,WR,610,2018,zay jones,BUF,3/30/1995,10071.57274
6.1745,2.866592455,16.4134375,2.364326201,3.65972973,0.793137274,57.8125,29.4050465,6,37,64,553,"{'season': 2018, 'currentTeamId': '2700', 'displayName': 'Kenny Stills', 'esbId': 'STI417540', 'firstName': 'Kenneth', 'footballName': 'Kenny', 'gsisId': '00-0030085', 'gsisItId': 40092, 'headshot': 'https://static.www.nfl.com/image/private/{formatInstructions}/league/ets69ksudoveicvp50ob', 'jerseyNumber': 10, 'lastName': 'Stills', 'ngsPosition': 'WR', 'ngsPositionGroup': 'WR', 'position': 'WR', 'positionGroup': 'WR', 'shortName': 'K.Stills', 'smartId': '32005354-4941-7540-2f57-a0adf1ab483e', 'status': 'ACT', 'suffix': 'Jr.'}",Kenny Stills,WR,2700,2018,kenny stills,MIA,4/22/1992,18489.7859
6.156363636,2.864980468,11.23531915,3.091274842,3.451538462,0.586557993,55.31914894,16.48312544,2,26,47,316,"{'season': 2018, 'currentTeamId': '2100', 'displayName': 'Tajae Sharpe', 'esbId': 'SHA495155', 'firstName': 'Tajae', 'footballName': 'Tajae', 'gsisId': '00-0032778', 'gsisItId': 43429, 'headshot': 'https://static.www.nfl.com/image/private/{formatInstructions}/league/olezztyjrp5ysdyppfgv', 'jerseyNumber': 19, 'lastName': 'Sharpe', 'ngsPosition': 'WR', 'ngsPositionGroup': 'WR', 'position': 'WR', 'positionGroup': 'WR', 'shortName': 'T.Sharpe', 'smartId': '32005348-4149-5155-e7a8-969107ac4215', 'status': 'ACT'}",Tajae Sharpe,WR,2100,2018,tajae sharpe,TEN,12/23/1994,12049.56799
6.150212766,4.130715499,9.338979592,3.246848462,4.592394366,0.461678867,72.44897959,20.92940824,4,71,98,866,"{'season': 2018, 'currentTeamId': '1400', 'displayName': 'Emmanuel Sanders', 'esbId': 'SAN295989', 'firstName': 'Emmanuel', 'footballName': 'Emmanuel', 'gsisId': '00-0027685', 'gsisItId': 35521, 'headshot': 'https://static.www.nfl.com/image/private/{formatInstructions}/league/r6ebggjkzsl1lt3w5ano', 'jerseyNumber': 10, 'lastName': 'Sanders', 'position': 'WR', 'positionGroup': 'WR', 'shortName': 'E.Sanders', 'smartId': '32005341-4e29-5989-16d2-05d6a07248e9', 'status': 'RES', 'ngsPosition': 'SLOT_WR', 'ngsPositionGroup': 'WR'}",Emmanuel Sanders,WR,1400,2018,emmanuel sanders,DEN,3/17/1987,15500.69311
6.128426966,4.624369947,8.463069307,3.512672612,5.739848485,1.115478537,65.34653465,23.08417323,5,66,101,715,"{'season': 2018, 'currentTeamId': '2250', 'displayName': 'Dede Westbrook', 'esbId': 'WES551470', 'firstName': 'Decrick', 'footballName': 'Dede', 'gsisId': '00-0033839', 'gsisItId': 44923, 'headshot': 'https://static.www.nfl.com/image/private/{formatInstructions}/league/ka3wmdkh42mcj3lgbjoe', 'jerseyNumber': 12, 'lastName': 'Westbrook', 'ngsPosition': 'SLOT_WR', 'ngsPositionGroup': 'WR', 'position': 'WR', 'positionGroup': 'WR', 'shortName': 'D.Westbrook', 'smartId': '32005745-5355-1470-8067-83ca40023853', 'status': 'ACT'}",Dede Westbrook,WR,2250,2018,dede westbrook,JAX,11/21/1993,11845.4414
6.122115385,4.433120034,8.56734375,3.228416457,5.227333333,0.794213299,70.3125,14.92308613,2,45,64,494,"{'season': 2018, 'currentTeamId': '2520', 'displayName': 'Seth Roberts', 'esbId': 'ROB240370', 'firstName': 'Seth', 'footballName': 'Seth', 'gsisId': '00-0031166', 'gsisItId': 41983, 'headshot': 'https://static.www.nfl.com/image/private/{formatInstructions}/league/evaluuij0u4wrxo94tkw', 'jerseyNumber': 10, 'lastName': 'Roberts', 'ngsPosition': 'SLOT_WR', 'ngsPositionGroup': 'WR', 'position': 'WR', 'positionGroup': 'WR', 'shortName': 'S.Roberts', 'smartId': '3200524f-4224-0370-24b1-002f3e8d6b15', 'status': 'ACT'}",Seth Roberts,WR,2520,2018,seth roberts,OAK,2/22/1991,"20,931.44"
6.113,4.711260973,9.01402439,2.887994524,7.929818182,3.218557209,67.07317073,17.90385715,2,55,82,788,"{'season': 2018, 'currentTeamId': '0750', 'displayName': 'D.J. Moore', 'esbId': 'MOO272423', 'firstName': 'Denniston', 'footballName': 'D.J.', 'gsisId': '00-0034827', 'gsisItId': 46093, 'headshot': 'https://static.www.nfl.com/image/private/{formatInstructions}/league/hcupqutgexfiy98ln3me', 'jerseyNumber': 12, 'lastName': 'Moore', 'ngsPosition': 'WR', 'ngsPositionGroup': 'WR', 'position': 'WR', 'positionGroup': 'WR', 'shortName': 'D.Moore', 'smartId': '32004d4f-4f27-2423-f0b4-728a741b03cb', 'status': 'ACT'}",D.J. Moore,WR,750,2018,dj moore,CAR,4/14/1997,6950.342707
6.083559322,4.195671523,12.03375,2.626242628,4.641702128,0.446030605,65.27777778,19.96502095,3,47,72,682,"{'season': 2018, 'currentTeamId': '3200', 'displayName': 'Rob Gronkowski', 'esbId': 'GRO135948', 'firstName': 'Robert', 'footballName': 'Rob', 'gsisId': '00-0027656', 'gsisItId': 35481, 'headshot': 'https://static.www.nfl.com/image/private/{formatInstructions}/league/hdryd2czt78fk6bi4t3a', 'jerseyNumber': 87, 'lastName': 'Gronkowski', 'ngsPosition': 'TE', 'ngsPositionGroup': 'TE', 'position': 'TE', 'positionGroup': 'TE', 'shortName': 'R.Gronkowski', 'smartId': '32004752-4f13-5948-af95-481204a115ed', 'status': 'ACT'}",Rob Gronkowski,TE,3200,2018,rob gronkowski,NE,5/14/1989,18869.44337
6.080517241,6.609104981,5.09390625,4.422359424,8.967333333,2.358228352,70.3125,7.621294084,3,45,64,577,"{'season': 2018, 'currentTeamId': '3410', 'displayName': 'Evan Engram', 'esbId': 'ENG726325', 'firstName': 'Evan', 'footballName': 'Evan', 'gsisId': '00-0033881', 'gsisItId': 44835, 'headshot': 'https://static.www.nfl.com/image/private/{formatInstructions}/league/nyhnfypbeatlkr7wveja', 'jerseyNumber': 88, 'lastName': 'Engram', 'ngsPosition': 'TE', 'ngsPositionGroup': 'TE', 'position': 'TE', 'positionGroup': 'TE', 'shortName': 'E.Engram', 'smartId': '3200454e-4772-6325-a4a0-9b4b442fe68a', 'status': 'ACT'}",Evan Engram,TE,3410,2018,evan engram,NYG,9/2/1994,15119.37179
6.079917355,3.827446469,7.278653846,3.241403232,3.346896552,-0.480549917,74.35897436,25.7972246,8,116,156,1163,"{'season': 2018, 'currentTeamId': '3700', 'displayName': 'Zach Ertz', 'esbId': 'ERT800920', 'firstName': 'Zachary', 'footballName': 'Zach', 'gsisId': '00-0030061', 'gsisItId': 39983, 'headshot': 'https://static.www.nfl.com/image/private/{formatInstructions}/league/irowplnl44sextckrrxb', 'jerseyNumber': 86, 'lastName': 'Ertz', 'ngsPosition': 'SLOT_WR', 'ngsPositionGroup': 'TE', 'position': 'TE', 'positionGroup': 'TE', 'shortName': 'Z.Ertz', 'smartId': '32004552-5480-0920-32a6-165b5a77814e', 'status': 'ACT'}",Zach Ertz,TE,3700,2018,zach ertz,PHI,11/10/1990,18211.13552
6.079245283,3.659694966,10.25473214,3.051198104,4.345538462,0.685843496,58.03571429,35.85078224,4,65,112,891,"{'season': 2018, 'currentTeamId': '2100', 'displayName': 'Corey Davis', 'esbId': 'DAV247957', 'firstName': 'Corey', 'footballName': 'Corey', 'gsisId': '00-0033871', 'gsisItId': 44817, 'headshot': 'https://static.www.nfl.com/image/private/{formatInstructions}/league/bvc0v713yjjeq5pvlep4', 'jerseyNumber': 84, 'lastName': 'Davis', 'ngsPosition': 'WR', 'ngsPositionGroup': 'WR', 'position': 'WR', 'positionGroup': 'WR', 'shortName': 'C.Davis', 'smartId': '32004441-5624-7957-ef31-0e38b3301e4b', 'status': 'ACT'}",Corey Davis,WR,2100,2018,corey davis,TEN,1/11/1995,12049.56799
6.04075,4.350000834,6.583265306,3.865717027,4.4675,0.117499166,65.30612245,6.564095468,3,32,49,313,"{'season': 2018, 'currentTeamId': '2510', 'displayName': 'Gerald Everett', 'esbId': 'EVE166115', 'firstName': 'Gerald', 'footballName': 'Gerald', 'gsisId': '00-0033895', 'gsisItId': 44856, 'headshot': 'https://static.www.nfl.com/image/private/{formatInstructions}/league/brbt0jiilylj1v5m16f3', 'jerseyNumber': 81, 'lastName': 'Everett', 'ngsPosition': 'TE', 'ngsPositionGroup': 'TE', 'position': 'TE', 'positionGroup': 'TE', 'shortName': 'G.Everett', 'smartId': '32004556-4516-6115-f11c-124334bc44da', 'status': 'ACT'}",Gerald Everett,TE,2510,2018,gerald everett,LA,6/25/1994,19567.80407
5.981960784,3.778653828,9.911775701,2.901513136,5.743466667,1.964812839,70.09345794,28.86474482,7,75,107,1005,"{'season': 2018, 'currentTeamId': '1200', 'displayName': 'Amari Cooper', 'esbId': 'COO487703', 'firstName': 'Amari', 'footballName': 'Amari', 'gsisId': '00-0031544', 'gsisItId': 42347, 'headshot': 'https://static.www.nfl.com/image/private/{formatInstructions}/league/ekwyie7av318q4eaffiy', 'jerseyNumber': 19, 'lastName': 'Cooper', 'ngsPosition': 'WR', 'ngsPositionGroup': 'WR', 'position': 'WR', 'positionGroup': 'WR', 'shortName': 'A.Cooper', 'smartId': '3200434f-4f48-7703-16a5-c78426109031', 'status': 'ACT'}",Amari Cooper,WR,1200,2018,amari cooper,DAL,6/17/1994,18985.53715
5.964324324,4.475290193,6.286530612,3.440528432,4.436666667,-0.038623527,73.46938776,7.461413997,2,36,49,333,"{'season': 2018, 'currentTeamId': '0750', 'displayName': 'Ian Thomas', 'esbId': 'THO197015', 'firstName': 'Ian', 'footballName': 'Ian', 'gsisId': '00-0034365', 'gsisItId': 46170, 'headshot': 'https://static.www.nfl.com/image/private/{formatInstructions}/league/gjnpi3smp9569mct38ap', 'jerseyNumber': 80, 'lastName': 'Thomas', 'ngsPosition': 'TE', 'ngsPositionGroup': 'TE', 'position': 'TE', 'positionGroup': 'TE', 'shortName': 'I.Thomas', 'smartId': '32005448-4f19-7015-e78d-8df0c5551bf1', 'status': 'ACT'}",Ian Thomas,TE,750,2018,ian thomas,CAR,6/6/1996,6950.342707
5.955272727,4.886592772,5.723220339,3.234327683,5.01372093,0.127128158,72.88135593,8.179118505,1,43,59,447,"{'season': 2018, 'currentTeamId': '0750', 'displayName': 'Jarius Wright', 'esbId': 'WRI391959', 'firstName': 'Jarius', 'footballName': 'Jarius', 'gsisId': '00-0029572', 'gsisItId': 38648, 'headshot': 'https://static.www.nfl.com/image/private/{formatInstructions}/league/f4xgfra44cd6qjy6havp', 'jerseyNumber': 13, 'lastName': 'Wright', 'ngsPosition': 'SLOT_WR', 'ngsPositionGroup': 'WR', 'position': 'WR', 'positionGroup': 'WR', 'shortName': 'J.Wright', 'smartId': '32005752-4939-1959-ac18-30681b0a1cd5', 'status': 'ACT'}",Jarius Wright,WR,750,2018,jarius wright,CAR,11/25/1989,6950.342707
5.919294118,4.214390868,10.37561798,3.021092108,4.931016949,0.716626081,66.29213483,21.11715593,5,59,89,677,"{'season': 2018, 'currentTeamId': '2120', 'displayName': 'Demaryius Thomas', 'esbId': 'THO095855', 'firstName': 'Demaryius', 'footballName': 'Demaryius', 'gsisId': '00-0027874', 'gsisItId': 35461, 'headshot': 'https://static.www.nfl.com/image/private/{formatInstructions}/league/p1yjsqtqimjd6iazu3h9', 'jerseyNumber': 87, 'lastName': 'Thomas', 'position': 'WR', 'positionGroup': 'WR', 'shortName': 'De.Thomas', 'smartId': '32005448-4f09-5855-cc31-142ac25a7d75', 'status': 'RES', 'ngsPosition': 'WR', 'ngsPositionGroup': 'WR'}",Demaryius Thomas,WR,2120,2018,demaryius thomas,HOU,12/25/1987,17678.83402
5.915244755,3.677371442,8.88966443,2.729485972,4.342058824,0.664687381,68.45637584,29.5415414,9,102,149,1021,"{'season': 2018, 'currentTeamId': '3000', 'displayName': 'Stefon Diggs', 'esbId': 'DIG218895', 'firstName': 'Stefon', 'footballName': 'Stefon', 'gsisId': '00-0031588', 'gsisItId': 42489, 'headshot': 'https://static.www.nfl.com/image/private/{formatInstructions}/league/wrvjgnqxlwmh3jcpwknm', 'jerseyNumber': 14, 'lastName': 'Diggs', 'ngsPosition': 'WR', 'ngsPositionGroup': 'WR', 'position': 'WR', 'positionGroup': 'WR', 'shortName': 'S.Diggs', 'smartId': '32004449-4721-8895-fc23-d2bf4c921bd4', 'status': 'ACT'}",Stefon Diggs,WR,3000,2018,stefon diggs,MIN,11/29/1993,14371.79524
5.912808989,3.331130816,12.84719101,2.246120903,5.139166667,1.80803585,53.93258427,30.87900098,3,48,89,672,"{'season': 2018, 'currentTeamId': '2250', 'displayName': 'Donte Moncrief', 'esbId': 'MON117004', 'firstName': 'Donte', 'footballName': 'Donte', 'gsisId': '00-0031339', 'gsisItId': 41319, 'headshot': 'https://static.www.nfl.com/image/private/{formatInstructions}/league/iippulnxfyjgrlj2p5qw', 'jerseyNumber': 10, 'lastName': 'Moncrief', 'ngsPosition': 'WR', 'ngsPositionGroup': 'WR', 'position': 'WR', 'positionGroup': 'WR', 'shortName': 'D.Moncrief', 'smartId': '32004d4f-4e11-7004-12bd-2d2a3d30b214', 'status': 'ACT'}",Donte Moncrief,WR,2250,2018,donte moncrief,JAX,8/6/1993,11845.4414
5.899745763,5.355797857,11.32333333,2.30523626,6.176315789,0.820517932,63.33333333,27.56058034,6,76,120,1270,"{'season': 2018, 'currentTeamId': '2200', 'displayName': 'T.Y. Hilton', 'esbId': 'HIL775449', 'firstName': 'Eugene', 'footballName': 'T.Y.', 'gsisId': '00-0029608', 'gsisItId': 38622, 'headshot': 'https://static.www.nfl.com/image/private/{formatInstructions}/league/kbickbqrcbj2gos5ourc', 'jerseyNumber': 13, 'lastName': 'Hilton', 'ngsPosition': 'WR', 'ngsPositionGroup': 'WR', 'position': 'WR', 'positionGroup': 'WR', 'shortName': 'T.Hilton', 'smartId': '32004849-4c77-5449-32f3-1710cf2948b2', 'status': 'ACT'}",T.Y. Hilton,WR,2200,2018,ty hilton,IND,11/14/1989,14502.58425
5.899390244,3.865493658,7.404137931,2.866364179,3.414153846,-0.451339812,74.71264368,16.15833239,3,65,87,672,"{'season': 2018, 'currentTeamId': '1200', 'displayName': 'Cole Beasley', 'esbId': 'BEA434808', 'firstName': 'Cole', 'footballName': 'Cole', 'gsisId': '00-0029000', 'gsisItId': 38947, 'headshot': 'https://static.www.nfl.com/image/private/{formatInstructions}/league/f8ps0df05hmcu1tzrbub', 'jerseyNumber': 11, 'lastName': 'Beasley', 'ngsPosition': 'SLOT_WR', 'ngsPositionGroup': 'WR', 'position': 'WR', 'positionGroup': 'WR', 'shortName': 'C.Beasley', 'smartId': '32004245-4143-4808-b9d8-45a5d1a5ad73', 'status': 'ACT'}",Cole Beasley,WR,1200,2018,cole beasley,DAL,4/26/1989,18985.53715
5.886262626,4.550699442,10.37700935,3.138342282,5.155454545,0.604755104,61.68224299,25.95695737,4,66,107,872,"{'season': 2018, 'currentTeamId': '3410', 'displayName': 'Sterling Shepard', 'esbId': 'SHE495754', 'firstName': 'Sterling', 'footballName': 'Sterling', 'gsisId': '00-0032385', 'gsisItId': 43329, 'headshot': 'https://static.www.nfl.com/image/private/{formatInstructions}/league/clyfhd10ta2iqitjn62q', 'jerseyNumber': 87, 'lastName': 'Shepard', 'ngsPosition': 'SLOT_WR', 'ngsPositionGroup': 'WR', 'position': 'WR', 'positionGroup': 'WR', 'shortName': 'S.Shepard', 'smartId': '32005348-4549-5754-5697-2a8312edc489', 'status': 'ACT'}",Sterling Shepard,WR,3410,2018,sterling shepard,NYG,2/10/1993,15119.37179
5.855714286,4.846703826,14.8040146,3.148717596,6.379655172,1.532951347,63.50364964,38.42517686,12,87,137,1479,"{'season': 2018, 'currentTeamId': '2310', 'displayName': 'Tyreek Hill', 'esbId': 'HIL628694', 'firstName': 'Tyreek', 'footballName': 'Tyreek', 'gsisId': '00-0033040', 'gsisItId': 43454, 'headshot': 'https://static.www.nfl.com/image/private/{formatInstructions}/league/daheq1ssy3lui6kxtudq', 'jerseyNumber': 10, 'lastName': 'Hill', 'ngsPosition': 'WR', 'ngsPositionGroup': 'WR', 'position': 'WR', 'positionGroup': 'WR', 'shortName': 'T.Hill', 'smartId': '32004849-4c62-8694-8490-45499711dee4', 'status': 'ACT'}",Tyreek Hill,WR,2310,2018,tyreek hill,KC,3/1/1994,17312.03603
5.804216867,3.689992739,9.045568182,2.721723652,4.138095238,0.448102499,71.59090909,21.66461636,3,63,88,739,"{'season': 2018, 'currentTeamId': '2520', 'displayName': 'Jordy Nelson', 'esbId': 'NEL517441', 'firstName': 'Jordy', 'footballName': 'Jordy', 'gsisId': '00-0026176', 'gsisItId': 33117, 'headshot': 'https://static.www.nfl.com/image/private/{formatInstructions}/league/bde2n4ozsakatgs4yyp2', 'jerseyNumber': 82, 'lastName': 'Nelson', 'ngsPosition': 'WR', 'ngsPositionGroup': 'WR', 'position': 'WR', 'positionGroup': 'WR', 'shortName': 'J.Nelson', 'smartId': '32004e45-4c51-7441-cb9a-dcc50c9bd02c', 'status': 'ACT'}",Jordy Nelson,WR,2520,2018,jordy nelson,OAK,5/31/1985,"20,931.44"
5.801904762,3.816841984,14.22113636,2.957531174,5.914347826,2.097505842,52.27272727,15.98337625,4,23,44,395,"{'season': 2018, 'currentTeamId': '4500', 'displayName': 'Marquise Goodwin', 'esbId': 'GOO681722', 'firstName': 'Marquise', 'footballName': 'Marquise', 'gsisId': '00-0030068', 'gsisItId': 40026, 'headshot': 'https://static.www.nfl.com/image/private/{formatInstructions}/league/nmjuzbsyji3coi0gjrvg', 'jerseyNumber': 11, 'lastName': 'Goodwin', 'position': 'WR', 'positionGroup': 'WR', 'shortName': 'M.Goodwin', 'smartId': '3200474f-4f68-1722-a2ec-9d5c7a13eba1', 'status': 'ACT', 'ngsPosition': 'WR', 'ngsPositionGroup': 'WR'}",Marquise Goodwin,WR,4500,2018,marquise goodwin,SF,11/19/1990,18381.19579
5.791142857,4.627421633,3.169318182,3.466580554,4.081111111,-0.546310522,81.81818182,2.669354206,1,36,44,253,"{'season': 2018, 'currentTeamId': '3900', 'displayName': 'Ryan Switzer', 'esbId': 'SWI749216', 'firstName': 'Ryan', 'footballName': 'Ryan', 'gsisId': '00-0033562', 'gsisItId': 44946, 'headshot': 'https://static.www.nfl.com/image/private/{formatInstructions}/league/ulrojzpaak3u6fpzlcra', 'jerseyNumber': 10, 'lastName': 'Switzer', 'ngsPosition': 'SLOT_WR', 'ngsPositionGroup': 'WR', 'position': 'WR', 'positionGroup': 'WR', 'shortName': 'R.Switzer', 'smartId': '32005357-4974-9216-55ce-2acba910db49', 'status': 'ACT'}",Ryan Switzer,WR,3900,2018,ryan switzer,PIT,11/4/1994,12606.14049
5.770486111,3.427741437,9.596928105,2.903090043,3.854867257,0.427125819,73.85620915,32.74803065,9,113,153,1373,"{'season': 2018, 'currentTeamId': '3000', 'displayName': 'Adam Thielen', 'esbId': 'THI510348', 'firstName': 'Adam', 'footballName': 'Adam', 'gsisId': '00-0030035', 'gsisItId': 40488, 'headshot': 'https://static.www.nfl.com/image/private/{formatInstructions}/league/stmxpojttikyk6i8hgi0', 'jerseyNumber': 19, 'lastName': 'Thielen', 'ngsPosition': 'SLOT_WR', 'ngsPositionGroup': 'WR', 'position': 'WR', 'positionGroup': 'WR', 'shortName': 'A.Thielen', 'smartId': '32005448-4951-0348-440c-28f32f21652b', 'status': 'ACT'}",Adam Thielen,WR,3000,2018,adam thielen,MIN,8/22/1990,14371.79524
5.763225806,3.737677266,6.875,3.547251405,4.02765625,0.289978984,78.04878049,12.57326506,4,64,82,634,"{'season': 2018, 'currentTeamId': '3000', 'displayName': 'Kyle Rudolph', 'esbId': 'RUD559717', 'firstName': 'Kyle', 'footballName': 'Kyle', 'gsisId': '00-0027981', 'gsisItId': 37118, 'headshot': 'https://static.www.nfl.com/image/private/{formatInstructions}/league/mghugoiw9q76t8dwqhz1', 'jerseyNumber': 82, 'lastName': 'Rudolph', 'ngsPosition': 'TE', 'ngsPositionGroup': 'TE', 'position': 'TE', 'positionGroup': 'TE', 'shortName': 'K.Rudolph', 'smartId': '32005255-4455-9717-7e48-fda7c76802aa', 'status': 'ACT'}",Kyle Rudolph,TE,3000,2018,kyle rudolph,MIN,11/9/1989,14371.79524
5.763050847,4.309531814,8.054605263,3.446349332,3.716296296,-0.593235518,71.05263158,13.71816966,6,54,76,569,"{'season': 2018, 'currentTeamId': '0810', 'displayName': 'Trey Burton', 'esbId': 'BUR817654', 'firstName': 'Lawrence', 'footballName': 'Trey', 'gsisId': '00-0030710', 'gsisItId': 41548, 'headshot': 'https://static.www.nfl.com/image/private/{formatInstructions}/league/vt2ce0szit4ozyh5s5iw', 'jerseyNumber': 80, 'lastName': 'Burton', 'position': 'TE', 'positionGroup': 'TE', 'shortName': 'T.Burton', 'smartId': '32004255-5281-7654-2730-ce3d8995f838', 'status': 'ACT', 'suffix': 'III', 'ngsPosition': 'TE', 'ngsPositionGroup': 'TE'}",Trey Burton,TE,810,2018,trey burton,CHI,10/29/1991,12825.42167
5.753152174,3.750305338,9.858181818,3.380877393,3.863181818,0.11287648,60,21.99491707,13,66,110,750,"{'season': 2018, 'currentTeamId': '2200', 'displayName': 'Eric Ebron', 'esbId': 'EBR474619', 'firstName': 'Eric', 'footballName': 'Eric', 'gsisId': '00-0031387', 'gsisItId': 41236, 'headshot': 'https://static.www.nfl.com/image/private/{formatInstructions}/league/gxxogysbupsery4gckld', 'jerseyNumber': 85, 'lastName': 'Ebron', 'ngsPosition': 'SLOT_WR', 'ngsPositionGroup': 'TE', 'position': 'TE', 'positionGroup': 'TE', 'shortName': 'E.Ebron', 'smartId': '32004542-5247-4619-e13a-2be177a1a622', 'status': 'ACT', 'suffix': 'Jr.'}",Eric Ebron,TE,2200,2018,eric ebron,IND,4/10/1993,14502.58425
5.742619048,4.128700067,9.96375,3.12823136,5.118461538,0.989761472,69.64285714,12.07343118,4,39,56,502,"{'season': 2018, 'currentTeamId': '3430', 'displayName': 'Chris Herndon', 'esbId': 'HER373492', 'firstName': 'Christopher', 'footballName': 'Christopher', 'gsisId': '00-0034766', 'gsisItId': 46176, 'headshot': 'https://static.www.nfl.com/image/private/{formatInstructions}/league/orypxaqv1ux3nbqssqqx', 'jerseyNumber': 89, 'lastName': 'Herndon', 'ngsPosition': 'TE', 'ngsPositionGroup': 'TE', 'position': 'TE', 'positionGroup': 'TE', 'shortName': 'C.Herndon', 'smartId': '32004845-5237-3492-2b18-4e74e810b869', 'status': 'ACT'}",Chris Herndon,TE,3430,2018,chris herndon,NYJ,2/23/1996,9420.503367
5.732777778,5.256908306,6.093255814,3.689418337,5.236206897,-0.020701409,67.44186047,6.781902846,3,29,43,269,"{'season': 2018, 'currentTeamId': '4600', 'displayName': 'Nick Vannett', 'esbId': 'VAN643509', 'firstName': 'Nicholas', 'footballName': 'Nick', 'gsisId': '00-0032394', 'gsisItId': 43383, 'headshot': 'https://static.www.nfl.com/image/private/{formatInstructions}/league/lpdwiclht67qphzmyruz', 'jerseyNumber': 81, 'lastName': 'Vannett', 'ngsPosition': 'TE', 'ngsPositionGroup': 'TE', 'position': 'TE', 'positionGroup': 'TE', 'shortName': 'N.Vannett', 'smartId': '32005641-4e64-3509-b1ce-15322f2faec9', 'status': 'ACT'}",Nick Vannett,TE,4600,2018,nick vannett,SEA,3/6/1993,24565.10818
5.71047619,3.730646242,9.591521739,2.439853777,3.09962963,-0.631016613,58.69565217,8.949075398,2,27,46,268,"{'season': 2018, 'currentTeamId': '2200', 'displayName': 'Zach Pascal', 'esbId': 'PAS035497', 'firstName': 'Zachary', 'footballName': 'Zach', 'gsisId': '00-0033251', 'gsisItId': 45102, 'headshot': 'https://static.www.nfl.com/image/private/{formatInstructions}/league/ygh7tavdzx0h2ys4srxz', 'jerseyNumber': 14, 'lastName': 'Pascal', 'ngsPosition': 'WR', 'ngsPositionGroup': 'WR', 'position': 'WR', 'positionGroup': 'WR', 'shortName': 'Z.Pascal', 'smartId': '32005041-5303-5497-62e8-1fb281a506b7', 'status': 'ACT'}",Zach Pascal,WR,2200,2018,zach pascal,IND,12/18/1994,14502.58425
5.71047619,4.910921051,7.911170213,3.031732952,6.136212121,1.22529107,70.21276596,14.23259036,4,66,94,838,"{'season': 2018, 'currentTeamId': '0200', 'displayName': 'Mohamed Sanu', 'esbId': 'SAN808447', 'firstName': 'Mohamed', 'footballName': 'Mohamed', 'gsisId': '00-0029632', 'gsisItId': 38613, 'headshot': 'https://static.www.nfl.com/image/private/{formatInstructions}/league/h7hgvvjlefzoy7nbeb2j', 'jerseyNumber': 12, 'lastName': 'Sanu', 'ngsPosition': 'SLOT_WR', 'ngsPositionGroup': 'WR', 'position': 'WR', 'positionGroup': 'WR', 'shortName': 'M.Sanu', 'smartId': '32005341-4e80-8447-be59-af7546fda327', 'status': 'ACT'}",Mohamed Sanu,WR,200,2018,mohamed sanu,ATL,8/22/1989,8246.980691
5.697839506,3.204687891,14.02658824,2.484572657,4.198672566,0.993984675,66.47058824,45.6369211,8,113,170,1677,"{'season': 2018, 'currentTeamId': '0200', 'displayName': 'Julio Jones', 'esbId': 'JON640315', 'firstName': 'Quintorris', 'footballName': 'Julio', 'gsisId': '00-0027944', 'gsisItId': 37079, 'headshot': 'https://static.www.nfl.com/image/private/{formatInstructions}/league/qs9ucm0ucvjjkbumufh8', 'jerseyNumber': 11, 'lastName': 'Jones', 'ngsPosition': 'WR', 'ngsPositionGroup': 'WR', 'position': 'WR', 'positionGroup': 'WR', 'shortName': 'J.Jones', 'smartId': '32004a4f-4e64-0315-6848-b53a911b9cd3', 'status': 'ACT'}",Julio Jones,WR,200,2018,julio jones,ATL,2/8/1989,8246.980691
5.69380597,3.030809243,15.67927536,2.098511042,3.76244186,0.731632617,62.31884058,32.78279696,8,86,138,1524,"{'season': 2018, 'currentTeamId': '4900', 'displayName': 'Mike Evans', 'esbId': 'EVA534309', 'firstName': 'Mike', 'footballName': 'Mike', 'gsisId': '00-0031408', 'gsisItId': 41233, 'headshot': 'https://static.www.nfl.com/image/private/{formatInstructions}/league/tof3xxtq6lajs03ctwpu', 'jerseyNumber': 13, 'lastName': 'Evans', 'ngsPosition': 'WR', 'ngsPositionGroup': 'WR', 'position': 'WR', 'positionGroup': 'WR', 'shortName': 'M.Evans', 'smartId': '32004556-4153-4309-b2ed-6b8233f6fea5', 'status': 'ACT'}",Mike Evans,WR,4900,2018,mike evans,TB,8/21/1993,11937.85766
5.683152174,3.488204071,16.34103093,2.343665674,4.095238095,0.607034025,43.29896907,34.22183264,5,42,97,717,"{'season': 2018, 'currentTeamId': '0325', 'displayName': 'John Brown', 'esbId': 'BRO494712', 'firstName': 'John', 'footballName': 'John', 'gsisId': '00-0031051', 'gsisItId': 41320, 'headshot': 'https://static.www.nfl.com/image/private/{formatInstructions}/league/dozoxhu3uad5j1ik3pa0', 'jerseyNumber': 13, 'lastName': 'Brown', 'ngsPosition': 'WR', 'ngsPositionGroup': 'WR', 'position': 'WR', 'positionGroup': 'WR', 'shortName': 'J.Brown', 'smartId': '32004252-4f49-4712-7e90-42e293548523', 'status': 'ACT'}",John Brown,WR,325,2018,john brown,BAL,4/3/1990,11479.66212
5.678955224,4.978758879,6.389027778,3.644751079,5.096037736,0.117278856,73.61111111,9.330396351,2,53,72,485,"{'season': 2018, 'currentTeamId': '2200', 'displayName': 'Chester Rogers', 'esbId': 'ROG146742', 'firstName': 'Chester', 'footballName': 'Chester', 'gsisId': '00-0032355', 'gsisItId': 43556, 'headshot': 'https://static.www.nfl.com/image/private/{formatInstructions}/league/xcttpybweoxgmeycjvof', 'jerseyNumber': 80, 'lastName': 'Rogers', 'ngsPosition': 'SLOT_WR', 'ngsPositionGroup': 'WR', 'position': 'WR', 'positionGroup': 'WR', 'shortName': 'C.Rogers', 'smartId': '3200524f-4714-6742-8aec-cfa06f6c3ab6', 'status': 'ACT', 'suffix': 'III'}",Chester Rogers,WR,2200,2018,chester rogers,IND,1/12/1994,14502.58425
5.678157895,4.522409684,12.91367521,2.7132489,4.48525,-0.037159684,68.37606838,30.7449062,5,80,117,1204,"{'season': 2018, 'currentTeamId': '2510', 'displayName': 'Brandin Cooks', 'esbId': 'COO299382', 'firstName': 'Brandin', 'footballName': 'Brandin', 'gsisId': '00-0031236', 'gsisItId': 41246, 'headshot': 'https://static.www.nfl.com/image/private/{formatInstructions}/league/eds7l8wtfctqodval2jl', 'jerseyNumber': 12, 'lastName': 'Cooks', 'ngsPosition': 'WR', 'ngsPositionGroup': 'WR', 'position': 'WR', 'positionGroup': 'WR', 'shortName': 'B.Cooks', 'smartId': '3200434f-4f29-9382-29e1-70020b0a09be', 'status': 'ACT'}",Brandin Cooks,WR,2510,2018,brandin cooks,LA,9/25/1993,19567.80407
5.671282051,4.309548776,5.704375,3.295796064,4.982258065,0.672709289,64.58333333,6.261534134,2,31,48,281,"{'season': 2018, 'currentTeamId': '1400', 'displayName': 'Jeff Heuerman', 'esbId': 'HEU190731', 'firstName': 'Jeff', 'footballName': 'Jeff', 'gsisId': '00-0032227', 'gsisItId': 42435, 'headshot': 'https://static.www.nfl.com/image/private/{formatInstructions}/league/u3cggxnuwxem6rnkwzvg', 'jerseyNumber': 82, 'lastName': 'Heuerman', 'position': 'TE', 'positionGroup': 'TE', 'shortName': 'J.Heuerman', 'smartId': '32004845-5519-0731-c160-ede9f629ceb1', 'status': 'RES', 'ngsPosition': 'TE', 'ngsPositionGroup': 'TE'}",Jeff Heuerman,TE,1400,2018,jeff heuerman,DEN,11/24/1992,15500.69311
5.660980392,2.98069358,9.526346154,2.635366822,2.694285714,-0.286407866,67.30769231,10.04760427,1,35,52,334,"{'season': 2018, 'currentTeamId': '2200', 'displayName': 'Ryan Grant', 'esbId': 'GRA498062', 'firstName': 'Ryan', 'footballName': 'Ryan', 'gsisId': '00-0031068', 'gsisItId': 41371, 'headshot': 'https://static.www.nfl.com/image/private/{formatInstructions}/league/im7fnk7uti759btkrdok', 'jerseyNumber': 11, 'lastName': 'Grant', 'position': 'WR', 'positionGroup': 'WR', 'shortName': 'R.Grant', 'smartId': '32004752-4149-8062-53de-6a2367e3296b', 'status': 'ACT', 'ngsPosition': 'WR', 'ngsPositionGroup': 'WR'}",Ryan Grant,WR,2200,2018,ryan grant,IND,12/19/1990,14502.58425
5.659411765,3.556666846,10.80536913,3.273078564,3.811481481,0.254814635,54.36241611,30.45470194,4,81,149,976,"{'season': 2018, 'currentTeamId': '1050', 'displayName': 'Jarvis Landry', 'esbId': 'LAN163029', 'firstName': 'Jarvis', 'footballName': 'Jarvis', 'gsisId': '00-0031382', 'gsisItId': 41292, 'headshot': 'https://static.www.nfl.com/image/private/{formatInstructions}/league/q69hmki4eshmfhyh6xzv', 'jerseyNumber': 80, 'lastName': 'Landry', 'ngsPosition': 'SLOT_WR', 'ngsPositionGroup': 'WR', 'position': 'WR', 'positionGroup': 'WR', 'shortName': 'J.Landry', 'smartId': '32004c41-4e16-3029-78da-4985470f8aab', 'status': 'ACT'}",Jarvis Landry,WR,1050,2018,jarvis landry,CLE,11/28/1992,13363.3961
5.647837838,2.656718139,8.701428571,2.868555935,2.106333333,-0.550384806,61.2244898,6.459926397,6,30,49,289,"{'season': 2018, 'currentTeamId': '4900', 'displayName': 'Cameron Brate', 'esbId': 'BRA663798', 'firstName': 'Cameron', 'footballName': 'Cameron', 'gsisId': '00-0031273', 'gsisItId': 42033, 'headshot': 'https://static.www.nfl.com/image/private/{formatInstructions}/league/og8g0lqdnbrwcbmjwbfu', 'jerseyNumber': 84, 'lastName': 'Brate', 'ngsPosition': 'SLOT_WR', 'ngsPositionGroup': 'TE', 'position': 'TE', 'positionGroup': 'TE', 'shortName': 'C.Brate', 'smartId': '32004252-4166-3798-c2b3-ef206ba23ba8', 'status': 'ACT'}",Cameron Brate,TE,4900,2018,cameron brate,TB,7/3/1991,11937.85766
5.641276596,5.043010259,9.378518519,2.915722646,5.794736842,0.751726583,70.37037037,22.92610717,7,76,108,1028,"{'season': 2018, 'currentTeamId': '0920', 'displayName': 'Tyler Boyd', 'esbId': 'BOY378353', 'firstName': 'Tyler', 'footballName': 'Tyler', 'gsisId': '00-0033009', 'gsisItId': 43344, 'headshot': 'https://static.www.nfl.com/image/private/{formatInstructions}/league/qr6agqmp7waq9oqmogjb', 'jerseyNumber': 83, 'lastName': 'Boyd', 'position': 'WR', 'positionGroup': 'WR', 'shortName': 'T.Boyd', 'smartId': '3200424f-5937-8353-b941-dfa7122ba16b', 'status': 'RES', 'ngsPosition': 'SLOT_WR', 'ngsPositionGroup': 'WR'}",Tyler Boyd,WR,920,2018,tyler boyd,CIN,11/15/1994,8279.790101
5.618666667,4.644536825,8.9066,2.894876457,5.825242718,1.180705894,68.66666667,25.31156573,10,103,150,1336,"{'season': 2018, 'currentTeamId': '2310', 'displayName': 'Travis Kelce', 'esbId': 'KEL012458', 'firstName': 'Travis', 'footballName': 'Travis', 'gsisId': '00-0030506', 'gsisItId': 40011, 'headshot': 'https://static.www.nfl.com/image/private/{formatInstructions}/league/n0gfqddteoputgezwl0k', 'jerseyNumber': 87, 'lastName': 'Kelce', 'ngsPosition': 'TE', 'ngsPositionGroup': 'TE', 'position': 'TE', 'positionGroup': 'TE', 'shortName': 'T.Kelce', 'smartId': '32004b45-4c01-2458-b7b6-3a14cdb414dd', 'status': 'ACT'}",Travis Kelce,TE,2310,2018,travis kelce,KC,10/5/1989,17312.03603
5.586025641,3.082798645,14.30538462,2.422757692,3.295454545,0.2126559,56.41025641,26.82498203,2,44,78,532,"{'season': 2018, 'currentTeamId': '5110', 'displayName': 'Josh Doctson', 'esbId': 'DOC662393', 'firstName': 'Joshua', 'footballName': 'Josh', 'gsisId': '00-0032760', 'gsisItId': 43311, 'headshot': 'https://static.www.nfl.com/image/private/{formatInstructions}/league/mkq3ycvjnr0ltb0yjczi', 'jerseyNumber': 18, 'lastName': 'Doctson', 'ngsPosition': 'WR', 'ngsPositionGroup': 'WR', 'position': 'WR', 'positionGroup': 'WR', 'shortName': 'J.Doctson', 'smartId': '3200444f-4366-2393-3396-cf5419f94811', 'status': 'ACT'}",Josh Doctson,WR,5110,2018,josh doctson,WAS,12/3/1992,13070.916
5.582361111,4.720179597,8.019009901,2.965243913,5.733970588,1.013790991,67.32673267,22.04319805,6,68,101,896,"{'season': 2018, 'currentTeamId': '2520', 'displayName': 'Jared Cook', 'esbId': 'COO152641', 'firstName': 'Jared', 'footballName': 'Jared', 'gsisId': '00-0027061', 'gsisItId': 34540, 'headshot': 'https://static.www.nfl.com/image/private/{formatInstructions}/league/cogz3snqmlqne2ehsn7y', 'jerseyNumber': 87, 'lastName': 'Cook', 'ngsPosition': 'TE', 'ngsPositionGroup': 'TE', 'position': 'TE', 'positionGroup': 'TE', 'shortName': 'J.Cook', 'smartId': '3200434f-4f15-2641-bb32-32c02af1d6b5', 'status': 'ACT'}",Jared Cook,TE,2520,2018,jared cook,OAK,4/7/1987,"20,931.44"
5.581395349,3.415494182,12.14931818,2.210701572,4.213214286,0.797720104,63.63636364,14.27034559,5,28,44,427,"{'season': 2018, 'currentTeamId': '3300', 'displayName': ""Tre'Quan Smith"", 'esbId': 'SMI764556', 'firstName': ""Tre'Quan"", 'footballName': ""Tre'Quan"", 'gsisId': '00-0034765', 'gsisItId': 46160, 'headshot': 'https://static.www.nfl.com/image/private/{formatInstructions}/league/if2chjv6qwxa3fyjg35g', 'jerseyNumber': 10, 'lastName': 'Smith', 'ngsPosition': 'WR', 'ngsPositionGroup': 'WR', 'position': 'WR', 'positionGroup': 'WR', 'shortName': 'T.Smith', 'smartId': '3200534d-4976-4556-d545-e418d85634bb', 'status': 'ACT'}",Tre'Quan Smith,WR,3300,2018,tre'quan smith,NO,1/7/1996,11869.09747
5.577121212,3.291802498,6.687727273,3.239225479,3.514225352,0.222422854,80.68181818,11.26358378,4,71,88,660,"{'season': 2018, 'currentTeamId': '0200', 'displayName': 'Austin Hooper', 'esbId': 'HOO570770', 'firstName': 'Austin', 'footballName': 'Austin', 'gsisId': '00-0032392', 'gsisItId': 43370, 'headshot': 'https://static.www.nfl.com/image/private/{formatInstructions}/league/lxmdogfbmblqzdzoprhx', 'jerseyNumber': 81, 'lastName': 'Hooper', 'ngsPosition': 'TE', 'ngsPositionGroup': 'TE', 'position': 'TE', 'positionGroup': 'TE', 'shortName': 'A.Hooper', 'smartId': '3200484f-4f57-0770-bd7c-1cf59d6025ab', 'status': 'ACT'}",Austin Hooper,TE,200,2018,austin hooper,ATL,10/29/1994,8246.980691
5.575,5.187600437,8.812391304,2.782508377,4.69,-0.497600437,52.17391304,10.3545958,1,24,46,286,"{'season': 2018, 'currentTeamId': '4500', 'displayName': 'Pierre Garcon', 'esbId': 'GAR115573', 'firstName': 'Pierre', 'footballName': 'Pierre', 'gsisId': '00-0026345', 'gsisItId': 33286, 'headshot': 'https://static.www.nfl.com/image/private/{formatInstructions}/league/xwjogot7xrfj9qwhsgtn', 'jerseyNumber': 15, 'lastName': 'Garcon', 'position': 'WR', 'positionGroup': 'WR', 'shortName': 'P.Garcon', 'smartId': '32004741-5211-5573-1332-2787673651cd', 'status': 'RES', 'ngsPosition': 'WR', 'ngsPositionGroup': 'WR'}",Pierre Garcon,WR,4500,2018,pierre garcon,SF,8/8/1986,18381.19579
5.564677419,5.339300242,12.50184615,2.760509326,5.143658537,-0.195641705,63.07692308,20.14647111,5,41,65,653,"{'season': 2018, 'currentTeamId': '4400', 'displayName': 'Tyrell Williams', 'esbId': 'WIL547641', 'firstName': 'Tyrell', 'footballName': 'Tyrell', 'gsisId': '00-0032160', 'gsisItId': 43090, 'headshot': 'https://static.www.nfl.com/image/private/{formatInstructions}/league/knhalhbzfbwtsvdav0q8', 'jerseyNumber': 16, 'lastName': 'Williams', 'ngsPosition': 'WR', 'ngsPositionGroup': 'WR', 'position': 'WR', 'positionGroup': 'WR', 'shortName': 'Ty.Williams', 'smartId': '32005749-4c54-7641-fdca-10f8368b7b2e', 'status': 'ACT'}",Tyrell Williams,WR,4400,2018,tyrell williams,LAC,2/12/1992,29416.74184
5.555806452,4.247654392,8.52875,3.061406314,6.039107143,1.79145275,63.63636364,14.19699841,4,56,88,639,"{'season': 2018, 'currentTeamId': '1050', 'displayName': 'David Njoku', 'esbId': 'NJO355964', 'firstName': 'David', 'footballName': 'David', 'gsisId': '00-0033885', 'gsisItId': 44841, 'headshot': 'https://static.www.nfl.com/image/private/{formatInstructions}/league/qiehmamkrrmrcrpqoxvd', 'jerseyNumber': 85, 'lastName': 'Njoku', 'ngsPosition': 'TE', 'ngsPositionGroup': 'TE', 'position': 'TE', 'positionGroup': 'TE', 'shortName': 'D.Njoku', 'smartId': '32004e4a-4f35-5964-1f03-4dc0b4e0b757', 'status': 'ACT'}",David Njoku,TE,1050,2018,david njoku,CLE,7/10/1996,13363.3961
5.543,3.325614554,11.87542553,1.957279772,4.5,1.174385446,58.5106383,25.01585495,4,55,94,754,"{'season': 2018, 'currentTeamId': '0810', 'displayName': 'Allen Robinson', 'esbId': 'ROB365982', 'firstName': 'Allen', 'footballName': 'Allen', 'gsisId': '00-0031428', 'gsisItId': 41290, 'headshot': 'https://static.www.nfl.com/image/private/{formatInstructions}/league/bk03jfsdlx66m3z22qqi', 'jerseyNumber': 12, 'lastName': 'Robinson', 'ngsPosition': 'WR', 'ngsPositionGroup': 'WR', 'position': 'WR', 'positionGroup': 'WR', 'shortName': 'A.Robinson II', 'smartId': '3200524f-4236-5982-45ce-8ca18ca03af8', 'status': 'ACT', 'suffix': 'II'}",Allen Robinson,WR,810,2018,allen robinson,CHI,8/24/1993,12825.42167
5.521521739,5.42188586,5.6975,3.27689435,7.9492,2.52731414,69.44444444,7.852438023,4,50,72,610,"{'season': 2018, 'currentTeamId': '3900', 'displayName': 'Vance McDonald', 'esbId': 'MCD589658', 'firstName': 'Vance', 'footballName': 'Vance', 'gsisId': '00-0030470', 'gsisItId': 40003, 'headshot': 'https://static.www.nfl.com/image/private/{formatInstructions}/league/sk4wyebbceeraudd7cma', 'jerseyNumber': 89, 'lastName': 'McDonald', 'ngsPosition': 'TE', 'ngsPositionGroup': 'TE', 'position': 'TE', 'positionGroup': 'TE', 'shortName': 'V.McDonald', 'smartId': '32004d43-4458-9658-1fa3-62884c020db7', 'status': 'ACT'}",Vance McDonald,TE,3900,2018,vance mcdonald,PIT,6/13/1990,12606.14049
5.503962264,5.841065497,8.406181818,3.453011174,6.22025,0.379184503,72.72727273,8.759458753,3,40,55,519,"{'season': 2018, 'currentTeamId': '2310', 'displayName': 'Sammy Watkins', 'esbId': 'WAT270480', 'firstName': 'Samuel', 'footballName': 'Sammy', 'gsisId': '00-0031325', 'gsisItId': 41230, 'headshot': 'https://static.www.nfl.com/image/private/{formatInstructions}/league/njpkvqr7lmjsc5hccdcr', 'jerseyNumber': 14, 'lastName': 'Watkins', 'ngsPosition': 'WR', 'ngsPositionGroup': 'WR', 'position': 'WR', 'positionGroup': 'WR', 'shortName': 'S.Watkins', 'smartId': '32005741-5427-0480-637c-854aaf86ba0e', 'status': 'ACT', 'suffix': 'IV'}",Sammy Watkins,WR,2310,2018,sammy watkins,KC,6/14/1993,17312.03603
5.470746269,1.950450212,15.94641791,1.734577675,2.7692,0.818749788,37.31343284,21.40922007,1,25,67,380,"{'season': 2018, 'currentTeamId': '2310', 'displayName': 'Kelvin Benjamin', 'esbId': 'BEN150538', 'firstName': 'Kelvin', 'footballName': 'Kelvin', 'gsisId': '00-0031359', 'gsisItId': 41254, 'headshot': 'https://static.www.nfl.com/image/private/{formatInstructions}/league/ygtlhauauds9yoyatu5e', 'jerseyNumber': 81, 'lastName': 'Benjamin', 'position': 'WR', 'positionGroup': 'WR', 'shortName': 'K.Benjamin', 'smartId': '32004245-4e15-0538-7acf-a6a8f1fabfd0', 'status': 'ACT', 'ngsPosition': 'WR', 'ngsPositionGroup': 'WR'}",Kelvin Benjamin,WR,2310,2018,kelvin benjamin,KC,2/5/1991,17312.03603
5.451333333,3.536922829,10.8423913,2.49139253,4.669846154,1.132923325,70.65217391,22.66262564,6,65,92,840,"{'season': 2018, 'currentTeamId': '3700', 'displayName': 'Alshon Jeffery', 'esbId': 'JEF498860', 'firstName': 'Alshon', 'footballName': 'Alshon', 'gsisId': '00-0029137', 'gsisItId': 38575, 'headshot': 'https://static.www.nfl.com/image/private/{formatInstructions}/league/qrbsgwhzlsmwgkdfjryh', 'jerseyNumber': 17, 'lastName': 'Jeffery', 'ngsPosition': 'WR', 'ngsPositionGroup': 'WR', 'position': 'WR', 'positionGroup': 'WR', 'shortName': 'A.Jeffery', 'smartId': '32004a45-4649-8860-b9ad-0608f64c795e', 'status': 'ACT'}",Alshon Jeffery,WR,3700,2018,alshon jeffery,PHI,2/14/1990,18211.13552
5.448837209,4.8247755,14.56288889,3.334989638,5.4665625,0.641787,71.11111111,14.92867459,4,32,45,503,"{'season': 2018, 'currentTeamId': '2120', 'displayName': 'Will Fuller', 'esbId': 'FUL503598', 'firstName': 'Will', 'footballName': 'Will', 'gsisId': '00-0033127', 'gsisItId': 43310, 'headshot': 'https://static.www.nfl.com/image/private/{formatInstructions}/league/y0y6lyylu0iq0fmqb2i0', 'jerseyNumber': 15, 'lastName': 'Fuller', 'position': 'WR', 'positionGroup': 'WR', 'shortName': 'W.Fuller', 'smartId': '32004655-4c50-3598-6762-28495ce40669', 'status': 'RES', 'suffix': 'V', 'ngsPosition': 'WR', 'ngsPositionGroup': 'WR'}",Will Fuller,WR,2120,2018,will fuller,HOU,4/16/1994,17678.83402
5.408478261,1.779090332,13.22869565,1.895190928,0.917058824,-0.862031509,36.95652174,15.34295483,1,17,46,171,"{'season': 2018, 'currentTeamId': '3800', 'displayName': 'Chad Williams', 'esbId': 'WIL179904', 'firstName': 'Chad', 'footballName': 'Chad', 'gsisId': '00-0033933', 'gsisItId': 44910, 'headshot': 'https://static.www.nfl.com/image/private/{formatInstructions}/league/euzfm4rfpar0i5lmm2df', 'jerseyNumber': 10, 'lastName': 'Williams', 'ngsPosition': 'WR', 'ngsPositionGroup': 'WR', 'position': 'WR', 'positionGroup': 'WR', 'shortName': 'C.Williams', 'smartId': '32005749-4c17-9904-3dde-37d07e19be35', 'status': 'ACT'}",Chad Williams,WR,3800,2018,chad williams,ARI,10/19/1994,15696.0081
5.405480769,7.327922412,7.334117647,3.313864093,10.19443182,2.866509407,64.70588235,25.47817558,5,88,136,1377,"{'season': 2018, 'currentTeamId': '4500', 'displayName': 'George Kittle', 'esbId': 'KIT388290', 'firstName': 'George', 'footballName': 'George', 'gsisId': '00-0033288', 'gsisItId': 44959, 'headshot': 'https://static.www.nfl.com/image/private/{formatInstructions}/league/n5dvz5zxymahzxnl4cq3', 'jerseyNumber': 85, 'lastName': 'Kittle', 'ngsPosition': 'TE', 'ngsPositionGroup': 'TE', 'position': 'TE', 'positionGroup': 'TE', 'shortName': 'G.Kittle', 'smartId': '32004b49-5438-8290-eeed-c9c9cca62ec1', 'status': 'ACT'}",George Kittle,TE,4500,2018,george kittle,SF,10/9/1993,18381.19579
5.395411765,4.55610006,8.311157895,3.138896414,4.833225806,0.277125746,65.26315789,17.04657821,1,62,95,651,"{'season': 2018, 'currentTeamId': '0325', 'displayName': 'Willie Snead', 'esbId': 'SNE115447', 'firstName': 'Willie', 'footballName': 'Willie', 'gsisId': '00-0030663', 'gsisItId': 41500, 'headshot': 'https://static.www.nfl.com/image/private/{formatInstructions}/league/xg1dlgeps42vv2gx8qkt', 'jerseyNumber': 83, 'lastName': 'Snead', 'ngsPosition': 'SLOT_WR', 'ngsPositionGroup': 'WR', 'position': 'WR', 'positionGroup': 'WR', 'shortName': 'W.Snead IV', 'smartId': '3200534e-4511-5447-652c-c9261bcca6a7', 'status': 'ACT', 'suffix': 'IV'}",Willie Snead,WR,325,2018,willie snead,BAL,10/17/1992,11479.66212
5.385454545,3.07090382,13.98758621,2.218845365,3.073333333,0.002429514,36.20689655,18.36297708,7,21,58,210,"{'season': 2018, 'currentTeamId': '0920', 'displayName': 'John Ross', 'esbId': 'ROS616450', 'firstName': 'John', 'footballName': 'John', 'gsisId': '00-0033460', 'gsisItId': 44821, 'headshot': 'https://static.www.nfl.com/image/private/{formatInstructions}/league/lpfapcl7jtzho3ziwtcq', 'jerseyNumber': 15, 'lastName': 'Ross', 'ngsPosition': 'WR', 'ngsPositionGroup': 'WR', 'position': 'WR', 'positionGroup': 'WR', 'shortName': 'J.Ross', 'smartId': '3200524f-5361-6450-1052-04968bded2fc', 'status': 'ACT'}",John Ross,WR,920,2018,john ross,CIN,11/27/1995,8279.790101
5.379655172,5.993805307,8.166065574,2.92392837,6.526052632,0.532247325,62.29508197,8.83996039,2,38,61,383,"{'season': 2018, 'currentTeamId': '1800', 'displayName': 'Randall Cobb', 'esbId': 'COB365535', 'firstName': 'Randall', 'footballName': 'Randall', 'gsisId': '00-0028002', 'gsisItId': 37139, 'headshot': 'https://static.www.nfl.com/image/private/{formatInstructions}/league/mqz6skxxvjzs9pithxab', 'jerseyNumber': 18, 'lastName': 'Cobb', 'ngsPosition': 'SLOT_WR', 'ngsPositionGroup': 'WR', 'position': 'WR', 'positionGroup': 'WR', 'shortName': 'R.Cobb', 'smartId': '3200434f-4236-5535-cf6f-4337b5dff0b3', 'status': 'ACT', 'suffix': 'II'}",Randall Cobb,WR,1800,2018,randall cobb,GB,8/22/1990,12895.67296
5.361395349,5.359851903,11.83733333,3.37600308,7.574444444,2.214592542,60,13.60654733,5,27,45,467,"{'season': 2018, 'currentTeamId': '4500', 'displayName': 'Dante Pettis', 'esbId': 'PET735981', 'firstName': 'Dante', 'footballName': 'Dante', 'gsisId': '00-0034860', 'gsisItId': 46113, 'headshot': 'https://static.www.nfl.com/image/private/{formatInstructions}/league/d0utivdrtm4tumhdm3ik', 'jerseyNumber': 18, 'lastName': 'Pettis', 'position': 'WR', 'positionGroup': 'WR', 'shortName': 'D.Pettis', 'smartId': '32005045-5473-5981-8eda-5f27db81c106', 'status': 'RES', 'ngsPosition': 'WR', 'ngsPositionGroup': 'WR'}",Dante Pettis,WR,4500,2018,dante pettis,SF,10/23/1995,18381.19579
5.328604651,2.95369856,8.390217391,3.053193703,2.350666667,-0.603031893,65.2173913,8.825970925,2,30,46,243,"{'season': 2018, 'currentTeamId': '1400', 'displayName': 'DaeSean Hamilton', 'esbId': 'HAM200565', 'firstName': 'DaeSean', 'footballName': 'DaeSean', 'gsisId': '00-0034370', 'gsisItId': 46182, 'headshot': 'https://static.www.nfl.com/image/private/{formatInstructions}/league/iz3vfnnc3rwi6mpdsvia', 'jerseyNumber': 17, 'lastName': 'Hamilton', 'ngsPosition': 'SLOT_WR', 'ngsPositionGroup': 'WR', 'position': 'WR', 'positionGroup': 'WR', 'shortName': 'D.Hamilton', 'smartId': '32004841-4d20-0565-a51e-2028f6290d41', 'status': 'ACT'}",DaeSean Hamilton,WR,1400,2018,daesean hamilton,DEN,3/10/1995,15500.69311
5.320147059,5.002153179,13.99632353,2.682152741,5.464242424,0.462089245,48.52941176,23.87402641,2,33,68,507,"{'season': 2018, 'currentTeamId': '1200', 'displayName': 'Michael Gallup', 'esbId': 'GAL779981', 'firstName': 'Michael', 'footballName': 'Michael', 'gsisId': '00-0034764', 'gsisItId': 46150, 'headshot': 'https://static.www.nfl.com/image/private/{formatInstructions}/league/ncxer9zjw2czcahas1ey', 'jerseyNumber': 13, 'lastName': 'Gallup', 'ngsPosition': 'WR', 'ngsPositionGroup': 'WR', 'position': 'WR', 'positionGroup': 'WR', 'shortName': 'M.Gallup', 'smartId': '32004741-4c77-9981-95e1-30b1c57c6002', 'status': 'ACT'}",Michael Gallup,WR,1200,2018,michael gallup,DAL,3/4/1996,18985.53715
5.316601307,4.76091574,8.685783133,3.001245817,6.072522523,1.311606782,66.86746988,27.59972512,7,111,166,1383,"{'season': 2018, 'currentTeamId': '3900', 'displayName': 'JuJu Smith-Schuster', 'esbId': 'SMI829709', 'firstName': 'John', 'footballName': 'JuJu', 'gsisId': '00-0033857', 'gsisItId': 44874, 'headshot': 'https://static.www.nfl.com/image/private/{formatInstructions}/league/sp4gz46f1rkpksvsmtg7', 'jerseyNumber': 19, 'lastName': 'Smith-Schuster', 'ngsPosition': 'SLOT_WR', 'ngsPositionGroup': 'WR', 'position': 'WR', 'positionGroup': 'WR', 'shortName': 'J.Smith-Schuster', 'smartId': '3200534d-4982-9709-6877-2f8181b1e986', 'status': 'ACT'}",JuJu Smith-Schuster,WR,3900,2018,juju smith-schuster,PIT,11/22/1996,12606.14049
5.299285714,3.274264969,10.8181,2.831817901,2.70037037,-0.573894599,54,23.35624749,3,54,100,607,"{'season': 2018, 'currentTeamId': '0325', 'displayName': 'Michael Crabtree', 'esbId': 'CRA111040', 'firstName': 'Michael', 'footballName': 'Michael', 'gsisId': '00-0026986', 'gsisItId': 34461, 'headshot': 'https://static.www.nfl.com/image/private/{formatInstructions}/league/kcavcmeyaion38ewxwyk', 'jerseyNumber': 15, 'lastName': 'Crabtree', 'ngsPosition': 'WR', 'ngsPositionGroup': 'WR', 'position': 'WR', 'positionGroup': 'WR', 'shortName': 'M.Crabtree', 'smartId': '32004352-4111-1040-c59d-b7b219582be7', 'status': 'ACT', 'suffix': 'II'}",Michael Crabtree,WR,325,2018,michael crabtree,BAL,9/14/1987,11479.66212
5.295882353,2.689574634,9.845072464,2.730787668,2.972941176,0.283366542,49.27536232,17.12782266,1,34,69,343,"{'season': 2018, 'currentTeamId': '3800', 'displayName': 'Ricky Seals-Jones', 'esbId': 'SEA449742', 'firstName': 'Roderick', 'footballName': 'Ricky', 'gsisId': '00-0033611', 'gsisItId': 45481, 'headshot': 'https://static.www.nfl.com/image/private/{formatInstructions}/league/rmsvy1ooksbk6qwihdxk', 'jerseyNumber': 86, 'lastName': 'Seals-Jones', 'position': 'TE', 'positionGroup': 'TE', 'shortName': 'R.Seals-Jones', 'smartId': '32005345-4144-9742-e3b2-759908a92e0d', 'status': 'ACT', 'ngsPosition': 'SLOT_WR', 'ngsPositionGroup': 'TE'}",Ricky Seals-Jones,TE,3800,2018,ricky seals-jones,ARI,3/15/1995,15696.0081
5.280672269,4.454373969,8.824852941,2.667732707,4.377113402,-0.077260567,71.32352941,29.75485675,6,97,136,1196,"{'season': 2018, 'currentTeamId': '4400', 'displayName': 'Keenan Allen', 'esbId': 'ALL532966', 'firstName': 'Keenan', 'footballName': 'Keenan', 'gsisId': '00-0030279', 'gsisItId': 40024, 'headshot': 'https://static.www.nfl.com/image/private/{formatInstructions}/league/vwlmmfcjxsx82ahs0fpb', 'jerseyNumber': 13, 'lastName': 'Allen', 'ngsPosition': 'SLOT_WR', 'ngsPositionGroup': 'WR', 'position': 'WR', 'positionGroup': 'WR', 'shortName': 'K.Allen', 'smartId': '3200414c-4c53-2966-dfa9-55ae464e7b3d', 'status': 'ACT'}",Keenan Allen,WR,4400,2018,keenan allen,LAC,4/27/1992,29416.74184
5.244545455,5.41994272,10.4622,2.904620379,6.482058824,1.062116104,68,11.2939302,3,34,50,552,"{'season': 2018, 'currentTeamId': '0325', 'displayName': 'Mark Andrews', 'esbId': 'AND701433', 'firstName': 'Mark', 'footballName': 'Mark', 'gsisId': '00-0034753', 'gsisItId': 46155, 'headshot': 'https://static.www.nfl.com/image/private/{formatInstructions}/league/rx3nyhawhvj9lddniknj', 'jerseyNumber': 89, 'lastName': 'Andrews', 'ngsPosition': 'SLOT_WR', 'ngsPositionGroup': 'TE', 'position': 'TE', 'positionGroup': 'TE', 'shortName': 'M.Andrews', 'smartId': '3200414e-4470-1433-75dd-307507e53173', 'status': 'ACT'}",Mark Andrews,TE,325,2018,mark andrews,BAL,9/6/1995,11479.66212
5.188510638,4.698406791,11.33148148,2.97224551,5.383636364,0.685229572,61.11111111,13.7125672,7,33,54,423,"{'season': 2018, 'currentTeamId': '0810', 'displayName': 'Anthony Miller', 'esbId': 'MIL140090', 'firstName': 'Anthony', 'footballName': 'Anthony', 'gsisId': '00-0034353', 'gsisItId': 46120, 'headshot': 'https://static.www.nfl.com/image/private/{formatInstructions}/league/bd1p24ouboy5l6aqelbc', 'jerseyNumber': 17, 'lastName': 'Miller', 'ngsPosition': 'SLOT_WR', 'ngsPositionGroup': 'WR', 'position': 'WR', 'positionGroup': 'WR', 'shortName': 'A.Miller', 'smartId': '32004d49-4c14-0090-2d8a-386614adf145', 'status': 'ACT'}",Anthony Miller,WR,810,2018,anthony miller,CHI,10/9/1994,12825.42167
5.1703125,3.223001517,9.904565217,2.64262798,3.034,-0.189001517,76.08695652,12.16250848,2,35,46,400,"{'season': 2018, 'currentTeamId': '3300', 'displayName': 'Benjamin Watson', 'esbId': 'WAT311042', 'firstName': 'Benjamin', 'footballName': 'Benjamin', 'gsisId': '00-0022943', 'gsisItId': 28985, 'headshot': 'https://static.www.nfl.com/image/private/{formatInstructions}/league/dorymozpdnrllkqlfzpu', 'jerseyNumber': 82, 'lastName': 'Watson', 'position': 'TE', 'positionGroup': 'TE', 'shortName': 'B.Watson', 'smartId': '32005741-5431-1042-6fe6-3cd4a15a0a0c', 'status': 'ACT', 'ngsPosition': 'TE', 'ngsPositionGroup': 'TE'}",Benjamin Watson,TE,3300,2018,benjamin watson,NO,12/18/1980,11869.09747
5.156515152,3.197621466,12.12863014,2.823577008,3.6118,0.414178534,68.49315068,22.91755643,5,50,73,618,"{'season': 2018, 'currentTeamId': '4600', 'displayName': 'Doug Baldwin', 'esbId': 'BAL312014', 'firstName': 'Doug', 'footballName': 'Doug', 'gsisId': '00-0028434', 'gsisItId': 37914, 'headshot': 'https://static.www.nfl.com/image/private/{formatInstructions}/league/kccmcttfdtl7m3g49vb8', 'jerseyNumber': 89, 'lastName': 'Baldwin', 'ngsPosition': 'SLOT_WR', 'ngsPositionGroup': 'WR', 'position': 'WR', 'positionGroup': 'WR', 'shortName': 'D.Baldwin', 'smartId': '32004241-4c31-2014-c93d-20c503b6b7fe', 'status': 'ACT', 'suffix': 'Jr.'}",Doug Baldwin,WR,4600,2018,doug baldwin,SEA,9/21/1988,24565.10818
5.151764706,5.043176079,7.737954545,3.257800895,5.650606061,0.607429981,75,7.735282357,4,33,44,334,"{'season': 2018, 'currentTeamId': '3700', 'displayName': 'Dallas Goedert', 'esbId': 'GOE595520', 'firstName': 'Dallas', 'footballName': 'Dallas', 'gsisId': '00-0034351', 'gsisItId': 46118, 'headshot': 'https://static.www.nfl.com/image/private/{formatInstructions}/league/bekz0emretqdor3engkr', 'jerseyNumber': 88, 'lastName': 'Goedert', 'ngsPosition': 'TE', 'ngsPositionGroup': 'TE', 'position': 'TE', 'positionGroup': 'TE', 'shortName': 'D.Goedert', 'smartId': '3200474f-4559-5520-b7af-5e002aedafbb', 'status': 'ACT'}",Dallas Goedert,TE,3700,2018,dallas goedert,PHI,1/3/1995,18211.13552
5.118461538,5.693538919,7.866976744,3.448165033,6.751666667,1.058127748,55.81395349,7.706151162,0,24,43,305,"{'season': 2018, 'currentTeamId': '2120', 'displayName': 'Ryan Griffin', 'esbId': 'GRI293499', 'firstName': 'Ryan', 'footballName': 'Ryan', 'gsisId': '00-0030108', 'gsisItId': 40149, 'headshot': 'https://static.www.nfl.com/image/private/{formatInstructions}/league/ntkwyyft1r9xefhlc66m', 'jerseyNumber': 84, 'lastName': 'Griffin', 'ngsPosition': 'TE', 'ngsPositionGroup': 'TE', 'position': 'TE', 'positionGroup': 'TE', 'shortName': 'R.Griffin', 'smartId': '32004752-4929-3499-4553-f2c6b22bb2af', 'status': 'ACT'}",Ryan Griffin,TE,2120,2018,ryan griffin,TB,11/17/1989,11937.85766
5.118461538,5.693538919,7.866976744,3.448165033,6.751666667,1.058127748,55.81395349,7.706151162,0,24,43,305,"{'season': 2018, 'currentTeamId': '2120', 'displayName': 'Ryan Griffin', 'esbId': 'GRI293499', 'firstName': 'Ryan', 'footballName': 'Ryan', 'gsisId': '00-0030108', 'gsisItId': 40149, 'headshot': 'https://static.www.nfl.com/image/private/{formatInstructions}/league/ntkwyyft1r9xefhlc66m', 'jerseyNumber': 84, 'lastName': 'Griffin', 'ngsPosition': 'TE', 'ngsPositionGroup': 'TE', 'position': 'TE', 'positionGroup': 'TE', 'shortName': 'R.Griffin', 'smartId': '32004752-4929-3499-4553-f2c6b22bb2af', 'status': 'ACT'}",Ryan Griffin,TE,2120,2018,ryan griffin,HOU,11/17/1989,17678.83402
5.081702128,4.585625234,11.90531915,2.545867816,4.460833333,-0.124791901,51.06382979,15.66322732,1,24,47,306,"{'season': 2018, 'currentTeamId': '2700', 'displayName': 'DeVante Parker', 'esbId': 'PAR226609', 'firstName': 'DeVante', 'footballName': 'DeVante', 'gsisId': '00-0031547', 'gsisItId': 42357, 'headshot': 'https://static.www.nfl.com/image/private/{formatInstructions}/league/eo6lkabi41o9qmivprcw', 'jerseyNumber': 11, 'lastName': 'Parker', 'ngsPosition': 'WR', 'ngsPositionGroup': 'WR', 'position': 'WR', 'positionGroup': 'WR', 'shortName': 'D.Parker', 'smartId': '32005041-5222-6609-dc38-38b3aae27410', 'status': 'ACT'}",DeVante Parker,WR,2700,2018,devante parker,MIA,1/20/1993,18489.7859
5.04,4.051946758,11.21779762,2.627776923,5.032788462,0.980841703,61.9047619,36.07485294,15,104,168,1297,"{'season': 2018, 'currentTeamId': '3900', 'displayName': 'Antonio Brown', 'esbId': 'BRO000001', 'firstName': 'Antonio', 'footballName': 'Antonio', 'gsisId': '00-0027793', 'gsisItId': 35634, 'headshot': 'https://static.www.nfl.com/image/private/{formatInstructions}/league/cyerysyv0ar5zndo5wik', 'jerseyNumber': 84, 'lastName': 'Brown', 'position': 'WR', 'positionGroup': 'WR', 'shortName': 'A.Brown', 'smartId': '32004252-4f00-0001-4ac0-67a98b776d89', 'status': 'ACT', 'ngsPosition': 'WR', 'ngsPositionGroup': 'WR'}",Antonio Brown,WR,3900,2018,antonio brown,PIT,7/10/1988,12606.14049
5.025208333,4.472854716,7.45203125,2.754435361,4.881162791,0.408308074,67.1875,10.79510731,3,43,64,439,"{'season': 2018, 'currentTeamId': '0920', 'displayName': 'C.J. Uzomah', 'esbId': 'UZO415291', 'firstName': 'Christopher', 'footballName': 'C.J.', 'gsisId': '00-0032134', 'gsisItId': 42500, 'headshot': 'https://static.www.nfl.com/image/private/{formatInstructions}/league/dyibbshsufxng0ckdsv4', 'jerseyNumber': 87, 'lastName': 'Uzomah', 'ngsPosition': 'TE', 'ngsPositionGroup': 'TE', 'position': 'TE', 'positionGroup': 'TE', 'shortName': 'C.Uzomah', 'smartId': '3200555a-4f41-5291-7c48-f42f95ee20d2', 'status': 'ACT'}",C.J. Uzomah,TE,920,2018,cj uzomah,CIN,1/14/1993,8279.790101
5.009210526,2.216546655,12.66177215,2.265934191,1.797954545,-0.41859211,55.69620253,24.2290066,4,44,79,549,"{'season': 2018, 'currentTeamId': '0750', 'displayName': 'Devin Funchess', 'esbId': 'FUN405541', 'firstName': 'Devin', 'footballName': 'Devin', 'gsisId': '00-0032055', 'gsisItId': 42384, 'headshot': 'https://static.www.nfl.com/image/private/{formatInstructions}/league/iarf5cwchnc3pcia84mu', 'jerseyNumber': 17, 'lastName': 'Funchess', 'position': 'WR', 'positionGroup': 'WR', 'shortName': 'D.Funchess', 'smartId': '32004655-4e40-5541-3ae9-16d8a3a4b0c1', 'status': 'ACT', 'ngsPosition': 'WR', 'ngsPositionGroup': 'WR'}",Devin Funchess,WR,750,2018,devin funchess,CAR,5/21/1994,6950.342707
4.982077922,4.575319456,13.74620253,2.553133868,5.78255814,1.207238684,54.43037975,20.54179104,5,43,79,586,"{'season': 2018, 'currentTeamId': '1050', 'displayName': 'Antonio Callaway', 'esbId': 'CAL612552', 'firstName': 'Antonio', 'footballName': 'Antonio', 'gsisId': '00-0034772', 'gsisItId': 46174, 'headshot': 'https://static.www.nfl.com/image/private/{formatInstructions}/league/eydr6upreksg0xwzztvw', 'jerseyNumber': 11, 'lastName': 'Callaway', 'ngsPosition': 'WR', 'ngsPositionGroup': 'WR', 'position': 'WR', 'positionGroup': 'WR', 'shortName': 'A.Callaway', 'smartId': '32004341-4c61-2552-abe1-70ec5629d91c', 'status': 'ACT'}",Antonio Callaway,WR,1050,2018,antonio callaway,CLE,1/9/1997,13363.3961
4.93,2.171537504,15.18424242,2.051655988,2.983255814,0.81171831,65.15151515,24.84554587,10,43,66,664,"{'season': 2018, 'currentTeamId': '4400', 'displayName': 'Mike Williams', 'esbId': 'WIL000009', 'firstName': 'Michael', 'footballName': 'Mike', 'gsisId': '00-0033536', 'gsisItId': 44819, 'headshot': 'https://static.www.nfl.com/image/private/{formatInstructions}/league/fjnnliuxjyqzb7oo5hgi', 'jerseyNumber': 81, 'lastName': 'Williams', 'ngsPosition': 'WR', 'ngsPositionGroup': 'WR', 'position': 'WR', 'positionGroup': 'WR', 'shortName': 'M.Williams', 'smartId': '32005749-4c00-0009-75a2-9fccf6994099', 'status': 'ACT'}",Mike Williams,WR,4400,2018,mike williams,LAC,10/4/1994,29416.74184
4.921987578,3.644685142,11.86147239,2.522421038,3.683217391,0.038532249,70.55214724,44.04406639,11,115,163,1572,"{'season': 2018, 'currentTeamId': '2120', 'displayName': 'DeAndre Hopkins', 'esbId': 'HOP161500', 'firstName': 'DeAndre', 'footballName': 'DeAndre', 'gsisId': '00-0030564', 'gsisItId': 39973, 'headshot': 'https://static.www.nfl.com/image/private/{formatInstructions}/league/boialnvkpcs0uvlbnsfv', 'jerseyNumber': 10, 'lastName': 'Hopkins', 'ngsPosition': 'WR', 'ngsPositionGroup': 'WR', 'position': 'WR', 'positionGroup': 'WR', 'shortName': 'D.Hopkins', 'smartId': '3200484f-5016-1500-bfbe-c87b292b639c', 'status': 'ACT'}",DeAndre Hopkins,WR,2120,2018,deandre hopkins,HOU,6/6/1992,17678.83402
4.882695652,3.968443694,12.59747899,2.264946798,5.352714286,1.384270591,58.82352941,37.50872601,5,70,119,1063,"{'season': 2018, 'currentTeamId': '1540', 'displayName': 'Kenny Golladay', 'esbId': 'GOL573546', 'firstName': 'Kenneth', 'footballName': 'Kenny', 'gsisId': '00-0033932', 'gsisItId': 44908, 'headshot': 'https://static.www.nfl.com/image/private/{formatInstructions}/league/okf4aktpg4odbuhvtwtn', 'jerseyNumber': 19, 'lastName': 'Golladay', 'position': 'WR', 'positionGroup': 'WR', 'shortName': 'K.Golladay', 'smartId': '3200474f-4c57-3546-c21d-b780be32aca0', 'status': 'ACT', 'ngsPosition': 'WR', 'ngsPositionGroup': 'WR'}",Kenny Golladay,WR,1540,2018,kenny golladay,DET,11/3/1993,14427.63533
4.830617284,4.178552783,11.32621302,2.969168797,4.647387387,0.468834605,65.68047337,33.96870974,13,111,169,1386,"{'season': 2018, 'currentTeamId': '1800', 'displayName': 'Davante Adams', 'esbId': 'ADA218591', 'firstName': 'Davante', 'footballName': 'Davante', 'gsisId': '00-0031381', 'gsisItId': 41282, 'headshot': 'https://static.www.nfl.com/image/private/{formatInstructions}/league/ajawfxrv5pr1eehdguw0', 'jerseyNumber': 17, 'lastName': 'Adams', 'position': 'WR', 'positionGroup': 'WR', 'shortName': 'D.Adams', 'smartId': '32004144-4121-8591-4d26-4c0ac739af41', 'status': 'ACT', 'ngsPosition': 'WR', 'ngsPositionGroup': 'WR'}",Davante Adams,WR,1800,2018,davante adams,GB,12/24/1992,12895.67296
4.736415094,3.220846186,16.37698113,1.998767692,3.748461538,0.527615352,49.05660377,22.4669136,5,26,53,445,"{'season': 2018, 'currentTeamId': '4600', 'displayName': 'David Moore', 'esbId': 'MOO249444', 'firstName': 'David', 'footballName': 'David', 'gsisId': '00-0033589', 'gsisItId': 45039, 'headshot': 'https://static.www.nfl.com/image/private/{formatInstructions}/league/kwyhth14dkulxzjxrgup', 'jerseyNumber': 83, 'lastName': 'Moore', 'ngsPosition': 'WR', 'ngsPositionGroup': 'WR', 'position': 'WR', 'positionGroup': 'WR', 'shortName': 'D.Moore', 'smartId': '32004d4f-4f24-9444-1f85-e742d8abb0fb', 'status': 'ACT'}",David Moore,WR,4600,2018,david moore,SEA,1/15/1995,24565.10818
4.721267606,4.109941086,13.99746479,2.107671167,7.077317073,2.967375987,57.74647887,22.90045026,4,41,71,737,"{'season': 2018, 'currentTeamId': '3200', 'displayName': 'Josh Gordon', 'esbId': 'GOR190310', 'firstName': 'Josh', 'footballName': 'Josh', 'gsisId': '00-0029664', 'gsisItId': 39646, 'headshot': 'https://static.www.nfl.com/image/private/{formatInstructions}/league/atwcq5nczzb5k85fince', 'jerseyNumber': 10, 'lastName': 'Gordon', 'position': 'WR', 'positionGroup': 'WR', 'shortName': 'J.Gordon', 'smartId': '3200474f-5219-0310-af1f-30d8c9d32e21', 'status': 'SUS', 'ngsPosition': 'WR', 'ngsPositionGroup': 'WR'}",Josh Gordon,WR,3200,2018,josh gordon,NE,4/13/1991,18869.44337
4.635034483,3.2491604,7.714353741,2.748359542,4.08832,0.8391596,85.03401361,30.27239577,9,125,147,1405,"{'season': 2018, 'currentTeamId': '3300', 'displayName': 'Michael Thomas', 'esbId': 'THO308912', 'firstName': 'Michael', 'footballName': 'Michael', 'gsisId': '00-0032765', 'gsisItId': 43336, 'headshot': 'https://static.www.nfl.com/image/private/{formatInstructions}/league/liuzt7209f2hqa9mu1zw', 'jerseyNumber': 13, 'lastName': 'Thomas', 'ngsPosition': 'WR', 'ngsPositionGroup': 'WR', 'position': 'WR', 'positionGroup': 'WR', 'shortName': 'M.Thomas', 'smartId': '32005448-4f30-8912-926a-d25d51327661', 'status': 'ACT', 'suffix': 'Jr.'}",Michael Thomas,WR,3300,2018,michael thomas,NYG,3/17/1990,15119.37179
4.635034483,3.2491604,7.714353741,2.748359542,4.08832,0.8391596,85.03401361,30.27239577,9,125,147,1405,"{'season': 2018, 'currentTeamId': '3300', 'displayName': 'Michael Thomas', 'esbId': 'THO308912', 'firstName': 'Michael', 'footballName': 'Michael', 'gsisId': '00-0032765', 'gsisItId': 43336, 'headshot': 'https://static.www.nfl.com/image/private/{formatInstructions}/league/liuzt7209f2hqa9mu1zw', 'jerseyNumber': 13, 'lastName': 'Thomas', 'ngsPosition': 'WR', 'ngsPositionGroup': 'WR', 'position': 'WR', 'positionGroup': 'WR', 'shortName': 'M.Thomas', 'smartId': '32005448-4f30-8912-926a-d25d51327661', 'status': 'ACT', 'suffix': 'Jr.'}",Michael Thomas,WR,3300,2018,michael thomas,NO,3/17/1990,11869.09747
4.624819277,3.555168799,14.365,2.163073669,4.407857143,0.852688344,50,27.59410824,4,42,84,704,"{'season': 2018, 'currentTeamId': '1400', 'displayName': 'Courtland Sutton', 'esbId': 'SUT333526', 'firstName': 'Courtland', 'footballName': 'Courtland', 'gsisId': '00-0034348', 'gsisItId': 46109, 'headshot': 'https://static.www.nfl.com/image/private/{formatInstructions}/league/kifp4mpoadcd1qrn3iiv', 'jerseyNumber': 14, 'lastName': 'Sutton', 'ngsPosition': 'WR', 'ngsPositionGroup': 'WR', 'position': 'WR', 'positionGroup': 'WR', 'shortName': 'C.Sutton', 'smartId': '32005355-5433-3526-b2bf-88d6b83781c0', 'status': 'ACT'}",Courtland Sutton,WR,1400,2018,courtland sutton,DEN,10/10/1995,15500.69311
4.544857143,4.99017386,11.149375,2.500796986,6.884705882,1.894532022,70.83333333,8.1083538,5,34,48,565,"{'season': 2018, 'currentTeamId': '4900', 'displayName': 'O.J. Howard', 'esbId': 'HOW308864', 'firstName': 'O.J.', 'footballName': 'O.J.', 'gsisId': '00-0033879', 'gsisItId': 44831, 'headshot': 'https://static.www.nfl.com/image/private/{formatInstructions}/league/wljqvtjgzbcwfkepy13e', 'jerseyNumber': 80, 'lastName': 'Howard', 'position': 'TE', 'positionGroup': 'TE', 'shortName': 'O.Howard', 'smartId': '3200484f-5730-8864-f556-0040cd058670', 'status': 'RES', 'ngsPosition': 'TE', 'ngsPositionGroup': 'TE'}",O.J. Howard,TE,4900,2018,oj howard,TB,11/18/1994,11937.85766
4.449473684,4.675236958,8.789333333,2.464236806,4.533214286,-0.142022672,62.22222222,9.805729926,2,28,45,333,"{'season': 2018, 'currentTeamId': '4400', 'displayName': 'Antonio Gates', 'esbId': 'GAT194627', 'firstName': 'Antonio', 'footballName': 'Antonio', 'gsisId': '00-0021547', 'gsisItId': 28495, 'headshot': 'https://static.www.nfl.com/image/private/{formatInstructions}/league/kndulvysinvn4tpvt0bc', 'jerseyNumber': 85, 'lastName': 'Gates', 'ngsPosition': 'SLOT_WR', 'ngsPositionGroup': 'TE', 'position': 'TE', 'positionGroup': 'TE', 'shortName': 'A.Gates', 'smartId': '32004741-5419-4627-d7b9-c6962c8e21f2', 'status': 'ACT'}",Antonio Gates,TE,4400,2018,antonio gates,LAC,6/18/1980,29416.74184
4.395657895,3.657494254,12.71272727,2.028803888,4.258913043,0.601418789,59.74025974,22.15653166,6,46,77,694,"{'season': 2018, 'currentTeamId': '0920', 'displayName': 'A.J. Green', 'esbId': 'GRE034604', 'firstName': 'A.J.', 'footballName': 'A.J.', 'gsisId': '00-0027942', 'gsisItId': 37077, 'headshot': 'https://static.www.nfl.com/image/private/{formatInstructions}/league/ify1tyrdfnh3oixudcuz', 'jerseyNumber': 18, 'lastName': 'Green', 'position': 'WR', 'positionGroup': 'WR', 'shortName': 'A.Green', 'smartId': '32004752-4503-4604-5592-82f254d9dbee', 'status': 'RES', 'ngsPosition': 'WR', 'ngsPositionGroup': 'WR'}",A.J. Green,WR,920,2018,aj green,CIN,7/31/1988,8279.790101
3.965645161,2.085334203,15.24306452,2.216704545,3.104571429,1.019237225,56.4516129,23.64643566,5,35,62,508,"{'season': 2018, 'currentTeamId': '1540', 'displayName': 'Marvin Jones', 'esbId': 'JON601697', 'firstName': 'Marvin', 'footballName': 'Marvin', 'gsisId': '00-0029293', 'gsisItId': 38696, 'headshot': 'https://static.www.nfl.com/image/private/{formatInstructions}/league/mc0dz7flilovcjxkttcx', 'jerseyNumber': 11, 'lastName': 'Jones', 'position': 'WR', 'positionGroup': 'WR', 'shortName': 'M.Jones', 'smartId': '32004a4f-4e60-1697-4762-9c6d786d2931', 'status': 'RES', 'suffix': 'Jr.', 'ngsPosition': 'WR', 'ngsPositionGroup': 'WR'}",Marvin Jones,WR,1540,2018,marvin jones,DET,3/12/1990,14427.63533
7.396222222,2.570271525,13.46569892,2.874055456,2.346825397,-0.223446128,67.74193548,23.32239513,7,63,93,866,"{'season': 2019, 'currentTeamId': '0200', 'displayName': 'Calvin Ridley', 'esbId': 'RID652384', 'firstName': 'Calvin', 'footballName': 'Calvin', 'gsisId': '00-0034837', 'gsisItId': 46095, 'headshot': 'https://static.www.nfl.com/image/private/{formatInstructions}/league/r8hye4mvynz7fxbfooxw', 'jerseyNumber': 18, 'lastName': 'Ridley', 'position': 'WR', 'positionGroup': 'WR', 'shortName': 'C.Ridley', 'smartId': '32005249-4465-2384-7253-3a4b46622aa9', 'status': 'RES', 'ngsPosition': 'WR', 'ngsPositionGroup': 'WR'}",Calvin Ridley,WR,200,2019,calvin ridley,ATL,12/20/1994,13627.09298
7.317022901,5.616025151,8.099280576,3.407958006,6.718333333,1.102308183,64.74820144,23.69132672,2,90,139,1134,"{'season': 2019, 'currentTeamId': '2510', 'displayName': 'Robert Woods', 'esbId': 'WOO561144', 'firstName': 'Robert', 'footballName': 'Robert', 'gsisId': '00-0030431', 'gsisItId': 39989, 'headshot': 'https://static.www.nfl.com/image/private/{formatInstructions}/league/vwtoba3zfsmti9s9wwau', 'jerseyNumber': 17, 'lastName': 'Woods', 'ngsPosition': 'WR', 'ngsPositionGroup': 'WR', 'position': 'WR', 'positionGroup': 'WR', 'shortName': 'R.Woods', 'smartId': '3200574f-4f56-1144-59b1-dbf0c9bdb37a', 'status': 'ACT', 'uniformNumber': '17'}",Robert Woods,WR,2510,2019,robert woods,LA,4/10/1992,22213.65715
7.209402985,3.327346876,12.26333333,2.712406234,4.902325581,1.574978706,62.31884058,22.32444141,2,43,69,601,"{'season': 2019, 'currentTeamId': '2100', 'displayName': 'Corey Davis', 'esbId': 'DAV247957', 'firstName': 'Corey', 'footballName': 'Corey', 'gsisId': '00-0033871', 'gsisItId': 44817, 'headshot': 'https://static.www.nfl.com/image/private/{formatInstructions}/league/bvc0v713yjjeq5pvlep4', 'jerseyNumber': 84, 'lastName': 'Davis', 'ngsPosition': 'WR', 'ngsPositionGroup': 'WR', 'position': 'WR', 'positionGroup': 'WR', 'shortName': 'C.Davis', 'smartId': '32004441-5624-7957-ef31-0e38b3301e4b', 'status': 'ACT', 'uniformNumber': '84'}",Corey Davis,WR,2100,2019,corey davis,TEN,1/11/1995,14043.33279
6.957142857,1.854187387,16.13928571,2.761898276,1.53,-0.324187387,53.57142857,24.79513425,2,30,56,421,"{'season': 2019, 'currentTeamId': '3300', 'displayName': 'Ted Ginn', 'esbId': 'GIN403290', 'firstName': 'Ted', 'footballName': 'Ted', 'gsisId': '00-0025396', 'gsisItId': 32202, 'headshot': 'https://static.www.nfl.com/image/private/{formatInstructions}/league/myuaipuopeaowqpksxnn', 'jerseyNumber': 19, 'lastName': 'Ginn', 'ngsPosition': 'WR', 'ngsPositionGroup': 'WR', 'position': 'WR', 'positionGroup': 'WR', 'shortName': 'T.Ginn', 'smartId': '32004749-4e40-3290-b291-829cfef68d62', 'status': 'ACT', 'suffix': 'Jr.', 'uniformNumber': '19'}",Ted Ginn,WR,3300,2019,ted ginn,NO,4/12/1985,14265.76105
6.890192308,4.349343371,5.171129032,3.464217051,4.309302326,-0.040041045,69.35483871,6.022564187,1,43,62,351,"{'season': 2019, 'currentTeamId': '2700', 'displayName': 'Albert Wilson', 'esbId': 'WIL648299', 'firstName': 'Albert', 'footballName': 'Albert', 'gsisId': '00-0030669', 'gsisItId': 41506, 'headshot': 'https://static.www.nfl.com/image/private/{formatInstructions}/league/dhrm3a5rcwxygwwsrmfo', 'jerseyNumber': 15, 'lastName': 'Wilson', 'ngsPosition': 'SLOT_WR', 'ngsPositionGroup': 'WR', 'position': 'WR', 'positionGroup': 'WR', 'shortName': 'A.Wilson', 'smartId': '32005749-4c64-8299-6db3-f70542658125', 'status': 'ACT', 'suffix': 'Jr.', 'uniformNumber': '15'}",Albert Wilson,WR,2700,2019,albert wilson,MIA,7/12/1992,17539.3791
6.765909091,4.331822161,5.798644068,3.476792173,4.39195122,0.060129058,69.49152542,7.300553538,3,41,59,349,"{'season': 2019, 'currentTeamId': '4600', 'displayName': 'Jacob Hollister', 'esbId': 'HOL292467', 'firstName': 'Jacob', 'footballName': 'Jacob', 'gsisId': '00-0033387', 'gsisItId': 45281, 'headshot': 'https://static.www.nfl.com/image/private/{formatInstructions}/league/ekswzksp2camcm4yrznj', 'jerseyNumber': 48, 'lastName': 'Hollister', 'ngsPosition': 'TE', 'ngsPositionGroup': 'TE', 'position': 'TE', 'positionGroup': 'TE', 'shortName': 'J.Hollister', 'smartId': '3200484f-4c29-2467-de51-661befd08df1', 'status': 'ACT', 'uniformNumber': '48'}",Jacob Hollister,TE,4600,2019,jacob hollister,SEA,11/18/1993,35553.16235
6.73245283,4.447409206,7.349464286,3.158416889,5.033823529,0.586414323,60.71428571,11.60296692,4,34,56,310,"{'season': 2019, 'currentTeamId': '5110', 'displayName': 'Steven Sims', 'esbId': 'SIM809106', 'firstName': 'Steven', 'footballName': 'Steven', 'gsisId': '00-0034928', 'gsisItId': 48051, 'headshot': 'https://static.www.nfl.com/image/private/{formatInstructions}/league/swrcnypswgiyxaaidmwl', 'jerseyNumber': 15, 'lastName': 'Sims', 'ngsPosition': 'SLOT_WR', 'ngsPositionGroup': 'WR', 'position': 'WR', 'positionGroup': 'WR', 'shortName': 'S.Sims', 'smartId': '32005349-4d80-9106-3126-855ed37450b4', 'status': 'ACT', 'uniformNumber': '15'}",Steven Sims,WR,5110,2019,steven sims,WAS,3/31/1997,9378.526001
6.635321101,4.64325416,10.35330579,2.812145577,7.075348837,2.432094677,71.07438017,19.6211255,9,86,121,1333,"{'season': 2019, 'currentTeamId': '4900', 'displayName': 'Chris Godwin', 'esbId': 'GOD549393', 'firstName': 'Rod', 'footballName': 'Chris', 'gsisId': '00-0033921', 'gsisItId': 44896, 'headshot': 'https://static.www.nfl.com/image/private/{formatInstructions}/league/gv8mcd9ndaqdud3yeooe', 'jerseyNumber': 12, 'lastName': 'Godwin', 'position': 'WR', 'positionGroup': 'WR', 'shortName': 'C.Godwin', 'smartId': '3200474f-4454-9393-6eec-24189dd66641', 'status': 'INA', 'uniformNumber': '12', 'ngsPosition': 'SLOT_WR', 'ngsPositionGroup': 'WR'}",Chris Godwin,WR,4900,2019,chris godwin,TB,2/27/1996,15718.19533
6.579333333,3.995860084,8.800128205,2.714040287,5.609534884,1.6136748,55.12820513,14.40645595,0,43,78,529,"{'season': 2019, 'currentTeamId': '0920', 'displayName': 'Alex Erickson', 'esbId': 'ERI090697', 'firstName': 'Alex', 'footballName': 'Alex', 'gsisId': '00-0032543', 'gsisItId': 43663, 'headshot': 'https://static.www.nfl.com/image/private/{formatInstructions}/league/ynfigtd9x55vsxotphsg', 'jerseyNumber': 12, 'lastName': 'Erickson', 'ngsPosition': 'WR', 'ngsPositionGroup': 'WR', 'position': 'WR', 'positionGroup': 'WR', 'shortName': 'A.Erickson', 'smartId': '32004552-4909-0697-7ef2-dee5ba714d1b', 'status': 'ACT', 'uniformNumber': '12'}",Alex Erickson,WR,920,2019,alex erickson,CIN,11/6/1992,15572.18963
6.552051282,3.066263803,7.102553191,2.592480295,2.537692308,-0.528571495,55.31914894,9.411041665,1,26,47,198,"{'season': 2019, 'currentTeamId': '5110', 'displayName': 'Trey Quinn', 'esbId': 'QUI729117', 'firstName': 'Trey', 'footballName': 'Trey', 'gsisId': '00-0034339', 'gsisItId': 46325, 'headshot': 'https://static.www.nfl.com/image/private/{formatInstructions}/league/rhxxl93zbfmkourt1nf9', 'jerseyNumber': 18, 'lastName': 'Quinn', 'position': 'WR', 'positionGroup': 'WR', 'shortName': 'T.Quinn', 'smartId': '32005155-4972-9117-2267-ebb16141b054', 'status': 'RES', 'ngsPosition': 'SLOT_WR', 'ngsPositionGroup': 'WR'}",Trey Quinn,WR,5110,2019,trey quinn,WAS,12/7/1995,9378.526001
6.532195122,2.392068561,10.60666667,2.507047909,2.03,-0.362068561,68.88888889,13.55827245,3,31,45,294,"{'season': 2019, 'currentTeamId': '3000', 'displayName': 'Bisi Johnson', 'esbId': 'JOH000023', 'firstName': 'Olabisi', 'footballName': 'Olabisi', 'gsisId': '00-0035006', 'gsisItId': 48030, 'headshot': 'https://static.www.nfl.com/image/private/{formatInstructions}/league/hbzkzporasmgee2kpfyk', 'jerseyNumber': 81, 'lastName': 'Johnson', 'ngsPosition': 'WR', 'ngsPositionGroup': 'WR', 'position': 'WR', 'positionGroup': 'WR', 'shortName': 'O.Johnson', 'smartId': '32004a4f-4800-0023-5262-0061a9786a43', 'status': 'ACT', 'uniformNumber': '81'}",Bisi Johnson,WR,3000,2019,bisi johnson,MIN,3/17/1997,17987.18723
6.527471264,2.263014035,13.1521978,2.085480772,2.183709677,-0.079304358,68.13186813,22.17123824,9,62,91,779,"{'season': 2019, 'currentTeamId': '1540', 'displayName': 'Marvin Jones', 'esbId': 'JON601697', 'firstName': 'Marvin', 'footballName': 'Marvin', 'gsisId': '00-0029293', 'gsisItId': 38696, 'headshot': 'https://static.www.nfl.com/image/private/{formatInstructions}/league/mc0dz7flilovcjxkttcx', 'jerseyNumber': 11, 'lastName': 'Jones', 'position': 'WR', 'positionGroup': 'WR', 'shortName': 'M.Jones Jr.', 'smartId': '32004a4f-4e60-1697-4762-9c6d786d2931', 'status': 'RES', 'suffix': 'Jr.', 'ngsPosition': 'WR', 'ngsPositionGroup': 'WR'}",Marvin Jones,WR,1540,2019,marvin jones,DET,3/12/1990,13055.6118
6.512982456,3.847951686,11.91008475,2.778384877,4.417534247,0.569582561,61.86440678,32.7018166,8,73,118,1008,"{'season': 2019, 'currentTeamId': '2250', 'displayName': 'D.J. Chark', 'esbId': 'CHA553392', 'firstName': 'Darrell', 'footballName': 'D.J.', 'gsisId': '00-0034777', 'gsisItId': 46130, 'headshot': 'https://static.www.nfl.com/image/private/{formatInstructions}/league/b4ycypxhn4x8dibjneao', 'jerseyNumber': 17, 'lastName': 'Chark', 'ngsPosition': 'WR', 'ngsPositionGroup': 'WR', 'position': 'WR', 'positionGroup': 'WR', 'shortName': 'D.Chark Jr.', 'smartId': '32004348-4155-3392-9ee6-7f21c24c95c9', 'status': 'ACT', 'uniformNumber': '17'}",D.J. Chark,WR,2250,2019,dj chark,JAX,9/23/1996,13440.13123
6.4725,3.996556916,10.5937931,3.019892657,3.358214286,-0.638342631,48.27586207,12.33022957,0,28,58,296,"{'season': 2019, 'currentTeamId': '0750', 'displayName': 'Jarius Wright', 'esbId': 'WRI391959', 'firstName': 'Jarius', 'footballName': 'Jarius', 'gsisId': '00-0029572', 'gsisItId': 38648, 'headshot': 'https://static.www.nfl.com/image/private/{formatInstructions}/league/f4xgfra44cd6qjy6havp', 'jerseyNumber': 13, 'lastName': 'Wright', 'ngsPosition': 'SLOT_WR', 'ngsPositionGroup': 'WR', 'position': 'WR', 'positionGroup': 'WR', 'shortName': 'J.Wright', 'smartId': '32005752-4939-1959-ac18-30681b0a1cd5', 'status': 'ACT', 'uniformNumber': '13'}",Jarius Wright,WR,750,2019,jarius wright,CAR,11/25/1989,15103.22834
6.452903226,4.750971743,6.582676056,3.456287093,6.774897959,2.023926216,69.01408451,14.38521865,4,49,71,605,"{'season': 2019, 'currentTeamId': '2520', 'displayName': 'Hunter Renfrow', 'esbId': 'REN358499', 'firstName': 'Hunter', 'footballName': 'Hunter', 'gsisId': '00-0034983', 'gsisItId': 47932, 'headshot': 'https://static.www.nfl.com/image/private/{formatInstructions}/league/deywklpnyhcdnbi0tyzw', 'jerseyNumber': 13, 'lastName': 'Renfrow', 'ngsPosition': 'SLOT_WR', 'ngsPositionGroup': 'WR', 'position': 'WR', 'positionGroup': 'WR', 'shortName': 'H.Renfrow', 'smartId': '32005245-4e35-8499-ff02-b25484b87290', 'status': 'ACT', 'uniformNumber': '13'}",Hunter Renfrow,WR,2520,2019,hunter renfrow,OAK,12/21/1995,"30,810.65"
6.4464,4.274360897,13.76615385,2.889291723,4.119142857,-0.155218039,67.30769231,14.81466151,3,35,52,477,"{'season': 2019, 'currentTeamId': '1800', 'displayName': 'Allen Lazard', 'esbId': 'LAZ043714', 'firstName': 'Allen', 'footballName': 'Allen', 'gsisId': '00-0034521', 'gsisItId': 46705, 'headshot': 'https://static.www.nfl.com/image/private/{formatInstructions}/league/fzrgvzkdrlwgludqfsqk', 'jerseyNumber': 13, 'lastName': 'Lazard', 'ngsPosition': 'WR', 'ngsPositionGroup': 'WR', 'position': 'WR', 'positionGroup': 'WR', 'shortName': 'A.Lazard', 'smartId': '32004c41-5a04-3714-cfb7-872b20b0ce13', 'status': 'ACT', 'uniformNumber': '13'}",Allen Lazard,WR,1800,2019,allen lazard,GB,12/11/1995,16682.30513
6.443968254,4.769195806,10.87661972,2.955510969,5.377608696,0.60841289,64.78873239,21.06969117,7,46,71,584,"{'season': 2019, 'currentTeamId': '0325', 'displayName': 'Marquise Brown', 'esbId': 'BRO413218', 'firstName': 'Marquise', 'footballName': 'Marquise', 'gsisId': '00-0035662', 'gsisItId': 47808, 'headshot': 'https://static.www.nfl.com/image/private/{formatInstructions}/league/zsfjardpwq8fw0jr2cnf', 'jerseyNumber': 15, 'lastName': 'Brown', 'ngsPosition': 'WR', 'ngsPositionGroup': 'WR', 'position': 'WR', 'positionGroup': 'WR', 'shortName': 'M.Brown', 'smartId': '32004252-4f41-3218-bf76-54f4042e0396', 'status': 'ACT', 'uniformNumber': '15'}",Marquise Brown,WR,325,2019,marquise brown,BAL,6/4/1997,15488.31238
6.408666667,3.635019645,12.706875,3.045636107,4.179333333,0.544313689,62.5,17.32578486,6,30,48,418,"{'season': 2019, 'currentTeamId': '3000', 'displayName': 'Adam Thielen', 'esbId': 'THI510348', 'firstName': 'Adam', 'footballName': 'Adam', 'gsisId': '00-0030035', 'gsisItId': 40488, 'headshot': 'https://static.www.nfl.com/image/private/{formatInstructions}/league/stmxpojttikyk6i8hgi0', 'jerseyNumber': 19, 'lastName': 'Thielen', 'ngsPosition': 'WR', 'ngsPositionGroup': 'WR', 'position': 'WR', 'positionGroup': 'WR', 'shortName': 'A.Thielen', 'smartId': '32005448-4951-0348-440c-28f32f21652b', 'status': 'ACT', 'uniformNumber': '19'}",Adam Thielen,WR,3000,2019,adam thielen,MIN,8/22/1990,17987.18723
6.403,2.819583467,11.35772727,2.420682407,3.448333333,0.628749866,68.18181818,14.08865245,0,30,44,365,"{'season': 2019, 'currentTeamId': '5110', 'displayName': 'Kelvin Harmon', 'esbId': 'HAR206185', 'firstName': 'Kelvin', 'footballName': 'Kelvin', 'gsisId': '00-0035297', 'gsisItId': 47989, 'headshot': 'https://static.www.nfl.com/image/private/{formatInstructions}/league/s1iwostr3oruo2aoqchl', 'jerseyNumber': 13, 'lastName': 'Harmon', 'ngsPosition': 'WR', 'ngsPositionGroup': 'WR', 'position': 'WR', 'positionGroup': 'WR', 'shortName': 'K.Harmon', 'smartId': '32004841-5220-6185-a2b0-6140674f568a', 'status': 'ACT', 'uniformNumber': '13'}",Kelvin Harmon,WR,5110,2019,kelvin harmon,WAS,12/15/1996,9378.526001
6.311818182,4.003780815,11.00042553,3.028028628,3.4603125,-0.543468315,68.08510638,9.712068046,2,32,47,416,"{'season': 2019, 'currentTeamId': '2700', 'displayName': 'Allen Hurns', 'esbId': 'HUR436342', 'firstName': 'Allen', 'footballName': 'Allen', 'gsisId': '00-0030821', 'gsisItId': 41659, 'headshot': 'https://static.www.nfl.com/image/private/{formatInstructions}/league/ht8yxzhw0gb3pfqbmzdp', 'jerseyNumber': 17, 'lastName': 'Hurns', 'position': 'WR', 'positionGroup': 'WR', 'shortName': 'A.Hurns', 'smartId': '32004855-5243-6342-a061-156e2eb1ca31', 'status': 'INA', 'suffix': 'III', 'uniformNumber': '17', 'ngsPosition': 'WR', 'ngsPositionGroup': 'WR'}",Allen Hurns,WR,2700,2019,allen hurns,MIA,11/12/1991,17539.3791
6.296585366,4.728895087,7.221492537,3.387731481,5.957446809,1.228551721,70.14925373,20.36385063,10,94,134,1161,"{'season': 2019, 'currentTeamId': '2510', 'displayName': 'Cooper Kupp', 'esbId': 'KUP534597', 'firstName': 'Cooper', 'footballName': 'Cooper', 'gsisId': '00-0033908', 'gsisItId': 44881, 'headshot': 'https://static.www.nfl.com/image/private/{formatInstructions}/league/kfmofyneoponii4twxdq', 'jerseyNumber': 18, 'lastName': 'Kupp', 'ngsPosition': 'SLOT_WR', 'ngsPositionGroup': 'WR', 'position': 'WR', 'positionGroup': 'WR', 'shortName': 'C.Kupp', 'smartId': '32004b55-5053-4597-b958-87408c31956f', 'status': 'ACT', 'uniformNumber': '18'}",Cooper Kupp,WR,2510,2019,cooper kupp,LA,6/15/1993,22213.65715
6.281392405,3.852767363,8.861958763,2.95204081,3.641935484,-0.210831879,63.91752577,15.92398221,1,62,97,678,"{'season': 2019, 'currentTeamId': '1540', 'displayName': 'Danny Amendola', 'esbId': 'AME359918', 'firstName': 'Daniel', 'footballName': 'Danny', 'gsisId': '00-0026035', 'gsisItId': 33566, 'headshot': 'https://static.www.nfl.com/image/private/{formatInstructions}/league/lsowpkotvrwu0pfgchne', 'jerseyNumber': 80, 'lastName': 'Amendola', 'ngsPosition': 'SLOT_WR', 'ngsPositionGroup': 'WR', 'position': 'WR', 'positionGroup': 'WR', 'shortName': 'D.Amendola', 'smartId': '3200414d-4535-9918-e336-c0dd118d7e30', 'status': 'ACT', 'uniformNumber': '80'}",Danny Amendola,WR,1540,2019,danny amendola,DET,11/2/1985,13055.6118
6.265555556,4.674543333,12.81881818,3.236131614,3.987926829,-0.686616504,74.54545455,30.08970983,8,82,110,1057,"{'season': 2019, 'currentTeamId': '4600', 'displayName': 'Tyler Lockett', 'esbId': 'LOC420915', 'firstName': 'Tyler', 'footballName': 'Tyler', 'gsisId': '00-0032211', 'gsisItId': 42412, 'headshot': 'https://static.www.nfl.com/image/private/{formatInstructions}/league/kwcxus7rlqurps3gbbwu', 'jerseyNumber': 16, 'lastName': 'Lockett', 'ngsPosition': 'SLOT_WR', 'ngsPositionGroup': 'WR', 'position': 'WR', 'positionGroup': 'WR', 'shortName': 'T.Lockett', 'smartId': '32004c4f-4342-0915-1af7-ec50f437887c', 'status': 'ACT', 'uniformNumber': '16'}",Tyler Lockett,WR,4600,2019,tyler lockett,SEA,9/28/1992,35553.16235
6.264230769,4.502923094,10.68127273,2.663382771,3.734,-0.768923094,72.72727273,12.93001369,4,40,55,561,"{'season': 2019, 'currentTeamId': '2120', 'displayName': 'Kenny Stills', 'esbId': 'STI417540', 'firstName': 'Kenneth', 'footballName': 'Kenny', 'gsisId': '00-0030085', 'gsisItId': 40092, 'headshot': 'https://static.www.nfl.com/image/private/{formatInstructions}/league/ets69ksudoveicvp50ob', 'jerseyNumber': 12, 'lastName': 'Stills', 'ngsPosition': 'WR', 'ngsPositionGroup': 'WR', 'position': 'WR', 'positionGroup': 'WR', 'shortName': 'K.Stills', 'smartId': '32005354-4941-7540-2f57-a0adf1ab483e', 'status': 'ACT', 'suffix': 'Jr.', 'uniformNumber': '12'}",Kenny Stills,WR,2120,2019,kenny stills,HOU,4/22/1992,14809.98987
6.262857143,5.2522983,11.25186047,2.673933957,6.886666667,1.634368367,48.8372093,10.18171487,1,21,43,326,"{'season': 2019, 'currentTeamId': '2510', 'displayName': 'Josh Reynolds', 'esbId': 'REY398905', 'firstName': 'Joshua Dedmon-Reynolds', 'footballName': 'Josh', 'gsisId': '00-0033943', 'gsisItId': 44930, 'headshot': 'https://static.www.nfl.com/image/private/{formatInstructions}/league/yzpzvlpz5n7dmxue0geq', 'jerseyNumber': 83, 'lastName': 'Reynolds', 'ngsPosition': 'WR', 'ngsPositionGroup': 'WR', 'position': 'WR', 'positionGroup': 'WR', 'shortName': 'J.Reynolds', 'smartId': '32005245-5939-8905-3a79-3286353be377', 'status': 'ACT', 'uniformNumber': '83'}",Josh Reynolds,WR,2510,2019,josh reynolds,LA,2/16/1995,22213.65715
6.224383562,4.87714963,9.529638554,3.032001076,6.223636364,1.346486733,66.26506024,14.47650423,3,55,83,828,"{'season': 2019, 'currentTeamId': '1200', 'displayName': 'Randall Cobb', 'esbId': 'COB365535', 'firstName': 'Randall', 'footballName': 'Randall', 'gsisId': '00-0028002', 'gsisItId': 37139, 'headshot': 'https://static.www.nfl.com/image/private/{formatInstructions}/league/mqz6skxxvjzs9pithxab', 'jerseyNumber': 18, 'lastName': 'Cobb', 'ngsPosition': 'SLOT_WR', 'ngsPositionGroup': 'WR', 'position': 'WR', 'positionGroup': 'WR', 'shortName': 'R.Cobb', 'smartId': '3200434f-4236-5535-cf6f-4337b5dff0b3', 'status': 'ACT', 'suffix': 'II', 'uniformNumber': '18'}",Randall Cobb,WR,1200,2019,randall cobb,DAL,8/22/1990,18251.1564
6.208965517,5.130657193,5.886744186,3.592003703,5.249354839,0.118697645,72.09302326,6.906364507,2,31,43,321,"{'season': 2019, 'currentTeamId': '0325', 'displayName': 'Nick Boyle', 'esbId': 'BOY688993', 'firstName': 'Nicholas', 'footballName': 'Nick', 'gsisId': '00-0031598', 'gsisItId': 42514, 'headshot': 'https://static.www.nfl.com/image/private/{formatInstructions}/league/rcs5hq9tbccj7lrwiqq2', 'jerseyNumber': 86, 'lastName': 'Boyle', 'ngsPosition': 'TE', 'ngsPositionGroup': 'TE', 'position': 'TE', 'positionGroup': 'TE', 'shortName': 'N.Boyle', 'smartId': '3200424f-5968-8993-3182-029e039889e7', 'status': 'ACT', 'uniformNumber': '86'}",Nick Boyle,TE,325,2019,nick boyle,BAL,2/17/1993,15488.31238
6.206666667,4.791238366,6.970693069,3.196159724,4.883030303,0.091791937,65.34653465,16.38220491,3,66,101,660,"{'season': 2019, 'currentTeamId': '2250', 'displayName': 'Dede Westbrook', 'esbId': 'WES551470', 'firstName': 'Decrick', 'footballName': 'Dede', 'gsisId': '00-0033839', 'gsisItId': 44923, 'headshot': 'https://static.www.nfl.com/image/private/{formatInstructions}/league/ka3wmdkh42mcj3lgbjoe', 'jerseyNumber': 12, 'lastName': 'Westbrook', 'ngsPosition': 'SLOT_WR', 'ngsPositionGroup': 'WR', 'position': 'WR', 'positionGroup': 'WR', 'shortName': 'D.Westbrook', 'smartId': '32005745-5355-1470-8067-83ca40023853', 'status': 'ACT', 'uniformNumber': '12'}",Dede Westbrook,WR,2250,2019,dede westbrook,JAX,11/21/1993,13440.13123
6.169230769,3.547011426,15.596375,2.532039496,4.838863636,1.291852211,55,33.03240735,3,44,80,735,"{'season': 2019, 'currentTeamId': '3900', 'displayName': 'James Washington', 'esbId': 'WAS398381', 'firstName': 'James', 'footballName': 'James', 'gsisId': '00-0034676', 'gsisItId': 46129, 'headshot': 'https://static.www.nfl.com/image/private/{formatInstructions}/league/yptzwstif3onpqoobsau', 'jerseyNumber': 13, 'lastName': 'Washington', 'ngsPosition': 'WR', 'ngsPositionGroup': 'WR', 'position': 'WR', 'positionGroup': 'WR', 'shortName': 'J.Washington', 'smartId': '32005741-5339-8381-df30-c40eef116ddf', 'status': 'ACT', 'uniformNumber': '13'}",James Washington,WR,3900,2019,james washington,PIT,4/2/1996,15126.08471
6.161666667,3.639951711,13.83958333,3.111044564,4.089285714,0.449334004,58.33333333,20.96928629,2,42,72,583,"{'season': 2019, 'currentTeamId': '2510', 'displayName': 'Brandin Cooks', 'esbId': 'COO299382', 'firstName': 'Brandin', 'footballName': 'Brandin', 'gsisId': '00-0031236', 'gsisItId': 41246, 'headshot': 'https://static.www.nfl.com/image/private/{formatInstructions}/league/eds7l8wtfctqodval2jl', 'jerseyNumber': 12, 'lastName': 'Cooks', 'ngsPosition': 'WR', 'ngsPositionGroup': 'WR', 'position': 'WR', 'positionGroup': 'WR', 'shortName': 'B.Cooks', 'smartId': '3200434f-4f29-9382-29e1-70020b0a09be', 'status': 'ACT', 'uniformNumber': '12'}",Brandin Cooks,WR,2510,2019,brandin cooks,LA,9/25/1993,22213.65715
6.151442308,4.468533393,7.485412844,2.975833333,5.050933333,0.58239994,68.80733945,21.61511317,4,75,109,804,"{'season': 2019, 'currentTeamId': '3800', 'displayName': 'Larry Fitzgerald', 'esbId': 'FIT437493', 'firstName': 'Larry', 'footballName': 'Larry', 'gsisId': '00-0022921', 'gsisItId': 28955, 'headshot': 'https://static.www.nfl.com/image/private/{formatInstructions}/league/qljpf6rufzvn9zplcrgb', 'jerseyNumber': 11, 'lastName': 'Fitzgerald', 'ngsPosition': 'SLOT_WR', 'ngsPositionGroup': 'WR', 'position': 'WR', 'positionGroup': 'WR', 'shortName': 'L.Fitzgerald', 'smartId': '32004649-5443-7493-c0df-1747b7d5c143', 'status': 'ACT', 'suffix': 'Jr.', 'uniformNumber': '11'}",Larry Fitzgerald,WR,3800,2019,larry fitzgerald,ARI,8/31/1983,21850.53193
6.104086022,4.786824609,7.620283019,3.174772846,5.320746269,0.53392166,63.20754717,17.92387098,6,67,106,778,"{'season': 2019, 'currentTeamId': '0610', 'displayName': 'Cole Beasley', 'esbId': 'BEA434808', 'firstName': 'Cole', 'footballName': 'Cole', 'gsisId': '00-0029000', 'gsisItId': 38947, 'headshot': 'https://static.www.nfl.com/image/private/{formatInstructions}/league/f8ps0df05hmcu1tzrbub', 'jerseyNumber': 10, 'lastName': 'Beasley', 'ngsPosition': 'SLOT_WR', 'ngsPositionGroup': 'WR', 'position': 'WR', 'positionGroup': 'WR', 'shortName': 'C.Beasley', 'smartId': '32004245-4143-4808-b9d8-45a5d1a5ad73', 'status': 'ACT', 'uniformNumber': '10'}",Cole Beasley,WR,610,2019,cole beasley,BUF,4/26/1989,11158.06649
6.091304348,4.637080291,8.977282609,3.621548229,5.062881356,0.425801065,64.13043478,21.86549403,5,59,92,680,"{'season': 2019, 'currentTeamId': '3900', 'displayName': 'Diontae Johnson', 'esbId': 'JOH000017', 'firstName': 'Diontae', 'footballName': 'Diontae', 'gsisId': '00-0035216', 'gsisItId': 47849, 'headshot': 'https://static.www.nfl.com/image/private/{formatInstructions}/league/sfjwmwa8p8hcnll6zy8p', 'jerseyNumber': 18, 'lastName': 'Johnson', 'ngsPosition': 'WR', 'ngsPositionGroup': 'WR', 'position': 'WR', 'positionGroup': 'WR', 'shortName': 'D.Johnson', 'smartId': '32004a4f-4800-0017-a19a-a554dee114ed', 'status': 'ACT', 'uniformNumber': '18'}",Diontae Johnson,WR,3900,2019,diontae johnson,PIT,7/5/1996,15126.08471
6.085373134,3.940120009,10.19705882,3.009626716,4.802,0.861879991,66.17647059,17.61293207,5,45,68,501,"{'season': 2019, 'currentTeamId': '2200', 'displayName': 'T.Y. Hilton', 'esbId': 'HIL775449', 'firstName': 'Eugene', 'footballName': 'T.Y.', 'gsisId': '00-0029608', 'gsisItId': 38622, 'headshot': 'https://static.www.nfl.com/image/private/{formatInstructions}/league/kbickbqrcbj2gos5ourc', 'jerseyNumber': 13, 'lastName': 'Hilton', 'ngsPosition': 'WR', 'ngsPositionGroup': 'WR', 'position': 'WR', 'positionGroup': 'WR', 'shortName': 'T.Hilton', 'smartId': '32004849-4c77-5449-32f3-1710cf2948b2', 'status': 'ACT', 'uniformNumber': '13'}",T.Y. Hilton,WR,2200,2019,ty hilton,IND,11/14/1989,11926.73936
6.062615385,4.289393485,10.83969072,2.982031155,4.895396825,0.606003341,64.94845361,28.68761886,10,63,97,854,"{'season': 2019, 'currentTeamId': '0325', 'displayName': 'Mark Andrews', 'esbId': 'AND701433', 'firstName': 'Mark', 'footballName': 'Mark', 'gsisId': '00-0034753', 'gsisItId': 46155, 'headshot': 'https://static.www.nfl.com/image/private/{formatInstructions}/league/rx3nyhawhvj9lddniknj', 'jerseyNumber': 89, 'lastName': 'Andrews', 'ngsPosition': 'SLOT_WR', 'ngsPositionGroup': 'TE', 'position': 'TE', 'positionGroup': 'TE', 'shortName': 'M.Andrews', 'smartId': '3200414e-4470-1433-75dd-307507e53173', 'status': 'ACT', 'uniformNumber': '89'}",Mark Andrews,TE,325,2019,mark andrews,BAL,9/6/1995,15488.31238
6.047029703,3.886787996,7.933852459,3.028693984,4.718076923,0.831288927,63.93442623,24.1320678,6,78,122,833,"{'season': 2019, 'currentTeamId': '3430', 'displayName': 'Jamison Crowder', 'esbId': 'CRO697273', 'firstName': 'Jamison', 'footballName': 'Jamison', 'gsisId': '00-0031941', 'gsisItId': 42448, 'headshot': 'https://static.www.nfl.com/image/private/{formatInstructions}/league/vvkr9dehtvp58emtgn4y', 'jerseyNumber': 82, 'lastName': 'Crowder', 'ngsPosition': 'SLOT_WR', 'ngsPositionGroup': 'WR', 'position': 'WR', 'positionGroup': 'WR', 'shortName': 'J.Crowder', 'smartId': '32004352-4f69-7273-6662-7a928881f033', 'status': 'ACT', 'uniformNumber': '82'}",Jamison Crowder,WR,3430,2019,jamison crowder,NYJ,6/17/1993,6786.4375
6.046354167,4.522327243,9.481018519,3.455413137,4.406029412,-0.116297832,62.96296296,27.12651534,3,68,108,709,"{'season': 2019, 'currentTeamId': '3800', 'displayName': 'Christian Kirk', 'esbId': 'KIR257918', 'firstName': 'Christian', 'footballName': 'Christian', 'gsisId': '00-0034775', 'gsisItId': 46116, 'headshot': 'https://static.www.nfl.com/image/private/{formatInstructions}/league/xhicurlusjfytzmkrfo9', 'jerseyNumber': 13, 'lastName': 'Kirk', 'ngsPosition': 'WR', 'ngsPositionGroup': 'WR', 'position': 'WR', 'positionGroup': 'WR', 'shortName': 'C.Kirk', 'smartId': '32004b49-5225-7918-e402-81feed3bdafb', 'status': 'ACT', 'uniformNumber': '13'}",Christian Kirk,WR,3800,2019,christian kirk,ARI,11/18/1996,21850.53193
5.981384615,5.778851136,6.472921348,3.681872099,6.08884058,0.309989444,77.52808989,12.12323362,3,69,89,734,"{'season': 2019, 'currentTeamId': '2510', 'displayName': 'Tyler Higbee', 'esbId': 'HIG033222', 'firstName': 'Tyler', 'footballName': 'Tyler', 'gsisId': '00-0033110', 'gsisItId': 43399, 'headshot': 'https://static.www.nfl.com/image/private/{formatInstructions}/league/mfftaplxjqowrzdss1gp', 'jerseyNumber': 89, 'lastName': 'Higbee', 'ngsPosition': 'TE', 'ngsPositionGroup': 'TE', 'position': 'TE', 'positionGroup': 'TE', 'shortName': 'T.Higbee', 'smartId': '32004849-4703-3222-e4e8-bd596550bfdb', 'status': 'ACT', 'uniformNumber': '89'}",Tyler Higbee,TE,2510,2019,tyler higbee,LA,1/1/1993,22213.65715
5.960425532,3.20991653,11.54958333,3.148719228,2.910344828,-0.299571703,60.41666667,12.47794224,4,29,48,353,"{'season': 2019, 'currentTeamId': '0810', 'displayName': 'Taylor Gabriel', 'esbId': 'GAB627060', 'firstName': 'Taylor', 'footballName': 'Taylor', 'gsisId': '00-0031228', 'gsisItId': 42016, 'headshot': 'https://static.www.nfl.com/image/private/{formatInstructions}/league/nc4aoax8j5mnnrjewu7p', 'jerseyNumber': 18, 'lastName': 'Gabriel', 'position': 'WR', 'positionGroup': 'WR', 'shortName': 'T.Gabriel', 'smartId': '32004741-4262-7060-f2df-7bd304949774', 'status': 'INA', 'uniformNumber': '18', 'ngsPosition': 'WR', 'ngsPositionGroup': 'WR'}",Taylor Gabriel,WR,810,2019,taylor gabriel,CHI,2/17/1991,12475.30377
5.945365854,3.300368074,8.679772727,2.905144014,4.133,0.832631926,68.18181818,12.54302417,5,30,44,358,"{'season': 2019, 'currentTeamId': '4500', 'displayName': 'Kendrick Bourne', 'esbId': 'BOU434790', 'firstName': 'Kendrick', 'footballName': 'Kendrick', 'gsisId': '00-0033307', 'gsisItId': 45185, 'headshot': 'https://static.www.nfl.com/image/private/{formatInstructions}/league/ds0gb18xysmfji01ma58', 'jerseyNumber': 84, 'lastName': 'Bourne', 'ngsPosition': 'WR', 'ngsPositionGroup': 'WR', 'position': 'WR', 'positionGroup': 'WR', 'shortName': 'K.Bourne', 'smartId': '3200424f-5543-4790-acfc-7b92d77f3c8b', 'status': 'ACT', 'uniformNumber': '84'}",Kendrick Bourne,WR,4500,2019,kendrick bourne,SF,8/4/1995,28523.45548
5.939375,4.892278819,16.08173913,2.621448716,4.228055556,-0.664223263,52.17391304,17.37967328,6,36,69,645,"{'season': 2019, 'currentTeamId': '4900', 'displayName': 'Breshad Perriman', 'esbId': 'PER440170', 'firstName': 'Breshad', 'footballName': 'Breshad', 'gsisId': '00-0032054', 'gsisItId': 42369, 'headshot': 'https://static.www.nfl.com/image/private/{formatInstructions}/league/bne5jiks934q5elln42g', 'jerseyNumber': 19, 'lastName': 'Perriman', 'ngsPosition': 'WR', 'ngsPositionGroup': 'WR', 'position': 'WR', 'positionGroup': 'WR', 'shortName': 'B.Perriman', 'smartId': '32005045-5244-0170-6920-f60eb457c1fb', 'status': 'ACT', 'uniformNumber': '19'}",Breshad Perriman,WR,4900,2019,breshad perriman,TB,9/10/1993,15718.19533
5.895076923,3.711150001,10.79913043,3.403384954,3.917692308,0.206542307,56.52173913,15.28166299,3,39,69,363,"{'season': 2019, 'currentTeamId': '3700', 'displayName': 'Nelson Agholor', 'esbId': 'AGH474619', 'firstName': 'Nelson', 'footballName': 'Nelson', 'gsisId': '00-0031549', 'gsisItId': 42363, 'headshot': 'https://static.www.nfl.com/image/private/{formatInstructions}/league/rlo21k18vop9s50knzyb', 'jerseyNumber': 13, 'lastName': 'Agholor', 'position': 'WR', 'positionGroup': 'WR', 'shortName': 'N.Agholor', 'smartId': '32004147-4847-4619-b8a1-bb6c688fe5ac', 'status': 'INA', 'uniformNumber': '13', 'ngsPosition': 'SLOT_WR', 'ngsPositionGroup': 'WR'}",Nelson Agholor,WR,3700,2019,nelson agholor,PHI,5/24/1993,10341.24902
5.87920354,3.175665207,8.681555556,2.719924557,3.230909091,0.055243883,65.18518519,24.03610307,6,88,135,916,"{'season': 2019, 'currentTeamId': '3700', 'displayName': 'Zach Ertz', 'esbId': 'ERT800920', 'firstName': 'Zachary', 'footballName': 'Zach', 'gsisId': '00-0030061', 'gsisItId': 39983, 'headshot': 'https://static.www.nfl.com/image/private/{formatInstructions}/league/irowplnl44sextckrrxb', 'jerseyNumber': 86, 'lastName': 'Ertz', 'ngsPosition': 'TE', 'ngsPositionGroup': 'TE', 'position': 'TE', 'positionGroup': 'TE', 'shortName': 'Z.Ertz', 'smartId': '32004552-5480-0920-32a6-165b5a77814e', 'status': 'ACT', 'uniformNumber': '86'}",Zach Ertz,TE,3700,2019,zach ertz,PHI,11/10/1990,10341.24902
5.871754386,4.354599525,5.998676471,3.069753624,5.955227273,1.600627747,64.70588235,8.360284804,3,44,68,467,"{'season': 2019, 'currentTeamId': '3410', 'displayName': 'Evan Engram', 'esbId': 'ENG726325', 'firstName': 'Evan', 'footballName': 'Evan', 'gsisId': '00-0033881', 'gsisItId': 44835, 'headshot': 'https://static.www.nfl.com/image/private/{formatInstructions}/league/nyhnfypbeatlkr7wveja', 'jerseyNumber': 88, 'lastName': 'Engram', 'position': 'TE', 'positionGroup': 'TE', 'shortName': 'E.Engram', 'smartId': '3200454e-4772-6325-a4a0-9b4b442fe68a', 'status': 'RES', 'ngsPosition': 'TE', 'ngsPositionGroup': 'TE'}",Evan Engram,TE,3410,2019,evan engram,NYG,9/2/1994,8054.165942
5.869318182,3.101579367,11.19822222,3.045900449,2.859259259,-0.242320107,60,11.18192147,0,27,45,216,"{'season': 2019, 'currentTeamId': '2520', 'displayName': 'Zay Jones', 'esbId': 'JON403726', 'firstName': 'Isaiah', 'footballName': 'Zay', 'gsisId': '00-0033891', 'gsisItId': 44849, 'headshot': 'https://static.www.nfl.com/image/private/{formatInstructions}/league/nkixqtvictwfcuew1goo', 'jerseyNumber': 12, 'lastName': 'Jones', 'ngsPosition': 'WR', 'ngsPositionGroup': 'WR', 'position': 'WR', 'positionGroup': 'WR', 'shortName': 'Z.Jones', 'smartId': '32004a4f-4e40-3726-920b-837ea00d253e', 'status': 'ACT', 'uniformNumber': '12'}",Zay Jones,WR,2520,2019,zay jones,OAK,3/30/1995,"30,810.65"
5.86925,4.183096278,12.5788764,3.209023802,4.874655172,0.691558895,65.16853933,23.8589163,7,58,89,860,"{'season': 2019, 'currentTeamId': '2310', 'displayName': 'Tyreek Hill', 'esbId': 'HIL628694', 'firstName': 'Tyreek', 'footballName': 'Tyreek', 'gsisId': '00-0033040', 'gsisItId': 43454, 'headshot': 'https://static.www.nfl.com/image/private/{formatInstructions}/league/daheq1ssy3lui6kxtudq', 'jerseyNumber': 10, 'lastName': 'Hill', 'ngsPosition': 'WR', 'ngsPositionGroup': 'WR', 'position': 'WR', 'positionGroup': 'WR', 'shortName': 'T.Hill', 'smartId': '32004849-4c62-8694-8490-45499711dee4', 'status': 'ACT', 'uniformNumber': '10'}",Tyreek Hill,WR,2310,2019,tyreek hill,KC,3/1/1994,13548.70984
5.856774194,4.620417708,4.8425,3.658182544,8.378,3.757582292,79.54545455,5.621410273,3,35,44,439,"{'season': 2019, 'currentTeamId': '2100', 'displayName': 'Jonnu Smith', 'esbId': 'SMI443054', 'firstName': 'Jonnu', 'footballName': 'Jonnu', 'gsisId': '00-0033858', 'gsisItId': 44912, 'headshot': 'https://static.www.nfl.com/image/private/{formatInstructions}/league/tbtde5cbjhhi9vsfvoz6', 'jerseyNumber': 81, 'lastName': 'Smith', 'ngsPosition': 'TE', 'ngsPositionGroup': 'TE', 'position': 'TE', 'positionGroup': 'TE', 'shortName': 'J.Smith', 'smartId': '3200534d-4944-3054-540c-5ec35eb5903e', 'status': 'ACT', 'uniformNumber': '81'}",Jonnu Smith,TE,2100,2019,jonnu smith,TEN,8/22/1995,14043.33279
5.843478261,3.404868052,7.062297297,3.189910533,3.500612245,0.095744193,66.21621622,9.732827271,1,49,74,446,"{'season': 2019, 'currentTeamId': '0200', 'displayName': 'Russell Gage', 'esbId': 'GAG130654', 'firstName': 'Russell', 'footballName': 'Russell', 'gsisId': '00-0034411', 'gsisItId': 46263, 'headshot': 'https://static.www.nfl.com/image/private/{formatInstructions}/league/rb1fovzilcbbmdqx8ad0', 'jerseyNumber': 83, 'lastName': 'Gage', 'ngsPosition': 'SLOT_WR', 'ngsPositionGroup': 'WR', 'position': 'WR', 'positionGroup': 'WR', 'shortName': 'R.Gage', 'smartId': '32004741-4713-0654-eda3-03cdf234354d', 'status': 'ACT', 'uniformNumber': '83'}",Russell Gage,WR,200,2019,russell gage,ATL,1/22/1996,13627.09298
5.8376,5.553497313,7.95559322,2.322400105,6.37125,0.817752687,54.23728814,8.695104488,2,32,59,367,"{'season': 2019, 'currentTeamId': '1540', 'displayName': 'T.J. Hockenson', 'esbId': 'HOC422041', 'firstName': 'T.J.', 'footballName': 'T.J.', 'gsisId': '00-0035229', 'gsisItId': 47791, 'headshot': 'https://static.www.nfl.com/image/private/{formatInstructions}/league/zodb4z1lbkw6hkxpvpgq', 'jerseyNumber': 88, 'lastName': 'Hockenson', 'position': 'TE', 'positionGroup': 'TE', 'shortName': 'T.Hockenson', 'smartId': '3200484f-4342-2041-c442-6c874885b155', 'status': 'RES', 'ngsPosition': 'TE', 'ngsPositionGroup': 'TE'}",T.J. Hockenson,TE,1540,2019,tj hockenson,DET,7/3/1997,13055.6118
5.832280702,4.493103598,9.905172414,2.47961691,5.134722222,0.641618624,62.06896552,14.32321857,1,36,58,433,"{'season': 2019, 'currentTeamId': '3430', 'displayName': 'Demaryius Thomas', 'esbId': 'THO095855', 'firstName': 'Demaryius', 'footballName': 'Demaryius', 'gsisId': '00-0027874', 'gsisItId': 35461, 'headshot': 'https://static.www.nfl.com/image/private/{formatInstructions}/league/p1yjsqtqimjd6iazu3h9', 'jerseyNumber': 18, 'lastName': 'Thomas', 'position': 'WR', 'positionGroup': 'WR', 'shortName': 'D.Thomas', 'smartId': '32005448-4f09-5855-cc31-142ac25a7d75', 'status': 'INA', 'uniformNumber': '18', 'ngsPosition': 'WR', 'ngsPositionGroup': 'WR'}",Demaryius Thomas,WR,3430,2019,demaryius thomas,NYJ,12/25/1987,6786.4375
5.82019802,2.960100643,14.51361905,2.565260402,2.925,-0.035100643,51.42857143,30.58135335,6,54,105,627,"{'season': 2019, 'currentTeamId': '0750', 'displayName': 'Curtis Samuel', 'esbId': 'SAM633285', 'firstName': 'Curtis', 'footballName': 'Curtis', 'gsisId': '00-0033282', 'gsisItId': 44852, 'headshot': 'https://static.www.nfl.com/image/private/{formatInstructions}/league/i86hox9nhzunhykpexpg', 'jerseyNumber': 10, 'lastName': 'Samuel', 'ngsPosition': 'WR', 'ngsPositionGroup': 'WR', 'position': 'WR', 'positionGroup': 'WR', 'shortName': 'C.Samuel', 'smartId': '32005341-4d63-3285-ce5d-61e91947654e', 'status': 'ACT', 'uniformNumber': '10'}",Curtis Samuel,WR,750,2019,curtis samuel,CAR,8/11/1996,15103.22834
5.800125,2.909482766,11.713375,2.270224913,3.9675,1.058017234,50,19.66733829,1,40,80,575,"{'season': 2019, 'currentTeamId': '0920', 'displayName': 'Auden Tate', 'esbId': 'TAT130154', 'firstName': 'Auden', 'footballName': 'Auden', 'gsisId': '00-0034686', 'gsisItId': 46322, 'headshot': 'https://static.www.nfl.com/image/private/{formatInstructions}/league/nvz4pe1zjboldjf5kial', 'jerseyNumber': 19, 'lastName': 'Tate', 'position': 'WR', 'positionGroup': 'WR', 'shortName': 'A.Tate', 'smartId': '32005441-5413-0154-6d9d-5c163b90a894', 'status': 'RES', 'ngsPosition': 'WR', 'ngsPositionGroup': 'WR'}",Auden Tate,WR,920,2019,auden tate,CIN,2/3/1997,15572.18963
5.787575758,3.968177355,10.36831461,2.619313143,3.918431373,-0.049745983,57.30337079,17.33414984,5,51,89,570,"{'season': 2019, 'currentTeamId': '2700', 'displayName': 'Mike Gesicki', 'esbId': 'GES490798', 'firstName': 'Michael', 'footballName': 'Mike', 'gsisId': '00-0034829', 'gsisItId': 46111, 'headshot': 'https://static.www.nfl.com/image/private/{formatInstructions}/league/faruxkrb5psvgxbzab4j', 'jerseyNumber': 88, 'lastName': 'Gesicki', 'ngsPosition': 'TE', 'ngsPositionGroup': 'TE', 'position': 'TE', 'positionGroup': 'TE', 'shortName': 'M.Gesicki', 'smartId': '32004745-5349-0798-d83d-d46852aa6fbb', 'status': 'ACT', 'uniformNumber': '88'}",Mike Gesicki,TE,2700,2019,mike gesicki,MIA,10/3/1995,17539.3791
5.786727273,5.557815789,14.93875,2.94261503,7.445714286,1.887898497,50,17.55803215,3,28,56,506,"{'season': 2019, 'currentTeamId': '0920', 'displayName': 'John Ross', 'esbId': 'ROS616450', 'firstName': 'John', 'footballName': 'John', 'gsisId': '00-0033460', 'gsisItId': 44821, 'headshot': 'https://static.www.nfl.com/image/private/{formatInstructions}/league/lpfapcl7jtzho3ziwtcq', 'jerseyNumber': 11, 'lastName': 'Ross', 'ngsPosition': 'WR', 'ngsPositionGroup': 'WR', 'position': 'WR', 'positionGroup': 'WR', 'shortName': 'J.Ross III', 'smartId': '3200524f-5361-6450-1052-04968bded2fc', 'status': 'ACT', 'uniformNumber': '11'}",John Ross,WR,920,2019,john ross,CIN,11/27/1995,15572.18963
5.778484848,5.170535641,7.193454545,3.387950714,7.066944444,1.896408804,65.45454545,8.707901027,2,36,55,418,"{'season': 2019, 'currentTeamId': '2120', 'displayName': 'Jordan Akins', 'esbId': 'AKI501776', 'firstName': 'Jordan', 'footballName': 'Jordan', 'gsisId': '00-0034364', 'gsisItId': 46167, 'headshot': 'https://static.www.nfl.com/image/private/{formatInstructions}/league/eddkhw9lpz2lslot4aoj', 'jerseyNumber': 88, 'lastName': 'Akins', 'position': 'TE', 'positionGroup': 'TE', 'shortName': 'J.Akins', 'smartId': '3200414b-4950-1776-ed8f-713681e78d61', 'status': 'INA', 'uniformNumber': '88', 'ngsPosition': 'TE', 'ngsPositionGroup': 'TE'}",Jordan Akins,TE,2120,2019,jordan akins,HOU,4/19/1992,14809.98987
5.771447368,7.090478542,7.828888889,3.179719618,8.518245614,1.427767072,70.37037037,20.82698371,3,57,81,802,"{'season': 2019, 'currentTeamId': '4500', 'displayName': 'Deebo Samuel', 'esbId': 'SAM636097', 'firstName': 'Tyshun', 'footballName': 'Deebo', 'gsisId': '00-0035719', 'gsisItId': 47819, 'headshot': 'https://static.www.nfl.com/image/private/{formatInstructions}/league/lo27cc8jxyof165cquiw', 'jerseyNumber': 19, 'lastName': 'Samuel', 'ngsPosition': 'WR', 'ngsPositionGroup': 'WR', 'position': 'WR', 'positionGroup': 'WR', 'shortName': 'D.Samuel', 'smartId': '32005341-4d63-6097-eab1-34810e00be67', 'status': 'ACT', 'uniformNumber': '19'}",Deebo Samuel,WR,4500,2019,deebo samuel sr,SF,1/15/1996,28523.45548
5.768444444,4.381942615,9.376346154,3.197176865,5.438064516,1.056121901,59.61538462,12.38468025,3,31,52,375,"{'season': 2019, 'currentTeamId': '2200', 'displayName': 'Eric Ebron', 'esbId': 'EBR474619', 'firstName': 'Eric', 'footballName': 'Eric', 'gsisId': '00-0031387', 'gsisItId': 41236, 'headshot': 'https://static.www.nfl.com/image/private/{formatInstructions}/league/gxxogysbupsery4gckld', 'jerseyNumber': 85, 'lastName': 'Ebron', 'position': 'TE', 'positionGroup': 'TE', 'shortName': 'E.Ebron', 'smartId': '32004542-5247-4619-e13a-2be177a1a622', 'status': 'RES', 'suffix': 'Jr.', 'ngsPosition': 'SLOT_WR', 'ngsPositionGroup': 'TE'}",Eric Ebron,TE,2200,2019,eric ebron,IND,4/10/1993,11926.73936
5.742658228,3.370057092,9.525764706,2.169495335,6.098571429,2.728514337,57.64705882,16.59493271,6,49,85,670,"{'season': 2019, 'currentTeamId': '3410', 'displayName': 'Golden Tate', 'esbId': 'TAT245022', 'firstName': 'Golden', 'footballName': 'Golden', 'gsisId': '00-0027891', 'gsisItId': 35499, 'headshot': 'https://static.www.nfl.com/image/private/{formatInstructions}/league/ou4hq9jwx5iqbvp1u62j', 'jerseyNumber': 15, 'lastName': 'Tate', 'ngsPosition': 'SLOT_WR', 'ngsPositionGroup': 'WR', 'position': 'WR', 'positionGroup': 'WR', 'shortName': 'G.Tate', 'smartId': '32005441-5424-5022-18f3-b9b5433de8e5', 'status': 'ACT', 'suffix': 'III', 'uniformNumber': '15'}",Golden Tate,WR,3410,2019,golden tate,NYG,8/2/1988,8054.165942
5.736888889,3.878387518,9.713913043,3.163584991,4.9153125,1.036924982,69.56521739,11.83769922,1,32,46,359,"{'season': 2019, 'currentTeamId': '3800', 'displayName': 'Damiere Byrd', 'esbId': 'BYR127180', 'firstName': 'Damiere', 'footballName': 'Damiere', 'gsisId': '00-0031868', 'gsisItId': 42899, 'headshot': 'https://static.www.nfl.com/image/private/{formatInstructions}/league/sjanlnrsiibsloqhusfr', 'jerseyNumber': 14, 'lastName': 'Byrd', 'ngsPosition': 'WR', 'ngsPositionGroup': 'WR', 'position': 'WR', 'positionGroup': 'WR', 'shortName': 'D.Byrd', 'smartId': '32004259-5212-7180-f659-822413a5f5b7', 'status': 'ACT', 'uniformNumber': '14'}",Damiere Byrd,WR,3800,2019,damiere byrd,ARI,1/27/1993,21850.53193
5.731805556,5.30955298,11.54666667,2.824932574,5.864634146,0.555081167,56.94444444,21.11722989,5,41,72,607,"{'season': 2019, 'currentTeamId': '2200', 'displayName': 'Zach Pascal', 'esbId': 'PAS035497', 'firstName': 'Zachary', 'footballName': 'Zach', 'gsisId': '00-0033251', 'gsisItId': 45102, 'headshot': 'https://static.www.nfl.com/image/private/{formatInstructions}/league/ygh7tavdzx0h2ys4srxz', 'jerseyNumber': 14, 'lastName': 'Pascal', 'ngsPosition': 'WR', 'ngsPositionGroup': 'WR', 'position': 'WR', 'positionGroup': 'WR', 'shortName': 'Z.Pascal', 'smartId': '32005041-5303-5497-62e8-1fb281a506b7', 'status': 'ACT', 'uniformNumber': '14'}",Zach Pascal,WR,2200,2019,zach pascal,IND,12/18/1994,11926.73936
5.717236842,4.548126994,10.33858824,3.118524861,4.438461538,-0.109665455,61.17647059,19.77951239,2,52,85,656,"{'season': 2019, 'currentTeamId': '0810', 'displayName': 'Anthony Miller', 'esbId': 'MIL140090', 'firstName': 'Anthony', 'footballName': 'Anthony', 'gsisId': '00-0034353', 'gsisItId': 46120, 'headshot': 'https://static.www.nfl.com/image/private/{formatInstructions}/league/bd1p24ouboy5l6aqelbc', 'jerseyNumber': 17, 'lastName': 'Miller', 'ngsPosition': 'SLOT_WR', 'ngsPositionGroup': 'WR', 'position': 'WR', 'positionGroup': 'WR', 'shortName': 'A.Miller', 'smartId': '32004d49-4c14-0090-2d8a-386614adf145', 'status': 'ACT', 'uniformNumber': '17'}",Anthony Miller,WR,810,2019,anthony miller,CHI,10/9/1994,12475.30377
5.7105,3.177619678,9.937951807,3.129946215,3.318947368,0.141327691,68.6746988,16.90564321,3,57,83,576,"{'season': 2019, 'currentTeamId': '3410', 'displayName': 'Sterling Shepard', 'esbId': 'SHE495754', 'firstName': 'Sterling', 'footballName': 'Sterling', 'gsisId': '00-0032385', 'gsisItId': 43329, 'headshot': 'https://static.www.nfl.com/image/private/{formatInstructions}/league/clyfhd10ta2iqitjn62q', 'jerseyNumber': 87, 'lastName': 'Shepard', 'ngsPosition': 'WR', 'ngsPositionGroup': 'WR', 'position': 'WR', 'positionGroup': 'WR', 'shortName': 'S.Shepard', 'smartId': '32005348-4549-5754-5697-2a8312edc489', 'status': 'ACT', 'uniformNumber': '87'}",Sterling Shepard,WR,3410,2019,sterling shepard,NYG,2/10/1993,8054.165942
5.695535714,3.895221711,16.62553571,2.550962272,5.893076923,1.997855212,46.42857143,19.2681246,2,26,56,452,"{'season': 2019, 'currentTeamId': '1800', 'displayName': 'Marquez Valdes-Scantling', 'esbId': 'VAL142116', 'firstName': 'Marquez', 'footballName': 'Marquez', 'gsisId': '00-0034272', 'gsisItId': 46243, 'headshot': 'https://static.www.nfl.com/image/private/{formatInstructions}/league/kiu5rjfc7aaxaa86t0px', 'jerseyNumber': 83, 'lastName': 'Valdes-Scantling', 'ngsPosition': 'WR', 'ngsPositionGroup': 'WR', 'position': 'WR', 'positionGroup': 'WR', 'shortName': 'M.Valdes-Scantling', 'smartId': '32005641-4c14-2116-e6d9-84cbe2bdacf5', 'status': 'ACT', 'uniformNumber': '83'}",Marquez Valdes-Scantling,WR,1800,2019,marquez valdes-scantling,GB,10/10/1994,16682.30513
5.695411765,4.160746929,6.815979381,3.538407925,4.548133333,0.387386405,77.31958763,12.31292694,6,75,97,787,"{'season': 2019, 'currentTeamId': '0200', 'displayName': 'Austin Hooper', 'esbId': 'HOO570770', 'firstName': 'Austin', 'footballName': 'Austin', 'gsisId': '00-0032392', 'gsisItId': 43370, 'headshot': 'https://static.www.nfl.com/image/private/{formatInstructions}/league/lxmdogfbmblqzdzoprhx', 'jerseyNumber': 81, 'lastName': 'Hooper', 'ngsPosition': 'TE', 'ngsPositionGroup': 'TE', 'position': 'TE', 'positionGroup': 'TE', 'shortName': 'A.Hooper', 'smartId': '3200484f-4f57-0770-bd7c-1cf59d6025ab', 'status': 'ACT', 'uniformNumber': '81'}",Austin Hooper,TE,200,2019,austin hooper,ATL,10/29/1994,13627.09298
5.683943662,3.866232032,9.175882353,2.835081643,3.5497,-0.316532032,65.35947712,31.78366704,6,100,153,1117,"{'season': 2019, 'currentTeamId': '3200', 'displayName': 'Julian Edelman', 'esbId': 'EDE425791', 'firstName': 'Julian', 'footballName': 'Julian', 'gsisId': '00-0027150', 'gsisItId': 34683, 'headshot': 'https://static.www.nfl.com/image/private/{formatInstructions}/league/u0hbuo2bsvtlg7lnxm43', 'jerseyNumber': 11, 'lastName': 'Edelman', 'ngsPosition': 'SLOT_WR', 'ngsPositionGroup': 'WR', 'position': 'WR', 'positionGroup': 'WR', 'shortName': 'J.Edelman', 'smartId': '32004544-4542-5791-52f0-bc67f5a8aae9', 'status': 'ACT', 'uniformNumber': '11'}",Julian Edelman,WR,3200,2019,julian edelman,NE,5/22/1986,10121.62254
5.678473282,3.877212659,9.802681159,2.587291263,5.538072289,1.66085963,60.14492754,29.60809119,6,83,138,1174,"{'season': 2019, 'currentTeamId': '1050', 'displayName': 'Jarvis Landry', 'esbId': 'LAN163029', 'firstName': 'Jarvis', 'footballName': 'Jarvis', 'gsisId': '00-0031382', 'gsisItId': 41292, 'headshot': 'https://static.www.nfl.com/image/private/{formatInstructions}/league/q69hmki4eshmfhyh6xzv', 'jerseyNumber': 80, 'lastName': 'Landry', 'ngsPosition': 'SLOT_WR', 'ngsPositionGroup': 'WR', 'position': 'WR', 'positionGroup': 'WR', 'shortName': 'J.Landry', 'smartId': '32004c41-4e16-3029-78da-4985470f8aab', 'status': 'ACT', 'uniformNumber': '80'}",Jarvis Landry,WR,1050,2019,jarvis landry,CLE,11/28/1992,13418.22246
5.675098039,3.510348879,8.126363636,3.264178571,3.658823529,0.14847465,61.81818182,9.249850475,2,34,55,287,"{'season': 2019, 'currentTeamId': '1800', 'displayName': 'Geronimo Allison', 'esbId': 'ALL713965', 'firstName': 'Geronimo', 'footballName': 'Geronimo', 'gsisId': '00-0032626', 'gsisItId': 43746, 'headshot': 'https://static.www.nfl.com/image/private/{formatInstructions}/league/e69fw9fgf6fngwjnfxhn', 'jerseyNumber': 81, 'lastName': 'Allison', 'ngsPosition': 'SLOT_WR', 'ngsPositionGroup': 'WR', 'position': 'WR', 'positionGroup': 'WR', 'shortName': 'G.Allison', 'smartId': '3200414c-4c71-3965-6283-5b398ba32110', 'status': 'ACT', 'uniformNumber': '81'}",Geronimo Allison,WR,1800,2019,geronimo allison,GB,1/18/1994,16682.30513
5.671481481,2.831400396,6.527710843,3.270660897,2.812222222,-0.019178174,75.90361446,9.916266301,4,63,83,529,"{'season': 2019, 'currentTeamId': '1200', 'displayName': 'Jason Witten', 'esbId': 'WIT559021', 'firstName': 'Christopher', 'footballName': 'Jason', 'gsisId': '00-0022127', 'gsisItId': 28103, 'headshot': 'https://static.www.nfl.com/image/private/{formatInstructions}/league/sgdcd0b8qhxmcssehvs1', 'jerseyNumber': 82, 'lastName': 'Witten', 'ngsPosition': 'TE', 'ngsPositionGroup': 'TE', 'position': 'TE', 'positionGroup': 'TE', 'shortName': 'J.Witten', 'smartId': '32005749-5455-9021-9f23-668d83c1b782', 'status': 'ACT', 'uniformNumber': '82'}",Jason Witten,TE,1200,2019,jason witten,DAL,5/6/1982,18251.1564
5.64625,4.621299253,7.08625,3.36194834,5.167179487,0.545880235,81.25,9.662080015,6,39,48,367,"{'season': 2019, 'currentTeamId': '3000', 'displayName': 'Kyle Rudolph', 'esbId': 'RUD559717', 'firstName': 'Kyle', 'footballName': 'Kyle', 'gsisId': '00-0027981', 'gsisItId': 37118, 'headshot': 'https://static.www.nfl.com/image/private/{formatInstructions}/league/mghugoiw9q76t8dwqhz1', 'jerseyNumber': 82, 'lastName': 'Rudolph', 'ngsPosition': 'TE', 'ngsPositionGroup': 'TE', 'position': 'TE', 'positionGroup': 'TE', 'shortName': 'K.Rudolph', 'smartId': '32005255-4455-9717-7e48-fda7c76802aa', 'status': 'ACT', 'uniformNumber': '82'}",Kyle Rudolph,TE,3000,2019,kyle rudolph,MIN,11/9/1989,17987.18723
5.644428571,5.189669199,5.807325581,3.043334303,6.227241379,1.03757218,67.44186047,10.24253288,5,58,86,607,"{'season': 2019, 'currentTeamId': '3700', 'displayName': 'Dallas Goedert', 'esbId': 'GOE595520', 'firstName': 'Dallas', 'footballName': 'Dallas', 'gsisId': '00-0034351', 'gsisItId': 46118, 'headshot': 'https://static.www.nfl.com/image/private/{formatInstructions}/league/bekz0emretqdor3engkr', 'jerseyNumber': 88, 'lastName': 'Goedert', 'ngsPosition': 'TE', 'ngsPositionGroup': 'TE', 'position': 'TE', 'positionGroup': 'TE', 'shortName': 'D.Goedert', 'smartId': '3200474f-4559-5520-b7af-5e002aedafbb', 'status': 'ACT', 'uniformNumber': '88'}",Dallas Goedert,TE,3700,2019,dallas goedert,PHI,1/3/1995,10341.24902
5.639669421,4.292667898,10.00181102,3.195246002,4.973012048,0.680344151,65.35433071,26.28803573,5,83,127,997,"{'season': 2019, 'currentTeamId': '1800', 'displayName': 'Davante Adams', 'esbId': 'ADA218591', 'firstName': 'Davante', 'footballName': 'Davante', 'gsisId': '00-0031381', 'gsisItId': 41282, 'headshot': 'https://static.www.nfl.com/image/private/{formatInstructions}/league/ajawfxrv5pr1eehdguw0', 'jerseyNumber': 17, 'lastName': 'Adams', 'ngsPosition': 'WR', 'ngsPositionGroup': 'WR', 'position': 'WR', 'positionGroup': 'WR', 'shortName': 'D.Adams', 'smartId': '32004144-4121-8591-4d26-4c0ac739af41', 'status': 'ACT', 'uniformNumber': '17'}",Davante Adams,WR,1800,2019,davante adams,GB,12/24/1992,16682.30513
5.615,6.237965058,9.219666667,3.893748261,6.818684211,0.580719153,63.33333333,11.44833267,3,38,60,447,"{'season': 2019, 'currentTeamId': '1800', 'displayName': 'Jimmy Graham', 'esbId': 'GRA207087', 'firstName': 'Jimmy', 'footballName': 'Jimmy', 'gsisId': '00-0027696', 'gsisItId': 35534, 'headshot': 'https://static.www.nfl.com/image/private/{formatInstructions}/league/k9ab1aej2g0xs0q83nio', 'jerseyNumber': 80, 'lastName': 'Graham', 'ngsPosition': 'SLOT_WR', 'ngsPositionGroup': 'TE', 'position': 'TE', 'positionGroup': 'TE', 'shortName': 'J.Graham', 'smartId': '32004752-4120-7087-8983-64184106d580', 'status': 'ACT', 'uniformNumber': '80'}",Jimmy Graham,TE,1800,2019,jimmy graham,GB,11/24/1986,16682.30513
5.573539823,3.832156521,12.60469027,2.218435904,5.365909091,1.53375257,58.40707965,26.06872569,6,66,113,1107,"{'season': 2019, 'currentTeamId': '1200', 'displayName': 'Michael Gallup', 'esbId': 'GAL779981', 'firstName': 'Michael', 'footballName': 'Michael', 'gsisId': '00-0034764', 'gsisItId': 46150, 'headshot': 'https://static.www.nfl.com/image/private/{formatInstructions}/league/ncxer9zjw2czcahas1ey', 'jerseyNumber': 13, 'lastName': 'Gallup', 'ngsPosition': 'WR', 'ngsPositionGroup': 'WR', 'position': 'WR', 'positionGroup': 'WR', 'shortName': 'M.Gallup', 'smartId': '32004741-4c77-9981-95e1-30b1c57c6002', 'status': 'ACT', 'uniformNumber': '13'}",Michael Gallup,WR,1200,2019,michael gallup,DAL,3/4/1996,18251.1564
5.55704698,2.835991569,12.28585987,2.163866476,3.673737374,0.837745805,63.05732484,35.92249644,6,99,157,1394,"{'season': 2019, 'currentTeamId': '0200', 'displayName': 'Julio Jones', 'esbId': 'JON640315', 'firstName': 'Quintorris', 'footballName': 'Julio', 'gsisId': '00-0027944', 'gsisItId': 37079, 'headshot': 'https://static.www.nfl.com/image/private/{formatInstructions}/league/qs9ucm0ucvjjkbumufh8', 'jerseyNumber': 11, 'lastName': 'Jones', 'ngsPosition': 'WR', 'ngsPositionGroup': 'WR', 'position': 'WR', 'positionGroup': 'WR', 'shortName': 'J.Jones', 'smartId': '32004a4f-4e64-0315-6848-b53a911b9cd3', 'status': 'ACT', 'uniformNumber': '11'}",Julio Jones,WR,200,2019,julio jones,ATL,2/8/1989,13627.09298
5.538142857,4.659799978,14.03507042,2.97122408,4.849591837,0.189791859,69.01408451,21.93240394,3,49,71,670,"{'season': 2019, 'currentTeamId': '2120', 'displayName': 'Will Fuller', 'esbId': 'FUL503598', 'firstName': 'William', 'footballName': 'Will', 'gsisId': '00-0033127', 'gsisItId': 43310, 'headshot': 'https://static.www.nfl.com/image/private/{formatInstructions}/league/y0y6lyylu0iq0fmqb2i0', 'jerseyNumber': 15, 'lastName': 'Fuller', 'ngsPosition': 'WR', 'ngsPositionGroup': 'WR', 'position': 'WR', 'positionGroup': 'WR', 'shortName': 'W.Fuller', 'smartId': '32004655-4c50-3598-6762-28495ce40669', 'status': 'ACT', 'suffix': 'V', 'uniformNumber': '15'}",Will Fuller,WR,2120,2019,will fuller,HOU,4/16/1994,14809.98987
5.525365854,2.604988075,8.539782609,3.009347814,4.741612903,2.136624828,67.39130435,10.71792031,5,31,46,339,"{'season': 2019, 'currentTeamId': '0325', 'displayName': 'Willie Snead', 'esbId': 'SNE115447', 'firstName': 'Willie', 'footballName': 'Willie', 'gsisId': '00-0030663', 'gsisItId': 41500, 'headshot': 'https://static.www.nfl.com/image/private/{formatInstructions}/league/xg1dlgeps42vv2gx8qkt', 'jerseyNumber': 83, 'lastName': 'Snead', 'ngsPosition': 'SLOT_WR', 'ngsPositionGroup': 'WR', 'position': 'WR', 'positionGroup': 'WR', 'shortName': 'W.Snead IV', 'smartId': '3200534e-4511-5447-652c-c9261bcca6a7', 'status': 'ACT', 'suffix': 'IV', 'uniformNumber': '83'}",Willie Snead,WR,325,2019,willie snead,BAL,10/17/1992,15488.31238
5.51484375,3.751833564,13.25729323,2.583158398,4.594054054,0.84222049,55.63909774,38.59161465,4,74,133,1035,"{'season': 2019, 'currentTeamId': '1050', 'displayName': 'Odell Beckham', 'esbId': 'BEC573252', 'firstName': 'Odell', 'footballName': 'Odell', 'gsisId': '00-0031235', 'gsisItId': 41238, 'headshot': 'https://static.www.nfl.com/image/private/{formatInstructions}/league/yzjnhcodduxtsqobvmpe', 'jerseyNumber': 13, 'lastName': 'Beckham', 'ngsPosition': 'WR', 'ngsPositionGroup': 'WR', 'position': 'WR', 'positionGroup': 'WR', 'shortName': 'O.Beckham Jr.', 'smartId': '32004245-4357-3252-264b-1da3e93d2745', 'status': 'ACT', 'suffix': 'Jr.', 'uniformNumber': '13'}",Odell Beckham,WR,1050,2019,odell beckham,CLE,11/5/1992,13418.22246
5.512325581,3.841708671,7.198723404,2.913437429,3.466486486,-0.375222184,78.72340426,8.926399548,2,37,47,374,"{'season': 2019, 'currentTeamId': '2100', 'displayName': 'Adam Humphries', 'esbId': 'HUM721507', 'firstName': 'Adam', 'footballName': 'Adam', 'gsisId': '00-0032009', 'gsisItId': 43010, 'headshot': 'https://static.www.nfl.com/image/private/{formatInstructions}/league/k0vkjiqxo1qntcqye1p3', 'jerseyNumber': 10, 'lastName': 'Humphries', 'ngsPosition': 'SLOT_WR', 'ngsPositionGroup': 'WR', 'position': 'WR', 'positionGroup': 'WR', 'shortName': 'A.Humphries', 'smartId': '32004855-4d72-1507-4b02-e4f7666b5805', 'status': 'ACT', 'uniformNumber': '10'}",Adam Humphries,WR,2100,2019,adam humphries,TEN,6/24/1993,14043.33279
5.490350877,3.397810685,10.22842105,2.585142808,3.308363636,-0.089447049,72.36842105,15.7768478,5,55,76,652,"{'season': 2019, 'currentTeamId': '4400', 'displayName': 'Hunter Henry', 'esbId': 'HEN617052', 'firstName': 'Hunter', 'footballName': 'Hunter', 'gsisId': '00-0033090', 'gsisItId': 43324, 'headshot': 'https://static.www.nfl.com/image/private/{formatInstructions}/league/qtvftqcocs3z3pdghtrm', 'jerseyNumber': 86, 'lastName': 'Henry', 'ngsPosition': 'TE', 'ngsPositionGroup': 'TE', 'position': 'TE', 'positionGroup': 'TE', 'shortName': 'H.Henry', 'smartId': '32004845-4e61-7052-805d-daad1175a3b2', 'status': 'ACT', 'uniformNumber': '86'}",Hunter Henry,TE,4400,2019,hunter henry,LAC,12/7/1994,24880.73956
5.487,6.218431623,7.843181818,2.71618084,8.4905,2.272068377,60.60606061,15.18271168,3,40,66,562,"{'season': 2019, 'currentTeamId': '1400', 'displayName': 'Noah Fant', 'esbId': 'FAN405165', 'firstName': 'Noah', 'footballName': 'Noah', 'gsisId': '00-0035644', 'gsisItId': 47824, 'headshot': 'https://static.www.nfl.com/image/private/{formatInstructions}/league/fe7fi7oi3jxthvf7siyf', 'jerseyNumber': 87, 'lastName': 'Fant', 'ngsPosition': 'TE', 'ngsPositionGroup': 'TE', 'position': 'TE', 'positionGroup': 'TE', 'shortName': 'N.Fant', 'smartId': '32004641-4e40-5165-5070-db7e36dbc0d7', 'status': 'ACT', 'uniformNumber': '87'}",Noah Fant,TE,1400,2019,noah fant,DEN,11/20/1997,13782.74332
5.473178295,3.770422164,9.160878378,2.642543886,4.157888889,0.387466725,60.81081081,28.45590396,5,90,148,1046,"{'season': 2019, 'currentTeamId': '0920', 'displayName': 'Tyler Boyd', 'esbId': 'BOY378353', 'firstName': 'Tyler', 'footballName': 'Tyler', 'gsisId': '00-0033009', 'gsisItId': 43344, 'headshot': 'https://static.www.nfl.com/image/private/{formatInstructions}/league/qr6agqmp7waq9oqmogjb', 'jerseyNumber': 83, 'lastName': 'Boyd', 'ngsPosition': 'SLOT_WR', 'ngsPositionGroup': 'WR', 'position': 'WR', 'positionGroup': 'WR', 'shortName': 'T.Boyd', 'smartId': '3200424f-5937-8353-b941-dfa7122ba16b', 'status': 'ACT', 'uniformNumber': '83'}",Tyler Boyd,WR,920,2019,tyler boyd,CIN,11/15/1994,15572.18963
5.430212766,5.512180121,11.38021277,2.397657302,6.007037037,0.494856916,57.44680851,11.41367669,1,27,47,426,"{'season': 2019, 'currentTeamId': '4600', 'displayName': 'Josh Gordon', 'esbId': 'GOR190310', 'firstName': 'Josh', 'footballName': 'Josh', 'gsisId': '00-0029664', 'gsisItId': 39646, 'headshot': 'https://static.www.nfl.com/image/private/{formatInstructions}/league/atwcq5nczzb5k85fince', 'jerseyNumber': 10, 'lastName': 'Gordon', 'position': 'WR', 'positionGroup': 'WR', 'shortName': 'J.Gordon', 'smartId': '3200474f-5219-0310-af1f-30d8c9d32e21', 'status': 'SUS', 'ngsPosition': 'WR', 'ngsPositionGroup': 'WR'}",Josh Gordon,WR,4600,2019,josh gordon,SEA,4/13/1991,35553.16235
5.421111111,2.227854575,7.151636364,2.570152218,2.779444444,0.551589869,65.45454545,6.160665341,4,36,55,311,"{'season': 2019, 'currentTeamId': '4900', 'displayName': 'Cameron Brate', 'esbId': 'BRA663798', 'firstName': 'Cameron', 'footballName': 'Cameron', 'gsisId': '00-0031273', 'gsisItId': 42033, 'headshot': 'https://static.www.nfl.com/image/private/{formatInstructions}/league/og8g0lqdnbrwcbmjwbfu', 'jerseyNumber': 84, 'lastName': 'Brate', 'ngsPosition': 'TE', 'ngsPositionGroup': 'TE', 'position': 'TE', 'positionGroup': 'TE', 'shortName': 'C.Brate', 'smartId': '32004252-4166-3798-c2b3-ef206ba23ba8', 'status': 'ACT', 'uniformNumber': '84'}",Cameron Brate,TE,4900,2019,cameron brate,TB,7/3/1991,15718.19533
5.394745763,3.649277368,12.84865546,2.555398621,3.275063291,-0.374214077,66.38655462,27.98425989,8,79,119,1189,"{'season': 2019, 'currentTeamId': '1200', 'displayName': 'Amari Cooper', 'esbId': 'COO487703', 'firstName': 'Amari', 'footballName': 'Amari', 'gsisId': '00-0031544', 'gsisItId': 42347, 'headshot': 'https://static.www.nfl.com/image/private/{formatInstructions}/league/ekwyie7av318q4eaffiy', 'jerseyNumber': 19, 'lastName': 'Cooper', 'ngsPosition': 'WR', 'ngsPositionGroup': 'WR', 'position': 'WR', 'positionGroup': 'WR', 'shortName': 'A.Cooper', 'smartId': '3200434f-4f48-7703-16a5-c78426109031', 'status': 'ACT', 'uniformNumber': '19'}",Amari Cooper,WR,1200,2019,amari cooper,DAL,6/17/1994,18251.1564
5.390392157,5.346033977,7.117083333,3.531383293,5.391162791,0.045128813,59.72222222,13.01614476,4,43,72,448,"{'season': 2019, 'currentTeamId': '2200', 'displayName': 'Jack Doyle', 'esbId': 'DOY403968', 'firstName': 'John', 'footballName': 'Jack', 'gsisId': '00-0030181', 'gsisItId': 40641, 'headshot': 'https://static.www.nfl.com/image/private/{formatInstructions}/league/obbagomjnsgsyxrsolfb', 'jerseyNumber': 84, 'lastName': 'Doyle', 'ngsPosition': 'TE', 'ngsPositionGroup': 'TE', 'position': 'TE', 'positionGroup': 'TE', 'shortName': 'J.Doyle', 'smartId': '3200444f-5940-3968-7855-934761d8ebfe', 'status': 'ACT', 'uniformNumber': '84'}",Jack Doyle,TE,2200,2019,jack doyle,IND,5/5/1990,11926.73936
5.390367647,3.595639092,10.04677852,2.745371925,3.722211538,0.126572446,69.79865772,30.38163508,6,104,149,1199,"{'season': 2019, 'currentTeamId': '4400', 'displayName': 'Keenan Allen', 'esbId': 'ALL532966', 'firstName': 'Keenan', 'footballName': 'Keenan', 'gsisId': '00-0030279', 'gsisItId': 40024, 'headshot': 'https://static.www.nfl.com/image/private/{formatInstructions}/league/vwlmmfcjxsx82ahs0fpb', 'jerseyNumber': 13, 'lastName': 'Allen', 'ngsPosition': 'SLOT_WR', 'ngsPositionGroup': 'WR', 'position': 'WR', 'positionGroup': 'WR', 'shortName': 'K.Allen', 'smartId': '3200414c-4c53-2966-dfa9-55ae464e7b3d', 'status': 'ACT', 'uniformNumber': '13'}",Keenan Allen,WR,4400,2019,keenan allen,LAC,4/27/1992,24880.73956
5.39,3.811219479,9.310514706,3.077840743,4.494639175,0.683419696,71.32352941,26.9855613,5,97,136,1229,"{'season': 2019, 'currentTeamId': '2310', 'displayName': 'Travis Kelce', 'esbId': 'KEL012458', 'firstName': 'Travis', 'footballName': 'Travis', 'gsisId': '00-0030506', 'gsisItId': 40011, 'headshot': 'https://static.www.nfl.com/image/private/{formatInstructions}/league/n0gfqddteoputgezwl0k', 'jerseyNumber': 87, 'lastName': 'Kelce', 'ngsPosition': 'TE', 'ngsPositionGroup': 'TE', 'position': 'TE', 'positionGroup': 'TE', 'shortName': 'T.Kelce', 'smartId': '32004b45-4c01-2458-b7b6-3a14cdb414dd', 'status': 'ACT', 'uniformNumber': '87'}",Travis Kelce,TE,2310,2019,travis kelce,KC,10/5/1989,13548.70984
5.384,2.709388908,8.44031746,2.418961464,2.937906977,0.228518069,68.25396825,11.16022331,3,43,63,436,"{'season': 2019, 'currentTeamId': '0920', 'displayName': 'Tyler Eifert', 'esbId': 'EIF131143', 'firstName': 'Tyler', 'footballName': 'Tyler', 'gsisId': '00-0030549', 'gsisItId': 39967, 'headshot': 'https://static.www.nfl.com/image/private/{formatInstructions}/league/mtpnivcnfgtz8sbkkvax', 'jerseyNumber': 85, 'lastName': 'Eifert', 'ngsPosition': 'SLOT_WR', 'ngsPositionGroup': 'TE', 'position': 'TE', 'positionGroup': 'TE', 'shortName': 'T.Eifert', 'smartId': '32004549-4613-1143-bfd0-182bad3b5b94', 'status': 'ACT', 'uniformNumber': '85'}",Tyler Eifert,TE,920,2019,tyler eifert,CIN,9/8/1990,15572.18963
5.376315789,3.583268621,6.058510638,2.989143628,3.886944444,0.303675823,76.59574468,8.088661387,2,36,47,311,"{'season': 2019, 'currentTeamId': '3000', 'displayName': 'Irv Smith', 'esbId': 'SMI000018', 'firstName': 'Irvin', 'footballName': 'Irv', 'gsisId': '00-0034970', 'gsisItId': 47833, 'headshot': 'https://static.www.nfl.com/image/private/{formatInstructions}/league/cjlvftb8bdj5qoarcll2', 'jerseyNumber': 84, 'lastName': 'Smith', 'ngsPosition': 'TE', 'ngsPositionGroup': 'TE', 'position': 'TE', 'positionGroup': 'TE', 'shortName': 'I.Smith', 'smartId': '3200534d-4900-0018-f675-8c060d792d35', 'status': 'ACT', 'uniformNumber': '84'}",Irv Smith,TE,3000,2019,irv smith,MIN,8/9/1998,17987.18723
5.36606383,5.567095238,7.208376068,3.143290086,6.862444444,1.295349207,76.92307692,25.95846055,3,90,117,1145,"{'season': 2019, 'currentTeamId': '2520', 'displayName': 'Darren Waller', 'esbId': 'WAL509040', 'firstName': 'Darren', 'footballName': 'Darren', 'gsisId': '00-0031610', 'gsisItId': 42547, 'headshot': 'https://static.www.nfl.com/image/private/{formatInstructions}/league/avo1vfnndm2ickx907sj', 'jerseyNumber': 83, 'lastName': 'Waller', 'ngsPosition': 'TE', 'ngsPositionGroup': 'TE', 'position': 'TE', 'positionGroup': 'TE', 'shortName': 'D.Waller', 'smartId': '32005741-4c50-9040-67d6-042691fb535a', 'status': 'ACT', 'uniformNumber': '83'}",Darren Waller,TE,2520,2019,darren waller,OAK,9/13/1992,"30,810.65"
5.363703704,3.49591791,13.35909091,3.077793218,3.3753125,-0.12060541,58.18181818,15.65879908,4,32,55,449,"{'season': 2019, 'currentTeamId': '2310', 'displayName': 'Demarcus Robinson', 'esbId': 'ROB399065', 'firstName': 'Demarcus', 'footballName': 'Demarcus', 'gsisId': '00-0032775', 'gsisItId': 43415, 'headshot': 'https://static.www.nfl.com/image/private/{formatInstructions}/league/pvmfanhriut1pewvvpq4', 'jerseyNumber': 11, 'lastName': 'Robinson', 'ngsPosition': 'WR', 'ngsPositionGroup': 'WR', 'position': 'WR', 'positionGroup': 'WR', 'shortName': 'D.Robinson', 'smartId': '3200524f-4239-9065-1db8-5ff5da8a3829', 'status': 'ACT', 'uniformNumber': '11'}",Demarcus Robinson,WR,2310,2019,demarcus robinson,KC,9/21/1994,13548.70984
5.341710526,5.3331758,9.648111111,2.867584117,5.880769231,0.547593431,57.77777778,18.50562097,3,52,90,673,"{'season': 2019, 'currentTeamId': '2310', 'displayName': 'Sammy Watkins', 'esbId': 'WAT270480', 'firstName': 'Samuel', 'footballName': 'Sammy', 'gsisId': '00-0031325', 'gsisItId': 41230, 'headshot': 'https://static.www.nfl.com/image/private/{formatInstructions}/league/njpkvqr7lmjsc5hccdcr', 'jerseyNumber': 14, 'lastName': 'Watkins', 'ngsPosition': 'WR', 'ngsPositionGroup': 'WR', 'position': 'WR', 'positionGroup': 'WR', 'shortName': 'S.Watkins', 'smartId': '32005741-5427-0480-637c-854aaf86ba0e', 'status': 'ACT', 'suffix': 'IV', 'uniformNumber': '14'}",Sammy Watkins,WR,2310,2019,sammy watkins,KC,6/14/1993,13548.70984
5.341025641,4.017919094,15.27737288,2.424221524,4.310447761,0.292528667,56.77966102,28.23515592,8,67,118,1157,"{'season': 2019, 'currentTeamId': '4900', 'displayName': 'Mike Evans', 'esbId': 'EVA534309', 'firstName': 'Mike', 'footballName': 'Mike', 'gsisId': '00-0031408', 'gsisItId': 41233, 'headshot': 'https://static.www.nfl.com/image/private/{formatInstructions}/league/tof3xxtq6lajs03ctwpu', 'jerseyNumber': 13, 'lastName': 'Evans', 'position': 'WR', 'positionGroup': 'WR', 'shortName': 'M.Evans', 'smartId': '32004556-4153-4309-b2ed-6b8233f6fea5', 'status': 'RES', 'ngsPosition': 'WR', 'ngsPositionGroup': 'WR'}",Mike Evans,WR,4900,2019,mike evans,TB,8/21/1993,15718.19533
5.329038462,4.033852751,13.89314815,2.895081677,3.164482759,-0.869369993,53.7037037,16.98475011,5,29,54,397,"{'season': 2019, 'currentTeamId': '3200', 'displayName': 'Phillip Dorsett', 'esbId': 'DOR488199', 'firstName': 'Phillip', 'footballName': 'Phillip', 'gsisId': '00-0032208', 'gsisItId': 42372, 'headshot': 'https://static.www.nfl.com/image/private/{formatInstructions}/league/imisp1exzlw9m0yvy5rh', 'jerseyNumber': 13, 'lastName': 'Dorsett', 'ngsPosition': 'WR', 'ngsPositionGroup': 'WR', 'position': 'WR', 'positionGroup': 'WR', 'shortName': 'P.Dorsett II', 'smartId': '3200444f-5248-8199-3ca5-f2de722dd057', 'status': 'ACT', 'suffix': 'Jr.', 'uniformNumber': '13'}",Phillip Dorsett,WR,3200,2019,phillip dorsett,NE,1/5/1993,10121.62254
5.271041667,4.420150617,8.563269231,3.256236562,4.630357143,0.210206525,53.84615385,13.06038768,1,28,52,297,"{'season': 2019, 'currentTeamId': '1400', 'displayName': 'DaeSean Hamilton', 'esbId': 'HAM200565', 'firstName': 'DaeSean', 'footballName': 'DaeSean', 'gsisId': '00-0034370', 'gsisItId': 46182, 'headshot': 'https://static.www.nfl.com/image/private/{formatInstructions}/league/iz3vfnnc3rwi6mpdsvia', 'jerseyNumber': 17, 'lastName': 'Hamilton', 'ngsPosition': 'SLOT_WR', 'ngsPositionGroup': 'WR', 'position': 'WR', 'positionGroup': 'WR', 'shortName': 'D.Hamilton', 'smartId': '32004841-4d20-0565-a51e-2028f6290d41', 'status': 'ACT', 'uniformNumber': '17'}",DaeSean Hamilton,WR,1400,2019,daesean hamilton,DEN,3/10/1995,13782.74332
5.270877193,4.189462071,15.40327586,1.947506026,4.889076923,0.699614852,56.03448276,33.09949039,11,65,116,1190,"{'season': 2019, 'currentTeamId': '1540', 'displayName': 'Kenny Golladay', 'esbId': 'GOL573546', 'firstName': 'Kenneth', 'footballName': 'Kenny', 'gsisId': '00-0033932', 'gsisItId': 44908, 'headshot': 'https://static.www.nfl.com/image/private/{formatInstructions}/league/okf4aktpg4odbuhvtwtn', 'jerseyNumber': 19, 'lastName': 'Golladay', 'ngsPosition': 'WR', 'ngsPositionGroup': 'WR', 'position': 'WR', 'positionGroup': 'WR', 'shortName': 'K.Golladay', 'smartId': '3200474f-4c57-3546-c21d-b780be32aca0', 'status': 'ACT', 'uniformNumber': '19'}",Kenny Golladay,WR,1540,2019,kenny golladay,DET,11/3/1993,13055.6118
5.25625,3.976858448,11.14214815,2.640551015,4.783103448,0.806245001,64.44444444,30.18522235,4,87,135,1175,"{'season': 2019, 'currentTeamId': '0750', 'displayName': 'D.J. Moore', 'esbId': 'MOO272423', 'firstName': 'Denniston', 'footballName': 'D.J.', 'gsisId': '00-0034827', 'gsisItId': 46093, 'headshot': 'https://static.www.nfl.com/image/private/{formatInstructions}/league/hcupqutgexfiy98ln3me', 'jerseyNumber': 12, 'lastName': 'Moore', 'position': 'WR', 'positionGroup': 'WR', 'shortName': 'D.Moore', 'smartId': '32004d4f-4f27-2423-f0b4-728a741b03cb', 'status': 'INA', 'uniformNumber': '12', 'ngsPosition': 'WR', 'ngsPositionGroup': 'WR'}",D.J. Moore,WR,750,2019,dj moore,CAR,4/14/1997,15103.22834
5.233258427,3.43113793,17.38944444,2.003895259,4.761020408,1.329882478,54.44444444,31.76334728,2,49,90,1001,"{'season': 2019, 'currentTeamId': '4400', 'displayName': 'Mike Williams', 'esbId': 'WIL000009', 'firstName': 'Michael', 'footballName': 'Mike', 'gsisId': '00-0033536', 'gsisItId': 44819, 'headshot': 'https://static.www.nfl.com/image/private/{formatInstructions}/league/fjnnliuxjyqzb7oo5hgi', 'jerseyNumber': 81, 'lastName': 'Williams', 'ngsPosition': 'WR', 'ngsPositionGroup': 'WR', 'position': 'WR', 'positionGroup': 'WR', 'shortName': 'M.Williams', 'smartId': '32005749-4c00-0009-75a2-9fccf6994099', 'status': 'ACT', 'uniformNumber': '81'}",Mike Williams,WR,4400,2019,mike williams,LAC,10/4/1994,24880.73956
5.23173913,2.634287753,14.14709677,2.111865233,3.896551724,1.262263971,62.3655914,37.09160415,7,58,93,919,"{'season': 2019, 'currentTeamId': '5110', 'displayName': 'Terry McLaurin', 'esbId': 'MCL278328', 'firstName': 'Terry', 'footballName': 'Terry', 'gsisId': '00-0035659', 'gsisItId': 47859, 'headshot': 'https://static.www.nfl.com/image/private/{formatInstructions}/league/bt4s1goiaogipi9fluzx', 'jerseyNumber': 17, 'lastName': 'McLaurin', 'position': 'WR', 'positionGroup': 'WR', 'shortName': 'T.McLaurin', 'smartId': '32004d43-4c27-8328-8097-b130ba0e8060', 'status': 'INA', 'uniformNumber': '17', 'ngsPosition': 'WR', 'ngsPositionGroup': 'WR'}",Terry McLaurin,WR,5110,2019,terry mclaurin,WAS,9/15/1995,9378.526001
5.200952381,4.680495531,8.764146341,2.821402272,4.449038462,-0.231457069,63.41463415,14.42165677,2,52,82,597,"{'season': 2019, 'currentTeamId': '0750', 'displayName': 'Greg Olsen', 'esbId': 'OLS094822', 'firstName': 'Gregory', 'footballName': 'Greg', 'gsisId': '00-0025418', 'gsisItId': 32224, 'headshot': 'https://static.www.nfl.com/image/private/{formatInstructions}/league/k6v0zo7ofhdmmqmqtwc5', 'jerseyNumber': 88, 'lastName': 'Olsen', 'ngsPosition': 'TE', 'ngsPositionGroup': 'TE', 'position': 'TE', 'positionGroup': 'TE', 'shortName': 'G.Olsen', 'smartId': '32004f4c-5309-4822-46ea-83c77b58b18c', 'status': 'ACT', 'uniformNumber': '88'}",Greg Olsen,TE,750,2019,greg olsen,CAR,3/11/1985,15103.22834
5.162903226,3.884020078,4.634545455,3.780452965,4.748421053,0.864400975,69.09090909,6.748331449,3,38,55,273,"{'season': 2019, 'currentTeamId': '3900', 'displayName': 'Vance McDonald', 'esbId': 'MCD589658', 'firstName': 'Vance', 'footballName': 'Vance', 'gsisId': '00-0030470', 'gsisItId': 40003, 'headshot': 'https://static.www.nfl.com/image/private/{formatInstructions}/league/sk4wyebbceeraudd7cma', 'jerseyNumber': 89, 'lastName': 'McDonald', 'ngsPosition': 'TE', 'ngsPositionGroup': 'TE', 'position': 'TE', 'positionGroup': 'TE', 'shortName': 'V.McDonald', 'smartId': '32004d43-4458-9658-1fa3-62884c020db7', 'status': 'ACT', 'uniformNumber': '89'}",Vance McDonald,TE,3900,2019,vance mcdonald,PIT,6/13/1990,15126.08471
5.161025641,3.639279424,7.551797753,3.101366127,3.276271186,-0.363008238,66.29213483,15.2161609,2,59,89,520,"{'season': 2019, 'currentTeamId': '3200', 'displayName': 'Mohamed Sanu', 'esbId': 'SAN808447', 'firstName': 'Mohamed', 'footballName': 'Mohamed', 'gsisId': '00-0029632', 'gsisItId': 38613, 'headshot': 'https://static.www.nfl.com/image/private/{formatInstructions}/league/h7hgvvjlefzoy7nbeb2j', 'jerseyNumber': 14, 'lastName': 'Sanu', 'ngsPosition': 'SLOT_WR', 'ngsPositionGroup': 'WR', 'position': 'WR', 'positionGroup': 'WR', 'shortName': 'M.Sanu Sr.', 'smartId': '32005341-4e80-8447-be59-af7546fda327', 'status': 'ACT', 'uniformNumber': '14'}",Mohamed Sanu,WR,3200,2019,mohamed sanu,NE,8/22/1989,10121.62254
5.154972376,3.411483824,8.144486486,2.563296073,4.065704698,0.654220874,80.54054054,41.33610603,9,149,185,1725,"{'season': 2019, 'currentTeamId': '3300', 'displayName': 'Michael Thomas', 'esbId': 'THO308912', 'firstName': 'Michael', 'footballName': 'Michael', 'gsisId': '00-0032765', 'gsisItId': 43336, 'headshot': 'https://static.www.nfl.com/image/private/{formatInstructions}/league/liuzt7209f2hqa9mu1zw', 'jerseyNumber': 13, 'lastName': 'Thomas', 'ngsPosition': 'WR', 'ngsPositionGroup': 'WR', 'position': 'WR', 'positionGroup': 'WR', 'shortName': 'M.Thomas', 'smartId': '32005448-4f30-8912-926a-d25d51327661', 'status': 'ACT', 'suffix': 'Jr.', 'uniformNumber': '13'}",Michael Thomas,WR,3300,2019,michael thomas,NYG,3/17/1990,8054.165942
5.154972376,3.411483824,8.144486486,2.563296073,4.065704698,0.654220874,80.54054054,41.33610603,9,149,185,1725,"{'season': 2019, 'currentTeamId': '3300', 'displayName': 'Michael Thomas', 'esbId': 'THO308912', 'firstName': 'Michael', 'footballName': 'Michael', 'gsisId': '00-0032765', 'gsisItId': 43336, 'headshot': 'https://static.www.nfl.com/image/private/{formatInstructions}/league/liuzt7209f2hqa9mu1zw', 'jerseyNumber': 13, 'lastName': 'Thomas', 'ngsPosition': 'WR', 'ngsPositionGroup': 'WR', 'position': 'WR', 'positionGroup': 'WR', 'shortName': 'M.Thomas', 'smartId': '32005448-4f30-8912-926a-d25d51327661', 'status': 'ACT', 'suffix': 'Jr.', 'uniformNumber': '13'}",Michael Thomas,WR,3300,2019,michael thomas,NO,3/17/1990,14265.76105
5.151511628,5.826984498,5.746261682,3.268650382,7.533058824,1.706074325,79.43925234,20.19344456,5,85,107,1053,"{'season': 2019, 'currentTeamId': '4500', 'displayName': 'George Kittle', 'esbId': 'KIT388290', 'firstName': 'George', 'footballName': 'George', 'gsisId': '00-0033288', 'gsisItId': 44959, 'headshot': 'https://static.www.nfl.com/image/private/{formatInstructions}/league/n5dvz5zxymahzxnl4cq3', 'jerseyNumber': 85, 'lastName': 'Kittle', 'ngsPosition': 'TE', 'ngsPositionGroup': 'TE', 'position': 'TE', 'positionGroup': 'TE', 'shortName': 'G.Kittle', 'smartId': '32004b49-5438-8290-eeed-c9c9cca62ec1', 'status': 'ACT', 'uniformNumber': '85'}",George Kittle,TE,4500,2019,george kittle,SF,10/9/1993,28523.45548
5.137659574,3.923006651,10.85134021,2.50301766,3.835151515,-0.087855136,68.04123711,34.56975828,5,66,97,869,"{'season': 2019, 'currentTeamId': '4500', 'displayName': 'Emmanuel Sanders', 'esbId': 'SAN295989', 'firstName': 'Emmanuel', 'footballName': 'Emmanuel', 'gsisId': '00-0027685', 'gsisItId': 35521, 'headshot': 'https://static.www.nfl.com/image/private/{formatInstructions}/league/r6ebggjkzsl1lt3w5ano', 'jerseyNumber': 17, 'lastName': 'Sanders', 'ngsPosition': 'WR', 'ngsPositionGroup': 'WR', 'position': 'WR', 'positionGroup': 'WR', 'shortName': 'E.Sanders', 'smartId': '32005341-4e29-5989-16d2-05d6a07248e9', 'status': 'ACT', 'uniformNumber': '17'}",Emmanuel Sanders,WR,4500,2019,emmanuel sanders,SF,3/17/1987,28523.45548
5.116422764,3.693511596,11.80395161,2.501444075,5.20625,1.512738404,58.06451613,42.93013284,6,72,124,1112,"{'season': 2019, 'currentTeamId': '1400', 'displayName': 'Courtland Sutton', 'esbId': 'SUT333526', 'firstName': 'Courtland', 'footballName': 'Courtland', 'gsisId': '00-0034348', 'gsisItId': 46109, 'headshot': 'https://static.www.nfl.com/image/private/{formatInstructions}/league/kifp4mpoadcd1qrn3iiv', 'jerseyNumber': 14, 'lastName': 'Sutton', 'ngsPosition': 'WR', 'ngsPositionGroup': 'WR', 'position': 'WR', 'positionGroup': 'WR', 'shortName': 'C.Sutton', 'smartId': '32005355-5433-3526-b2bf-88d6b83781c0', 'status': 'ACT', 'uniformNumber': '14'}",Courtland Sutton,WR,1400,2019,courtland sutton,DEN,10/10/1995,13782.74332
5.112653061,4.135146858,8.394333333,2.959677204,5.041081081,0.905934223,61.66666667,10.59901725,2,37,60,408,"{'season': 2019, 'currentTeamId': '2510', 'displayName': 'Gerald Everett', 'esbId': 'EVE166115', 'firstName': 'Gerald', 'footballName': 'Gerald', 'gsisId': '00-0033895', 'gsisItId': 44856, 'headshot': 'https://static.www.nfl.com/image/private/{formatInstructions}/league/brbt0jiilylj1v5m16f3', 'jerseyNumber': 81, 'lastName': 'Everett', 'ngsPosition': 'TE', 'ngsPositionGroup': 'TE', 'position': 'TE', 'positionGroup': 'TE', 'shortName': 'G.Everett', 'smartId': '32004556-4516-6115-f11c-124334bc44da', 'status': 'ACT', 'uniformNumber': '81'}",Gerald Everett,TE,2510,2019,gerald everett,LA,6/25/1994,22213.65715
5.058531469,3.258742668,11.08220779,2.23541376,3.05877551,-0.199967158,63.63636364,38.41337151,7,98,154,1147,"{'season': 2019, 'currentTeamId': '0810', 'displayName': 'Allen Robinson', 'esbId': 'ROB365982', 'firstName': 'Allen', 'footballName': 'Allen', 'gsisId': '00-0031428', 'gsisItId': 41290, 'headshot': 'https://static.www.nfl.com/image/private/{formatInstructions}/league/bk03jfsdlx66m3z22qqi', 'jerseyNumber': 12, 'lastName': 'Robinson', 'ngsPosition': 'WR', 'ngsPositionGroup': 'WR', 'position': 'WR', 'positionGroup': 'WR', 'shortName': 'A.Robinson', 'smartId': '3200524f-4236-5982-45ce-8ca18ca03af8', 'status': 'ACT', 'suffix': 'II', 'uniformNumber': '12'}",Allen Robinson,WR,810,2019,allen robinson,CHI,8/24/1993,12475.30377
5.050625,4.348480393,5.464375,2.896780837,5.344411765,0.995931371,70.83333333,5.772913154,7,34,48,341,"{'season': 2019, 'currentTeamId': '2120', 'displayName': 'Darren Fells', 'esbId': 'FEL484741', 'firstName': 'Darren', 'footballName': 'Darren', 'gsisId': '00-0029738', 'gsisItId': 39907, 'headshot': 'https://static.www.nfl.com/image/private/{formatInstructions}/league/k9wphsxmikgerwiokwzi', 'jerseyNumber': 87, 'lastName': 'Fells', 'ngsPosition': 'TE', 'ngsPositionGroup': 'TE', 'position': 'TE', 'positionGroup': 'TE', 'shortName': 'D.Fells', 'smartId': '32004645-4c48-4741-3cde-85c41f8d14ee', 'status': 'ACT', 'uniformNumber': '87'}",Darren Fells,TE,2120,2019,darren fells,HOU,4/22/1986,14809.98987
5.042903226,3.482921735,13.77359375,2.134388209,4.203194444,0.72027271,56.25,33.11781015,9,72,128,1202,"{'season': 2019, 'currentTeamId': '2700', 'displayName': 'DeVante Parker', 'esbId': 'PAR226609', 'firstName': 'DeVante', 'footballName': 'DeVante', 'gsisId': '00-0031547', 'gsisItId': 42357, 'headshot': 'https://static.www.nfl.com/image/private/{formatInstructions}/league/eo6lkabi41o9qmivprcw', 'jerseyNumber': 11, 'lastName': 'Parker', 'ngsPosition': 'WR', 'ngsPositionGroup': 'WR', 'position': 'WR', 'positionGroup': 'WR', 'shortName': 'D.Parker', 'smartId': '32005041-5222-6609-dc38-38b3aae27410', 'status': 'ACT', 'uniformNumber': '11'}",DeVante Parker,WR,2700,2019,devante parker,MIA,1/20/1993,17539.3791
5.040833333,4.190909562,9.415660377,2.466795176,5.020882353,0.829972791,64.1509434,7.816028944,1,34,53,459,"{'season': 2019, 'currentTeamId': '4900', 'displayName': 'O.J. Howard', 'esbId': 'HOW308864', 'firstName': ""O'Terrius"", 'footballName': 'O.J.', 'gsisId': '00-0033879', 'gsisItId': 44831, 'headshot': 'https://static.www.nfl.com/image/private/{formatInstructions}/league/wljqvtjgzbcwfkepy13e', 'jerseyNumber': 80, 'lastName': 'Howard', 'ngsPosition': 'TE', 'ngsPositionGroup': 'TE', 'position': 'TE', 'positionGroup': 'TE', 'shortName': 'O.Howard', 'smartId': '3200484f-5730-8864-f556-0040cd058670', 'status': 'ACT', 'uniformNumber': '80'}",O.J. Howard,TE,4900,2019,oj howard,TB,11/18/1994,15718.19533
5.038819444,4.01757046,10.28633333,2.672764359,3.908846154,-0.108724306,69.33333333,33.95980156,7,104,150,1165,"{'season': 2019, 'currentTeamId': '2120', 'displayName': 'DeAndre Hopkins', 'esbId': 'HOP161500', 'firstName': 'DeAndre', 'footballName': 'DeAndre', 'gsisId': '00-0030564', 'gsisItId': 39973, 'headshot': 'https://static.www.nfl.com/image/private/{formatInstructions}/league/boialnvkpcs0uvlbnsfv', 'jerseyNumber': 10, 'lastName': 'Hopkins', 'ngsPosition': 'WR', 'ngsPositionGroup': 'WR', 'position': 'WR', 'positionGroup': 'WR', 'shortName': 'D.Hopkins', 'smartId': '3200484f-5016-1500-bfbe-c87b292b639c', 'status': 'ACT', 'uniformNumber': '10'}",DeAndre Hopkins,WR,2120,2019,deandre hopkins,HOU,6/6/1992,14809.98987
5.002222222,3.885941498,14.30633333,2.343314128,5.351489362,1.465547864,52.22222222,29.96028006,5,47,90,775,"{'season': 2019, 'currentTeamId': '2250', 'displayName': 'Chris Conley', 'esbId': 'CON236839', 'firstName': 'Christian', 'footballName': 'Chris', 'gsisId': '00-0032128', 'gsisItId': 42419, 'headshot': 'https://static.www.nfl.com/image/private/{formatInstructions}/league/a53jzbb9mcuxhvirkjzs', 'jerseyNumber': 18, 'lastName': 'Conley', 'ngsPosition': 'WR', 'ngsPositionGroup': 'WR', 'position': 'WR', 'positionGroup': 'WR', 'shortName': 'C.Conley', 'smartId': '3200434f-4e23-6839-29a1-a288b71f08e0', 'status': 'ACT', 'suffix': 'Jr.', 'uniformNumber': '18'}",Chris Conley,WR,2250,2019,chris conley,JAX,10/25/1992,13440.13123
4.960862069,4.51171497,13.48765625,2.61973489,5.038809524,0.527094553,65.625,26.56880971,6,42,64,651,"{'season': 2019, 'currentTeamId': '2520', 'displayName': 'Tyrell Williams', 'esbId': 'WIL547641', 'firstName': 'Tyrell', 'footballName': 'Tyrell', 'gsisId': '00-0032160', 'gsisItId': 43090, 'headshot': 'https://static.www.nfl.com/image/private/{formatInstructions}/league/knhalhbzfbwtsvdav0q8', 'jerseyNumber': 16, 'lastName': 'Williams', 'ngsPosition': 'WR', 'ngsPositionGroup': 'WR', 'position': 'WR', 'positionGroup': 'WR', 'shortName': 'T.Williams', 'smartId': '32005749-4c54-7641-fdca-10f8368b7b2e', 'status': 'ACT', 'uniformNumber': '16'}",Tyrell Williams,WR,2520,2019,tyrell williams,OAK,2/12/1992,"30,810.65"
4.9575,4.108227992,13.44666667,2.18627347,8.835384615,4.727156623,61.9047619,29.8000438,8,52,84,1051,"{'season': 2019, 'currentTeamId': '2100', 'displayName': 'A.J. Brown', 'esbId': 'BRO413223', 'firstName': 'Arthur', 'footballName': 'A.J.', 'gsisId': '00-0035676', 'gsisItId': 47834, 'headshot': 'https://static.www.nfl.com/image/private/{formatInstructions}/league/ucz9frks91kdccmgkkct', 'jerseyNumber': 11, 'lastName': 'Brown', 'ngsPosition': 'WR', 'ngsPositionGroup': 'WR', 'position': 'WR', 'positionGroup': 'WR', 'shortName': 'A.Brown', 'smartId': '32004252-4f41-3223-e4c5-1e30dffa87f8', 'status': 'ACT', 'uniformNumber': '11'}",A.J. Brown,WR,2100,2019,aj brown,TEN,6/30/1997,14043.33279
4.9111,3.417457114,13.3591,2.47979123,5.038275862,1.620818748,58,28.5071977,7,58,100,900,"{'season': 2019, 'currentTeamId': '4600', 'displayName': 'D.K. Metcalf', 'esbId': 'MET363377', 'firstName': 'DeKaylin', 'footballName': 'DK', 'gsisId': '00-0035640', 'gsisItId': 47847, 'headshot': 'https://static.www.nfl.com/image/private/{formatInstructions}/league/fcqab5su86kysoaeghmn', 'jerseyNumber': 14, 'lastName': 'Metcalf', 'ngsPosition': 'WR', 'ngsPositionGroup': 'WR', 'position': 'WR', 'positionGroup': 'WR', 'shortName': 'DK.Metcalf', 'smartId': '32004d45-5436-3377-5806-d2746f1b94aa', 'status': 'ACT', 'uniformNumber': '14'}",D.K. Metcalf,WR,4600,2019,dk metcalf,SEA,12/14/1997,35553.16235
4.880784314,4.060558359,10.87353846,2.349453497,6.057209302,1.996650943,66.15384615,19.39002543,9,43,65,705,"{'season': 2019, 'currentTeamId': '3300', 'displayName': 'Jared Cook', 'esbId': 'COO152641', 'firstName': 'Jared', 'footballName': 'Jared', 'gsisId': '00-0027061', 'gsisItId': 34540, 'headshot': 'https://static.www.nfl.com/image/private/{formatInstructions}/league/cogz3snqmlqne2ehsn7y', 'jerseyNumber': 87, 'lastName': 'Cook', 'ngsPosition': 'SLOT_WR', 'ngsPositionGroup': 'TE', 'position': 'TE', 'positionGroup': 'TE', 'shortName': 'J.Cook', 'smartId': '3200434f-4f15-2641-bb32-32c02af1d6b5', 'status': 'ACT', 'uniformNumber': '87'}",Jared Cook,TE,3300,2019,jared cook,NO,4/7/1987,14265.76105
4.861612903,4.341737684,9.573285714,2.373298046,6.033095238,1.691357554,60,17.74130778,3,42,70,552,"{'season': 2019, 'currentTeamId': '3900', 'displayName': 'JuJu Smith-Schuster', 'esbId': 'SMI829709', 'firstName': 'John', 'footballName': 'JuJu', 'gsisId': '00-0033857', 'gsisItId': 44874, 'headshot': 'https://static.www.nfl.com/image/private/{formatInstructions}/league/sp4gz46f1rkpksvsmtg7', 'jerseyNumber': 19, 'lastName': 'Smith-Schuster', 'ngsPosition': 'SLOT_WR', 'ngsPositionGroup': 'WR', 'position': 'WR', 'positionGroup': 'WR', 'shortName': 'J.Smith-Schuster', 'smartId': '3200534d-4982-9709-6877-2f8181b1e986', 'status': 'ACT', 'uniformNumber': '19'}",JuJu Smith-Schuster,WR,3900,2019,juju smith-schuster,PIT,11/22/1996,15126.08471
4.806666667,3.170067805,14.52440476,2.163035078,3.984375,0.814307195,57.14285714,25.00543129,8,48,84,740,"{'season': 2019, 'currentTeamId': '3410', 'displayName': 'Darius Slayton', 'esbId': 'SLA500077', 'firstName': 'Darius', 'footballName': 'Darius', 'gsisId': '00-0035535', 'gsisItId': 47954, 'headshot': 'https://static.www.nfl.com/image/private/{formatInstructions}/league/dmmwezroq3otqrv4mqet', 'jerseyNumber': 86, 'lastName': 'Slayton', 'ngsPosition': 'WR', 'ngsPositionGroup': 'WR', 'position': 'WR', 'positionGroup': 'WR', 'shortName': 'D.Slayton', 'smartId': '3200534c-4150-0077-315f-47cff2877b23', 'status': 'ACT', 'uniformNumber': '86'}",Darius Slayton,WR,3410,2019,darius slayton,NYG,1/12/1997,8054.165942
4.767638889,3.428361717,11.21,2.483647299,3.140232558,-0.288129158,58.90410959,16.78267611,4,43,73,490,"{'season': 2019, 'currentTeamId': '3700', 'displayName': 'Alshon Jeffery', 'esbId': 'JEF498860', 'firstName': 'Alshon', 'footballName': 'Alshon', 'gsisId': '00-0029137', 'gsisItId': 38575, 'headshot': 'https://static.www.nfl.com/image/private/{formatInstructions}/league/qrbsgwhzlsmwgkdfjryh', 'jerseyNumber': 17, 'lastName': 'Jeffery', 'position': 'WR', 'positionGroup': 'WR', 'shortName': 'A.Jeffery', 'smartId': '32004a45-4649-8860-b9ad-0608f64c795e', 'status': 'RES', 'ngsPosition': 'WR', 'ngsPositionGroup': 'WR'}",Alshon Jeffery,WR,3700,2019,alshon jeffery,PHI,2/14/1990,10341.24902
4.649553571,3.04275908,14.16173913,2.387455361,3.112777778,0.070018698,62.60869565,36.13842931,6,72,115,1060,"{'season': 2019, 'currentTeamId': '0610', 'displayName': 'John Brown', 'esbId': 'BRO494712', 'firstName': 'John', 'footballName': 'John', 'gsisId': '00-0031051', 'gsisItId': 41320, 'headshot': 'https://static.www.nfl.com/image/private/{formatInstructions}/league/dozoxhu3uad5j1ik3pa0', 'jerseyNumber': 15, 'lastName': 'Brown', 'ngsPosition': 'WR', 'ngsPositionGroup': 'WR', 'position': 'WR', 'positionGroup': 'WR', 'shortName': 'J.Brown', 'smartId': '32004252-4f49-4712-7e90-42e293548523', 'status': 'ACT', 'uniformNumber': '15'}",John Brown,WR,610,2019,john brown,BUF,4/3/1990,11158.06649
4.621182796,4.229065313,14.89797872,2.504979811,5.098571429,0.869506115,67.0212766,39.78030656,6,63,94,1126,"{'season': 2019, 'currentTeamId': '3000', 'displayName': 'Stefon Diggs', 'esbId': 'DIG218895', 'firstName': 'Stefon', 'footballName': 'Stefon', 'gsisId': '00-0031588', 'gsisItId': 42489, 'headshot': 'https://static.www.nfl.com/image/private/{formatInstructions}/league/wrvjgnqxlwmh3jcpwknm', 'jerseyNumber': 14, 'lastName': 'Diggs', 'ngsPosition': 'WR', 'ngsPositionGroup': 'WR', 'position': 'WR', 'positionGroup': 'WR', 'shortName': 'S.Diggs', 'smartId': '32004449-4721-8895-fc23-d2bf4c921bd4', 'status': 'ACT', 'uniformNumber': '14'}",Stefon Diggs,WR,3000,2019,stefon diggs,MIN,11/29/1993,17987.18723
4.540338983,2.495263626,14.3445,2.125521711,2.42,-0.075263626,53.33333333,16.16743183,3,32,60,428,"{'season': 2019, 'currentTeamId': '2700', 'displayName': 'Preston Williams', 'esbId': 'WIL469697', 'firstName': 'Preston', 'footballName': 'Preston', 'gsisId': '00-0035350', 'gsisItId': 48480, 'headshot': 'https://static.www.nfl.com/image/private/{formatInstructions}/league/abp66jqwr4j6lww3t5i6', 'jerseyNumber': 18, 'lastName': 'Williams', 'position': 'WR', 'positionGroup': 'WR', 'shortName': 'P.Williams', 'smartId': '32005749-4c46-9697-124a-eb66b52308ae', 'status': 'RES', 'ngsPosition': 'WR', 'ngsPositionGroup': 'WR'}",Preston Williams,WR,2700,2019,preston williams,MIA,3/27/1997,17539.3791
4.45975,4.594862036,9.4782,2.844542227,5.597142857,1.002280821,56,10.51600334,2,28,50,388,"{'season': 2019, 'currentTeamId': '0610', 'displayName': 'Dawson Knox', 'esbId': 'KNO490795', 'firstName': 'Dawson', 'footballName': 'Dawson', 'gsisId': '00-0035689', 'gsisItId': 47879, 'headshot': 'https://static.www.nfl.com/image/private/{formatInstructions}/league/zdroobetjkebjvzzu8sq', 'jerseyNumber': 88, 'lastName': 'Knox', 'ngsPosition': 'TE', 'ngsPositionGroup': 'TE', 'position': 'TE', 'positionGroup': 'TE', 'shortName': 'D.Knox', 'smartId': '32004b4e-4f49-0795-942a-0c363ee9b439', 'status': 'ACT', 'uniformNumber': '88'}",Dawson Knox,TE,610,2019,dawson knox,BUF,11/14/1996,11158.06649
4.337446809,3.547760594,15.344375,2.173501235,3.8,0.252239406,54.16666667,36.72577955,5,52,96,779,"{'season': 2019, 'currentTeamId': '3430', 'displayName': 'Robby Anderson', 'esbId': 'AND460305', 'firstName': 'Robby', 'footballName': 'Robby', 'gsisId': '00-0032688', 'gsisItId': 43808, 'headshot': 'https://static.www.nfl.com/image/private/{formatInstructions}/league/vtqf5f1ti4ojfjggm388', 'jerseyNumber': 11, 'lastName': 'Anderson', 'ngsPosition': 'WR', 'ngsPositionGroup': 'WR', 'position': 'WR', 'positionGroup': 'WR', 'shortName': 'Ro.Anderson', 'smartId': '3200414e-4446-0305-58a8-61667bde4206', 'status': 'ACT', 'uniformNumber': '11'}",Robby Anderson,WR,3430,2019,robby anderson,NYJ,5/9/1993,6786.4375
7.62752809,3.913009417,11.73540816,3.21906344,4.420327869,0.507318452,62.24489796,24.44892293,4,61,98,631,"{'season': 2020, 'currentTeamId': '0810', 'displayName': 'Darnell Mooney', 'esbId': 'MOO076900', 'firstName': 'Darnell', 'footballName': 'Darnell', 'gsisId': '00-0036309', 'gsisItId': 52581, 'headshot': 'https://static.www.nfl.com/image/private/{formatInstructions}/league/sxldzvwuh31gcmbiuavt', 'jerseyNumber': 11, 'lastName': 'Mooney', 'position': 'WR', 'positionGroup': 'WR', 'shortName': 'D.Mooney', 'smartId': '32004d4f-4f07-6900-2883-f3ddae0181d4', 'status': 'INA', 'uniformNumber': '11', 'ngsPosition': 'WR', 'ngsPositionGroup': 'WR'}",Darnell Mooney,WR,810,2020,darnell mooney,CHI,10/29/1997,11587.30507
7.455670103,3.876105687,13.7479,3.265744792,4.845344828,0.969239141,58,39.29655567,8,58,100,769,"{'season': 2020, 'currentTeamId': '0325', 'displayName': 'Marquise Brown', 'esbId': 'BRO413218', 'firstName': 'Marquise', 'footballName': 'Marquise', 'gsisId': '00-0035662', 'gsisItId': 47808, 'headshot': 'https://static.www.nfl.com/image/private/{formatInstructions}/league/zsfjardpwq8fw0jr2cnf', 'jerseyNumber': 15, 'lastName': 'Brown', 'ngsPosition': 'WR', 'ngsPositionGroup': 'WR', 'position': 'WR', 'positionGroup': 'WR', 'shortName': 'M.Brown', 'smartId': '32004252-4f41-3218-bf76-54f4042e0396', 'status': 'ACT', 'uniformNumber': '15'}",Marquise Brown,WR,325,2020,marquise brown,BAL,6/4/1997,8024.270075
7.141666667,5.614923543,7.708,3.423245681,6.172702703,0.55777916,67.27272727,10.4288487,3,37,55,394,"{'season': 2020, 'currentTeamId': '3430', 'displayName': 'Braxton Berrios', 'esbId': 'BER456050', 'firstName': 'Braxton', 'footballName': 'Braxton', 'gsisId': '00-0034419', 'gsisItId': 46279, 'headshot': 'https://static.www.nfl.com/image/private/{formatInstructions}/league/iduydmfnwwumvdkafogu', 'jerseyNumber': 10, 'lastName': 'Berrios', 'ngsPosition': 'SLOT_WR', 'ngsPositionGroup': 'WR', 'position': 'WR', 'positionGroup': 'WR', 'shortName': 'B.Berrios', 'smartId': '32004245-5245-6050-b9d8-8b288006bd46', 'status': 'ACT', 'uniformNumber': '10'}",Braxton Berrios,WR,3430,2020,braxton berrios,NYJ,10/6/1995,21108.92106
7.064571429,4.13510729,6.410253165,3.311375513,5.222068966,1.086961676,73.41772152,10.52295826,5,58,79,600,"{'season': 2020, 'currentTeamId': '2250', 'displayName': 'Laviska Shenault', 'esbId': 'SHE458893', 'firstName': 'Laviska', 'footballName': 'Laviska', 'gsisId': '00-0036268', 'gsisItId': 52450, 'headshot': 'https://static.www.nfl.com/image/private/{formatInstructions}/league/mmx64blok0j1a5e9zhww', 'jerseyNumber': 10, 'lastName': 'Shenault', 'ngsPosition': 'WR', 'ngsPositionGroup': 'WR', 'position': 'WR', 'positionGroup': 'WR', 'shortName': 'L.Shenault Jr.', 'smartId': '32005348-4545-8893-4e8b-5724302de088', 'status': 'ACT', 'uniformNumber': '10'}",Laviska Shenault,WR,2250,2020,laviska shenault,JAX,10/5/1998,15434.58898
6.963589744,5.830800154,16.91953488,3.34740267,5.998076923,0.167276769,60.46511628,16.75838161,2,26,43,452,"{'season': 2020, 'currentTeamId': '2520', 'displayName': 'Henry Ruggs', 'esbId': 'RUG318217', 'firstName': 'Henry', 'footballName': 'Henry', 'gsisId': '00-0036357', 'gsisItId': 52420, 'headshot': 'https://static.www.nfl.com/image/private/{formatInstructions}/league/qgyu27brqcvyquh7btov', 'jerseyNumber': 11, 'lastName': 'Ruggs', 'ngsPosition': 'WR', 'ngsPositionGroup': 'WR', 'position': 'WR', 'positionGroup': 'WR', 'shortName': 'H.Ruggs', 'smartId': '32005255-4731-8217-5970-b4a47789eeaf', 'status': 'ACT', 'uniformNumber': '11'}",Henry Ruggs,WR,2520,2020,henry ruggs,LV,1/24/1999,24146.69033
6.951458333,6.475281806,10.93416667,3.524658653,8.1090625,1.633780694,66.66666667,14.5610112,1,32,48,477,"{'season': 2020, 'currentTeamId': '5110', 'displayName': 'Cam Sims', 'esbId': 'SIM667389', 'firstName': 'Cam', 'footballName': 'Cam', 'gsisId': '00-0034104', 'gsisItId': 46362, 'headshot': 'https://static.www.nfl.com/image/private/{formatInstructions}/league/dpybr24pjtonx4gvb1qv', 'jerseyNumber': 89, 'lastName': 'Sims', 'ngsPosition': 'WR', 'ngsPositionGroup': 'WR', 'position': 'WR', 'positionGroup': 'WR', 'shortName': 'C.Sims', 'smartId': '32005349-4d66-7389-635d-47b12e2ab8b9', 'status': 'ACT', 'uniformNumber': '89'}",Cam Sims,WR,5110,2020,cam sims,WAS,1/6/1996,13707.10152
6.914634146,7.829263579,2.106818182,4.6000523,12.26939394,4.440130361,75,2.459362158,1,33,44,391,"{'season': 2020, 'currentTeamId': '4500', 'displayName': 'Deebo Samuel', 'esbId': 'SAM636097', 'firstName': 'Tyshun', 'footballName': 'Deebo', 'gsisId': '00-0035719', 'gsisItId': 47819, 'headshot': 'https://static.www.nfl.com/image/private/{formatInstructions}/league/lo27cc8jxyof165cquiw', 'jerseyNumber': 19, 'lastName': 'Samuel', 'position': 'WR', 'positionGroup': 'WR', 'shortName': 'D.Samuel', 'smartId': '32005341-4d63-6097-eab1-34810e00be67', 'status': 'INA', 'uniformNumber': '19', 'ngsPosition': 'WR', 'ngsPositionGroup': 'WR'}",Deebo Samuel,WR,4500,2020,deebo samuel,SF,1/15/1996,25451.52813
6.900932203,5.717379116,7.077906977,3.41209112,5.669888889,-0.047490227,69.76744186,23.93202942,6,90,129,936,"{'season': 2020, 'currentTeamId': '2510', 'displayName': 'Robert Woods', 'esbId': 'WOO561144', 'firstName': 'Robert', 'footballName': 'Robert', 'gsisId': '00-0030431', 'gsisItId': 39989, 'headshot': 'https://static.www.nfl.com/image/private/{formatInstructions}/league/yhevkmorup1plsdhwar0', 'jerseyNumber': 17, 'lastName': 'Woods', 'ngsPosition': 'WR', 'ngsPositionGroup': 'WR', 'position': 'WR', 'positionGroup': 'WR', 'shortName': 'R.Woods', 'smartId': '3200574f-4f56-1144-59b1-dbf0c9bdb37a', 'status': 'ACT', 'uniformNumber': '17'}",Robert Woods,WR,2510,2020,robert woods,LA,4/10/1992,31508.9842
6.805316456,4.752918988,7.058041237,3.473624456,4.562987013,-0.189931975,79.3814433,17.12504033,3,77,97,851,"{'season': 2020, 'currentTeamId': '0750', 'displayName': 'Curtis Samuel', 'esbId': 'SAM633285', 'firstName': 'Curtis', 'footballName': 'Curtis', 'gsisId': '00-0033282', 'gsisItId': 44852, 'headshot': 'https://static.www.nfl.com/image/private/{formatInstructions}/league/jm3ykkg4iln5taz7mbh4', 'jerseyNumber': 10, 'lastName': 'Samuel', 'ngsPosition': 'SLOT_WR', 'ngsPositionGroup': 'WR', 'position': 'WR', 'positionGroup': 'WR', 'shortName': 'C.Samuel', 'smartId': '32005341-4d63-3285-ce5d-61e91947654e', 'status': 'ACT', 'uniformNumber': '10'}",Curtis Samuel,WR,750,2020,curtis samuel,CAR,8/11/1996,12642.02966
6.78,4.009703099,12.29195652,2.411305685,4.483076923,0.473373824,70.65217391,28.83890547,5,65,92,984,"{'season': 2020, 'currentTeamId': '2100', 'displayName': 'Corey Davis', 'esbId': 'DAV247957', 'firstName': 'Corey', 'footballName': 'Corey', 'gsisId': '00-0033871', 'gsisItId': 44817, 'headshot': 'https://static.www.nfl.com/image/private/{formatInstructions}/league/x8g1t1ngums0fvu82aqi', 'jerseyNumber': 84, 'lastName': 'Davis', 'ngsPosition': 'WR', 'ngsPositionGroup': 'WR', 'position': 'WR', 'positionGroup': 'WR', 'shortName': 'C.Davis', 'smartId': '32004441-5624-7957-ef31-0e38b3301e4b', 'status': 'ACT', 'uniformNumber': '84'}",Corey Davis,WR,2100,2020,corey davis,TEN,1/11/1995,9106.518273
6.7175,4.939943266,9.268723404,4.093774477,5.173428571,0.233485306,74.46808511,9.435163707,6,35,47,417,"{'season': 2020, 'currentTeamId': '4600', 'displayName': 'David Moore', 'esbId': 'MOO249444', 'firstName': 'David', 'footballName': 'David', 'gsisId': '00-0033589', 'gsisItId': 45039, 'headshot': 'https://static.www.nfl.com/image/private/{formatInstructions}/league/kwyhth14dkulxzjxrgup', 'jerseyNumber': 83, 'lastName': 'Moore', 'ngsPosition': 'WR', 'ngsPositionGroup': 'WR', 'position': 'WR', 'positionGroup': 'WR', 'shortName': 'D.Moore', 'smartId': '32004d4f-4f24-9444-1f85-e742d8abb0fb', 'status': 'CUT', 'uniformNumber': '83'}",David Moore,WR,4600,2020,david moore,SEA,1/15/1995,28986.91208
6.692454545,3.684021376,12.02756303,2.98250915,4.318518519,0.634497143,68.06722689,30.35009224,6,81,119,1143,"{'season': 2020, 'currentTeamId': '2120', 'displayName': 'Brandin Cooks', 'esbId': 'COO299382', 'firstName': 'Brandin', 'footballName': 'Brandin', 'gsisId': '00-0031236', 'gsisItId': 41246, 'headshot': 'https://static.www.nfl.com/image/private/{formatInstructions}/league/rf0zx5emnigq8zoewpmn', 'jerseyNumber': 13, 'lastName': 'Cooks', 'ngsPosition': 'WR', 'ngsPositionGroup': 'WR', 'position': 'WR', 'positionGroup': 'WR', 'shortName': 'B.Cooks', 'smartId': '3200434f-4f29-9382-29e1-70020b0a09be', 'status': 'ACT', 'uniformNumber': '13'}",Brandin Cooks,WR,2120,2020,brandin cooks,HOU,9/25/1993,14674.35299
6.68,2.892812606,9.5078,3.48488347,3.855882353,0.963069747,68,14.56558173,4,34,50,448,"{'season': 2020, 'currentTeamId': '3300', 'displayName': ""Tre'Quan Smith"", 'esbId': 'SMI764556', 'firstName': ""Tre'Quan"", 'footballName': ""Tre'Quan"", 'gsisId': '00-0034765', 'gsisItId': 46160, 'headshot': 'https://static.www.nfl.com/image/private/{formatInstructions}/league/kahblkco0b8ustozftur', 'jerseyNumber': 10, 'lastName': 'Smith', 'ngsPosition': 'SLOT_WR', 'ngsPositionGroup': 'WR', 'position': 'WR', 'positionGroup': 'WR', 'shortName': 'T.Smith', 'smartId': '3200534d-4976-4556-d545-e418d85634bb', 'status': 'ACT', 'uniformNumber': '10'}",Tre'Quan Smith,WR,3300,2020,tre'quan smith,NO,1/7/1996,14008.62707
6.6728125,5.392822294,8.304202899,3.434234043,6.55326087,1.160438575,66.66666667,11.51875298,0,46,69,602,"{'season': 2020, 'currentTeamId': '1540', 'displayName': 'Danny Amendola', 'esbId': 'AME359918', 'firstName': 'Daniel', 'footballName': 'Danny', 'gsisId': '00-0026035', 'gsisItId': 33566, 'headshot': 'https://static.www.nfl.com/image/private/{formatInstructions}/league/q4buywkxroggmv24uor5', 'jerseyNumber': 80, 'lastName': 'Amendola', 'ngsPosition': 'SLOT_WR', 'ngsPositionGroup': 'WR', 'position': 'WR', 'positionGroup': 'WR', 'shortName': 'D.Amendola', 'smartId': '3200414d-4535-9918-e336-c0dd118d7e30', 'status': 'UFA', 'uniformNumber': '80'}",Danny Amendola,WR,1540,2020,danny amendola,DET,11/2/1985,10345.77332
6.661071429,2.525771339,12.86669565,2.533997025,2.785526316,0.259754977,66.08695652,29.74563818,9,76,115,978,"{'season': 2020, 'currentTeamId': '1540', 'displayName': 'Marvin Jones', 'esbId': 'JON601697', 'firstName': 'Marvin', 'footballName': 'Marvin', 'gsisId': '00-0029293', 'gsisItId': 38696, 'headshot': 'https://static.www.nfl.com/image/private/{formatInstructions}/league/enqqhmprl1evmyyqkvx3', 'jerseyNumber': 11, 'lastName': 'Jones', 'ngsPosition': 'WR', 'ngsPositionGroup': 'WR', 'position': 'WR', 'positionGroup': 'WR', 'shortName': 'M.Jones', 'smartId': '32004a4f-4e60-1697-4762-9c6d786d2931', 'status': 'ACT', 'uniformNumber': '11'}",Marvin Jones,WR,1540,2020,marvin jones,DET,3/12/1990,10345.77332
6.647580645,3.537218604,6.737191011,3.065083673,4.491746032,0.954527428,70.78651685,12.84885914,4,63,89,615,"{'season': 2020, 'currentTeamId': '1200', 'displayName': 'Dalton Schultz', 'esbId': 'SCH647271', 'firstName': 'Dalton', 'footballName': 'Dalton', 'gsisId': '00-0034383', 'gsisItId': 46206, 'headshot': 'https://static.www.nfl.com/image/private/{formatInstructions}/league/vmji0oq1dx5pbpiqmsra', 'jerseyNumber': 86, 'lastName': 'Schultz', 'ngsPosition': 'TE', 'ngsPositionGroup': 'TE', 'position': 'TE', 'positionGroup': 'TE', 'shortName': 'D.Schultz', 'smartId': '32005343-4864-7271-8c9c-893e6cc8875d', 'status': 'ACT', 'uniformNumber': '86'}",Dalton Schultz,TE,1200,2020,dalton schultz,DAL,7/11/1996,19448.69305
6.631029412,5.711911941,6.841688312,3.477421529,6.495892857,0.783980916,72.72727273,12.13470464,2,56,77,656,"{'season': 2020, 'currentTeamId': '2520', 'displayName': 'Hunter Renfrow', 'esbId': 'REN358499', 'firstName': 'Hunter', 'footballName': 'Hunter', 'gsisId': '00-0034983', 'gsisItId': 47932, 'headshot': 'https://static.www.nfl.com/image/private/{formatInstructions}/league/suli3bogz0uok3lqoklu', 'jerseyNumber': 13, 'lastName': 'Renfrow', 'ngsPosition': 'SLOT_WR', 'ngsPositionGroup': 'WR', 'position': 'WR', 'positionGroup': 'WR', 'shortName': 'H.Renfrow', 'smartId': '32005245-4e35-8499-ff02-b25484b87290', 'status': 'ACT', 'uniformNumber': '13'}",Hunter Renfrow,WR,2520,2020,hunter renfrow,LV,12/21/1995,24146.69033
6.608245614,3.606818805,9.587118644,4.223176901,3.862888889,0.256070084,76.27118644,11.27406232,3,45,59,466,"{'season': 2020, 'currentTeamId': '2310', 'displayName': 'Demarcus Robinson', 'esbId': 'ROB399065', 'firstName': 'Demarcus', 'footballName': 'Demarcus', 'gsisId': '00-0032775', 'gsisItId': 43415, 'headshot': 'https://static.www.nfl.com/image/private/{formatInstructions}/league/cqa88i0xhxrd37ksclac', 'jerseyNumber': 11, 'lastName': 'Robinson', 'ngsPosition': 'WR', 'ngsPositionGroup': 'WR', 'position': 'WR', 'positionGroup': 'WR', 'shortName': 'D.Robinson', 'smartId': '3200524f-4239-9065-1db8-5ff5da8a3829', 'status': 'ACT', 'uniformNumber': '11'}",Demarcus Robinson,WR,2310,2020,demarcus robinson,KC,9/21/1994,17702.04307
6.589245283,3.566878882,10.11777778,3.146773974,4.798888889,1.232010007,66.66666667,12.85782869,1,36,54,373,"{'season': 2020, 'currentTeamId': '2700', 'displayName': 'Jakeem Grant', 'esbId': 'GRA443889', 'firstName': 'Jakeem', 'footballName': 'Jakeem', 'gsisId': '00-0032791', 'gsisItId': 43475, 'headshot': 'https://static.www.nfl.com/image/private/{formatInstructions}/league/mwkqkktel8zofue74uvl', 'jerseyNumber': 19, 'lastName': 'Grant', 'position': 'WR', 'positionGroup': 'WR', 'shortName': 'J.Grant', 'smartId': '32004752-4144-3889-2927-1b651b380f48', 'status': 'INA', 'uniformNumber': '19', 'ngsPosition': 'WR', 'ngsPositionGroup': 'WR'}",Jakeem Grant,WR,2700,2020,jakeem grant,MIA,10/30/1992,24425.94498
6.579012346,3.102783424,11.38920455,3.260938638,3.462727273,0.359943849,62.5,20.82627695,5,55,88,642,"{'season': 2020, 'currentTeamId': '2250', 'displayName': 'Keelan Cole', 'esbId': 'COL130738', 'firstName': 'Keelan', 'footballName': 'Keelan', 'gsisId': '00-0033681', 'gsisItId': 45555, 'headshot': 'https://static.www.nfl.com/image/private/{formatInstructions}/league/m8dbxvxhubsmkfwv4dfe', 'jerseyNumber': 84, 'lastName': 'Cole', 'ngsPosition': 'SLOT_WR', 'ngsPositionGroup': 'WR', 'position': 'WR', 'positionGroup': 'WR', 'shortName': 'K.Cole Sr.', 'smartId': '3200434f-4c13-0738-9b9e-38aa1121bdd9', 'status': 'ACT', 'uniformNumber': '84'}",Keelan Cole,WR,2250,2020,keelan cole,JAX,4/20/1993,15434.58898
6.578958333,2.554016068,9.095,2.136361178,2.413428571,-0.140587497,67.30769231,12.0676897,2,35,52,388,"{'season': 2020, 'currentTeamId': '3410', 'displayName': 'Golden Tate', 'esbId': 'TAT245022', 'firstName': 'Golden', 'footballName': 'Golden', 'gsisId': '00-0027891', 'gsisItId': 35499, 'headshot': 'https://static.www.nfl.com/image/private/{formatInstructions}/league/ou4hq9jwx5iqbvp1u62j', 'jerseyNumber': 15, 'lastName': 'Tate', 'position': 'WR', 'positionGroup': 'WR', 'shortName': 'G.Tate III', 'smartId': '32005441-5424-5022-18f3-b9b5433de8e5', 'status': 'UFA', 'uniformNumber': '15', 'ngsPosition': 'SLOT_WR', 'ngsPositionGroup': 'WR'}",Golden Tate,WR,3410,2020,golden tate,NYG,8/2/1988,15911.48802
6.559506173,3.330620329,9.351829268,3.125095525,2.860655738,-0.469964591,74.3902439,23.49569059,5,61,82,726,"{'season': 2020, 'currentTeamId': '3300', 'displayName': 'Emmanuel Sanders', 'esbId': 'SAN295989', 'firstName': 'Emmanuel', 'footballName': 'Emmanuel', 'gsisId': '00-0027685', 'gsisItId': 35521, 'headshot': 'https://static.www.nfl.com/image/private/{formatInstructions}/league/a7y4lor47rsusu08bise', 'jerseyNumber': 17, 'lastName': 'Sanders', 'ngsPosition': 'WR', 'ngsPositionGroup': 'WR', 'position': 'WR', 'positionGroup': 'WR', 'shortName': 'E.Sanders', 'smartId': '32005341-4e29-5989-16d2-05d6a07248e9', 'status': 'ACT', 'uniformNumber': '17'}",Emmanuel Sanders,WR,3300,2020,emmanuel sanders,NO,3/17/1987,14008.62707
6.558548387,5.1954414,6.696136364,3.418660985,4.787142857,-0.408298543,63.63636364,10.76795161,6,56,88,571,"{'season': 2020, 'currentTeamId': '0200', 'displayName': 'Hayden Hurst', 'esbId': 'HUR495014', 'firstName': 'Hayden', 'footballName': 'Hayden', 'gsisId': '00-0034830', 'gsisItId': 46094, 'headshot': 'https://static.www.nfl.com/image/private/{formatInstructions}/league/cw9mplvltikyayjsjmc3', 'jerseyNumber': 81, 'lastName': 'Hurst', 'ngsPosition': 'TE', 'ngsPositionGroup': 'TE', 'position': 'TE', 'positionGroup': 'TE', 'shortName': 'H.Hurst', 'smartId': '32004855-5249-5014-7c57-e10d2c41fe87', 'status': 'ACT', 'uniformNumber': '81'}",Hayden Hurst,TE,200,2020,hayden hurst,ATL,8/24/1993,12167.0377
6.5578125,3.68697514,9.109692308,2.531540953,4.61,0.92302486,70.76923077,25.37714501,5,92,130,1114,"{'season': 2020, 'currentTeamId': '1200', 'displayName': 'Amari Cooper', 'esbId': 'COO487703', 'firstName': 'Amari', 'footballName': 'Amari', 'gsisId': '00-0031544', 'gsisItId': 42347, 'headshot': 'https://static.www.nfl.com/image/private/{formatInstructions}/league/wkba2o3gogsar5ysdvwq', 'jerseyNumber': 19, 'lastName': 'Cooper', 'ngsPosition': 'WR', 'ngsPositionGroup': 'WR', 'position': 'WR', 'positionGroup': 'WR', 'shortName': 'A.Cooper', 'smartId': '3200434f-4f48-7703-16a5-c78426109031', 'status': 'ACT', 'uniformNumber': '19'}",Amari Cooper,WR,1200,2020,amari cooper,DAL,6/17/1994,19448.69305
6.530769231,5.470692288,13.85148148,3.281032594,5.553225806,0.082533519,57.40740741,14.36009476,1,31,54,396,"{'season': 2020, 'currentTeamId': '3700', 'displayName': 'Jalen Reagor', 'esbId': 'REA338982', 'firstName': 'Jalen', 'footballName': 'Jalen', 'gsisId': '00-0036387', 'gsisItId': 52429, 'headshot': 'https://static.www.nfl.com/image/private/{formatInstructions}/league/pfzlwlua7rh1kf3wv8iq', 'jerseyNumber': 18, 'lastName': 'Reagor', 'ngsPosition': 'WR', 'ngsPositionGroup': 'WR', 'position': 'WR', 'positionGroup': 'WR', 'shortName': 'J.Reagor', 'smartId': '32005245-4133-8982-9a32-957d59a1e153', 'status': 'ACT', 'uniformNumber': '18'}",Jalen Reagor,WR,3700,2020,jalen reagor,PHI,1/2/1999,14898.41217
6.495735294,3.656230579,7.624395604,2.996042495,3.622857143,-0.033373436,61.53846154,14.61935565,5,56,91,558,"{'season': 2020, 'currentTeamId': '3900', 'displayName': 'Eric Ebron', 'esbId': 'EBR474619', 'firstName': 'Eric', 'footballName': 'Eric', 'gsisId': '00-0031387', 'gsisItId': 41236, 'headshot': 'https://static.www.nfl.com/image/private/{formatInstructions}/league/gxxogysbupsery4gckld', 'jerseyNumber': 85, 'lastName': 'Ebron', 'ngsPosition': 'TE', 'ngsPositionGroup': 'TE', 'position': 'TE', 'positionGroup': 'TE', 'shortName': 'E.Ebron', 'smartId': '32004542-5247-4619-e13a-2be177a1a622', 'status': 'ACT', 'uniformNumber': '85'}",Eric Ebron,TE,3900,2020,eric ebron,PIT,4/10/1993,6626.193273
6.486853933,3.492237986,8.160222222,3.026044202,3.183939394,-0.308298592,73.33333333,18.73969778,3,66,90,656,"{'season': 2020, 'currentTeamId': '3410', 'displayName': 'Sterling Shepard', 'esbId': 'SHE495754', 'firstName': 'Sterling', 'footballName': 'Sterling', 'gsisId': '00-0032385', 'gsisItId': 43329, 'headshot': 'https://static.www.nfl.com/image/private/{formatInstructions}/league/clyfhd10ta2iqitjn62q', 'jerseyNumber': 87, 'lastName': 'Shepard', 'ngsPosition': 'WR', 'ngsPositionGroup': 'WR', 'position': 'WR', 'positionGroup': 'WR', 'shortName': 'S.Shepard', 'smartId': '32005348-4549-5754-5697-2a8312edc489', 'status': 'ACT', 'uniformNumber': '87'}",Sterling Shepard,WR,3410,2020,sterling shepard,NYG,2/10/1993,15911.48802
6.458292683,4.732513176,6.974375,2.86361529,4.723421053,-0.009092124,79.16666667,7.098751034,3,38,48,441,"{'season': 2020, 'currentTeamId': '2120', 'displayName': 'Randall Cobb', 'esbId': 'COB365535', 'firstName': 'Randall', 'footballName': 'Randall', 'gsisId': '00-0028002', 'gsisItId': 37139, 'headshot': 'https://static.www.nfl.com/image/private/{formatInstructions}/league/lgdqefi7aa9lqoxgf5ru', 'jerseyNumber': 18, 'lastName': 'Cobb', 'position': 'WR', 'positionGroup': 'WR', 'shortName': 'R.Cobb', 'smartId': '3200434f-4236-5535-cf6f-4337b5dff0b3', 'status': 'RES', 'uniformNumber': '18', 'ngsPosition': 'SLOT_WR', 'ngsPositionGroup': 'WR'}",Randall Cobb,WR,2120,2020,randall cobb,HOU,8/22/1990,14674.35299
6.435454545,3.738555946,9.795238095,2.953453672,4.811692308,1.073136361,77.38095238,14.69115192,7,65,84,840,"{'season': 2020, 'currentTeamId': '4900', 'displayName': 'Chris Godwin', 'esbId': 'GOD549393', 'firstName': 'Rod', 'footballName': 'Chris', 'gsisId': '00-0033921', 'gsisItId': 44896, 'headshot': 'https://static.www.nfl.com/image/private/{formatInstructions}/league/tj59ipzac4m2vagb3ki5', 'jerseyNumber': 14, 'lastName': 'Godwin', 'ngsPosition': 'SLOT_WR', 'ngsPositionGroup': 'WR', 'position': 'WR', 'positionGroup': 'WR', 'shortName': 'C.Godwin', 'smartId': '3200474f-4454-9393-6eec-24189dd66641', 'status': 'ACT', 'uniformNumber': '14'}",Chris Godwin,WR,4900,2020,chris godwin,TB,2/27/1996,20782.13439
6.432755906,4.811136186,9.594338235,2.882738763,5.475157895,0.664021709,69.85294118,32.63845636,3,95,136,1093,"{'season': 2020, 'currentTeamId': '0750', 'displayName': 'Robby Anderson', 'esbId': 'AND460305', 'firstName': 'Robby', 'footballName': 'Robby', 'gsisId': '00-0032688', 'gsisItId': 43808, 'headshot': 'https://static.www.nfl.com/image/private/{formatInstructions}/league/ew3fzelndoialgn6a2ra', 'jerseyNumber': 11, 'lastName': 'Anderson', 'ngsPosition': 'WR', 'ngsPositionGroup': 'WR', 'position': 'WR', 'positionGroup': 'WR', 'shortName': 'R.Anderson', 'smartId': '3200414e-4446-0305-58a8-61667bde4206', 'status': 'ACT', 'uniformNumber': '11'}",Robby Anderson,WR,750,2020,robby anderson,CAR,5/9/1993,12642.02966
6.428018868,3.244749659,12.045,2.47992286,4.621492537,1.376742878,62.03703704,27.29126544,6,67,108,908,"{'season': 2020, 'currentTeamId': '0920', 'displayName': 'Tee Higgins', 'esbId': 'HIG387791', 'firstName': 'Tamaurice', 'footballName': 'Tee', 'gsisId': '00-0036410', 'gsisItId': 52441, 'headshot': 'https://static.www.nfl.com/image/private/{formatInstructions}/league/xcymtg1vdkbntbzlmbrw', 'jerseyNumber': 85, 'lastName': 'Higgins', 'ngsPosition': 'WR', 'ngsPositionGroup': 'WR', 'position': 'WR', 'positionGroup': 'WR', 'shortName': 'T.Higgins', 'smartId': '32004849-4738-7791-9f89-d556c4b59b9a', 'status': 'ACT', 'uniformNumber': '85'}",Tee Higgins,WR,920,2020,tee higgins,CIN,1/18/1999,7505.353931
6.427096774,5.189630391,6.157272727,3.557170997,5.498928571,0.30929818,63.63636364,5.759390472,2,28,44,243,"{'season': 2020, 'currentTeamId': '0810', 'displayName': 'Cole Kmet', 'esbId': 'KME200895', 'firstName': 'Cole', 'footballName': 'Cole', 'gsisId': '00-0036290', 'gsisItId': 52451, 'headshot': 'https://static.www.nfl.com/image/private/{formatInstructions}/league/dpo09k2ilcdrqbybirpa', 'jerseyNumber': 85, 'lastName': 'Kmet', 'ngsPosition': 'TE', 'ngsPositionGroup': 'TE', 'position': 'TE', 'positionGroup': 'TE', 'shortName': 'C.Kmet', 'smartId': '32004b4d-4520-0895-f027-61d779beeff4', 'status': 'ACT', 'uniformNumber': '85'}",Cole Kmet,TE,810,2020,cole kmet,CHI,3/10/1999,11587.30507
6.407142857,4.138771865,8.760153846,2.850925907,4.491521739,0.352749874,70.76923077,10.93181844,3,46,65,524,"{'season': 2020, 'currentTeamId': '3700', 'displayName': 'Dallas Goedert', 'esbId': 'GOE595520', 'firstName': 'Dallas', 'footballName': 'Dallas', 'gsisId': '00-0034351', 'gsisItId': 46118, 'headshot': 'https://static.www.nfl.com/image/private/{formatInstructions}/league/bekz0emretqdor3engkr', 'jerseyNumber': 88, 'lastName': 'Goedert', 'position': 'TE', 'positionGroup': 'TE', 'shortName': 'D.Goedert', 'smartId': '3200474f-4559-5520-b7af-5e002aedafbb', 'status': 'INA', 'uniformNumber': '88', 'ngsPosition': 'TE', 'ngsPositionGroup': 'TE'}",Dallas Goedert,TE,3700,2020,dallas goedert,PHI,1/3/1995,14898.41217
6.371621622,3.102038423,7.172830189,2.421021808,3.705384615,0.603346192,73.58490566,9.69474409,1,39,53,387,"{'season': 2020, 'currentTeamId': '2100', 'displayName': 'Anthony Firkser', 'esbId': 'FIR355963', 'firstName': 'Anthony', 'footballName': 'Anthony', 'gsisId': '00-0033455', 'gsisItId': 45355, 'headshot': 'https://static.www.nfl.com/image/private/{formatInstructions}/league/s1mjbvtn2mrliukptu5n', 'jerseyNumber': 86, 'lastName': 'Firkser', 'ngsPosition': 'SLOT_WR', 'ngsPositionGroup': 'TE', 'position': 'TE', 'positionGroup': 'TE', 'shortName': 'A.Firkser', 'smartId': '32004649-5235-5963-ed29-7b11917cedd5', 'status': 'ACT', 'uniformNumber': '86'}",Anthony Firkser,TE,2100,2020,anthony firkser,TEN,2/19/1995,9106.518273
6.346637931,4.428676559,6.328064516,3.237742267,5.812826087,1.384149528,74.19354839,20.56731268,3,92,124,974,"{'season': 2020, 'currentTeamId': '2510', 'displayName': 'Cooper Kupp', 'esbId': 'KUP534597', 'firstName': 'Cooper', 'footballName': 'Cooper', 'gsisId': '00-0033908', 'gsisItId': 44881, 'headshot': 'https://static.www.nfl.com/image/private/{formatInstructions}/league/kfmofyneoponii4twxdq', 'jerseyNumber': 10, 'lastName': 'Kupp', 'position': 'WR', 'positionGroup': 'WR', 'shortName': 'C.Kupp', 'smartId': '32004b55-5053-4597-b958-87408c31956f', 'status': 'INA', 'uniformNumber': '10', 'ngsPosition': 'SLOT_WR', 'ngsPositionGroup': 'WR'}",Cooper Kupp,WR,2510,2020,cooper kupp,LA,6/15/1993,31508.9842
6.343035714,6.400721649,10.56032258,3.40840983,7.19902439,0.798302741,66.12903226,13.04996034,4,41,62,560,"{'season': 2020, 'currentTeamId': '2310', 'displayName': 'Mecole Hardman', 'esbId': 'HAR069520', 'firstName': 'Mecole', 'footballName': 'Mecole', 'gsisId': '00-0035140', 'gsisItId': 47839, 'headshot': 'https://static.www.nfl.com/image/private/{formatInstructions}/league/g80apc2ume5jq3u57xhv', 'jerseyNumber': 17, 'lastName': 'Hardman', 'ngsPosition': 'WR', 'ngsPositionGroup': 'WR', 'position': 'WR', 'positionGroup': 'WR', 'shortName': 'M.Hardman', 'smartId': '32004841-5206-9520-9e70-d5597391d8c0', 'status': 'ACT', 'uniformNumber': '17'}",Mecole Hardman,WR,2310,2020,mecole hardman,KC,3/12/1998,17702.04307
6.304968553,3.629404293,8.9670625,3.142846884,4.690782609,1.061378315,71.875,33.20719169,6,115,160,1407,"{'season': 2020, 'currentTeamId': '3800', 'displayName': 'DeAndre Hopkins', 'esbId': 'HOP161500', 'firstName': 'DeAndre', 'footballName': 'DeAndre', 'gsisId': '00-0030564', 'gsisItId': 39973, 'headshot': 'https://static.www.nfl.com/image/private/{formatInstructions}/league/rfdif7ec0f3czwyeyfxq', 'jerseyNumber': 10, 'lastName': 'Hopkins', 'ngsPosition': 'WR', 'ngsPositionGroup': 'WR', 'position': 'WR', 'positionGroup': 'WR', 'shortName': 'D.Hopkins', 'smartId': '3200484f-5016-1500-bfbe-c87b292b639c', 'status': 'ACT', 'uniformNumber': '10'}",DeAndre Hopkins,WR,3800,2020,deandre hopkins,ARI,6/6/1992,22615.58572
6.29755102,2.00869252,11.711,2.200846682,3.305675676,1.296983156,61.66666667,21.52895866,7,37,60,504,"{'season': 2020, 'currentTeamId': '3300', 'displayName': 'Jared Cook', 'esbId': 'COO152641', 'firstName': 'Jared', 'footballName': 'Jared', 'gsisId': '00-0027061', 'gsisItId': 34540, 'headshot': 'https://static.www.nfl.com/image/private/{formatInstructions}/league/hek6kwvkzqj2dvgc5ob6', 'jerseyNumber': 87, 'lastName': 'Cook', 'ngsPosition': 'SLOT_WR', 'ngsPositionGroup': 'TE', 'position': 'TE', 'positionGroup': 'TE', 'shortName': 'J.Cook', 'smartId': '3200434f-4f15-2641-bb32-32c02af1d6b5', 'status': 'ACT', 'uniformNumber': '87'}",Jared Cook,TE,3300,2020,jared cook,NO,4/7/1987,14008.62707
6.29097561,3.047049385,8.535,2.477850351,3.198055556,0.151006171,60,10.64119374,2,36,60,349,"{'season': 2020, 'currentTeamId': '2250', 'displayName': 'Tyler Eifert', 'esbId': 'EIF131143', 'firstName': 'Tyler', 'footballName': 'Tyler', 'gsisId': '00-0030549', 'gsisItId': 39967, 'headshot': 'https://static.www.nfl.com/image/private/{formatInstructions}/league/sextvbehmeu7ydutxtsu', 'jerseyNumber': 88, 'lastName': 'Eifert', 'ngsPosition': 'SLOT_WR', 'ngsPositionGroup': 'TE', 'position': 'TE', 'positionGroup': 'TE', 'shortName': 'T.Eifert', 'smartId': '32004549-4613-1143-bfd0-182bad3b5b94', 'status': 'UFA', 'uniformNumber': '88'}",Tyler Eifert,TE,2250,2020,tyler eifert,JAX,9/8/1990,15434.58898
6.290133333,3.864131381,10.2908642,3.412791636,3.804576271,-0.05955511,72.83950617,28.29588543,0,59,81,729,"{'season': 2020, 'currentTeamId': '3200', 'displayName': 'Jakobi Meyers', 'esbId': 'MEY171606', 'firstName': 'Jakobi', 'footballName': 'Jakobi', 'gsisId': '00-0034960', 'gsisItId': 48097, 'headshot': 'https://static.www.nfl.com/image/private/{formatInstructions}/league/b9kob1qeepd8fm7drm5f', 'jerseyNumber': 16, 'lastName': 'Meyers', 'ngsPosition': 'SLOT_WR', 'ngsPositionGroup': 'WR', 'position': 'WR', 'positionGroup': 'WR', 'shortName': 'J.Meyers', 'smartId': '32004d45-5917-1606-4197-8f46779fb9b7', 'status': 'ACT', 'uniformNumber': '16'}",Jakobi Meyers,WR,3200,2020,jakobi meyers,NE,11/9/1996,24540.60019
6.276166667,5.835817866,8.503114754,3.174078157,7.08325,1.247432134,65.57377049,13.0206346,1,40,61,503,"{'season': 2020, 'currentTeamId': '2200', 'displayName': 'Michael Pittman', 'esbId': 'PIT228050', 'firstName': 'Michael', 'footballName': 'Michael', 'gsisId': '00-0036252', 'gsisItId': 52442, 'headshot': None, 'jerseyNumber': 11, 'lastName': 'Pittman', 'ngsPosition': 'WR', 'ngsPositionGroup': 'WR', 'position': 'WR', 'positionGroup': 'WR', 'shortName': 'M.Pittman', 'smartId': '32005049-5422-8050-a8f8-f5210135a4b3', 'status': 'ACT', 'uniformNumber': '11'}",Michael Pittman,WR,2200,2020,michael pittman,IND,10/5/1997,9697.411646
6.26923913,4.186592712,8.78980198,3.208957795,4.885833333,0.699240621,71.28712871,21.1461415,3,72,101,840,"{'season': 2020, 'currentTeamId': '1050', 'displayName': 'Jarvis Landry', 'esbId': 'LAN163029', 'firstName': 'Jarvis', 'footballName': 'Jarvis', 'gsisId': '00-0031382', 'gsisItId': 41292, 'headshot': 'https://static.www.nfl.com/image/private/{formatInstructions}/league/munogq6pr4gicsicbyhh', 'jerseyNumber': 80, 'lastName': 'Landry', 'ngsPosition': 'SLOT_WR', 'ngsPositionGroup': 'WR', 'position': 'WR', 'positionGroup': 'WR', 'shortName': 'J.Landry', 'smartId': '32004c41-4e16-3029-78da-4985470f8aab', 'status': 'ACT', 'uniformNumber': '80'}",Jarvis Landry,WR,1050,2020,jarvis landry,CLE,11/28/1992,9047.314267
6.266885246,3.702748723,15.905,3.16748388,3.934285714,0.231536991,56.4516129,19.4541222,7,35,62,599,"{'season': 2020, 'currentTeamId': '0610', 'displayName': 'Gabriel Davis', 'esbId': 'DAV329675', 'firstName': 'Gabriel', 'footballName': 'Gabriel', 'gsisId': '00-0036196', 'gsisItId': 52536, 'headshot': 'https://static.www.nfl.com/image/private/{formatInstructions}/league/gsci852t9zgfxblq9ukz', 'jerseyNumber': 13, 'lastName': 'Davis', 'ngsPosition': 'WR', 'ngsPositionGroup': 'WR', 'position': 'WR', 'positionGroup': 'WR', 'shortName': 'G.Davis', 'smartId': '32004441-5632-9675-38f5-3e009da4e98e', 'status': 'ACT', 'uniformNumber': '13'}",Gabriel Davis,WR,610,2020,gabriel davis,BUF,3/1/1999,21727.15594
6.250163934,5.27419367,8.760483871,3.212629714,5.747777778,0.473584108,72.58064516,9.697981484,4,45,62,483,"{'season': 2020, 'currentTeamId': '4900', 'displayName': 'Antonio Brown', 'esbId': 'BRO000001', 'firstName': 'Antonio', 'footballName': 'Antonio', 'gsisId': '00-0027793', 'gsisItId': 35634, 'headshot': 'https://static.www.nfl.com/image/private/{formatInstructions}/league/cyerysyv0ar5zndo5wik', 'jerseyNumber': 81, 'lastName': 'Brown', 'ngsPosition': 'WR', 'ngsPositionGroup': 'WR', 'position': 'WR', 'positionGroup': 'WR', 'shortName': 'A.Brown', 'smartId': '32004252-4f00-0001-4ac0-67a98b776d89', 'status': 'ACT', 'uniformNumber': '81'}",Antonio Brown,WR,4900,2020,antonio brown,TB,7/10/1988,20782.13439
6.238108108,5.383789872,12.61111111,3.904784194,5.808709677,0.424919806,68.88888889,13.13493221,4,31,45,438,"{'season': 2020, 'currentTeamId': '3800', 'displayName': 'Dan Arnold', 'esbId': 'ARN413883', 'firstName': 'Daniel', 'footballName': 'Dan', 'gsisId': '00-0034011', 'gsisItId': 45785, 'headshot': 'https://static.www.nfl.com/image/private/{formatInstructions}/league/od0cezg8gqjalkzvuju6', 'jerseyNumber': 85, 'lastName': 'Arnold', 'ngsPosition': 'TE', 'ngsPositionGroup': 'TE', 'position': 'TE', 'positionGroup': 'TE', 'shortName': 'D.Arnold', 'smartId': '32004152-4e41-3883-2521-46a3b5976b3b', 'status': 'ACT', 'uniformNumber': '85'}",Dan Arnold,TE,3800,2020,dan arnold,ARI,3/15/1995,22615.58572
6.223333333,6.452034026,10.18065217,3.691646872,6.091818182,-0.360215844,71.73913043,11.57538547,3,33,46,451,"{'season': 2020, 'currentTeamId': '1800', 'displayName': 'Allen Lazard', 'esbId': 'LAZ043714', 'firstName': 'Allen', 'footballName': 'Allen', 'gsisId': '00-0034521', 'gsisItId': 46705, 'headshot': 'https://static.www.nfl.com/image/private/{formatInstructions}/league/ymohw0lnwbqphttnfouy', 'jerseyNumber': 13, 'lastName': 'Lazard', 'ngsPosition': 'WR', 'ngsPositionGroup': 'WR', 'position': 'WR', 'positionGroup': 'WR', 'shortName': 'A.Lazard', 'smartId': '32004c41-5a04-3714-cfb7-872b20b0ce13', 'status': 'ACT', 'uniformNumber': '13'}",Allen Lazard,WR,1800,2020,allen lazard,GB,12/11/1995,12380.53793
6.222926829,3.314748202,7.508723404,3.253626961,3.1675,-0.147248202,59.57446809,8.859072196,3,28,47,250,"{'season': 2020, 'currentTeamId': '2200', 'displayName': 'Trey Burton', 'esbId': 'BUR817654', 'firstName': 'Lawrence', 'footballName': 'Trey', 'gsisId': '00-0030710', 'gsisItId': 41548, 'headshot': 'https://static.www.nfl.com/image/private/{formatInstructions}/league/vt2ce0szit4ozyh5s5iw', 'jerseyNumber': 80, 'lastName': 'Burton', 'ngsPosition': 'TE', 'ngsPositionGroup': 'TE', 'position': 'TE', 'positionGroup': 'TE', 'shortName': 'T.Burton', 'smartId': '32004255-5281-7654-2730-ce3d8995f838', 'status': 'UFA', 'uniformNumber': '80'}",Trey Burton,TE,2200,2020,trey burton,IND,10/29/1991,9697.411646
6.218,3.472188841,9.648783784,2.845233708,4.544897959,1.072709119,66.21621622,18.94292529,2,49,74,667,"{'season': 2020, 'currentTeamId': '4500', 'displayName': 'Kendrick Bourne', 'esbId': 'BOU434790', 'firstName': 'Kendrick', 'footballName': 'Kendrick', 'gsisId': '00-0033307', 'gsisItId': 45185, 'headshot': 'https://static.www.nfl.com/image/private/{formatInstructions}/league/ds0gb18xysmfji01ma58', 'jerseyNumber': 84, 'lastName': 'Bourne', 'ngsPosition': 'WR', 'ngsPositionGroup': 'WR', 'position': 'WR', 'positionGroup': 'WR', 'shortName': 'K.Bourne', 'smartId': '3200424f-5543-4790-acfc-7b92d77f3c8b', 'status': 'ACT', 'uniformNumber': '84'}",Kendrick Bourne,WR,4500,2020,kendrick bourne,SF,8/4/1995,25451.52813
6.205583333,4.02851175,10.00545455,3.395380351,3.4658,-0.56271175,75.75757576,28.60503044,10,100,132,1054,"{'season': 2020, 'currentTeamId': '4600', 'displayName': 'Tyler Lockett', 'esbId': 'LOC420915', 'firstName': 'Tyler', 'footballName': 'Tyler', 'gsisId': '00-0032211', 'gsisItId': 42412, 'headshot': 'https://static.www.nfl.com/image/private/{formatInstructions}/league/kwcxus7rlqurps3gbbwu', 'jerseyNumber': 16, 'lastName': 'Lockett', 'ngsPosition': 'SLOT_WR', 'ngsPositionGroup': 'WR', 'position': 'WR', 'positionGroup': 'WR', 'shortName': 'T.Lockett', 'smartId': '32004c4f-4342-0915-1af7-ec50f437887c', 'status': 'ACT', 'uniformNumber': '16'}",Tyler Lockett,WR,4600,2020,tyler lockett,SEA,9/28/1992,28986.91208
6.191351351,4.290852386,11.97417722,3.454007267,3.901875,-0.388977386,60.75949367,21.89448541,6,48,79,621,"{'season': 2020, 'currentTeamId': '3800', 'displayName': 'Christian Kirk', 'esbId': 'KIR257918', 'firstName': 'Christian', 'footballName': 'Christian', 'gsisId': '00-0034775', 'gsisItId': 46116, 'headshot': 'https://static.www.nfl.com/image/private/{formatInstructions}/league/yrt2bdvkrknccsofrtvs', 'jerseyNumber': 13, 'lastName': 'Kirk', 'position': 'WR', 'positionGroup': 'WR', 'shortName': 'C.Kirk', 'smartId': '32004b49-5225-7918-e402-81feed3bdafb', 'status': 'RES', 'uniformNumber': '13', 'ngsPosition': 'WR', 'ngsPositionGroup': 'WR'}",Christian Kirk,WR,3800,2020,christian kirk,ARI,11/18/1996,22615.58572
6.191090909,4.957030788,16.40527273,3.070112757,6.755357143,1.798326355,50.90909091,19.18835118,3,28,55,511,"{'season': 2020, 'currentTeamId': '4400', 'displayName': 'Jalen Guyton', 'esbId': 'GUY706299', 'firstName': 'Jalen', 'footballName': 'Jalen', 'gsisId': '00-0035414', 'gsisItId': 48556, 'headshot': 'https://static.www.nfl.com/image/private/{formatInstructions}/league/dsh0m17sl7afrzo9xnd7', 'jerseyNumber': 15, 'lastName': 'Guyton', 'ngsPosition': 'WR', 'ngsPositionGroup': 'WR', 'position': 'WR', 'positionGroup': 'WR', 'shortName': 'J.Guyton', 'smartId': '32004755-5970-6299-fcda-7c74fd80b038', 'status': 'ACT', 'uniformNumber': '15'}",Jalen Guyton,WR,4400,2020,jalen guyton,LAC,6/7/1997,25398.18167
6.19060241,3.822835035,7.094220183,2.947230694,4.733968254,0.911133219,57.79816514,19.73100693,1,63,109,654,"{'season': 2020, 'currentTeamId': '3410', 'displayName': 'Evan Engram', 'esbId': 'ENG726325', 'firstName': 'Evan', 'footballName': 'Evan', 'gsisId': '00-0033881', 'gsisItId': 44835, 'headshot': 'https://static.www.nfl.com/image/private/{formatInstructions}/league/nyhnfypbeatlkr7wveja', 'jerseyNumber': 88, 'lastName': 'Engram', 'ngsPosition': 'SLOT_WR', 'ngsPositionGroup': 'TE', 'position': 'TE', 'positionGroup': 'TE', 'shortName': 'E.Engram', 'smartId': '3200454e-4772-6325-a4a0-9b4b442fe68a', 'status': 'ACT', 'uniformNumber': '88'}",Evan Engram,TE,3410,2020,evan engram,NYG,9/2/1994,15911.48802
6.18915493,4.85854388,6.92655914,3.473756995,6.12016129,1.26161741,66.66666667,12.7588734,3,62,93,673,"{'season': 2020, 'currentTeamId': '1400', 'displayName': 'Noah Fant', 'esbId': 'FAN405165', 'firstName': 'Noah', 'footballName': 'Noah', 'gsisId': '00-0035644', 'gsisItId': 47803, 'headshot': 'https://static.www.nfl.com/image/private/{formatInstructions}/league/lbzwxhdsynwom7ustooi', 'jerseyNumber': 87, 'lastName': 'Fant', 'ngsPosition': 'TE', 'ngsPositionGroup': 'TE', 'position': 'TE', 'positionGroup': 'TE', 'shortName': 'N.Fant', 'smartId': '32004641-4e40-5165-5070-db7e36dbc0d7', 'status': 'ACT', 'uniformNumber': '87'}",Noah Fant,TE,1400,2020,noah fant,DEN,11/20/1997,18555.71152
6.188,4.119554905,15.31188679,3.437165888,3.774848485,-0.34470642,62.26415094,14.48992528,3,33,53,501,"{'season': 2020, 'currentTeamId': '4900', 'displayName': 'Scott Miller', 'esbId': 'MIL546315', 'firstName': 'Scott', 'footballName': 'Scott', 'gsisId': '00-0035298', 'gsisItId': 47991, 'headshot': 'https://static.www.nfl.com/image/private/{formatInstructions}/league/knmpvvmftnvmqtx5g8me', 'jerseyNumber': 10, 'lastName': 'Miller', 'ngsPosition': 'WR', 'ngsPositionGroup': 'WR', 'position': 'WR', 'positionGroup': 'WR', 'shortName': 'S.Miller', 'smartId': '32004d49-4c54-6315-cdf3-7806972abae8', 'status': 'ACT', 'uniformNumber': '10'}",Scott Miller,WR,4900,2020,scott miller,TB,7/31/1997,20782.13439
6.18688172,4.701335438,7.87411215,3.510714332,4.452804878,-0.24853056,76.63551402,16.62155497,4,82,107,967,"{'season': 2020, 'currentTeamId': '0610', 'displayName': 'Cole Beasley', 'esbId': 'BEA434808', 'firstName': 'Cole', 'footballName': 'Cole', 'gsisId': '00-0029000', 'gsisItId': 38947, 'headshot': 'https://static.www.nfl.com/image/private/{formatInstructions}/league/ydpdhw4uw8rc2bobc6b7', 'jerseyNumber': 11, 'lastName': 'Beasley', 'ngsPosition': 'SLOT_WR', 'ngsPositionGroup': 'WR', 'position': 'WR', 'positionGroup': 'WR', 'shortName': 'C.Beasley', 'smartId': '32004245-4143-4808-b9d8-45a5d1a5ad73', 'status': 'ACT', 'uniformNumber': '11'}",Cole Beasley,WR,610,2020,cole beasley,BUF,4/26/1989,21727.15594
6.172769231,3.284252101,11.73441176,2.73293571,4.708627451,1.42437535,75,14.58130419,3,51,68,771,"{'season': 2020, 'currentTeamId': '0200', 'displayName': 'Julio Jones', 'esbId': 'JON640315', 'firstName': 'Quintorris', 'footballName': 'Julio', 'gsisId': '00-0027944', 'gsisItId': 37079, 'headshot': 'https://static.www.nfl.com/image/private/{formatInstructions}/league/qs9ucm0ucvjjkbumufh8', 'jerseyNumber': 11, 'lastName': 'Jones', 'position': 'WR', 'positionGroup': 'WR', 'shortName': 'J.Jones', 'smartId': '32004a4f-4e64-0315-6848-b53a911b9cd3', 'status': 'INA', 'uniformNumber': '11', 'ngsPosition': 'WR', 'ngsPositionGroup': 'WR'}",Julio Jones,WR,200,2020,julio jones,ATL,2/8/1989,12167.0377
6.159512195,4.489490311,8.636458333,3.226845766,6.026969697,1.537479386,68.75,11.84936401,3,33,48,432,"{'season': 2020, 'currentTeamId': '0325', 'displayName': 'Willie Snead', 'esbId': 'SNE115447', 'firstName': 'Willie', 'footballName': 'Willie', 'gsisId': '00-0030663', 'gsisItId': 41500, 'headshot': 'https://static.www.nfl.com/image/private/{formatInstructions}/league/xg1dlgeps42vv2gx8qkt', 'jerseyNumber': 83, 'lastName': 'Snead', 'ngsPosition': 'SLOT_WR', 'ngsPositionGroup': 'WR', 'position': 'WR', 'positionGroup': 'WR', 'shortName': 'W.Snead', 'smartId': '3200534e-4511-5447-652c-c9261bcca6a7', 'status': 'ACT', 'uniformNumber': '83'}",Willie Snead,WR,325,2020,willie snead,BAL,10/17/1992,8024.270075
6.159423077,2.938530966,12.13472222,2.668449227,3.21,0.271469034,68.51851852,32.46909298,14,74,108,925,"{'season': 2020, 'currentTeamId': '3000', 'displayName': 'Adam Thielen', 'esbId': 'THI510348', 'firstName': 'Adam', 'footballName': 'Adam', 'gsisId': '00-0030035', 'gsisItId': 40488, 'headshot': 'https://static.www.nfl.com/image/private/{formatInstructions}/league/ivv1msxgjhj02lwmkwtj', 'jerseyNumber': 19, 'lastName': 'Thielen', 'ngsPosition': 'WR', 'ngsPositionGroup': 'WR', 'position': 'WR', 'positionGroup': 'WR', 'shortName': 'A.Thielen', 'smartId': '32005448-4951-0348-440c-28f32f21652b', 'status': 'ACT', 'uniformNumber': '19'}",Adam Thielen,WR,3000,2020,adam thielen,MIN,8/22/1990,12972.40301
6.153877551,5.850756793,7.873389831,4.243192498,4.457307692,-1.3934491,88.13559322,11.48195386,11,52,59,586,"{'season': 2020, 'currentTeamId': '1800', 'displayName': 'Robert Tonyan', 'esbId': 'TON816385', 'firstName': 'Robert', 'footballName': 'Robert', 'gsisId': '00-0033757', 'gsisItId': 45635, 'headshot': 'https://static.www.nfl.com/image/private/{formatInstructions}/league/z9djtrw0ncxandqumune', 'jerseyNumber': 85, 'lastName': 'Tonyan', 'ngsPosition': 'TE', 'ngsPositionGroup': 'TE', 'position': 'TE', 'positionGroup': 'TE', 'shortName': 'R.Tonyan', 'smartId': '3200544f-4e81-6385-721e-9beac148ba1c', 'status': 'ACT', 'uniformNumber': '85'}",Robert Tonyan,TE,1800,2020,robert tonyan,GB,4/30/1994,12380.53793
6.143,3.645406925,5.915277778,3.312021113,3.557407407,-0.087999518,75,9.857564101,1,54,72,409,"{'season': 2020, 'currentTeamId': '3800', 'displayName': 'Larry Fitzgerald', 'esbId': 'FIT437493', 'firstName': 'Larry', 'footballName': 'Larry', 'gsisId': '00-0022921', 'gsisItId': 28955, 'headshot': 'https://static.www.nfl.com/image/private/{formatInstructions}/league/ycgjjaad5un42gy4pnga', 'jerseyNumber': 11, 'lastName': 'Fitzgerald', 'position': 'WR', 'positionGroup': 'WR', 'shortName': 'L.Fitzgerald', 'smartId': '32004649-5443-7493-c0df-1747b7d5c143', 'status': 'UFA', 'uniformNumber': '11', 'ngsPosition': 'SLOT_WR', 'ngsPositionGroup': 'WR'}",Larry Fitzgerald,WR,3800,2020,larry fitzgerald,ARI,8/31/1983,22615.58572
6.141764706,3.558334903,11.01839286,3.189248627,4.418333333,0.85999843,53.57142857,12.22131992,3,30,56,381,"{'season': 2020, 'currentTeamId': '1400', 'displayName': 'K.J. Hamler', 'esbId': 'HAM386186', 'firstName': 'Kahlee', 'footballName': 'K.J.', 'gsisId': '00-0036412', 'gsisItId': 52454, 'headshot': 'https://static.www.nfl.com/image/private/{formatInstructions}/league/w2zhcr5cconyonvyhhbo', 'jerseyNumber': 13, 'lastName': 'Hamler', 'position': 'WR', 'positionGroup': 'WR', 'shortName': 'K.Hamler', 'smartId': '32004841-4d38-6186-eea5-110d32b9644c', 'status': 'RES', 'uniformNumber': '13', 'ngsPosition': 'SLOT_WR', 'ngsPositionGroup': 'WR'}",K.J. Hamler,WR,1400,2020,kj hamler,DEN,7/8/1999,18555.71152
6.138846154,4.141888592,5.827265625,3.056727046,4.386185567,0.244296975,75.78125,15.7165132,9,97,128,831,"{'season': 2020, 'currentTeamId': '3900', 'displayName': 'JuJu Smith-Schuster', 'esbId': 'SMI829709', 'firstName': 'John', 'footballName': 'JuJu', 'gsisId': '00-0033857', 'gsisItId': 44874, 'headshot': 'https://static.www.nfl.com/image/private/{formatInstructions}/league/sp4gz46f1rkpksvsmtg7', 'jerseyNumber': 19, 'lastName': 'Smith-Schuster', 'ngsPosition': 'SLOT_WR', 'ngsPositionGroup': 'WR', 'position': 'WR', 'positionGroup': 'WR', 'shortName': 'J.Smith-Schuster', 'smartId': '3200534d-4982-9709-6877-2f8181b1e986', 'status': 'ACT', 'uniformNumber': '19'}",JuJu Smith-Schuster,WR,3900,2020,juju smith-schuster,PIT,11/22/1996,6626.193273
6.100909091,2.386768086,13.06313433,2.491713158,2.898421053,0.511652967,56.71641791,16.80310401,4,38,67,539,"{'season': 2020, 'currentTeamId': '3700', 'displayName': 'Travis Fulgham', 'esbId': 'FUL119395', 'firstName': 'Travis', 'footballName': 'Travis', 'gsisId': '00-0035592', 'gsisItId': 47967, 'headshot': 'https://static.www.nfl.com/image/private/{formatInstructions}/league/l7cyohbdkvt8qmglk6fp', 'jerseyNumber': 13, 'lastName': 'Fulgham', 'ngsPosition': 'WR', 'ngsPositionGroup': 'WR', 'position': 'WR', 'positionGroup': 'WR', 'shortName': 'T.Fulgham', 'smartId': '32004655-4c11-9395-5f24-196b3c9defed', 'status': 'CUT', 'uniformNumber': '13'}",Travis Fulgham,WR,3700,2020,travis fulgham,PHI,9/13/1995,14898.41217
6.088,4.592990373,6.796444444,3.640405903,4.546129032,-0.046861341,68.88888889,7.52360968,3,31,45,287,"{'season': 2020, 'currentTeamId': '3430', 'displayName': 'Christopher Herndon', 'esbId': 'HER373492', 'firstName': 'Christopher', 'footballName': 'Christopher', 'gsisId': '00-0034766', 'gsisItId': 46176, 'headshot': 'https://static.www.nfl.com/image/private/{formatInstructions}/league/orypxaqv1ux3nbqssqqx', 'jerseyNumber': 89, 'lastName': 'Herndon', 'ngsPosition': 'TE', 'ngsPositionGroup': 'TE', 'position': 'TE', 'positionGroup': 'TE', 'shortName': 'C.Herndon', 'smartId': '32004845-5237-3492-2b18-4e74e810b869', 'status': 'ACT', 'uniformNumber': '89'}",Christopher Herndon,TE,3430,2020,christopher herndon,NYJ,2/23/1996,21108.92106
6.087142857,4.22401074,13.82909091,2.805171821,3.969130435,-0.254880305,52.27272727,12.05197275,2,23,44,293,"{'season': 2020, 'currentTeamId': '1400', 'displayName': 'DaeSean Hamilton', 'esbId': 'HAM200565', 'firstName': 'DaeSean', 'footballName': 'DaeSean', 'gsisId': '00-0034370', 'gsisItId': 46182, 'headshot': 'https://static.www.nfl.com/image/private/{formatInstructions}/league/thfspx6c8befeosbsj1b', 'jerseyNumber': 17, 'lastName': 'Hamilton', 'ngsPosition': 'WR', 'ngsPositionGroup': 'WR', 'position': 'WR', 'positionGroup': 'WR', 'shortName': 'D.Hamilton', 'smartId': '32004841-4d20-0565-a51e-2028f6290d41', 'status': 'ACT', 'uniformNumber': '17'}",DaeSean Hamilton,WR,1400,2020,daesean hamilton,DEN,3/10/1995,18555.71152
6.086571429,3.045828476,14.88398601,2.92646925,3.071222222,0.025393746,62.93706294,38.89389385,9,90,143,1374,"{'season': 2020, 'currentTeamId': '0200', 'displayName': 'Calvin Ridley', 'esbId': 'RID652384', 'firstName': 'Calvin', 'footballName': 'Calvin', 'gsisId': '00-0034837', 'gsisItId': 46095, 'headshot': 'https://static.www.nfl.com/image/private/{formatInstructions}/league/r8hye4mvynz7fxbfooxw', 'jerseyNumber': 18, 'lastName': 'Ridley', 'ngsPosition': 'WR', 'ngsPositionGroup': 'WR', 'position': 'WR', 'positionGroup': 'WR', 'shortName': 'C.Ridley', 'smartId': '32005249-4465-2384-7253-3a4b46622aa9', 'status': 'ACT', 'uniformNumber': '18'}",Calvin Ridley,WR,200,2020,calvin ridley,ATL,12/20/1994,12167.0377
6.0845,4.298200759,7.553595506,3.23180278,5.589491525,1.291290766,66.29213483,16.5377226,6,59,89,699,"{'season': 2020, 'currentTeamId': '3430', 'displayName': 'Jamison Crowder', 'esbId': 'CRO697273', 'firstName': 'Jamison', 'footballName': 'Jamison', 'gsisId': '00-0031941', 'gsisItId': 42448, 'headshot': 'https://static.www.nfl.com/image/private/{formatInstructions}/league/vvkr9dehtvp58emtgn4y', 'jerseyNumber': 82, 'lastName': 'Crowder', 'ngsPosition': 'SLOT_WR', 'ngsPositionGroup': 'WR', 'position': 'WR', 'positionGroup': 'WR', 'shortName': 'J.Crowder', 'smartId': '32004352-4f69-7273-6662-7a928881f033', 'status': 'ACT', 'uniformNumber': '82'}",Jamison Crowder,WR,3430,2020,jamison crowder,NYJ,6/17/1993,21108.92106
6.038035714,2.932106461,8.152982456,2.854030523,3.332727273,0.400620812,57.89473684,15.77530577,2,33,57,309,"{'season': 2020, 'currentTeamId': '3200', 'displayName': ""N'Keal Harry"", 'esbId': 'HAR654593', 'firstName': ""N'Keal"", 'footballName': ""N'Keal"", 'gsisId': '00-0035624', 'gsisItId': 47815, 'headshot': 'https://static.www.nfl.com/image/private/{formatInstructions}/league/btk6zy5hg3kulr1g7kfh', 'jerseyNumber': 15, 'lastName': 'Harry', 'ngsPosition': 'WR', 'ngsPositionGroup': 'WR', 'position': 'WR', 'positionGroup': 'WR', 'shortName': 'N.Harry', 'smartId': '32004841-5265-4593-d716-d972ec2d4468', 'status': 'ACT', 'uniformNumber': '15'}",N'Keal Harry,WR,3200,2020,n'keal harry,NE,12/17/1997,24540.60019
6.029230769,4.254826103,13.40788136,2.51026078,6.096212121,1.841386019,55.93220339,39.57471929,4,66,118,1193,"{'season': 2020, 'currentTeamId': '0750', 'displayName': 'D.J. Moore', 'esbId': 'MOO272423', 'firstName': 'Denniston', 'footballName': 'D.J.', 'gsisId': '00-0034827', 'gsisItId': 46093, 'headshot': 'https://static.www.nfl.com/image/private/{formatInstructions}/league/yy6o0pkengsmm6dox1wy', 'jerseyNumber': 12, 'lastName': 'Moore', 'ngsPosition': 'WR', 'ngsPositionGroup': 'WR', 'position': 'WR', 'positionGroup': 'WR', 'shortName': 'D.Moore', 'smartId': '32004d4f-4f27-2423-f0b4-728a741b03cb', 'status': 'ACT', 'uniformNumber': '12'}",D.J. Moore,WR,750,2020,dj moore,CAR,4/14/1997,12642.02966
5.930833333,4.733315451,15.574,2.620778234,5.662,0.928684549,50,22.98705803,3,30,60,505,"{'season': 2020, 'currentTeamId': '3430', 'displayName': 'Breshad Perriman', 'esbId': 'PER440170', 'firstName': 'Breshad', 'footballName': 'Breshad', 'gsisId': '00-0032054', 'gsisItId': 42369, 'headshot': 'https://static.www.nfl.com/image/private/{formatInstructions}/league/bne5jiks934q5elln42g', 'jerseyNumber': 19, 'lastName': 'Perriman', 'ngsPosition': 'WR', 'ngsPositionGroup': 'WR', 'position': 'WR', 'positionGroup': 'WR', 'shortName': 'B.Perriman', 'smartId': '32005045-5244-0170-6920-f60eb457c1fb', 'status': 'CUT', 'uniformNumber': '19'}",Breshad Perriman,WR,3430,2020,breshad perriman,NYJ,9/10/1993,21108.92106
5.918194444,3.34153075,11.13388235,2.049102035,3.775471698,0.433940948,62.35294118,22.27174742,6,53,85,703,"{'season': 2020, 'currentTeamId': '2700', 'displayName': 'Mike Gesicki', 'esbId': 'GES490798', 'firstName': 'Michael', 'footballName': 'Mike', 'gsisId': '00-0034829', 'gsisItId': 46111, 'headshot': 'https://static.www.nfl.com/image/private/{formatInstructions}/league/faruxkrb5psvgxbzab4j', 'jerseyNumber': 88, 'lastName': 'Gesicki', 'ngsPosition': 'SLOT_WR', 'ngsPositionGroup': 'TE', 'position': 'TE', 'positionGroup': 'TE', 'shortName': 'M.Gesicki', 'smartId': '32004745-5349-0798-d83d-d46852aa6fbb', 'status': 'ACT', 'uniformNumber': '88'}",Mike Gesicki,TE,2700,2020,mike gesicki,MIA,10/3/1995,24425.94498
5.903253012,3.593147868,8.620636364,2.741550116,4.762531646,1.169383777,71.81818182,19.89413794,4,79,110,841,"{'season': 2020, 'currentTeamId': '0920', 'displayName': 'Tyler Boyd', 'esbId': 'BOY378353', 'firstName': 'Tyler', 'footballName': 'Tyler', 'gsisId': '00-0033009', 'gsisItId': 43344, 'headshot': 'https://static.www.nfl.com/image/private/{formatInstructions}/league/mwjj5sldplsmfnwqpzbe', 'jerseyNumber': 83, 'lastName': 'Boyd', 'ngsPosition': 'SLOT_WR', 'ngsPositionGroup': 'WR', 'position': 'WR', 'positionGroup': 'WR', 'shortName': 'T.Boyd', 'smartId': '3200424f-5937-8353-b941-dfa7122ba16b', 'status': 'ACT', 'uniformNumber': '83'}",Tyler Boyd,WR,920,2020,tyler boyd,CIN,11/15/1994,7505.353931
5.873218391,4.6352393,9.376486486,3.015356083,4.560945946,-0.074293354,66.66666667,22.3027703,5,74,111,935,"{'season': 2020, 'currentTeamId': '1200', 'displayName': 'CeeDee Lamb', 'esbId': 'LAM138457', 'firstName': 'Cedarian', 'footballName': 'CeeDee', 'gsisId': '00-0036358', 'gsisItId': 52425, 'headshot': 'https://static.www.nfl.com/image/private/{formatInstructions}/league/e8ftgnyivmkwtffd6tcr', 'jerseyNumber': 88, 'lastName': 'Lamb', 'ngsPosition': 'SLOT_WR', 'ngsPositionGroup': 'WR', 'position': 'WR', 'positionGroup': 'WR', 'shortName': 'C.Lamb', 'smartId': '32004c41-4d13-8457-fcbe-d37fdbd87233', 'status': 'ACT', 'uniformNumber': '88'}",CeeDee Lamb,WR,1200,2020,ceedee lamb,DAL,4/8/1999,19448.69305
5.858305085,3.152623173,7.33875,2.967404201,2.862222222,-0.290400951,50,10.14429593,1,36,72,335,"{'season': 2020, 'currentTeamId': '3700', 'displayName': 'Zach Ertz', 'esbId': 'ERT800920', 'firstName': 'Zachary', 'footballName': 'Zach', 'gsisId': '00-0030061', 'gsisItId': 39983, 'headshot': 'https://static.www.nfl.com/image/private/{formatInstructions}/league/icuoo1jw9otwklr1xudr', 'jerseyNumber': 86, 'lastName': 'Ertz', 'ngsPosition': 'SLOT_WR', 'ngsPositionGroup': 'TE', 'position': 'TE', 'positionGroup': 'TE', 'shortName': 'Z.Ertz', 'smartId': '32004552-5480-0920-32a6-165b5a77814e', 'status': 'ACT', 'uniformNumber': '86'}",Zach Ertz,TE,3700,2020,zach ertz,PHI,11/10/1990,14898.41217
5.8521875,4.84052295,4.45490566,3.855346143,5.1995,0.35897705,75.47169811,4.953446706,1,40,53,349,"{'season': 2020, 'currentTeamId': '0920', 'displayName': 'Drew Sample', 'esbId': 'SAM093961', 'firstName': 'Drew', 'footballName': 'Drew', 'gsisId': '00-0035631', 'gsisItId': 47835, 'headshot': 'https://static.www.nfl.com/image/private/{formatInstructions}/league/oefmqcyci8xlr8fxvnms', 'jerseyNumber': 89, 'lastName': 'Sample', 'ngsPosition': 'TE', 'ngsPositionGroup': 'TE', 'position': 'TE', 'positionGroup': 'TE', 'shortName': 'D.Sample', 'smartId': '32005341-4d09-3961-4a51-98a97d3cf50f', 'status': 'ACT', 'uniformNumber': '89'}",Drew Sample,TE,920,2020,drew sample,CIN,4/16/1996,7505.353931
5.831290323,4.654480276,10.93887324,2.94331581,5.584772727,0.930292451,61.97183099,19.49643539,5,44,71,629,"{'season': 2020, 'currentTeamId': '2200', 'displayName': 'Zach Pascal', 'esbId': 'PAS035497', 'firstName': 'Zachary', 'footballName': 'Zach', 'gsisId': '00-0033251', 'gsisItId': 45102, 'headshot': 'https://static.www.nfl.com/image/private/{formatInstructions}/league/ygh7tavdzx0h2ys4srxz', 'jerseyNumber': 14, 'lastName': 'Pascal', 'ngsPosition': 'SLOT_WR', 'ngsPositionGroup': 'WR', 'position': 'WR', 'positionGroup': 'WR', 'shortName': 'Z.Pascal', 'smartId': '32005041-5303-5497-62e8-1fb281a506b7', 'status': 'ACT', 'uniformNumber': '14'}",Zach Pascal,WR,2200,2020,zach pascal,IND,12/18/1994,9697.411646
5.821,3.579220381,6.059240506,3.523452703,3.032830189,-0.546390192,67.08860759,9.18993845,6,53,79,419,"{'season': 2020, 'currentTeamId': '3700', 'displayName': 'Greg Ward', 'esbId': 'WAR170484', 'firstName': 'Gregory', 'footballName': 'Greg', 'gsisId': '00-0033733', 'gsisItId': 45607, 'headshot': 'https://static.www.nfl.com/image/private/{formatInstructions}/league/u3rspijhwrmzah2fahpb', 'jerseyNumber': 84, 'lastName': 'Ward', 'ngsPosition': 'SLOT_WR', 'ngsPositionGroup': 'WR', 'position': 'WR', 'positionGroup': 'WR', 'shortName': 'G.Ward', 'smartId': '32005741-5217-0484-b321-8aea367bc0a5', 'status': 'ACT', 'uniformNumber': '84'}",Greg Ward,WR,3700,2020,greg ward,PHI,7/12/1995,14898.41217
5.806184211,4.280281811,11.85441558,2.981461598,3.493617021,-0.78666479,61.03896104,30.98541348,1,47,77,604,"{'season': 2020, 'currentTeamId': '3200', 'displayName': 'Damiere Byrd', 'esbId': 'BYR127180', 'firstName': 'Damiere', 'footballName': 'Damiere', 'gsisId': '00-0031868', 'gsisItId': 42899, 'headshot': 'https://static.www.nfl.com/image/private/{formatInstructions}/league/thhwhd13yrxfotpmg3mr', 'jerseyNumber': 10, 'lastName': 'Byrd', 'ngsPosition': 'WR', 'ngsPositionGroup': 'WR', 'position': 'WR', 'positionGroup': 'WR', 'shortName': 'D.Byrd', 'smartId': '32004259-5212-7180-f659-822413a5f5b7', 'status': 'ACT', 'uniformNumber': '10'}",Damiere Byrd,WR,3200,2020,damiere byrd,NE,1/27/1993,24540.60019
5.797131148,3.374740374,11.50008,2.634390197,5.318977273,1.944236899,70.4,35.61454798,7,88,125,1400,"{'season': 2020, 'currentTeamId': '3000', 'displayName': 'Justin Jefferson', 'esbId': 'JEF269287', 'firstName': 'Justin', 'footballName': 'Justin', 'gsisId': '00-0036322', 'gsisItId': 52430, 'headshot': None, 'jerseyNumber': 18, 'lastName': 'Jefferson', 'ngsPosition': 'WR', 'ngsPositionGroup': 'WR', 'position': 'WR', 'positionGroup': 'WR', 'shortName': 'J.Jefferson', 'smartId': '32004a45-4626-9287-c454-479b942cbd26', 'status': 'ACT', 'uniformNumber': '18'}",Justin Jefferson,WR,3000,2020,justin jefferson,MIN,6/16/1999,12972.40301
5.777477477,4.868387932,7.883931034,2.953782116,5.679906542,0.81151861,73.79310345,26.33213171,9,107,145,1196,"{'season': 2020, 'currentTeamId': '2520', 'displayName': 'Darren Waller', 'esbId': 'WAL509040', 'firstName': 'Darren', 'footballName': 'Darren', 'gsisId': '00-0031610', 'gsisItId': 42547, 'headshot': 'https://static.www.nfl.com/image/private/{formatInstructions}/league/rhkmz0hgvksweumwf03u', 'jerseyNumber': 83, 'lastName': 'Waller', 'ngsPosition': 'TE', 'ngsPositionGroup': 'TE', 'position': 'TE', 'positionGroup': 'TE', 'shortName': 'D.Waller', 'smartId': '32005741-4c50-9040-67d6-042691fb535a', 'status': 'ACT', 'uniformNumber': '83'}",Darren Waller,TE,2520,2020,darren waller,LV,9/13/1992,24146.69033
5.768918919,3.399045737,7.288090909,2.902572639,4.099166667,0.70012093,65.45454545,22.24185861,6,72,110,670,"{'season': 2020, 'currentTeamId': '5110', 'displayName': 'Logan Thomas', 'esbId': 'THO296280', 'firstName': 'Logan', 'footballName': 'Logan', 'gsisId': '00-0031260', 'gsisItId': 41349, 'headshot': 'https://static.www.nfl.com/image/private/{formatInstructions}/league/rdtcovvvxsmag3er42um', 'jerseyNumber': 82, 'lastName': 'Thomas', 'ngsPosition': 'SLOT_WR', 'ngsPositionGroup': 'TE', 'position': 'TE', 'positionGroup': 'TE', 'shortName': 'L.Thomas', 'smartId': '32005448-4f29-6280-e212-928e7f08f1ce', 'status': 'ACT', 'uniformNumber': '82'}",Logan Thomas,TE,5110,2020,logan thomas,WAS,7/1/1991,13707.10152
5.759047619,3.966526213,7.101842105,3.037817974,4.1266,0.160073787,65.78947368,11.4741378,8,50,76,456,"{'season': 2020, 'currentTeamId': '0810', 'displayName': 'Jimmy Graham', 'esbId': 'GRA207087', 'firstName': 'Jimmy', 'footballName': 'Jimmy', 'gsisId': '00-0027696', 'gsisItId': 35534, 'headshot': 'https://static.www.nfl.com/image/private/{formatInstructions}/league/iwwyf70p2gckryfv7cyn', 'jerseyNumber': 80, 'lastName': 'Graham', 'ngsPosition': 'TE', 'ngsPositionGroup': 'TE', 'position': 'TE', 'positionGroup': 'TE', 'shortName': 'J.Graham', 'smartId': '32004752-4120-7087-8983-64184106d580', 'status': 'ACT', 'uniformNumber': '80'}",Jimmy Graham,TE,810,2020,jimmy graham,CHI,11/24/1986,11587.30507
5.726792453,4.983655412,6.31,3.601964477,6.026341463,1.042686051,66.12903226,10.25429993,1,41,62,417,"{'season': 2020, 'currentTeamId': '2510', 'displayName': 'Gerald Everett', 'esbId': 'EVE166115', 'firstName': 'Gerald', 'footballName': 'Gerald', 'gsisId': '00-0033895', 'gsisItId': 44856, 'headshot': 'https://static.www.nfl.com/image/private/{formatInstructions}/league/rj2vwzixa1nf9h4nbasp', 'jerseyNumber': 81, 'lastName': 'Everett', 'ngsPosition': 'TE', 'ngsPositionGroup': 'TE', 'position': 'TE', 'positionGroup': 'TE', 'shortName': 'G.Everett', 'smartId': '32004556-4516-6115-f11c-124334bc44da', 'status': 'ACT', 'uniformNumber': '81'}",Gerald Everett,TE,2510,2020,gerald everett,LA,6/25/1994,31508.9842
5.726766917,4.642977006,7.237823129,2.944502019,4.6515,0.008522994,68.02721088,22.62647056,8,100,147,992,"{'season': 2020, 'currentTeamId': '4400', 'displayName': 'Keenan Allen', 'esbId': 'ALL532966', 'firstName': 'Keenan', 'footballName': 'Keenan', 'gsisId': '00-0030279', 'gsisItId': 40024, 'headshot': 'https://static.www.nfl.com/image/private/{formatInstructions}/league/b8qnvpzmwsfituhchmkp', 'jerseyNumber': 13, 'lastName': 'Allen', 'position': 'WR', 'positionGroup': 'WR', 'shortName': 'K.Allen', 'smartId': '3200414c-4c53-2966-dfa9-55ae464e7b3d', 'status': 'RES', 'uniformNumber': '13', 'ngsPosition': 'SLOT_WR', 'ngsPositionGroup': 'WR'}",Keenan Allen,WR,4400,2020,keenan allen,LAC,4/27/1992,25398.18167
5.722307692,4.84988836,5.683692308,3.27276598,6.260487805,1.410599444,63.07692308,9.421365364,8,41,65,448,"{'season': 2020, 'currentTeamId': '2100', 'displayName': 'Jonnu Smith', 'esbId': 'SMI443054', 'firstName': 'Jonnu', 'footballName': 'Jonnu', 'gsisId': '00-0033858', 'gsisItId': 44912, 'headshot': 'https://static.www.nfl.com/image/private/{formatInstructions}/league/lszb7vp0xxueph7ubdqc', 'jerseyNumber': 81, 'lastName': 'Smith', 'ngsPosition': 'TE', 'ngsPositionGroup': 'TE', 'position': 'TE', 'positionGroup': 'TE', 'shortName': 'J.Smith', 'smartId': '3200534d-4944-3054-540c-5ec35eb5903e', 'status': 'ACT', 'uniformNumber': '81'}",Jonnu Smith,TE,2100,2020,jonnu smith,TEN,8/22/1995,9106.518273
5.712242991,3.44367675,13.30431193,2.513778395,5.209354839,1.765678089,56.88073394,30.55626962,9,62,109,859,"{'season': 2020, 'currentTeamId': '3900', 'displayName': 'Chase Claypool', 'esbId': 'CLA781009', 'firstName': 'Chase', 'footballName': 'Chase', 'gsisId': '00-0036326', 'gsisItId': 52457, 'headshot': 'https://static.www.nfl.com/image/private/{formatInstructions}/league/to50lyvotmzynmy3ds1a', 'jerseyNumber': 11, 'lastName': 'Claypool', 'ngsPosition': 'WR', 'ngsPositionGroup': 'WR', 'position': 'WR', 'positionGroup': 'WR', 'shortName': 'C.Claypool', 'smartId': '3200434c-4178-1009-34a1-bfb9899e5d84', 'status': 'ACT', 'uniformNumber': '11'}",Chase Claypool,WR,3900,2020,chase claypool,PIT,7/7/1998,6626.193273
5.700263158,3.908519459,12.46189873,2.595981618,4.995098039,1.08657858,64.55696203,19.49948503,6,51,79,742,"{'season': 2020, 'currentTeamId': '1400', 'displayName': 'Tim Patrick', 'esbId': 'PAT283375', 'firstName': 'Tim', 'footballName': 'Tim', 'gsisId': '00-0033375', 'gsisItId': 45267, 'headshot': 'https://static.www.nfl.com/image/private/{formatInstructions}/league/wokwngkb2toke3lf8ejq', 'jerseyNumber': 81, 'lastName': 'Patrick', 'ngsPosition': 'WR', 'ngsPositionGroup': 'WR', 'position': 'WR', 'positionGroup': 'WR', 'shortName': 'T.Patrick', 'smartId': '32005041-5428-3375-95f4-ff207c5ba0aa', 'status': 'ACT', 'uniformNumber': '81'}",Tim Patrick,WR,1400,2020,tim patrick,DEN,11/23/1993,18555.71152
5.689506173,5.319777835,7.167425743,3.325123785,5.062686567,-0.257091268,66.33663366,14.55268062,6,67,101,723,"{'season': 2020, 'currentTeamId': '1540', 'displayName': 'T.J. Hockenson', 'esbId': 'HOC422041', 'firstName': 'Thomas', 'footballName': 'T.J.', 'gsisId': '00-0035229', 'gsisItId': 47791, 'headshot': 'https://static.www.nfl.com/image/private/{formatInstructions}/league/ad89lw2t6v9bywmbh2uu', 'jerseyNumber': 88, 'lastName': 'Hockenson', 'ngsPosition': 'TE', 'ngsPositionGroup': 'TE', 'position': 'TE', 'positionGroup': 'TE', 'shortName': 'T.Hockenson', 'smartId': '3200484f-4342-2041-c442-6c874885b155', 'status': 'ACT', 'uniformNumber': '88'}",T.J. Hockenson,TE,1540,2020,tj hockenson,DET,7/3/1997,10345.77332
5.675862069,3.51405395,10.82031746,2.785846581,4.70325,1.18919605,63.49206349,14.16498526,2,40,63,471,"{'season': 2020, 'currentTeamId': '2250', 'displayName': 'Chris Conley', 'esbId': 'CON236839', 'firstName': 'Christian', 'footballName': 'Chris', 'gsisId': '00-0032128', 'gsisItId': 42419, 'headshot': 'https://static.www.nfl.com/image/private/{formatInstructions}/league/wjg9xv9g6lrzc50tpemy', 'jerseyNumber': 18, 'lastName': 'Conley', 'ngsPosition': 'WR', 'ngsPositionGroup': 'WR', 'position': 'WR', 'positionGroup': 'WR', 'shortName': 'C.Conley', 'smartId': '3200434f-4e23-6839-29a1-a288b71f08e0', 'status': 'ACT', 'uniformNumber': '18'}",Chris Conley,WR,2250,2020,chris conley,JAX,10/25/1992,15434.58898
5.671454545,3.324876512,12.99357143,2.276561617,4.607333333,1.282456821,53.57142857,15.33197075,5,30,56,392,"{'season': 2020, 'currentTeamId': '3900', 'displayName': 'James Washington', 'esbId': 'WAS398381', 'firstName': 'James', 'footballName': 'James', 'gsisId': '00-0034676', 'gsisItId': 46129, 'headshot': 'https://static.www.nfl.com/image/private/{formatInstructions}/league/yptzwstif3onpqoobsau', 'jerseyNumber': 13, 'lastName': 'Washington', 'ngsPosition': 'WR', 'ngsPositionGroup': 'WR', 'position': 'WR', 'positionGroup': 'WR', 'shortName': 'J.Washington', 'smartId': '32005741-5339-8381-df30-c40eef116ddf', 'status': 'ACT', 'uniformNumber': '13'}",James Washington,WR,3900,2020,james washington,PIT,4/2/1996,6626.193273
5.670377358,4.351664934,6.921904762,3.859116871,6.624583333,2.272918399,76.19047619,11.56934897,2,48,63,634,"{'season': 2020, 'currentTeamId': '4500', 'displayName': 'George Kittle', 'esbId': 'KIT388290', 'firstName': 'George', 'footballName': 'George', 'gsisId': '00-0033288', 'gsisItId': 44959, 'headshot': 'https://static.www.nfl.com/image/private/{formatInstructions}/league/n5dvz5zxymahzxnl4cq3', 'jerseyNumber': 85, 'lastName': 'Kittle', 'ngsPosition': 'TE', 'ngsPositionGroup': 'TE', 'position': 'TE', 'positionGroup': 'TE', 'shortName': 'G.Kittle', 'smartId': '32004b49-5438-8290-eeed-c9c9cca62ec1', 'status': 'ACT', 'uniformNumber': '85'}",George Kittle,TE,4500,2020,george kittle,SF,10/9/1993,25451.52813
5.632089552,3.341108134,10.42590909,2.595598192,3.386551724,0.04544359,65.90909091,26.22495355,7,58,88,701,"{'season': 2020, 'currentTeamId': '0325', 'displayName': 'Mark Andrews', 'esbId': 'AND701433', 'firstName': 'Mark', 'footballName': 'Mark', 'gsisId': '00-0034753', 'gsisItId': 46155, 'headshot': 'https://static.www.nfl.com/image/private/{formatInstructions}/league/rx3nyhawhvj9lddniknj', 'jerseyNumber': 89, 'lastName': 'Andrews', 'ngsPosition': 'SLOT_WR', 'ngsPositionGroup': 'TE', 'position': 'TE', 'positionGroup': 'TE', 'shortName': 'M.Andrews', 'smartId': '3200414e-4470-1433-75dd-307507e53173', 'status': 'ACT', 'uniformNumber': '89'}",Mark Andrews,TE,325,2020,mark andrews,BAL,9/6/1995,8024.270075
5.626465517,4.217577848,13.22511111,3.433063851,5.22183908,1.004261233,64.44444444,35.58552813,15,87,135,1276,"{'season': 2020, 'currentTeamId': '2310', 'displayName': 'Tyreek Hill', 'esbId': 'HIL628694', 'firstName': 'Tyreek', 'footballName': 'Tyreek', 'gsisId': '00-0033040', 'gsisItId': 43454, 'headshot': 'https://static.www.nfl.com/image/private/{formatInstructions}/league/bsgiiaeo4l2arlrw1sbz', 'jerseyNumber': 10, 'lastName': 'Hill', 'ngsPosition': 'SLOT_WR', 'ngsPositionGroup': 'WR', 'position': 'WR', 'positionGroup': 'WR', 'shortName': 'T.Hill', 'smartId': '32004849-4c62-8694-8490-45499711dee4', 'status': 'ACT', 'uniformNumber': '10'}",Tyreek Hill,WR,2310,2020,tyreek hill,KC,3/1/1994,17702.04307
5.625490196,4.239709346,7.607666667,3.065636977,5.817045455,1.577336109,73.33333333,11.96431099,5,44,60,521,"{'season': 2020, 'currentTeamId': '2510', 'displayName': 'Tyler Higbee', 'esbId': 'HIG033222', 'firstName': 'Tyler', 'footballName': 'Tyler', 'gsisId': '00-0033110', 'gsisItId': 43399, 'headshot': 'https://static.www.nfl.com/image/private/{formatInstructions}/league/bj4bwulzt446tzapz5hf', 'jerseyNumber': 89, 'lastName': 'Higbee', 'ngsPosition': 'TE', 'ngsPositionGroup': 'TE', 'position': 'TE', 'positionGroup': 'TE', 'shortName': 'T.Higbee', 'smartId': '32004849-4703-3222-e4e8-bd596550bfdb', 'status': 'ACT', 'uniformNumber': '89'}",Tyler Higbee,TE,2510,2020,tyler higbee,LA,1/1/1993,31508.9842
5.609230769,2.93367814,14.21709677,2.280449723,3.317924528,0.384246389,56.98924731,27.47447755,5,53,93,706,"{'season': 2020, 'currentTeamId': '2250', 'displayName': 'D.J. Chark', 'esbId': 'CHA553392', 'firstName': 'Darrell', 'footballName': 'D.J.', 'gsisId': '00-0034777', 'gsisItId': 46130, 'headshot': 'https://static.www.nfl.com/image/private/{formatInstructions}/league/zqgiekprlo1d7eknxhcd', 'jerseyNumber': 17, 'lastName': 'Chark', 'position': 'WR', 'positionGroup': 'WR', 'shortName': 'D.Chark Jr.', 'smartId': '32004348-4155-3392-9ee6-7f21c24c95c9', 'status': 'INA', 'uniformNumber': '17', 'ngsPosition': 'WR', 'ngsPositionGroup': 'WR'}",D.J. Chark,WR,2250,2020,dj chark,JAX,9/23/1996,15434.58898
5.609210526,2.780870325,9.224772727,2.760845132,2.876071429,0.095201104,63.63636364,9.552061074,0,28,44,276,"{'season': 2020, 'currentTeamId': '2700', 'displayName': 'Isaiah Ford', 'esbId': 'FOR208311', 'firstName': 'Isaiah', 'footballName': 'Isaiah', 'gsisId': '00-0033471', 'gsisItId': 45050, 'headshot': 'https://static.www.nfl.com/image/private/{formatInstructions}/league/psvrbubluifylipfv4ak', 'jerseyNumber': 84, 'lastName': 'Ford', 'ngsPosition': 'SLOT_WR', 'ngsPositionGroup': 'WR', 'position': 'WR', 'positionGroup': 'WR', 'shortName': 'I.Ford', 'smartId': '3200464f-5220-8311-e1cb-5d924d912ba3', 'status': 'CUT', 'uniformNumber': '84'}",Isaiah Ford,WR,2700,2020,isaiah ford,MIA,2/9/1996,24425.94498
5.600753425,3.274145069,9.500066225,2.307674202,3.64127451,0.367129441,67.54966887,30.4957302,6,102,151,1250,"{'season': 2020, 'currentTeamId': '0810', 'displayName': 'Allen Robinson', 'esbId': 'ROB365982', 'firstName': 'Allen', 'footballName': 'Allen', 'gsisId': '00-0031428', 'gsisItId': 41290, 'headshot': 'https://static.www.nfl.com/image/private/{formatInstructions}/league/pph9jgnrnnlilxz8xhd9', 'jerseyNumber': 12, 'lastName': 'Robinson', 'ngsPosition': 'WR', 'ngsPositionGroup': 'WR', 'position': 'WR', 'positionGroup': 'WR', 'shortName': 'A.Robinson', 'smartId': '3200524f-4236-5982-45ce-8ca18ca03af8', 'status': 'ACT', 'uniformNumber': '12'}",Allen Robinson,WR,810,2020,allen robinson,CHI,8/24/1993,11587.30507
5.556952381,3.263727045,12.12619048,2.718619436,4.511016949,1.247289904,56.19047619,27.28408448,5,59,105,843,"{'season': 2020, 'currentTeamId': '1200', 'displayName': 'Michael Gallup', 'esbId': 'GAL779981', 'firstName': 'Michael', 'footballName': 'Michael', 'gsisId': '00-0034764', 'gsisItId': 46150, 'headshot': 'https://static.www.nfl.com/image/private/{formatInstructions}/league/urgdbqzgf0f8vunybwft', 'jerseyNumber': 13, 'lastName': 'Gallup', 'ngsPosition': 'WR', 'ngsPositionGroup': 'WR', 'position': 'WR', 'positionGroup': 'WR', 'shortName': 'M.Gallup', 'smartId': '32004741-4c77-9981-95e1-30b1c57c6002', 'status': 'ACT', 'uniformNumber': '13'}",Michael Gallup,WR,1200,2020,michael gallup,DAL,3/4/1996,19448.69305
5.548461538,4.073040519,9.6671875,2.780034138,4.8825,0.809459481,62.5,24.62147843,5,60,96,748,"{'season': 2020, 'currentTeamId': '4500', 'displayName': 'Brandon Aiyuk', 'esbId': 'AIY189231', 'firstName': 'Brandon', 'footballName': 'Brandon', 'gsisId': '00-0036261', 'gsisItId': 52433, 'headshot': None, 'jerseyNumber': 11, 'lastName': 'Aiyuk', 'position': 'WR', 'positionGroup': 'WR', 'shortName': 'B.Aiyuk', 'smartId': '32004149-5918-9231-4476-63b611051b08', 'status': 'INA', 'uniformNumber': '11', 'ngsPosition': 'WR', 'ngsPositionGroup': 'WR'}",Brandon Aiyuk,WR,4500,2020,brandon aiyuk,SF,3/17/1998,25451.52813
5.539069767,2.532507408,8.464782609,2.092486751,3.260384615,0.727877207,56.52173913,10.33038228,4,26,46,231,"{'season': 2020, 'currentTeamId': '4500', 'displayName': 'Jordan Reed', 'esbId': 'REE302847', 'firstName': 'Jordan', 'footballName': 'Jordan', 'gsisId': '00-0030472', 'gsisItId': 40033, 'headshot': 'https://static.www.nfl.com/image/private/{formatInstructions}/league/jur0qgejd3lzv8flmxcq', 'jerseyNumber': 81, 'lastName': 'Reed', 'position': 'TE', 'positionGroup': 'TE', 'shortName': 'J.Reed', 'smartId': '32005245-4530-2847-ba4d-b3c01fedf34c', 'status': 'ACT', 'uniformNumber': '81', 'ngsPosition': 'SLOT_WR', 'ngsPositionGroup': 'TE'}",Jordan Reed,TE,4500,2020,jordan reed,SF,7/3/1990,25451.52813
5.532666667,6.453174686,18.02825397,3.120286621,7.623939394,1.170764708,52.38095238,28.07347976,6,33,63,690,"{'season': 2020, 'currentTeamId': '1800', 'displayName': 'Marquez Valdes-Scantling', 'esbId': 'VAL142116', 'firstName': 'Marquez', 'footballName': 'Marquez', 'gsisId': '00-0034272', 'gsisItId': 46243, 'headshot': 'https://static.www.nfl.com/image/private/{formatInstructions}/league/y4msjj3juc7rg08twriq', 'jerseyNumber': 83, 'lastName': 'Valdes-Scantling', 'ngsPosition': 'WR', 'ngsPositionGroup': 'WR', 'position': 'WR', 'positionGroup': 'WR', 'shortName': 'M.Valdes-Scantling', 'smartId': '32005641-4c14-2116-e6d9-84cbe2bdacf5', 'status': 'ACT', 'uniformNumber': '83'}",Marquez Valdes-Scantling,WR,1800,2020,marquez valdes-scantling,GB,10/10/1994,12380.53793
5.506617647,3.824940722,9.625263158,2.956582269,3.17244898,-0.652491743,64.47368421,15.55111959,2,49,76,485,"{'season': 2020, 'currentTeamId': '0810', 'displayName': 'Anthony Miller', 'esbId': 'MIL140090', 'firstName': 'Anthony', 'footballName': 'Anthony', 'gsisId': '00-0034353', 'gsisItId': 46120, 'headshot': 'https://static.www.nfl.com/image/private/{formatInstructions}/league/yhnxkbu614nzgmz1vmkm', 'jerseyNumber': 17, 'lastName': 'Miller', 'ngsPosition': 'SLOT_WR', 'ngsPositionGroup': 'WR', 'position': 'WR', 'positionGroup': 'WR', 'shortName': 'A.Miller', 'smartId': '32004d49-4c14-0090-2d8a-386614adf145', 'status': 'ACT', 'uniformNumber': '17'}",Anthony Miller,WR,810,2020,anthony miller,CHI,10/9/1994,11587.30507
5.493647059,2.656320163,15.07117647,2.081118824,3.427083333,0.770763171,56.47058824,27.24316714,5,48,85,756,"{'season': 2020, 'currentTeamId': '4400', 'displayName': 'Mike Williams', 'esbId': 'WIL000009', 'firstName': 'Michael', 'footballName': 'Mike', 'gsisId': '00-0033536', 'gsisItId': 44819, 'headshot': 'https://static.www.nfl.com/image/private/{formatInstructions}/league/gvcnrejoagdphmr4dtas', 'jerseyNumber': 81, 'lastName': 'Williams', 'ngsPosition': 'WR', 'ngsPositionGroup': 'WR', 'position': 'WR', 'positionGroup': 'WR', 'shortName': 'M.Williams', 'smartId': '32005749-4c00-0009-75a2-9fccf6994099', 'status': 'ACT', 'uniformNumber': '81'}",Mike Williams,WR,4400,2020,mike williams,LAC,10/4/1994,25398.18167
5.4821,4.093116497,8.80266055,2.81959817,4.086666667,-0.006449831,66.05504587,17.533418,4,72,109,786,"{'season': 2020, 'currentTeamId': '0200', 'displayName': 'Russell Gage', 'esbId': 'GAG130654', 'firstName': 'Russell', 'footballName': 'Russell', 'gsisId': '00-0034411', 'gsisItId': 46263, 'headshot': 'https://static.www.nfl.com/image/private/{formatInstructions}/league/oh8urg1edgyaqwdg6jid', 'jerseyNumber': 83, 'lastName': 'Gage', 'ngsPosition': 'SLOT_WR', 'ngsPositionGroup': 'WR', 'position': 'WR', 'positionGroup': 'WR', 'shortName': 'R.Gage', 'smartId': '32004741-4713-0654-eda3-03cdf234354d', 'status': 'ACT', 'uniformNumber': '83'}",Russell Gage,WR,200,2020,russell gage,ATL,1/22/1996,12167.0377
5.48,4.850102844,8.076545455,3.618562096,4.497297297,-0.352805547,67.27272727,8.853778417,2,37,55,421,"{'season': 2020, 'currentTeamId': '2310', 'displayName': 'Sammy Watkins', 'esbId': 'WAT270480', 'firstName': 'Samuel', 'footballName': 'Sammy', 'gsisId': '00-0031325', 'gsisItId': 41230, 'headshot': 'https://static.www.nfl.com/image/private/{formatInstructions}/league/q8ps7j9ao7davbhlwfgr', 'jerseyNumber': 14, 'lastName': 'Watkins', 'ngsPosition': 'WR', 'ngsPositionGroup': 'WR', 'position': 'WR', 'positionGroup': 'WR', 'shortName': 'S.Watkins', 'smartId': '32005741-5427-0480-637c-854aaf86ba0e', 'status': 'ACT', 'uniformNumber': '14'}",Sammy Watkins,WR,2310,2020,sammy watkins,KC,6/14/1993,17702.04307
5.470379747,3.532189458,10.24228916,2.951891136,3.674724409,0.142534952,76.5060241,33.54218864,8,127,166,1535,"{'season': 2020, 'currentTeamId': '0610', 'displayName': 'Stefon Diggs', 'esbId': 'DIG218895', 'firstName': 'Stefon', 'footballName': 'Stefon', 'gsisId': '00-0031588', 'gsisItId': 42489, 'headshot': 'https://static.www.nfl.com/image/private/{formatInstructions}/league/vcjoh0xhf8ip8digkkai', 'jerseyNumber': 14, 'lastName': 'Diggs', 'ngsPosition': 'WR', 'ngsPositionGroup': 'WR', 'position': 'WR', 'positionGroup': 'WR', 'shortName': 'S.Diggs', 'smartId': '32004449-4721-8895-fc23-d2bf4c921bd4', 'status': 'ACT', 'uniformNumber': '14'}",Stefon Diggs,WR,610,2020,stefon diggs,BUF,11/29/1993,21727.15594
5.445809524,3.655077602,11.32141509,2.404694913,6.162714286,2.507636684,66.03773585,30.60388137,11,70,106,1075,"{'season': 2020, 'currentTeamId': '2100', 'displayName': 'A.J. Brown', 'esbId': 'BRO413223', 'firstName': 'Arthur', 'footballName': 'A.J.', 'gsisId': '00-0035676', 'gsisItId': 47834, 'headshot': 'https://static.www.nfl.com/image/private/{formatInstructions}/league/ucz9frks91kdccmgkkct', 'jerseyNumber': 11, 'lastName': 'Brown', 'ngsPosition': 'WR', 'ngsPositionGroup': 'WR', 'position': 'WR', 'positionGroup': 'WR', 'shortName': 'A.Brown', 'smartId': '32004252-4f41-3223-e4c5-1e30dffa87f8', 'status': 'ACT', 'uniformNumber': '11'}",A.J. Brown,WR,2100,2020,aj brown,TEN,6/30/1997,9106.518273
5.427952756,3.194530421,13.60294574,2.615326192,4.733253012,1.538722591,64.34108527,38.00619005,10,83,129,1303,"{'season': 2020, 'currentTeamId': '4600', 'displayName': 'DK Metcalf', 'esbId': 'MET363377', 'firstName': 'DeKaylin', 'footballName': 'DK', 'gsisId': '00-0035640', 'gsisItId': 47847, 'headshot': 'https://static.www.nfl.com/image/private/{formatInstructions}/league/fcqab5su86kysoaeghmn', 'jerseyNumber': 14, 'lastName': 'Metcalf', 'ngsPosition': 'WR', 'ngsPositionGroup': 'WR', 'position': 'WR', 'positionGroup': 'WR', 'shortName': 'D.Metcalf', 'smartId': '32004d45-5436-3377-5806-d2746f1b94aa', 'status': 'ACT', 'uniformNumber': '14'}",DK Metcalf,WR,4600,2020,dk metcalf,SEA,12/14/1997,28986.91208
5.420699301,4.34098981,8.051388889,3.16699427,4.633068182,0.292078372,61.11111111,24.42950757,7,88,144,923,"{'season': 2020, 'currentTeamId': '3900', 'displayName': 'Diontae Johnson', 'esbId': 'JOH000017', 'firstName': 'Diontae', 'footballName': 'Diontae', 'gsisId': '00-0035216', 'gsisItId': 47849, 'headshot': 'https://static.www.nfl.com/image/private/{formatInstructions}/league/sfjwmwa8p8hcnll6zy8p', 'jerseyNumber': 18, 'lastName': 'Johnson', 'ngsPosition': 'WR', 'ngsPositionGroup': 'WR', 'position': 'WR', 'positionGroup': 'WR', 'shortName': 'Di.Johnson', 'smartId': '32004a4f-4800-0017-a19a-a554dee114ed', 'status': 'ACT', 'uniformNumber': '18'}",Diontae Johnson,WR,3900,2020,diontae johnson,PIT,7/5/1996,6626.193273
5.419894737,2.939752341,14.05979167,2.315010113,3.2064,0.266647659,52.08333333,34.44040152,3,50,96,751,"{'season': 2020, 'currentTeamId': '3410', 'displayName': 'Darius Slayton', 'esbId': 'SLA500077', 'firstName': 'Darius', 'footballName': 'Darius', 'gsisId': '00-0035535', 'gsisItId': 47954, 'headshot': 'https://static.www.nfl.com/image/private/{formatInstructions}/league/dmmwezroq3otqrv4mqet', 'jerseyNumber': 86, 'lastName': 'Slayton', 'ngsPosition': 'WR', 'ngsPositionGroup': 'WR', 'position': 'WR', 'positionGroup': 'WR', 'shortName': 'D.Slayton', 'smartId': '3200534c-4150-0077-315f-47cff2877b23', 'status': 'ACT', 'uniformNumber': '86'}",Darius Slayton,WR,3410,2020,darius slayton,NYG,1/12/1997,15911.48802
5.351693548,4.864403014,8.747034483,3.027427148,5.84647619,0.982073176,72.4137931,25.2795395,11,105,145,1416,"{'season': 2020, 'currentTeamId': '2310', 'displayName': 'Travis Kelce', 'esbId': 'KEL012458', 'firstName': 'Travis', 'footballName': 'Travis', 'gsisId': '00-0030506', 'gsisItId': 40011, 'headshot': 'https://static.www.nfl.com/image/private/{formatInstructions}/league/b5hgyjflobudjoic3scp', 'jerseyNumber': 87, 'lastName': 'Kelce', 'ngsPosition': 'TE', 'ngsPositionGroup': 'TE', 'position': 'TE', 'positionGroup': 'TE', 'shortName': 'T.Kelce', 'smartId': '32004b45-4c01-2458-b7b6-3a14cdb414dd', 'status': 'ACT', 'uniformNumber': '87'}",Travis Kelce,TE,2310,2020,travis kelce,KC,10/5/1989,17702.04307
5.343205128,4.101332661,10.78271605,2.467497566,4.179230769,0.077898108,64.19753086,22.89275997,2,52,81,618,"{'season': 2020, 'currentTeamId': '2510', 'displayName': 'Josh Reynolds', 'esbId': 'REY398905', 'firstName': 'Joshua Dedmon-Reynolds', 'footballName': 'Josh', 'gsisId': '00-0033943', 'gsisItId': 44930, 'headshot': 'https://static.www.nfl.com/image/private/{formatInstructions}/league/yptdi5jjpecztymilu2b', 'jerseyNumber': 11, 'lastName': 'Reynolds', 'ngsPosition': 'WR', 'ngsPositionGroup': 'WR', 'position': 'WR', 'positionGroup': 'WR', 'shortName': 'J.Reynolds', 'smartId': '32005245-5939-8905-3a79-3286353be377', 'status': 'ACT', 'uniformNumber': '11'}",Josh Reynolds,WR,2510,2020,josh reynolds,LA,2/16/1995,31508.9842
5.33,5.267558797,7.057142857,3.045361778,3.769782609,-1.497776188,65.71428571,11.76677957,4,46,70,435,"{'season': 2020, 'currentTeamId': '1050', 'displayName': 'Austin Hooper', 'esbId': 'HOO570770', 'firstName': 'Austin', 'footballName': 'Austin', 'gsisId': '00-0032392', 'gsisItId': 43370, 'headshot': 'https://static.www.nfl.com/image/private/{formatInstructions}/league/yeobojameg9dram1qiqo', 'jerseyNumber': 81, 'lastName': 'Hooper', 'ngsPosition': 'TE', 'ngsPositionGroup': 'TE', 'position': 'TE', 'positionGroup': 'TE', 'shortName': 'A.Hooper', 'smartId': '3200484f-4f57-0770-bd7c-1cf59d6025ab', 'status': 'ACT', 'uniformNumber': '81'}",Austin Hooper,TE,1050,2020,austin hooper,CLE,10/29/1994,9047.314267
5.311176471,3.604404936,7.763877551,3.666369829,4.838918919,1.234513983,75.51020408,8.066964948,1,37,49,403,"{'season': 2020, 'currentTeamId': '2120', 'displayName': 'Jordan Akins', 'esbId': 'AKI501776', 'firstName': 'Jordan', 'footballName': 'Jordan', 'gsisId': '00-0034364', 'gsisItId': 46167, 'headshot': 'https://static.www.nfl.com/image/private/{formatInstructions}/league/wuxw6o0sgzl77lnqifsz', 'jerseyNumber': 88, 'lastName': 'Akins', 'ngsPosition': 'TE', 'ngsPositionGroup': 'TE', 'position': 'TE', 'positionGroup': 'TE', 'shortName': 'J.Akins', 'smartId': '3200414b-4950-1776-ed8f-713681e78d61', 'status': 'ACT', 'uniformNumber': '88'}",Jordan Akins,TE,2120,2020,jordan akins,HOU,4/19/1992,14674.35299
5.259117647,1.920450013,13.90038462,1.724043468,2.105106383,0.18465637,45.19230769,30.32866332,2,47,104,523,"{'season': 2020, 'currentTeamId': '0920', 'displayName': 'A.J. Green', 'esbId': 'GRE034604', 'firstName': 'Adriel', 'footballName': 'A.J.', 'gsisId': '00-0027942', 'gsisItId': 37077, 'headshot': 'https://static.www.nfl.com/image/private/{formatInstructions}/league/tjbqdoyciafr8sd0iccm', 'jerseyNumber': 18, 'lastName': 'Green', 'ngsPosition': 'WR', 'ngsPositionGroup': 'WR', 'position': 'WR', 'positionGroup': 'WR', 'shortName': 'A.Green', 'smartId': '32004752-4503-4604-5592-82f254d9dbee', 'status': 'ACT', 'uniformNumber': '18'}",A.J. Green,WR,920,2020,aj green,CIN,7/31/1988,7505.353931
5.259117647,1.920450013,13.90038462,1.724043468,2.105106383,0.18465637,45.19230769,30.32866332,2,47,104,523,"{'season': 2020, 'currentTeamId': '0920', 'displayName': 'A.J. Green', 'esbId': 'GRE034604', 'firstName': 'Adriel', 'footballName': 'A.J.', 'gsisId': '00-0027942', 'gsisItId': 37077, 'headshot': 'https://static.www.nfl.com/image/private/{formatInstructions}/league/tjbqdoyciafr8sd0iccm', 'jerseyNumber': 18, 'lastName': 'Green', 'ngsPosition': 'WR', 'ngsPositionGroup': 'WR', 'position': 'WR', 'positionGroup': 'WR', 'shortName': 'A.Green', 'smartId': '32004752-4503-4604-5592-82f254d9dbee', 'status': 'ACT', 'uniformNumber': '18'}",A.J. Green,WR,920,2020,aj green,CLE,7/31/1988,9047.314267
5.235546875,4.125530978,9.584552239,2.826290783,5.816781609,1.691250631,64.92537313,35.63208505,4,87,134,1118,"{'season': 2020, 'currentTeamId': '5110', 'displayName': 'Terry McLaurin', 'esbId': 'MCL278328', 'firstName': 'Terry', 'footballName': 'Terry', 'gsisId': '00-0035659', 'gsisItId': 47859, 'headshot': 'https://static.www.nfl.com/image/private/{formatInstructions}/league/qvlo4mrvbyiw2hjfoh27', 'jerseyNumber': 17, 'lastName': 'McLaurin', 'ngsPosition': 'WR', 'ngsPositionGroup': 'WR', 'position': 'WR', 'positionGroup': 'WR', 'shortName': 'T.McLaurin', 'smartId': '32004d43-4c27-8328-8097-b130ba0e8060', 'status': 'ACT', 'uniformNumber': '17'}",Terry McLaurin,WR,5110,2020,terry mclaurin,WAS,9/15/1995,13707.10152
5.225609756,2.382192992,14.24627907,2.641620625,1.764347826,-0.617845165,53.48837209,14.59152125,3,23,43,319,"{'season': 2020, 'currentTeamId': '1050', 'displayName': 'Odell Beckham', 'esbId': 'BEC573252', 'firstName': 'Odell', 'footballName': 'Odell', 'gsisId': '00-0031235', 'gsisItId': 41238, 'headshot': 'https://static.www.nfl.com/image/private/{formatInstructions}/league/tdmjzyhxihazjteaxhiq', 'jerseyNumber': 13, 'lastName': 'Beckham', 'position': 'WR', 'positionGroup': 'WR', 'shortName': 'O.Beckham', 'smartId': '32004245-4357-3252-264b-1da3e93d2745', 'status': 'RES', 'uniformNumber': '13', 'ngsPosition': 'WR', 'ngsPositionGroup': 'WR'}",Odell Beckham,WR,1050,2020,odell beckham,CLE,11/5/1992,9047.314267
5.217102804,3.634737196,12.76513761,2.813668038,3.814,0.179262804,64.22018349,24.84354495,13,70,109,1006,"{'season': 2020, 'currentTeamId': '4900', 'displayName': 'Mike Evans', 'esbId': 'EVA534309', 'firstName': 'Mike', 'footballName': 'Mike', 'gsisId': '00-0031408', 'gsisItId': 41233, 'headshot': 'https://static.www.nfl.com/image/private/{formatInstructions}/league/hp7exmuqylysgife5p9m', 'jerseyNumber': 13, 'lastName': 'Evans', 'ngsPosition': 'WR', 'ngsPositionGroup': 'WR', 'position': 'WR', 'positionGroup': 'WR', 'shortName': 'M.Evans', 'smartId': '32004556-4153-4309-b2ed-6b8233f6fea5', 'status': 'ACT', 'uniformNumber': '13'}",Mike Evans,WR,4900,2020,mike evans,TB,8/21/1993,20782.13439
5.206666667,3.407681515,12.68978495,2.460379169,3.596785714,0.1891042,60.21505376,29.62521337,5,56,93,762,"{'season': 2020, 'currentTeamId': '2200', 'displayName': 'T.Y. Hilton', 'esbId': 'HIL775449', 'firstName': 'Eugene', 'footballName': 'T.Y.', 'gsisId': '00-0029608', 'gsisItId': 38622, 'headshot': 'https://static.www.nfl.com/image/private/{formatInstructions}/league/kbickbqrcbj2gos5ourc', 'jerseyNumber': 13, 'lastName': 'Hilton', 'ngsPosition': 'WR', 'ngsPositionGroup': 'WR', 'position': 'WR', 'positionGroup': 'WR', 'shortName': 'T.Hilton', 'smartId': '32004849-4c77-5449-32f3-1710cf2948b2', 'status': 'ACT', 'uniformNumber': '13'}",T.Y. Hilton,WR,2200,2020,ty hilton,IND,11/14/1989,9697.411646
5.197761194,3.391219069,8.280430108,2.469098921,4.156166667,0.764947598,64.51612903,16.37673639,4,60,93,613,"{'season': 2020, 'currentTeamId': '4400', 'displayName': 'Hunter Henry', 'esbId': 'HEN617052', 'firstName': 'Hunter', 'footballName': 'Hunter', 'gsisId': '00-0033090', 'gsisItId': 43324, 'headshot': 'https://static.www.nfl.com/image/private/{formatInstructions}/league/nwcg3wd0a8k4a4to3ze8', 'jerseyNumber': 86, 'lastName': 'Henry', 'position': 'TE', 'positionGroup': 'TE', 'shortName': 'H.Henry', 'smartId': '32004845-4e61-7052-805d-daad1175a3b2', 'status': 'RES', 'uniformNumber': '86', 'ngsPosition': 'TE', 'ngsPositionGroup': 'TE'}",Hunter Henry,TE,4400,2020,hunter henry,LAC,12/7/1994,25398.18167
5.183461538,4.181145427,15.3402439,2.439920334,5.259375,1.078229573,58.53658537,28.97485805,8,48,82,896,"{'season': 2020, 'currentTeamId': '2520', 'displayName': 'Nelson Agholor', 'esbId': 'AGH474619', 'firstName': 'Nelson', 'footballName': 'Nelson', 'gsisId': '00-0031549', 'gsisItId': 42363, 'headshot': 'https://static.www.nfl.com/image/private/{formatInstructions}/league/fk3xbu2ah4c06vla1bhy', 'jerseyNumber': 15, 'lastName': 'Agholor', 'ngsPosition': 'WR', 'ngsPositionGroup': 'WR', 'position': 'WR', 'positionGroup': 'WR', 'shortName': 'N.Agholor', 'smartId': '32004147-4847-4619-b8a1-bb6c688fe5ac', 'status': 'ACT', 'uniformNumber': '15'}",Nelson Agholor,WR,2520,2020,nelson agholor,LV,5/24/1993,24146.69033
5.103773585,2.356106898,9.644909091,2.48569839,2.07875,-0.277356898,72.72727273,16.25319031,0,40,55,438,"{'season': 2020, 'currentTeamId': '3300', 'displayName': 'Michael Thomas', 'esbId': 'THO308912', 'firstName': 'Michael', 'footballName': 'Michael', 'gsisId': '00-0032765', 'gsisItId': 43336, 'headshot': 'https://static.www.nfl.com/image/private/{formatInstructions}/league/liuzt7209f2hqa9mu1zw', 'jerseyNumber': 13, 'lastName': 'Thomas', 'ngsPosition': 'WR', 'ngsPositionGroup': 'WR', 'position': 'WR', 'positionGroup': 'WR', 'shortName': 'M.Thomas', 'smartId': '32005448-4f30-8912-926a-d25d51327661', 'status': 'ACT', 'uniformNumber': '13'}",Michael Thomas,WR,3300,2020,michael thomas,HOU,3/17/1990,14674.35299
5.103773585,2.356106898,9.644909091,2.48569839,2.07875,-0.277356898,72.72727273,16.25319031,0,40,55,438,"{'season': 2020, 'currentTeamId': '3300', 'displayName': 'Michael Thomas', 'esbId': 'THO308912', 'firstName': 'Michael', 'footballName': 'Michael', 'gsisId': '00-0032765', 'gsisItId': 43336, 'headshot': 'https://static.www.nfl.com/image/private/{formatInstructions}/league/liuzt7209f2hqa9mu1zw', 'jerseyNumber': 13, 'lastName': 'Thomas', 'ngsPosition': 'WR', 'ngsPositionGroup': 'WR', 'position': 'WR', 'positionGroup': 'WR', 'shortName': 'M.Thomas', 'smartId': '32005448-4f30-8912-926a-d25d51327661', 'status': 'ACT', 'uniformNumber': '13'}",Michael Thomas,WR,3300,2020,michael thomas,NO,3/17/1990,14008.62707
5.096880734,4.082979662,13.91548673,2.699938833,5.455,1.372020338,46.01769912,31.14502456,3,52,113,856,"{'season': 2020, 'currentTeamId': '1400', 'displayName': 'Jerry Jeudy', 'esbId': 'JEU415291', 'firstName': 'Jerry', 'footballName': 'Jerry', 'gsisId': '00-0036407', 'gsisItId': 52423, 'headshot': 'https://static.www.nfl.com/image/private/{formatInstructions}/league/fvdnrep98wisgfokxqar', 'jerseyNumber': 10, 'lastName': 'Jeudy', 'ngsPosition': 'WR', 'ngsPositionGroup': 'WR', 'position': 'WR', 'positionGroup': 'WR', 'shortName': 'J.Jeudy', 'smartId': '32004a45-5541-5291-9f8b-8595dc100c90', 'status': 'ACT', 'uniformNumber': '10'}",Jerry Jeudy,WR,1400,2020,jerry jeudy,DEN,4/24/1999,18555.71152
5.07527027,4.969613798,12.544,2.97664336,5.898679245,0.929065448,70.66666667,19.94953243,8,53,75,879,"{'season': 2020, 'currentTeamId': '2120', 'displayName': 'Will Fuller', 'esbId': 'FUL503598', 'firstName': 'William', 'footballName': 'Will', 'gsisId': '00-0033127', 'gsisItId': 43310, 'headshot': 'https://static.www.nfl.com/image/private/{formatInstructions}/league/dgemxvhu8ffqmvmqczks', 'jerseyNumber': 15, 'lastName': 'Fuller', 'position': 'WR', 'positionGroup': 'WR', 'shortName': 'W.Fuller', 'smartId': '32004655-4c50-3598-6762-28495ce40669', 'status': 'RES', 'uniformNumber': '15', 'ngsPosition': 'WR', 'ngsPositionGroup': 'WR'}",Will Fuller,WR,2120,2020,will fuller,HOU,4/16/1994,14674.35299
5.0421875,5.414871766,8.287272727,3.969420907,7.232916667,1.8180449,54.54545455,7.193671211,3,24,44,288,"{'season': 2020, 'currentTeamId': '0610', 'displayName': 'Dawson Knox', 'esbId': 'KNO490795', 'firstName': 'Dawson', 'footballName': 'Dawson', 'gsisId': '00-0035689', 'gsisItId': 47879, 'headshot': 'https://static.www.nfl.com/image/private/{formatInstructions}/league/nfxkya3qusm0vjzsgqyv', 'jerseyNumber': 88, 'lastName': 'Knox', 'ngsPosition': 'TE', 'ngsPositionGroup': 'TE', 'position': 'TE', 'positionGroup': 'TE', 'shortName': 'D.Knox', 'smartId': '32004b4e-4f49-0795-942a-0c363ee9b439', 'status': 'ACT', 'uniformNumber': '88'}",Dawson Knox,TE,610,2020,dawson knox,BUF,11/14/1996,21727.15594
5.002884615,4.969177032,11.5125974,2.710043003,5.836888889,0.867711857,58.44155844,15.82798425,7,45,77,623,"{'season': 2020, 'currentTeamId': '4900', 'displayName': 'Rob Gronkowski', 'esbId': 'GRO135948', 'firstName': 'Robert', 'footballName': 'Rob', 'gsisId': '00-0027656', 'gsisItId': 35481, 'headshot': 'https://static.www.nfl.com/image/private/{formatInstructions}/league/ldajm3cj1rs1sfwykyyk', 'jerseyNumber': 87, 'lastName': 'Gronkowski', 'ngsPosition': 'TE', 'ngsPositionGroup': 'TE', 'position': 'TE', 'positionGroup': 'TE', 'shortName': 'R.Gronkowski', 'smartId': '32004752-4f13-5948-af95-481204a115ed', 'status': 'ACT', 'uniformNumber': '87'}",Rob Gronkowski,TE,4900,2020,rob gronkowski,TB,5/14/1989,20782.13439
4.977142857,5.196027881,9.086912752,3.166504884,5.34573913,0.149711249,77.18120805,33.46606554,18,115,149,1374,"{'season': 2020, 'currentTeamId': '1800', 'displayName': 'Davante Adams', 'esbId': 'ADA218591', 'firstName': 'Davante', 'footballName': 'Davante', 'gsisId': '00-0031381', 'gsisItId': 41282, 'headshot': 'https://static.www.nfl.com/image/private/{formatInstructions}/league/if8ugbd2i2lqbilqard3', 'jerseyNumber': 17, 'lastName': 'Adams', 'ngsPosition': 'WR', 'ngsPositionGroup': 'WR', 'position': 'WR', 'positionGroup': 'WR', 'shortName': 'D.Adams', 'smartId': '32004144-4121-8591-4d26-4c0ac739af41', 'status': 'ACT', 'uniformNumber': '17'}",Davante Adams,WR,1800,2020,davante adams,GB,12/24/1992,12380.53793
4.953255814,3.49245792,15.11113636,2.134927898,4.959130435,1.466672515,52.27272727,16.35617591,0,23,44,357,"{'season': 2020, 'currentTeamId': '3430', 'displayName': 'Denzel Mims', 'esbId': 'MIM624399', 'firstName': 'Denzel', 'footballName': 'Denzel', 'gsisId': '00-0036255', 'gsisItId': 52467, 'headshot': 'https://static.www.nfl.com/image/private/{formatInstructions}/league/tarcibslkjmoogwkhb5j', 'jerseyNumber': 11, 'lastName': 'Mims', 'ngsPosition': 'WR', 'ngsPositionGroup': 'WR', 'position': 'WR', 'positionGroup': 'WR', 'shortName': 'D.Mims', 'smartId': '32004d49-4d62-4399-5aee-b92ce1fc40e6', 'status': 'ACT', 'uniformNumber': '11'}",Denzel Mims,WR,3430,2020,denzel mims,NYJ,10/10/1997,21108.92106
4.826504854,2.239745615,10.31504854,1.738251908,2.952857143,0.713111528,61.16504854,25.00329471,4,63,103,793,"{'season': 2020, 'currentTeamId': '2700', 'displayName': 'DeVante Parker', 'esbId': 'PAR226609', 'firstName': 'DeVante', 'footballName': 'DeVante', 'gsisId': '00-0031547', 'gsisItId': 42357, 'headshot': 'https://static.www.nfl.com/image/private/{formatInstructions}/league/f8orziy8p43hogpe3m41', 'jerseyNumber': 11, 'lastName': 'Parker', 'ngsPosition': 'WR', 'ngsPositionGroup': 'WR', 'position': 'WR', 'positionGroup': 'WR', 'shortName': 'D.Parker', 'smartId': '32005041-5222-6609-dc38-38b3aae27410', 'status': 'ACT', 'uniformNumber': '11'}",DeVante Parker,WR,2700,2020,devante parker,MIA,1/20/1993,24425.94498
4.819615385,2.654110994,14.38269231,2.802317659,2.47027027,-0.183840723,71.15384615,17.81452316,4,37,52,599,"{'season': 2020, 'currentTeamId': '1050', 'displayName': 'Rashard Higgins', 'esbId': 'HIG322107', 'firstName': 'Rashard', 'footballName': 'Rashard', 'gsisId': '00-0032977', 'gsisItId': 43461, 'headshot': 'https://static.www.nfl.com/image/private/{formatInstructions}/league/ya6ohfbuk96lfgarxbds', 'jerseyNumber': 82, 'lastName': 'Higgins', 'ngsPosition': 'WR', 'ngsPositionGroup': 'WR', 'position': 'WR', 'positionGroup': 'WR', 'shortName': 'R.Higgins', 'smartId': '32004849-4732-2107-8b68-79212110bd89', 'status': 'ACT', 'uniformNumber': '82'}",Rashard Higgins,WR,1050,2020,rashard higgins,CLE,10/7/1994,9047.314267
4.743076923,3.719866684,12.84384615,3.262185479,5.062121212,1.342254529,63.46153846,13.17603425,3,33,52,458,"{'season': 2020, 'currentTeamId': '0610', 'displayName': 'John Brown', 'esbId': 'BRO494712', 'firstName': 'John', 'footballName': 'John', 'gsisId': '00-0031051', 'gsisItId': 41320, 'headshot': 'https://static.www.nfl.com/image/private/{formatInstructions}/league/nt7ayufpigrryzaxjviz', 'jerseyNumber': 15, 'lastName': 'Brown', 'ngsPosition': 'WR', 'ngsPositionGroup': 'WR', 'position': 'WR', 'positionGroup': 'WR', 'shortName': 'J.Brown', 'smartId': '32004252-4f49-4712-7e90-42e293548523', 'status': 'CUT', 'uniformNumber': '15'}",John Brown,WR,610,2020,john brown,BUF,4/3/1990,21727.15594
4.6925,4.053864561,8.277209302,2.989944463,4.426333333,0.372468772,69.76744186,8.81797686,5,30,43,365,"{'season': 2020, 'currentTeamId': '3000', 'displayName': 'Irv Smith', 'esbId': 'SMI000018', 'firstName': 'Irvin', 'footballName': 'Irv', 'gsisId': '00-0034970', 'gsisItId': 47833, 'headshot': 'https://static.www.nfl.com/image/private/{formatInstructions}/league/e3blveltgbptcpkzzpaw', 'jerseyNumber': 84, 'lastName': 'Smith', 'ngsPosition': 'TE', 'ngsPositionGroup': 'TE', 'position': 'TE', 'positionGroup': 'TE', 'shortName': 'I.Smith', 'smartId': '3200534d-4900-0018-f675-8c060d792d35', 'status': 'ACT', 'uniformNumber': '84'}",Irv Smith,TE,3000,2020,irv smith,MIN,8/9/1998,12972.40301
7.957272727,6.849621543,1.111875,5.663636698,8.371296296,1.521674753,84.375,1.68526154,1,54,64,435,"{'season': 2021, 'currentTeamId': '3800', 'displayName': 'Rondale Moore', 'esbId': 'MOO672093', 'firstName': 'Rondale', 'footballName': 'Rondale', 'gsisId': '00-0036936', 'gsisItId': 53478, 'headshot': 'https://static.www.nfl.com/image/private/{formatInstructions}/league/qwcd3lglkknslsavcvr7', 'jerseyNumber': 4, 'lastName': 'Moore', 'position': 'WR', 'positionGroup': 'WR', 'shortName': 'R.Moore', 'smartId': '32004d4f-4f67-2093-7b5b-808e901606a0', 'status': 'ACT', 'uniformNumber': '4', 'ngsPosition': 'SLOT_WR', 'ngsPositionGroup': 'WR'}",Rondale Moore,WR,3800,2021,rondale moore,ARI,6/9/2000,22905.15351
7.90475,4.713766498,6.885106383,3.730289276,4.54,-0.173766498,70.21276596,6.160711566,2,33,47,272,"{'season': 2021, 'seasonType': 'PRO', 'week': 22, 'jerseyNumber': 13, 'lastName': 'Duvernay', 'footballName': 'Devin', 'firstName': 'Devin', 'position': 'WR', 'gsisItId': 52500, 'gsisId': '00-0036331', 'esbId': 'DUV459005', 'displayName': 'Devin Duvernay', 'shortName': 'D.Duvernay', 'uniformNumber': '13', 'status': 'ACT', 'currentTeamId': '8600', 'smartId': '32004455-5645-9005-cfce-f0b0bb8205b8', 'headshot': 'https://static.www.nfl.com/image/private/{formatInstructions}/league/kcfjuebtxvkg9kapy71o', 'positionGroup': 'WR', 'ngsPosition': 'SLOT_WR', 'ngsPositionGroup': 'WR'}",Devin Duvernay,WR,8600,2021,devin duvernay,BAL,9/12/1997,12968.33427
7.694693878,3.51549399,7.948113208,2.618812388,3.259722222,-0.255771768,67.9245283,10.11973113,1,36,53,366,"{'season': 2021, 'currentTeamId': '3410', 'displayName': 'Sterling Shepard', 'esbId': 'SHE495754', 'firstName': 'Sterling', 'footballName': 'Sterling', 'gsisId': '00-0032385', 'gsisItId': 43329, 'headshot': 'https://static.www.nfl.com/image/private/{formatInstructions}/league/apha3gqxgww5w48msti9', 'jerseyNumber': 3, 'lastName': 'Shepard', 'position': 'WR', 'positionGroup': 'WR', 'shortName': 'S.Shepard', 'smartId': '32005348-4549-5754-5697-2a8312edc489', 'status': 'RES', 'uniformNumber': '3', 'ngsPosition': 'SLOT_WR', 'ngsPositionGroup': 'WR'}",Sterling Shepard,WR,3410,2021,sterling shepard,NYG,2/10/1993,18343.99591
7.661544118,4.553452978,11.52013699,3.547443575,4.337032967,-0.216420011,62.32876712,32.02085047,6,91,146,1008,"{'season': 2021, 'currentTeamId': '0325', 'displayName': 'Marquise Brown', 'esbId': 'BRO413218', 'firstName': 'Marquise', 'footballName': 'Marquise', 'gsisId': '00-0035662', 'gsisItId': 47808, 'headshot': 'https://static.www.nfl.com/image/private/{formatInstructions}/league/fihs5hshnjghcpimjjtw', 'jerseyNumber': 5, 'lastName': 'Brown', 'position': 'WR', 'positionGroup': 'WR', 'shortName': 'M.Brown', 'smartId': '32004252-4f41-3218-bf76-54f4042e0396', 'status': 'ACT', 'uniformNumber': '5', 'ngsPosition': 'WR', 'ngsPositionGroup': 'WR'}",Marquise Brown,WR,325,2021,marquise brown,BAL,6/4/1997,12968.33427
7.182592593,5.560030271,10.36135593,3.629111707,6.886388889,1.326358618,61.01694915,16.18130516,3,36,59,570,"{'season': 2021, 'currentTeamId': '3300', 'displayName': 'Deonte Harris', 'esbId': 'HAR363871', 'firstName': 'Deonte', 'footballName': 'Deonte', 'gsisId': '00-0035215', 'gsisItId': 48415, 'headshot': 'https://static.www.nfl.com/image/private/{formatInstructions}/league/yjq2zdkus7z8zoxigr5u', 'jerseyNumber': 11, 'lastName': 'Harris', 'position': 'WR', 'positionGroup': 'WR', 'shortName': 'D.Harris', 'smartId': '32004841-5236-3871-2f21-12e477161944', 'status': 'ACT', 'uniformNumber': '11', 'ngsPosition': 'WR', 'ngsPositionGroup': 'WR'}",Deonte Harris,WR,3300,2021,deonte harris,NO,12/4/1997,17376.99461
7.138979592,4.498181099,6.699298246,3.363215457,6.103846154,1.605665055,68.42105263,9.1734612,0,39,57,420,"{'season': 2021, 'currentTeamId': '3410', 'displayName': 'Kadarius Toney', 'esbId': 'TON593115', 'firstName': 'Kadarius', 'footballName': 'Kadarius', 'gsisId': '00-0036913', 'gsisItId': 53449, 'headshot': 'https://static.www.nfl.com/image/private/{formatInstructions}/league/hyl8jzsa7dto7qekd7vl', 'jerseyNumber': 89, 'lastName': 'Toney', 'position': 'WR', 'positionGroup': 'WR', 'shortName': 'K.Toney', 'smartId': '3200544f-4e59-3115-b817-44100e7d8fff', 'status': 'ACT', 'uniformNumber': '89', 'ngsPosition': 'SLOT_WR', 'ngsPositionGroup': 'WR'}",Kadarius Toney,WR,3410,2021,kadarius toney,NYG,1/27/1999,18343.99591
7.105238095,4.090608236,11.271,2.902197726,5.073703704,0.983095468,57.85714286,36.42714179,4,81,140,1055,"{'season': 2021, 'currentTeamId': '0810', 'displayName': 'Darnell Mooney', 'esbId': 'MOO076900', 'firstName': 'Darnell', 'footballName': 'Darnell', 'gsisId': '00-0036309', 'gsisItId': 52581, 'headshot': 'https://static.www.nfl.com/image/private/{formatInstructions}/league/dax89kaaa4us5hl7q5xr', 'jerseyNumber': 11, 'lastName': 'Mooney', 'position': 'WR', 'positionGroup': 'WR', 'shortName': 'D.Mooney', 'smartId': '32004d4f-4f07-6900-2883-f3ddae0181d4', 'status': 'ACT', 'uniformNumber': '11', 'ngsPosition': 'WR', 'ngsPositionGroup': 'WR'}",Darnell Mooney,WR,810,2021,darnell mooney,CHI,10/29/1997,15003.61445
7.097878788,2.976438712,11.34787879,1.938978447,2.629210526,-0.347228186,57.57575758,17.28992998,1,38,66,410,"{'season': 2021, 'currentTeamId': '0810', 'displayName': 'Allen Robinson', 'esbId': 'ROB365982', 'firstName': 'Allen', 'footballName': 'Allen', 'gsisId': '00-0031428', 'gsisItId': 41290, 'headshot': 'https://static.www.nfl.com/image/private/{formatInstructions}/league/pph9jgnrnnlilxz8xhd9', 'jerseyNumber': 12, 'lastName': 'Robinson', 'position': 'WR', 'positionGroup': 'WR', 'shortName': 'A.Robinson', 'smartId': '3200524f-4236-5982-45ce-8ca18ca03af8', 'status': 'ACT', 'uniformNumber': '12', 'ngsPosition': 'WR', 'ngsPositionGroup': 'WR'}",Allen Robinson,WR,810,2021,allen robinson,CHI,8/24/1993,15003.61445
7.063970588,2.69152491,13.853,3.33946132,3.892553191,1.201028281,67.14285714,19.93278382,1,47,70,546,"{'season': 2021, 'currentTeamId': '2520', 'displayName': 'Zay Jones', 'esbId': 'JON403726', 'firstName': 'Isaiah', 'footballName': 'Zay', 'gsisId': '00-0033891', 'gsisItId': 44849, 'headshot': 'https://static.www.nfl.com/image/private/{formatInstructions}/league/cbusqo5hvl7zlb25n9n0', 'jerseyNumber': 7, 'lastName': 'Jones', 'position': 'WR', 'positionGroup': 'WR', 'shortName': 'Z.Jones', 'smartId': '32004a4f-4e40-3726-920b-837ea00d253e', 'status': 'ACT', 'uniformNumber': '7', 'ngsPosition': 'WR', 'ngsPositionGroup': 'WR'}",Zay Jones,WR,2520,2021,zay jones,LV,3/30/1995,24595.61451
7.046633663,3.460175817,10.90827273,2.77779288,2.934716981,-0.525458836,48.18181818,27.86638922,5,53,110,519,"{'season': 2021, 'currentTeamId': '0750', 'displayName': 'Robby Anderson', 'esbId': 'AND460305', 'firstName': 'Robby', 'footballName': 'Robby', 'gsisId': '00-0032688', 'gsisItId': 43808, 'headshot': 'https://static.www.nfl.com/image/private/{formatInstructions}/league/zgwiwdaqskofwe9rsvtj', 'jerseyNumber': 11, 'lastName': 'Anderson', 'position': 'WR', 'positionGroup': 'WR', 'shortName': 'R.Anderson', 'smartId': '3200414e-4446-0305-58a8-61667bde4206', 'status': 'ACT', 'uniformNumber': '11', 'ngsPosition': 'WR', 'ngsPositionGroup': 'WR'}",Robby Anderson,WR,750,2021,robby anderson,CAR,5/9/1993,13511.42938
7.003555556,3.950103032,11.01645833,3.422102741,4.840967742,0.89086471,64.58333333,10.49986498,3,31,48,448,"{'season': 2021, 'currentTeamId': '4400', 'displayName': 'Jalen Guyton', 'esbId': 'GUY706299', 'firstName': 'Jalen', 'footballName': 'Jalen', 'gsisId': '00-0035414', 'gsisItId': 48556, 'headshot': 'https://static.www.nfl.com/image/private/{formatInstructions}/league/bbvqbvctga7wrtnt9b4h', 'jerseyNumber': 15, 'lastName': 'Guyton', 'position': 'WR', 'positionGroup': 'WR', 'shortName': 'J.Guyton', 'smartId': '32004755-5970-6299-fcda-7c74fd80b038', 'status': 'ACT', 'uniformNumber': '15', 'ngsPosition': 'WR', 'ngsPositionGroup': 'WR'}",Jalen Guyton,WR,4400,2021,jalen guyton,LAC,6/7/1997,25477.41241
6.986736842,3.931010338,14.87803738,3.225007835,4.151780822,0.220770484,68.22429907,35.57652769,8,73,107,1175,"{'season': 2021, 'currentTeamId': '4600', 'displayName': 'Tyler Lockett', 'esbId': 'LOC420915', 'firstName': 'Tyler', 'footballName': 'Tyler', 'gsisId': '00-0032211', 'gsisItId': 42412, 'headshot': 'https://static.www.nfl.com/image/private/{formatInstructions}/league/z3gwnzhfaiq9dkhx1ui5', 'jerseyNumber': 16, 'lastName': 'Lockett', 'position': 'WR', 'positionGroup': 'WR', 'shortName': 'T.Lockett', 'smartId': '32004c4f-4342-0915-1af7-ec50f437887c', 'status': 'ACT', 'uniformNumber': '16', 'ngsPosition': 'WR', 'ngsPositionGroup': 'WR'}",Tyler Lockett,WR,4600,2021,tyler lockett,SEA,9/28/1992,28058.18673
6.907272727,3.137007098,9.174264706,2.662842684,3.879130435,0.742123337,67.64705882,11.87688477,1,46,68,515,"{'season': 2021, 'currentTeamId': '0325', 'displayName': 'Rashod Bateman', 'esbId': 'BAT103884', 'firstName': 'Rashod', 'footballName': 'Rashod', 'gsisId': '00-0036550', 'gsisItId': 53456, 'headshot': 'https://static.www.nfl.com/image/private/{formatInstructions}/league/vpcmsc93xuzhv4bupbzu', 'jerseyNumber': 12, 'lastName': 'Bateman', 'position': 'WR', 'positionGroup': 'WR', 'shortName': 'R.Bateman', 'smartId': '32004241-5410-3884-8ac5-165a4f1f770e', 'status': 'ACT', 'uniformNumber': '12', 'ngsPosition': 'WR', 'ngsPositionGroup': 'WR'}",Rashod Bateman,WR,325,2021,rashod bateman,BAL,11/29/1999,12968.33427
6.846666667,3.647566558,7.659122807,2.563676999,2.913333333,-0.734233225,52.63157895,7.637055735,4,30,57,245,"{'season': 2021, 'currentTeamId': '4900', 'displayName': 'Cameron Brate', 'esbId': 'BRA663798', 'firstName': 'Cameron', 'footballName': 'Cameron', 'gsisId': '00-0031273', 'gsisItId': 42033, 'headshot': 'https://static.www.nfl.com/image/private/{formatInstructions}/league/lh1e0z6x8k9hqz1aba5b', 'jerseyNumber': 84, 'lastName': 'Brate', 'position': 'TE', 'positionGroup': 'TE', 'shortName': 'C.Brate', 'smartId': '32004252-4166-3798-c2b3-ef206ba23ba8', 'status': 'ACT', 'uniformNumber': '84', 'ngsPosition': 'TE', 'ngsPositionGroup': 'TE'}",Cameron Brate,TE,4900,2021,cameron brate,TB,7/3/1991,16621.62915
6.829275362,6.538327237,7.16313253,4.122586128,8.750677966,2.212350729,71.08433735,12.76403896,2,59,83,693,"{'season': 2021, 'currentTeamId': '2310', 'displayName': 'Mecole Hardman', 'esbId': 'HAR069520', 'firstName': 'Mecole', 'footballName': 'Mecole', 'gsisId': '00-0035140', 'gsisItId': 47839, 'headshot': 'https://static.www.nfl.com/image/private/{formatInstructions}/league/isxo1qciv0ikmo8urkpc', 'jerseyNumber': 17, 'lastName': 'Hardman', 'position': 'WR', 'positionGroup': 'WR', 'shortName': 'M.Hardman', 'smartId': '32004841-5206-9520-9e70-d5597391d8c0', 'status': 'ACT', 'uniformNumber': '17', 'ngsPosition': 'WR', 'ngsPositionGroup': 'WR'}",Mecole Hardman,WR,2310,2021,mecole hardman,KC,3/12/1998,14022.59117
6.809130435,5.449962812,10.01295775,3.703546755,6.010625,0.560662188,67.6056338,19.07946647,4,48,71,576,"{'season': 2021, 'currentTeamId': '1540', 'displayName': 'Kalif Raymond', 'esbId': 'RAY748263', 'firstName': 'Kalif', 'footballName': 'Kalif', 'gsisId': '00-0032464', 'gsisItId': 43584, 'headshot': 'https://static.www.nfl.com/image/private/{formatInstructions}/league/v5tzzalsktjaeeepc59o', 'jerseyNumber': 11, 'lastName': 'Raymond', 'position': 'WR', 'positionGroup': 'WR', 'shortName': 'K.Raymond', 'smartId': '32005241-5974-8263-1ad0-b2ba085ce237', 'status': 'ACT', 'uniformNumber': '11', 'ngsPosition': 'WR', 'ngsPositionGroup': 'WR'}",Kalif Raymond,WR,1540,2021,kalif raymond,DET,8/8/1994,14078.10139
6.786153846,3.418487869,11.20259615,2.607778833,3.713088235,0.294600367,65.38461538,22.68716762,8,68,104,865,"{'season': 2021, 'currentTeamId': '1200', 'displayName': 'Amari Cooper', 'esbId': 'COO487703', 'firstName': 'Amari', 'footballName': 'Amari', 'gsisId': '00-0031544', 'gsisItId': 42347, 'headshot': 'https://static.www.nfl.com/image/private/{formatInstructions}/league/gr04vdf3sfnunemciftn', 'jerseyNumber': 19, 'lastName': 'Cooper', 'position': 'WR', 'positionGroup': 'WR', 'shortName': 'A.Cooper', 'smartId': '3200434f-4f48-7703-16a5-c78426109031', 'status': 'ACT', 'uniformNumber': '19', 'ngsPosition': 'WR', 'ngsPositionGroup': 'WR'}",Amari Cooper,WR,1200,2021,amari cooper,DAL,6/17/1994,18791.29032
6.769278351,4.422635113,5.363482143,4.001007353,3.95,-0.472635113,73.21428571,11.22937872,1,82,112,693,"{'season': 2021, 'currentTeamId': '0610', 'displayName': 'Cole Beasley', 'esbId': 'BEA434808', 'firstName': 'Cole', 'footballName': 'Cole', 'gsisId': '00-0029000', 'gsisItId': 38947, 'headshot': 'https://static.www.nfl.com/image/private/{formatInstructions}/league/y5r0fhwctl6ljwvmktvu', 'jerseyNumber': 11, 'lastName': 'Beasley', 'position': 'WR', 'positionGroup': 'WR', 'shortName': 'C.Beasley', 'smartId': '32004245-4143-4808-b9d8-45a5d1a5ad73', 'status': 'ACT', 'uniformNumber': '11', 'ngsPosition': 'SLOT_WR', 'ngsPositionGroup': 'WR'}",Cole Beasley,WR,610,2021,cole beasley,BUF,4/26/1989,14339.7188
6.762241379,3.034228005,13.42344828,2.96771734,2.623076923,-0.411151082,44.82758621,18.70342521,2,26,58,339,"{'season': 2021, 'currentTeamId': '3410', 'displayName': 'Darius Slayton', 'esbId': 'SLA500077', 'firstName': 'Darius', 'footballName': 'Darius', 'gsisId': '00-0035535', 'gsisItId': 47954, 'headshot': 'https://static.www.nfl.com/image/private/{formatInstructions}/league/z8cclxg4cdyh990ruqjf', 'jerseyNumber': 86, 'lastName': 'Slayton', 'position': 'WR', 'positionGroup': 'WR', 'shortName': 'D.Slayton', 'smartId': '3200534c-4150-0077-315f-47cff2877b23', 'status': 'ACT', 'uniformNumber': '86', 'ngsPosition': 'WR', 'ngsPositionGroup': 'WR'}",Darius Slayton,WR,3410,2021,darius slayton,NYG,1/12/1997,18343.99591
6.759473684,2.647831404,13.09711864,2.670059065,3.602352941,0.954521537,57.62711864,18.06528687,4,34,59,492,"{'season': 2021, 'currentTeamId': '3430', 'displayName': 'Corey Davis', 'esbId': 'DAV247957', 'firstName': 'Corey', 'footballName': 'Corey', 'gsisId': '00-0033871', 'gsisItId': 44817, 'headshot': 'https://static.www.nfl.com/image/private/{formatInstructions}/league/e96ltr3bnrq6bs4o0gvx', 'jerseyNumber': 84, 'lastName': 'Davis', 'position': 'WR', 'positionGroup': 'WR', 'shortName': 'C.Davis', 'smartId': '32004441-5624-7957-ef31-0e38b3301e4b', 'status': 'RES', 'uniformNumber': '84', 'ngsPosition': 'WR', 'ngsPositionGroup': 'WR'}",Corey Davis,WR,3430,2021,corey davis,NYJ,1/11/1995,13005.03202
6.74,4.495883593,5.455079365,4.134476053,5.307291667,0.811408074,76.19047619,7.680257089,4,48,63,478,"{'season': 2021, 'currentTeamId': '4600', 'displayName': 'Gerald Everett', 'esbId': 'EVE166115', 'firstName': 'Gerald', 'footballName': 'Gerald', 'gsisId': '00-0033895', 'gsisItId': 44856, 'headshot': 'https://static.www.nfl.com/image/private/{formatInstructions}/league/cstlbdkqplchtbgjdcxf', 'jerseyNumber': 81, 'lastName': 'Everett', 'position': 'TE', 'positionGroup': 'TE', 'shortName': 'G.Everett', 'smartId': '32004556-4516-6115-f11c-124334bc44da', 'status': 'ACT', 'uniformNumber': '81', 'ngsPosition': 'TE', 'ngsPositionGroup': 'WR'}",Gerald Everett,TE,4600,2021,gerald everett,SEA,6/25/1994,28058.18673
6.722264151,4.311252555,7.122258065,3.206488639,3.88902439,-0.422228165,66.12903226,10.59931063,0,41,62,383,"{'season': 2021, 'currentTeamId': '5110', 'displayName': 'Adam Humphries', 'esbId': 'HUM721507', 'firstName': 'Adam', 'footballName': 'Adam', 'gsisId': '00-0032009', 'gsisItId': 43010, 'headshot': 'https://static.www.nfl.com/image/private/{formatInstructions}/league/l56ywjejfpraigzs4qia', 'jerseyNumber': 13, 'lastName': 'Humphries', 'position': 'WR', 'positionGroup': 'WR', 'shortName': 'A.Humphries', 'smartId': '32004855-4d72-1507-4b02-e4f7666b5805', 'status': 'ACT', 'uniformNumber': '13', 'ngsPosition': 'SLOT_WR', 'ngsPositionGroup': 'WR'}",Adam Humphries,WR,5110,2021,adam humphries,WAS,6/24/1993,13956.6846
6.697747748,5.173695639,8.651900826,3.320780214,10.3712987,5.197603063,63.63636364,26.61290938,6,77,121,1397,"{'season': 2021, 'seasonType': 'PRO', 'week': 22, 'jerseyNumber': 19, 'lastName': 'Samuel', 'footballName': 'Deebo', 'firstName': 'Tyshun', 'position': 'WR', 'gsisItId': 47819, 'gsisId': '00-0035719', 'esbId': 'SAM636097', 'displayName': 'Deebo Samuel', 'shortName': 'D.Samuel', 'uniformNumber': '19', 'status': 'ACT', 'currentTeamId': '8700', 'smartId': '32005341-4d63-6097-eab1-34810e00be67', 'headshot': 'https://static.www.nfl.com/image/private/{formatInstructions}/league/ccgevhaduyc9llngcnlu', 'positionGroup': 'WR', 'ngsPosition': 'WR', 'ngsPositionGroup': 'WR'}",Deebo Samuel,WR,8700,2021,deebo samuel,SF,1/15/1996,35846.18382
6.696315789,4.800664831,10.05192982,2.879938032,4.44030303,-0.360361801,57.89473684,14.13180742,2,33,57,299,"{'season': 2021, 'currentTeamId': '3700', 'displayName': 'Jalen Reagor', 'esbId': 'REA338982', 'firstName': 'Jalen', 'footballName': 'Jalen', 'gsisId': '00-0036387', 'gsisItId': 52429, 'headshot': 'https://static.www.nfl.com/image/private/{formatInstructions}/league/zfubpbpgf0lhhhixkotn', 'jerseyNumber': 18, 'lastName': 'Reagor', 'position': 'WR', 'positionGroup': 'WR', 'shortName': 'J.Reagor', 'smartId': '32005245-4133-8982-9a32-957d59a1e153', 'status': 'ACT', 'uniformNumber': '18', 'ngsPosition': 'WR', 'ngsPositionGroup': 'WR'}",Jalen Reagor,WR,3700,2021,jalen reagor,PHI,1/2/1999,15658.64761
6.69258427,4.834031741,5.7624,3.649670951,6.566507937,1.732476196,63,12.24671963,0,63,100,619,"{'season': 2021, 'currentTeamId': '2250', 'displayName': 'Laviska Shenault', 'esbId': 'SHE458893', 'firstName': 'Laviska', 'footballName': 'Laviska', 'gsisId': '00-0036268', 'gsisItId': 52450, 'headshot': 'https://static.www.nfl.com/image/private/{formatInstructions}/league/zkrdtuid0lmeopve1c7e', 'jerseyNumber': 10, 'lastName': 'Shenault', 'position': 'WR', 'positionGroup': 'WR', 'shortName': 'L.Shenault', 'smartId': '32005348-4545-8893-4e8b-5724302de088', 'status': 'ACT', 'uniformNumber': '10', 'ngsPosition': 'SLOT_WR', 'ngsPositionGroup': 'WR'}",Laviska Shenault,WR,2250,2021,laviska shenault,JAX,10/5/1998,18183.73328
6.66257732,4.113220312,7.20394958,3.485304832,4.825444444,0.712224132,75.6302521,23.00716567,5,90,119,912,"{'season': 2021, 'currentTeamId': '1540', 'displayName': 'Amon-Ra St. Brown', 'esbId': 'STB415291', 'firstName': 'Amon-Ra', 'footballName': 'Amon-Ra', 'gsisId': '00-0036963', 'gsisItId': 53541, 'headshot': 'https://static.www.nfl.com/image/private/{formatInstructions}/league/wriyln01fppggo6jwvc0', 'jerseyNumber': 14, 'lastName': 'St. Brown', 'position': 'WR', 'positionGroup': 'WR', 'shortName': 'A.St. Brown', 'smartId': '32005354-4241-5291-a564-57e98d35161d', 'status': 'ACT', 'uniformNumber': '14', 'ngsPosition': 'SLOT_WR', 'ngsPositionGroup': 'WR'}",Amon-Ra St. Brown,WR,1540,2021,amon-ra st brown,DET,10/24/1999,14078.10139
6.635517241,5.106548119,4.741230769,4.092235707,5.578478261,0.471930142,70.76923077,7.204793533,2,46,65,409,"{'season': 2021, 'currentTeamId': '3430', 'displayName': 'Braxton Berrios', 'esbId': 'BER456050', 'firstName': 'Braxton', 'footballName': 'Braxton', 'gsisId': '00-0034419', 'gsisItId': 46279, 'headshot': 'https://static.www.nfl.com/image/private/{formatInstructions}/league/vlx5vkd8ghcq1snnhdij', 'jerseyNumber': 10, 'lastName': 'Berrios', 'position': 'WR', 'positionGroup': 'WR', 'shortName': 'B.Berrios', 'smartId': '32004245-5245-6050-b9d8-8b288006bd46', 'status': 'RES', 'uniformNumber': '10', 'ngsPosition': 'SLOT_WR', 'ngsPositionGroup': 'WR'}",Braxton Berrios,WR,3430,2021,braxton berrios,NYJ,10/6/1995,13005.03202
6.61,2.79368572,9.9348,2.356899085,3.6821875,0.88850178,64,13.14843539,3,32,50,377,"{'season': 2021, 'currentTeamId': '3300', 'displayName': ""Tre'Quan Smith"", 'esbId': 'SMI764556', 'firstName': ""Tre'Quan"", 'footballName': ""Tre'Quan"", 'gsisId': '00-0034765', 'gsisItId': 46160, 'headshot': 'https://static.www.nfl.com/image/private/{formatInstructions}/league/csh1ehzlmtc8lbupeky3', 'jerseyNumber': 10, 'lastName': 'Smith', 'position': 'WR', 'positionGroup': 'WR', 'shortName': 'T.Smith', 'smartId': '3200534d-4976-4556-d545-e418d85634bb', 'status': 'ACT', 'uniformNumber': '10', 'ngsPosition': 'WR', 'ngsPositionGroup': 'WR'}",Tre'Quan Smith,WR,3300,2021,tre'quan smith,NO,1/7/1996,17376.99461
6.58380531,4.614241637,6.5453125,3.393140888,4.641359223,0.027117586,80.46875,17.22132007,9,103,128,1038,"{'season': 2021, 'currentTeamId': '2520', 'displayName': 'Hunter Renfrow', 'esbId': 'REN358499', 'firstName': 'Hunter', 'footballName': 'Hunter', 'gsisId': '00-0034983', 'gsisItId': 47932, 'headshot': 'https://static.www.nfl.com/image/private/{formatInstructions}/league/ei9rwrzfpwto9ktqc3mt', 'jerseyNumber': 13, 'lastName': 'Renfrow', 'position': 'WR', 'positionGroup': 'WR', 'shortName': 'H.Renfrow', 'smartId': '32005245-4e35-8499-ff02-b25484b87290', 'status': 'ACT', 'uniformNumber': '13R', 'ngsPosition': 'SLOT_WR', 'ngsPositionGroup': 'WR'}",Hunter Renfrow,WR,2520,2021,hunter renfrow,LV,12/21/1995,24595.61451
6.565126582,4.849522868,8.382879581,3.63061209,6.156896552,1.307373684,75.91623037,31.3141487,16,145,191,1947,"{'season': 2021, 'seasonType': 'PRO', 'week': 22, 'jerseyNumber': 10, 'lastName': 'Kupp', 'footballName': 'Cooper', 'firstName': 'Cooper', 'position': 'WR', 'gsisItId': 44881, 'gsisId': '00-0033908', 'esbId': 'KUP534597', 'displayName': 'Cooper Kupp', 'shortName': 'C.Kupp', 'uniformNumber': '10', 'status': 'ACT', 'currentTeamId': '8700', 'smartId': '32004b55-5053-4597-b958-87408c31956f', 'headshot': 'https://static.www.nfl.com/image/private/{formatInstructions}/league/jiaeufv3lpbkhulrddjq', 'positionGroup': 'WR', 'ngsPosition': 'SLOT_WR', 'ngsPositionGroup': 'WR'}",Cooper Kupp,WR,8700,2021,cooper kupp,LA,6/15/1993,33867.19293
6.519593496,4.22614152,6.790785714,3.336877119,4.574903846,0.348762326,74.28571429,21.99134419,6,104,140,1015,"{'season': 2021, 'currentTeamId': '2700', 'displayName': 'Jaylen Waddle', 'esbId': 'WAD088683', 'firstName': 'Jaylen', 'footballName': 'Jaylen', 'gsisId': '00-0036613', 'gsisItId': 53435, 'headshot': 'https://static.www.nfl.com/image/private/{formatInstructions}/league/hkwyhd9w8pouxwhqn6ly', 'jerseyNumber': 17, 'lastName': 'Waddle', 'position': 'WR', 'positionGroup': 'WR', 'shortName': 'J.Waddle', 'smartId': '32005741-4408-8683-c826-c882ad6fd5c2', 'status': 'ACT', 'uniformNumber': '17', 'ngsPosition': 'SLOT_WR', 'ngsPositionGroup': 'WR'}",Jaylen Waddle,WR,2700,2021,jaylen waddle,MIA,11/25/1998,15243.41361
6.510606061,4.682410524,6.359795918,3.51487063,4.895333333,0.212922809,61.2244898,7.480101389,2,30,49,271,"{'season': 2021, 'currentTeamId': '5110', 'displayName': 'Ricky Seals-Jones', 'esbId': 'SEA449742', 'firstName': 'Roderick', 'footballName': 'Ricky', 'gsisId': '00-0033611', 'gsisItId': 45481, 'headshot': 'https://static.www.nfl.com/image/private/{formatInstructions}/league/qodkouwmexklezoqmcg6', 'jerseyNumber': 83, 'lastName': 'Seals-Jones', 'position': 'TE', 'positionGroup': 'TE', 'shortName': 'R.Seals-Jones', 'smartId': '32005345-4144-9742-e3b2-759908a92e0d', 'status': 'RES', 'uniformNumber': '83', 'ngsPosition': 'TE', 'ngsPositionGroup': 'TE'}",Ricky Seals-Jones,TE,5110,2021,ricky seals-jones,WAS,3/15/1995,13956.6846
6.506262626,3.854940774,8.700714286,2.781407536,3.455068493,-0.399872281,65.17857143,22.54117985,2,73,112,780,"{'season': 2021, 'currentTeamId': '2700', 'displayName': 'Mike Gesicki', 'esbId': 'GES490798', 'firstName': 'Michael', 'footballName': 'Mike', 'gsisId': '00-0034829', 'gsisItId': 46111, 'headshot': 'https://static.www.nfl.com/image/private/{formatInstructions}/league/kbyrwisjf858egz7e8im', 'jerseyNumber': 88, 'lastName': 'Gesicki', 'position': 'TE', 'positionGroup': 'TE', 'shortName': 'M.Gesicki', 'smartId': '32004745-5349-0798-d83d-d46852aa6fbb', 'status': 'ACT', 'uniformNumber': '88', 'ngsPosition': 'SLOT_WR', 'ngsPositionGroup': 'WR'}",Mike Gesicki,TE,2700,2021,mike gesicki,MIA,10/3/1995,15243.41361
6.504,2.638406976,9.651132075,2.454409476,3.087741935,0.449334959,58.49056604,12.64695774,3,31,53,406,"{'season': 2021, 'currentTeamId': '0200', 'displayName': 'Olamide Zaccheaus', 'esbId': 'ZAC133180', 'firstName': 'Olamide', 'footballName': 'Olamide', 'gsisId': '00-0035208', 'gsisItId': 48374, 'headshot': 'https://static.www.nfl.com/image/private/{formatInstructions}/league/pjhk3vxzcmeywvsvhsr7', 'jerseyNumber': 17, 'lastName': 'Zaccheaus', 'position': 'WR', 'positionGroup': 'WR', 'shortName': 'O.Zaccheaus', 'smartId': '32005a41-4313-3180-ba01-ae8103314fa2', 'status': 'ACT', 'uniformNumber': '17', 'ngsPosition': 'WR', 'ngsPositionGroup': 'WR'}",Olamide Zaccheaus,WR,200,2021,olamide zaccheaus,ATL,7/23/1997,12470.02879
6.433970588,4.389565525,8.481571429,3.298332501,7.117636364,2.728070839,78.57142857,14.00345304,5,55,70,800,"{'season': 2021, 'currentTeamId': '3200', 'displayName': 'Kendrick Bourne', 'esbId': 'BOU434790', 'firstName': 'Kendrick', 'footballName': 'Kendrick', 'gsisId': '00-0033307', 'gsisItId': 45185, 'headshot': 'https://static.www.nfl.com/image/private/{formatInstructions}/league/juhjhxyvitkwt0qcfqod', 'jerseyNumber': 84, 'lastName': 'Bourne', 'position': 'WR', 'positionGroup': 'WR', 'shortName': 'K.Bourne', 'smartId': '3200424f-5543-4790-acfc-7b92d77f3c8b', 'status': 'ACT', 'uniformNumber': '84', 'ngsPosition': 'WR', 'ngsPositionGroup': 'WR'}",Kendrick Bourne,WR,3200,2021,kendrick bourne,NE,8/4/1995,17522.52271
6.382093023,4.047816877,10.39375,3.581559672,5.089473684,1.041656807,67.85714286,13.27353912,0,38,56,467,"{'season': 2021, 'currentTeamId': '1400', 'displayName': 'Jerry Jeudy', 'esbId': 'JEU415291', 'firstName': 'Jerry', 'footballName': 'Jerry', 'gsisId': '00-0036407', 'gsisItId': 52423, 'headshot': 'https://static.www.nfl.com/image/private/{formatInstructions}/league/unhcnjpbwzbykujxhcqe', 'jerseyNumber': 10, 'lastName': 'Jeudy', 'position': 'WR', 'positionGroup': 'WR', 'shortName': 'J.Jeudy', 'smartId': '32004a45-5541-5291-9f8b-8595dc100c90', 'status': 'ACT', 'uniformNumber': '10', 'ngsPosition': 'SLOT_WR', 'ngsPositionGroup': 'WR'}",Jerry Jeudy,WR,1400,2021,jerry jeudy,DEN,4/24/1999,16599.1994
6.373174603,3.308516238,5.987746479,3.445735908,3.429803922,0.121287683,71.83098592,9.938911917,2,51,71,447,"{'season': 2021, 'currentTeamId': '3430', 'displayName': 'Jamison Crowder', 'esbId': 'CRO697273', 'firstName': 'Jamison', 'footballName': 'Jamison', 'gsisId': '00-0031941', 'gsisItId': 42448, 'headshot': 'https://static.www.nfl.com/image/private/{formatInstructions}/league/q83pw5ewke0y9k4ei7qe', 'jerseyNumber': 82, 'lastName': 'Crowder', 'position': 'WR', 'positionGroup': 'WR', 'shortName': 'J.Crowder', 'smartId': '32004352-4f69-7273-6662-7a928881f033', 'status': 'ACT', 'uniformNumber': '82', 'ngsPosition': 'SLOT_WR', 'ngsPositionGroup': 'WR'}",Jamison Crowder,WR,3430,2021,jamison crowder,NYJ,6/17/1993,13005.03202
6.35568,3.60590854,10.63052239,3.257264017,3.886555556,0.280647016,67.1641791,36.74832445,6,90,134,1028,"{'season': 2021, 'currentTeamId': '2120', 'displayName': 'Brandin Cooks', 'esbId': 'COO299382', 'firstName': 'Brandin', 'footballName': 'Brandin', 'gsisId': '00-0031236', 'gsisItId': 41246, 'headshot': 'https://static.www.nfl.com/image/private/{formatInstructions}/league/f3z5yinzicnr0phuhewt', 'jerseyNumber': 13, 'lastName': 'Cooks', 'position': 'WR', 'positionGroup': 'WR', 'shortName': 'B.Cooks', 'smartId': '3200434f-4f29-9382-29e1-70020b0a09be', 'status': 'ACT', 'uniformNumber': '13', 'ngsPosition': 'WR', 'ngsPositionGroup': 'WR'}",Brandin Cooks,WR,2120,2021,brandin cooks,HOU,9/25/1993,16754.13167
6.35096,3.854263934,10.45431373,3.055090276,4.493364486,0.639100552,69.93464052,30.45154437,9,107,153,1361,"{'season': 2021, 'seasonType': 'PRO', 'week': 22, 'jerseyNumber': 89, 'lastName': 'Andrews', 'footballName': 'Mark', 'firstName': 'Mark', 'position': 'TE', 'gsisItId': 46155, 'gsisId': '00-0034753', 'esbId': 'AND701433', 'displayName': 'Mark Andrews', 'shortName': 'M.Andrews', 'uniformNumber': '89', 'status': 'ACT', 'currentTeamId': '8600', 'smartId': '3200414e-4470-1433-75dd-307507e53173', 'headshot': 'https://static.www.nfl.com/image/private/{formatInstructions}/league/jl7a95vyxownvkevbcr8', 'positionGroup': 'TE', 'ngsPosition': 'SLOT_WR', 'ngsPositionGroup': 'WR'}",Mark Andrews,TE,8600,2021,mark andrews,BAL,9/6/1995,12968.33427
6.347079646,5.361638866,7.308661417,3.29049459,6.263877551,0.902238685,77.16535433,16.23729329,5,98,127,1103,"{'season': 2021, 'currentTeamId': '4900', 'displayName': 'Chris Godwin', 'esbId': 'GOD549393', 'firstName': 'Rod', 'footballName': 'Chris', 'gsisId': '00-0033921', 'gsisItId': 44896, 'headshot': 'https://static.www.nfl.com/image/private/{formatInstructions}/league/ckwncz8djwnlo1miq1vq', 'jerseyNumber': 14, 'lastName': 'Godwin', 'position': 'WR', 'positionGroup': 'WR', 'shortName': 'C.Godwin', 'smartId': '3200474f-4454-9393-6eec-24189dd66641', 'status': 'RES', 'uniformNumber': '14', 'ngsPosition': 'SLOT_WR', 'ngsPositionGroup': 'WR'}",Chris Godwin,WR,4900,2021,chris godwin,TB,2/27/1996,16621.62915
6.344078947,5.157607702,8.02893617,3.169977056,5.873432836,0.715825134,71.27659574,17.28198869,5,67,94,828,"{'season': 2021, 'currentTeamId': '0920', 'displayName': 'Tyler Boyd', 'esbId': 'BOY378353', 'firstName': 'Tyler', 'footballName': 'Tyler', 'gsisId': '00-0033009', 'gsisItId': 43344, 'headshot': 'https://static.www.nfl.com/image/private/{formatInstructions}/league/p4khoqwg4cbtvkyxnyop', 'jerseyNumber': 83, 'lastName': 'Boyd', 'position': 'WR', 'positionGroup': 'WR', 'shortName': 'T.Boyd', 'smartId': '3200424f-5937-8353-b941-dfa7122ba16b', 'status': 'ACT', 'uniformNumber': '83', 'ngsPosition': 'SLOT_WR', 'ngsPositionGroup': 'WR'}",Tyler Boyd,WR,920,2021,tyler boyd,CIN,11/15/1994,11007.81672
6.340238095,3.828703452,9.691937984,2.762800339,4.100681818,0.271978366,68.21705426,31.27518692,6,88,129,1082,"{'season': 2021, 'currentTeamId': '2200', 'displayName': 'Michael Pittman', 'esbId': 'PIT228050', 'firstName': 'Michael', 'footballName': 'Michael', 'gsisId': '00-0036252', 'gsisItId': 52442, 'headshot': 'https://static.www.nfl.com/image/private/{formatInstructions}/league/jhiv3hec1nnxwg4ok46w', 'jerseyNumber': 11, 'lastName': 'Pittman', 'position': 'WR', 'positionGroup': 'WR', 'shortName': 'M.Pittman', 'smartId': '32005049-5422-8050-a8f8-f5210135a4b3', 'status': 'ACT', 'uniformNumber': '11', 'ngsPosition': 'WR', 'ngsPositionGroup': 'WR'}",Michael Pittman,WR,2200,2021,michael pittman,IND,10/5/1997,14422.55827
6.337118644,4.281868843,11.16225806,3.410888018,4.892380952,0.610512109,67.74193548,12.10642232,4,42,62,545,"{'season': 2021, 'currentTeamId': '4900', 'displayName': 'Antonio Brown', 'esbId': 'BRO000001', 'firstName': 'Antonio', 'footballName': 'Antonio', 'gsisId': '00-0027793', 'gsisItId': 35634, 'headshot': 'https://static.www.nfl.com/image/private/{formatInstructions}/league/ecxsx9t7bfg42bgfwj3v', 'jerseyNumber': 81, 'lastName': 'Brown', 'position': 'WR', 'positionGroup': 'WR', 'shortName': 'A.Brown', 'smartId': '32004252-4f00-0001-4ac0-67a98b776d89', 'status': 'CUT', 'uniformNumber': '81', 'ngsPosition': 'WR', 'ngsPositionGroup': 'WR'}",Antonio Brown,WR,4900,2021,antonio brown,TB,7/10/1988,16621.62915
6.3146,4.394511315,4.577777778,3.657359885,6.212653061,1.818141746,77.77777778,6.603939923,5,49,63,493,"{'season': 2021, 'currentTeamId': '0920', 'displayName': 'C.J. Uzomah', 'esbId': 'UZO415291', 'firstName': 'Christopher', 'footballName': 'C.J.', 'gsisId': '00-0032134', 'gsisItId': 42500, 'headshot': 'https://static.www.nfl.com/image/private/{formatInstructions}/league/mx5gvpkq84jphclpkvux', 'jerseyNumber': 87, 'lastName': 'Uzomah', 'position': 'TE', 'positionGroup': 'TE', 'shortName': 'C.Uzomah', 'smartId': '3200555a-4f41-5291-7c48-f42f95ee20d2', 'status': 'ACT', 'uniformNumber': '87', 'ngsPosition': 'TE', 'ngsPositionGroup': 'TE'}",C.J. Uzomah,TE,920,2021,cj uzomah,CIN,1/14/1993,11007.81672
6.310090909,3.619826682,10.629,3.067840135,5.651772152,2.03194547,65.83333333,24.83715876,6,79,120,1102,"{'season': 2021, 'currentTeamId': '1200', 'displayName': 'CeeDee Lamb', 'esbId': 'LAM138457', 'firstName': 'Cedarian', 'footballName': 'CeeDee', 'gsisId': '00-0036358', 'gsisItId': 52425, 'headshot': 'https://static.www.nfl.com/image/private/{formatInstructions}/league/fe4iwsyp8kiiqjigeooo', 'jerseyNumber': 88, 'lastName': 'Lamb', 'position': 'WR', 'positionGroup': 'WR', 'shortName': 'C.Lamb', 'smartId': '32004c41-4d13-8457-fcbe-d37fdbd87233', 'status': 'ACT', 'uniformNumber': '88', 'ngsPosition': 'WR', 'ngsPositionGroup': 'WR'}",CeeDee Lamb,WR,1200,2021,ceedee lamb,DAL,4/8/1999,18791.29032
6.297111111,4.969084761,9.479672131,3.641353165,6.209111111,1.24002635,73.7704918,11.26033762,6,45,61,602,"{'season': 2021, 'currentTeamId': '1200', 'displayName': 'Cedrick Wilson', 'esbId': 'WIL656498', 'firstName': 'Cedrick', 'footballName': 'Cedrick', 'gsisId': '00-0034418', 'gsisItId': 46277, 'headshot': 'https://static.www.nfl.com/image/private/{formatInstructions}/league/mqx2ue8p1i49rsft8lrx', 'jerseyNumber': 1, 'lastName': 'Wilson', 'position': 'WR', 'positionGroup': 'WR', 'shortName': 'C.Wilson', 'smartId': '32005749-4c65-6498-c69c-d263ba915a14', 'status': 'ACT', 'uniformNumber': '1', 'ngsPosition': 'SLOT_WR', 'ngsPositionGroup': 'WR'}",Cedrick Wilson,WR,1200,2021,cedrick wilson,DAL,11/20/1995,18791.29032
6.292,2.244507042,11.6706383,2.790234488,1.75875,-0.485757042,51.06382979,13.40905035,1,24,47,275,"{'season': 2021, 'currentTeamId': '1050', 'displayName': 'Rashard Higgins', 'esbId': 'HIG322107', 'firstName': 'Rashard', 'footballName': 'Rashard', 'gsisId': '00-0032977', 'gsisItId': 43461, 'headshot': 'https://static.www.nfl.com/image/private/{formatInstructions}/league/j74zpzosjgeqpb0ponif', 'jerseyNumber': 82, 'lastName': 'Higgins', 'position': 'WR', 'positionGroup': 'WR', 'shortName': 'R.Higgins', 'smartId': '32004849-4732-2107-8b68-79212110bd89', 'status': 'ACT', 'uniformNumber': '82', 'ngsPosition': 'WR', 'ngsPositionGroup': 'WR'}",Rashard Higgins,WR,1050,2021,rashard higgins,CLE,10/7/1994,9883.479839
6.288095238,2.947574352,12.73248062,2.584869217,4.588133333,1.640558981,58.13953488,36.70598384,12,75,129,967,"{'season': 2021, 'currentTeamId': '4600', 'displayName': 'DK Metcalf', 'esbId': 'MET363377', 'firstName': 'DeKaylin', 'footballName': 'DK', 'gsisId': '00-0035640', 'gsisItId': 47847, 'headshot': 'https://static.www.nfl.com/image/private/{formatInstructions}/league/oa43ir8zoaiofwbupkrt', 'jerseyNumber': 14, 'lastName': 'Metcalf', 'position': 'WR', 'positionGroup': 'WR', 'shortName': 'D.Metcalf', 'smartId': '32004d45-5436-3377-5806-d2746f1b94aa', 'status': 'ACT', 'uniformNumber': '14', 'ngsPosition': 'WR', 'ngsPositionGroup': 'WR'}",DK Metcalf,WR,4600,2021,dk metcalf,SEA,12/14/1997,28058.18673
6.264166667,4.640360173,5.130410959,3.402181627,4.405869565,-0.234490608,63.01369863,8.997131642,3,46,73,408,"{'season': 2021, 'currentTeamId': '3410', 'displayName': 'Evan Engram', 'esbId': 'ENG726325', 'firstName': 'Evan', 'footballName': 'Evan', 'gsisId': '00-0033881', 'gsisItId': 44835, 'headshot': 'https://static.www.nfl.com/image/private/{formatInstructions}/league/mvkkl292m78tv1p1tqr4', 'jerseyNumber': 88, 'lastName': 'Engram', 'position': 'TE', 'positionGroup': 'TE', 'shortName': 'E.Engram', 'smartId': '3200454e-4772-6325-a4a0-9b4b442fe68a', 'status': 'ACT', 'uniformNumber': '88', 'ngsPosition': 'SLOT_WR', 'ngsPositionGroup': 'WR'}",Evan Engram,TE,3410,2021,evan engram,NYG,9/2/1994,18343.99591
6.26195122,3.661718839,13.17865854,2.631560672,3.694545455,0.032826616,53.65853659,21.13484526,5,44,82,537,"{'season': 2021, 'currentTeamId': '2510', 'displayName': 'Odell Beckham', 'esbId': 'BEC573252', 'firstName': 'Odell', 'footballName': 'Odell', 'gsisId': '00-0031235', 'gsisItId': 41238, 'headshot': 'https://static.www.nfl.com/image/private/{formatInstructions}/league/dw6kneiq5flxfw0m6rf3', 'jerseyNumber': 3, 'lastName': 'Beckham', 'position': 'WR', 'positionGroup': 'WR', 'shortName': 'O.Beckham', 'smartId': '32004245-4357-3252-264b-1da3e93d2745', 'status': 'ACT', 'uniformNumber': '3', 'ngsPosition': 'WR', 'ngsPositionGroup': 'WR'}",Odell Beckham,WR,2510,2021,odell beckham,LA,11/5/1992,33867.19293
6.217183099,4.447781096,10.02688172,2.852018169,4.917636364,0.469855268,59.13978495,19.16791712,2,55,93,665,"{'season': 2021, 'currentTeamId': '2520', 'displayName': 'Darren Waller', 'esbId': 'WAL509040', 'firstName': 'Darren', 'footballName': 'Darren', 'gsisId': '00-0031610', 'gsisItId': 42547, 'headshot': 'https://static.www.nfl.com/image/private/{formatInstructions}/league/zr239ya4yqyvi16jmoyh', 'jerseyNumber': 83, 'lastName': 'Waller', 'position': 'TE', 'positionGroup': 'TE', 'shortName': 'D.Waller', 'smartId': '32005741-4c50-9040-67d6-042691fb535a', 'status': 'ACT', 'uniformNumber': '83', 'ngsPosition': 'SLOT_WR', 'ngsPositionGroup': 'WR'}",Darren Waller,TE,2520,2021,darren waller,LV,9/13/1992,24595.61451
6.201515152,4.718762535,8.500144928,3.78067924,4.764222222,0.045459687,65.2173913,11.47068717,4,45,69,556,"{'season': 2021, 'currentTeamId': '2510', 'displayName': 'Robert Woods', 'esbId': 'WOO561144', 'firstName': 'Robert', 'footballName': 'Robert', 'gsisId': '00-0030431', 'gsisItId': 39989, 'headshot': 'https://static.www.nfl.com/image/private/{formatInstructions}/league/reiacycshzdzlvjwdity', 'jerseyNumber': 2, 'lastName': 'Woods', 'position': 'WR', 'positionGroup': 'WR', 'shortName': 'R.Woods', 'smartId': '3200574f-4f56-1144-59b1-dbf0c9bdb37a', 'status': 'RES', 'uniformNumber': '2', 'ngsPosition': 'WR', 'ngsPositionGroup': 'WR'}",Robert Woods,WR,2510,2021,robert woods,LA,4/10/1992,33867.19293
6.190923077,3.528366844,7.475119048,2.812075744,3.565245902,0.036879057,72.61904762,16.85166796,4,61,84,583,"{'season': 2021, 'currentTeamId': '1540', 'displayName': 'T.J. Hockenson', 'esbId': 'HOC422041', 'firstName': 'Thomas', 'footballName': 'T.J.', 'gsisId': '00-0035229', 'gsisItId': 47791, 'headshot': 'https://static.www.nfl.com/image/private/{formatInstructions}/league/ad89lw2t6v9bywmbh2uu', 'jerseyNumber': 88, 'lastName': 'Hockenson', 'position': 'TE', 'positionGroup': 'TE', 'shortName': 'T.Hockenson', 'smartId': '3200484f-4342-2041-c442-6c874885b155', 'status': 'RES', 'uniformNumber': '88', 'ngsPosition': 'TE', 'ngsPositionGroup': 'TE'}",T.J. Hockenson,TE,1540,2021,tj hockenson,DET,7/3/1997,14078.10139
6.125966387,2.614532537,12.78066667,2.460201247,1.845753425,-0.768779112,60.83333333,32.59501069,4,73,120,832,"{'season': 2021, 'currentTeamId': '2250', 'displayName': 'Marvin Jones', 'esbId': 'JON601697', 'firstName': 'Marvin', 'footballName': 'Marvin', 'gsisId': '00-0029293', 'gsisItId': 38696, 'headshot': 'https://static.www.nfl.com/image/private/{formatInstructions}/league/x09ruarqlcrdsjqq5mpg', 'jerseyNumber': 11, 'lastName': 'Jones', 'position': 'WR', 'positionGroup': 'WR', 'shortName': 'M.Jones', 'smartId': '32004a4f-4e60-1697-4762-9c6d786d2931', 'status': 'ACT', 'uniformNumber': '11', 'ngsPosition': 'WR', 'ngsPositionGroup': 'WR'}",Marvin Jones,WR,2250,2021,marvin jones,JAX,3/12/1990,18183.73328
6.119591837,3.763652825,10.40113208,3.586631688,4.098198198,0.334545373,69.81132075,35.50461256,9,111,159,1239,"{'season': 2021, 'seasonType': 'PRO', 'week': 22, 'jerseyNumber': 10, 'lastName': 'Hill', 'footballName': 'Tyreek', 'firstName': 'Tyreek', 'position': 'WR', 'gsisItId': 43454, 'gsisId': '00-0033040', 'esbId': 'HIL628694', 'displayName': 'Tyreek Hill', 'shortName': 'T.Hill', 'uniformNumber': '10', 'status': 'ACT', 'currentTeamId': '8600', 'smartId': '32004849-4c62-8694-8490-45499711dee4', 'headshot': 'https://static.www.nfl.com/image/private/{formatInstructions}/league/xw0jhb7zeobj4bkxfpwg', 'positionGroup': 'WR', 'ngsPosition': 'SLOT_WR', 'ngsPositionGroup': 'WR'}",Tyreek Hill,WR,8600,2021,tyreek hill,KC,3/1/1994,14022.59117
6.118765432,4.833968133,8.287356322,2.996522888,5.259038462,0.425070328,59.77011494,17.62547456,2,52,87,570,"{'season': 2021, 'currentTeamId': '1050', 'displayName': 'Jarvis Landry', 'esbId': 'LAN163029', 'firstName': 'Jarvis', 'footballName': 'Jarvis', 'gsisId': '00-0031382', 'gsisItId': 41292, 'headshot': 'https://static.www.nfl.com/image/private/{formatInstructions}/league/munogq6pr4gicsicbyhh', 'jerseyNumber': 80, 'lastName': 'Landry', 'position': 'WR', 'positionGroup': 'WR', 'shortName': 'J.Landry', 'smartId': '32004c41-4e16-3029-78da-4985470f8aab', 'status': 'ACT', 'uniformNumber': '80', 'ngsPosition': 'SLOT_WR', 'ngsPositionGroup': 'WR'}",Jarvis Landry,WR,1050,2021,jarvis landry,CLE,11/28/1992,9883.479839
6.111111111,3.486857002,12.04990476,2.640335919,3.653650794,0.166793791,60,32.10902308,5,63,105,869,"{'season': 2021, 'currentTeamId': '2100', 'displayName': 'A.J. Brown', 'esbId': 'BRO413223', 'firstName': 'Arthur', 'footballName': 'A.J.', 'gsisId': '00-0035676', 'gsisItId': 47834, 'headshot': 'https://static.www.nfl.com/image/private/{formatInstructions}/league/oiacjddbxvaeiewm9v62', 'jerseyNumber': 11, 'lastName': 'Brown', 'position': 'WR', 'positionGroup': 'WR', 'shortName': 'A.Brown', 'smartId': '32004252-4f41-3223-e4c5-1e30dffa87f8', 'status': 'ACT', 'uniformNumber': '11', 'ngsPosition': 'WR', 'ngsPositionGroup': 'WR'}",A.J. Brown,WR,2100,2021,aj brown,TEN,6/30/1997,14659.1819
6.097920792,2.670238346,14.81115385,2.320067131,2.9459375,0.275699154,61.53846154,37.99230466,5,64,104,916,"{'season': 2021, 'currentTeamId': '3700', 'displayName': 'DeVonta Smith', 'esbId': 'SMI206016', 'firstName': 'DeVonta', 'footballName': 'DeVonta', 'gsisId': '00-0036912', 'gsisItId': 53439, 'headshot': 'https://static.www.nfl.com/image/private/{formatInstructions}/league/hol7dluumxi1cqxyagg3', 'jerseyNumber': 6, 'lastName': 'Smith', 'position': 'WR', 'positionGroup': 'WR', 'shortName': 'D.Smith', 'smartId': '3200534d-4920-6016-573c-fcc767bafc4d', 'status': 'ACT', 'uniformNumber': '6', 'ngsPosition': 'WR', 'ngsPositionGroup': 'WR'}",DeVonta Smith,WR,3700,2021,devonta smith,PHI,11/14/1998,15658.64761
6.08137931,4.631354446,13.62966292,2.543856326,4.6786,0.047245554,56.17977528,23.72406671,6,50,89,802,"{'season': 2021, 'currentTeamId': '2510', 'displayName': 'Van Jefferson', 'esbId': 'JEF436716', 'firstName': 'Vanchii', 'footballName': 'Van', 'gsisId': '00-0036415', 'gsisItId': 52465, 'headshot': 'https://static.www.nfl.com/image/private/{formatInstructions}/league/mpf79etf7jsptmu1ywv8', 'jerseyNumber': 12, 'lastName': 'Jefferson', 'position': 'WR', 'positionGroup': 'WR', 'shortName': 'V.Jefferson', 'smartId': '32004a45-4643-6716-6cf6-1dcc41075f1f', 'status': 'ACT', 'uniformNumber': '12', 'ngsPosition': 'WR', 'ngsPositionGroup': 'WR'}",Van Jefferson,WR,2510,2021,van jefferson,LA,7/26/1996,33867.19293
6.081358025,3.713366968,9.420744681,3.101704612,4.130606061,0.417239093,70.21276596,21.89500387,4,66,94,771,"{'season': 2021, 'currentTeamId': '0200', 'displayName': 'Russell Gage', 'esbId': 'GAG130654', 'firstName': 'Russell', 'footballName': 'Russell', 'gsisId': '00-0034411', 'gsisItId': 46263, 'headshot': 'https://static.www.nfl.com/image/private/{formatInstructions}/league/yvgvukodrs3aabp4qty7', 'jerseyNumber': 14, 'lastName': 'Gage', 'position': 'WR', 'positionGroup': 'WR', 'shortName': 'R.Gage', 'smartId': '32004741-4713-0654-eda3-03cdf234354d', 'status': 'ACT', 'uniformNumber': '14', 'ngsPosition': 'WR', 'ngsPositionGroup': 'WR'}",Russell Gage,WR,200,2021,russell gage,ATL,1/22/1996,12470.02879
6.066065574,3.407687024,9.416811594,3.200508009,3.258421053,-0.149265972,55.07246377,16.25371159,3,38,69,384,"{'season': 2021, 'currentTeamId': '2200', 'displayName': 'Zach Pascal', 'esbId': 'PAS035497', 'firstName': 'Zachary', 'footballName': 'Zach', 'gsisId': '00-0033251', 'gsisItId': 45102, 'headshot': 'https://static.www.nfl.com/image/private/{formatInstructions}/league/rnqfuvudqkxumzde9wl8', 'jerseyNumber': 14, 'lastName': 'Pascal', 'position': 'WR', 'positionGroup': 'WR', 'shortName': 'Z.Pascal', 'smartId': '32005041-5303-5497-62e8-1fb281a506b7', 'status': 'ACT', 'uniformNumber': '14', 'ngsPosition': 'SLOT_WR', 'ngsPositionGroup': 'WR'}",Zach Pascal,WR,2200,2021,zach pascal,IND,12/18/1994,14422.55827
6.061868132,3.635868096,9.747263158,3.124015546,3.777761194,0.141893098,70.52631579,20.35975146,10,67,95,726,"{'season': 2021, 'currentTeamId': '3000', 'displayName': 'Adam Thielen', 'esbId': 'THI510348', 'firstName': 'Adam', 'footballName': 'Adam', 'gsisId': '00-0030035', 'gsisItId': 40488, 'headshot': 'https://static.www.nfl.com/image/private/{formatInstructions}/league/yaqb24k1lrtbl4a0hxtl', 'jerseyNumber': 19, 'lastName': 'Thielen', 'position': 'WR', 'positionGroup': 'WR', 'shortName': 'A.Thielen', 'smartId': '32005448-4951-0348-440c-28f32f21652b', 'status': 'RES', 'uniformNumber': '19', 'ngsPosition': 'WR', 'ngsPositionGroup': 'WR'}",Adam Thielen,WR,3000,2021,adam thielen,MIN,8/22/1990,16035.60781
6.052087912,3.541295591,12.36304348,2.512337026,4.001296296,0.460000705,58.69565217,26.9367127,3,54,92,848,"{'season': 2021, 'currentTeamId': '3800', 'displayName': 'A.J. Green', 'esbId': 'GRE034604', 'firstName': 'Adriel', 'footballName': 'A.J.', 'gsisId': '00-0027942', 'gsisItId': 37077, 'headshot': 'https://static.www.nfl.com/image/private/{formatInstructions}/league/ibugzfv4xaeq9y4xurmj', 'jerseyNumber': 18, 'lastName': 'Green', 'position': 'WR', 'positionGroup': 'WR', 'shortName': 'A.Green', 'smartId': '32004752-4503-4604-5592-82f254d9dbee', 'status': 'ACT', 'uniformNumber': '18', 'ngsPosition': 'WR', 'ngsPositionGroup': 'WR'}",A.J. Green,WR,3800,2021,aj green,ARI,7/31/1988,22905.15351
6.052087912,3.541295591,12.36304348,2.512337026,4.001296296,0.460000705,58.69565217,26.9367127,3,54,92,848,"{'season': 2021, 'currentTeamId': '3800', 'displayName': 'A.J. Green', 'esbId': 'GRE034604', 'firstName': 'Adriel', 'footballName': 'A.J.', 'gsisId': '00-0027942', 'gsisItId': 37077, 'headshot': 'https://static.www.nfl.com/image/private/{formatInstructions}/league/ibugzfv4xaeq9y4xurmj', 'jerseyNumber': 18, 'lastName': 'Green', 'position': 'WR', 'positionGroup': 'WR', 'shortName': 'A.Green', 'smartId': '32004752-4503-4604-5592-82f254d9dbee', 'status': 'ACT', 'uniformNumber': '18', 'ngsPosition': 'WR', 'ngsPositionGroup': 'WR'}",A.J. Green,WR,3800,2021,aj green,CLE,7/31/1988,9883.479839
6.045,5.392866699,8.247763158,3.574250972,7.048392857,1.655526158,73.68421053,15.46048737,4,56,76,830,"{'season': 2021, 'currentTeamId': '3700', 'displayName': 'Dallas Goedert', 'esbId': 'GOE595520', 'firstName': 'Dallas', 'footballName': 'Dallas', 'gsisId': '00-0034351', 'gsisItId': 46118, 'headshot': 'https://static.www.nfl.com/image/private/{formatInstructions}/league/toiqpnmbuxgfwr8wkw4r', 'jerseyNumber': 88, 'lastName': 'Goedert', 'position': 'TE', 'positionGroup': 'TE', 'shortName': 'D.Goedert', 'smartId': '3200474f-4559-5520-b7af-5e002aedafbb', 'status': 'ACT', 'uniformNumber': '88', 'ngsPosition': 'TE', 'ngsPositionGroup': 'TE'}",Dallas Goedert,TE,3700,2021,dallas goedert,PHI,1/3/1995,15658.64761
6.038227848,3.089151838,11.99023529,2.757911754,4.145849057,1.056697219,62.35294118,23.24197727,5,53,85,734,"{'season': 2021, 'currentTeamId': '1400', 'displayName': 'Tim Patrick', 'esbId': 'PAT283375', 'firstName': 'Tim', 'footballName': 'Tim', 'gsisId': '00-0033375', 'gsisItId': 45267, 'headshot': 'https://static.www.nfl.com/image/private/{formatInstructions}/league/hun9pdqwtwz76tiac5d3', 'jerseyNumber': 81, 'lastName': 'Patrick', 'position': 'WR', 'positionGroup': 'WR', 'shortName': 'T.Patrick', 'smartId': '32005041-5428-3375-95f4-ff207c5ba0aa', 'status': 'ACT', 'uniformNumber': '81', 'ngsPosition': 'WR', 'ngsPositionGroup': 'WR'}",Tim Patrick,WR,1400,2021,tim patrick,DEN,11/23/1993,16599.1994
6.006595745,4.734857672,7.659732143,3.161096318,4.815405405,0.080547734,66.07142857,21.15948106,5,74,112,763,"{'season': 2021, 'currentTeamId': '3800', 'displayName': 'Zach Ertz', 'esbId': 'ERT800920', 'firstName': 'Zachary', 'footballName': 'Zach', 'gsisId': '00-0030061', 'gsisItId': 39983, 'headshot': 'https://static.www.nfl.com/image/private/{formatInstructions}/league/y4cua1auc75ybocf2ijz', 'jerseyNumber': 86, 'lastName': 'Ertz', 'position': 'TE', 'positionGroup': 'TE', 'shortName': 'Z.Ertz', 'smartId': '32004552-5480-0920-32a6-165b5a77814e', 'status': 'ACT', 'uniformNumber': '86', 'ngsPosition': 'SLOT_WR', 'ngsPositionGroup': 'WR'}",Zach Ertz,TE,3800,2021,zach ertz,ARI,11/10/1990,22905.15351
6.000733945,2.919757888,12.09681818,2.268951119,4.008243243,1.088485356,67.27272727,30.46994681,6,74,110,1091,"{'season': 2021, 'currentTeamId': '0920', 'displayName': 'Tee Higgins', 'esbId': 'HIG387791', 'firstName': 'Tamaurice', 'footballName': 'Tee', 'gsisId': '00-0036410', 'gsisItId': 52441, 'headshot': 'https://static.www.nfl.com/image/private/{formatInstructions}/league/bhghlnepvrsmsztx0wzh', 'jerseyNumber': 85, 'lastName': 'Higgins', 'position': 'WR', 'positionGroup': 'WR', 'shortName': 'T.Higgins', 'smartId': '32004849-4738-7791-9f89-d556c4b59b9a', 'status': 'ACT', 'uniformNumber': '85', 'ngsPosition': 'WR', 'ngsPositionGroup': 'WR'}",Tee Higgins,WR,920,2021,tee higgins,CIN,1/18/1999,11007.81672
5.999787234,4.109475585,11.43427184,3.379195378,3.263896104,-0.845579481,74.75728155,27.89183633,5,77,103,982,"{'season': 2021, 'currentTeamId': '3800', 'displayName': 'Christian Kirk', 'esbId': 'KIR257918', 'firstName': 'Christian', 'footballName': 'Christian', 'gsisId': '00-0034775', 'gsisItId': 46116, 'headshot': 'https://static.www.nfl.com/image/private/{formatInstructions}/league/y1uvf0zoqcmhdnnm9zpt', 'jerseyNumber': 13, 'lastName': 'Kirk', 'position': 'WR', 'positionGroup': 'WR', 'shortName': 'C.Kirk', 'smartId': '32004b49-5225-7918-e402-81feed3bdafb', 'status': 'ACT', 'uniformNumber': '13', 'ngsPosition': 'SLOT_WR', 'ngsPositionGroup': 'WR'}",Christian Kirk,WR,3800,2021,christian kirk,ARI,11/18/1996,22905.15351
5.997636364,4.238913016,12.32822581,3.374881628,6.04,1.801086984,69.35483871,18.85235793,1,43,62,647,"{'season': 2021, 'currentTeamId': '3700', 'displayName': 'Quez Watkins', 'esbId': 'WAT256754', 'firstName': 'Terrance', 'footballName': 'Quez', 'gsisId': '00-0036271', 'gsisItId': 52608, 'headshot': 'https://static.www.nfl.com/image/private/{formatInstructions}/league/gwow6ytckqv1ukrbrl5l', 'jerseyNumber': 16, 'lastName': 'Watkins', 'position': 'WR', 'positionGroup': 'WR', 'shortName': 'Q.Watkins', 'smartId': '32005741-5425-6754-e1b1-afc9abed8980', 'status': 'ACT', 'uniformNumber': '16', 'ngsPosition': 'SLOT_WR', 'ngsPositionGroup': 'WR'}",Quez Watkins,WR,3700,2021,quez watkins,PHI,6/9/1998,15658.64761
5.984397163,3.834647703,8.532484076,3.15442876,3.438018868,-0.396628836,67.51592357,26.59963147,6,106,157,1138,"{'season': 2021, 'seasonType': 'PRO', 'week': 22, 'jerseyNumber': 13, 'lastName': 'Allen', 'footballName': 'Keenan', 'firstName': 'Keenan', 'position': 'WR', 'gsisItId': 40024, 'gsisId': '00-0030279', 'esbId': 'ALL532966', 'displayName': 'Keenan Allen', 'shortName': 'K.Allen', 'uniformNumber': '13', 'status': 'ACT', 'currentTeamId': '8600', 'smartId': '3200414c-4c53-2966-dfa9-55ae464e7b3d', 'headshot': 'https://static.www.nfl.com/image/private/{formatInstructions}/league/h3qhoqtyodmmympbw71k', 'positionGroup': 'WR', 'ngsPosition': 'SLOT_WR', 'ngsPositionGroup': 'WR'}",Keenan Allen,WR,8600,2021,keenan allen,LAC,4/27/1992,25477.41241
5.9796,3.447106507,13.70026316,1.737585135,3.248918919,-0.198187588,48.68421053,25.01333282,0,37,76,521,"{'season': 2021, 'currentTeamId': '3410', 'displayName': 'Kenny Golladay', 'esbId': 'GOL573546', 'firstName': 'Kenneth', 'footballName': 'Kenny', 'gsisId': '00-0033932', 'gsisItId': 44908, 'headshot': 'https://static.www.nfl.com/image/private/{formatInstructions}/league/gdihhyi6bpsvyljtenua', 'jerseyNumber': 19, 'lastName': 'Golladay', 'position': 'WR', 'positionGroup': 'WR', 'shortName': 'K.Golladay', 'smartId': '3200474f-4c57-3546-c21d-b780be32aca0', 'status': 'ACT', 'uniformNumber': '19', 'ngsPosition': 'WR', 'ngsPositionGroup': 'WR'}",Kenny Golladay,WR,3410,2021,kenny golladay,NYG,11/3/1993,18343.99591
5.962467532,5.705136733,5.320352941,3.103997656,4.812131148,-0.893005585,71.76470588,8.844501987,5,61,85,560,"{'season': 2021, 'currentTeamId': '2510', 'displayName': 'Tyler Higbee', 'esbId': 'HIG033222', 'firstName': 'Tyler', 'footballName': 'Tyler', 'gsisId': '00-0033110', 'gsisItId': 43399, 'headshot': 'https://static.www.nfl.com/image/private/{formatInstructions}/league/bu5gamvcta2q5smo17pb', 'jerseyNumber': 89, 'lastName': 'Higbee', 'position': 'TE', 'positionGroup': 'TE', 'shortName': 'T.Higbee', 'smartId': '32004849-4703-3222-e4e8-bd596550bfdb', 'status': 'RES', 'uniformNumber': '89', 'ngsPosition': 'TE', 'ngsPositionGroup': 'TE'}",Tyler Higbee,TE,2510,2021,tyler higbee,LA,1/1/1993,33867.19293
5.941698113,5.115822649,17.12690909,2.372949769,6.002307692,0.886485043,47.27272727,21.64346799,3,26,55,430,"{'season': 2021, 'currentTeamId': '1800', 'displayName': 'Marquez Valdes-Scantling', 'esbId': 'VAL142116', 'firstName': 'Marquez', 'footballName': 'Marquez', 'gsisId': '00-0034272', 'gsisItId': 46243, 'headshot': 'https://static.www.nfl.com/image/private/{formatInstructions}/league/y4msjj3juc7rg08twriq', 'jerseyNumber': 83, 'lastName': 'Valdes-Scantling', 'position': 'WR', 'positionGroup': 'WR', 'shortName': 'M.Valdes-Scantling', 'smartId': '32005641-4c14-2116-e6d9-84cbe2bdacf5', 'status': 'ACT', 'uniformNumber': '83', 'ngsPosition': 'WR', 'ngsPositionGroup': 'WR'}",Marquez Valdes-Scantling,WR,1800,2021,marquez valdes-scantling,GB,10/10/1994,13336.65253
5.937681159,4.706432334,8.691325301,2.770401528,5.282291667,0.575859333,57.8313253,14.32400877,4,48,83,564,"{'season': 2021, 'currentTeamId': '4400', 'displayName': 'Jared Cook', 'esbId': 'COO152641', 'firstName': 'Jared', 'footballName': 'Jared', 'gsisId': '00-0027061', 'gsisItId': 34540, 'headshot': 'https://static.www.nfl.com/image/private/{formatInstructions}/league/cthoenebptadlu4g928v', 'jerseyNumber': 87, 'lastName': 'Cook', 'position': 'TE', 'positionGroup': 'TE', 'shortName': 'J.Cook', 'smartId': '3200434f-4f15-2641-bb32-32c02af1d6b5', 'status': 'ACT', 'uniformNumber': '87', 'ngsPosition': 'SLOT_WR', 'ngsPositionGroup': 'WR'}",Jared Cook,TE,4400,2021,jared cook,LAC,4/7/1987,25477.41241
5.933269231,3.479749933,9.903269231,3.034815282,3.056129032,-0.423620901,59.61538462,12.73250538,2,31,52,281,"{'season': 2021, 'currentTeamId': '0200', 'displayName': 'Calvin Ridley', 'esbId': 'RID652384', 'firstName': 'Calvin', 'footballName': 'Calvin', 'gsisId': '00-0034837', 'gsisItId': 46095, 'headshot': 'https://static.www.nfl.com/image/private/{formatInstructions}/league/nrjs4cm8bpr9v9ktiqe2', 'jerseyNumber': 18, 'lastName': 'Ridley', 'position': 'WR', 'positionGroup': 'WR', 'shortName': 'C.Ridley', 'smartId': '32005249-4465-2384-7253-3a4b46622aa9', 'status': 'RES', 'uniformNumber': '18', 'ngsPosition': 'WR', 'ngsPositionGroup': 'WR'}",Calvin Ridley,WR,200,2021,calvin ridley,ATL,12/20/1994,12470.02879
5.903076923,3.42456445,8.002727273,2.920683238,4.076388889,0.651824439,65.45454545,7.699681797,0,36,55,360,"{'season': 2021, 'currentTeamId': '4900', 'displayName': 'Tyler Johnson', 'esbId': 'JOH711094', 'firstName': 'Tyler', 'footballName': 'Tyler', 'gsisId': '00-0036427', 'gsisItId': 52569, 'headshot': 'https://static.www.nfl.com/image/private/{formatInstructions}/league/d6e5mwllmmwixl01o93g', 'jerseyNumber': 18, 'lastName': 'Johnson', 'position': 'WR', 'positionGroup': 'WR', 'shortName': 'T.Johnson', 'smartId': '32004a4f-4871-1094-58d9-ca4ef7922f8c', 'status': 'ACT', 'uniformNumber': '18', 'ngsPosition': 'WR', 'ngsPositionGroup': 'WR'}",Tyler Johnson,WR,4900,2021,tyler johnson,TB,8/25/1998,16621.62915
5.892021277,3.760056093,10.48945455,2.294515135,5.231470588,1.471414495,61.81818182,28.5284075,1,68,110,1026,"{'season': 2021, 'seasonType': 'PRO', 'week': 22, 'jerseyNumber': 8, 'lastName': 'Pitts', 'footballName': 'Kyle', 'firstName': 'Kyle', 'position': 'TE', 'gsisItId': 53433, 'gsisId': '00-0036970', 'esbId': 'PIT516805', 'displayName': 'Kyle Pitts', 'shortName': 'K.Pitts', 'uniformNumber': '08', 'status': 'ACT', 'currentTeamId': '8700', 'smartId': '32005049-5451-6805-5aec-d4afcbd52e25', 'headshot': 'https://static.www.nfl.com/image/private/{formatInstructions}/league/ck6bpvk71ancovvtomdg', 'positionGroup': 'TE', 'ngsPosition': 'SLOT_WR', 'ngsPositionGroup': 'WR'}",Kyle Pitts,TE,8700,2021,kyle pitts,ATL,10/6/2000,12470.02879
5.891632653,3.883620932,12.66653061,3.069747674,4.462962963,0.579342031,55.10204082,11.8161534,1,27,49,394,"{'season': 2021, 'currentTeamId': '0325', 'displayName': 'Sammy Watkins', 'esbId': 'WAT270480', 'firstName': 'Samuel', 'footballName': 'Sammy', 'gsisId': '00-0031325', 'gsisItId': 41230, 'headshot': 'https://static.www.nfl.com/image/private/{formatInstructions}/league/uulusc1rbfhi3k0yhcch', 'jerseyNumber': 14, 'lastName': 'Watkins', 'position': 'WR', 'positionGroup': 'WR', 'shortName': 'S.Watkins', 'smartId': '32005741-5427-0480-637c-854aaf86ba0e', 'status': 'ACT', 'uniformNumber': '14', 'ngsPosition': 'WR', 'ngsPositionGroup': 'WR'}",Sammy Watkins,WR,325,2021,sammy watkins,BAL,6/14/1993,12968.33427
5.883333333,3.224954314,13.78755102,2.69053867,4.127586207,0.902631893,59.18367347,18.13129009,2,29,49,396,"{'season': 2021, 'currentTeamId': '1540', 'displayName': 'Josh Reynolds', 'esbId': 'REY398905', 'firstName': 'Joshua Dedmon-Reynolds', 'footballName': 'Josh', 'gsisId': '00-0033943', 'gsisItId': 44930, 'headshot': 'https://static.www.nfl.com/image/private/{formatInstructions}/league/oirrwmc0z3x3oogdrnek', 'jerseyNumber': 8, 'lastName': 'Reynolds', 'position': 'WR', 'positionGroup': 'WR', 'shortName': 'J.Reynolds', 'smartId': '32005245-5939-8905-3a79-3286353be377', 'status': 'ACT', 'uniformNumber': '8', 'ngsPosition': 'WR', 'ngsPositionGroup': 'WR'}",Josh Reynolds,WR,1540,2021,josh reynolds,DET,2/16/1995,14078.10139
5.850526316,4.662041136,11.91831169,3.441146013,5.097906977,0.43586584,55.84415584,21.45470528,5,43,77,538,"{'season': 2021, 'currentTeamId': '3430', 'displayName': 'Elijah Moore', 'esbId': 'MOO279723', 'firstName': 'Elijah', 'footballName': 'Elijah', 'gsisId': '00-0036980', 'gsisItId': 53463, 'headshot': 'https://static.www.nfl.com/image/private/{formatInstructions}/league/rk7rq0dyx9bjmgc6ijkj', 'jerseyNumber': 8, 'lastName': 'Moore', 'position': 'WR', 'positionGroup': 'WR', 'shortName': 'E.Moore', 'smartId': '32004d4f-4f27-9723-3c75-0e082bc200c9', 'status': 'RES', 'uniformNumber': '8', 'ngsPosition': 'WR', 'ngsPositionGroup': 'WR'}",Elijah Moore,WR,3430,2021,elijah moore,NYJ,3/27/2000,13005.03202
5.818208955,4.603813362,6.034888889,4.101818713,4.979411765,0.375598402,75.55555556,12.386204,4,68,90,670,"{'season': 2021, 'currentTeamId': '1400', 'displayName': 'Noah Fant', 'esbId': 'FAN405165', 'firstName': 'Noah', 'footballName': 'Noah', 'gsisId': '00-0035644', 'gsisItId': 47803, 'headshot': 'https://static.www.nfl.com/image/private/{formatInstructions}/league/mzdt60x8wmllrtjpxfsr', 'jerseyNumber': 87, 'lastName': 'Fant', 'position': 'TE', 'positionGroup': 'TE', 'shortName': 'N.Fant', 'smartId': '32004641-4e40-5165-5070-db7e36dbc0d7', 'status': 'ACT', 'uniformNumber': '87', 'ngsPosition': 'TE', 'ngsPositionGroup': 'TE'}",Noah Fant,TE,1400,2021,noah fant,DEN,11/20/1997,16599.1994
5.7815625,4.773578914,6.619423077,3.351918211,5.625142857,0.851563943,67.30769231,7.315429966,0,35,52,408,"{'season': 2021, 'currentTeamId': '2250', 'displayName': 'Dan Arnold', 'esbId': 'ARN413883', 'firstName': 'Daniel', 'footballName': 'Dan', 'gsisId': '00-0034011', 'gsisItId': 45785, 'headshot': 'https://static.www.nfl.com/image/private/{formatInstructions}/league/rotbubimax9ynluqflao', 'jerseyNumber': 85, 'lastName': 'Arnold', 'position': 'TE', 'positionGroup': 'TE', 'shortName': 'D.Arnold', 'smartId': '32004152-4e41-3883-2521-46a3b5976b3b', 'status': 'RES', 'uniformNumber': '85', 'ngsPosition': 'SLOT_WR', 'ngsPositionGroup': 'WR'}",Dan Arnold,TE,2250,2021,dan arnold,JAX,3/15/1995,18183.73328
5.762266667,4.811127714,7.776276596,3.090572747,6.66971831,1.858590596,75.53191489,18.58210909,6,71,94,910,"{'season': 2021, 'seasonType': 'PRO', 'week': 22, 'jerseyNumber': 85, 'lastName': 'Kittle', 'footballName': 'George', 'firstName': 'George', 'position': 'TE', 'gsisItId': 44959, 'gsisId': '00-0033288', 'esbId': 'KIT388290', 'displayName': 'George Kittle', 'shortName': 'G.Kittle', 'uniformNumber': '85', 'status': 'ACT', 'currentTeamId': '8700', 'smartId': '32004b49-5438-8290-eeed-c9c9cca62ec1', 'headshot': 'https://static.www.nfl.com/image/private/{formatInstructions}/league/i5jklsh3tbdq6qhjjx3z', 'positionGroup': 'TE', 'ngsPosition': 'TE', 'ngsPositionGroup': 'TE'}",George Kittle,TE,8700,2021,george kittle,SF,10/9/1993,35846.18382
5.755180723,2.714443246,12.91095238,2.833434107,3.108695652,0.394252407,54.76190476,28.70664966,6,46,84,698,"{'season': 2021, 'currentTeamId': '3300', 'displayName': 'Marquez Callaway', 'esbId': 'CAL617743', 'firstName': 'Marquez', 'footballName': 'Marquez', 'gsisId': '00-0036219', 'gsisItId': 53098, 'headshot': 'https://static.www.nfl.com/image/private/{formatInstructions}/league/nqiynjmkkl9kf8faxwaw', 'jerseyNumber': 1, 'lastName': 'Callaway', 'position': 'WR', 'positionGroup': 'WR', 'shortName': 'M.Callaway', 'smartId': '32004341-4c61-7743-4446-48c992c4d138', 'status': 'ACT', 'uniformNumber': '1', 'ngsPosition': 'WR', 'ngsPositionGroup': 'WR'}",Marquez Callaway,WR,3300,2021,marquez callaway,NO,3/27/1998,17376.99461
5.751666667,4.601709295,10.92366667,2.64350743,5.18375,0.582040705,66.66666667,15.05930252,8,40,60,513,"{'season': 2021, 'currentTeamId': '1800', 'displayName': 'Allen Lazard', 'esbId': 'LAZ043714', 'firstName': 'Allen', 'footballName': 'Allen', 'gsisId': '00-0034521', 'gsisItId': 46705, 'headshot': 'https://static.www.nfl.com/image/private/{formatInstructions}/league/mcfdd6indtpjzydbmsbs', 'jerseyNumber': 13, 'lastName': 'Lazard', 'position': 'WR', 'positionGroup': 'WR', 'shortName': 'A.Lazard', 'smartId': '32004c41-5a04-3714-cfb7-872b20b0ce13', 'status': 'ACT', 'uniformNumber': '13', 'ngsPosition': 'WR', 'ngsPositionGroup': 'WR'}",Allen Lazard,WR,1800,2021,allen lazard,GB,12/11/1995,13336.65253
5.722068966,3.6011883,14.99844828,2.11445484,4.895588235,1.294399935,58.62068966,21.26570953,3,34,58,597,"{'season': 2021, 'currentTeamId': '1050', 'displayName': 'Donovan Peoples-Jones', 'esbId': 'PEO604060', 'firstName': 'Donovan', 'footballName': 'Donovan', 'gsisId': '00-0036233', 'gsisItId': 52595, 'headshot': 'https://static.www.nfl.com/image/private/{formatInstructions}/league/z2clh7yjqbdklh5wsde6', 'jerseyNumber': 11, 'lastName': 'Peoples-Jones', 'position': 'WR', 'positionGroup': 'WR', 'shortName': 'D.Peoples-Jones', 'smartId': '32005045-4f60-4060-aa06-be3909ebff80', 'status': 'ACT', 'uniformNumber': '11', 'ngsPosition': 'WR', 'ngsPositionGroup': 'WR'}",Donovan Peoples-Jones,WR,1050,2021,donovan peoples-jones,CLE,2/19/1999,9883.479839
5.719310345,3.652398228,9.906133333,2.693935155,3.394,-0.258398228,66.66666667,17.52371608,9,50,75,603,"{'season': 2021, 'currentTeamId': '3200', 'displayName': 'Hunter Henry', 'esbId': 'HEN617052', 'firstName': 'Hunter', 'footballName': 'Hunter', 'gsisId': '00-0033090', 'gsisItId': 43324, 'headshot': 'https://static.www.nfl.com/image/private/{formatInstructions}/league/ldzlkisbxebv2pzup9qd', 'jerseyNumber': 85, 'lastName': 'Henry', 'position': 'TE', 'positionGroup': 'TE', 'shortName': 'H.Henry', 'smartId': '32004845-4e61-7052-805d-daad1175a3b2', 'status': 'ACT', 'uniformNumber': '85', 'ngsPosition': 'TE', 'ngsPositionGroup': 'TE'}",Hunter Henry,TE,3200,2021,hunter henry,NE,12/7/1994,17522.52271
5.714305556,2.695831001,15.00277778,2.917702826,2.557619048,-0.138211953,58.33333333,20.19273009,4,42,72,626,"{'season': 2021, 'currentTeamId': '0610', 'displayName': 'Emmanuel Sanders', 'esbId': 'SAN295989', 'firstName': 'Emmanuel', 'footballName': 'Emmanuel', 'gsisId': '00-0027685', 'gsisItId': 35521, 'headshot': 'https://static.www.nfl.com/image/private/{formatInstructions}/league/potkibjtm855tsawozs0', 'jerseyNumber': 1, 'lastName': 'Sanders', 'position': 'WR', 'positionGroup': 'WR', 'shortName': 'E.Sanders', 'smartId': '32005341-4e29-5989-16d2-05d6a07248e9', 'status': 'ACT', 'uniformNumber': '1', 'ngsPosition': 'WR', 'ngsPositionGroup': 'WR'}",Emmanuel Sanders,WR,610,2021,emmanuel sanders,BUF,3/17/1987,14339.7188
5.664424242,3.958468146,12.33994012,2.979162932,4.73787037,0.779402224,64.67065868,45.31017075,10,108,167,1616,"{'season': 2021, 'seasonType': 'PRO', 'week': 22, 'jerseyNumber': 18, 'lastName': 'Jefferson', 'footballName': 'Justin', 'firstName': 'Justin', 'position': 'WR', 'gsisItId': 52430, 'gsisId': '00-0036322', 'esbId': 'JEF269287', 'displayName': 'Justin Jefferson', 'shortName': 'J.Jefferson', 'uniformNumber': '18', 'status': 'ACT', 'currentTeamId': '8700', 'smartId': '32004a45-4626-9287-c454-479b942cbd26', 'headshot': 'https://static.www.nfl.com/image/private/{formatInstructions}/league/o2f0n7bi0rlvx0hgpspz', 'positionGroup': 'WR', 'ngsPosition': 'WR', 'ngsPositionGroup': 'WR'}",Justin Jefferson,WR,8700,2021,justin jefferson,MIN,6/16/1999,16035.60781
5.628552632,3.405543967,10.49219512,2.7642276,3.898,0.492456033,60.97560976,18.91674399,7,50,82,655,"{'season': 2021, 'currentTeamId': '3000', 'displayName': 'K.J. Osborn', 'esbId': 'OSB109755', 'firstName': 'K.J.', 'footballName': 'K.J.', 'gsisId': '00-0036345', 'gsisItId': 52584, 'headshot': 'https://static.www.nfl.com/image/private/{formatInstructions}/league/p44nhjopxr4mwncbdx5l', 'jerseyNumber': 17, 'lastName': 'Osborn', 'position': 'WR', 'positionGroup': 'WR', 'shortName': 'K.Osborn', 'smartId': '32004f53-4210-9755-4136-372d9f443611', 'status': 'ACT', 'uniformNumber': '17', 'ngsPosition': 'WR', 'ngsPositionGroup': 'WR'}",K.J. Osborn,WR,3000,2021,kj osborn,MIN,6/10/1997,16035.60781
5.62755102,3.140774433,12.28,2.94482973,3.778484848,0.637710415,64.70588235,13.31021028,1,33,51,434,"{'season': 2021, 'currentTeamId': '2250', 'displayName': 'Laquon Treadwell', 'esbId': 'TRE425415', 'firstName': 'Laquon', 'footballName': 'Laquon', 'gsisId': '00-0032951', 'gsisItId': 43312, 'headshot': 'https://static.www.nfl.com/image/private/{formatInstructions}/league/zl4di9nvfm85r7kgpusk', 'jerseyNumber': 18, 'lastName': 'Treadwell', 'position': 'WR', 'positionGroup': 'WR', 'shortName': 'L.Treadwell', 'smartId': '32005452-4542-5415-7fdd-740fe9181fcb', 'status': 'ACT', 'uniformNumber': '18', 'ngsPosition': 'WR', 'ngsPositionGroup': 'WR'}",Laquon Treadwell,WR,2250,2021,laquon treadwell,JAX,6/14/1995,18183.73328
5.6126,2.002534943,13.66627451,2.657046184,3.201785714,1.199250772,54.90196078,16.29436367,1,28,51,449,"{'season': 2021, 'currentTeamId': '3430', 'displayName': 'Keelan Cole', 'esbId': 'COL130738', 'firstName': 'Keelan', 'footballName': 'Keelan', 'gsisId': '00-0033681', 'gsisItId': 45555, 'headshot': 'https://static.www.nfl.com/image/private/{formatInstructions}/league/boajq2m1njwe88c23lpd', 'jerseyNumber': 88, 'lastName': 'Cole', 'position': 'WR', 'positionGroup': 'WR', 'shortName': 'K.Cole', 'smartId': '3200434f-4c13-0738-9b9e-38aa1121bdd9', 'status': 'ACT', 'uniformNumber': '88', 'ngsPosition': 'WR', 'ngsPositionGroup': 'WR'}",Keelan Cole,WR,3430,2021,keelan cole,NYJ,4/20/1993,13005.03202
5.607682119,4.556255619,10.57355828,2.656482565,4.996236559,0.43998094,57.05521472,40.02587124,4,93,163,1157,"{'season': 2021, 'currentTeamId': '0750', 'displayName': 'D.J. Moore', 'esbId': 'MOO272423', 'firstName': 'Denniston', 'footballName': 'D.J.', 'gsisId': '00-0034827', 'gsisItId': 46093, 'headshot': 'https://static.www.nfl.com/image/private/{formatInstructions}/league/yy6o0pkengsmm6dox1wy', 'jerseyNumber': 2, 'lastName': 'Moore', 'position': 'WR', 'positionGroup': 'WR', 'shortName': 'D.Moore', 'smartId': '32004d4f-4f27-2423-f0b4-728a741b03cb', 'status': 'ACT', 'uniformNumber': '2', 'ngsPosition': 'WR', 'ngsPositionGroup': 'WR'}",D.J. Moore,WR,750,2021,dj moore,CAR,4/14/1997,13511.42938
5.588487395,3.265498466,13.35423077,2.448305076,4.138961039,0.873462573,59.23076923,41.67066719,5,77,130,1053,"{'season': 2021, 'currentTeamId': '5110', 'displayName': 'Terry McLaurin', 'esbId': 'MCL278328', 'firstName': 'Terry', 'footballName': 'Terry', 'gsisId': '00-0035659', 'gsisItId': 47859, 'headshot': 'https://static.www.nfl.com/image/private/{formatInstructions}/league/bxkrzih9phr5abgabo7v', 'jerseyNumber': 17, 'lastName': 'McLaurin', 'position': 'WR', 'positionGroup': 'WR', 'shortName': 'T.McLaurin', 'smartId': '32004d43-4c27-8328-8097-b130ba0e8060', 'status': 'ACT', 'uniformNumber': '17', 'ngsPosition': 'WR', 'ngsPositionGroup': 'WR'}",Terry McLaurin,WR,5110,2021,terry mclaurin,WAS,9/15/1995,13956.6846
5.532149533,4.819406398,7.151641791,3.305093757,6.401630435,1.582224037,68.65671642,20.57394594,9,92,134,1125,"{'season': 2021, 'seasonType': 'PRO', 'week': 22, 'jerseyNumber': 87, 'lastName': 'Kelce', 'footballName': 'Travis', 'firstName': 'Travis', 'position': 'TE', 'gsisItId': 40011, 'gsisId': '00-0030506', 'esbId': 'KEL012458', 'displayName': 'Travis Kelce', 'shortName': 'T.Kelce', 'uniformNumber': '87', 'status': 'ACT', 'currentTeamId': '8600', 'smartId': '32004b45-4c01-2458-b7b6-3a14cdb414dd', 'headshot': 'https://static.www.nfl.com/image/private/{formatInstructions}/league/bcm53707vuxzjyml1ujt', 'positionGroup': 'TE', 'ngsPosition': 'SLOT_WR', 'ngsPositionGroup': 'WR'}",Travis Kelce,TE,8600,2021,travis kelce,KC,10/5/1989,14022.59117
5.519620253,4.166543338,9.886428571,2.942778569,6.712142857,2.545599519,66.66666667,21.11126081,5,56,84,826,"{'season': 2021, 'currentTeamId': '4500', 'displayName': 'Brandon Aiyuk', 'esbId': 'AIY189231', 'firstName': 'Brandon', 'footballName': 'Brandon', 'gsisId': '00-0036261', 'gsisItId': 52433, 'headshot': 'https://static.www.nfl.com/image/private/{formatInstructions}/league/myd0hbdegadm0beryuxz', 'jerseyNumber': 11, 'lastName': 'Aiyuk', 'position': 'WR', 'positionGroup': 'WR', 'shortName': 'B.Aiyuk', 'smartId': '32004149-5918-9231-4476-63b611051b08', 'status': 'ACT', 'uniformNumber': '11', 'ngsPosition': 'WR', 'ngsPositionGroup': 'WR'}",Brandon Aiyuk,WR,4500,2021,brandon aiyuk,SF,3/17/1998,35846.18382
5.506610169,3.270465886,6.196212121,3.079918807,3.05025641,-0.220209476,59.09090909,9.371505307,0,39,66,277,"{'season': 2021, 'currentTeamId': '3900', 'displayName': 'Ray-Ray McCloud', 'esbId': 'MCC417118', 'firstName': 'Ray-Ray', 'footballName': 'Ray-Ray', 'gsisId': '00-0034407', 'gsisItId': 46256, 'headshot': 'https://static.www.nfl.com/image/private/{formatInstructions}/league/q25yzjly8zz4elodqdhr', 'jerseyNumber': 14, 'lastName': 'McCloud', 'position': 'WR', 'positionGroup': 'WR', 'shortName': 'R.McCloud', 'smartId': '32004d43-4341-7118-745c-2c9756292bc8', 'status': 'ACT', 'uniformNumber': '14', 'ngsPosition': 'SLOT_WR', 'ngsPositionGroup': 'WR'}",Ray-Ray McCloud,WR,3900,2021,ray-ray mccloud,PIT,10/15/1996,11327.77516
5.460212766,2.931196603,12.07395833,2.427074286,3.922258065,0.991061461,64.58333333,14.70771105,1,31,48,434,"{'season': 2021, 'currentTeamId': '2100', 'displayName': 'Julio Jones', 'esbId': 'JON640315', 'firstName': 'Quintorris', 'footballName': 'Julio', 'gsisId': '00-0027944', 'gsisItId': 37079, 'headshot': 'https://static.www.nfl.com/image/private/{formatInstructions}/league/pxrjunbln50toj2tmvbs', 'jerseyNumber': 2, 'lastName': 'Jones', 'position': 'WR', 'positionGroup': 'WR', 'shortName': 'J.Jones', 'smartId': '32004a4f-4e64-0315-6848-b53a911b9cd3', 'status': 'ACT', 'uniformNumber': '2', 'ngsPosition': 'WR', 'ngsPositionGroup': 'WR'}",Julio Jones,WR,2100,2021,julio jones,TEN,2/8/1989,14659.1819
5.4525,3.176982086,5.823417722,3.267817047,4.1995,1.022517914,75.94936709,10.5425138,7,60,79,497,"{'season': 2021, 'currentTeamId': '3900', 'displayName': 'Pat Freiermuth', 'esbId': 'FRE439769', 'firstName': 'Pat', 'footballName': 'Pat', 'gsisId': '00-0036894', 'gsisItId': 53484, 'headshot': 'https://static.www.nfl.com/image/private/{formatInstructions}/league/mcmq0fne7lzmd4ymuonx', 'jerseyNumber': 88, 'lastName': 'Freiermuth', 'position': 'TE', 'positionGroup': 'TE', 'shortName': 'P.Freiermuth', 'smartId': '32004652-4543-9769-d771-bdf1de25cd8b', 'status': 'ACT', 'uniformNumber': '88', 'ngsPosition': 'TE', 'ngsPositionGroup': 'TE'}",Pat Freiermuth,TE,3900,2021,pat freiermuth,PIT,10/25/1998,11327.77516
5.37654321,4.408078671,6.901442308,3.511319663,4.652435897,0.244357227,75,13.9765976,8,78,104,808,"{'season': 2021, 'currentTeamId': '1200', 'displayName': 'Dalton Schultz', 'esbId': 'SCH647271', 'firstName': 'Dalton', 'footballName': 'Dalton', 'gsisId': '00-0034383', 'gsisItId': 46206, 'headshot': 'https://static.www.nfl.com/image/private/{formatInstructions}/league/mbqinxum5qovm6p8xgkc', 'jerseyNumber': 86, 'lastName': 'Schultz', 'position': 'TE', 'positionGroup': 'TE', 'shortName': 'D.Schultz', 'smartId': '32005343-4864-7271-8c9c-893e6cc8875d', 'status': 'ACT', 'uniformNumber': '86', 'ngsPosition': 'TE', 'ngsPositionGroup': 'TE'}",Dalton Schultz,TE,1200,2021,dalton schultz,DAL,7/11/1996,18791.29032
5.368955224,4.104694179,7.503225806,3.284674596,4.677,0.572305821,64.51612903,16.10888851,0,60,93,612,"{'season': 2021, 'currentTeamId': '0810', 'displayName': 'Cole Kmet', 'esbId': 'KME200895', 'firstName': 'Cole', 'footballName': 'Cole', 'gsisId': '00-0036290', 'gsisItId': 52451, 'headshot': 'https://static.www.nfl.com/image/private/{formatInstructions}/league/jqlaite1e6jmuaix5hoc', 'jerseyNumber': 85, 'lastName': 'Kmet', 'position': 'TE', 'positionGroup': 'TE', 'shortName': 'C.Kmet', 'smartId': '32004b4d-4520-0895-f027-61d779beeff4', 'status': 'ACT', 'uniformNumber': '85', 'ngsPosition': 'TE', 'ngsPositionGroup': 'TE'}",Cole Kmet,TE,810,2021,cole kmet,CHI,3/10/1999,15003.61445
5.368695652,3.217121664,9.587222222,2.753380934,2.988915663,-0.228206001,65.87301587,28.49207734,2,83,126,866,"{'season': 2021, 'currentTeamId': '3200', 'displayName': 'Jakobi Meyers', 'esbId': 'MEY171606', 'firstName': 'Jakobi', 'footballName': 'Jakobi', 'gsisId': '00-0034960', 'gsisItId': 48097, 'headshot': 'https://static.www.nfl.com/image/private/{formatInstructions}/league/g0apvgjnlqqhw0zaremx', 'jerseyNumber': 16, 'lastName': 'Meyers', 'position': 'WR', 'positionGroup': 'WR', 'shortName': 'J.Meyers', 'smartId': '32004d45-5917-1606-4197-8f46779fb9b7', 'status': 'ACT', 'uniformNumber': '16', 'ngsPosition': 'SLOT_WR', 'ngsPositionGroup': 'WR'}",Jakobi Meyers,WR,3200,2021,jakobi meyers,NE,11/9/1996,17522.52271
5.356857143,6.655026422,5.274666667,3.961486074,8.668928571,2.01390215,62.22222222,5.598456509,1,28,45,294,"{'season': 2021, 'currentTeamId': '3200', 'displayName': 'Jonnu Smith', 'esbId': 'SMI443054', 'firstName': 'Jonnu', 'footballName': 'Jonnu', 'gsisId': '00-0033858', 'gsisItId': 44912, 'headshot': 'https://static.www.nfl.com/image/private/{formatInstructions}/league/uqux8vr24dx5tvqf97hb', 'jerseyNumber': 81, 'lastName': 'Smith', 'position': 'TE', 'positionGroup': 'TE', 'shortName': 'J.Smith', 'smartId': '3200534d-4944-3054-540c-5ec35eb5903e', 'status': 'ACT', 'uniformNumber': '81', 'ngsPosition': 'TE', 'ngsPositionGroup': 'TE'}",Jonnu Smith,TE,3200,2021,jonnu smith,NE,8/22/1995,17522.52271
5.33326087,3.993502403,10.7485,4.115339412,4.760238095,0.766735693,70,13.84542061,5,42,60,568,"{'season': 2021, 'currentTeamId': '2310', 'displayName': 'Byron Pringle', 'esbId': 'PRI547217', 'firstName': 'Byron', 'footballName': 'Byron', 'gsisId': '00-0034297', 'gsisItId': 46522, 'headshot': 'https://static.www.nfl.com/image/private/{formatInstructions}/league/ciojowlm1oqc6onkec8u', 'jerseyNumber': 13, 'lastName': 'Pringle', 'position': 'WR', 'positionGroup': 'WR', 'shortName': 'B.Pringle', 'smartId': '32005052-4954-7217-e0dd-54f84f919c3a', 'status': 'ACT', 'uniformNumber': '13', 'ngsPosition': 'SLOT_WR', 'ngsPositionGroup': 'WR'}",Byron Pringle,WR,2310,2021,byron pringle,KC,11/17/1993,14022.59117
5.328039216,4.176829434,10.37526316,2.730466172,4.197368421,0.020538987,66.66666667,15.00818434,4,38,57,476,"{'season': 2021, 'currentTeamId': '2100', 'displayName': 'Nick Westbrook-Ikhine', 'esbId': 'WES567220', 'firstName': 'Nicholas', 'footballName': 'Nick', 'gsisId': '00-0036182', 'gsisItId': 53074, 'headshot': 'https://static.www.nfl.com/image/private/{formatInstructions}/league/qkfbmmwufx3fmqd9cth9', 'jerseyNumber': 15, 'lastName': 'Westbrook-Ikhine', 'position': 'WR', 'positionGroup': 'WR', 'shortName': 'N.Westbrook-Ikhine', 'smartId': '32005745-5356-7220-67cc-7d57ec5c5725', 'status': 'ACT', 'uniformNumber': '15', 'ngsPosition': 'WR', 'ngsPositionGroup': 'WR'}",Nick Westbrook-Ikhine,WR,2100,2021,nick westbrook-ikhine,TEN,3/21/1997,14659.1819
5.294171779,4.849339049,9.073313609,2.952124671,5.414390244,0.565051195,72.78106509,35.23204037,11,123,169,1553,"{'season': 2021, 'seasonType': 'PRO', 'week': 22, 'jerseyNumber': 17, 'lastName': 'Adams', 'footballName': 'Davante', 'firstName': 'Davante', 'position': 'WR', 'gsisItId': 41282, 'gsisId': '00-0031381', 'esbId': 'ADA218591', 'displayName': 'Davante Adams', 'shortName': 'D.Adams', 'uniformNumber': '17', 'status': 'ACT', 'currentTeamId': '8700', 'smartId': '32004144-4121-8591-4d26-4c0ac739af41', 'headshot': 'https://static.www.nfl.com/image/private/{formatInstructions}/league/hxerspgvszxel5frf2ez', 'positionGroup': 'WR', 'ngsPosition': 'WR', 'ngsPositionGroup': 'WR'}",Davante Adams,WR,8700,2021,davante adams,GB,12/24/1992,13336.65253
5.2915625,2.944106344,12.6390625,2.829417514,3.456904762,0.512798418,65.625,19.15694294,8,42,64,572,"{'season': 2021, 'currentTeamId': '3800', 'displayName': 'DeAndre Hopkins', 'esbId': 'HOP161500', 'firstName': 'DeAndre', 'footballName': 'DeAndre', 'gsisId': '00-0030564', 'gsisItId': 39973, 'headshot': 'https://static.www.nfl.com/image/private/{formatInstructions}/league/atxihl8g9xi6wextxbkw', 'jerseyNumber': 10, 'lastName': 'Hopkins', 'position': 'WR', 'positionGroup': 'WR', 'shortName': 'D.Hopkins', 'smartId': '3200484f-5016-1500-bfbe-c87b292b639c', 'status': 'RES', 'uniformNumber': '10', 'ngsPosition': 'WR', 'ngsPositionGroup': 'WR'}",DeAndre Hopkins,WR,3800,2021,deandre hopkins,ARI,6/6/1992,22905.15351
5.2885,3.407342215,11.31016667,2.360439687,3.731818182,0.324475966,55,17.50646228,1,33,60,448,"{'season': 2021, 'currentTeamId': '2120', 'displayName': 'Nico Collins', 'esbId': 'COL654119', 'firstName': 'Nico', 'footballName': 'Nico', 'gsisId': '00-0036554', 'gsisItId': 53518, 'headshot': 'https://static.www.nfl.com/image/private/{formatInstructions}/league/qls2a7h4ujxn7m4fj05y', 'jerseyNumber': 12, 'lastName': 'Collins', 'position': 'WR', 'positionGroup': 'WR', 'shortName': 'N.Collins', 'smartId': '3200434f-4c65-4119-2a51-095ba724d414', 'status': 'ACT', 'uniformNumber': '12', 'ngsPosition': 'WR', 'ngsPositionGroup': 'WR'}",Nico Collins,WR,2120,2021,nico collins,HOU,3/19/1999,16754.13167
5.278548387,3.351305254,11.88935484,2.376206833,3.806857143,0.455551888,56.4516129,14.35417506,2,35,62,445,"{'season': 2021, 'currentTeamId': '1200', 'displayName': 'Michael Gallup', 'esbId': 'GAL779981', 'firstName': 'Michael', 'footballName': 'Michael', 'gsisId': '00-0034764', 'gsisItId': 46150, 'headshot': 'https://static.www.nfl.com/image/private/{formatInstructions}/league/drbkvw2aexgwiscjbazu', 'jerseyNumber': 13, 'lastName': 'Gallup', 'position': 'WR', 'positionGroup': 'WR', 'shortName': 'M.Gallup', 'smartId': '32004741-4c77-9981-95e1-30b1c57c6002', 'status': 'RES', 'uniformNumber': '13', 'ngsPosition': 'WR', 'ngsPositionGroup': 'WR'}",Michael Gallup,WR,1200,2021,michael gallup,DAL,3/4/1996,18791.29032
5.275076923,5.670115765,5.517931034,3.506495401,5.569508197,-0.100607569,70.11494253,10.55508406,3,61,87,593,"{'season': 2021, 'currentTeamId': '3000', 'displayName': 'Tyler Conklin', 'esbId': 'CON185250', 'firstName': 'Tyler', 'footballName': 'Tyler', 'gsisId': '00-0034270', 'gsisItId': 46226, 'headshot': 'https://static.www.nfl.com/image/private/{formatInstructions}/league/t5dcv5rlo0vuzptw6qmy', 'jerseyNumber': 83, 'lastName': 'Conklin', 'position': 'TE', 'positionGroup': 'TE', 'shortName': 'T.Conklin', 'smartId': '3200434f-4e18-5250-1988-fe7b6c249df3', 'status': 'ACT', 'uniformNumber': '83', 'ngsPosition': 'TE', 'ngsPositionGroup': 'TE'}",Tyler Conklin,TE,3000,2021,tyler conklin,MIN,7/30/1995,16035.60781
5.272758621,5.318024949,7.158873239,3.95030612,6.122040816,0.804015867,69.01408451,9.501537541,9,49,71,587,"{'season': 2021, 'currentTeamId': '0610', 'displayName': 'Dawson Knox', 'esbId': 'KNO490795', 'firstName': 'Dawson', 'footballName': 'Dawson', 'gsisId': '00-0035689', 'gsisItId': 47879, 'headshot': 'https://static.www.nfl.com/image/private/{formatInstructions}/league/ud6ifpmkntqowvg7s0vy', 'jerseyNumber': 88, 'lastName': 'Knox', 'position': 'TE', 'positionGroup': 'TE', 'shortName': 'D.Knox', 'smartId': '32004b4e-4f49-0795-942a-0c363ee9b439', 'status': 'ACT', 'uniformNumber': '88', 'ngsPosition': 'TE', 'ngsPositionGroup': 'TE'}",Dawson Knox,TE,610,2021,dawson knox,BUF,11/14/1996,14339.7188
5.267560976,4.802447728,10.34844444,3.402861359,6.53875,1.736302272,53.33333333,11.64896025,4,24,45,316,"{'season': 2021, 'currentTeamId': '2200', 'displayName': 'Mo Alie-Cox', 'esbId': 'ALI177980', 'firstName': 'Mo', 'footballName': 'Mo', 'gsisId': '00-0033217', 'gsisItId': 44792, 'headshot': 'https://static.www.nfl.com/image/private/{formatInstructions}/league/oy2q51ipxv9x0pbxvave', 'jerseyNumber': 81, 'lastName': 'Alie-Cox', 'position': 'TE', 'positionGroup': 'TE', 'shortName': 'M.Alie-Cox', 'smartId': '3200414c-4917-7980-6d26-f37d4f9dba6e', 'status': 'ACT', 'uniformNumber': '81', 'ngsPosition': 'TE', 'ngsPositionGroup': 'TE'}",Mo Alie-Cox,TE,2200,2021,mo alie-cox,IND,9/19/1993,14422.55827
5.266744186,4.446411903,11.56465116,2.46328505,5.850263158,1.403851255,58.91472868,29.62256958,9,76,129,1146,"{'season': 2021, 'currentTeamId': '4400', 'displayName': 'Mike Williams', 'esbId': 'WIL000009', 'firstName': 'Michael', 'footballName': 'Mike', 'gsisId': '00-0033536', 'gsisItId': 44819, 'headshot': 'https://static.www.nfl.com/image/private/{formatInstructions}/league/mjon6c2fwtnxbmdfoxcu', 'jerseyNumber': 81, 'lastName': 'Williams', 'position': 'WR', 'positionGroup': 'WR', 'shortName': 'M.Williams', 'smartId': '32005749-4c00-0009-75a2-9fccf6994099', 'status': 'ACT', 'uniformNumber': '81', 'ngsPosition': 'WR', 'ngsPositionGroup': 'WR'}",Mike Williams,WR,4400,2021,mike williams,LAC,10/4/1994,25477.41241
5.255322581,3.58387596,14.08904762,2.596047048,4.026571429,0.442695469,55.55555556,16.5925469,6,35,63,549,"{'season': 2021, 'currentTeamId': '0610', 'displayName': 'Gabriel Davis', 'esbId': 'DAV329675', 'firstName': 'Gabriel', 'footballName': 'Gabriel', 'gsisId': '00-0036196', 'gsisItId': 52536, 'headshot': 'https://static.www.nfl.com/image/private/{formatInstructions}/league/ebtshr6tcwatrt1mptvb', 'jerseyNumber': 13, 'lastName': 'Davis', 'position': 'WR', 'positionGroup': 'WR', 'shortName': 'G.Davis', 'smartId': '32004441-5632-9675-38f5-3e009da4e98e', 'status': 'ACT', 'uniformNumber': '13', 'ngsPosition': 'WR', 'ngsPositionGroup': 'WR'}",Gabriel Davis,WR,610,2021,gabriel davis,BUF,3/1/1999,14339.7188
5.252727273,3.043100261,10.13469388,2.545687352,3.045454545,0.002354285,67.34693878,9.860687508,4,33,49,353,"{'season': 2021, 'currentTeamId': '4400', 'displayName': 'Josh Palmer', 'esbId': 'PAL451625', 'firstName': 'Josh', 'footballName': 'Josh', 'gsisId': '00-0036988', 'gsisItId': 53506, 'headshot': 'https://static.www.nfl.com/image/private/{formatInstructions}/league/x2gobzerrjxzgpxij4ac', 'jerseyNumber': 5, 'lastName': 'Palmer', 'position': 'WR', 'positionGroup': 'WR', 'shortName': 'J.Palmer', 'smartId': '32005041-4c45-1625-eb93-c2c9b11c4006', 'status': 'ACT', 'uniformNumber': '5', 'ngsPosition': 'WR', 'ngsPositionGroup': 'WR'}",Josh Palmer,WR,4400,2021,josh palmer,LAC,9/22/1999,25477.41241
5.186164384,2.626076189,11.8460274,1.709465777,3.203,0.576923811,54.79452055,20.00319215,2,40,73,515,"{'season': 2021, 'currentTeamId': '2700', 'displayName': 'DeVante Parker', 'esbId': 'PAR226609', 'firstName': 'DeVante', 'footballName': 'DeVante', 'gsisId': '00-0031547', 'gsisItId': 42357, 'headshot': 'https://static.www.nfl.com/image/private/{formatInstructions}/league/f1885vwypknqvibju78g', 'jerseyNumber': 11, 'lastName': 'Parker', 'position': 'WR', 'positionGroup': 'WR', 'shortName': 'D.Parker', 'smartId': '32005041-5222-6609-dc38-38b3aae27410', 'status': 'ACT', 'uniformNumber': '11', 'ngsPosition': 'WR', 'ngsPositionGroup': 'WR'}",DeVante Parker,WR,2700,2021,devante parker,MIA,1/20/1993,15243.41361
5.15106383,2.984241875,15.43112245,2.470177849,2.489827586,-0.494414289,59.18367347,34.48657253,2,58,98,776,"{'season': 2021, 'currentTeamId': '1400', 'displayName': 'Courtland Sutton', 'esbId': 'SUT333526', 'firstName': 'Courtland', 'footballName': 'Courtland', 'gsisId': '00-0034348', 'gsisItId': 46109, 'headshot': 'https://static.www.nfl.com/image/private/{formatInstructions}/league/rw4nc7qnvnqpzpfcrqzk', 'jerseyNumber': 14, 'lastName': 'Sutton', 'position': 'WR', 'positionGroup': 'WR', 'shortName': 'C.Sutton', 'smartId': '32005355-5433-3526-b2bf-88d6b83781c0', 'status': 'ACT', 'uniformNumber': '14', 'ngsPosition': 'WR', 'ngsPositionGroup': 'WR'}",Courtland Sutton,WR,1400,2021,courtland sutton,DEN,10/10/1995,16599.1994
5.123823529,4.043812138,11.32504762,2.350317682,5.442881356,1.399069218,56.19047619,27.25012375,2,59,105,848,"{'season': 2021, 'currentTeamId': '3900', 'displayName': 'Chase Claypool', 'esbId': 'CLA781009', 'firstName': 'Chase', 'footballName': 'Chase', 'gsisId': '00-0036326', 'gsisItId': 52457, 'headshot': 'https://static.www.nfl.com/image/private/{formatInstructions}/league/zxk0jfinayjjhguk83gw', 'jerseyNumber': 11, 'lastName': 'Claypool', 'position': 'WR', 'positionGroup': 'WR', 'shortName': 'C.Claypool', 'smartId': '3200434c-4178-1009-34a1-bfb9899e5d84', 'status': 'ACT', 'uniformNumber': '11', 'ngsPosition': 'WR', 'ngsPositionGroup': 'WR'}",Chase Claypool,WR,3900,2021,chase claypool,PIT,7/7/1998,11327.77516
5.088448276,3.610454113,14.11275862,1.990615081,6.154848485,2.544394372,56.89655172,16.82542293,3,33,58,559,"{'season': 2021, 'currentTeamId': '2520', 'displayName': 'Bryan Edwards', 'esbId': 'EDW157935', 'firstName': 'Bryan', 'footballName': 'Bryan', 'gsisId': '00-0036365', 'gsisItId': 52489, 'headshot': 'https://static.www.nfl.com/image/private/{formatInstructions}/league/aqic7l7pnw9x5ukh6iqr', 'jerseyNumber': 89, 'lastName': 'Edwards', 'position': 'WR', 'positionGroup': 'WR', 'shortName': 'B.Edwards', 'smartId': '32004544-5715-7935-d52c-2e0bf57adf37', 'status': 'ACT', 'uniformNumber': '89', 'ngsPosition': 'WR', 'ngsPositionGroup': 'WR'}",Bryan Edwards,WR,2520,2021,bryan edwards,LV,11/13/1998,24595.61451
5.056352201,3.050578553,11.61576687,2.654973992,3.28407767,0.233499117,62.80487805,35.39373207,10,103,164,1225,"{'season': 2021, 'seasonType': 'PRO', 'week': 22, 'jerseyNumber': 14, 'lastName': 'Diggs', 'footballName': 'Stefon', 'firstName': 'Stefon', 'position': 'WR', 'gsisItId': 42489, 'gsisId': '00-0031588', 'esbId': 'DIG218895', 'displayName': 'Stefon Diggs', 'shortName': 'S.Diggs', 'uniformNumber': '14', 'status': 'ACT', 'currentTeamId': '8600', 'smartId': '32004449-4721-8895-fc23-d2bf4c921bd4', 'headshot': 'https://static.www.nfl.com/image/private/{formatInstructions}/league/hcvd2avk0kufoli80veb', 'positionGroup': 'WR', 'ngsPosition': 'WR', 'ngsPositionGroup': 'WR'}",Stefon Diggs,WR,8600,2021,stefon diggs,BUF,11/29/1993,14339.7188
5.041984127,3.929235857,12.78570313,2.354660484,8.325802469,4.396566612,63.28125,37.47506921,13,81,128,1455,"{'season': 2021, 'seasonType': 'PRO', 'week': 22, 'jerseyNumber': 1, 'lastName': 'Chase', 'footballName': ""Ja'Marr"", 'firstName': ""Ja'Marr"", 'position': 'WR', 'gsisItId': 53434, 'gsisId': '00-0036900', 'esbId': 'CHA694469', 'displayName': ""Ja'Marr Chase"", 'shortName': 'J.Chase', 'uniformNumber': '01', 'status': 'ACT', 'currentTeamId': '8600', 'smartId': '32004348-4169-4469-b021-d2c20a7d7cf5', 'headshot': 'https://static.www.nfl.com/image/private/{formatInstructions}/league/fxclfdx8fz5cbuep6ngd', 'positionGroup': 'WR', 'ngsPosition': 'WR', 'ngsPositionGroup': 'WR'}",Ja'Marr Chase,WR,8600,2021,ja'marr chase,CIN,3/1/2000,11007.81672
4.903839286,3.6280638,13.11798246,2.743331634,3.576756757,-0.051307043,64.9122807,26.1603752,14,74,114,1035,"{'season': 2021, 'seasonType': 'PRO', 'week': 22, 'jerseyNumber': 13, 'lastName': 'Evans', 'footballName': 'Mike', 'firstName': 'Mike', 'position': 'WR', 'gsisItId': 41233, 'gsisId': '00-0031408', 'esbId': 'EVA534309', 'displayName': 'Mike Evans', 'shortName': 'M.Evans', 'uniformNumber': '13', 'status': 'ACT', 'currentTeamId': '8700', 'smartId': '32004556-4153-4309-b2ed-6b8233f6fea5', 'headshot': 'https://static.www.nfl.com/image/private/{formatInstructions}/league/hp7exmuqylysgife5p9m', 'positionGroup': 'WR', 'ngsPosition': 'WR', 'ngsPositionGroup': 'WR'}",Mike Evans,WR,8700,2021,mike evans,TB,8/21/1993,16621.62915
4.812205882,5.76463039,9.718988764,3.410231677,6.938909091,1.174278701,61.79775281,15.13154097,6,55,89,802,"{'season': 2021, 'currentTeamId': '4900', 'displayName': 'Rob Gronkowski', 'esbId': 'GRO135948', 'firstName': 'Robert', 'footballName': 'Rob', 'gsisId': '00-0027656', 'gsisItId': 35481, 'headshot': 'https://static.www.nfl.com/image/private/{formatInstructions}/league/svpo7chliiymc0r7hegp', 'jerseyNumber': 87, 'lastName': 'Gronkowski', 'position': 'TE', 'positionGroup': 'TE', 'shortName': 'R.Gronkowski', 'smartId': '32004752-4f13-5948-af95-481204a115ed', 'status': 'ACT', 'uniformNumber': '87', 'ngsPosition': 'TE', 'ngsPositionGroup': 'TE'}",Rob Gronkowski,TE,4900,2021,rob gronkowski,TB,5/14/1989,16621.62915
4.756031746,3.101571591,14.53828125,2.490758301,2.779189189,-0.322382402,57.8125,21.94592121,3,37,64,473,"{'season': 2021, 'currentTeamId': '3200', 'displayName': 'Nelson Agholor', 'esbId': 'AGH474619', 'firstName': 'Nelson', 'footballName': 'Nelson', 'gsisId': '00-0031549', 'gsisItId': 42363, 'headshot': 'https://static.www.nfl.com/image/private/{formatInstructions}/league/cym6r5v9z8uizic8ak5i', 'jerseyNumber': 15, 'lastName': 'Agholor', 'position': 'WR', 'positionGroup': 'WR', 'shortName': 'N.Agholor', 'smartId': '32004147-4847-4619-b8a1-bb6c688fe5ac', 'status': 'ACT', 'uniformNumber': '15', 'ngsPosition': 'WR', 'ngsPositionGroup': 'WR'}",Nelson Agholor,WR,3200,2021,nelson agholor,NE,5/24/1993,17522.52271
4.6575,6.120264769,8.360566038,3.034921308,7.246944444,1.126679675,67.9245283,10.83221086,4,36,53,475,"{'season': 2021, 'currentTeamId': '1050', 'displayName': 'David Njoku', 'esbId': 'NJO355964', 'firstName': 'David', 'footballName': 'David', 'gsisId': '00-0033885', 'gsisItId': 44841, 'headshot': 'https://static.www.nfl.com/image/private/{formatInstructions}/league/py4aiavlwbittnjjwfi9', 'jerseyNumber': 85, 'lastName': 'Njoku', 'position': 'TE', 'positionGroup': 'TE', 'shortName': 'D.Njoku', 'smartId': '32004e4a-4f35-5964-1f03-4dc0b4e0b757', 'status': 'ACT', 'uniformNumber': '85', 'ngsPosition': 'TE', 'ngsPositionGroup': 'TE'}",David Njoku,TE,1050,2021,david njoku,CLE,7/10/1996,9883.479839
4.636402439,5.132354796,8.38556213,3.173494923,5.141121495,0.008766699,63.31360947,32.47566319,8,107,169,1161,"{'season': 2021, 'seasonType': 'PRO', 'week': 22, 'jerseyNumber': 18, 'lastName': 'Johnson', 'footballName': 'Diontae', 'firstName': 'Diontae', 'position': 'WR', 'gsisItId': 47849, 'gsisId': '00-0035216', 'esbId': 'JOH000017', 'displayName': 'Diontae Johnson', 'shortName': 'D.Johnson', 'uniformNumber': '18', 'status': 'ACT', 'currentTeamId': '8600', 'smartId': '32004a4f-4800-0017-a19a-a554dee114ed', 'headshot': 'https://static.www.nfl.com/image/private/{formatInstructions}/league/kpxblj81lquuhjasvhe8', 'positionGroup': 'WR', 'ngsPosition': 'WR', 'ngsPositionGroup': 'WR'}",Diontae Johnson,WR,8600,2021,diontae johnson,PIT,7/5/1996,11327.77516
4.631568627,4.767146574,5.414918033,2.809947851,5.153421053,0.386274479,62.29508197,8.074716367,3,38,61,345,"{'season': 2021, 'currentTeamId': '1050', 'displayName': 'Austin Hooper', 'esbId': 'HOO570770', 'firstName': 'Austin', 'footballName': 'Austin', 'gsisId': '00-0032392', 'gsisItId': 43370, 'headshot': 'https://static.www.nfl.com/image/private/{formatInstructions}/league/yeobojameg9dram1qiqo', 'jerseyNumber': 81, 'lastName': 'Hooper', 'position': 'TE', 'positionGroup': 'TE', 'shortName': 'A.Hooper', 'smartId': '3200484f-4f57-0770-bd7c-1cf59d6025ab', 'status': 'ACT', 'uniformNumber': '81', 'ngsPosition': 'TE', 'ngsPositionGroup': 'TE'}",Austin Hooper,TE,1050,2021,austin hooper,CLE,10/29/1994,9883.479839
7.531454545,4.229633692,10.93991453,3.543786045,3.368571429,-0.861062263,71.79487179,29.01485459,9,84,117,1033,"{'season': 2022, 'currentTeamId': '4600', 'displayName': 'Tyler Lockett', 'esbId': 'LOC420915', 'firstName': 'Tyler', 'footballName': 'Tyler', 'gsisId': '00-0032211', 'gsisItId': 42412, 'headshot': 'https://static.www.nfl.com/image/private/{formatInstructions}/league/kzytmhxcdxrakzklb6hw', 'jerseyNumber': 16, 'lastName': 'Lockett', 'position': 'WR', 'positionGroup': 'WR', 'shortName': 'T.Lockett', 'smartId': '32004c4f-4342-0915-1af7-ec50f437887c', 'status': 'ACT', 'uniformNumber': '16', 'ngsPosition': 'WR', 'ngsPositionGroup': 'WR'}",Tyler Lockett,WR,4600,2022,tyler lockett,SEA,9/28/1992,25011.73287
7.497959184,5.373338159,5.265535714,3.832713979,7.124390244,1.751052085,73.21428571,6.779586976,1,41,56,414,"{'season': 2022, 'currentTeamId': '3800', 'displayName': 'Rondale Moore', 'esbId': 'MOO672093', 'firstName': 'Rondale', 'footballName': 'Rondale', 'gsisId': '00-0036936', 'gsisItId': 53478, 'headshot': 'https://static.www.nfl.com/image/private/{formatInstructions}/league/qj5xzxtbrpp2el7iosgk', 'jerseyNumber': 4, 'lastName': 'Moore', 'position': 'WR', 'positionGroup': 'WR', 'shortName': 'R.Moore', 'smartId': '32004d4f-4f67-2093-7b5b-808e901606a0', 'status': 'RES', 'uniformNumber': '4', 'ngsPosition': 'SLOT_WR', 'ngsPositionGroup': 'WR'}",Rondale Moore,WR,3800,2022,rondale moore,ARI,6/9/2000,15121.32743
7.302166667,4.930360148,4.4415625,4.227482851,6.07,1.139639852,81.25,6.535644161,2,52,64,467,"{'season': 2022, 'currentTeamId': '3800', 'displayName': 'Greg Dortch', 'esbId': 'DOR793727', 'firstName': 'Greg', 'footballName': 'Greg', 'gsisId': '00-0035500', 'gsisItId': 48646, 'headshot': 'https://static.www.nfl.com/image/private/{formatInstructions}/league/j5xmpo01eea118axwwaj', 'jerseyNumber': 83, 'lastName': 'Dortch', 'position': 'WR', 'positionGroup': 'WR', 'shortName': 'G.Dortch', 'smartId': '3200444f-5279-3727-2597-c2d9a516585a', 'status': 'ACT', 'uniformNumber': '83', 'ngsPosition': 'SLOT_WR', 'ngsPositionGroup': 'WR'}",Greg Dortch,WR,3800,2022,greg dortch,ARI,5/29/1998,15121.32743
7.234893617,4.089147789,7.495901639,3.378432049,3.966923077,-0.122224712,63.93442623,12.58754157,0,39,61,376,"{'season': 2022, 'currentTeamId': '2510', 'displayName': 'Ben Skowronek', 'esbId': 'SKO738004', 'firstName': 'Ben', 'footballName': 'Ben', 'gsisId': '00-0036862', 'gsisItId': 53678, 'headshot': 'https://static.www.nfl.com/image/private/{formatInstructions}/league/hud5c4tf8corgoehrvc1', 'jerseyNumber': 18, 'lastName': 'Skowronek', 'position': 'WR', 'positionGroup': 'WR', 'shortName': 'B.Skowronek', 'smartId': '3200534b-4f73-8004-e74f-6a0e3fb2f31f', 'status': 'ACT', 'uniformNumber': '18', 'ngsPosition': 'WR', 'ngsPositionGroup': 'WR'}",Ben Skowronek,WR,2510,2022,ben skowronek,LA,6/27/1997,17169.69629
7.224,3.13567212,14.18352941,2.759257763,2.971388889,-0.164283231,60.50420168,38.6360723,4,72,119,1042,"{'season': 2022, 'currentTeamId': '3300', 'displayName': 'Chris Olave', 'esbId': 'OLA659325', 'firstName': 'Chris', 'footballName': 'Chris', 'gsisId': '00-0037239', 'gsisItId': 54476, 'jerseyNumber': 12, 'lastName': 'Olave', 'position': 'WR', 'positionGroup': 'WR', 'shortName': 'C.Olave', 'status': 'ACT', 'uniformNumber': '12', 'headshot': 'https://static.www.nfl.com/image/private/{formatInstructions}/league/fh4mzrgbiqemhomzpukt', 'smartId': '32004f4c-4165-9325-c259-01a521202e2f', 'ngsPosition': 'WR', 'ngsPositionGroup': 'WR'}",Chris Olave,WR,3300,2022,chris olave,NO,6/27/2000,15402.55266
7.132444444,4.352525535,9.924489796,3.355424211,4.678108108,0.325582573,75.51020408,12.29070047,3,37,49,407,"{'season': 2022, 'currentTeamId': '0325', 'displayName': 'Devin Duvernay', 'esbId': 'DUV459005', 'firstName': 'Devin', 'footballName': 'Devin', 'gsisId': '00-0036331', 'gsisItId': 52500, 'headshot': 'https://static.www.nfl.com/image/private/{formatInstructions}/league/rvj5nmfasxafutemnvyx', 'jerseyNumber': 13, 'lastName': 'Duvernay', 'position': 'WR', 'positionGroup': 'WR', 'shortName': 'D.Duvernay', 'smartId': '32004455-5645-9005-cfce-f0b0bb8205b8', 'status': 'RES', 'uniformNumber': '13', 'ngsPosition': 'WR', 'ngsPositionGroup': 'WR'}",Devin Duvernay,WR,325,2022,devin duvernay,BAL,9/12/1997,9130.145214
7.111153846,4.560927262,6.747619048,3.897847833,4.67,0.109072738,79.36507937,9.636331076,4,50,63,486,"{'season': 2022, 'currentTeamId': '4600', 'displayName': 'Noah Fant', 'esbId': 'FAN405165', 'firstName': 'Noah', 'footballName': 'Noah', 'gsisId': '00-0035644', 'gsisItId': 47803, 'headshot': 'https://static.www.nfl.com/image/private/{formatInstructions}/league/w1gqasldrg3jumzdqjvy', 'jerseyNumber': 87, 'lastName': 'Fant', 'position': 'TE', 'positionGroup': 'TE', 'shortName': 'N.Fant', 'smartId': '32004641-4e40-5165-5070-db7e36dbc0d7', 'status': 'ACT', 'uniformNumber': '87', 'ngsPosition': 'TE', 'ngsPositionGroup': 'WR'}",Noah Fant,TE,4600,2022,noah fant,SEA,11/20/1997,25011.73287
7.104339623,4.329049908,11.25574074,3.116793928,5.389393939,1.060344032,61.11111111,17.63444666,1,33,54,444,"{'season': 2022, 'currentTeamId': '2100', 'displayName': 'Treylon Burks', 'esbId': 'BUR321327', 'firstName': 'Treylon', 'footballName': 'Treylon', 'gsisId': '00-0037742', 'gsisItId': 54483, 'jerseyNumber': 16, 'lastName': 'Burks', 'position': 'WR', 'positionGroup': 'WR', 'shortName': 'T.Burks', 'status': 'ACT', 'uniformNumber': '16', 'headshot': 'https://static.www.nfl.com/image/private/{formatInstructions}/league/lg8k1ii67cspylp6przv', 'smartId': '32004255-5232-1327-f36e-987913d19348', 'ngsPosition': 'WR', 'ngsPositionGroup': 'WR'}",Treylon Burks,WR,2100,2022,treylon burks,TEN,3/23/2000,12266.01296
7.091551724,5.845250096,9.74203125,3.143329749,4.953404255,-0.891845841,73.4375,15.45583675,0,47,64,616,"{'season': 2022, 'currentTeamId': '1540', 'displayName': 'Kalif Raymond', 'esbId': 'RAY748263', 'firstName': 'Kalif', 'footballName': 'Kalif', 'gsisId': '00-0032464', 'gsisItId': 43584, 'headshot': 'https://static.www.nfl.com/image/private/{formatInstructions}/league/tbqpvuoxh80zjvgao9ww', 'jerseyNumber': 11, 'lastName': 'Raymond', 'position': 'WR', 'positionGroup': 'WR', 'shortName': 'K.Raymond', 'smartId': '32005241-5974-8263-1ad0-b2ba085ce237', 'status': 'ACT', 'uniformNumber': '11', 'ngsPosition': 'WR', 'ngsPositionGroup': 'WR'}",Kalif Raymond,WR,1540,2022,kalif raymond,DET,8/8/1994,8285.494242
7.046744186,6.152144322,9.386862745,3.561451879,4.673939394,-1.478204928,64.70588235,11.13900665,3,33,51,354,"{'season': 2022, 'currentTeamId': '3700', 'displayName': 'Quez Watkins', 'esbId': 'WAT256754', 'firstName': 'Terrance', 'footballName': 'Quez', 'gsisId': '00-0036271', 'gsisItId': 52608, 'headshot': 'https://static.www.nfl.com/image/private/{formatInstructions}/league/rmjnzisldujzafokljfa', 'jerseyNumber': 16, 'lastName': 'Watkins', 'position': 'WR', 'positionGroup': 'WR', 'shortName': 'Q.Watkins', 'smartId': '32005741-5425-6754-e1b1-afc9abed8980', 'status': 'ACT', 'uniformNumber': '16', 'ngsPosition': 'SLOT_WR', 'ngsPositionGroup': 'WR'}",Quez Watkins,WR,3700,2022,quez watkins,PHI,6/9/1998,13260.90576
7.046304348,4.447182582,13.17220339,2.923985347,5.031785714,0.584603132,47.45762712,20.04420682,2,28,59,356,"{'season': 2022, 'currentTeamId': '0200', 'displayName': 'Kyle Pitts', 'esbId': 'PIT516805', 'firstName': 'Kyle', 'footballName': 'Kyle', 'gsisId': '00-0036970', 'gsisItId': 53433, 'headshot': 'https://static.www.nfl.com/image/private/{formatInstructions}/league/a7cd9grdzdnocrreecja', 'jerseyNumber': 8, 'lastName': 'Pitts', 'position': 'TE', 'positionGroup': 'TE', 'shortName': 'K.Pitts', 'smartId': '32005049-5451-6805-5aec-d4afcbd52e25', 'status': 'RES', 'uniformNumber': '8', 'ngsPosition': 'TE', 'ngsPositionGroup': 'WR'}",Kyle Pitts,TE,200,2022,kyle pitts,ATL,10/6/2000,13351.79496
7.038,3.060605909,9.250133333,2.975294798,3.333541667,0.272935758,64,17.534025,2,48,75,458,"{'season': 2022, 'currentTeamId': '0325', 'displayName': 'Demarcus Robinson', 'esbId': 'ROB399065', 'firstName': 'Demarcus', 'footballName': 'Demarcus', 'gsisId': '00-0032775', 'gsisItId': 43415, 'headshot': 'https://static.www.nfl.com/image/private/{formatInstructions}/league/ceqqkylismka583qo9kk', 'jerseyNumber': 10, 'lastName': 'Robinson', 'position': 'WR', 'positionGroup': 'WR', 'shortName': 'D.Robinson', 'smartId': '3200524f-4239-9065-1db8-5ff5da8a3829', 'status': 'ACT', 'uniformNumber': '10', 'ngsPosition': 'WR', 'ngsPositionGroup': 'WR'}",Demarcus Robinson,WR,325,2022,demarcus robinson,BAL,9/21/1994,9130.145214
7.031910112,4.476720792,10.9372043,2.855099715,3.876842105,-0.599878687,61.29032258,24.34748473,3,57,93,699,"{'season': 2022, 'currentTeamId': '2120', 'displayName': 'Brandin Cooks', 'esbId': 'COO299382', 'firstName': 'Brandin', 'footballName': 'Brandin', 'gsisId': '00-0031236', 'gsisItId': 41246, 'headshot': 'https://static.www.nfl.com/image/private/{formatInstructions}/league/fsvyyiinddsyo87r9l3t', 'jerseyNumber': 13, 'lastName': 'Cooks', 'position': 'WR', 'positionGroup': 'WR', 'shortName': 'B.Cooks', 'smartId': '3200434f-4f29-9382-29e1-70020b0a09be', 'status': 'ACT', 'uniformNumber': '13', 'ngsPosition': 'WR', 'ngsPositionGroup': 'WR'}",Brandin Cooks,WR,2120,2022,brandin cooks,HOU,9/25/1993,16082.45908
7.006909091,3.266815701,10.83632479,2.547116424,3.303194444,0.036378743,61.53846154,32.69989142,4,72,117,866,"{'season': 2022, 'currentTeamId': '0200', 'displayName': 'Drake London', 'esbId': 'LON013463', 'firstName': 'Drake', 'footballName': 'Drake', 'gsisId': '00-0037238', 'gsisItId': 54473, 'jerseyNumber': 5, 'lastName': 'London', 'position': 'WR', 'positionGroup': 'WR', 'shortName': 'D.London', 'status': 'ACT', 'uniformNumber': '5', 'headshot': 'https://static.www.nfl.com/image/private/{formatInstructions}/league/rrwzcsvsfqq9xptp8o48', 'smartId': '32004c4f-4e01-3463-a3e9-f95e800c8bba', 'ngsPosition': 'WR', 'ngsPositionGroup': 'WR'}",Drake London,WR,200,2022,drake london,ATL,7/24/2001,13351.79496
7.0065625,4.048322118,5.930285714,3.327637779,3.508235294,-0.540086824,72.85714286,8.177770773,5,51,70,426,"{'season': 2022, 'currentTeamId': '4900', 'displayName': 'Russell Gage', 'esbId': 'GAG130654', 'firstName': 'Russell', 'footballName': 'Russell', 'gsisId': '00-0034411', 'gsisItId': 46263, 'headshot': 'https://static.www.nfl.com/image/private/{formatInstructions}/league/ah1nwrjfhfaymeepi7k3', 'jerseyNumber': 17, 'lastName': 'Gage', 'position': 'WR', 'positionGroup': 'WR', 'shortName': 'R.Gage', 'smartId': '32004741-4713-0654-eda3-03cdf234354d', 'status': 'ACT', 'uniformNumber': '17', 'ngsPosition': 'WR', 'ngsPositionGroup': 'WR'}",Russell Gage,WR,4900,2022,russell gage,TB,1/22/1996,16619.61674
6.983246753,5.757516159,6.200408163,3.255785777,6.784794521,1.027278361,74.48979592,14.29845471,4,73,98,766,"{'season': 2022, 'currentTeamId': '2250', 'displayName': 'Evan Engram', 'esbId': 'ENG726325', 'firstName': 'Evan', 'footballName': 'Evan', 'gsisId': '00-0033881', 'gsisItId': 44835, 'headshot': 'https://static.www.nfl.com/image/private/{formatInstructions}/league/adr65rbw956sxntlph8a', 'jerseyNumber': 17, 'lastName': 'Engram', 'position': 'TE', 'positionGroup': 'TE', 'shortName': 'E.Engram', 'smartId': '3200454e-4772-6325-a4a0-9b4b442fe68a', 'status': 'ACT', 'uniformNumber': '17', 'ngsPosition': 'SLOT_WR', 'ngsPositionGroup': 'WR'}",Evan Engram,TE,2250,2022,evan engram,JAX,9/2/1994,18293.80028
6.980425532,3.638273915,9.989166667,3.436822115,4.229142857,0.590868942,72.91666667,12.15522836,1,35,48,434,"{'season': 2022, 'currentTeamId': '3200', 'displayName': 'Kendrick Bourne', 'esbId': 'BOU434790', 'firstName': 'Kendrick', 'footballName': 'Kendrick', 'gsisId': '00-0033307', 'gsisItId': 45185, 'headshot': 'https://static.www.nfl.com/image/private/{formatInstructions}/league/avjyg0eicioviziqgho2', 'jerseyNumber': 84, 'lastName': 'Bourne', 'position': 'WR', 'positionGroup': 'WR', 'shortName': 'K.Bourne', 'smartId': '3200424f-5543-4790-acfc-7b92d77f3c8b', 'status': 'ACT', 'uniformNumber': '84', 'ngsPosition': 'WR', 'ngsPositionGroup': 'WR'}",Kendrick Bourne,WR,3200,2022,kendrick bourne,NE,8/4/1995,18841.56513
6.922280702,3.011976714,12.68237288,2.78104555,3.120789474,0.10881276,64.40677966,18.54878892,3,38,59,479,"{'season': 2022, 'currentTeamId': '1540', 'displayName': 'Josh Reynolds', 'esbId': 'REY398905', 'firstName': 'Joshua Dedmon-Reynolds', 'footballName': 'Josh', 'gsisId': '00-0033943', 'gsisItId': 44930, 'headshot': 'https://static.www.nfl.com/image/private/{formatInstructions}/league/khqejrdwhxxjzvbco3nv', 'jerseyNumber': 8, 'lastName': 'Reynolds', 'position': 'WR', 'positionGroup': 'WR', 'shortName': 'J.Reynolds', 'smartId': '32005245-5939-8905-3a79-3286353be377', 'status': 'ACT', 'uniformNumber': '8', 'ngsPosition': 'WR', 'ngsPositionGroup': 'WR'}",Josh Reynolds,WR,1540,2022,josh reynolds,DET,2/16/1995,8285.494242
6.918292683,2.900545713,8.652857143,2.753780977,2.974339623,0.07379391,58.24175824,22.84519775,2,53,91,527,"{'season': 2022, 'currentTeamId': '2100', 'displayName': 'Robert Woods', 'esbId': 'WOO561144', 'firstName': 'Robert', 'footballName': 'Robert', 'gsisId': '00-0030431', 'gsisItId': 39989, 'headshot': 'https://static.www.nfl.com/image/private/{formatInstructions}/league/ksw0cui3nmzzaxwnkstl', 'jerseyNumber': 2, 'lastName': 'Woods', 'position': 'WR', 'positionGroup': 'WR', 'shortName': 'R.Woods', 'smartId': '3200574f-4f56-1144-59b1-dbf0c9bdb37a', 'status': 'ACT', 'uniformNumber': '2', 'ngsPosition': 'WR', 'ngsPositionGroup': 'WR'}",Robert Woods,WR,2100,2022,robert woods,TEN,4/10/1992,12266.01296
6.912826087,2.924155105,9.9125,2.809947165,2.94578125,0.021626145,66.66666667,21.87898045,3,64,96,717,"{'season': 2022, 'currentTeamId': '3800', 'displayName': 'DeAndre Hopkins', 'esbId': 'HOP161500', 'firstName': 'DeAndre', 'footballName': 'DeAndre', 'gsisId': '00-0030564', 'gsisItId': 39973, 'headshot': 'https://static.www.nfl.com/image/private/{formatInstructions}/league/kikfprn4t5ap1lju4a4k', 'jerseyNumber': 10, 'lastName': 'Hopkins', 'position': 'WR', 'positionGroup': 'WR', 'shortName': 'D.Hopkins', 'smartId': '3200484f-5016-1500-bfbe-c87b292b639c', 'status': 'ACT', 'uniformNumber': '10', 'ngsPosition': 'WR', 'ngsPositionGroup': 'WR'}",DeAndre Hopkins,WR,3800,2022,deandre hopkins,ARI,6/6/1992,15121.32743
6.844035088,4.853308988,8.689076923,3.286056533,5.212173913,0.358864925,70.76923077,12.49107054,3,46,65,538,"{'season': 2022, 'currentTeamId': '4400', 'displayName': 'DeAndre Carter', 'esbId': 'CAR641798', 'firstName': 'DeAndre', 'footballName': 'DeAndre', 'gsisId': '00-0031763', 'gsisItId': 42794, 'headshot': 'https://static.www.nfl.com/image/private/{formatInstructions}/league/fgkf5m167nupk3jv3w5w', 'jerseyNumber': 1, 'lastName': 'Carter', 'position': 'WR', 'positionGroup': 'WR', 'shortName': 'D.Carter', 'smartId': '32004341-5264-1798-438c-095db9c8b999', 'status': 'ACT', 'uniformNumber': '1', 'ngsPosition': 'SLOT_WR', 'ngsPositionGroup': 'WR'}",DeAndre Carter,WR,4400,2022,deandre carter,LAC,4/10/1993,24856.55241
6.8048,3.824110657,10.92401869,3.335681847,3.777014925,-0.047095732,62.61682243,26.87440509,3,67,107,709,"{'season': 2022, 'currentTeamId': '3800', 'displayName': 'Marquise Brown', 'esbId': 'BRO413218', 'firstName': 'Marquise', 'footballName': 'Marquise', 'gsisId': '00-0035662', 'gsisItId': 47808, 'headshot': 'https://static.www.nfl.com/image/private/{formatInstructions}/league/oytg4uatpjzmfrrhmt0r', 'jerseyNumber': 2, 'lastName': 'Brown', 'position': 'WR', 'positionGroup': 'WR', 'shortName': 'M.Brown', 'smartId': '32004252-4f41-3218-bf76-54f4042e0396', 'status': 'ACT', 'uniformNumber': '2', 'ngsPosition': 'WR', 'ngsPositionGroup': 'WR'}",Marquise Brown,WR,3800,2022,marquise brown,ARI,6/4/1997,15121.32743
6.786388889,2.767250334,11.29378378,2.351979025,3.049767442,0.282517108,58.10810811,18.47568012,3,43,74,555,"{'season': 2022, 'currentTeamId': '1200', 'displayName': 'Noah Brown', 'esbId': 'BRO567406', 'firstName': 'Noah', 'footballName': 'Noah', 'gsisId': '00-0033591', 'gsisItId': 45052, 'headshot': 'https://static.www.nfl.com/image/private/{formatInstructions}/league/mo0v6bxy9vpxtzndba7r', 'jerseyNumber': 85, 'lastName': 'Brown', 'position': 'WR', 'positionGroup': 'WR', 'shortName': 'N.Brown', 'smartId': '32004252-4f56-7406-27bf-fae9f5eeb8ad', 'status': 'ACT', 'uniformNumber': '85', 'ngsPosition': 'WR', 'ngsPositionGroup': 'WR'}",Noah Brown,WR,1200,2022,noah brown,DAL,1/6/1996,21745.28574
6.749390244,3.82766486,7.005978261,3.491297885,4.67390625,0.84624139,69.56521739,14.40467171,4,64,92,656,"{'season': 2022, 'currentTeamId': '5110', 'displayName': 'Curtis Samuel', 'esbId': 'SAM633285', 'firstName': 'Curtis', 'footballName': 'Curtis', 'gsisId': '00-0033282', 'gsisItId': 44852, 'headshot': 'https://static.www.nfl.com/image/private/{formatInstructions}/league/sua7hikhhqlmqsqu0kk7', 'jerseyNumber': 10, 'lastName': 'Samuel', 'position': 'WR', 'positionGroup': 'WR', 'shortName': 'C.Samuel', 'smartId': '32005341-4d63-3285-ce5d-61e91947654e', 'status': 'ACT', 'uniformNumber': '10', 'ngsPosition': 'SLOT_WR', 'ngsPositionGroup': 'WR'}",Curtis Samuel,WR,5110,2022,curtis samuel,WAS,8/11/1996,13362.98185
6.745,4.102729337,7.174857143,3.190327539,3.308596491,-0.794132845,81.42857143,16.07739069,4,57,70,569,"{'season': 2022, 'currentTeamId': '3410', 'displayName': 'Richie James', 'esbId': 'JAM471122', 'firstName': 'Richard', 'footballName': 'Richie', 'gsisId': '00-0034286', 'gsisItId': 46309, 'headshot': 'https://static.www.nfl.com/image/private/{formatInstructions}/league/iuxz1y4skvu6cqcqjhag', 'jerseyNumber': 80, 'lastName': 'James', 'position': 'WR', 'positionGroup': 'WR', 'shortName': 'R.James', 'smartId': '32004a41-4d47-1122-e8e0-40adb3dc1b8e', 'status': 'ACT', 'uniformNumber': '80', 'ngsPosition': 'SLOT_WR', 'ngsPositionGroup': 'WR'}",Richie James,WR,3410,2022,richie james,NYG,9/5/1995,17039.36508
6.734782609,4.457593214,12.28943662,2.545148422,5.936956522,1.479363308,64.78873239,27.93152128,2,46,71,724,"{'season': 2022, 'currentTeamId': '3410', 'displayName': 'Darius Slayton', 'esbId': 'SLA500077', 'firstName': 'Darius', 'footballName': 'Darius', 'gsisId': '00-0035535', 'gsisItId': 47954, 'headshot': 'https://static.www.nfl.com/image/private/{formatInstructions}/league/kmarbnrywxftriufi7m8', 'jerseyNumber': 86, 'lastName': 'Slayton', 'position': 'WR', 'positionGroup': 'WR', 'shortName': 'D.Slayton', 'smartId': '3200534c-4150-0077-315f-47cff2877b23', 'status': 'ACT', 'uniformNumber': '86', 'ngsPosition': 'WR', 'ngsPositionGroup': 'WR'}",Darius Slayton,WR,3410,2022,darius slayton,NYG,1/12/1997,17039.36508
6.716434783,3.31556483,13.23720339,2.801947241,3.392698413,0.077133582,53.38983051,48.74090393,7,63,118,892,"{'season': 2022, 'currentTeamId': '0750', 'displayName': 'D.J. Moore', 'esbId': 'MOO272423', 'firstName': 'Denniston', 'footballName': 'D.J.', 'gsisId': '00-0034827', 'gsisItId': 46093, 'headshot': 'https://static.www.nfl.com/image/private/{formatInstructions}/league/yy6o0pkengsmm6dox1wy', 'jerseyNumber': 2, 'lastName': 'Moore', 'position': 'WR', 'positionGroup': 'WR', 'shortName': 'D.Moore', 'smartId': '32004d4f-4f27-2423-f0b4-728a741b03cb', 'status': 'ACT', 'uniformNumber': '2', 'ngsPosition': 'WR', 'ngsPositionGroup': 'WR'}",D.J. Moore,WR,750,2022,dj moore,CAR,4/14/1997,14038.67818
6.701914894,2.836150075,9.052083333,2.811572727,2.890810811,0.054660735,77.08333333,13.90894046,4,37,48,392,"{'season': 2022, 'currentTeamId': '3410', 'displayName': 'Isaiah Hodgins', 'esbId': 'HOD537222', 'firstName': 'Isaiah', 'footballName': 'Isaiah', 'gsisId': '00-0036165', 'gsisItId': 52615, 'headshot': 'https://static.www.nfl.com/image/private/{formatInstructions}/league/mrmb3rdikczldkadtxxd', 'jerseyNumber': 18, 'lastName': 'Hodgins', 'position': 'WR', 'positionGroup': 'WR', 'shortName': 'I.Hodgins', 'smartId': '3200484f-4453-7222-c7f0-678f7be73ebc', 'status': 'ACT', 'uniformNumber': '18', 'ngsPosition': 'WR', 'ngsPositionGroup': 'WR'}",Isaiah Hodgins,WR,3410,2022,isaiah hodgins,NYG,10/21/1998,17039.36508
6.698356164,6.42322793,4.337021277,3.582165655,8.999464286,2.576236356,59.57446809,11.83495853,2,56,94,632,"{'season': 2022, 'currentTeamId': '4500', 'displayName': 'Deebo Samuel', 'esbId': 'SAM636097', 'firstName': 'Tyshun', 'footballName': 'Deebo', 'gsisId': '00-0035719', 'gsisItId': 47819, 'headshot': 'https://static.www.nfl.com/image/private/{formatInstructions}/league/ciwaktyqewczcquks4wy', 'jerseyNumber': 19, 'lastName': 'Samuel', 'position': 'WR', 'positionGroup': 'WR', 'shortName': 'D.Samuel', 'smartId': '32005341-4d63-6097-eab1-34810e00be67', 'status': 'ACT', 'uniformNumber': '19', 'ngsPosition': 'WR', 'ngsPositionGroup': 'WR'}",Deebo Samuel,WR,4500,2022,deebo samuel,SF,1/15/1996,23345.04444
6.684656489,4.363654397,5.77084507,2.984823273,5.237307692,0.873653295,73.23943662,16.14317797,3,104,142,1019,"{'season': 2022, 'currentTeamId': '4900', 'displayName': 'Chris Godwin', 'esbId': 'GOD549393', 'firstName': 'Rod', 'footballName': 'Chris', 'gsisId': '00-0033921', 'gsisItId': 44896, 'headshot': 'https://static.www.nfl.com/image/private/{formatInstructions}/league/knfx1v1e3suxbuh9vlmj', 'jerseyNumber': 14, 'lastName': 'Godwin', 'position': 'WR', 'positionGroup': 'WR', 'shortName': 'C.Godwin', 'smartId': '3200474f-4454-9393-6eec-24189dd66641', 'status': 'ACT', 'uniformNumber': '14', 'ngsPosition': 'SLOT_WR', 'ngsPositionGroup': 'WR'}",Chris Godwin,WR,4900,2022,chris godwin,TB,2/27/1996,16619.61674
6.684313725,4.354841828,11.44885246,3.302983903,5.011,0.656158172,65.57377049,18.01234386,3,40,61,533,"{'season': 2022, 'currentTeamId': '0200', 'displayName': 'Olamide Zaccheaus', 'esbId': 'ZAC133180', 'firstName': 'Olamide', 'footballName': 'Olamide', 'gsisId': '00-0035208', 'gsisItId': 48374, 'headshot': 'https://static.www.nfl.com/image/private/{formatInstructions}/league/bzetcp5jlpis9ueb1kfk', 'jerseyNumber': 17, 'lastName': 'Zaccheaus', 'position': 'WR', 'positionGroup': 'WR', 'shortName': 'O.Zaccheaus', 'smartId': '32005a41-4313-3180-ba01-ae8103314fa2', 'status': 'ACT', 'uniformNumber': '17', 'ngsPosition': 'SLOT_WR', 'ngsPositionGroup': 'WR'}",Olamide Zaccheaus,WR,200,2022,olamide zaccheaus,ATL,7/23/1997,13351.79496
6.66890625,2.808204067,13.84671875,2.324376432,3.9040625,1.095858433,50,17.92825381,2,32,64,536,"{'season': 2022, 'currentTeamId': '3430', 'displayName': 'Corey Davis', 'esbId': 'DAV247957', 'firstName': 'Corey', 'footballName': 'Corey', 'gsisId': '00-0033871', 'gsisItId': 44817, 'headshot': 'https://static.www.nfl.com/image/private/{formatInstructions}/league/enhh8vjw18eixehg5uhz', 'jerseyNumber': 84, 'lastName': 'Davis', 'position': 'WR', 'positionGroup': 'WR', 'shortName': 'C.Davis', 'smartId': '32004441-5624-7957-ef31-0e38b3301e4b', 'status': 'ACT', 'uniformNumber': '84', 'ngsPosition': 'WR', 'ngsPositionGroup': 'WR'}",Corey Davis,WR,3430,2022,corey davis,NYJ,1/11/1995,16058.75915
6.598290598,3.936397974,8.53322314,3.540296187,3.934512195,-0.001885779,67.76859504,24.29636044,5,82,121,834,"{'season': 2022, 'currentTeamId': '2250', 'displayName': 'Zay Jones', 'esbId': 'JON403726', 'firstName': 'Isaiah', 'footballName': 'Zay', 'gsisId': '00-0033891', 'gsisItId': 44849, 'headshot': 'https://static.www.nfl.com/image/private/{formatInstructions}/league/ayvki2sfnzxn2yqssrws', 'jerseyNumber': 7, 'lastName': 'Jones', 'position': 'WR', 'positionGroup': 'WR', 'shortName': 'Z.Jones', 'smartId': '32004a4f-4e40-3726-920b-837ea00d253e', 'status': 'ACT', 'uniformNumber': '7', 'ngsPosition': 'WR', 'ngsPositionGroup': 'WR'}",Zay Jones,WR,2250,2022,zay jones,JAX,3/30/1995,18293.80028
6.590322581,3.111759026,12.68212766,2.996536331,3.503508772,0.391749746,60.63829787,22.83142452,4,57,94,690,"{'season': 2022, 'currentTeamId': '2520', 'displayName': 'Mack Hollins', 'esbId': 'HOL280459', 'firstName': 'Mack', 'footballName': 'Mack', 'gsisId': '00-0033555', 'gsisItId': 44931, 'headshot': 'https://static.www.nfl.com/image/private/{formatInstructions}/league/kjbgxufvchxbh9q8e6hh', 'jerseyNumber': 10, 'lastName': 'Hollins', 'position': 'WR', 'positionGroup': 'WR', 'shortName': 'M.Hollins', 'smartId': '3200484f-4c28-0459-95b9-52d98e1b03e6', 'status': 'ACT', 'uniformNumber': '10', 'ngsPosition': 'WR', 'ngsPositionGroup': 'WR'}",Mack Hollins,WR,2520,2022,mack hollins,LV,9/16/1993,20147.53077
6.557816901,4.031016109,10.27153846,3.074781936,4.824672897,0.793656788,68.58974359,35.42332639,9,107,156,1359,"{'season': 2022, 'currentTeamId': '1200', 'displayName': 'CeeDee Lamb', 'esbId': 'LAM138457', 'firstName': 'Cedarian', 'footballName': 'CeeDee', 'gsisId': '00-0036358', 'gsisItId': 52425, 'headshot': 'https://static.www.nfl.com/image/private/{formatInstructions}/league/f8elvw51jgvzf95weg1o', 'jerseyNumber': 88, 'lastName': 'Lamb', 'position': 'WR', 'positionGroup': 'WR', 'shortName': 'C.Lamb', 'smartId': '32004c41-4d13-8457-fcbe-d37fdbd87233', 'status': 'ACT', 'uniformNumber': '88', 'ngsPosition': 'SLOT_WR', 'ngsPositionGroup': 'WR'}",CeeDee Lamb,WR,1200,2022,ceedee lamb,DAL,4/8/1999,21745.28574
6.54962963,5.666918694,6.053731343,4.390483411,4.736226415,-0.930692279,79.10447761,9.401663835,2,53,67,470,"{'season': 2022, 'currentTeamId': '1800', 'displayName': 'Robert Tonyan', 'esbId': 'TON816385', 'firstName': 'Robert', 'footballName': 'Robert', 'gsisId': '00-0033757', 'gsisItId': 45635, 'headshot': 'https://static.www.nfl.com/image/private/{formatInstructions}/league/wpczdpw0xasgspqhsup9', 'jerseyNumber': 85, 'lastName': 'Tonyan', 'position': 'TE', 'positionGroup': 'TE', 'shortName': 'R.Tonyan', 'smartId': '3200544f-4e81-6385-721e-9beac148ba1c', 'status': 'ACT', 'uniformNumber': '85', 'ngsPosition': 'TE', 'ngsPositionGroup': 'TE'}",Robert Tonyan,TE,1800,2022,robert tonyan,GB,4/30/1994,10346.77583
6.525862069,4.459485683,11.67819672,3.579335806,4.52675,0.067264317,65.57377049,22.00764925,2,40,61,493,"{'season': 2022, 'currentTeamId': '0810', 'displayName': 'Darnell Mooney', 'esbId': 'MOO076900', 'firstName': 'Darnell', 'footballName': 'Darnell', 'gsisId': '00-0036309', 'gsisItId': 52581, 'headshot': 'https://static.www.nfl.com/image/private/{formatInstructions}/league/fdnosrx5gylbgeuf6m4r', 'jerseyNumber': 11, 'lastName': 'Mooney', 'position': 'WR', 'positionGroup': 'WR', 'shortName': 'D.Mooney', 'smartId': '32004d4f-4f07-6900-2883-f3ddae0181d4', 'status': 'RES', 'uniformNumber': '11', 'ngsPosition': 'SLOT_WR', 'ngsPositionGroup': 'WR'}",Darnell Mooney,WR,810,2022,darnell mooney,CHI,10/29/1997,8857.31438
6.515957447,4.580110214,11.46290909,3.483711279,4.905454545,0.325344332,60,13.37349525,2,33,55,411,"{'season': 2022, 'currentTeamId': '1400', 'displayName': 'Greg Dulcich', 'esbId': 'DUL269681', 'firstName': 'Greg', 'footballName': 'Greg', 'gsisId': '00-0037252', 'gsisItId': 54545, 'lastName': 'Dulcich', 'position': 'TE', 'positionGroup': 'TE', 'shortName': 'G.Dulcich', 'status': 'RES', 'headshot': 'https://static.www.nfl.com/image/private/{formatInstructions}/league/jtnydhekjp1aznekq0cq', 'smartId': '32004455-4c26-9681-69d0-93e30ab63839', 'jerseyNumber': 80, 'uniformNumber': '80', 'ngsPosition': 'TE', 'ngsPositionGroup': 'TE'}",Greg Dulcich,TE,1400,2022,greg dulcich,DEN,3/26/2000,18438.29314
6.501605839,3.559035793,7.276737589,2.737345719,3.540808081,-0.018227713,70.21276596,26.54280267,4,99,141,925,"{'season': 2022, 'currentTeamId': '2200', 'displayName': 'Michael Pittman', 'esbId': 'PIT228050', 'firstName': 'Michael', 'footballName': 'Michael', 'gsisId': '00-0036252', 'gsisItId': 52442, 'headshot': 'https://static.www.nfl.com/image/private/{formatInstructions}/league/mkhwsbbkzcjzp7hd8u5x', 'jerseyNumber': 11, 'lastName': 'Pittman', 'position': 'WR', 'positionGroup': 'WR', 'shortName': 'M.Pittman', 'smartId': '32005049-5422-8050-a8f8-f5210135a4b3', 'status': 'ACT', 'uniformNumber': '11', 'ngsPosition': 'WR', 'ngsPositionGroup': 'WR'}",Michael Pittman,WR,2200,2022,michael pittman,IND,10/5/1997,14275.45688
6.496821705,4.725344854,9.867647059,2.93665454,5.235157895,0.509813041,69.85294118,31.22542336,7,95,136,1210,"{'season': 2022, 'currentTeamId': '3700', 'displayName': 'DeVonta Smith', 'esbId': 'SMI206016', 'firstName': 'DeVonta', 'footballName': 'DeVonta', 'gsisId': '00-0036912', 'gsisItId': 53439, 'headshot': 'https://static.www.nfl.com/image/private/{formatInstructions}/league/hzgzhf2omiobrvqdifqr', 'jerseyNumber': 6, 'lastName': 'Smith', 'position': 'WR', 'positionGroup': 'WR', 'shortName': 'D.Smith', 'smartId': '3200534d-4920-6016-573c-fcc767bafc4d', 'status': 'ACT', 'uniformNumber': '6', 'ngsPosition': 'WR', 'ngsPositionGroup': 'WR'}",DeVonta Smith,WR,3700,2022,devonta smith,PHI,11/14/1998,13260.90576
6.495058824,4.017568576,6.421428571,3.506041504,4.549365079,0.531796503,69.23076923,15.11694386,3,63,91,623,"{'season': 2022, 'currentTeamId': '2200', 'displayName': 'Parris Campbell', 'esbId': 'CAM230411', 'firstName': 'Parris', 'footballName': 'Parris', 'gsisId': '00-0035639', 'gsisItId': 47842, 'headshot': 'https://static.www.nfl.com/image/private/{formatInstructions}/league/wwe99bwwendcfycnryyn', 'jerseyNumber': 1, 'lastName': 'Campbell', 'position': 'WR', 'positionGroup': 'WR', 'shortName': 'P.Campbell', 'smartId': '32004341-4d23-0411-19c3-b6e460708ae9', 'status': 'ACT', 'uniformNumber': '1', 'ngsPosition': 'SLOT_WR', 'ngsPositionGroup': 'WR'}",Parris Campbell,WR,2200,2022,parris campbell,IND,7/16/1997,14275.45688
6.477822581,4.542830386,6.298082192,3.102968275,5.167641509,0.624811124,72.60273973,22.79419238,6,106,146,1161,"{'season': 2022, 'currentTeamId': '1540', 'displayName': 'Amon-Ra St. Brown', 'esbId': 'STB415291', 'firstName': 'Amon-Ra', 'footballName': 'Amon-Ra', 'gsisId': '00-0036963', 'gsisItId': 53541, 'headshot': 'https://static.www.nfl.com/image/private/{formatInstructions}/league/tlas9vqczunxkpb2jlz1', 'jerseyNumber': 14, 'lastName': 'St. Brown', 'position': 'WR', 'positionGroup': 'WR', 'shortName': 'A.St. Brown', 'smartId': '32005354-4241-5291-a564-57e98d35161d', 'status': 'ACT', 'uniformNumber': '14', 'ngsPosition': 'SLOT_WR', 'ngsPositionGroup': 'WR'}",Amon-Ra St. Brown,WR,1540,2022,amon-ra st brown,DET,10/24/1999,8285.494242
6.469882353,4.427833843,7.342040816,3.229806229,5.658266667,1.230432823,76.53061224,19.80751866,6,75,98,812,"{'season': 2022, 'currentTeamId': '2510', 'displayName': 'Cooper Kupp', 'esbId': 'KUP534597', 'firstName': 'Cooper', 'footballName': 'Cooper', 'gsisId': '00-0033908', 'gsisItId': 44881, 'headshot': 'https://static.www.nfl.com/image/private/{formatInstructions}/league/tojsgl1ttwjkvo6x7wgy', 'jerseyNumber': 10, 'lastName': 'Kupp', 'position': 'WR', 'positionGroup': 'WR', 'shortName': 'C.Kupp', 'smartId': '32004b55-5053-4597-b958-87408c31956f', 'status': 'RES', 'uniformNumber': '10', 'ngsPosition': 'SLOT_WR', 'ngsPositionGroup': 'WR'}",Cooper Kupp,WR,2510,2022,cooper kupp,LA,6/15/1993,17169.69629
6.466666667,5.082129025,7.833043478,2.960304331,8.0515625,2.969433475,69.56521739,10.45399684,3,32,46,450,"{'season': 2022, 'currentTeamId': '2100', 'displayName': 'Chigoziem Okonkwo', 'esbId': 'OKO283611', 'firstName': 'Chigoziem', 'footballName': 'Chigoziem', 'gsisId': '00-0037809', 'gsisItId': 54608, 'jerseyNumber': 85, 'lastName': 'Okonkwo', 'position': 'TE', 'positionGroup': 'TE', 'shortName': 'C.Okonkwo', 'status': 'ACT', 'uniformNumber': '85', 'headshot': 'https://static.www.nfl.com/image/private/{formatInstructions}/league/sxuawjrgawwilhceso3d', 'smartId': '32004f4b-4f28-3611-fc64-d952b8d6cb17', 'ngsPosition': 'TE', 'ngsPositionGroup': 'TE'}",Chigoziem Okonkwo,TE,2100,2022,chig okonkwo,TEN,9/8/1999,12266.01296
6.460978261,5.197485519,11.5622,3.689944923,6.304029851,1.106544332,67,24.52606459,6,67,100,972,"{'season': 2022, 'currentTeamId': '1400', 'displayName': 'Jerry Jeudy', 'esbId': 'JEU415291', 'firstName': 'Jerry', 'footballName': 'Jerry', 'gsisId': '00-0036407', 'gsisItId': 52423, 'headshot': 'https://static.www.nfl.com/image/private/{formatInstructions}/league/by7fgv4x0iunsyx5ah2i', 'jerseyNumber': 10, 'lastName': 'Jeudy', 'position': 'WR', 'positionGroup': 'WR', 'shortName': 'J.Jeudy', 'smartId': '32004a45-5541-5291-9f8b-8595dc100c90', 'status': 'ACT', 'uniformNumber': '10', 'ngsPosition': 'WR', 'ngsPositionGroup': 'WR'}",Jerry Jeudy,WR,1400,2022,jerry jeudy,DEN,4/24/1999,18438.29314
6.451851852,4.020650763,7.0685,3.161323987,4.461111111,0.440460348,60,10.71891625,3,36,60,373,"{'season': 2022, 'currentTeamId': '0325', 'displayName': 'Isaiah Likely', 'esbId': 'LIK088990', 'firstName': 'Isaiah', 'footballName': 'Isaiah', 'gsisId': '00-0037838', 'gsisItId': 54604, 'lastName': 'Likely', 'position': 'TE', 'positionGroup': 'TE', 'shortName': 'I.Likely', 'status': 'ACT', 'headshot': 'https://static.www.nfl.com/image/private/{formatInstructions}/league/yim14kgskufmu8sfowvg', 'smartId': '32004c49-4b08-8990-7695-dc4768035012', 'jerseyNumber': 80, 'uniformNumber': '80', 'ngsPosition': 'SLOT_WR', 'ngsPositionGroup': 'WR'}",Isaiah Likely,TE,325,2022,isaiah likely,BAL,4/18/2000,9130.145214
6.41968254,4.711694961,9.231343284,3.348993099,4.848333333,0.136638372,62.68656716,14.33661016,3,42,67,425,"{'season': 2022, 'currentTeamId': '1800', 'displayName': 'Romeo Doubs', 'esbId': 'DOU043165', 'firstName': 'Romeo', 'footballName': 'Romeo', 'gsisId': '00-0037816', 'gsisItId': 54597, 'lastName': 'Doubs', 'position': 'WR', 'positionGroup': 'WR', 'shortName': 'R.Doubs', 'status': 'ACT', 'headshot': 'https://static.www.nfl.com/image/private/{formatInstructions}/league/wciz0bsjd4bedpiwggog', 'smartId': '3200444f-5504-3165-5639-a63528da6f6e', 'jerseyNumber': 87, 'uniformNumber': '87', 'ngsPosition': 'WR', 'ngsPositionGroup': 'WR'}",Romeo Doubs,WR,1800,2022,romeo doubs,GB,4/13/2000,10346.77583
6.392,4.826045939,9.479774436,3.231441758,4.684047619,-0.14199832,63.15789474,29.66828169,8,84,133,1102,"{'season': 2022, 'currentTeamId': '2250', 'displayName': 'Christian Kirk', 'esbId': 'KIR257918', 'firstName': 'Christian', 'footballName': 'Christian', 'gsisId': '00-0034775', 'gsisItId': 46116, 'headshot': 'https://static.www.nfl.com/image/private/{formatInstructions}/league/illjppjxpfa4joefmpd0', 'jerseyNumber': 13, 'lastName': 'Kirk', 'position': 'WR', 'positionGroup': 'WR', 'shortName': 'C.Kirk', 'smartId': '32004b49-5225-7918-e402-81feed3bdafb', 'status': 'ACT', 'uniformNumber': '13', 'ngsPosition': 'SLOT_WR', 'ngsPositionGroup': 'WR'}",Christian Kirk,WR,2250,2022,christian kirk,JAX,11/18/1996,18293.80028
6.379797297,4.085669472,12.17111765,3.31013291,4.331092437,0.245422965,70,40.15443941,7,119,170,1710,"{'season': 2022, 'currentTeamId': '2700', 'displayName': 'Tyreek Hill', 'esbId': 'HIL628694', 'firstName': 'Tyreek', 'footballName': 'Tyreek', 'gsisId': '00-0033040', 'gsisItId': 43454, 'headshot': 'https://static.www.nfl.com/image/private/{formatInstructions}/league/lsszbdnkusxc7mduw5be', 'jerseyNumber': 10, 'lastName': 'Hill', 'position': 'WR', 'positionGroup': 'WR', 'shortName': 'T.Hill', 'smartId': '32004849-4c62-8694-8490-45499711dee4', 'status': 'ACT', 'uniformNumber': '10', 'ngsPosition': 'WR', 'ngsPositionGroup': 'WR'}",Tyreek Hill,WR,2700,2022,tyreek hill,MIA,3/1/1994,27464.65864
6.366025641,4.419107005,13.94246914,2.832613012,3.378095238,-1.041011766,51.85185185,24.75857246,2,42,81,687,"{'season': 2022, 'currentTeamId': '2310', 'displayName': 'Marquez Valdes-Scantling', 'esbId': 'VAL142116', 'firstName': 'Marquez', 'footballName': 'Marquez', 'gsisId': '00-0034272', 'gsisItId': 46243, 'headshot': 'https://static.www.nfl.com/image/private/{formatInstructions}/league/dvzluuxi81gwt3e8eixo', 'jerseyNumber': 11, 'lastName': 'Valdes-Scantling', 'position': 'WR', 'positionGroup': 'WR', 'shortName': 'M.Valdes-Scantling', 'smartId': '32005641-4c14-2116-e6d9-84cbe2bdacf5', 'status': 'ACT', 'uniformNumber': '11', 'ngsPosition': 'WR', 'ngsPositionGroup': 'WR'}",Marquez Valdes-Scantling,WR,2310,2022,marquez valdes-scantling,KC,10/10/1994,18636.22254
6.345441176,2.455185491,11.77007092,2.266846091,2.616333333,0.161147842,63.82978723,37.62000077,6,90,141,1048,"{'season': 2022, 'currentTeamId': '4600', 'displayName': 'DK Metcalf', 'esbId': 'MET363377', 'firstName': 'DeKaylin', 'footballName': 'DK', 'gsisId': '00-0035640', 'gsisItId': 47847, 'headshot': 'https://static.www.nfl.com/image/private/{formatInstructions}/league/oa43ir8zoaiofwbupkrt', 'jerseyNumber': 14, 'lastName': 'Metcalf', 'position': 'WR', 'positionGroup': 'WR', 'shortName': 'D.Metcalf', 'smartId': '32004d45-5436-3377-5806-d2746f1b94aa', 'status': 'ACT', 'uniformNumber': '14', 'ngsPosition': 'WR', 'ngsPositionGroup': 'WR'}",DK Metcalf,WR,4600,2022,dk metcalf,SEA,12/14/1997,25011.73287
6.307941176,3.605667097,8.719065421,3.463561191,3.581944444,-0.023722653,67.28971963,20.63318995,3,72,107,769,"{'season': 2022, 'currentTeamId': '4400', 'displayName': 'Josh Palmer', 'esbId': 'PAL451625', 'firstName': 'Josh', 'footballName': 'Josh', 'gsisId': '00-0036988', 'gsisItId': 53506, 'headshot': 'https://static.www.nfl.com/image/private/{formatInstructions}/league/jwagrm3bpslarha2w5db', 'jerseyNumber': 5, 'lastName': 'Palmer', 'position': 'WR', 'positionGroup': 'WR', 'shortName': 'J.Palmer', 'smartId': '32005041-4c45-1625-eb93-c2c9b11c4006', 'status': 'ACT', 'uniformNumber': '5', 'ngsPosition': 'WR', 'ngsPositionGroup': 'WR'}",Josh Palmer,WR,4400,2022,josh palmer,LAC,9/22/1999,24856.55241
6.2915625,3.40111088,8.002040816,2.684244132,4.664285714,1.263174834,64.28571429,16.97060981,2,63,98,732,"{'season': 2022, 'currentTeamId': '3900', 'displayName': 'Pat Freiermuth', 'esbId': 'FRE439769', 'firstName': 'Pat', 'footballName': 'Pat', 'gsisId': '00-0036894', 'gsisItId': 53484, 'headshot': 'https://static.www.nfl.com/image/private/{formatInstructions}/league/nx6quzjf2cfaeullln5c', 'jerseyNumber': 88, 'lastName': 'Freiermuth', 'position': 'TE', 'positionGroup': 'TE', 'shortName': 'P.Freiermuth', 'smartId': '32004652-4543-9769-d771-bdf1de25cd8b', 'status': 'ACT', 'uniformNumber': '88', 'ngsPosition': 'TE', 'ngsPositionGroup': 'TE'}",Pat Freiermuth,TE,3900,2022,pat freiermuth,PIT,10/25/1998,6428.489862
6.283583333,4.813664644,7.272763158,2.89553575,6.190090909,1.376426265,72.36842105,24.23505013,12,110,152,1338,"{'season': 2022, 'currentTeamId': '2310', 'displayName': 'Travis Kelce', 'esbId': 'KEL012458', 'firstName': 'Travis', 'footballName': 'Travis', 'gsisId': '00-0030506', 'gsisItId': 40011, 'headshot': 'https://static.www.nfl.com/image/private/{formatInstructions}/league/gorkhvipsk0gdqb6bo34', 'jerseyNumber': 87, 'lastName': 'Kelce', 'position': 'TE', 'positionGroup': 'TE', 'shortName': 'T.Kelce', 'smartId': '32004b45-4c01-2458-b7b6-3a14cdb414dd', 'status': 'ACT', 'uniformNumber': '87', 'ngsPosition': 'SLOT_WR', 'ngsPositionGroup': 'WR'}",Travis Kelce,TE,2310,2022,travis kelce,KC,10/5/1989,18636.22254
6.253211009,3.406870061,7.663100775,2.956919391,4.89255814,1.485688078,66.66666667,24.505145,6,86,129,904,"{'season': 2022, 'currentTeamId': '3000', 'displayName': 'T.J. Hockenson', 'esbId': 'HOC422041', 'firstName': 'Thomas', 'footballName': 'T.J.', 'gsisId': '00-0035229', 'gsisItId': 47791, 'headshot': 'https://static.www.nfl.com/image/private/{formatInstructions}/league/g4imuwyk1t2bfh4uuxtg', 'jerseyNumber': 87, 'lastName': 'Hockenson', 'position': 'TE', 'positionGroup': 'TE', 'shortName': 'T.Hockenson', 'smartId': '3200484f-4342-2041-c442-6c874885b155', 'status': 'ACT', 'uniformNumber': '87', 'ngsPosition': 'TE', 'ngsPositionGroup': 'TE'}",T.J. Hockenson,TE,3000,2022,tj hockenson,MIN,7/3/1997,12729.23418
6.247777778,4.123595807,13.034,2.4726463,5.177922078,1.054326271,64.16666667,34.95471093,5,77,120,1191,"{'season': 2022, 'currentTeamId': '5110', 'displayName': 'Terry McLaurin', 'esbId': 'MCL278328', 'firstName': 'Terry', 'footballName': 'Terry', 'gsisId': '00-0035659', 'gsisItId': 47859, 'headshot': 'https://static.www.nfl.com/image/private/{formatInstructions}/league/bxkrzih9phr5abgabo7v', 'jerseyNumber': 17, 'lastName': 'McLaurin', 'position': 'WR', 'positionGroup': 'WR', 'shortName': 'T.McLaurin', 'smartId': '32004d43-4c27-8328-8097-b130ba0e8060', 'status': 'ACT', 'uniformNumber': '17', 'ngsPosition': 'WR', 'ngsPositionGroup': 'WR'}",Terry McLaurin,WR,5110,2022,terry mclaurin,WAS,9/15/1995,13362.98185
6.238113208,3.891691156,8.280714286,3.532741189,5.097142857,1.205451701,62.5,13.46180085,1,35,56,416,"{'season': 2022, 'currentTeamId': '4500', 'displayName': 'Jauan Jennings', 'esbId': 'JEN497457', 'firstName': 'Bennie', 'footballName': 'Jauan', 'gsisId': '00-0036259', 'gsisItId': 52625, 'headshot': 'https://static.www.nfl.com/image/private/{formatInstructions}/league/rwq08rzc0xlfvsxi6mql', 'jerseyNumber': 15, 'lastName': 'Jennings', 'position': 'WR', 'positionGroup': 'WR', 'shortName': 'J.Jennings', 'smartId': '32004a45-4e49-7457-3af8-79760d0083cb', 'status': 'ACT', 'uniformNumber': '15', 'ngsPosition': 'WR', 'ngsPositionGroup': 'WR'}",Jauan Jennings,WR,4500,2022,jauan jennings,SF,7/10/1997,23345.04444
6.229090909,4.429919411,8.313777778,3.366566119,5.245333333,0.815413923,66.66666667,15.33919917,5,60,90,650,"{'season': 2022, 'currentTeamId': '3000', 'displayName': 'K.J. Osborn', 'esbId': 'OSB109755', 'firstName': 'K.J.', 'footballName': 'K.J.', 'gsisId': '00-0036345', 'gsisItId': 52584, 'headshot': 'https://static.www.nfl.com/image/private/{formatInstructions}/league/p44nhjopxr4mwncbdx5l', 'jerseyNumber': 17, 'lastName': 'Osborn', 'position': 'WR', 'positionGroup': 'WR', 'shortName': 'K.Osborn', 'smartId': '32004f53-4210-9755-4136-372d9f443611', 'status': 'ACT', 'uniformNumber': '17', 'ngsPosition': 'SLOT_WR', 'ngsPositionGroup': 'WR'}",K.J. Osborn,WR,3000,2022,kj osborn,MIN,6/10/1997,12729.23418
6.219433962,4.133155061,5.669384615,3.159231845,4.603571429,0.470416368,64.61538462,7.259564241,2,42,65,391,"{'season': 2022, 'currentTeamId': '4900', 'displayName': 'Cade Otton', 'esbId': 'OTT712400', 'firstName': 'Cade', 'footballName': 'Cade', 'gsisId': '00-0038129', 'gsisItId': 54571, 'jerseyNumber': 88, 'lastName': 'Otton', 'position': 'TE', 'positionGroup': 'TE', 'shortName': 'C.Otton', 'status': 'ACT', 'uniformNumber': '88', 'headshot': 'https://static.www.nfl.com/image/private/{formatInstructions}/league/hqxroxrpcxjttwnuuqw7', 'smartId': '32004f54-5471-2400-c87d-346814f25b06', 'ngsPosition': 'TE', 'ngsPositionGroup': 'TE'}",Cade Otton,TE,4900,2022,cade otton,TB,4/15/1999,16619.61674
6.198695652,4.164502995,9.789038462,3.084644008,3.4265625,-0.737940495,61.53846154,9.878649208,5,32,52,362,"{'season': 2022, 'currentTeamId': '2700', 'displayName': 'Mike Gesicki', 'esbId': 'GES490798', 'firstName': 'Michael', 'footballName': 'Mike', 'gsisId': '00-0034829', 'gsisItId': 46111, 'headshot': 'https://static.www.nfl.com/image/private/{formatInstructions}/league/utqutyyzxbabvmyt1r3n', 'jerseyNumber': 88, 'lastName': 'Gesicki', 'position': 'TE', 'positionGroup': 'TE', 'shortName': 'M.Gesicki', 'smartId': '32004745-5349-0798-d83d-d46852aa6fbb', 'status': 'ACT', 'uniformNumber': '88', 'ngsPosition': 'SLOT_WR', 'ngsPositionGroup': 'WR'}",Mike Gesicki,TE,2700,2022,mike gesicki,MIA,10/3/1995,27464.65864
6.193636364,6.39316369,5.8975,3.650578741,7.901818182,1.508654491,79.71014493,9.33109652,3,55,69,702,"{'season': 2022, 'currentTeamId': '3700', 'displayName': 'Dallas Goedert', 'esbId': 'GOE595520', 'firstName': 'Dallas', 'footballName': 'Dallas', 'gsisId': '00-0034351', 'gsisItId': 46118, 'headshot': 'https://static.www.nfl.com/image/private/{formatInstructions}/league/hcjzrphflquehexgcz14', 'jerseyNumber': 88, 'lastName': 'Goedert', 'position': 'TE', 'positionGroup': 'TE', 'shortName': 'D.Goedert', 'smartId': '3200474f-4559-5520-b7af-5e002aedafbb', 'status': 'ACT', 'uniformNumber': '88', 'ngsPosition': 'TE', 'ngsPositionGroup': 'TE'}",Dallas Goedert,TE,3700,2022,dallas goedert,PHI,1/3/1995,13260.90576
6.180851064,4.236986591,6.505,3.075739865,4.167222222,-0.069764369,72,6.229172253,2,36,50,330,"{'season': 2022, 'currentTeamId': '2520', 'displayName': 'Hunter Renfrow', 'esbId': 'REN358499', 'firstName': 'Hunter', 'footballName': 'Hunter', 'gsisId': '00-0034983', 'gsisItId': 47932, 'headshot': 'https://static.www.nfl.com/image/private/{formatInstructions}/league/fsvnsizj4t0qv9ptrzpf', 'jerseyNumber': 13, 'lastName': 'Renfrow', 'position': 'WR', 'positionGroup': 'WR', 'shortName': 'H.Renfrow', 'smartId': '32005245-4e35-8499-ff02-b25484b87290', 'status': 'ACT', 'uniformNumber': '13', 'ngsPosition': 'SLOT_WR', 'ngsPositionGroup': 'WR'}",Hunter Renfrow,WR,2520,2022,hunter renfrow,LV,12/21/1995,20147.53077
6.165575221,4.280629367,9.861315789,2.889267417,4.901153846,0.620524479,68.42105263,32.63525812,8,78,114,1015,"{'season': 2022, 'currentTeamId': '4500', 'displayName': 'Brandon Aiyuk', 'esbId': 'AIY189231', 'firstName': 'Brandon', 'footballName': 'Brandon', 'gsisId': '00-0036261', 'gsisItId': 52433, 'headshot': 'https://static.www.nfl.com/image/private/{formatInstructions}/league/gckbb3t2zkeczedw55zp', 'jerseyNumber': 11, 'lastName': 'Aiyuk', 'position': 'WR', 'positionGroup': 'WR', 'shortName': 'B.Aiyuk', 'smartId': '32004149-5918-9231-4476-63b611051b08', 'status': 'ACT', 'uniformNumber': '11', 'ngsPosition': 'WR', 'ngsPositionGroup': 'WR'}",Brandon Aiyuk,WR,4500,2022,brandon aiyuk,SF,3/17/1998,23345.04444
6.154893617,1.752109093,11.1112766,2.338413591,2.509166667,0.757057574,51.06382979,12.0069987,2,24,47,236,"{'season': 2022, 'currentTeamId': '3800', 'displayName': 'A.J. Green', 'esbId': 'GRE034604', 'firstName': 'Adriel', 'footballName': 'A.J.', 'gsisId': '00-0027942', 'gsisItId': 37077, 'headshot': 'https://static.www.nfl.com/image/private/{formatInstructions}/league/guj5a9vnnzqfiljupzuj', 'jerseyNumber': 18, 'lastName': 'Green', 'position': 'WR', 'positionGroup': 'WR', 'shortName': 'A.Green', 'smartId': '32004752-4503-4604-5592-82f254d9dbee', 'status': 'ACT', 'uniformNumber': '18', 'ngsPosition': 'WR', 'ngsPositionGroup': 'WR'}",A.J. Green,WR,3800,2022,aj green,ARI,7/31/1988,15121.32743
6.154893617,1.752109093,11.1112766,2.338413591,2.509166667,0.757057574,51.06382979,12.0069987,2,24,47,236,"{'season': 2022, 'currentTeamId': '3800', 'displayName': 'A.J. Green', 'esbId': 'GRE034604', 'firstName': 'Adriel', 'footballName': 'A.J.', 'gsisId': '00-0027942', 'gsisItId': 37077, 'headshot': 'https://static.www.nfl.com/image/private/{formatInstructions}/league/guj5a9vnnzqfiljupzuj', 'jerseyNumber': 18, 'lastName': 'Green', 'position': 'WR', 'positionGroup': 'WR', 'shortName': 'A.Green', 'smartId': '32004752-4503-4604-5592-82f254d9dbee', 'status': 'ACT', 'uniformNumber': '18', 'ngsPosition': 'WR', 'ngsPositionGroup': 'WR'}",A.J. Green,WR,3800,2022,aj green,CLE,7/31/1988,8639.68954
6.146025641,2.483022504,12.08641026,1.94364137,2.79097561,0.307953106,52.56410256,24.38837624,2,41,78,593,"{'season': 2022, 'currentTeamId': '2200', 'displayName': 'Alec Pierce', 'esbId': 'PIE185673', 'firstName': 'Alec', 'footballName': 'Alec', 'gsisId': '00-0037664', 'gsisItId': 54518, 'jerseyNumber': 14, 'lastName': 'Pierce', 'position': 'WR', 'positionGroup': 'WR', 'shortName': 'A.Pierce', 'status': 'ACT', 'uniformNumber': '14', 'headshot': 'https://static.www.nfl.com/image/private/{formatInstructions}/league/em0lm1sfdslmnfyu8ykh', 'smartId': '32005049-4518-5673-88cc-339d3b35d4c9', 'ngsPosition': 'WR', 'ngsPositionGroup': 'WR'}",Alec Pierce,WR,2200,2022,alec pierce,IND,5/2/2000,14275.45688
6.12147541,3.069804725,12.03,3.100857407,2.776756757,-0.293047968,56.92307692,15.81940449,1,37,65,450,"{'season': 2022, 'currentTeamId': '3430', 'displayName': 'Elijah Moore', 'esbId': 'MOO279723', 'firstName': 'Elijah', 'footballName': 'Elijah', 'gsisId': '00-0036980', 'gsisItId': 53463, 'headshot': 'https://static.www.nfl.com/image/private/{formatInstructions}/league/i9dejsp00evr6l5gyijh', 'jerseyNumber': 8, 'lastName': 'Moore', 'position': 'WR', 'positionGroup': 'WR', 'shortName': 'E.Moore', 'smartId': '32004d4f-4f27-9723-3c75-0e082bc200c9', 'status': 'ACT', 'uniformNumber': '8', 'ngsPosition': 'WR', 'ngsPositionGroup': 'WR'}",Elijah Moore,WR,3430,2022,elijah moore,NYJ,3/27/2000,16058.75915
6.111111111,4.067874435,9.307297297,3.008335296,5.713125,1.645250565,64.86486486,16.48618372,2,48,74,548,"{'season': 2022, 'currentTeamId': '2120', 'displayName': 'Chris Moore', 'esbId': 'MOO226734', 'firstName': 'Christopher', 'footballName': 'Chris', 'gsisId': '00-0032398', 'gsisItId': 43396, 'headshot': 'https://static.www.nfl.com/image/private/{formatInstructions}/league/qr0vpcglqsagx7trpslz', 'jerseyNumber': 15, 'lastName': 'Moore', 'position': 'WR', 'positionGroup': 'WR', 'shortName': 'C.Moore', 'smartId': '32004d4f-4f22-6734-ca64-de14861965f9', 'status': 'ACT', 'uniformNumber': '15', 'ngsPosition': 'SLOT_WR', 'ngsPositionGroup': 'WR'}",Chris Moore,WR,2120,2022,chris moore,HOU,6/16/1993,16082.45908
6.110196078,4.148897221,11.72207547,3.354059838,5.081612903,0.932715683,58.49056604,15.74972621,2,31,53,362,"{'season': 2022, 'currentTeamId': '3200', 'displayName': 'Nelson Agholor', 'esbId': 'AGH474619', 'firstName': 'Nelson', 'footballName': 'Nelson', 'gsisId': '00-0031549', 'gsisItId': 42363, 'headshot': 'https://static.www.nfl.com/image/private/{formatInstructions}/league/lzwbfozvtpqpht74alh0', 'jerseyNumber': 15, 'lastName': 'Agholor', 'position': 'WR', 'positionGroup': 'WR', 'shortName': 'N.Agholor', 'smartId': '32004147-4847-4619-b8a1-bb6c688fe5ac', 'status': 'ACT', 'uniformNumber': '15', 'ngsPosition': 'WR', 'ngsPositionGroup': 'WR'}",Nelson Agholor,WR,3200,2022,nelson agholor,NE,5/24/1993,18841.56513
6.100344828,5.311347528,13.95090909,2.890829455,6.8,1.488652472,62.12121212,21.34288953,7,41,66,611,"{'season': 2022, 'currentTeamId': '1800', 'displayName': 'Christian Watson', 'esbId': 'WAT316591', 'firstName': 'Christian', 'footballName': 'Christian', 'gsisId': '00-0038124', 'gsisItId': 54499, 'lastName': 'Watson', 'position': 'WR', 'positionGroup': 'WR', 'shortName': 'C.Watson', 'status': 'ACT', 'headshot': 'https://static.www.nfl.com/image/private/{formatInstructions}/league/gvusv3krvdk69c1zyac9', 'smartId': '32005741-5431-6591-b680-d3a3d3536d62', 'jerseyNumber': 9, 'uniformNumber': '9', 'ngsPosition': 'WR', 'ngsPositionGroup': 'WR'}",Christian Watson,WR,1800,2022,christian watson,GB,5/12/1999,10346.77583
6.088243243,2.994972467,11.69391892,2.397604617,2.961025641,-0.033946826,52.7027027,19.13026754,4,39,74,424,"{'season': 2022, 'currentTeamId': '1200', 'displayName': 'Michael Gallup', 'esbId': 'GAL779981', 'firstName': 'Michael', 'footballName': 'Michael', 'gsisId': '00-0034764', 'gsisItId': 46150, 'headshot': 'https://static.www.nfl.com/image/private/{formatInstructions}/league/mq0spwjm7whbnz2iut32', 'jerseyNumber': 13, 'lastName': 'Gallup', 'position': 'WR', 'positionGroup': 'WR', 'shortName': 'M.Gallup', 'smartId': '32004741-4c77-9981-95e1-30b1c57c6002', 'status': 'ACT', 'uniformNumber': '13', 'ngsPosition': 'WR', 'ngsPositionGroup': 'WR'}",Michael Gallup,WR,1200,2022,michael gallup,DAL,3/4/1996,21745.28574
6.087625,4.640409388,8.405730337,3.561398634,4.080606061,-0.559803327,74.15730337,16.54543243,4,66,89,752,"{'season': 2022, 'currentTeamId': '4400', 'displayName': 'Keenan Allen', 'esbId': 'ALL532966', 'firstName': 'Keenan', 'footballName': 'Keenan', 'gsisId': '00-0030279', 'gsisItId': 40024, 'headshot': 'https://static.www.nfl.com/image/private/{formatInstructions}/league/i1fgxnhxvwdusljchnsv', 'jerseyNumber': 13, 'lastName': 'Allen', 'position': 'WR', 'positionGroup': 'WR', 'shortName': 'K.Allen', 'smartId': '3200414c-4c53-2966-dfa9-55ae464e7b3d', 'status': 'ACT', 'uniformNumber': '13', 'ngsPosition': 'SLOT_WR', 'ngsPositionGroup': 'WR'}",Keenan Allen,WR,4400,2022,keenan allen,LAC,4/27/1992,24856.55241
6.084347826,3.518926075,7.254719101,2.87370793,3.884210526,0.365284451,64.04494382,14.2738081,5,57,89,577,"{'season': 2022, 'currentTeamId': '1200', 'displayName': 'Dalton Schultz', 'esbId': 'SCH647271', 'firstName': 'Dalton', 'footballName': 'Dalton', 'gsisId': '00-0034383', 'gsisItId': 46206, 'headshot': 'https://static.www.nfl.com/image/private/{formatInstructions}/league/mbqinxum5qovm6p8xgkc', 'jerseyNumber': 86, 'lastName': 'Schultz', 'position': 'TE', 'positionGroup': 'TE', 'shortName': 'D.Schultz', 'smartId': '32005343-4864-7271-8c9c-893e6cc8875d', 'status': 'ACT', 'uniformNumber': '86', 'ngsPosition': 'TE', 'ngsPositionGroup': 'TE'}",Dalton Schultz,TE,1200,2022,dalton schultz,DAL,7/11/1996,21745.28574
6.057156863,3.081043348,10.14523364,2.700078186,2.224142857,-0.856900491,65.42056075,22.25397502,6,70,107,716,"{'season': 2022, 'currentTeamId': '3000', 'displayName': 'Adam Thielen', 'esbId': 'THI510348', 'firstName': 'Adam', 'footballName': 'Adam', 'gsisId': '00-0030035', 'gsisItId': 40488, 'headshot': 'https://static.www.nfl.com/image/private/{formatInstructions}/league/fuutugtpr0nikfvjwk67', 'jerseyNumber': 19, 'lastName': 'Thielen', 'position': 'WR', 'positionGroup': 'WR', 'shortName': 'A.Thielen', 'smartId': '32005448-4951-0348-440c-28f32f21652b', 'status': 'ACT', 'uniformNumber': '19', 'ngsPosition': 'WR', 'ngsPositionGroup': 'WR'}",Adam Thielen,WR,3000,2022,adam thielen,MIN,8/22/1990,12729.23418
6.008349515,3.486966261,9.991238938,3.074156441,3.676849315,0.189883054,64.60176991,28.53449256,5,73,113,847,"{'season': 2022, 'currentTeamId': '0325', 'displayName': 'Mark Andrews', 'esbId': 'AND701433', 'firstName': 'Mark', 'footballName': 'Mark', 'gsisId': '00-0034753', 'gsisItId': 46155, 'headshot': 'https://static.www.nfl.com/image/private/{formatInstructions}/league/m1fmyihulvtdiav4bwxm', 'jerseyNumber': 89, 'lastName': 'Andrews', 'position': 'TE', 'positionGroup': 'TE', 'shortName': 'M.Andrews', 'smartId': '3200414e-4470-1433-75dd-307507e53173', 'status': 'ACT', 'uniformNumber': '89', 'ngsPosition': 'SLOT_WR', 'ngsPositionGroup': 'WR'}",Mark Andrews,TE,325,2022,mark andrews,BAL,9/6/1995,9130.145214
6.008,3.927740376,5.036029412,3.861562986,3.824423077,-0.103317299,76.47058824,8.016433161,2,52,68,414,"{'season': 2022, 'currentTeamId': '0920', 'displayName': 'Hayden Hurst', 'esbId': 'HUR495014', 'firstName': 'Hayden', 'footballName': 'Hayden', 'gsisId': '00-0034830', 'gsisItId': 46094, 'headshot': 'https://static.www.nfl.com/image/private/{formatInstructions}/league/dgplukocyi73df1g1602', 'jerseyNumber': 88, 'lastName': 'Hurst', 'position': 'TE', 'positionGroup': 'TE', 'shortName': 'H.Hurst', 'smartId': '32004855-5249-5014-7c57-e10d2c41fe87', 'status': 'ACT', 'uniformNumber': '88', 'ngsPosition': 'TE', 'ngsPositionGroup': 'WR'}",Hayden Hurst,TE,920,2022,hayden hurst,CIN,8/24/1993,11334.72454
5.991395349,4.114972756,9.6886,2.881506054,5.526470588,1.411497833,68,11.22891522,1,34,50,417,"{'season': 2022, 'currentTeamId': '1800', 'displayName': 'Randall Cobb', 'esbId': 'COB365535', 'firstName': 'Randall', 'footballName': 'Randall', 'gsisId': '00-0028002', 'gsisItId': 37139, 'headshot': 'https://static.www.nfl.com/image/private/{formatInstructions}/league/wphqc5wstbm0wji2bpxk', 'jerseyNumber': 18, 'lastName': 'Cobb', 'position': 'WR', 'positionGroup': 'WR', 'shortName': 'R.Cobb', 'smartId': '3200434f-4236-5535-cf6f-4337b5dff0b3', 'status': 'ACT', 'uniformNumber': '18', 'ngsPosition': 'SLOT_WR', 'ngsPositionGroup': 'WR'}",Randall Cobb,WR,1800,2022,randall cobb,GB,8/22/1990,10346.77583
5.9905,3.659349364,14.69344262,2.782191368,4.276285714,0.61693635,57.37704918,20.03088551,7,35,61,523,"{'season': 2022, 'currentTeamId': '5110', 'displayName': 'Jahan Dotson', 'esbId': 'DOT282798', 'firstName': 'Jahan', 'footballName': 'Jahan', 'gsisId': '00-0037741', 'gsisItId': 54481, 'jerseyNumber': 1, 'lastName': 'Dotson', 'position': 'WR', 'positionGroup': 'WR', 'shortName': 'J.Dotson', 'status': 'ACT', 'uniformNumber': '1', 'headshot': 'https://static.www.nfl.com/image/private/{formatInstructions}/league/ejqlekhhbiox5x2767hp', 'smartId': '3200444f-5428-2798-d9f2-9e8608edcb8a', 'ngsPosition': 'WR', 'ngsPositionGroup': 'WR'}",Jahan Dotson,WR,5110,2022,jahan dotson,WAS,3/22/2000,13362.98185
5.939555556,4.386157326,13.99333333,3.147385115,3.261363636,-1.124793689,48.88888889,15.96343393,2,22,45,247,"{'season': 2022, 'currentTeamId': '3200', 'displayName': 'Tyquan Thornton', 'esbId': 'THO797153', 'firstName': 'Tyquan', 'footballName': 'Tyquan', 'gsisId': '00-0038104', 'gsisItId': 54515, 'lastName': 'Thornton', 'position': 'WR', 'positionGroup': 'WR', 'shortName': 'T.Thornton', 'status': 'ACT', 'headshot': 'https://static.www.nfl.com/image/private/{formatInstructions}/league/bcmm5vukl8h6ow6ioemv', 'smartId': '32005448-4f79-7153-e52f-fb28090a0034', 'jerseyNumber': 11, 'uniformNumber': '11', 'ngsPosition': 'WR', 'ngsPositionGroup': 'WR'}",Tyquan Thornton,WR,3200,2022,tyquan thornton,NE,8/7/2000,18841.56513
5.9,3.05462116,10.47490196,2.86427247,5.112666667,2.058045506,58.82352941,10.36750679,2,30,51,417,"{'season': 2022, 'currentTeamId': '2700', 'displayName': 'Trent Sherfield', 'esbId': 'SHE566024', 'firstName': 'Trent', 'footballName': 'Trent', 'gsisId': '00-0034487', 'gsisItId': 46671, 'headshot': 'https://static.www.nfl.com/image/private/{formatInstructions}/league/je4nd6eqpqrzytepcuvc', 'jerseyNumber': 14, 'lastName': 'Sherfield', 'position': 'WR', 'positionGroup': 'WR', 'shortName': 'T.Sherfield', 'smartId': '32005348-4556-6024-5da2-4c295e6d8af2', 'status': 'ACT', 'uniformNumber': '14', 'ngsPosition': 'WR', 'ngsPositionGroup': 'WR'}",Trent Sherfield,WR,2700,2022,trent sherfield,MIA,2/26/1996,27464.65864
5.899090909,3.835576415,11.90818182,2.900558728,4.158648649,0.323072233,56.06060606,18.81283392,2,37,66,481,"{'season': 2022, 'currentTeamId': '2120', 'displayName': 'Nico Collins', 'esbId': 'COL654119', 'firstName': 'Nico', 'footballName': 'Nico', 'gsisId': '00-0036554', 'gsisItId': 53518, 'headshot': 'https://static.www.nfl.com/image/private/{formatInstructions}/league/mo63xdi05pkyzyggozwg', 'jerseyNumber': 12, 'lastName': 'Collins', 'position': 'WR', 'positionGroup': 'WR', 'shortName': 'N.Collins', 'smartId': '3200434f-4c65-4119-2a51-095ba724d414', 'status': 'RES', 'uniformNumber': '12', 'ngsPosition': 'WR', 'ngsPositionGroup': 'WR'}",Nico Collins,WR,2120,2022,nico collins,HOU,3/19/1999,16082.45908
5.868,2.54818927,13.52469136,2.054685911,2.314782609,-0.233406661,56.79012346,25.77835089,3,46,81,529,"{'season': 2022, 'currentTeamId': '2250', 'displayName': 'Marvin Jones', 'esbId': 'JON601697', 'firstName': 'Marvin', 'footballName': 'Marvin', 'gsisId': '00-0029293', 'gsisItId': 38696, 'headshot': 'https://static.www.nfl.com/image/private/{formatInstructions}/league/xjvmodkuzq2euwtr7o85', 'jerseyNumber': 11, 'lastName': 'Jones', 'position': 'WR', 'positionGroup': 'WR', 'shortName': 'M.Jones', 'smartId': '32004a4f-4e60-1697-4762-9c6d786d2931', 'status': 'ACT', 'uniformNumber': '11', 'ngsPosition': 'WR', 'ngsPositionGroup': 'WR'}",Marvin Jones,WR,2250,2022,marvin jones,JAX,3/12/1990,18293.80028
5.85452381,3.217316616,7.999,2.662697864,3.394390244,0.177073628,68.33333333,13.92454275,2,41,60,444,"{'season': 2022, 'currentTeamId': '2100', 'displayName': 'Austin Hooper', 'esbId': 'HOO570770', 'firstName': 'Austin', 'footballName': 'Austin', 'gsisId': '00-0032392', 'gsisItId': 43370, 'headshot': 'https://static.www.nfl.com/image/private/{formatInstructions}/league/tvaiulwmg3f9frtbucqx', 'jerseyNumber': 81, 'lastName': 'Hooper', 'position': 'TE', 'positionGroup': 'TE', 'shortName': 'A.Hooper', 'smartId': '3200484f-4f57-0770-bd7c-1cf59d6025ab', 'status': 'ACT', 'uniformNumber': '81', 'ngsPosition': 'TE', 'ngsPositionGroup': 'TE'}",Austin Hooper,TE,2100,2022,austin hooper,TEN,10/29/1994,12266.01296
5.845428571,6.042961766,6.613518519,3.2068693,7.648918919,1.605957153,68.51851852,8.54852454,5,37,54,495,"{'season': 2022, 'currentTeamId': '2120', 'displayName': 'Jordan Akins', 'esbId': 'AKI501776', 'firstName': 'Jordan', 'footballName': 'Jordan', 'gsisId': '00-0034364', 'gsisItId': 46167, 'headshot': 'https://static.www.nfl.com/image/private/{formatInstructions}/league/jewjor3rbkrnwksetwf0', 'jerseyNumber': 88, 'lastName': 'Akins', 'position': 'TE', 'positionGroup': 'TE', 'shortName': 'J.Akins', 'smartId': '3200414b-4950-1776-ed8f-713681e78d61', 'status': 'ACT', 'uniformNumber': '88', 'ngsPosition': 'TE', 'ngsPositionGroup': 'WR'}",Jordan Akins,TE,2120,2022,jordan akins,HOU,4/19/1992,16082.45908
5.844042553,3.927964203,10.70312925,2.63335571,4.967831325,1.039867122,56.46258503,31.8301915,4,83,147,1103,"{'season': 2022, 'currentTeamId': '3430', 'displayName': 'Garrett Wilson', 'esbId': 'WIL691962', 'firstName': 'Garrett', 'footballName': 'Garrett', 'gsisId': '00-0037740', 'gsisItId': 54475, 'jerseyNumber': 17, 'lastName': 'Wilson', 'position': 'WR', 'positionGroup': 'WR', 'shortName': 'G.Wilson', 'status': 'ACT', 'uniformNumber': '17', 'headshot': 'https://static.www.nfl.com/image/private/{formatInstructions}/league/gqdfigo9nzji4e6nshpk', 'smartId': '32005749-4c69-1962-4085-d9c826d8709c', 'ngsPosition': 'WR', 'ngsPositionGroup': 'WR'}",Garrett Wilson,WR,3430,2022,garrett wilson,NYJ,7/22/2000,16058.75915
5.791492537,5.310949201,5.98908046,3.26285974,5.831206897,0.520257696,66.66666667,11.52370315,4,58,87,555,"{'season': 2022, 'currentTeamId': '4400', 'displayName': 'Gerald Everett', 'esbId': 'EVE166115', 'firstName': 'Gerald', 'footballName': 'Gerald', 'gsisId': '00-0033895', 'gsisItId': 44856, 'headshot': 'https://static.www.nfl.com/image/private/{formatInstructions}/league/ovlnn7uuj2335ublzb6o', 'jerseyNumber': 7, 'lastName': 'Everett', 'position': 'TE', 'positionGroup': 'TE', 'shortName': 'G.Everett', 'smartId': '32004556-4516-6115-f11c-124334bc44da', 'status': 'ACT', 'uniformNumber': '7', 'ngsPosition': 'SLOT_WR', 'ngsPositionGroup': 'WR'}",Gerald Everett,TE,4400,2022,gerald everett,LAC,6/25/1994,24856.55241
5.764259259,3.179018081,11.31954128,2.543515705,3.944324324,0.765306243,67.88990826,28.88280253,7,74,109,1029,"{'season': 2022, 'currentTeamId': '0920', 'displayName': 'Tee Higgins', 'esbId': 'HIG387791', 'firstName': 'Tamaurice', 'footballName': 'Tee', 'gsisId': '00-0036410', 'gsisItId': 52441, 'headshot': 'https://static.www.nfl.com/image/private/{formatInstructions}/league/m8i5zbmmhqku4zsul3vj', 'jerseyNumber': 85, 'lastName': 'Higgins', 'position': 'WR', 'positionGroup': 'WR', 'shortName': 'T.Higgins', 'smartId': '32004849-4738-7791-9f89-d556c4b59b9a', 'status': 'ACT', 'uniformNumber': '85', 'ngsPosition': 'WR', 'ngsPositionGroup': 'WR'}",Tee Higgins,WR,920,2022,tee higgins,CIN,1/18/1999,11334.72454
5.762123894,4.382012739,11.98940171,2.965211729,7.204666667,2.822653927,64.1025641,27.22309876,8,75,117,1356,"{'season': 2022, 'currentTeamId': '2700', 'displayName': 'Jaylen Waddle', 'esbId': 'WAD088683', 'firstName': 'Jaylen', 'footballName': 'Jaylen', 'gsisId': '00-0036613', 'gsisItId': 53435, 'headshot': 'https://static.www.nfl.com/image/private/{formatInstructions}/league/nlneyg7usy4pn9psbnru', 'jerseyNumber': 17, 'lastName': 'Waddle', 'position': 'WR', 'positionGroup': 'WR', 'shortName': 'J.Waddle', 'smartId': '32005741-4408-8683-c826-c882ad6fd5c2', 'status': 'ACT', 'uniformNumber': '17', 'ngsPosition': 'WR', 'ngsPositionGroup': 'WR'}",Jaylen Waddle,WR,2700,2022,jaylen waddle,MIA,11/25/1998,27464.65864
5.756944444,2.770052887,12.63642202,2.658959076,2.280625,-0.489427887,58.71559633,29.21716074,2,64,109,829,"{'season': 2022, 'currentTeamId': '1400', 'displayName': 'Courtland Sutton', 'esbId': 'SUT333526', 'firstName': 'Courtland', 'footballName': 'Courtland', 'gsisId': '00-0034348', 'gsisItId': 46109, 'headshot': 'https://static.www.nfl.com/image/private/{formatInstructions}/league/wgjxc2paepihkvl4u9a3', 'jerseyNumber': 14, 'lastName': 'Sutton', 'position': 'WR', 'positionGroup': 'WR', 'shortName': 'C.Sutton', 'smartId': '32005355-5433-3526-b2bf-88d6b83781c0', 'status': 'ACT', 'uniformNumber': '14', 'ngsPosition': 'WR', 'ngsPositionGroup': 'WR'}",Courtland Sutton,WR,1400,2022,courtland sutton,DEN,10/10/1995,18438.29314
5.725348837,3.376882397,12.86954545,2.471199963,4.034358974,0.657476578,59.09090909,38.70689911,9,78,132,1160,"{'season': 2022, 'currentTeamId': '1050', 'displayName': 'Amari Cooper', 'esbId': 'COO487703', 'firstName': 'Amari', 'footballName': 'Amari', 'gsisId': '00-0031544', 'gsisItId': 42347, 'headshot': 'https://static.www.nfl.com/image/private/{formatInstructions}/league/zibbxjtein7gpu5zgcj4', 'jerseyNumber': 2, 'lastName': 'Cooper', 'position': 'WR', 'positionGroup': 'WR', 'shortName': 'A.Cooper', 'smartId': '3200434f-4f48-7703-16a5-c78426109031', 'status': 'ACT', 'uniformNumber': '2', 'ngsPosition': 'WR', 'ngsPositionGroup': 'WR'}",Amari Cooper,WR,1050,2022,amari cooper,CLE,6/17/1994,8639.68954
5.708915663,5.507605991,3.090648148,3.514613863,5.715138889,0.207532898,66.66666667,9.188836523,3,72,108,620,"{'season': 2022, 'currentTeamId': '2510', 'displayName': 'Tyler Higbee', 'esbId': 'HIG033222', 'firstName': 'Tyler', 'footballName': 'Tyler', 'gsisId': '00-0033110', 'gsisItId': 43399, 'headshot': 'https://static.www.nfl.com/image/private/{formatInstructions}/league/b6kn7vqe0iplpkgmzzv1', 'jerseyNumber': 89, 'lastName': 'Higbee', 'position': 'TE', 'positionGroup': 'TE', 'shortName': 'T.Higbee', 'smartId': '32004849-4703-3222-e4e8-bd596550bfdb', 'status': 'ACT', 'uniformNumber': '89', 'ngsPosition': 'TE', 'ngsPositionGroup': 'TE'}",Tyler Higbee,TE,2510,2022,tyler higbee,LA,1/1/1993,17169.69629
5.703577236,2.854976425,13.44511811,2.594674023,3.294545455,0.43956903,60.62992126,33.63795753,6,77,127,1124,"{'season': 2022, 'currentTeamId': '4900', 'displayName': 'Mike Evans', 'esbId': 'EVA534309', 'firstName': 'Mike', 'footballName': 'Mike', 'gsisId': '00-0031408', 'gsisItId': 41233, 'headshot': 'https://static.www.nfl.com/image/private/{formatInstructions}/league/pyilrqdmfvv1zceem1cg', 'jerseyNumber': 13, 'lastName': 'Evans', 'position': 'WR', 'positionGroup': 'WR', 'shortName': 'M.Evans', 'smartId': '32004556-4153-4309-b2ed-6b8233f6fea5', 'status': 'ACT', 'uniformNumber': '13', 'ngsPosition': 'WR', 'ngsPositionGroup': 'WR'}",Mike Evans,WR,4900,2022,mike evans,TB,8/21/1993,16619.61674
5.703020833,4.320394501,7.357920792,3.326578256,6.102948718,1.782554217,77.22772277,16.29211143,3,78,101,933,"{'season': 2022, 'currentTeamId': '2310', 'displayName': 'JuJu Smith-Schuster', 'esbId': 'SMI829709', 'firstName': 'John', 'footballName': 'JuJu', 'gsisId': '00-0033857', 'gsisItId': 44874, 'headshot': 'https://static.www.nfl.com/image/private/{formatInstructions}/league/tmvx3eakcr4uong0gf5h', 'jerseyNumber': 9, 'lastName': 'Smith-Schuster', 'position': 'WR', 'positionGroup': 'WR', 'shortName': 'J.Smith-Schuster', 'smartId': '3200534d-4982-9709-6877-2f8181b1e986', 'status': 'ACT', 'uniformNumber': '9', 'ngsPosition': 'WR', 'ngsPositionGroup': 'WR'}",JuJu Smith-Schuster,WR,2310,2022,juju smith-schuster,KC,11/22/1996,18636.22254
5.693653846,6.333986071,6.617246377,4.356146365,6.2226,-0.111386071,72.46376812,14.10569307,7,50,69,544,"{'season': 2022, 'currentTeamId': '0810', 'displayName': 'Cole Kmet', 'esbId': 'KME200895', 'firstName': 'Cole', 'footballName': 'Cole', 'gsisId': '00-0036290', 'gsisItId': 52451, 'headshot': 'https://static.www.nfl.com/image/private/{formatInstructions}/league/nhm40cko3e3njtfytqro', 'jerseyNumber': 85, 'lastName': 'Kmet', 'position': 'TE', 'positionGroup': 'TE', 'shortName': 'C.Kmet', 'smartId': '32004b4d-4520-0895-f027-61d779beeff4', 'status': 'ACT', 'uniformNumber': '85', 'ngsPosition': 'TE', 'ngsPositionGroup': 'TE'}",Cole Kmet,TE,810,2022,cole kmet,CHI,3/10/1999,8857.31438
5.684315789,3.471111971,12.1615625,2.506179362,3.159508197,-0.311603774,63.54166667,26.60185061,3,61,96,839,"{'season': 2022, 'currentTeamId': '1050', 'displayName': 'Donovan Peoples-Jones', 'esbId': 'PEO604060', 'firstName': 'Donovan', 'footballName': 'Donovan', 'gsisId': '00-0036233', 'gsisItId': 52595, 'headshot': 'https://static.www.nfl.com/image/private/{formatInstructions}/league/qpppihrztbzxktstufm0', 'jerseyNumber': 11, 'lastName': 'Peoples-Jones', 'position': 'WR', 'positionGroup': 'WR', 'shortName': 'D.Peoples-Jones', 'smartId': '32005045-4f60-4060-aa06-be3909ebff80', 'status': 'ACT', 'uniformNumber': '11', 'ngsPosition': 'WR', 'ngsPositionGroup': 'WR'}",Donovan Peoples-Jones,WR,1050,2022,donovan peoples-jones,CLE,2/19/1999,8639.68954
5.682340426,5.319527872,7.665762712,3.872004052,5.329756098,0.010228226,69.49152542,11.46568508,2,41,59,509,"{'season': 2022, 'currentTeamId': '3200', 'displayName': 'Hunter Henry', 'esbId': 'HEN617052', 'firstName': 'Hunter', 'footballName': 'Hunter', 'gsisId': '00-0033090', 'gsisItId': 43324, 'headshot': 'https://static.www.nfl.com/image/private/{formatInstructions}/league/hyjz8co5tlq5dkg8ff7p', 'jerseyNumber': 85, 'lastName': 'Henry', 'position': 'TE', 'positionGroup': 'TE', 'shortName': 'H.Henry', 'smartId': '32004845-4e61-7052-805d-daad1175a3b2', 'status': 'ACT', 'uniformNumber': '85', 'ngsPosition': 'TE', 'ngsPositionGroup': 'TE'}",Hunter Henry,TE,3200,2022,hunter henry,NE,12/7/1994,18841.56513
5.635232558,4.534393252,9.714375,3.024350822,3.934925373,-0.599467879,69.79166667,23.64170114,6,67,96,804,"{'season': 2022, 'currentTeamId': '3200', 'displayName': 'Jakobi Meyers', 'esbId': 'MEY171606', 'firstName': 'Jakobi', 'footballName': 'Jakobi', 'gsisId': '00-0034960', 'gsisItId': 48097, 'headshot': 'https://static.www.nfl.com/image/private/{formatInstructions}/league/nmd0n2w602mqecv0vwei', 'jerseyNumber': 16, 'lastName': 'Meyers', 'position': 'WR', 'positionGroup': 'WR', 'shortName': 'J.Meyers', 'smartId': '32004d45-5917-1606-4197-8f46779fb9b7', 'status': 'ACT', 'uniformNumber': '16', 'ngsPosition': 'SLOT_WR', 'ngsPositionGroup': 'WR'}",Jakobi Meyers,WR,3200,2022,jakobi meyers,NE,11/9/1996,18841.56513
5.624933333,3.255594393,10.38556962,2.797708809,3.141521739,-0.114072654,58.2278481,25.34693474,1,46,79,457,"{'season': 2022, 'currentTeamId': '0810', 'displayName': 'Chase Claypool', 'esbId': 'CLA781009', 'firstName': 'Chase', 'footballName': 'Chase', 'gsisId': '00-0036326', 'gsisItId': 52457, 'headshot': 'https://static.www.nfl.com/image/private/{formatInstructions}/league/ijst9lplsspmwidhaepp', 'jerseyNumber': 10, 'lastName': 'Claypool', 'position': 'WR', 'positionGroup': 'WR', 'shortName': 'C.Claypool', 'smartId': '3200434c-4178-1009-34a1-bfb9899e5d84', 'status': 'ACT', 'uniformNumber': '10', 'ngsPosition': 'SLOT_WR', 'ngsPositionGroup': 'WR'}",Chase Claypool,WR,810,2022,chase claypool,CHI,7/7/1998,8857.31438
5.582708333,4.629289544,12.23834483,2.603654656,6.622954545,1.993665001,60.68965517,41.29015445,11,88,145,1496,"{'season': 2022, 'currentTeamId': '3700', 'displayName': 'A.J. Brown', 'esbId': 'BRO413223', 'firstName': 'Arthur', 'footballName': 'A.J.', 'gsisId': '00-0035676', 'gsisItId': 47834, 'headshot': 'https://static.www.nfl.com/image/private/{formatInstructions}/league/sb8stxfvnkedmhs6c1fx', 'jerseyNumber': 11, 'lastName': 'Brown', 'position': 'WR', 'positionGroup': 'WR', 'shortName': 'A.Brown', 'smartId': '32004252-4f41-3223-e4c5-1e30dffa87f8', 'status': 'ACT', 'uniformNumber': '11', 'ngsPosition': 'WR', 'ngsPositionGroup': 'WR'}",A.J. Brown,WR,3700,2022,aj brown,PHI,6/30/1997,13260.90576
5.567115385,3.218756777,9.222615385,2.599368053,4.330238095,1.111481318,64.61538462,13.72237076,7,42,65,508,"{'season': 2022, 'currentTeamId': '3300', 'displayName': 'Juwan Johnson', 'esbId': 'JOH398789', 'firstName': 'Juwan', 'footballName': 'Juwan', 'gsisId': '00-0036040', 'gsisItId': 52942, 'headshot': 'https://static.www.nfl.com/image/private/{formatInstructions}/league/kew8v8rgrtbefvnxpl0a', 'jerseyNumber': 83, 'lastName': 'Johnson', 'position': 'TE', 'positionGroup': 'TE', 'shortName': 'J.Johnson', 'smartId': '32004a4f-4839-8789-b667-8ea48cd31497', 'status': 'ACT', 'uniformNumber': '83', 'ngsPosition': 'TE', 'ngsPositionGroup': 'WR'}",Juwan Johnson,TE,3300,2022,juwan johnson,NO,9/13/1996,15402.55266
5.562266667,5.24314524,7.285465116,3.253585282,6.784833333,1.541688093,69.76744186,18.188759,11,60,86,765,"{'season': 2022, 'currentTeamId': '4500', 'displayName': 'George Kittle', 'esbId': 'KIT388290', 'firstName': 'George', 'footballName': 'George', 'gsisId': '00-0033288', 'gsisItId': 44959, 'headshot': 'https://static.www.nfl.com/image/private/{formatInstructions}/league/znlqhc55l9zwi0euf1mk', 'jerseyNumber': 85, 'lastName': 'Kittle', 'position': 'TE', 'positionGroup': 'TE', 'shortName': 'G.Kittle', 'smartId': '32004b49-5438-8290-eeed-c9c9cca62ec1', 'status': 'ACT', 'uniformNumber': '85', 'ngsPosition': 'TE', 'ngsPositionGroup': 'TE'}",George Kittle,TE,4500,2022,george kittle,SF,10/9/1993,23345.04444
5.549885057,4.617899139,12.11683333,2.948601885,5.1856,0.567700861,55.55555556,41.77098096,14,100,180,1516,"{'season': 2022, 'currentTeamId': '2520', 'displayName': 'Davante Adams', 'esbId': 'ADA218591', 'firstName': 'Davante', 'footballName': 'Davante', 'gsisId': '00-0031381', 'gsisItId': 41282, 'headshot': 'https://static.www.nfl.com/image/private/{formatInstructions}/league/jmojceirzhgctrcfi4aw', 'jerseyNumber': 17, 'lastName': 'Adams', 'position': 'WR', 'positionGroup': 'WR', 'shortName': 'D.Adams', 'smartId': '32004144-4121-8591-4d26-4c0ac739af41', 'status': 'ACT', 'uniformNumber': '17', 'ngsPosition': 'WR', 'ngsPositionGroup': 'WR'}",Davante Adams,WR,2520,2022,davante adams,LV,12/24/1992,20147.53077
5.509212598,3.130341652,9.548507463,2.602489957,4.827816092,1.69747444,64.92537313,29.95189438,9,87,134,1046,"{'season': 2022, 'currentTeamId': '0920', 'displayName': ""Ja'Marr Chase"", 'esbId': 'CHA694469', 'firstName': ""Ja'Marr"", 'footballName': ""Ja'Marr"", 'gsisId': '00-0036900', 'gsisItId': 53434, 'headshot': 'https://static.www.nfl.com/image/private/{formatInstructions}/league/hwrzdfsng9bh4tba7uoe', 'jerseyNumber': 1, 'lastName': 'Chase', 'position': 'WR', 'positionGroup': 'WR', 'shortName': 'J.Chase', 'smartId': '32004348-4169-4469-b021-d2c20a7d7cf5', 'status': 'ACT', 'uniformNumber': '1', 'ngsPosition': 'WR', 'ngsPositionGroup': 'WR'}",Ja'Marr Chase,WR,920,2022,ja'marr chase,CIN,3/1/2000,11334.72454
5.484423077,3.858985318,15.40884615,2.18379066,4.704,0.845014682,57.69230769,19.86261809,3,30,52,502,"{'season': 2022, 'currentTeamId': '1540', 'displayName': 'D.J. Chark', 'esbId': 'CHA553392', 'firstName': 'Darrell', 'footballName': 'D.J.', 'gsisId': '00-0034777', 'gsisItId': 46130, 'headshot': 'https://static.www.nfl.com/image/private/{formatInstructions}/league/hbngdzf66ssvjgbjd9oz', 'jerseyNumber': 4, 'lastName': 'Chark', 'position': 'WR', 'positionGroup': 'WR', 'shortName': 'D.Chark', 'smartId': '32004348-4155-3392-9ee6-7f21c24c95c9', 'status': 'ACT', 'uniformNumber': '4', 'ngsPosition': 'WR', 'ngsPositionGroup': 'WR'}",D.J. Chark,WR,1540,2022,dj chark,DET,9/23/1996,8285.494242
5.47745098,4.068264058,7.915538462,4.266771245,4.446458333,0.378194275,73.84615385,9.944451317,6,48,65,517,"{'season': 2022, 'currentTeamId': '0610', 'displayName': 'Dawson Knox', 'esbId': 'KNO490795', 'firstName': 'Dawson', 'footballName': 'Dawson', 'gsisId': '00-0035689', 'gsisItId': 47879, 'headshot': 'https://static.www.nfl.com/image/private/{formatInstructions}/league/ip13rlibbh1y7lejzj6t', 'jerseyNumber': 88, 'lastName': 'Knox', 'position': 'TE', 'positionGroup': 'TE', 'shortName': 'D.Knox', 'smartId': '32004b4e-4f49-0795-942a-0c363ee9b439', 'status': 'ACT', 'uniformNumber': '88', 'ngsPosition': 'TE', 'ngsPositionGroup': 'TE'}",Dawson Knox,TE,610,2022,dawson knox,BUF,11/14/1996,11665.80407
5.468958333,4.371761448,13.4218,2.321475778,4.8812,0.509438552,50,19.47039504,3,25,50,397,"{'season': 2022, 'currentTeamId': '2100', 'displayName': 'Nick Westbrook-Ikhine', 'esbId': 'WES567220', 'firstName': 'Nicholas', 'footballName': 'Nick', 'gsisId': '00-0036182', 'gsisItId': 53074, 'headshot': 'https://static.www.nfl.com/image/private/{formatInstructions}/league/rrpe7w9vvgasgkyemixa', 'jerseyNumber': 15, 'lastName': 'Westbrook-Ikhine', 'position': 'WR', 'positionGroup': 'WR', 'shortName': 'N.Westbrook-Ikhine', 'smartId': '32005745-5356-7220-67cc-7d57ec5c5725', 'status': 'ACT', 'uniformNumber': '15', 'ngsPosition': 'SLOT_WR', 'ngsPositionGroup': 'WR'}",Nick Westbrook-Ikhine,WR,2100,2022,nick westbrook-ikhine,TEN,3/21/1997,12266.01296
5.448461538,3.363605571,6.972295082,3.738320036,3.289230769,-0.074374802,63.93442623,9.505004928,1,39,61,323,"{'season': 2022, 'currentTeamId': '5110', 'displayName': 'Logan Thomas', 'esbId': 'THO296280', 'firstName': 'Logan', 'footballName': 'Logan', 'gsisId': '00-0031260', 'gsisItId': 41349, 'headshot': 'https://static.www.nfl.com/image/private/{formatInstructions}/league/wzb0lbrvqknwfcgnj5sq', 'jerseyNumber': 82, 'lastName': 'Thomas', 'position': 'TE', 'positionGroup': 'TE', 'shortName': 'L.Thomas', 'smartId': '32005448-4f29-6280-e212-928e7f08f1ce', 'status': 'ACT', 'uniformNumber': '82', 'ngsPosition': 'TE', 'ngsPositionGroup': 'WR'}",Logan Thomas,TE,5110,2022,logan thomas,WAS,7/1/1991,13362.98185
5.432613636,4.106531269,10.34222826,3.094315914,5.051015625,0.944484356,69.56521739,39.01159501,8,128,184,1809,"{'season': 2022, 'currentTeamId': '3000', 'displayName': 'Justin Jefferson', 'esbId': 'JEF269287', 'firstName': 'Justin', 'footballName': 'Justin', 'gsisId': '00-0036322', 'gsisItId': 52430, 'headshot': 'https://static.www.nfl.com/image/private/{formatInstructions}/league/zdstmm4sloqnichybgja', 'jerseyNumber': 18, 'lastName': 'Jefferson', 'position': 'WR', 'positionGroup': 'WR', 'shortName': 'J.Jefferson', 'smartId': '32004a45-4626-9287-c454-479b942cbd26', 'status': 'ACT', 'uniformNumber': '18', 'ngsPosition': 'WR', 'ngsPositionGroup': 'WR'}",Justin Jefferson,WR,3000,2022,justin jefferson,MIN,6/16/1999,12729.23418
5.429782609,2.352292262,15.87655914,2.755270439,2.980833333,0.628541072,51.61290323,28.5381844,7,48,93,836,"{'season': 2022, 'currentTeamId': '0610', 'displayName': 'Gabe Davis', 'esbId': 'DAV329675', 'firstName': 'Gabriel', 'footballName': 'Gabe', 'gsisId': '00-0036196', 'gsisItId': 52536, 'headshot': 'https://static.www.nfl.com/image/private/{formatInstructions}/league/gybdtwydpj0rggczumgg', 'jerseyNumber': 13, 'lastName': 'Davis', 'position': 'WR', 'positionGroup': 'WR', 'shortName': 'G.Davis', 'smartId': '32004441-5632-9675-38f5-3e009da4e98e', 'status': 'ACT', 'uniformNumber': '13', 'ngsPosition': 'WR', 'ngsPositionGroup': 'WR'}",Gabe Davis,WR,610,2022,gabe davis,BUF,3/1/1999,11665.80407
5.426989247,4.39732692,12.21526882,2.819758359,5.337460317,0.940133398,67.74193548,25.12457011,4,63,93,895,"{'season': 2022, 'currentTeamId': '4400', 'displayName': 'Mike Williams', 'esbId': 'WIL000009', 'firstName': 'Michael', 'footballName': 'Mike', 'gsisId': '00-0033536', 'gsisItId': 44819, 'headshot': 'https://static.www.nfl.com/image/private/{formatInstructions}/league/e3r9jk7f2zl4qak0orbz', 'jerseyNumber': 81, 'lastName': 'Williams', 'position': 'WR', 'positionGroup': 'WR', 'shortName': 'M.Williams', 'smartId': '32005749-4c00-0009-75a2-9fccf6994099', 'status': 'ACT', 'uniformNumber': '81', 'ngsPosition': 'WR', 'ngsPositionGroup': 'WR'}",Mike Williams,WR,4400,2022,mike williams,LAC,10/4/1994,24856.55241
5.423636364,6.301088845,7.806666667,3.360530479,7.594242424,1.293153579,61.11111111,8.07369671,2,33,54,420,"{'season': 2022, 'currentTeamId': '2520', 'displayName': 'Foster Moreau', 'esbId': 'MOR096402', 'firstName': 'Foster', 'footballName': 'Foster', 'gsisId': '00-0034981', 'gsisItId': 47920, 'headshot': 'https://static.www.nfl.com/image/private/{formatInstructions}/league/sa6jfe7xjslhihldbiiy', 'jerseyNumber': 87, 'lastName': 'Moreau', 'position': 'TE', 'positionGroup': 'TE', 'shortName': 'F.Moreau', 'smartId': '32004d4f-5209-6402-e68b-97ba5fd58ae3', 'status': 'ACT', 'uniformNumber': '87', 'ngsPosition': 'TE', 'ngsPositionGroup': 'TE'}",Foster Moreau,TE,2520,2022,foster moreau,LV,5/6/1997,20147.53077
5.359929078,3.35692279,11.61603896,2.828388766,4.116111111,0.759188321,70.12987013,34.57528644,11,108,154,1429,"{'season': 2022, 'currentTeamId': '0610', 'displayName': 'Stefon Diggs', 'esbId': 'DIG218895', 'firstName': 'Stefon', 'footballName': 'Stefon', 'gsisId': '00-0031588', 'gsisItId': 42489, 'headshot': 'https://static.www.nfl.com/image/private/{formatInstructions}/league/hcvd2avk0kufoli80veb', 'jerseyNumber': 14, 'lastName': 'Diggs', 'position': 'WR', 'positionGroup': 'WR', 'shortName': 'S.Diggs', 'smartId': '32004449-4721-8895-fc23-d2bf4c921bd4', 'status': 'ACT', 'uniformNumber': '14', 'ngsPosition': 'WR', 'ngsPositionGroup': 'WR'}",Stefon Diggs,WR,610,2022,stefon diggs,BUF,11/29/1993,11665.80407
5.304652778,2.725778079,10.56680272,2.820296642,2.584069767,-0.141708312,58.50340136,33.61487839,0,86,147,882,"{'season': 2022, 'currentTeamId': '3900', 'displayName': 'Diontae Johnson', 'esbId': 'JOH000017', 'firstName': 'Diontae', 'footballName': 'Diontae', 'gsisId': '00-0035216', 'gsisItId': 47849, 'headshot': 'https://static.www.nfl.com/image/private/{formatInstructions}/league/imoqxbyoluisz2tmoral', 'jerseyNumber': 18, 'lastName': 'Johnson', 'position': 'WR', 'positionGroup': 'WR', 'shortName': 'D.Johnson', 'smartId': '32004a4f-4800-0017-a19a-a554dee114ed', 'status': 'ACT', 'uniformNumber': '18', 'ngsPosition': 'WR', 'ngsPositionGroup': 'WR'}",Diontae Johnson,WR,3900,2022,diontae johnson,PIT,7/5/1996,6428.489862
5.217755102,4.438444127,12.2796,2.663127208,4.761166667,0.32272254,60,28.46367634,6,60,100,788,"{'season': 2022, 'currentTeamId': '1800', 'displayName': 'Allen Lazard', 'esbId': 'LAZ043714', 'firstName': 'Allen', 'footballName': 'Allen', 'gsisId': '00-0034521', 'gsisItId': 46705, 'headshot': 'https://static.www.nfl.com/image/private/{formatInstructions}/league/cz1iokizmop9zi3fij8o', 'jerseyNumber': 13, 'lastName': 'Lazard', 'position': 'WR', 'positionGroup': 'WR', 'shortName': 'A.Lazard', 'smartId': '32004c41-5a04-3714-cfb7-872b20b0ce13', 'status': 'ACT', 'uniformNumber': '13', 'ngsPosition': 'WR', 'ngsPositionGroup': 'WR'}",Allen Lazard,WR,1800,2022,allen lazard,GB,12/11/1995,10346.77583
5.183220339,4.893282567,6.826,3.068708298,5.995517241,1.102234674,72.5,12.44249606,4,58,80,628,"{'season': 2022, 'currentTeamId': '1050', 'displayName': 'David Njoku', 'esbId': 'NJO355964', 'firstName': 'David', 'footballName': 'David', 'gsisId': '00-0033885', 'gsisItId': 44841, 'headshot': 'https://static.www.nfl.com/image/private/{formatInstructions}/league/bcecxpc9nciff80xhipd', 'jerseyNumber': 85, 'lastName': 'Njoku', 'position': 'TE', 'positionGroup': 'TE', 'shortName': 'D.Njoku', 'smartId': '32004e4a-4f35-5964-1f03-4dc0b4e0b757', 'status': 'ACT', 'uniformNumber': '85', 'ngsPosition': 'TE', 'ngsPositionGroup': 'TE'}",David Njoku,TE,1050,2022,david njoku,CLE,7/10/1996,8639.68954
5.139122807,3.336267162,7.755362319,3.029916698,2.965319149,-0.370948013,68.11594203,12.30336278,4,47,69,406,"{'season': 2022, 'currentTeamId': '3800', 'displayName': 'Zach Ertz', 'esbId': 'ERT800920', 'firstName': 'Zachary', 'footballName': 'Zach', 'gsisId': '00-0030061', 'gsisItId': 39983, 'headshot': 'https://static.www.nfl.com/image/private/{formatInstructions}/league/u5sxvgvz0pujcgrsjenk', 'jerseyNumber': 86, 'lastName': 'Ertz', 'position': 'TE', 'positionGroup': 'TE', 'shortName': 'Z.Ertz', 'smartId': '32004552-5480-0920-32a6-165b5a77814e', 'status': 'RES', 'uniformNumber': '86', 'ngsPosition': 'SLOT_WR', 'ngsPositionGroup': 'WR'}",Zach Ertz,TE,3800,2022,zach ertz,ARI,11/10/1990,15121.32743
5.102391304,4.456214234,12.46191489,2.581705839,5.6975,1.241285766,59.57446809,18.27670781,1,28,47,490,"{'season': 2022, 'currentTeamId': '0750', 'displayName': 'Terrace Marshall', 'esbId': 'MAR482288', 'firstName': 'Terrace', 'footballName': 'Terrace', 'gsisId': '00-0036955', 'gsisItId': 53488, 'headshot': 'https://static.www.nfl.com/image/private/{formatInstructions}/league/azlfs3xbnfr3deksqvua', 'jerseyNumber': 88, 'lastName': 'Marshall', 'position': 'WR', 'positionGroup': 'WR', 'shortName': 'T.Marshall', 'smartId': '32004d41-5248-2288-c0d9-2d0813ce7c88', 'status': 'ACT', 'uniformNumber': '88', 'ngsPosition': 'WR', 'ngsPositionGroup': 'WR'}",Terrace Marshall,WR,750,2022,terrace marshall,CAR,6/9/2000,14038.67818
5.096111111,3.45272749,9.414512195,2.704638887,4.472241379,1.019513889,70.73170732,18.0715615,5,58,82,762,"{'season': 2022, 'currentTeamId': '0920', 'displayName': 'Tyler Boyd', 'esbId': 'BOY378353', 'firstName': 'Tyler', 'footballName': 'Tyler', 'gsisId': '00-0033009', 'gsisItId': 43344, 'headshot': 'https://static.www.nfl.com/image/private/{formatInstructions}/league/kzzhrm9gbefdpobngtzq', 'jerseyNumber': 83, 'lastName': 'Boyd', 'position': 'WR', 'positionGroup': 'WR', 'shortName': 'T.Boyd', 'smartId': '3200424f-5937-8353-b941-dfa7122ba16b', 'status': 'ACT', 'uniformNumber': '83', 'ngsPosition': 'SLOT_WR', 'ngsPositionGroup': 'WR'}",Tyler Boyd,WR,920,2022,tyler boyd,CIN,11/15/1994,11334.72454
4.942586207,3.576990029,8.413384615,3.34552354,3.267619048,-0.309370981,64.61538462,10.56990552,4,42,65,423,"{'season': 2022, 'currentTeamId': '0610', 'displayName': 'Isaiah McKenzie', 'esbId': 'MCK250948', 'firstName': 'Isaiah', 'footballName': 'Isaiah', 'gsisId': '00-0033466', 'gsisItId': 44985, 'headshot': 'https://static.www.nfl.com/image/private/{formatInstructions}/league/sm2btbgkg6s1r1hvi931', 'jerseyNumber': 6, 'lastName': 'McKenzie', 'position': 'WR', 'positionGroup': 'WR', 'shortName': 'I.McKenzie', 'smartId': '32004d43-4b25-0948-8027-d3dafaef3cae', 'status': 'ACT', 'uniformNumber': '6', 'ngsPosition': 'SLOT_WR', 'ngsPositionGroup': 'WR'}",Isaiah McKenzie,WR,610,2022,isaiah mckenzie,BUF,4/9/1995,11665.80407
4.843653846,3.001418481,9.459038462,2.144281412,2.619090909,-0.382327572,63.46153846,13.54058846,3,33,52,339,"{'season': 2022, 'currentTeamId': '2510', 'displayName': 'Allen Robinson', 'esbId': 'ROB365982', 'firstName': 'Allen', 'footballName': 'Allen', 'gsisId': '00-0031428', 'gsisItId': 41290, 'headshot': 'https://static.www.nfl.com/image/private/{formatInstructions}/league/q9aj6lloix5ocf7xk8ry', 'jerseyNumber': 1, 'lastName': 'Robinson', 'position': 'WR', 'positionGroup': 'WR', 'shortName': 'A.Robinson', 'smartId': '3200524f-4236-5982-45ce-8ca18ca03af8', 'status': 'RES', 'uniformNumber': '1', 'ngsPosition': 'WR', 'ngsPositionGroup': 'WR'}",Allen Robinson,WR,2510,2022,allen robinson,LA,8/24/1993,17169.69629
4.80859375,4.742900178,7.280574713,4.201508777,5.061034483,0.318134305,66.66666667,12.81433467,3,58,87,552,"{'season': 2022, 'currentTeamId': '3430', 'displayName': 'Tyler Conklin', 'esbId': 'CON185250', 'firstName': 'Tyler', 'footballName': 'Tyler', 'gsisId': '00-0034270', 'gsisItId': 46226, 'headshot': 'https://static.www.nfl.com/image/private/{formatInstructions}/league/fx3sjul1xvi4tuag57bn', 'jerseyNumber': 83, 'lastName': 'Conklin', 'position': 'TE', 'positionGroup': 'TE', 'shortName': 'T.Conklin', 'smartId': '3200434f-4e18-5250-1988-fe7b6c249df3', 'status': 'ACT', 'uniformNumber': '83', 'ngsPosition': 'TE', 'ngsPositionGroup': 'TE'}",Tyler Conklin,TE,3430,2022,tyler conklin,NYJ,7/30/1995,16058.75915
4.730952381,1.767852013,14.75892857,2.370490709,2.3625,0.594647987,61.9047619,26.82901494,4,52,84,801,"{'season': 2022, 'currentTeamId': '3900', 'displayName': 'George Pickens', 'esbId': 'PIC576156', 'firstName': 'George', 'footballName': 'George', 'gsisId': '00-0037247', 'gsisItId': 54517, 'jerseyNumber': 14, 'lastName': 'Pickens', 'position': 'WR', 'positionGroup': 'WR', 'shortName': 'G.Pickens', 'status': 'ACT', 'uniformNumber': '14', 'headshot': 'https://static.www.nfl.com/image/private/{formatInstructions}/league/weaecvrxrfflsqm8kvpt', 'smartId': '32005049-4357-6156-653f-e3c2b6d1b9bc', 'ngsPosition': 'WR', 'ngsPositionGroup': 'WR'}",George Pickens,WR,3900,2022,george pickens,PIT,3/4/2001,6428.489862
4.207659574,2.810938705,15.66382979,1.729211093,4.100967742,1.290029037,65.95744681,18.66330007,3,31,47,539,"{'season': 2022, 'currentTeamId': '3200', 'displayName': 'DeVante Parker', 'esbId': 'PAR226609', 'firstName': 'DeVante', 'footballName': 'DeVante', 'gsisId': '00-0031547', 'gsisItId': 42357, 'headshot': 'https://static.www.nfl.com/image/private/{formatInstructions}/league/cgbhrfcqdoe3yvpsic04', 'jerseyNumber': 1, 'lastName': 'Parker', 'position': 'WR', 'positionGroup': 'WR', 'shortName': 'D.Parker', 'smartId': '32005041-5222-6609-dc38-38b3aae27410', 'status': 'ACT', 'uniformNumber': '1', 'ngsPosition': 'WR', 'ngsPositionGroup': 'WR'}",DeVante Parker,WR,3200,2022,devante parker,NE,1/20/1993,18841.56513
7.666698113,4.108854809,8.651944444,3.681016096,5.084415584,0.975560776,71.2962963,22.83443016,5,77,108,858,"{'season': 2023, 'displayName': 'Zay Flowers', 'esbId': 'FLO577002', 'firstName': 'Xavien', 'footballName': 'Zay', 'gsisId': '00-0039064', 'gsisItId': 55886, 'lastName': 'Flowers', 'position': 'WR', 'positionGroup': 'WR', 'shortName': 'Z.Flowers', 'status': 'ACT', 'headshot': 'https://static.www.nfl.com/image/private/{formatInstructions}/league/zvstl5cycvmbbqczemau', 'smartId': '3200464c-4f57-7002-1160-832e9618f0fd', 'currentTeamId': '0325', 'jerseyNumber': 4, 'uniformNumber': '4', 'ngsPosition': 'WR', 'ngsPositionGroup': 'WR'}",Zay Flowers,WR,325,2023,zay flowers,BAL,9/11/2000,17936.40421
7.315252525,3.664057657,9.591792453,2.731910494,3.530704225,-0.133353432,66.98113208,24.7904323,8,71,106,807,"{'season': 2023, 'displayName': 'Jakobi Meyers', 'esbId': 'MEY171606', 'firstName': 'Jakobi', 'footballName': 'Jakobi', 'gsisId': '00-0034960', 'gsisItId': 48097, 'headshot': 'https://static.www.nfl.com/image/private/{formatInstructions}/league/lhfd2xsufgep72sfkacg', 'jerseyNumber': 16, 'lastName': 'Meyers', 'position': 'WR', 'positionGroup': 'WR', 'shortName': 'J.Meyers', 'smartId': '32004d45-5917-1606-4197-8f46779fb9b7', 'status': 'ACT', 'uniformNumber': '16', 'currentTeamId': '2520', 'ngsPosition': 'WR', 'ngsPositionGroup': 'WR'}",Jakobi Meyers,WR,2520,2023,jakobi meyers,LV,11/9/1996,22046.06952
7.297755102,5.674917815,5.06483871,4.495608095,5.4735,-0.201417815,64.51612903,7.990473113,1,40,62,352,"{'season': 2023, 'displayName': 'Rondale Moore', 'esbId': 'MOO672093', 'firstName': 'Rondale', 'footballName': 'Rondale', 'gsisId': '00-0036936', 'gsisItId': 53478, 'headshot': 'https://static.www.nfl.com/image/private/{formatInstructions}/league/yuwcs40qiqunbfrp9nip', 'jerseyNumber': 4, 'lastName': 'Moore', 'position': 'WR', 'positionGroup': 'WR', 'shortName': 'R.Moore', 'smartId': '32004d4f-4f67-2093-7b5b-808e901606a0', 'status': 'ACT', 'uniformNumber': '4', 'currentTeamId': '3800', 'ngsPosition': 'SLOT_WR', 'ngsPositionGroup': 'WR'}",Rondale Moore,WR,3800,2023,rondale moore,ARI,6/9/2000,24422.64928
7.224875,5.31738599,12.65057471,3.629352853,6.215,0.89761401,62.06896552,30.84381919,2,54,87,758,"{'season': 2023, 'displayName': 'Jerry Jeudy', 'esbId': 'JEU415291', 'firstName': 'Jerry', 'footballName': 'Jerry', 'gsisId': '00-0036407', 'gsisItId': 52423, 'headshot': 'https://static.www.nfl.com/image/private/{formatInstructions}/league/f0jdlnl6wy63qx4oeyzi', 'jerseyNumber': 10, 'lastName': 'Jeudy', 'position': 'WR', 'positionGroup': 'WR', 'shortName': 'J.Jeudy', 'smartId': '32004a45-5541-5291-9f8b-8595dc100c90', 'status': 'ACT', 'uniformNumber': '10', 'currentTeamId': '1400', 'ngsPosition': 'SLOT_WR', 'ngsPositionGroup': 'WR'}",Jerry Jeudy,WR,1400,2023,jerry jeudy,DEN,4/24/1999,16113.31201
7.165714286,3.491224749,10.27275862,3.172342882,5.646923077,2.155698328,67.24137931,12.37321925,4,39,58,581,"{'season': 2023, 'displayName': 'Dontayvion Wicks', 'esbId': 'WIC622867', 'firstName': 'Dontayvion', 'footballName': 'Dontayvion', 'gsisId': '00-0038393', 'gsisItId': 56024, 'lastName': 'Wicks', 'position': 'WR', 'positionGroup': 'WR', 'shortName': 'D.Wicks', 'status': 'ACT', 'headshot': 'https://static.www.nfl.com/image/private/{formatInstructions}/league/cnldfuaj4ifhgjpuzyte', 'smartId': '32005749-4362-2867-1ce9-aa6b2d842d21', 'currentTeamId': '1800', 'jerseyNumber': 13, 'uniformNumber': '13', 'ngsPosition': 'WR', 'ngsPositionGroup': 'WR'}",Dontayvion Wicks,WR,1800,2023,dontayvion wicks,GB,6/16/2001,17450.51153
7.149148936,3.746233671,11.01057692,3.694408365,3.543898305,-0.202335366,56.73076923,22.35580302,2,59,104,640,"{'season': 2023, 'displayName': 'Elijah Moore', 'esbId': 'MOO279723', 'firstName': 'Elijah', 'footballName': 'Elijah', 'gsisId': '00-0036980', 'gsisItId': 53463, 'headshot': 'https://static.www.nfl.com/image/private/{formatInstructions}/league/bhwvzckfhhcqhb7zdqyj', 'jerseyNumber': 8, 'lastName': 'Moore', 'position': 'WR', 'positionGroup': 'WR', 'shortName': 'E.Moore', 'smartId': '32004d4f-4f27-9723-3c75-0e082bc200c9', 'status': 'ACT', 'uniformNumber': '8', 'currentTeamId': '1050', 'ngsPosition': 'WR', 'ngsPositionGroup': 'WR'}",Elijah Moore,WR,1050,2023,elijah moore,CLE,3/27/2000,16893.51422
7.143272727,3.793554141,10.09,2.747122094,5.406756757,1.613202616,67.27272727,14.12510627,4,37,55,406,"{'season': 2023, 'displayName': 'Kendrick Bourne', 'esbId': 'BOU434790', 'firstName': 'Kendrick', 'footballName': 'Kendrick', 'gsisId': '00-0033307', 'gsisItId': 45185, 'headshot': 'https://static.www.nfl.com/image/private/{formatInstructions}/league/vrovcaqql9p6xsycko83', 'jerseyNumber': 84, 'lastName': 'Bourne', 'position': 'WR', 'positionGroup': 'WR', 'shortName': 'K.Bourne', 'smartId': '3200424f-5543-4790-acfc-7b92d77f3c8b', 'status': 'ACT', 'uniformNumber': '84', 'currentTeamId': '3200', 'ngsPosition': 'WR', 'ngsPositionGroup': 'WR'}",Kendrick Bourne,WR,3200,2023,kendrick bourne,NE,8/4/1995,16186.99694
7.126538462,2.868707727,9.83939759,2.586194077,2.33,-0.538707727,59.03614458,18.33639438,4,49,83,518,"{'season': 2023, 'displayName': 'Jahan Dotson', 'esbId': 'DOT282798', 'firstName': 'Jahan', 'footballName': 'Jahan', 'gsisId': '00-0037741', 'gsisItId': 54481, 'headshot': 'https://static.www.nfl.com/image/private/{formatInstructions}/league/z768onjtm135fjjmeney', 'jerseyNumber': 1, 'lastName': 'Dotson', 'position': 'WR', 'positionGroup': 'WR', 'shortName': 'J.Dotson', 'smartId': '3200444f-5428-2798-d9f2-9e8608edcb8a', 'status': 'ACT', 'uniformNumber': '1', 'currentTeamId': '5110', 'ngsPosition': 'WR', 'ngsPositionGroup': 'WR'}",Jahan Dotson,WR,5110,2023,jahan dotson,WAS,3/22/2000,17548.96461
7.094069767,4.615074455,8.138842105,3.351976571,5.816610169,1.201535714,62.10526316,18.01933865,5,59,95,737,"{'season': 2023, 'displayName': 'Cooper Kupp', 'esbId': 'KUP534597', 'firstName': 'Cooper', 'footballName': 'Cooper', 'gsisId': '00-0033908', 'gsisItId': 44881, 'headshot': 'https://static.www.nfl.com/image/private/{formatInstructions}/league/bkahtsjkvnom1sbnb6xm', 'jerseyNumber': 10, 'lastName': 'Kupp', 'position': 'WR', 'positionGroup': 'WR', 'shortName': 'C.Kupp', 'smartId': '32004b55-5053-4597-b958-87408c31956f', 'status': 'ACT', 'uniformNumber': '10', 'currentTeamId': '2510', 'ngsPosition': 'SLOT_WR', 'ngsPositionGroup': 'WR'}",Cooper Kupp,WR,2510,2023,cooper kupp,LA,6/15/1993,30181.89015
7.074848485,3.132723178,9.988,2.62286783,3.35675,0.224026822,53.33333333,14.79724164,1,40,75,426,"{'season': 2023, 'displayName': 'Robert Woods', 'esbId': 'WOO561144', 'firstName': 'Robert', 'footballName': 'Robert', 'gsisId': '00-0030431', 'gsisItId': 39989, 'headshot': 'https://static.www.nfl.com/image/upload/{formatInstructions}/league/owppysuai4ipxu5d27nu', 'jerseyNumber': 2, 'lastName': 'Woods', 'position': 'WR', 'positionGroup': 'WR', 'shortName': 'R.Woods', 'smartId': '3200574f-4f56-1144-59b1-dbf0c9bdb37a', 'status': 'ACT', 'uniformNumber': '2', 'currentTeamId': '2120', 'ngsPosition': 'WR', 'ngsPositionGroup': 'WR'}",Robert Woods,WR,2120,2023,robert woods,HOU,4/10/1992,17664.30932
7.044166667,3.698078393,6.752340426,2.954802799,4.598125,0.900046607,68.08510638,8.715855849,2,32,47,308,"{'season': 2023, 'displayName': 'Pat Freiermuth', 'esbId': 'FRE439769', 'firstName': 'Pat', 'footballName': 'Pat', 'gsisId': '00-0036894', 'gsisItId': 53484, 'headshot': 'https://static.www.nfl.com/image/private/{formatInstructions}/league/evpkfpnuj5rajjnl5hkw', 'jerseyNumber': 88, 'lastName': 'Freiermuth', 'position': 'TE', 'positionGroup': 'TE', 'shortName': 'P.Freiermuth', 'smartId': '32004652-4543-9769-d771-bdf1de25cd8b', 'status': 'ACT', 'uniformNumber': '88', 'currentTeamId': '3900', 'ngsPosition': 'TE', 'ngsPositionGroup': 'TE'}",Pat Freiermuth,TE,3900,2023,pat freiermuth,PIT,10/25/1998,16799.86463
7.028426966,5.616324505,6.21344086,3.785887909,5.916190476,0.299865971,67.74193548,13.53370604,4,63,93,628,"{'season': 2023, 'displayName': 'Jaxon Smith-Njigba', 'esbId': 'SMI829636', 'firstName': 'Jaxon', 'footballName': 'Jaxon', 'gsisId': '00-0038543', 'gsisItId': 55884, 'lastName': 'Smith-Njigba', 'position': 'WR', 'positionGroup': 'WR', 'shortName': 'J.Smith-Njigba', 'status': 'ACT', 'headshot': 'https://static.www.nfl.com/image/private/{formatInstructions}/league/r65p3l8nq7v4l9htqsud', 'smartId': '3200534d-4982-9636-a18c-5da6fbdaa80c', 'jerseyNumber': 11, 'uniformNumber': '11', 'currentTeamId': '4600', 'ngsPosition': 'SLOT_WR', 'ngsPositionGroup': 'WR'}",Jaxon Smith-Njigba,WR,4600,2023,jaxon smith-njigba,SEA,2/14/2002,30073.40601
7.014888889,4.099745854,7.19787234,2.422056207,3.387931034,-0.71181482,61.70212766,8.610727903,1,29,47,260,"{'season': 2023, 'displayName': 'JuJu Smith-Schuster', 'esbId': 'SMI829709', 'firstName': 'John', 'footballName': 'JuJu', 'gsisId': '00-0033857', 'gsisItId': 44874, 'headshot': 'https://static.www.nfl.com/image/private/{formatInstructions}/league/ypoituliieghtndjrzaz', 'jerseyNumber': 7, 'lastName': 'Smith-Schuster', 'position': 'WR', 'positionGroup': 'WR', 'shortName': 'J.Smith-Schuster', 'smartId': '3200534d-4982-9709-6877-2f8181b1e986', 'status': 'ACT', 'uniformNumber': '7', 'currentTeamId': '3200', 'ngsPosition': 'WR', 'ngsPositionGroup': 'WR'}",JuJu Smith-Schuster,WR,3200,2023,juju smith-schuster,NE,11/22/1996,16186.99694
6.970338983,4.384356635,5.239102564,3.973480571,5.044,0.659643365,76.92307692,11.49362247,1,60,78,525,"{'season': 2023, 'displayName': ""Wan'Dale Robinson"", 'esbId': 'ROB717726', 'firstName': 'Charles', 'footballName': ""Wan'Dale"", 'gsisId': '00-0038117', 'gsisItId': 54508, 'headshot': 'https://static.www.nfl.com/image/private/{formatInstructions}/league/wjr53ffhc3gunx0fs3kp', 'jerseyNumber': 17, 'lastName': 'Robinson', 'position': 'WR', 'positionGroup': 'WR', 'shortName': 'W.Robinson', 'smartId': '3200524f-4271-7726-8cbf-ec8b4c6b1627', 'status': 'ACT', 'uniformNumber': '17', 'currentTeamId': '3410', 'ngsPosition': 'SLOT_WR', 'ngsPositionGroup': 'WR'}",Wan'Dale Robinson,WR,3410,2023,wan'dale robinson,NYG,1/5/2001,22239.95067
6.955529412,3.993679082,12.48229885,2.903379911,5.040196078,1.046516996,58.62068966,29.82439759,5,51,87,710,"{'season': 2023, 'displayName': 'Diontae Johnson', 'esbId': 'JOH000017', 'firstName': 'Diontae', 'footballName': 'Diontae', 'gsisId': '00-0035216', 'gsisItId': 47849, 'headshot': 'https://static.www.nfl.com/image/private/{formatInstructions}/league/imoqxbyoluisz2tmoral', 'jerseyNumber': 18, 'lastName': 'Johnson', 'position': 'WR', 'positionGroup': 'WR', 'shortName': 'D.Johnson', 'smartId': '32004a4f-4800-0017-a19a-a554dee114ed', 'status': 'ACT', 'uniformNumber': '18', 'currentTeamId': '3900', 'ngsPosition': 'WR', 'ngsPositionGroup': 'WR'}",Diontae Johnson,WR,3900,2023,diontae johnson,PIT,7/5/1996,16799.86463
6.940731707,4.131302452,9.345615385,2.922161077,4.781927711,0.650625259,63.84615385,25.63841214,2,83,130,1024,"{'season': 2023, 'displayName': 'Chris Godwin', 'esbId': 'GOD549393', 'firstName': 'Rod', 'footballName': 'Chris', 'gsisId': '00-0033921', 'gsisItId': 44896, 'headshot': 'https://static.www.nfl.com/image/private/{formatInstructions}/league/rfdampf12giyojipbcxl', 'jerseyNumber': 14, 'lastName': 'Godwin', 'position': 'WR', 'positionGroup': 'WR', 'shortName': 'C.Godwin', 'smartId': '3200474f-4454-9393-6eec-24189dd66641', 'status': 'ACT', 'uniformNumber': '14', 'currentTeamId': '4900', 'ngsPosition': 'WR', 'ngsPositionGroup': 'WR'}",Chris Godwin,WR,4900,2023,chris godwin,TB,2/27/1996,19867.48173
6.899866667,2.977058636,14.23133333,2.94657712,3.190638298,0.213579662,62.66666667,21.08374832,7,47,75,709,"{'season': 2023, 'displayName': 'Tank Dell', 'esbId': 'DEL440817', 'firstName': 'Nathaniel', 'footballName': 'Tank', 'gsisId': '00-0038977', 'gsisItId': 55934, 'lastName': 'Dell', 'position': 'WR', 'positionGroup': 'WR', 'shortName': 'T.Dell', 'status': 'ACT', 'headshot': 'https://static.www.nfl.com/image/private/{formatInstructions}/league/vxkqythvtp5ujzpqlvsk', 'smartId': '32004445-4c44-0817-a646-b67c3fe533fb', 'currentTeamId': '2120', 'jerseyNumber': 3, 'uniformNumber': '3', 'ngsPosition': 'WR', 'ngsPositionGroup': 'WR'}",Tank Dell,WR,2120,2023,tank dell,HOU,10/29/1999,17664.30932
6.842162162,4.120330882,7.140659341,3.288317492,4.412741935,0.292411054,68.13186813,14.58972298,4,62,91,613,"{'season': 2023, 'displayName': 'Curtis Samuel', 'esbId': 'SAM633285', 'firstName': 'Curtis', 'footballName': 'Curtis', 'gsisId': '00-0033282', 'gsisItId': 44852, 'headshot': 'https://static.www.nfl.com/image/private/{formatInstructions}/league/r71vsqs2fg7bvbt1jvzd', 'jerseyNumber': 4, 'lastName': 'Samuel', 'position': 'WR', 'positionGroup': 'WR', 'shortName': 'C.Samuel', 'smartId': '32005341-4d63-3285-ce5d-61e91947654e', 'status': 'ACT', 'uniformNumber': '4', 'currentTeamId': '5110', 'ngsPosition': 'SLOT_WR', 'ngsPositionGroup': 'WR'}",Curtis Samuel,WR,5110,2023,curtis samuel,WAS,8/11/1996,17548.96461
6.782740741,3.919318986,9.4562,3.065225596,4.035740741,0.116421755,72,30.1037181,7,108,150,1243,"{'season': 2023, 'displayName': 'Keenan Allen', 'esbId': 'ALL532966', 'firstName': 'Keenan', 'footballName': 'Keenan', 'gsisId': '00-0030279', 'gsisItId': 40024, 'headshot': 'https://static.www.nfl.com/image/private/{formatInstructions}/league/xs7h2igf85nta81v7zb8', 'jerseyNumber': 13, 'lastName': 'Allen', 'position': 'WR', 'positionGroup': 'WR', 'shortName': 'K.Allen', 'smartId': '3200414c-4c53-2966-dfa9-55ae464e7b3d', 'status': 'ACT', 'uniformNumber': '13', 'currentTeamId': '4400', 'ngsPosition': 'SLOT_WR', 'ngsPositionGroup': 'WR'}",Keenan Allen,WR,4400,2023,keenan allen,LAC,4/27/1992,25103.14906
6.78260274,6.969532828,8.114810127,3.073374761,6.970204082,0.000671254,62.02531646,16.31711303,0,49,79,561,"{'season': 2023, 'displayName': 'Demario Douglas', 'esbId': 'DOU259552', 'firstName': 'Demario', 'footballName': 'Demario', 'gsisId': '00-0038621', 'gsisItId': 56075, 'lastName': 'Douglas', 'position': 'WR', 'positionGroup': 'WR', 'shortName': 'D.Douglas', 'status': 'ACT', 'headshot': 'https://static.www.nfl.com/image/private/{formatInstructions}/league/svnh61ottqtfmcqvnbj3', 'smartId': '3200444f-5525-9552-5dc9-fda7c5a9b03d', 'currentTeamId': '3200', 'jerseyNumber': 81, 'uniformNumber': '81', 'ngsPosition': 'SLOT_WR', 'ngsPositionGroup': 'WR'}",Demario Douglas,WR,3200,2023,demario douglas,NE,12/8/2000,16186.99694
6.778235294,4.606101743,7.922564103,2.940494005,4.893119266,0.287017523,69.87179487,30.05488533,4,109,156,1152,"{'season': 2023, 'displayName': 'Michael Pittman', 'esbId': 'PIT228050', 'firstName': 'Michael', 'footballName': 'Michael', 'gsisId': '00-0036252', 'gsisItId': 52442, 'headshot': 'https://static.www.nfl.com/image/private/{formatInstructions}/league/wnymcombo2plamteihiy', 'jerseyNumber': 11, 'lastName': 'Pittman', 'position': 'WR', 'positionGroup': 'WR', 'shortName': 'M.Pittman', 'smartId': '32005049-5422-8050-a8f8-f5210135a4b3', 'status': 'ACT', 'uniformNumber': '11', 'currentTeamId': '2200', 'ngsPosition': 'WR', 'ngsPositionGroup': 'WR'}",Michael Pittman,WR,2200,2023,michael pittman,IND,10/5/1997,8154.329166
6.777894737,5.06328397,11.40180328,2.610418173,5.628947368,0.565663398,62.29508197,14.76099418,2,38,61,581,"{'season': 2023, 'displayName': 'Josh Palmer', 'esbId': 'PAL451625', 'firstName': 'Josh', 'footballName': 'Josh', 'gsisId': '00-0036988', 'gsisItId': 53506, 'headshot': 'https://static.www.nfl.com/image/private/{formatInstructions}/league/bbvzvwnb52cghz4fqyut', 'jerseyNumber': 5, 'lastName': 'Palmer', 'position': 'WR', 'positionGroup': 'WR', 'shortName': 'J.Palmer', 'smartId': '32005041-4c45-1625-eb93-c2c9b11c4006', 'status': 'ACT', 'uniformNumber': '5', 'currentTeamId': '4400', 'ngsPosition': 'WR', 'ngsPositionGroup': 'WR'}",Josh Palmer,WR,4400,2023,josh palmer,LAC,9/22/1999,25103.14906
6.773552632,4.93995439,6.787640449,3.698832901,8.8665,3.92654561,67.41573034,15.35368631,7,60,89,892,"{'season': 2023, 'displayName': 'Deebo Samuel', 'esbId': 'SAM636097', 'firstName': 'Tyshun', 'footballName': 'Deebo', 'gsisId': '00-0035719', 'gsisItId': 47819, 'headshot': 'https://static.www.nfl.com/image/private/{formatInstructions}/league/ciwaktyqewczcquks4wy', 'jerseyNumber': 19, 'lastName': 'Samuel', 'position': 'WR', 'positionGroup': 'WR', 'shortName': 'D.Samuel', 'smartId': '32005341-4d63-6097-eab1-34810e00be67', 'status': 'ACT', 'uniformNumber': '19', 'currentTeamId': '4500', 'ngsPosition': 'WR', 'ngsPositionGroup': 'WR'}",Deebo Samuel,WR,4500,2023,deebo samuel,SF,1/15/1996,32712.96749
6.754347826,2.994652693,11.50196721,2.815591912,2.75,-0.244652693,64.75409836,32.86499551,5,79,122,894,"{'season': 2023, 'displayName': 'Tyler Lockett', 'esbId': 'LOC420915', 'firstName': 'Tyler', 'footballName': 'Tyler', 'gsisId': '00-0032211', 'gsisItId': 42412, 'headshot': 'https://static.www.nfl.com/image/private/{formatInstructions}/league/f9wttnkcqc2scahf9oth', 'jerseyNumber': 16, 'lastName': 'Lockett', 'position': 'WR', 'positionGroup': 'WR', 'shortName': 'T.Lockett', 'smartId': '32004c4f-4342-0915-1af7-ec50f437887c', 'status': 'ACT', 'uniformNumber': '16', 'currentTeamId': '4600', 'ngsPosition': 'WR', 'ngsPositionGroup': 'WR'}",Tyler Lockett,WR,4600,2023,tyler lockett,SEA,9/28/1992,30073.40601
6.747,4.270141777,12.31644444,2.904109334,4.517857143,0.247715366,62.22222222,12.49132297,3,28,45,370,"{'season': 2023, 'displayName': 'Nick Westbrook-Ikhine', 'esbId': 'WES567220', 'firstName': 'Nicholas', 'footballName': 'Nick', 'gsisId': '00-0036182', 'gsisItId': 53074, 'headshot': 'https://static.www.nfl.com/image/private/{formatInstructions}/league/orgr5wnkiabp4s03aqj3', 'jerseyNumber': 15, 'lastName': 'Westbrook-Ikhine', 'position': 'WR', 'positionGroup': 'WR', 'shortName': 'N.Westbrook-Ikhine', 'smartId': '32005745-5356-7220-67cc-7d57ec5c5725', 'status': 'ACT', 'uniformNumber': '15', 'currentTeamId': '2100', 'ngsPosition': 'WR', 'ngsPositionGroup': 'WR'}",Nick Westbrook-Ikhine,WR,2100,2023,nick westbrook-ikhine,TEN,3/21/1997,8488.931555
6.725428571,4.23996571,6.372777778,4.093573895,4.320273973,0.080308263,81.11111111,15.23543131,6,73,90,719,"{'season': 2023, 'displayName': 'Cole Kmet', 'esbId': 'KME200895', 'firstName': 'Cole', 'footballName': 'Cole', 'gsisId': '00-0036290', 'gsisItId': 52451, 'headshot': 'https://static.www.nfl.com/image/private/{formatInstructions}/league/ruq1ttpmssyydj0hxwfn', 'jerseyNumber': 85, 'lastName': 'Kmet', 'position': 'TE', 'positionGroup': 'TE', 'shortName': 'C.Kmet', 'smartId': '32004b4d-4520-0895-f027-61d779beeff4', 'status': 'ACT', 'uniformNumber': '85', 'currentTeamId': '0810', 'ngsPosition': 'TE', 'ngsPositionGroup': 'TE'}",Cole Kmet,TE,810,2023,cole kmet,CHI,3/10/1999,11359.62658
6.725047619,3.380739785,12.45589286,2.818321511,3.582469136,0.201729351,72.32142857,30.35068215,7,81,112,1066,"{'season': 2023, 'displayName': 'DeVonta Smith', 'esbId': 'SMI206016', 'firstName': 'DeVonta', 'footballName': 'DeVonta', 'gsisId': '00-0036912', 'gsisItId': 53439, 'headshot': 'https://static.www.nfl.com/image/private/{formatInstructions}/league/f8nowzare3wd2qw4jx7d', 'jerseyNumber': 6, 'lastName': 'Smith', 'position': 'WR', 'positionGroup': 'WR', 'shortName': 'D.Smith', 'smartId': '3200534d-4920-6016-573c-fcc767bafc4d', 'status': 'ACT', 'uniformNumber': '6', 'currentTeamId': '3700', 'ngsPosition': 'WR', 'ngsPositionGroup': 'WR'}",DeVonta Smith,WR,3700,2023,devonta smith,PHI,11/14/1998,18999.32126
6.723269231,3.851183452,12.26727273,3.115844785,6.909090909,3.057907457,60,13.32759169,2,33,55,567,"{'season': 2023, 'displayName': 'Noah Brown', 'esbId': 'BRO567406', 'firstName': 'Noah', 'footballName': 'Noah', 'gsisId': '00-0033591', 'gsisItId': 45052, 'headshot': 'https://static.www.nfl.com/image/upload/{formatInstructions}/league/skdu8rnw7nwgxdkaonyi', 'jerseyNumber': 85, 'lastName': 'Brown', 'position': 'WR', 'positionGroup': 'WR', 'shortName': 'N.Brown', 'smartId': '32004252-4f56-7406-27bf-fae9f5eeb8ad', 'status': 'ACT', 'uniformNumber': '85', 'currentTeamId': '2120', 'ngsPosition': 'WR', 'ngsPositionGroup': 'WR'}",Noah Brown,WR,2120,2023,noah brown,HOU,1/6/1996,17664.30932
6.708163265,5.044273468,10.00192308,3.422396921,6.176111111,1.131837643,69.23076923,24.38241147,4,72,104,1014,"{'season': 2023, 'displayName': 'Jaylen Waddle', 'esbId': 'WAD088683', 'firstName': 'Jaylen', 'footballName': 'Jaylen', 'gsisId': '00-0036613', 'gsisItId': 53435, 'headshot': 'https://static.www.nfl.com/image/private/{formatInstructions}/league/qjsz2h6shbdnksctzeka', 'jerseyNumber': 17, 'lastName': 'Waddle', 'position': 'WR', 'positionGroup': 'WR', 'shortName': 'J.Waddle', 'smartId': '32005741-4408-8683-c826-c882ad6fd5c2', 'status': 'ACT', 'uniformNumber': '17', 'currentTeamId': '2700', 'ngsPosition': 'WR', 'ngsPositionGroup': 'WR'}",Jaylen Waddle,WR,2700,2023,jaylen waddle,MIA,11/25/1998,22248.43637
6.702364865,4.702549366,7.657134146,3.214389652,5.752268908,1.049719542,72.56097561,31.26979621,10,119,164,1515,"{'season': 2023, 'displayName': 'Amon-Ra St. Brown', 'esbId': 'STB415291', 'firstName': 'Amon-Ra', 'footballName': 'Amon-Ra', 'gsisId': '00-0036963', 'gsisItId': 53541, 'headshot': 'https://static.www.nfl.com/image/private/{formatInstructions}/league/ubbam2rpn7xfbhvzvjyn', 'jerseyNumber': 14, 'lastName': 'St. Brown', 'position': 'WR', 'positionGroup': 'WR', 'shortName': 'A.St. Brown', 'smartId': '32005354-4241-5291-a564-57e98d35161d', 'status': 'ACT', 'uniformNumber': '14', 'currentTeamId': '1540', 'ngsPosition': 'WR', 'ngsPositionGroup': 'WR'}",Amon-Ra St. Brown,WR,1540,2023,amon-ra st brown,DET,10/24/1999,18231.83526
6.693934426,1.986834656,13.43,2.479010574,1.904117647,-0.082717009,53.125,17.47265324,2,34,64,321,"{'season': 2023, 'displayName': 'Zay Jones', 'esbId': 'JON403726', 'firstName': 'Isaiah', 'footballName': 'Zay', 'gsisId': '00-0033891', 'gsisItId': 44849, 'headshot': 'https://static.www.nfl.com/image/private/{formatInstructions}/league/pbmcmjxxjcrandbjmey7', 'jerseyNumber': 7, 'lastName': 'Jones', 'position': 'WR', 'positionGroup': 'WR', 'shortName': 'Z.Jones', 'smartId': '32004a4f-4e40-3726-920b-837ea00d253e', 'status': 'ACT', 'uniformNumber': '7', 'currentTeamId': '2250', 'ngsPosition': 'WR', 'ngsPositionGroup': 'WR'}",Zay Jones,WR,2250,2023,zay jones,JAX,3/30/1995,10107.54242
6.691276596,2.302662039,7.605,2.572043831,2.18,-0.122662039,68.75,10.02532146,0,33,48,273,"{'season': 2023, 'displayName': 'Allen Robinson', 'esbId': 'ROB365982', 'firstName': 'Allen', 'footballName': 'Allen', 'gsisId': '00-0031428', 'gsisItId': 41290, 'headshot': 'https://static.www.nfl.com/image/private/{formatInstructions}/league/tucplhxtb3c626iekuzv', 'jerseyNumber': 11, 'lastName': 'Robinson', 'position': 'WR', 'positionGroup': 'WR', 'shortName': 'A.Robinson', 'smartId': '3200524f-4236-5982-45ce-8ca18ca03af8', 'status': 'ACT', 'uniformNumber': '11', 'currentTeamId': '3900', 'ngsPosition': 'SLOT_WR', 'ngsPositionGroup': 'WR'}",Allen Robinson,WR,3900,2023,allen robinson,PIT,8/24/1993,16799.86463
6.682815534,4.95582792,6.757603306,3.659598831,5.156021505,0.200193586,76.85950413,20.94151936,5,93,121,984,"{'season': 2023, 'displayName': 'Travis Kelce', 'esbId': 'KEL012458', 'firstName': 'Travis', 'footballName': 'Travis', 'gsisId': '00-0030506', 'gsisItId': 40011, 'headshot': 'https://static.www.nfl.com/image/private/{formatInstructions}/league/ryzr3vbragwe50vtj9af', 'jerseyNumber': 87, 'lastName': 'Kelce', 'position': 'TE', 'positionGroup': 'TE', 'shortName': 'T.Kelce', 'smartId': '32004b45-4c01-2458-b7b6-3a14cdb414dd', 'status': 'ACT', 'uniformNumber': '87', 'currentTeamId': '2310', 'ngsPosition': 'SLOT_WR', 'ngsPositionGroup': 'WR'}",Travis Kelce,TE,2310,2023,travis kelce,KC,10/5/1989,18143.28855
6.660144928,4.680573923,5.50313253,2.905875218,5.530508475,0.849934552,71.08433735,9.937190931,3,59,83,592,"{'season': 2023, 'displayName': 'Dallas Goedert', 'esbId': 'GOE595520', 'firstName': 'Dallas', 'footballName': 'Dallas', 'gsisId': '00-0034351', 'gsisItId': 46118, 'headshot': 'https://static.www.nfl.com/image/private/{formatInstructions}/league/flzasty1ea7iswbtd0e5', 'jerseyNumber': 88, 'lastName': 'Goedert', 'position': 'TE', 'positionGroup': 'TE', 'shortName': 'D.Goedert', 'smartId': '3200474f-4559-5520-b7af-5e002aedafbb', 'status': 'ACT', 'uniformNumber': '88', 'currentTeamId': '3700', 'ngsPosition': 'TE', 'ngsPositionGroup': 'TE'}",Dallas Goedert,TE,3700,2023,dallas goedert,PHI,1/3/1995,18999.32126
6.647090909,5.325441756,6.078571429,3.886262934,7.592,2.266558244,71.42857143,10.22278708,3,50,70,582,"{'season': 2023, 'displayName': 'Jonnu Smith', 'esbId': 'SMI443054', 'firstName': 'Jonnu', 'footballName': 'Jonnu', 'gsisId': '00-0033858', 'gsisItId': 44912, 'headshot': 'https://static.www.nfl.com/image/private/{formatInstructions}/league/hbnnjc8knqoc95vzyol4', 'jerseyNumber': 81, 'lastName': 'Smith', 'position': 'TE', 'positionGroup': 'TE', 'shortName': 'J.Smith', 'smartId': '3200534d-4944-3054-540c-5ec35eb5903e', 'status': 'ACT', 'uniformNumber': '81', 'currentTeamId': '0200', 'ngsPosition': 'SLOT_WR', 'ngsPositionGroup': 'WR'}",Jonnu Smith,TE,200,2023,jonnu smith,ATL,8/22/1995,10192.44223
6.61875,2.863889601,11.21507463,2.612631788,2.667692308,-0.196197293,58.20895522,17.51175164,3,39,67,483,"{'season': 2023, 'displayName': 'Tutu Atwell', 'esbId': 'ATW460468', 'firstName': 'Chatarius', 'footballName': 'Tutu', 'gsisId': '00-0036849', 'gsisItId': 53486, 'headshot': 'https://static.www.nfl.com/image/private/{formatInstructions}/league/h0kk3mtoa4xwdw21lty9', 'jerseyNumber': 5, 'lastName': 'Atwell', 'position': 'WR', 'positionGroup': 'WR', 'shortName': 'T.Atwell', 'smartId': '32004154-5746-0468-3028-a14cc41f9cf3', 'status': 'ACT', 'uniformNumber': '5', 'currentTeamId': '2510', 'ngsPosition': 'WR', 'ngsPositionGroup': 'WR'}",Tutu Atwell,WR,2510,2023,tutu atwell,LA,10/7/1999,30181.89015
6.60375,4.107798484,14.51986667,2.821496012,3.552826087,-0.554972397,61.33333333,22.1063102,5,46,75,719,"{'season': 2023, 'displayName': 'Rashid Shaheed', 'esbId': 'SHA089447', 'firstName': 'Rashid', 'footballName': 'Rashid', 'gsisId': '00-0037545', 'gsisItId': 55133, 'headshot': 'https://static.www.nfl.com/image/private/{formatInstructions}/league/y96n1bum9eowfxmt1nbg', 'jerseyNumber': 22, 'lastName': 'Shaheed', 'position': 'WR', 'positionGroup': 'WR', 'shortName': 'R.Shaheed', 'smartId': '32005348-4108-9447-3491-eb73ad07ef30', 'status': 'ACT', 'uniformNumber': '22', 'currentTeamId': '3300', 'ngsPosition': 'WR', 'ngsPositionGroup': 'WR'}",Rashid Shaheed,WR,3300,2023,rashid shaheed,NO,8/31/1998,15323.18852
6.581647059,5.308712974,9.965851064,3.444667962,5.59359375,0.284880776,68.08510638,19.45404328,8,64,94,793,"{'season': 2023, 'displayName': 'Jayden Reed', 'esbId': 'REE263142', 'firstName': 'Jayden', 'footballName': 'Jayden', 'gsisId': '00-0039146', 'gsisItId': 55915, 'lastName': 'Reed', 'position': 'WR', 'positionGroup': 'WR', 'shortName': 'J.Reed', 'status': 'ACT', 'headshot': 'https://static.www.nfl.com/image/private/{formatInstructions}/league/hotj0rhtzqtfckgt7xue', 'smartId': '32005245-4526-3142-e96f-a871c08a1138', 'currentTeamId': '1800', 'jerseyNumber': 11, 'uniformNumber': '11', 'ngsPosition': 'SLOT_WR', 'ngsPositionGroup': 'WR'}",Jayden Reed,WR,1800,2023,jayden reed,GB,4/28/2000,17450.51153
6.579358974,2.754841859,12.15658228,2.436500004,4.522075472,1.767233612,67.08860759,41.78728459,7,106,158,1456,"{'season': 2023, 'displayName': 'A.J. Brown', 'esbId': 'BRO413223', 'firstName': 'Arthur', 'footballName': 'A.J.', 'gsisId': '00-0035676', 'gsisItId': 47834, 'headshot': 'https://static.www.nfl.com/image/private/{formatInstructions}/league/a014sgzctarbvhwb35lw', 'jerseyNumber': 11, 'lastName': 'Brown', 'position': 'WR', 'positionGroup': 'WR', 'shortName': 'A.Brown', 'smartId': '32004252-4f41-3223-e4c5-1e30dffa87f8', 'status': 'ACT', 'uniformNumber': '11', 'currentTeamId': '3700', 'ngsPosition': 'WR', 'ngsPositionGroup': 'WR'}",A.J. Brown,WR,3700,2023,aj brown,PHI,6/30/1997,18999.32126
6.570744681,3.517767339,12.5234,2.70572483,4.106176471,0.588409132,68,26.29071908,5,68,100,1074,"{'season': 2023, 'displayName': 'Justin Jefferson', 'esbId': 'JEF269287', 'firstName': 'Justin', 'footballName': 'Justin', 'gsisId': '00-0036322', 'gsisItId': 52430, 'headshot': 'https://static.www.nfl.com/image/private/{formatInstructions}/league/zdstmm4sloqnichybgja', 'jerseyNumber': 18, 'lastName': 'Jefferson', 'position': 'WR', 'positionGroup': 'WR', 'shortName': 'J.Jefferson', 'smartId': '32004a45-4626-9287-c454-479b942cbd26', 'status': 'ACT', 'uniformNumber': '18', 'currentTeamId': '3000', 'ngsPosition': 'WR', 'ngsPositionGroup': 'WR'}",Justin Jefferson,WR,3000,2023,justin jefferson,MIN,6/16/1999,13172.16087
6.568947368,3.671422199,14.375,2.370892185,4.55278481,0.881362611,58.08823529,41.25595362,13,79,136,1255,"{'season': 2023, 'displayName': 'Mike Evans', 'esbId': 'EVA534309', 'firstName': 'Mike', 'footballName': 'Mike', 'gsisId': '00-0031408', 'gsisItId': 41233, 'headshot': 'https://static.www.nfl.com/image/private/{formatInstructions}/league/w6eq27k2xs8vawwgkzbl', 'jerseyNumber': 13, 'lastName': 'Evans', 'position': 'WR', 'positionGroup': 'WR', 'shortName': 'M.Evans', 'smartId': '32004556-4153-4309-b2ed-6b8233f6fea5', 'status': 'ACT', 'uniformNumber': '13', 'currentTeamId': '4900', 'ngsPosition': 'WR', 'ngsPositionGroup': 'WR'}",Mike Evans,WR,4900,2023,mike evans,TB,8/21/1993,19867.48173
6.545,4.285543233,12.37746835,2.867353654,6.1712,1.885656767,63.29113924,27.50200397,4,50,79,770,"{'season': 2023, 'displayName': 'Darius Slayton', 'esbId': 'SLA500077', 'firstName': 'Darius', 'footballName': 'Darius', 'gsisId': '00-0035535', 'gsisItId': 47954, 'headshot': 'https://static.www.nfl.com/image/private/{formatInstructions}/league/emmy86blz71njkcr496b', 'jerseyNumber': 86, 'lastName': 'Slayton', 'position': 'WR', 'positionGroup': 'WR', 'shortName': 'D.Slayton', 'smartId': '3200534c-4150-0077-315f-47cff2877b23', 'status': 'ACT', 'uniformNumber': '86', 'currentTeamId': '3410', 'ngsPosition': 'WR', 'ngsPositionGroup': 'WR'}",Darius Slayton,WR,3410,2023,darius slayton,NYG,1/12/1997,22239.95067
6.5016,4.620845476,6.529552239,3.435768405,4.984680851,0.363835375,70.14925373,9.232048384,4,47,67,452,"{'season': 2023, 'displayName': 'Cade Otton', 'esbId': 'OTT712400', 'firstName': 'Cade', 'footballName': 'Cade', 'gsisId': '00-0038129', 'gsisItId': 54571, 'headshot': 'https://static.www.nfl.com/image/private/{formatInstructions}/league/vchmryh0myuq67t9ei1u', 'jerseyNumber': 88, 'lastName': 'Otton', 'position': 'TE', 'positionGroup': 'TE', 'shortName': 'C.Otton', 'smartId': '32004f54-5471-2400-c87d-346814f25b06', 'status': 'ACT', 'uniformNumber': '88', 'currentTeamId': '4900', 'ngsPosition': 'TE', 'ngsPositionGroup': 'TE'}",Cade Otton,TE,4900,2023,cade otton,TB,4/15/1999,19867.48173
6.501518987,3.238600484,15.0637037,2.810007578,4.312222222,1.073621738,55.55555556,26.057096,7,45,81,746,"{'season': 2023, 'displayName': 'Gabe Davis', 'esbId': 'DAV329675', 'firstName': 'Gabriel', 'footballName': 'Gabe', 'gsisId': '00-0036196', 'gsisItId': 52536, 'headshot': 'https://static.www.nfl.com/image/private/{formatInstructions}/league/q5ofnb6w7gokbggfmbxp', 'jerseyNumber': 13, 'lastName': 'Davis', 'position': 'WR', 'positionGroup': 'WR', 'shortName': 'G.Davis', 'smartId': '32004441-5632-9675-38f5-3e009da4e98e', 'status': 'ACT', 'uniformNumber': '13', 'currentTeamId': '0610', 'ngsPosition': 'WR', 'ngsPositionGroup': 'WR'}",Gabe Davis,WR,610,2023,gabe davis,BUF,3/1/1999,11686.28426
6.434134615,2.416709914,12.40814815,2.75939862,3.854285714,1.4375758,64.81481481,28.13266911,10,70,108,911,"{'season': 2023, 'displayName': 'Jordan Addison', 'esbId': 'ADD491056', 'firstName': 'Jordan', 'footballName': 'Jordan', 'gsisId': '00-0038994', 'gsisItId': 55887, 'lastName': 'Addison', 'position': 'WR', 'positionGroup': 'WR', 'shortName': 'J.Addison', 'status': 'ACT', 'headshot': 'https://static.www.nfl.com/image/private/{formatInstructions}/league/zhyhkz6wzwhioemhqgbk', 'smartId': '32004144-4449-1056-9ba9-b09766bad478', 'jerseyNumber': 3, 'uniformNumber': '3', 'currentTeamId': '3000', 'ngsPosition': 'WR', 'ngsPositionGroup': 'WR'}",Jordan Addison,WR,3000,2023,jordan addison,MIN,1/27/2002,13172.16087
6.417258065,3.946572772,6.296666667,3.277436874,4.364545455,0.417972682,70.51282051,11.02738773,4,55,78,496,"{'season': 2023, 'displayName': 'Logan Thomas', 'esbId': 'THO296280', 'firstName': 'Logan', 'footballName': 'Logan', 'gsisId': '00-0031260', 'gsisItId': 41349, 'headshot': 'https://static.www.nfl.com/image/private/{formatInstructions}/league/acm0ymhqdzqxdibwjphv', 'jerseyNumber': 82, 'lastName': 'Thomas', 'position': 'TE', 'positionGroup': 'TE', 'shortName': 'L.Thomas', 'smartId': '32005448-4f29-6280-e212-928e7f08f1ce', 'status': 'ACT', 'uniformNumber': '82', 'currentTeamId': '5110', 'ngsPosition': 'SLOT_WR', 'ngsPositionGroup': 'WR'}",Logan Thomas,TE,5110,2023,logan thomas,WAS,7/1/1991,17548.96461
6.416212121,3.640576881,10.15882353,3.070626675,3.075384615,-0.565192266,57.35294118,14.57780704,3,39,68,385,"{'season': 2023, 'displayName': 'Trey Palmer', 'esbId': 'PAL683280', 'firstName': 'Trey', 'footballName': 'Trey', 'gsisId': '00-0039052', 'gsisItId': 56056, 'lastName': 'Palmer', 'position': 'WR', 'positionGroup': 'WR', 'shortName': 'T.Palmer', 'status': 'ACT', 'headshot': 'https://static.www.nfl.com/image/private/{formatInstructions}/league/avexbxgxqa9zpznbebxs', 'smartId': '32005041-4c68-3280-9744-beeaa584121e', 'jerseyNumber': 10, 'uniformNumber': '10', 'currentTeamId': '4900', 'ngsPosition': 'SLOT_WR', 'ngsPositionGroup': 'WR'}",Trey Palmer,WR,4900,2023,trey palmer,TB,4/2/2001,19867.48173
6.401,1.867089416,16.26811321,2.913774136,3.706071429,1.838982012,52.83018868,17.90526228,5,28,53,422,"{'season': 2023, 'displayName': 'Christian Watson', 'esbId': 'WAT316591', 'firstName': 'Christian', 'footballName': 'Christian', 'gsisId': '00-0038124', 'gsisItId': 54499, 'headshot': 'https://static.www.nfl.com/image/private/{formatInstructions}/league/tpoxhwuhwmbxfossd66s', 'jerseyNumber': 9, 'lastName': 'Watson', 'position': 'WR', 'positionGroup': 'WR', 'shortName': 'C.Watson', 'smartId': '32005741-5431-6591-b680-d3a3d3536d62', 'status': 'ACT', 'uniformNumber': '9', 'currentTeamId': '1800', 'ngsPosition': 'WR', 'ngsPositionGroup': 'WR'}",Christian Watson,WR,1800,2023,christian watson,GB,5/12/1999,17450.51153
6.395348837,4.307464917,9.39,3.579946572,4.26,-0.047464917,77.77777778,10.32596875,4,35,45,381,"{'season': 2023, 'displayName': 'Nelson Agholor', 'esbId': 'AGH474619', 'firstName': 'Nelson', 'footballName': 'Nelson', 'gsisId': '00-0031549', 'gsisItId': 42363, 'headshot': 'https://static.www.nfl.com/image/private/{formatInstructions}/league/lfc8g0z3wmxowwggvzqh', 'jerseyNumber': 15, 'lastName': 'Agholor', 'position': 'WR', 'positionGroup': 'WR', 'shortName': 'N.Agholor', 'smartId': '32004147-4847-4619-b8a1-bb6c688fe5ac', 'status': 'ACT', 'uniformNumber': '15', 'currentTeamId': '0325', 'ngsPosition': 'SLOT_WR', 'ngsPositionGroup': 'WR'}",Nelson Agholor,WR,325,2023,nelson agholor,BAL,5/24/1993,17936.40421
6.391794872,4.64075474,8.0102,3.503700411,4.546666667,-0.094088073,60,9.739531785,1,30,50,368,"{'season': 2023, 'displayName': 'Kylen Granson', 'esbId': 'GRA367521', 'firstName': 'Kylen', 'footballName': 'Kylen', 'gsisId': '00-0036876', 'gsisItId': 53556, 'headshot': 'https://static.www.nfl.com/image/private/{formatInstructions}/league/vqpymhfwmfrtlzfpv60p', 'jerseyNumber': 83, 'lastName': 'Granson', 'position': 'TE', 'positionGroup': 'TE', 'shortName': 'K.Granson', 'smartId': '32004752-4136-7521-12e0-76f6488826b0', 'status': 'ACT', 'uniformNumber': '83', 'currentTeamId': '2200', 'ngsPosition': 'TE', 'ngsPositionGroup': 'TE'}",Kylen Granson,TE,2200,2023,kylen granson,IND,3/27/1998,8154.329166
6.368977273,3.186886053,12.70655556,2.919238759,3.080508475,-0.106377578,65.55555556,32.04859457,10,59,90,772,"{'season': 2023, 'displayName': 'Courtland Sutton', 'esbId': 'SUT333526', 'firstName': 'Courtland', 'footballName': 'Courtland', 'gsisId': '00-0034348', 'gsisItId': 46109, 'headshot': 'https://static.www.nfl.com/image/private/{formatInstructions}/league/uusaguvnkfv2gt7goale', 'jerseyNumber': 14, 'lastName': 'Sutton', 'position': 'WR', 'positionGroup': 'WR', 'shortName': 'C.Sutton', 'smartId': '32005355-5433-3526-b2bf-88d6b83781c0', 'status': 'ACT', 'uniformNumber': '14', 'currentTeamId': '1400', 'ngsPosition': 'WR', 'ngsPositionGroup': 'WR'}",Courtland Sutton,WR,1400,2023,courtland sutton,DEN,10/10/1995,16113.31201
6.355957447,6.544876055,4.994411765,4.15430767,8.406455696,1.861579641,77.45098039,13.04711951,7,79,102,938,"{'season': 2023, 'displayName': 'Rashee Rice', 'esbId': 'RIC152916', 'firstName': 'Rashee', 'footballName': 'Rashee', 'gsisId': '00-0039067', 'gsisItId': 55920, 'lastName': 'Rice', 'position': 'WR', 'positionGroup': 'WR', 'shortName': 'R.Rice', 'status': 'ACT', 'headshot': 'https://static.www.nfl.com/image/private/{formatInstructions}/league/zjgi60dvmj5ogvanp201', 'smartId': '32005249-4315-2916-ce74-9a69e469f940', 'currentTeamId': '2310', 'jerseyNumber': 4, 'uniformNumber': '4', 'ngsPosition': 'WR', 'ngsPositionGroup': 'WR'}",Rashee Rice,WR,2310,2023,rashee rice,KC,4/22/2000,18143.28855
6.32787037,2.754265737,11.36718182,2.223936376,3.037101449,0.282835712,62.72727273,30.04105933,2,69,110,905,"{'season': 2023, 'displayName': 'Drake London', 'esbId': 'LON013463', 'firstName': 'Drake', 'footballName': 'Drake', 'gsisId': '00-0037238', 'gsisItId': 54473, 'headshot': 'https://static.www.nfl.com/image/private/{formatInstructions}/league/rrwzcsvsfqq9xptp8o48', 'jerseyNumber': 5, 'lastName': 'London', 'position': 'WR', 'positionGroup': 'WR', 'shortName': 'D.London', 'smartId': '32004c4f-4e01-3463-a3e9-f95e800c8bba', 'status': 'ACT', 'uniformNumber': '5', 'currentTeamId': '0200', 'ngsPosition': 'WR', 'ngsPositionGroup': 'WR'}",Drake London,WR,200,2023,drake london,ATL,7/24/2001,10192.44223
6.305203252,4.513196069,7.635036496,2.887600371,3.442135922,-1.071060146,75.18248175,26.34946545,4,103,137,1014,"{'season': 2023, 'displayName': 'Adam Thielen', 'esbId': 'THI510348', 'firstName': 'Adam', 'footballName': 'Adam', 'gsisId': '00-0030035', 'gsisItId': 40488, 'headshot': 'https://static.www.nfl.com/image/private/{formatInstructions}/league/kmldtl8p9h7h5dzvkwsw', 'jerseyNumber': 19, 'lastName': 'Thielen', 'position': 'WR', 'positionGroup': 'WR', 'shortName': 'A.Thielen', 'smartId': '32005448-4951-0348-440c-28f32f21652b', 'status': 'ACT', 'uniformNumber': '19', 'currentTeamId': '0750', 'ngsPosition': 'SLOT_WR', 'ngsPositionGroup': 'WR'}",Adam Thielen,WR,750,2023,adam thielen,CAR,8/22/1990,12156.88602
6.304736842,3.798399178,5.1112,3.06839333,4.068205128,0.269805951,78,6.8120995,1,39,50,352,"{'season': 2023, 'displayName': 'Tanner Hudson', 'esbId': 'HUD753368', 'firstName': 'Tanner', 'footballName': 'Tanner', 'gsisId': '00-0034613', 'gsisItId': 46797, 'headshot': 'https://static.www.nfl.com/image/private/{formatInstructions}/league/dcrfuiyknwrwxsjsjf9q', 'jerseyNumber': 87, 'lastName': 'Hudson', 'position': 'TE', 'positionGroup': 'TE', 'shortName': 'T.Hudson', 'smartId': '32004855-4475-3368-5306-edfb2fda948f', 'status': 'ACT', 'uniformNumber': '87', 'currentTeamId': '0920', 'ngsPosition': 'SLOT_WR', 'ngsPositionGroup': 'WR'}",Tanner Hudson,TE,920,2023,tanner hudson,CIN,11/12/1994,11815.93203
6.304693878,2.301296873,12.02795918,2.209960658,2.414347826,0.113050953,46.93877551,15.38921499,1,23,49,311,"{'season': 2023, 'displayName': 'Allen Lazard', 'esbId': 'LAZ043714', 'firstName': 'Allen', 'footballName': 'Allen', 'gsisId': '00-0034521', 'gsisItId': 46705, 'headshot': 'https://static.www.nfl.com/image/private/{formatInstructions}/league/blrzk3bfnpneuyhsqiqg', 'jerseyNumber': 10, 'lastName': 'Lazard', 'position': 'WR', 'positionGroup': 'WR', 'shortName': 'A.Lazard', 'smartId': '32004c41-5a04-3714-cfb7-872b20b0ce13', 'status': 'ACT', 'uniformNumber': '10', 'currentTeamId': '3430', 'ngsPosition': 'WR', 'ngsPositionGroup': 'WR'}",Allen Lazard,WR,3430,2023,allen lazard,NYJ,12/11/1995,14340.10044
6.301454545,2.811186537,12.61789474,2.648813239,3.981081081,1.169894544,64.9122807,18.30108933,3,37,57,561,"{'season': 2023, 'displayName': 'Michael Wilson', 'esbId': 'WIL752419', 'firstName': 'Michael', 'footballName': 'Michael', 'gsisId': '00-0038559', 'gsisItId': 55959, 'lastName': 'Wilson', 'position': 'WR', 'positionGroup': 'WR', 'shortName': 'M.Wilson', 'status': 'ACT', 'headshot': 'https://static.www.nfl.com/image/private/{formatInstructions}/league/o5sshsrygioektzjsahk', 'smartId': '32005749-4c75-2419-b58e-7c21d98d871e', 'currentTeamId': '3800', 'jerseyNumber': 14, 'uniformNumber': '14', 'ngsPosition': 'WR', 'ngsPositionGroup': 'WR'}",Michael Wilson,WR,3800,2023,michael wilson,ARI,2/23/2000,24422.64928
6.290930233,4.314998609,13.26065217,2.956217436,4.053793103,-0.261205505,63.04347826,37.1480771,5,87,138,1123,"{'season': 2023, 'displayName': 'Chris Olave', 'esbId': 'OLA659325', 'firstName': 'Chris', 'footballName': 'Chris', 'gsisId': '00-0037239', 'gsisItId': 54476, 'headshot': 'https://static.www.nfl.com/image/private/{formatInstructions}/league/vtfhbyz1ofg6cgxxulw4', 'jerseyNumber': 12, 'lastName': 'Olave', 'position': 'WR', 'positionGroup': 'WR', 'shortName': 'C.Olave', 'smartId': '32004f4c-4165-9325-c259-01a521202e2f', 'status': 'ACT', 'uniformNumber': '12', 'currentTeamId': '3300', 'ngsPosition': 'WR', 'ngsPositionGroup': 'WR'}",Chris Olave,WR,3300,2023,chris olave,NO,6/27/2000,15323.18852
6.277875,3.028386969,11.44866667,2.374324591,2.841886792,-0.186500177,58.88888889,24.75524173,3,53,90,667,"{'season': 2023, 'displayName': 'Kyle Pitts', 'esbId': 'PIT516805', 'firstName': 'Kyle', 'footballName': 'Kyle', 'gsisId': '00-0036970', 'gsisItId': 53433, 'headshot': 'https://static.www.nfl.com/image/private/{formatInstructions}/league/bimlwqd3sdzuhddiqgff', 'jerseyNumber': 8, 'lastName': 'Pitts', 'position': 'TE', 'positionGroup': 'TE', 'shortName': 'K.Pitts', 'smartId': '32005049-5451-6805-5aec-d4afcbd52e25', 'status': 'ACT', 'uniformNumber': '8', 'currentTeamId': '0200', 'ngsPosition': 'SLOT_WR', 'ngsPositionGroup': 'WR'}",Kyle Pitts,TE,200,2023,kyle pitts,ATL,10/6/2000,10192.44223
6.275075758,4.328296014,11.48882353,2.737857989,5.9040625,1.575766486,70.58823529,41.50476282,8,96,136,1364,"{'season': 2023, 'displayName': 'D.J. Moore', 'esbId': 'MOO272423', 'firstName': 'Denniston', 'footballName': 'D.J.', 'gsisId': '00-0034827', 'gsisItId': 46093, 'headshot': 'https://static.www.nfl.com/image/private/{formatInstructions}/league/fuhd1intilojmnbx7wjq', 'jerseyNumber': 2, 'lastName': 'Moore', 'position': 'WR', 'positionGroup': 'WR', 'shortName': 'D.Moore', 'smartId': '32004d4f-4f27-2423-f0b4-728a741b03cb', 'status': 'ACT', 'uniformNumber': '2', 'currentTeamId': '0810', 'ngsPosition': 'WR', 'ngsPositionGroup': 'WR'}",D.J. Moore,WR,810,2023,dj moore,CHI,4/14/1997,11359.62658
6.261833333,4.53878268,7.649459459,2.943662682,4.318461538,-0.220321142,70.27027027,15.92091015,1,52,74,552,"{'season': 2023, 'displayName': 'Darren Waller', 'esbId': 'WAL509040', 'firstName': 'Darren', 'footballName': 'Darren', 'gsisId': '00-0031610', 'gsisItId': 42547, 'headshot': 'https://static.www.nfl.com/image/private/{formatInstructions}/league/qqzht46a66zbi9xyylf4', 'jerseyNumber': 12, 'lastName': 'Waller', 'position': 'TE', 'positionGroup': 'TE', 'shortName': 'D.Waller', 'smartId': '32005741-4c50-9040-67d6-042691fb535a', 'status': 'ACT', 'uniformNumber': '12', 'currentTeamId': '3410', 'ngsPosition': 'SLOT_WR', 'ngsPositionGroup': 'WR'}",Darren Waller,TE,3410,2023,darren waller,NYG,9/13/1992,22239.95067
6.260967742,5.374312894,5.528285714,3.678278589,5.460851064,0.08653817,67.14285714,9.01864182,2,47,70,495,"{'season': 2023, 'displayName': 'Tyler Higbee', 'esbId': 'HIG033222', 'firstName': 'Tyler', 'footballName': 'Tyler', 'gsisId': '00-0033110', 'gsisItId': 43399, 'headshot': 'https://static.www.nfl.com/image/private/{formatInstructions}/league/vk9c6lr4d1pdt9sr86ua', 'jerseyNumber': 89, 'lastName': 'Higbee', 'position': 'TE', 'positionGroup': 'TE', 'shortName': 'T.Higbee', 'smartId': '32004849-4703-3222-e4e8-bd596550bfdb', 'status': 'ACT', 'uniformNumber': '89', 'currentTeamId': '2510', 'ngsPosition': 'TE', 'ngsPositionGroup': 'TE'}",Tyler Higbee,TE,2510,2023,tyler higbee,LA,1/1/1993,30181.89015
6.241076923,3.408733893,15.01492308,2.153158271,3.37125,-0.037483893,49.23076923,23.73346692,2,32,65,514,"{'season': 2023, 'displayName': 'Alec Pierce', 'esbId': 'PIE185673', 'firstName': 'Alec', 'footballName': 'Alec', 'gsisId': '00-0037664', 'gsisItId': 54518, 'headshot': 'https://static.www.nfl.com/image/private/{formatInstructions}/league/ya4sqdf9lzrm4ql8eywi', 'jerseyNumber': 14, 'lastName': 'Pierce', 'position': 'WR', 'positionGroup': 'WR', 'shortName': 'A.Pierce', 'smartId': '32005049-4518-5673-88cc-339d3b35d4c9', 'status': 'ACT', 'uniformNumber': '14', 'currentTeamId': '2200', 'ngsPosition': 'WR', 'ngsPositionGroup': 'WR'}",Alec Pierce,WR,2200,2023,alec pierce,IND,5/2/2000,8154.329166
6.225844156,2.545869623,13.360875,2.630746862,2.42037037,-0.125499252,66.66666667,22.29520438,8,54,81,657,"{'season': 2023, 'displayName': 'Brandin Cooks', 'esbId': 'COO299382', 'firstName': 'Brandin', 'footballName': 'Brandin', 'gsisId': '00-0031236', 'gsisItId': 41246, 'headshot': 'https://static.www.nfl.com/image/private/{formatInstructions}/league/wy6qidqm8jjp6buvu3lp', 'jerseyNumber': 3, 'lastName': 'Cooks', 'position': 'WR', 'positionGroup': 'WR', 'shortName': 'B.Cooks', 'smartId': '3200434f-4f29-9382-29e1-70020b0a09be', 'status': 'ACT', 'uniformNumber': '3', 'currentTeamId': '1200', 'ngsPosition': 'WR', 'ngsPositionGroup': 'WR'}",Brandin Cooks,WR,1200,2023,brandin cooks,DAL,9/25/1993,21444.55959
6.220818182,4.309112906,4.732657343,3.385566452,4.796666667,0.487553761,79.72027972,13.75764093,4,114,143,963,"{'season': 2023, 'displayName': 'Evan Engram', 'esbId': 'ENG726325', 'firstName': 'Evan', 'footballName': 'Evan', 'gsisId': '00-0033881', 'gsisItId': 44835, 'headshot': 'https://static.www.nfl.com/image/private/{formatInstructions}/league/adr65rbw956sxntlph8a', 'jerseyNumber': 17, 'lastName': 'Engram', 'position': 'TE', 'positionGroup': 'TE', 'shortName': 'E.Engram', 'smartId': '3200454e-4772-6325-a4a0-9b4b442fe68a', 'status': 'ACT', 'uniformNumber': '17', 'currentTeamId': '2250', 'ngsPosition': 'SLOT_WR', 'ngsPositionGroup': 'WR'}",Evan Engram,TE,2250,2023,evan engram,JAX,9/2/1994,10107.54242
6.173452381,4.364936337,10.28376471,2.76853597,3.695813953,-0.669122383,50.58823529,22.01968905,0,43,85,418,"{'season': 2023, 'displayName': 'Jonathan Mingo', 'esbId': 'MIN170999', 'firstName': 'Jonathan', 'footballName': 'Jonathan', 'gsisId': '00-0039062', 'gsisItId': 55904, 'lastName': 'Mingo', 'position': 'WR', 'positionGroup': 'WR', 'shortName': 'J.Mingo', 'status': 'ACT', 'headshot': 'https://static.www.nfl.com/image/private/{formatInstructions}/league/ie1yo3orpq0mqemptnko', 'smartId': '32004d49-4e17-0999-c137-d684c1d1ab38', 'jerseyNumber': 15, 'uniformNumber': '15', 'currentTeamId': '0750', 'ngsPosition': 'WR', 'ngsPositionGroup': 'WR'}",Jonathan Mingo,WR,750,2023,jonathan mingo,CAR,4/20/2001,12156.88602
6.135444444,3.419008793,6.739693878,3.093340407,4.486567164,1.067558371,68.36734694,17.60574268,2,67,98,667,"{'season': 2023, 'displayName': 'Tyler Boyd', 'esbId': 'BOY378353', 'firstName': 'Tyler', 'footballName': 'Tyler', 'gsisId': '00-0033009', 'gsisItId': 43344, 'headshot': 'https://static.www.nfl.com/image/private/{formatInstructions}/league/vconwllovf9jqxpu9mow', 'jerseyNumber': 83, 'lastName': 'Boyd', 'position': 'WR', 'positionGroup': 'WR', 'shortName': 'T.Boyd', 'smartId': '3200424f-5937-8353-b941-dfa7122ba16b', 'status': 'ACT', 'uniformNumber': '83', 'currentTeamId': '0920', 'ngsPosition': 'SLOT_WR', 'ngsPositionGroup': 'WR'}",Tyler Boyd,WR,920,2023,tyler boyd,CIN,11/15/1994,11815.93203
6.134736842,2.907045147,10.86210526,2.3062135,3.130588235,0.223543088,59.64912281,12.91443566,2,34,57,418,"{'season': 2023, 'displayName': 'Michael Gallup', 'esbId': 'GAL779981', 'firstName': 'Michael', 'footballName': 'Michael', 'gsisId': '00-0034764', 'gsisItId': 46150, 'headshot': 'https://static.www.nfl.com/image/private/{formatInstructions}/league/tt9xpcg4x2z3osc1fcq6', 'jerseyNumber': 13, 'lastName': 'Gallup', 'position': 'WR', 'positionGroup': 'WR', 'shortName': 'M.Gallup', 'smartId': '32004741-4c77-9981-95e1-30b1c57c6002', 'status': 'ACT', 'uniformNumber': '13', 'currentTeamId': '1200', 'ngsPosition': 'WR', 'ngsPositionGroup': 'WR'}",Michael Gallup,WR,1200,2023,michael gallup,DAL,3/4/1996,21444.55959
6.089431818,5.090553474,6.937244898,3.252041623,5.655147059,0.564593584,69.3877551,16.53247281,2,68,98,771,"{'season': 2023, 'displayName': 'Josh Downs', 'esbId': 'DOW686145', 'firstName': 'Joshua', 'footballName': 'Josh', 'gsisId': '00-0038997', 'gsisItId': 55944, 'lastName': 'Downs', 'position': 'WR', 'positionGroup': 'WR', 'shortName': 'J.Downs', 'status': 'ACT', 'headshot': 'https://static.www.nfl.com/image/private/{formatInstructions}/league/wdrwbumtvwv8s9te8wof', 'smartId': '3200444f-5768-6145-dd60-3fbae406310a', 'currentTeamId': '2200', 'jerseyNumber': 1, 'uniformNumber': '1', 'ngsPosition': 'SLOT_WR', 'ngsPositionGroup': 'WR'}",Josh Downs,WR,2200,2023,josh downs,IND,8/12/2001,8154.329166
6.078208955,3.221525688,13.08089552,2.384421087,3.890526316,0.669000628,56.71641791,18.60049535,2,38,67,431,"{'season': 2023, 'displayName': 'Quentin Johnston', 'esbId': 'JOH823261', 'firstName': 'Quentin', 'footballName': 'Quentin', 'gsisId': '00-0038544', 'gsisItId': 55885, 'lastName': 'Johnston', 'position': 'WR', 'positionGroup': 'WR', 'shortName': 'Q.Johnston', 'status': 'ACT', 'headshot': 'https://static.www.nfl.com/image/private/{formatInstructions}/league/eamj83siagr6rba0epv0', 'smartId': '32004a4f-4882-3261-dcd8-a43c8f7c5608', 'jerseyNumber': 1, 'uniformNumber': '1', 'currentTeamId': '4400', 'ngsPosition': 'WR', 'ngsPositionGroup': 'WR'}",Quentin Johnston,WR,4400,2023,quentin johnston,LAC,9/6/2001,25103.14906
6.069625,4.485807715,9.938823529,3.128742818,4.696666667,0.210858952,67.05882353,17.17341942,3,57,85,787,"{'season': 2023, 'displayName': 'Christian Kirk', 'esbId': 'KIR257918', 'firstName': 'Christian', 'footballName': 'Christian', 'gsisId': '00-0034775', 'gsisItId': 46116, 'headshot': 'https://static.www.nfl.com/image/private/{formatInstructions}/league/ersmmtjmjlpsy9lmjvde', 'jerseyNumber': 13, 'lastName': 'Kirk', 'position': 'WR', 'positionGroup': 'WR', 'shortName': 'C.Kirk', 'smartId': '32004b49-5225-7918-e402-81feed3bdafb', 'status': 'ACT', 'uniformNumber': '13', 'currentTeamId': '2250', 'ngsPosition': 'SLOT_WR', 'ngsPositionGroup': 'WR'}",Christian Kirk,WR,2250,2023,christian kirk,JAX,11/18/1996,10107.54242
6.06556962,4.331444573,5.867582418,3.829743969,4.487123288,0.155678715,80.21978022,11.40275571,2,73,91,673,"{'season': 2023, 'displayName': 'Dalton Kincaid', 'esbId': 'KIN069130', 'firstName': 'Dalton', 'footballName': 'Dalton', 'gsisId': '00-0038933', 'gsisItId': 55889, 'lastName': 'Kincaid', 'position': 'TE', 'positionGroup': 'TE', 'shortName': 'D.Kincaid', 'status': 'ACT', 'headshot': 'https://static.www.nfl.com/image/private/{formatInstructions}/league/gc2do3ceqflw2axa6xii', 'smartId': '32004b49-4e06-9130-e563-7edd228031c8', 'jerseyNumber': 86, 'uniformNumber': '86', 'currentTeamId': '0610', 'ngsPosition': 'SLOT_WR', 'ngsPositionGroup': 'WR'}",Dalton Kincaid,TE,610,2023,dalton kincaid,BUF,10/18/1999,11686.28426
6.064591837,3.803695691,11.86178218,2.514895689,3.385294118,-0.418401574,50.4950495,30.48502136,4,51,101,574,"{'season': 2023, 'displayName': 'Marquise Brown', 'esbId': 'BRO413218', 'firstName': 'Marquise', 'footballName': 'Marquise', 'gsisId': '00-0035662', 'gsisItId': 47808, 'headshot': 'https://static.www.nfl.com/image/private/{formatInstructions}/league/wgxeuyqliuweurzeigyh', 'jerseyNumber': 2, 'lastName': 'Brown', 'position': 'WR', 'positionGroup': 'WR', 'shortName': 'M.Brown', 'smartId': '32004252-4f41-3218-bf76-54f4042e0396', 'status': 'ACT', 'uniformNumber': '2', 'currentTeamId': '3800', 'ngsPosition': 'WR', 'ngsPositionGroup': 'WR'}",Marquise Brown,WR,3800,2023,marquise brown,ARI,6/4/1997,24422.64928
6.016346154,2.169186276,8.83852459,2.354532731,2.106428571,-0.062757705,68.85245902,13.72294989,6,42,61,419,"{'season': 2023, 'displayName': 'Hunter Henry', 'esbId': 'HEN617052', 'firstName': 'Hunter', 'footballName': 'Hunter', 'gsisId': '00-0033090', 'gsisItId': 43324, 'headshot': 'https://static.www.nfl.com/image/private/{formatInstructions}/league/sdjob9akppefyo7py5tj', 'jerseyNumber': 85, 'lastName': 'Henry', 'position': 'TE', 'positionGroup': 'TE', 'shortName': 'H.Henry', 'smartId': '32004845-4e61-7052-805d-daad1175a3b2', 'status': 'ACT', 'uniformNumber': '85', 'currentTeamId': '3200', 'ngsPosition': 'TE', 'ngsPositionGroup': 'TE'}",Hunter Henry,TE,3200,2023,hunter henry,NE,12/7/1994,16186.99694
6.009183673,3.232676164,17.54230769,2.480391722,2.281153846,-0.951522317,50,23.36254719,3,26,52,449,"{'season': 2023, 'displayName': 'Justin Watson', 'esbId': 'WAT441238', 'firstName': 'Justin', 'footballName': 'Justin', 'gsisId': '00-0034386', 'gsisItId': 46213, 'headshot': 'https://static.www.nfl.com/image/private/{formatInstructions}/league/vr9tayyujt23takv3hv3', 'jerseyNumber': 84, 'lastName': 'Watson', 'position': 'WR', 'positionGroup': 'WR', 'shortName': 'J.Watson', 'smartId': '32005741-5444-1238-2d2d-798b898e0b8e', 'status': 'ACT', 'uniformNumber': '84', 'currentTeamId': '2310', 'ngsPosition': 'WR', 'ngsPositionGroup': 'WR'}",Justin Watson,WR,2310,2023,justin watson,KC,4/4/1996,18143.28855
5.996315789,4.402659577,8.9824375,2.890085917,6.342952381,1.940292804,65.625,33.49398377,6,105,160,1486,"{'season': 2023, 'displayName': 'Puka Nacua', 'esbId': 'NAC559347', 'firstName': 'Puka', 'footballName': 'Puka', 'gsisId': '00-0039075', 'gsisItId': 56042, 'lastName': 'Nacua', 'position': 'WR', 'positionGroup': 'WR', 'shortName': 'P.Nacua', 'status': 'ACT', 'headshot': 'https://static.www.nfl.com/image/private/{formatInstructions}/league/br1ovzclyrebrec6q0mp', 'smartId': '32004e41-4355-9347-35af-af88fcaf7ee9', 'jerseyNumber': 17, 'uniformNumber': '17', 'currentTeamId': '2510', 'ngsPosition': 'WR', 'ngsPositionGroup': 'WR'}",Puka Nacua,WR,2510,2023,puka nacua,LA,5/29/2001,30181.89015
5.983300971,3.789140177,7.235826772,3.076395881,3.886315789,0.097175613,74.80314961,19.29177085,5,95,127,960,"{'season': 2023, 'displayName': 'T.J. Hockenson', 'esbId': 'HOC422041', 'firstName': 'Thomas', 'footballName': 'T.J.', 'gsisId': '00-0035229', 'gsisItId': 47791, 'headshot': 'https://static.www.nfl.com/image/private/{formatInstructions}/league/exbnbnkgkhp9tlt10wig', 'jerseyNumber': 87, 'lastName': 'Hockenson', 'position': 'TE', 'positionGroup': 'TE', 'shortName': 'T.Hockenson', 'smartId': '3200484f-4342-2041-c442-6c874885b155', 'status': 'ACT', 'uniformNumber': '87', 'currentTeamId': '3000', 'ngsPosition': 'TE', 'ngsPositionGroup': 'TE'}",T.J. Hockenson,TE,3000,2023,tj hockenson,MIN,7/3/1997,13172.16087
5.973043478,4.224486257,6.715747126,3.450107992,4.456557377,0.23207112,70.11494253,15.25604738,0,61,87,621,"{'season': 2023, 'displayName': 'Tyler Conklin', 'esbId': 'CON185250', 'firstName': 'Tyler', 'footballName': 'Tyler', 'gsisId': '00-0034270', 'gsisItId': 46226, 'headshot': 'https://static.www.nfl.com/image/private/{formatInstructions}/league/fwuvfpsd7hbtqwlcxtn7', 'jerseyNumber': 83, 'lastName': 'Conklin', 'position': 'TE', 'positionGroup': 'TE', 'shortName': 'T.Conklin', 'smartId': '3200434f-4e18-5250-1988-fe7b6c249df3', 'status': 'ACT', 'uniformNumber': '83', 'currentTeamId': '3430', 'ngsPosition': 'TE', 'ngsPositionGroup': 'WR'}",Tyler Conklin,TE,3430,2023,tyler conklin,NYJ,7/30/1995,14340.10044
5.956666667,3.662347536,10.1021875,2.811148861,3.961495327,0.299147792,66.875,34.51792151,8,107,160,1183,"{'season': 2023, 'displayName': 'Stefon Diggs', 'esbId': 'DIG218895', 'firstName': 'Stefon', 'footballName': 'Stefon', 'gsisId': '00-0031588', 'gsisItId': 42489, 'headshot': 'https://static.www.nfl.com/image/private/{formatInstructions}/league/zf6nbnzcfzu4y7yq2nzk', 'jerseyNumber': 14, 'lastName': 'Diggs', 'position': 'WR', 'positionGroup': 'WR', 'shortName': 'S.Diggs', 'smartId': '32004449-4721-8895-fc23-d2bf4c921bd4', 'status': 'ACT', 'uniformNumber': '14', 'currentTeamId': '0610', 'ngsPosition': 'WR', 'ngsPositionGroup': 'WR'}",Stefon Diggs,WR,610,2023,stefon diggs,BUF,11/29/1993,11686.28426
5.940675676,3.475029421,13.09407895,2.328017206,5.437380952,1.962351532,55.26315789,26.52629839,5,42,76,656,"{'season': 2023, 'displayName': 'Tee Higgins', 'esbId': 'HIG387791', 'firstName': 'Tamaurice', 'footballName': 'Tee', 'gsisId': '00-0036410', 'gsisItId': 52441, 'headshot': 'https://static.www.nfl.com/image/private/{formatInstructions}/league/fkpf9urirrkqkln7d2n9', 'jerseyNumber': 5, 'lastName': 'Higgins', 'position': 'WR', 'positionGroup': 'WR', 'shortName': 'T.Higgins', 'smartId': '32004849-4738-7791-9f89-d556c4b59b9a', 'status': 'ACT', 'uniformNumber': '5', 'currentTeamId': '0920', 'ngsPosition': 'WR', 'ngsPositionGroup': 'WR'}",Tee Higgins,WR,920,2023,tee higgins,CIN,1/18/1999,11815.93203
5.938473282,4.346315289,8.601310345,3.196106564,5.5698,1.223484711,68.96551724,33.24457026,7,100,145,1216,"{'season': 2023, 'displayName': ""Ja'Marr Chase"", 'esbId': 'CHA694469', 'firstName': ""Ja'Marr"", 'footballName': ""Ja'Marr"", 'gsisId': '00-0036900', 'gsisItId': 53434, 'headshot': 'https://static.www.nfl.com/image/private/{formatInstructions}/league/xqhrnv1bfpl2zmhpqobq', 'jerseyNumber': 1, 'lastName': 'Chase', 'position': 'WR', 'positionGroup': 'WR', 'shortName': 'J.Chase', 'smartId': '32004348-4169-4469-b021-d2c20a7d7cf5', 'status': 'ACT', 'uniformNumber': '1', 'currentTeamId': '0920', 'ngsPosition': 'WR', 'ngsPositionGroup': 'WR'}",Ja'Marr Chase,WR,920,2023,ja'marr chase,CIN,3/1/2000,11815.93203
5.935892857,4.945532955,3.962857143,3.984096198,5.588431373,0.642898418,72.85714286,5.887334167,3,51,70,411,"{'season': 2023, 'displayName': 'Gerald Everett', 'esbId': 'EVE166115', 'firstName': 'Gerald', 'footballName': 'Gerald', 'gsisId': '00-0033895', 'gsisItId': 44856, 'headshot': 'https://static.www.nfl.com/image/private/{formatInstructions}/league/te11unippqhdc6auox6i', 'jerseyNumber': 7, 'lastName': 'Everett', 'position': 'TE', 'positionGroup': 'TE', 'shortName': 'G.Everett', 'smartId': '32004556-4516-6115-f11c-124334bc44da', 'status': 'ACT', 'uniformNumber': '7', 'currentTeamId': '4400', 'ngsPosition': 'TE', 'ngsPositionGroup': 'WR'}",Gerald Everett,TE,4400,2023,gerald everett,LAC,6/25/1994,25103.14906
5.91,4.722360337,10.59934426,3.075422806,6.17483871,1.452478373,50.81967213,17.17482428,1,31,61,414,"{'season': 2023, 'displayName': 'Darnell Mooney', 'esbId': 'MOO076900', 'firstName': 'Darnell', 'footballName': 'Darnell', 'gsisId': '00-0036309', 'gsisItId': 52581, 'headshot': 'https://static.www.nfl.com/image/private/{formatInstructions}/league/hjileqykzauyoeqovatm', 'jerseyNumber': 11, 'lastName': 'Mooney', 'position': 'WR', 'positionGroup': 'WR', 'shortName': 'D.Mooney', 'smartId': '32004d4f-4f07-6900-2883-f3ddae0181d4', 'status': 'ACT', 'uniformNumber': '11', 'currentTeamId': '0810', 'ngsPosition': 'SLOT_WR', 'ngsPositionGroup': 'WR'}",Darnell Mooney,WR,810,2023,darnell mooney,CHI,10/29/1997,11359.62658
5.904,2.606293386,12.16385417,2.715135264,2.398644068,-0.207649318,61.45833333,24.24990655,8,59,96,674,"{'season': 2023, 'displayName': 'Romeo Doubs', 'esbId': 'DOU043165', 'firstName': 'Romeo', 'footballName': 'Romeo', 'gsisId': '00-0037816', 'gsisItId': 54597, 'headshot': 'https://static.www.nfl.com/image/private/{formatInstructions}/league/pk4dvgjaicaupntsdnnp', 'jerseyNumber': 87, 'lastName': 'Doubs', 'position': 'WR', 'positionGroup': 'WR', 'shortName': 'R.Doubs', 'smartId': '3200444f-5504-3165-5639-a63528da6f6e', 'status': 'ACT', 'uniformNumber': '87', 'currentTeamId': '1800', 'ngsPosition': 'WR', 'ngsPositionGroup': 'WR'}",Romeo Doubs,WR,1800,2023,romeo doubs,GB,4/13/2000,17450.51153
5.884931507,3.734539318,8.998666667,3.273960466,3.967708333,0.233169016,64,14.16836187,3,48,75,540,"{'season': 2023, 'displayName': 'K.J. Osborn', 'esbId': 'OSB109755', 'firstName': 'K.J.', 'footballName': 'K.J.', 'gsisId': '00-0036345', 'gsisItId': 52584, 'headshot': 'https://static.www.nfl.com/image/private/{formatInstructions}/league/rbgsvh08nmm29gaiw7pr', 'jerseyNumber': 17, 'lastName': 'Osborn', 'position': 'WR', 'positionGroup': 'WR', 'shortName': 'K.Osborn', 'smartId': '32004f53-4210-9755-4136-372d9f443611', 'status': 'ACT', 'uniformNumber': '17', 'currentTeamId': '3000', 'ngsPosition': 'WR', 'ngsPositionGroup': 'WR'}",K.J. Osborn,WR,3000,2023,kj osborn,MIN,6/10/1997,13172.16087
5.842929293,3.532683842,7.0575,3.38621757,4.347790698,0.815106856,71.66666667,21.0885675,10,86,120,889,"{'season': 2023, 'displayName': 'Sam LaPorta', 'esbId': 'LAP640235', 'firstName': 'Sam', 'footballName': 'Sam', 'gsisId': '00-0039065', 'gsisItId': 55899, 'lastName': 'LaPorta', 'position': 'TE', 'positionGroup': 'TE', 'shortName': 'S.LaPorta', 'status': 'ACT', 'headshot': 'https://static.www.nfl.com/image/private/{formatInstructions}/league/svqsmqhfemrnxcheh0ev', 'smartId': '32004c41-5064-0235-3970-b5e5514839fc', 'jerseyNumber': 87, 'uniformNumber': '87', 'currentTeamId': '1540', 'ngsPosition': 'TE', 'ngsPositionGroup': 'TE'}",Sam LaPorta,TE,1540,2023,sam laporta,DET,1/12/2001,18231.83526
5.841272727,3.882395273,10.96836364,1.994365961,4.203333333,0.320938061,60,15.35473755,0,33,55,394,"{'season': 2023, 'displayName': 'DeVante Parker', 'esbId': 'PAR226609', 'firstName': 'DeVante', 'footballName': 'DeVante', 'gsisId': '00-0031547', 'gsisItId': 42357, 'headshot': 'https://static.www.nfl.com/image/private/{formatInstructions}/league/beuyfjou6kckaoqqpa96', 'jerseyNumber': 1, 'lastName': 'Parker', 'position': 'WR', 'positionGroup': 'WR', 'shortName': 'D.Parker', 'smartId': '32005041-5222-6609-dc38-38b3aae27410', 'status': 'ACT', 'uniformNumber': '1', 'currentTeamId': '3200', 'ngsPosition': 'WR', 'ngsPositionGroup': 'WR'}",DeVante Parker,WR,3200,2023,devante parker,NE,1/20/1993,16186.99694
5.805794393,4.526998695,11.1753211,3.019578666,7.0005,2.473501305,73.39449541,24.0617648,8,80,109,1297,"{'season': 2023, 'displayName': 'Nico Collins', 'esbId': 'COL654119', 'firstName': 'Nico', 'footballName': 'Nico', 'gsisId': '00-0036554', 'gsisItId': 53518, 'headshot': 'https://static.www.nfl.com/image/private/{formatInstructions}/league/iyfqbpftpdxtwst9wtda', 'jerseyNumber': 12, 'lastName': 'Collins', 'position': 'WR', 'positionGroup': 'WR', 'shortName': 'N.Collins', 'smartId': '3200434f-4c65-4119-2a51-095ba724d414', 'status': 'ACT', 'uniformNumber': '12', 'currentTeamId': '2120', 'ngsPosition': 'WR', 'ngsPositionGroup': 'WR'}",Nico Collins,WR,2120,2023,nico collins,HOU,3/19/1999,17664.30932
5.805142857,3.687165486,8.692444444,3.09102821,3.235517241,-0.451648245,64.44444444,9.956170046,2,29,45,244,"{'season': 2023, 'displayName': 'Mike Gesicki', 'esbId': 'GES490798', 'firstName': 'Michael', 'footballName': 'Mike', 'gsisId': '00-0034829', 'gsisItId': 46111, 'headshot': 'https://static.www.nfl.com/image/private/{formatInstructions}/league/mpichyoi6vdnhb7qte6c', 'jerseyNumber': 88, 'lastName': 'Gesicki', 'position': 'TE', 'positionGroup': 'TE', 'shortName': 'M.Gesicki', 'smartId': '32004745-5349-0798-d83d-d46852aa6fbb', 'status': 'ACT', 'uniformNumber': '88', 'currentTeamId': '3200', 'ngsPosition': 'SLOT_WR', 'ngsPositionGroup': 'WR'}",Mike Gesicki,TE,3200,2023,mike gesicki,NE,10/3/1995,16186.99694
5.799243697,3.977973072,13.75378151,2.447393521,5.923636364,1.945663292,55.46218487,38.33281417,8,66,119,1114,"{'season': 2023, 'displayName': 'DK Metcalf', 'esbId': 'MET363377', 'firstName': 'DeKaylin', 'footballName': 'DK', 'gsisId': '00-0035640', 'gsisItId': 47847, 'headshot': 'https://static.www.nfl.com/image/private/{formatInstructions}/league/u4cefcz7gjvby8c2kdkm', 'jerseyNumber': 14, 'lastName': 'Metcalf', 'position': 'WR', 'positionGroup': 'WR', 'shortName': 'D.Metcalf', 'smartId': '32004d45-5436-3377-5806-d2746f1b94aa', 'status': 'ACT', 'uniformNumber': '14', 'currentTeamId': '4600', 'ngsPosition': 'WR', 'ngsPositionGroup': 'WR'}",DK Metcalf,WR,4600,2023,dk metcalf,SEA,12/14/1997,30073.40601
5.789465649,3.55940401,14.19051095,2.27108447,3.362,-0.19740401,54.74452555,43.8156412,7,75,137,1057,"{'season': 2023, 'displayName': 'DeAndre Hopkins', 'esbId': 'HOP161500', 'firstName': 'DeAndre', 'footballName': 'DeAndre', 'gsisId': '00-0030564', 'gsisItId': 39973, 'headshot': 'https://static.www.nfl.com/image/upload/{formatInstructions}/league/jgatj8mtftu06pegapip', 'jerseyNumber': 10, 'lastName': 'Hopkins', 'position': 'WR', 'positionGroup': 'WR', 'shortName': 'D.Hopkins', 'smartId': '3200484f-5016-1500-bfbe-c87b292b639c', 'status': 'ACT', 'uniformNumber': '10', 'currentTeamId': '2100', 'ngsPosition': 'WR', 'ngsPositionGroup': 'WR'}",DeAndre Hopkins,WR,2100,2023,deandre hopkins,TEN,6/6/1992,8488.931555
5.774852941,4.154948978,7.986022727,3.3139522,4.621864407,0.466915429,67.04545455,13.88206849,5,59,88,635,"{'season': 2023, 'displayName': 'Dalton Schultz', 'esbId': 'SCH647271', 'firstName': 'Dalton', 'footballName': 'Dalton', 'gsisId': '00-0034383', 'gsisItId': 46206, 'headshot': 'https://static.www.nfl.com/image/private/{formatInstructions}/league/lhplapyya8pp3yyz8bht', 'jerseyNumber': 86, 'lastName': 'Schultz', 'position': 'TE', 'positionGroup': 'TE', 'shortName': 'D.Schultz', 'smartId': '32005343-4864-7271-8c9c-893e6cc8875d', 'status': 'ACT', 'uniformNumber': '86', 'currentTeamId': '2120', 'ngsPosition': 'TE', 'ngsPositionGroup': 'TE'}",Dalton Schultz,TE,2120,2023,dalton schultz,HOU,7/11/1996,17664.30932
5.765,4.000632248,11.148125,2.497459871,4.96475,0.964117752,62.5,17.76629017,5,40,64,608,"{'season': 2023, 'displayName': 'Josh Reynolds', 'esbId': 'REY398905', 'firstName': 'Joshua Dedmon-Reynolds', 'footballName': 'Josh', 'gsisId': '00-0033943', 'gsisItId': 44930, 'headshot': 'https://static.www.nfl.com/image/private/{formatInstructions}/league/sxrgouqg155xtgtzesy9', 'jerseyNumber': 8, 'lastName': 'Reynolds', 'position': 'WR', 'positionGroup': 'WR', 'shortName': 'J.Reynolds', 'smartId': '32005245-5939-8905-3a79-3286353be377', 'status': 'ACT', 'uniformNumber': '8', 'currentTeamId': '1540', 'ngsPosition': 'WR', 'ngsPositionGroup': 'WR'}",Josh Reynolds,WR,1540,2023,josh reynolds,DET,2/16/1995,18231.83526
5.756883117,5.003954743,10.83725146,3.258426638,5.770504202,0.766549458,69.59064327,43.43852477,13,119,171,1799,"{'season': 2023, 'displayName': 'Tyreek Hill', 'esbId': 'HIL628694', 'firstName': 'Tyreek', 'footballName': 'Tyreek', 'gsisId': '00-0033040', 'gsisItId': 43454, 'headshot': 'https://static.www.nfl.com/image/private/{formatInstructions}/league/lsszbdnkusxc7mduw5be', 'jerseyNumber': 10, 'lastName': 'Hill', 'position': 'WR', 'positionGroup': 'WR', 'shortName': 'T.Hill', 'smartId': '32004849-4c62-8694-8490-45499711dee4', 'status': 'ACT', 'uniformNumber': '10', 'currentTeamId': '2700', 'ngsPosition': 'WR', 'ngsPositionGroup': 'WR'}",Tyreek Hill,WR,2700,2023,tyreek hill,MIA,3/1/1994,22248.43637
5.750472441,3.938838584,11.43515152,2.639708694,4.558987342,0.620148758,59.84848485,33.89090713,4,79,132,1002,"{'season': 2023, 'displayName': 'Terry McLaurin', 'esbId': 'MCL278328', 'firstName': 'Terry', 'footballName': 'Terry', 'gsisId': '00-0035659', 'gsisItId': 47859, 'headshot': 'https://static.www.nfl.com/image/private/{formatInstructions}/league/jpprw1itmmg5nhrdwony', 'jerseyNumber': 17, 'lastName': 'McLaurin', 'position': 'WR', 'positionGroup': 'WR', 'shortName': 'T.McLaurin', 'smartId': '32004d43-4c27-8328-8097-b130ba0e8060', 'status': 'ACT', 'uniformNumber': '17', 'currentTeamId': '5110', 'ngsPosition': 'WR', 'ngsPositionGroup': 'WR'}",Terry McLaurin,WR,5110,2023,terry mclaurin,WAS,9/15/1995,17548.96461
5.748058252,3.257360411,14.09009524,2.895383651,5.118,1.860639589,71.42857143,37.60166321,7,75,105,1342,"{'season': 2023, 'displayName': 'Brandon Aiyuk', 'esbId': 'AIY189231', 'firstName': 'Brandon', 'footballName': 'Brandon', 'gsisId': '00-0036261', 'gsisItId': 52433, 'headshot': 'https://static.www.nfl.com/image/private/{formatInstructions}/league/mprcyhqhfgzi57ebelbz', 'jerseyNumber': 11, 'lastName': 'Aiyuk', 'position': 'WR', 'positionGroup': 'WR', 'shortName': 'B.Aiyuk', 'smartId': '32004149-5918-9231-4476-63b611051b08', 'status': 'ACT', 'uniformNumber': '11', 'currentTeamId': '4500', 'ngsPosition': 'WR', 'ngsPositionGroup': 'WR'}",Brandon Aiyuk,WR,4500,2023,brandon aiyuk,SF,3/17/1998,32712.96749
5.74609375,2.556324469,15.09181818,2.288238035,2.792285714,0.235961246,53.03030303,25.09144222,5,35,66,525,"{'season': 2023, 'displayName': 'D.J. Chark', 'esbId': 'CHA553392', 'firstName': 'Darrell', 'footballName': 'D.J.', 'gsisId': '00-0034777', 'gsisItId': 46130, 'headshot': 'https://static.www.nfl.com/image/private/{formatInstructions}/league/bn5lxiv1cyyidlhkth84', 'jerseyNumber': 17, 'lastName': 'Chark', 'position': 'WR', 'positionGroup': 'WR', 'shortName': 'D.Chark', 'smartId': '32004348-4155-3392-9ee6-7f21c24c95c9', 'status': 'ACT', 'uniformNumber': '17', 'currentTeamId': '0750', 'ngsPosition': 'WR', 'ngsPositionGroup': 'WR'}",D.J. Chark,WR,750,2023,dj chark,CAR,9/23/1996,12156.88602
5.69,4.607449878,8.300222222,3.50998029,7.648717949,3.041268071,86.66666667,7.976483351,2,39,45,611,"{'season': 2023, 'displayName': 'Khalil Shakir', 'esbId': 'SHA107427', 'firstName': 'Khalil', 'footballName': 'Khalil', 'gsisId': '00-0037261', 'gsisItId': 54613, 'headshot': 'https://static.www.nfl.com/image/private/{formatInstructions}/league/l1flqgo30hfowrdckdeu', 'jerseyNumber': 10, 'lastName': 'Shakir', 'position': 'WR', 'positionGroup': 'WR', 'shortName': 'K.Shakir', 'smartId': '32005348-4110-7427-f34a-bb0aa1d8e556', 'status': 'ACT', 'uniformNumber': '10', 'currentTeamId': '0610', 'ngsPosition': 'SLOT_WR', 'ngsPositionGroup': 'WR'}",Khalil Shakir,WR,610,2023,khalil shakir,BUF,2/3/2000,11686.28426
5.604285714,5.28068732,7.099782609,4.323183077,5.332058824,0.051371503,73.91304348,6.782198779,1,34,46,352,"{'season': 2023, 'displayName': 'Luke Musgrave', 'esbId': 'MUS097324', 'firstName': 'Luke', 'footballName': 'Luke', 'gsisId': '00-0039144', 'gsisItId': 55907, 'lastName': 'Musgrave', 'position': 'TE', 'positionGroup': 'TE', 'shortName': 'L.Musgrave', 'status': 'ACT', 'headshot': 'https://static.www.nfl.com/image/private/{formatInstructions}/league/myipiqsxzxonrcegrism', 'smartId': '32004d55-5309-7324-5085-b59d93f240ce', 'currentTeamId': '1800', 'jerseyNumber': 88, 'uniformNumber': '88', 'ngsPosition': 'TE', 'ngsPositionGroup': 'TE'}",Luke Musgrave,TE,1800,2023,luke musgrave,GB,9/2/2000,17450.51153
5.580962963,3.136831703,13.75323529,2.290664568,2.704868421,-0.431963282,55.88235294,38.02302393,8,76,136,1016,"{'season': 2023, 'displayName': 'Calvin Ridley', 'esbId': 'RID652384', 'firstName': 'Calvin', 'footballName': 'Calvin', 'gsisId': '00-0034837', 'gsisItId': 46095, 'headshot': 'https://static.www.nfl.com/image/private/{formatInstructions}/league/jnknuowszoqaywqoopy7', 'jerseyNumber': 0, 'lastName': 'Ridley', 'position': 'WR', 'positionGroup': 'WR', 'shortName': 'C.Ridley', 'smartId': '32005249-4465-2384-7253-3a4b46622aa9', 'status': 'ACT', 'uniformNumber': '0O', 'currentTeamId': '2250', 'ngsPosition': 'WR', 'ngsPositionGroup': 'WR'}",Calvin Ridley,WR,2250,2023,calvin ridley,JAX,12/20/1994,10107.54242
5.552670807,3.115567138,10.21154762,2.45604308,3.582526316,0.466959178,56.54761905,44.7949741,3,95,168,1042,"{'season': 2023, 'displayName': 'Garrett Wilson', 'esbId': 'WIL691962', 'firstName': 'Garrett', 'footballName': 'Garrett', 'gsisId': '00-0037740', 'gsisItId': 54475, 'headshot': 'https://static.www.nfl.com/image/private/{formatInstructions}/league/llgosx4tokddwnyrgvbx', 'jerseyNumber': 17, 'lastName': 'Wilson', 'position': 'WR', 'positionGroup': 'WR', 'shortName': 'G.Wilson', 'smartId': '32005749-4c69-1962-4085-d9c826d8709c', 'status': 'ACT', 'uniformNumber': '17', 'currentTeamId': '3430', 'ngsPosition': 'WR', 'ngsPositionGroup': 'WR'}",Garrett Wilson,WR,3430,2023,garrett wilson,NYJ,7/22/2000,14340.10044
5.551836735,4.969058108,7.859836066,3.212977322,5.036222222,0.067164114,73.7704918,11.71644946,6,45,61,544,"{'season': 2023, 'displayName': 'Mark Andrews', 'esbId': 'AND701433', 'firstName': 'Mark', 'footballName': 'Mark', 'gsisId': '00-0034753', 'gsisItId': 46155, 'headshot': 'https://static.www.nfl.com/image/private/{formatInstructions}/league/cv7h66mkpoalli9wfdqp', 'jerseyNumber': 89, 'lastName': 'Andrews', 'position': 'TE', 'positionGroup': 'TE', 'shortName': 'M.Andrews', 'smartId': '3200414e-4470-1433-75dd-307507e53173', 'status': 'ACT', 'uniformNumber': '89', 'currentTeamId': '0325', 'ngsPosition': 'SLOT_WR', 'ngsPositionGroup': 'WR'}",Mark Andrews,TE,325,2023,mark andrews,BAL,9/6/1995,17936.40421
5.545818182,4.466668217,9.668563536,2.710044245,5.220222222,0.753554006,74.58563536,36.50287745,12,135,181,1749,"{'season': 2023, 'displayName': 'CeeDee Lamb', 'esbId': 'LAM138457', 'firstName': 'Cedarian', 'footballName': 'CeeDee', 'gsisId': '00-0036358', 'gsisItId': 52425, 'headshot': 'https://static.www.nfl.com/image/private/{formatInstructions}/league/cqygs9e4ynnjdxstdfjq', 'jerseyNumber': 88, 'lastName': 'Lamb', 'position': 'WR', 'positionGroup': 'WR', 'shortName': 'C.Lamb', 'smartId': '32004c41-4d13-8457-fcbe-d37fdbd87233', 'status': 'ACT', 'uniformNumber': '88', 'currentTeamId': '1200', 'ngsPosition': 'SLOT_WR', 'ngsPositionGroup': 'WR'}",CeeDee Lamb,WR,1200,2023,ceedee lamb,DAL,4/8/1999,21444.55959
5.542727273,2.266183825,14.24303571,2.504239979,1.7765625,-0.489621325,57.14285714,19.49141152,1,32,56,367,"{'season': 2023, 'displayName': 'Rashod Bateman', 'esbId': 'BAT103884', 'firstName': 'Rashod', 'footballName': 'Rashod', 'gsisId': '00-0036550', 'gsisItId': 53456, 'headshot': 'https://static.www.nfl.com/image/private/{formatInstructions}/league/rxkbjfe1pdmlvp1vd6i5', 'jerseyNumber': 7, 'lastName': 'Bateman', 'position': 'WR', 'positionGroup': 'WR', 'shortName': 'R.Bateman', 'smartId': '32004241-5410-3884-8ac5-165a4f1f770e', 'status': 'ACT', 'uniformNumber': '7', 'currentTeamId': '0325', 'ngsPosition': 'WR', 'ngsPositionGroup': 'WR'}",Rashod Bateman,WR,325,2023,rashod bateman,BAL,11/29/1999,17936.40421
5.491607143,5.104129243,6.883376623,3.772806153,5.265,0.160870757,70.12987013,11.94545864,1,54,77,528,"{'season': 2023, 'displayName': 'Chigoziem Okonkwo', 'esbId': 'OKO283611', 'firstName': 'Chigoziem', 'footballName': 'Chigoziem', 'gsisId': '00-0037809', 'gsisItId': 54608, 'headshot': 'https://static.www.nfl.com/image/private/{formatInstructions}/league/hkqd6pubp52djhxhtyqi', 'jerseyNumber': 85, 'lastName': 'Okonkwo', 'position': 'TE', 'positionGroup': 'TE', 'shortName': 'C.Okonkwo', 'smartId': '32004f4b-4f28-3611-fc64-d952b8d6cb17', 'status': 'ACT', 'uniformNumber': '85', 'currentTeamId': '2100', 'ngsPosition': 'TE', 'ngsPositionGroup': 'TE'}",Chigoziem Okonkwo,TE,2100,2023,chigoziem okonkwo,TEN,9/8/1999,8488.931555
5.46721519,4.623660029,5.659019608,3.338914694,6.023380282,1.399720253,69.60784314,12.0400403,5,71,102,761,"{'season': 2023, 'displayName': 'Jake Ferguson', 'esbId': 'FER146119', 'firstName': 'Jake', 'footballName': 'Jake', 'gsisId': '00-0038041', 'gsisItId': 54594, 'headshot': 'https://static.www.nfl.com/image/private/{formatInstructions}/league/xy9bvf3d9yjprwigiqty', 'jerseyNumber': 87, 'lastName': 'Ferguson', 'position': 'TE', 'positionGroup': 'TE', 'shortName': 'J.Ferguson', 'smartId': '32004645-5214-6119-2797-33878db83d5a', 'status': 'ACT', 'uniformNumber': '87', 'currentTeamId': '1200', 'ngsPosition': 'TE', 'ngsPositionGroup': 'TE'}",Jake Ferguson,TE,1200,2023,jake ferguson,DAL,1/18/1999,21444.55959
5.39536,2.654604355,14.03164063,2.166104854,4.271666667,1.617062311,56.25,35.06430881,5,72,128,1250,"{'season': 2023, 'displayName': 'Amari Cooper', 'esbId': 'COO487703', 'firstName': 'Amari', 'footballName': 'Amari', 'gsisId': '00-0031544', 'gsisItId': 42347, 'headshot': 'https://static.www.nfl.com/image/private/{formatInstructions}/league/zibbxjtein7gpu5zgcj4', 'jerseyNumber': 2, 'lastName': 'Cooper', 'position': 'WR', 'positionGroup': 'WR', 'shortName': 'A.Cooper', 'smartId': '3200434f-4f48-7703-16a5-c78426109031', 'status': 'ACT', 'uniformNumber': '2', 'currentTeamId': '1050', 'ngsPosition': 'WR', 'ngsPositionGroup': 'WR'}",Amari Cooper,WR,1050,2023,amari cooper,CLE,6/17/1994,16893.51422
5.385774648,4.812551622,9.630555556,3.295197448,7.660153846,2.847602224,72.22222222,22.02914684,6,65,90,1020,"{'season': 2023, 'displayName': 'George Kittle', 'esbId': 'KIT388290', 'firstName': 'George', 'footballName': 'George', 'gsisId': '00-0033288', 'gsisItId': 44959, 'headshot': 'https://static.www.nfl.com/image/private/{formatInstructions}/league/bwx6bvkrxog0yf4h6fw1', 'jerseyNumber': 85, 'lastName': 'Kittle', 'position': 'TE', 'positionGroup': 'TE', 'shortName': 'G.Kittle', 'smartId': '32004b49-5438-8290-eeed-c9c9cca62ec1', 'status': 'ACT', 'uniformNumber': '85', 'currentTeamId': '4500', 'ngsPosition': 'TE', 'ngsPositionGroup': 'TE'}",George Kittle,TE,4500,2023,george kittle,SF,10/9/1993,32712.96749
5.309375,3.728633919,14.2384375,2.676241473,4.87,1.141366081,54.6875,22.26870734,3,35,64,565,"{'season': 2023, 'displayName': 'Odell Beckham', 'esbId': 'BEC573252', 'firstName': 'Odell', 'footballName': 'Odell', 'gsisId': '00-0031235', 'gsisItId': 41238, 'headshot': 'https://static.www.nfl.com/image/private/{formatInstructions}/league/etl34lkiscs2lpc4to2f', 'jerseyNumber': 3, 'lastName': 'Beckham', 'position': 'WR', 'positionGroup': 'WR', 'shortName': 'O.Beckham', 'smartId': '32004245-4357-3252-264b-1da3e93d2745', 'status': 'ACT', 'uniformNumber': '3', 'currentTeamId': '0325', 'ngsPosition': 'WR', 'ngsPositionGroup': 'WR'}",Odell Beckham Jr.,WR,325,2023,odell beckham,BAL,,17936.40421
5.252865497,3.126596063,10.42691429,2.551200386,3.470291262,0.343695199,58.85714286,44.49101504,8,103,175,1144,"{'season': 2023, 'displayName': 'Davante Adams', 'esbId': 'ADA218591', 'firstName': 'Davante', 'footballName': 'Davante', 'gsisId': '00-0031381', 'gsisItId': 41282, 'headshot': 'https://static.www.nfl.com/image/private/{formatInstructions}/league/grvqvmdzu2lsbgvqoxku', 'jerseyNumber': 17, 'lastName': 'Adams', 'position': 'WR', 'positionGroup': 'WR', 'shortName': 'D.Adams', 'smartId': '32004144-4121-8591-4d26-4c0ac739af41', 'status': 'ACT', 'uniformNumber': '17', 'currentTeamId': '2520', 'ngsPosition': 'WR', 'ngsPositionGroup': 'WR'}",Davante Adams,WR,2520,2023,davante adams,LV,12/24/1992,22046.06952
5.113833333,2.512456254,10.17125,1.996512926,2.893333333,0.380877079,60.9375,13.21437634,1,39,64,448,"{'season': 2023, 'displayName': 'Michael Thomas', 'esbId': 'THO308912', 'firstName': 'Michael', 'footballName': 'Michael', 'gsisId': '00-0032765', 'gsisItId': 43336, 'headshot': 'https://static.www.nfl.com/image/private/{formatInstructions}/league/sxldsbuw65hfmkzqhw96', 'jerseyNumber': 13, 'lastName': 'Thomas', 'position': 'WR', 'positionGroup': 'WR', 'shortName': 'M.Thomas', 'smartId': '32005448-4f30-8912-926a-d25d51327661', 'status': 'ACT', 'uniformNumber': '13', 'currentTeamId': '3300', 'ngsPosition': 'WR', 'ngsPositionGroup': 'WR'}",Michael Thomas,WR,3300,2023,michael thomas,CIN,3/17/1990,11815.93203
5.113833333,2.512456254,10.17125,1.996512926,2.893333333,0.380877079,60.9375,13.21437634,1,39,64,448,"{'season': 2023, 'displayName': 'Michael Thomas', 'esbId': 'THO308912', 'firstName': 'Michael', 'footballName': 'Michael', 'gsisId': '00-0032765', 'gsisItId': 43336, 'headshot': 'https://static.www.nfl.com/image/private/{formatInstructions}/league/sxldsbuw65hfmkzqhw96', 'jerseyNumber': 13, 'lastName': 'Thomas', 'position': 'WR', 'positionGroup': 'WR', 'shortName': 'M.Thomas', 'smartId': '32005448-4f30-8912-926a-d25d51327661', 'status': 'ACT', 'uniformNumber': '13', 'currentTeamId': '3300', 'ngsPosition': 'WR', 'ngsPositionGroup': 'WR'}",Michael Thomas,WR,3300,2023,michael thomas,NO,3/17/1990,15323.18852
5.107714286,4.495926895,5.95,3.46436421,5.447037037,0.951110142,76.41509434,16.04863191,3,81,106,825,"{'season': 2023, 'displayName': 'Trey McBride', 'esbId': 'MCB743360', 'firstName': 'Trey', 'footballName': 'Trey', 'gsisId': '00-0037744', 'gsisItId': 54520, 'headshot': 'https://static.www.nfl.com/image/private/{formatInstructions}/league/x7x9ze5msigs8u57ydvl', 'jerseyNumber': 85, 'lastName': 'McBride', 'position': 'TE', 'positionGroup': 'TE', 'shortName': 'T.McBride', 'smartId': '32004d43-4274-3360-cc50-43990383247d', 'status': 'ACT', 'uniformNumber': '85', 'currentTeamId': '3800', 'ngsPosition': 'TE', 'ngsPositionGroup': 'TE'}",Trey McBride,TE,3800,2023,trey mcbride,ARI,11/22/1999,24422.64928
5.078837209,5.396506014,4.92699187,3.483109741,7.611975309,2.215469294,65.85365854,11.83133678,6,81,123,882,"{'season': 2023, 'displayName': 'David Njoku', 'esbId': 'NJO355964', 'firstName': 'David', 'footballName': 'David', 'gsisId': '00-0033885', 'gsisItId': 44841, 'headshot': 'https://static.www.nfl.com/image/private/{formatInstructions}/league/ilvxwdllivrvwbuj69cm', 'jerseyNumber': 85, 'lastName': 'Njoku', 'position': 'TE', 'positionGroup': 'TE', 'shortName': 'D.Njoku', 'smartId': '32004e4a-4f35-5964-1f03-4dc0b4e0b757', 'status': 'ACT', 'uniformNumber': '85', 'currentTeamId': '1050', 'ngsPosition': 'TE', 'ngsPositionGroup': 'TE'}",David Njoku,TE,1050,2023,david njoku,CLE,7/10/1996,16893.51422
5.057809524,3.70605027,13.19,2.27082197,6.646666667,2.940616397,59.43396226,38.39799186,5,63,106,1140,"{'season': 2023, 'displayName': 'George Pickens', 'esbId': 'PIC576156', 'firstName': 'George', 'footballName': 'George', 'gsisId': '00-0037247', 'gsisItId': 54517, 'headshot': 'https://static.www.nfl.com/image/private/{formatInstructions}/league/gnfxhtk8e6ecazbhoinl', 'jerseyNumber': 14, 'lastName': 'Pickens', 'position': 'WR', 'positionGroup': 'WR', 'shortName': 'G.Pickens', 'smartId': '32005049-4357-6156-653f-e3c2b6d1b9bc', 'status': 'ACT', 'uniformNumber': '14', 'currentTeamId': '3900', 'ngsPosition': 'WR', 'ngsPositionGroup': 'WR'}",George Pickens,WR,3900,2023,george pickens,PIT,3/4/2001,16799.86463
4.9534,3.754225294,7.829322034,2.802762571,3.98027027,0.226044976,62.71186441,9.377099764,4,37,59,368,"{'season': 2023, 'displayName': 'Juwan Johnson', 'esbId': 'JOH398789', 'firstName': 'Juwan', 'footballName': 'Juwan', 'gsisId': '00-0036040', 'gsisItId': 52942, 'headshot': 'https://static.www.nfl.com/image/private/{formatInstructions}/league/kew8v8rgrtbefvnxpl0a', 'jerseyNumber': 83, 'lastName': 'Johnson', 'position': 'TE', 'positionGroup': 'TE', 'shortName': 'J.Johnson', 'smartId': '32004a4f-4839-8789-b667-8ea48cd31497', 'status': 'ACT', 'uniformNumber': '83', 'currentTeamId': '3300', 'ngsPosition': 'TE', 'ngsPositionGroup': 'WR'}",Juwan Johnson,TE,3300,2023,juwan johnson,NO,9/13/1996,15323.18852
8.143947368,4.465058948,6.72045977,3.187889198,5.636612903,1.171553956,71.26436782,13.05421469,1,62,87,686,"{'season': 2024, 'currentTeamId': '0200', 'displayName': 'Ray-Ray McCloud', 'esbId': 'MCC417118', 'firstName': 'Ray-Ray', 'footballName': 'Ray-Ray', 'gsisId': '00-0034407', 'gsisItId': 46256, 'headshot': 'https://static.www.nfl.com/image/upload/{formatInstructions}/league/nvwn3sdihyyd2itjt7vy', 'jerseyNumber': 34, 'lastName': 'McCloud', 'position': 'WR', 'positionGroup': 'WR', 'shortName': 'R.McCloud', 'smartId': '32004d43-4341-7118-745c-2c9756292bc8', 'status': 'ACT', 'uniformNumber': '34', 'ngsPosition': 'WR', 'ngsPositionGroup': 'WR'}",Ray-Ray McCloud,WR,200,2024,ray-ray mccloud,ATL,10/15/1996,12280.86194
7.996363636,9.636652786,7.139807692,5.205587754,12.41410256,2.777449778,75,9.146721524,6,39,52,501,"{'season': 2024, 'currentTeamId': '1400', 'displayName': 'Marvin Mims', 'esbId': 'MIM654774', 'firstName': 'Marvin', 'footballName': 'Marvin', 'gsisId': '00-0038976', 'gsisItId': 55928, 'headshot': 'https://static.www.nfl.com/image/upload/{formatInstructions}/league/trvilnckw7nprw1gkghl', 'jerseyNumber': 19, 'lastName': 'Mims', 'position': 'WR', 'positionGroup': 'WR', 'shortName': 'M.Mims', 'smartId': '32004d49-4d65-4774-4051-580758dd257c', 'status': 'ACT', 'uniformNumber': '19', 'ngsPosition': 'WR', 'ngsPositionGroup': 'WR'}",Marvin Mims Jr.,WR,1400,2024,marvin mims jr,DEN,,22452.72913
7.494035088,3.496919408,11.85145161,3.368998007,2.897142857,-0.599776551,67.74193548,18.01167784,0,42,62,562,"{'season': 2024, 'currentTeamId': '2510', 'displayName': 'Tutu Atwell', 'esbId': 'ATW460468', 'firstName': 'Chatarius', 'footballName': 'Tutu', 'gsisId': '00-0036849', 'gsisItId': 53486, 'headshot': 'https://static.www.nfl.com/image/upload/{formatInstructions}/league/hpvbp9pn7ifbh62nde0n', 'jerseyNumber': 5, 'lastName': 'Atwell', 'position': 'WR', 'positionGroup': 'WR', 'shortName': 'T.Atwell', 'smartId': '32004154-5746-0468-3028-a14cc41f9cf3', 'status': 'ACT', 'uniformNumber': '5', 'ngsPosition': 'WR', 'ngsPositionGroup': 'WR'}",Tutu Atwell,WR,2510,2024,tutu atwell,LA,10/7/1999,28952.19392
7.47525,5.52106063,4.2516,3.688801356,8.034324324,2.513263695,74,5.757698871,3,37,50,342,"{'season': 2024, 'currentTeamId': '3800', 'displayName': 'Greg Dortch', 'esbId': 'DOR793727', 'firstName': 'Greg', 'footballName': 'Greg', 'gsisId': '00-0035500', 'gsisItId': 48646, 'headshot': 'https://static.www.nfl.com/image/upload/{formatInstructions}/league/gkog6lrht3rnktwiberj', 'jerseyNumber': 4, 'lastName': 'Dortch', 'position': 'WR', 'positionGroup': 'WR', 'shortName': 'G.Dortch', 'smartId': '3200444f-5279-3727-2597-c2d9a516585a', 'status': 'ACT', 'uniformNumber': '4', 'ngsPosition': 'SLOT_WR', 'ngsPositionGroup': 'WR'}",Greg Dortch,WR,3800,2024,greg dortch,ARI,5/29/1998,21047.71692
7.358235294,5.64554072,13.23660377,3.805752775,6.086785714,0.441244994,52.83018868,17.28335448,2,28,53,263,"{'season': 2024, 'currentTeamId': '1400', 'displayName': 'Troy Franklin', 'esbId': 'FRA545210', 'firstName': 'Troy', 'footballName': 'Troy', 'gsisId': '00-0039868', 'gsisItId': 57223, 'jerseyNumber': 16, 'lastName': 'Franklin', 'position': 'WR', 'positionGroup': 'WR', 'shortName': 'T.Franklin', 'status': 'ACT', 'uniformNumber': '16', 'headshot': 'https://static.www.nfl.com/image/upload/{formatInstructions}/league/w429urxwxc8sw4bsbvxz', 'smartId': '32004652-4154-5210-6c05-a56029ed000f', 'ngsPosition': 'WR', 'ngsPositionGroup': 'WR'}",Troy Franklin,WR,1400,2024,troy franklin,DEN,2/6/2003,22452.72913
7.253076923,4.596885334,10.62301724,3.915500215,6.233648649,1.636763315,63.79310345,29.74284832,4,74,116,1059,"{'season': 2024, 'currentTeamId': '0325', 'displayName': 'Zay Flowers', 'esbId': 'FLO577002', 'firstName': 'Xavien', 'footballName': 'Zay', 'gsisId': '00-0039064', 'gsisItId': 55886, 'headshot': 'https://static.www.nfl.com/image/upload/{formatInstructions}/league/oidhqwg0fjvanyk57nc1', 'jerseyNumber': 4, 'lastName': 'Flowers', 'position': 'WR', 'positionGroup': 'WR', 'shortName': 'Z.Flowers', 'smartId': '3200464c-4f57-7002-1160-832e9618f0fd', 'status': 'ACT', 'uniformNumber': '4', 'ngsPosition': 'WR', 'ngsPositionGroup': 'WR'}",Zay Flowers,WR,325,2024,zay flowers,BAL,9/11/2000,15950.87671
7.174909091,3.976130015,12.16758621,3.276220069,3.798918919,-0.177211096,63.79310345,18.42558047,8,37,58,461,"{'season': 2024, 'currentTeamId': '4900', 'displayName': 'Jalen McMillan', 'esbId': 'MCM472299', 'firstName': 'Jalen', 'footballName': 'Jalen', 'gsisId': '00-0039855', 'gsisItId': 57213, 'jerseyNumber': 15, 'lastName': 'McMillan', 'position': 'WR', 'positionGroup': 'WR', 'shortName': 'J.McMillan', 'status': 'ACT', 'uniformNumber': '15', 'headshot': 'https://static.www.nfl.com/image/upload/{formatInstructions}/league/zdxkyl8gy4dqiq6evfzp', 'smartId': '32004d43-4d47-2299-41b9-9748c436ab7f', 'ngsPosition': 'WR', 'ngsPositionGroup': 'WR'}",Jalen McMillan,WR,4900,2024,jalen mcmillan,TB,12/7/2001,15025.77701
7.119340659,4.007833425,7.8189,3.263575264,4.242985075,0.235151649,67,19.16622544,6,67,100,710,"{'season': 2024, 'currentTeamId': '2510', 'displayName': 'Cooper Kupp', 'esbId': 'KUP534597', 'firstName': 'Cooper', 'footballName': 'Cooper', 'gsisId': '00-0033908', 'gsisItId': 44881, 'headshot': 'https://static.www.nfl.com/image/upload/{formatInstructions}/league/sq7zwzcgrajuk0hwwph2', 'jerseyNumber': 10, 'lastName': 'Kupp', 'position': 'WR', 'positionGroup': 'WR', 'shortName': 'C.Kupp', 'smartId': '32004b55-5053-4597-b958-87408c31956f', 'status': 'ACT', 'uniformNumber': '10', 'ngsPosition': 'SLOT_WR', 'ngsPositionGroup': 'WR'}",Cooper Kupp,WR,2510,2024,cooper kupp,LA,6/15/1993,28952.19392
7.107333333,5.678746021,6.35921875,3.994468127,6.414666667,0.735920646,70.3125,10.24031361,3,45,64,506,"{'season': 2024, 'currentTeamId': '5110', 'displayName': 'Olamide Zaccheaus', 'esbId': 'ZAC133180', 'firstName': 'Olamide', 'footballName': 'Olamide', 'gsisId': '00-0035208', 'gsisItId': 48374, 'headshot': 'https://static.www.nfl.com/image/upload/{formatInstructions}/league/hcmdnfgnnvcp0qbktpxd', 'jerseyNumber': 14, 'lastName': 'Zaccheaus', 'position': 'WR', 'positionGroup': 'WR', 'shortName': 'O.Zaccheaus', 'smartId': '32005a41-4313-3180-ba01-ae8103314fa2', 'status': 'ACT', 'uniformNumber': '14', 'ngsPosition': 'SLOT_WR', 'ngsPositionGroup': 'WR'}",Olamide Zaccheaus,WR,5110,2024,olamide zaccheaus,WAS,7/23/1997,14171.08016
7.012711864,6.490640493,8.156533333,3.996402117,7.520181818,1.029541325,73.33333333,15.19420586,6,55,75,857,"{'season': 2024, 'currentTeamId': '1800', 'displayName': 'Jayden Reed', 'esbId': 'REE263142', 'firstName': 'Jayden', 'footballName': 'Jayden', 'gsisId': '00-0039146', 'gsisItId': 55915, 'headshot': 'https://static.www.nfl.com/image/upload/{formatInstructions}/league/blh2tfg9qjthqo2g6ot4', 'jerseyNumber': 11, 'lastName': 'Reed', 'position': 'WR', 'positionGroup': 'WR', 'shortName': 'J.Reed', 'smartId': '32005245-4526-3142-e96f-a871c08a1138', 'status': 'ACT', 'uniformNumber': '11', 'ngsPosition': 'SLOT_WR', 'ngsPositionGroup': 'WR'}",Jayden Reed,WR,1800,2024,jayden reed,GB,4/28/2000,14447.11164
6.967142857,4.73017109,6.730545455,3.901410308,4.427659574,-0.302511516,85.45454545,8.89402516,4,47,55,474,"{'season': 2024, 'currentTeamId': '0810', 'displayName': 'Cole Kmet', 'esbId': 'KME200895', 'firstName': 'Cole', 'footballName': 'Cole', 'gsisId': '00-0036290', 'gsisItId': 52451, 'headshot': 'https://static.www.nfl.com/image/upload/{formatInstructions}/league/fdxpctcmwjupassg9g9d', 'jerseyNumber': 85, 'lastName': 'Kmet', 'position': 'TE', 'positionGroup': 'TE', 'shortName': 'C.Kmet', 'smartId': '32004b4d-4520-0895-f027-61d779beeff4', 'status': 'ACT', 'uniformNumber': '85', 'ngsPosition': 'TE', 'ngsPositionGroup': 'TE'}",Cole Kmet,TE,810,2024,cole kmet,CHI,3/10/1999,11575.24951
6.933220339,3.906554492,8.71640625,3.021883811,4.064680851,0.158126359,73.4375,12.34861683,3,47,64,496,"{'season': 2024, 'currentTeamId': '2120', 'displayName': 'Stefon Diggs', 'esbId': 'DIG218895', 'firstName': 'Stefon', 'footballName': 'Stefon', 'gsisId': '00-0031588', 'gsisItId': 42489, 'headshot': 'https://static.www.nfl.com/image/upload/{formatInstructions}/league/to2qwuffjnjlouctglsl', 'jerseyNumber': 1, 'lastName': 'Diggs', 'position': 'WR', 'positionGroup': 'WR', 'shortName': 'S.Diggs', 'smartId': '32004449-4721-8895-fc23-d2bf4c921bd4', 'status': 'RES', 'uniformNumber': '1', 'ngsPosition': 'WR', 'ngsPositionGroup': 'WR'}",Stefon Diggs,WR,2120,2024,stefon diggs,HOU,11/29/1993,18152.71086
6.927068966,3.909316113,7.599882353,3.169043584,4.218490566,0.309174453,62.35294118,14.29969164,2,53,85,532,"{'season': 2024, 'currentTeamId': '2120', 'displayName': 'Dalton Schultz', 'esbId': 'SCH647271', 'firstName': 'Dalton', 'footballName': 'Dalton', 'gsisId': '00-0034383', 'gsisItId': 46206, 'headshot': 'https://static.www.nfl.com/image/upload/{formatInstructions}/league/ooatvpu1knzypdmjljo9', 'jerseyNumber': 86, 'lastName': 'Schultz', 'position': 'TE', 'positionGroup': 'TE', 'shortName': 'D.Schultz', 'smartId': '32005343-4864-7271-8c9c-893e6cc8875d', 'status': 'ACT', 'uniformNumber': '86', 'ngsPosition': 'TE', 'ngsPositionGroup': 'TE'}",Dalton Schultz,TE,2120,2024,dalton schultz,HOU,7/11/1996,18152.71086
6.904285714,3.496192578,9.600392157,3.105860132,2.954375,-0.541817578,62.74509804,12.78344486,1,32,51,334,"{'season': 2024, 'currentTeamId': '4900', 'displayName': 'Sterling Shepard', 'esbId': 'SHE495754', 'firstName': 'Sterling', 'footballName': 'Sterling', 'gsisId': '00-0032385', 'gsisItId': 43329, 'headshot': 'https://static.www.nfl.com/image/upload/{formatInstructions}/league/dphqvpkeselgrselrvma', 'jerseyNumber': 17, 'lastName': 'Shepard', 'position': 'WR', 'positionGroup': 'WR', 'shortName': 'S.Shepard', 'smartId': '32005348-4549-5754-5697-2a8312edc489', 'status': 'ACT', 'uniformNumber': '17', 'ngsPosition': 'WR', 'ngsPositionGroup': 'WR'}",Sterling Shepard,WR,4900,2024,sterling shepard,TB,2/10/1993,15025.77701
6.86725,5.518932041,5.792413793,4.010061827,5.817878788,0.298946747,75.86206897,13.5558114,3,66,87,621,"{'season': 2024, 'currentTeamId': '3200', 'displayName': 'Demario Douglas', 'esbId': 'DOU259552', 'firstName': 'Demario', 'footballName': 'Demario', 'gsisId': '00-0038621', 'gsisItId': 56075, 'headshot': 'https://static.www.nfl.com/image/private/{formatInstructions}/league/svnh61ottqtfmcqvnbj3', 'jerseyNumber': 3, 'lastName': 'Douglas', 'position': 'WR', 'positionGroup': 'WR', 'shortName': 'D.Douglas', 'smartId': '3200444f-5525-9552-5dc9-fda7c5a9b03d', 'status': 'ACT', 'uniformNumber': '3', 'ngsPosition': 'SLOT_WR', 'ngsPositionGroup': 'WR'}",Demario Douglas,WR,3200,2024,demario douglas,NE,12/8/2000,20462.28098
6.84862069,3.580802404,6.089102564,3.503750497,4.494,0.913197596,83.33333333,13.42364393,7,65,78,655,"{'season': 2024, 'currentTeamId': '3900', 'displayName': 'Pat Freiermuth', 'esbId': 'FRE439769', 'firstName': 'Pat', 'footballName': 'Pat', 'gsisId': '00-0036894', 'gsisItId': 53484, 'headshot': 'https://static.www.nfl.com/image/upload/{formatInstructions}/league/sozfjyy3bmntjv8tmqah', 'jerseyNumber': 88, 'lastName': 'Freiermuth', 'position': 'TE', 'positionGroup': 'TE', 'shortName': 'P.Freiermuth', 'smartId': '32004652-4543-9769-d771-bdf1de25cd8b', 'status': 'ACT', 'uniformNumber': '88', 'ngsPosition': 'SLOT_WR', 'ngsPositionGroup': 'WR'}",Pat Freiermuth,TE,3900,2024,pat freiermuth,PIT,10/25/1998,10617.52143
6.8171875,6.165020361,5.731836735,3.723565841,5.593666667,-0.571353694,61.2244898,6.884633486,1,30,49,294,"{'season': 2024, 'currentTeamId': '2510', 'displayName': 'Colby Parkinson', 'esbId': 'PAR483746', 'firstName': 'Colby', 'footballName': 'Colby', 'gsisId': '00-0036244', 'gsisItId': 52541, 'headshot': 'https://static.www.nfl.com/image/upload/{formatInstructions}/league/crjyx8tutyzn8bomqbdc', 'jerseyNumber': 86, 'lastName': 'Parkinson', 'position': 'TE', 'positionGroup': 'TE', 'shortName': 'C.Parkinson', 'smartId': '32005041-5248-3746-b5fb-ae737ddd1142', 'status': 'ACT', 'uniformNumber': '86', 'ngsPosition': 'TE', 'ngsPositionGroup': 'TE'}",Colby Parkinson,TE,2510,2024,colby parkinson,LA,1/7/1999,28952.19392
6.7972,4.179482267,5.784571429,4.060949185,5.187115385,1.007633118,74.28571429,9.838375788,2,52,70,483,"{'season': 2024, 'currentTeamId': '2100', 'displayName': 'Chigoziem Okonkwo', 'esbId': 'OKO283611', 'firstName': 'Chigoziem', 'footballName': 'Chigoziem', 'gsisId': '00-0037809', 'gsisItId': 54608, 'headshot': 'https://static.www.nfl.com/image/upload/{formatInstructions}/league/ut2gqeq2lowknrro0wlu', 'jerseyNumber': 85, 'lastName': 'Okonkwo', 'position': 'TE', 'positionGroup': 'TE', 'shortName': 'C.Okonkwo', 'smartId': '32004f4b-4f28-3611-fc64-d952b8d6cb17', 'status': 'ACT', 'uniformNumber': '85', 'ngsPosition': 'TE', 'ngsPositionGroup': 'WR'}",Chig Okonkwo,TE,2100,2024,chigoziem okonkwo,TEN,,12151.49129
6.786666667,4.616778944,6.391111111,3.359991107,6.15516129,1.538382346,68.88888889,7.085401757,1,31,45,293,"{'season': 2024, 'currentTeamId': '1400', 'displayName': ""Lil'Jordan Humphrey"", 'esbId': 'HUM534685', 'firstName': ""Lil'Jordan"", 'footballName': ""Lil'Jordan"", 'gsisId': '00-0035406', 'gsisItId': 48541, 'headshot': 'https://static.www.nfl.com/image/upload/{formatInstructions}/league/yjmyfuozafxd7zwf3mlr', 'jerseyNumber': 84, 'lastName': 'Humphrey', 'position': 'WR', 'positionGroup': 'WR', 'shortName': 'L.Humphrey', 'smartId': '32004855-4d53-4685-a0a5-54fdf221bf83', 'status': 'ACT', 'uniformNumber': '84', 'ngsPosition': 'SLOT_WR', 'ngsPositionGroup': 'WR'}",Lil'Jordan Humphrey,WR,1400,2024,lil'jordan humphrey,DEN,4/19/1998,22452.72913
6.714897959,5.081919856,8.482586207,4.317954919,6.401904762,1.319984906,72.4137931,11.8749819,6,42,58,477,"{'season': 2024, 'currentTeamId': '0325', 'displayName': 'Isaiah Likely', 'esbId': 'LIK088990', 'firstName': 'Isaiah', 'footballName': 'Isaiah', 'gsisId': '00-0037838', 'gsisItId': 54604, 'headshot': 'https://static.www.nfl.com/image/upload/{formatInstructions}/league/xmikfnklnpjmzjhbjrur', 'jerseyNumber': 80, 'lastName': 'Likely', 'position': 'TE', 'positionGroup': 'TE', 'shortName': 'I.Likely', 'smartId': '32004c49-4b08-8990-7695-dc4768035012', 'status': 'ACT', 'uniformNumber': '80', 'ngsPosition': 'SLOT_WR', 'ngsPositionGroup': 'WR'}",Isaiah Likely,TE,325,2024,isaiah likely,BAL,4/18/2000,15950.87671
6.697083333,2.760216772,10.83708861,2.418622305,3.5122,0.751983228,63.29113924,38.22981741,9,100,158,1271,"{'season': 2024, 'currentTeamId': '0200', 'displayName': 'Drake London', 'esbId': 'LON013463', 'firstName': 'Drake', 'footballName': 'Drake', 'gsisId': '00-0037238', 'gsisItId': 54473, 'headshot': 'https://static.www.nfl.com/image/upload/{formatInstructions}/league/wikjazqtt3uunjufgqrf', 'jerseyNumber': 5, 'lastName': 'London', 'position': 'WR', 'positionGroup': 'WR', 'shortName': 'D.London', 'smartId': '32004c4f-4e01-3463-a3e9-f95e800c8bba', 'status': 'ACT', 'uniformNumber': '5', 'ngsPosition': 'WR', 'ngsPositionGroup': 'WR'}",Drake London,WR,200,2024,drake london,ATL,7/24/2001,12280.86194
6.673404255,6.737667745,5.4061,4.253743736,8.158026316,1.42035857,76,13.27803785,4,76,100,821,"{'season': 2024, 'currentTeamId': '0610', 'displayName': 'Khalil Shakir', 'esbId': 'SHA107427', 'firstName': 'Khalil', 'footballName': 'Khalil', 'gsisId': '00-0037261', 'gsisItId': 54613, 'headshot': 'https://static.www.nfl.com/image/upload/{formatInstructions}/league/ch2yarhiobqlvr9ls2yw', 'jerseyNumber': 10, 'lastName': 'Shakir', 'position': 'WR', 'positionGroup': 'WR', 'shortName': 'K.Shakir', 'smartId': '32005348-4110-7427-f34a-bb0aa1d8e556', 'status': 'ACT', 'uniformNumber': '10', 'ngsPosition': 'SLOT_WR', 'ngsPositionGroup': 'WR'}",Khalil Shakir,WR,610,2024,khalil shakir,BUF,2/3/2000,18443.3544
6.646017699,3.71001606,4.940214286,3.247169976,4.054623656,0.344607596,66.42857143,17.60845047,3,93,140,699,"{'season': 2024, 'currentTeamId': '3410', 'displayName': ""Wan'Dale Robinson"", 'esbId': 'ROB717726', 'firstName': 'Charles', 'footballName': ""Wan'Dale"", 'gsisId': '00-0038117', 'gsisItId': 54508, 'headshot': 'https://static.www.nfl.com/image/upload/{formatInstructions}/league/z94hnehk9vgmvtad6sgi', 'jerseyNumber': 17, 'lastName': 'Robinson', 'position': 'WR', 'positionGroup': 'WR', 'shortName': 'W.Robinson', 'smartId': '3200524f-4271-7726-8cbf-ec8b4c6b1627', 'status': 'ACT', 'uniformNumber': '17', 'ngsPosition': 'SLOT_WR', 'ngsPositionGroup': 'WR'}",Wan'Dale Robinson,WR,3410,2024,wan'dale robinson,NYG,1/5/2001,12114.25008
6.625405405,5.309485449,4.485217391,4.056089406,5.399032258,0.089546809,67.39130435,5.067469655,1,31,46,253,"{'season': 2024, 'currentTeamId': '0610', 'displayName': 'Curtis Samuel', 'esbId': 'SAM633285', 'firstName': 'Curtis', 'footballName': 'Curtis', 'gsisId': '00-0033282', 'gsisItId': 44852, 'headshot': 'https://static.www.nfl.com/image/upload/{formatInstructions}/league/mq62ulflifrpjrcyknbj', 'jerseyNumber': 1, 'lastName': 'Samuel', 'position': 'WR', 'positionGroup': 'WR', 'shortName': 'C.Samuel', 'smartId': '32005341-4d63-3285-ce5d-61e91947654e', 'status': 'ACT', 'uniformNumber': '1', 'ngsPosition': 'WR', 'ngsPositionGroup': 'WR'}",Curtis Samuel,WR,610,2024,curtis samuel,BUF,8/11/1996,18443.3544
6.620408163,4.357243371,5.36296875,3.646108447,3.639787234,-0.717456137,73.4375,7.934229324,1,47,64,365,"{'season': 2024, 'currentTeamId': '2250', 'displayName': 'Evan Engram', 'esbId': 'ENG726325', 'firstName': 'Evan', 'footballName': 'Evan', 'gsisId': '00-0033881', 'gsisItId': 44835, 'headshot': 'https://static.www.nfl.com/image/upload/{formatInstructions}/league/sea0atk2feif4n75dvq8', 'jerseyNumber': 17, 'lastName': 'Engram', 'position': 'TE', 'positionGroup': 'TE', 'shortName': 'E.Engram', 'smartId': '3200454e-4772-6325-a4a0-9b4b442fe68a', 'status': 'RES', 'uniformNumber': '17', 'ngsPosition': 'SLOT_WR', 'ngsPositionGroup': 'WR'}",Evan Engram,TE,2250,2024,evan engram,JAX,9/2/1994,15272.93704
6.6075,2.447527746,15.21476923,2.555612456,2.589230769,0.141703024,60,23.3769058,1,39,65,575,"{'season': 2024, 'currentTeamId': '4400', 'displayName': 'Josh Palmer', 'esbId': 'PAL451625', 'firstName': 'Josh', 'footballName': 'Josh', 'gsisId': '00-0036988', 'gsisItId': 53506, 'headshot': 'https://static.www.nfl.com/image/upload/{formatInstructions}/league/dexbsmmldvsqtr83or5l', 'jerseyNumber': 5, 'lastName': 'Palmer', 'position': 'WR', 'positionGroup': 'WR', 'shortName': 'J.Palmer', 'smartId': '32005041-4c45-1625-eb93-c2c9b11c4006', 'status': 'ACT', 'uniformNumber': '5', 'ngsPosition': 'WR', 'ngsPositionGroup': 'WR'}",Josh Palmer,WR,4400,2024,josh palmer,LAC,9/22/1999,30001.64568
6.589230769,3.091674052,11.59,2.613923706,2.485714286,-0.605959766,62.5,16.33055639,1,35,56,453,"{'season': 2024, 'currentTeamId': '5110', 'displayName': 'Noah Brown', 'esbId': 'BRO567406', 'firstName': 'Noah', 'footballName': 'Noah', 'gsisId': '00-0033591', 'gsisItId': 45052, 'headshot': 'https://static.www.nfl.com/image/upload/{formatInstructions}/league/nv6ix0p8965yiugsuhwh', 'jerseyNumber': 85, 'lastName': 'Brown', 'position': 'WR', 'positionGroup': 'WR', 'shortName': 'N.Brown', 'smartId': '32004252-4f56-7406-27bf-fae9f5eeb8ad', 'status': 'RES', 'uniformNumber': '85', 'ngsPosition': 'WR', 'ngsPositionGroup': 'WR'}",Noah Brown,WR,5110,2024,noah brown,WAS,1/6/1996,14171.08016
6.58411215,3.139397937,10.58738739,2.841029383,3.934202899,0.794804962,62.16216216,22.97210391,3,69,111,808,"{'season': 2024, 'currentTeamId': '2200', 'displayName': 'Michael Pittman', 'esbId': 'PIT228050', 'firstName': 'Michael', 'footballName': 'Michael', 'gsisId': '00-0036252', 'gsisItId': 52442, 'headshot': 'https://static.www.nfl.com/image/private/{formatInstructions}/league/wnymcombo2plamteihiy', 'jerseyNumber': 11, 'lastName': 'Pittman', 'position': 'WR', 'positionGroup': 'WR', 'shortName': 'M.Pittman', 'smartId': '32005049-5422-8050-a8f8-f5210135a4b3', 'status': 'ACT', 'uniformNumber': '11', 'ngsPosition': 'WR', 'ngsPositionGroup': 'WR'}",Michael Pittman,WR,2200,2024,michael pittman,IND,10/5/1997,11496.72261
6.582820513,4.825258604,13.16340426,2.786291027,4.929259259,0.104000655,57.44680851,14.30163155,1,27,47,379,"{'season': 2024, 'currentTeamId': '2250', 'displayName': 'Christian Kirk', 'esbId': 'KIR257918', 'firstName': 'Christian', 'footballName': 'Christian', 'gsisId': '00-0034775', 'gsisItId': 46116, 'headshot': 'https://static.www.nfl.com/image/private/{formatInstructions}/league/ersmmtjmjlpsy9lmjvde', 'jerseyNumber': 13, 'lastName': 'Kirk', 'position': 'WR', 'positionGroup': 'WR', 'shortName': 'C.Kirk', 'smartId': '32004b49-5225-7918-e402-81feed3bdafb', 'status': 'RES', 'uniformNumber': '13', 'ngsPosition': 'SLOT_WR', 'ngsPositionGroup': 'WR'}",Christian Kirk,WR,2250,2024,christian kirk,JAX,11/18/1996,15272.93704
6.558440367,2.629450589,11.87445455,2.491417274,3.395945946,0.766495357,67.27272727,34.10319808,11,74,110,1004,"{'season': 2024, 'currentTeamId': '4900', 'displayName': 'Mike Evans', 'esbId': 'EVA534309', 'firstName': 'Mike', 'footballName': 'Mike', 'gsisId': '00-0031408', 'gsisItId': 41233, 'headshot': 'https://static.www.nfl.com/image/upload/{formatInstructions}/league/vfsaie1uiokfczwv9p4d', 'jerseyNumber': 13, 'lastName': 'Evans', 'position': 'WR', 'positionGroup': 'WR', 'shortName': 'M.Evans', 'smartId': '32004556-4153-4309-b2ed-6b8233f6fea5', 'status': 'ACT', 'uniformNumber': '13', 'ngsPosition': 'WR', 'ngsPositionGroup': 'WR'}",Mike Evans,WR,4900,2024,mike evans,TB,8/21/1993,15025.77701
6.544594595,3.37713576,11.91518987,2.722779548,3.472653061,0.095517301,62.02531646,20.31452662,7,49,79,610,"{'season': 2024, 'currentTeamId': '1200', 'displayName': 'Jalen Tolbert', 'esbId': 'TOL148914', 'firstName': 'Jalen', 'footballName': 'Jalen', 'gsisId': '00-0037666', 'gsisItId': 54553, 'headshot': 'https://static.www.nfl.com/image/upload/{formatInstructions}/league/cek1m1cbly5rfmmmjpcc', 'jerseyNumber': 1, 'lastName': 'Tolbert', 'position': 'WR', 'positionGroup': 'WR', 'shortName': 'J.Tolbert', 'smartId': '3200544f-4c14-8914-de91-cd54d59de2a2', 'status': 'ACT', 'uniformNumber': '1', 'ngsPosition': 'WR', 'ngsPositionGroup': 'WR'}",Jalen Tolbert,WR,1200,2024,jalen tolbert,DAL,2/27/1999,18295.44008
6.542890625,3.209438924,8.034184397,3.091643513,3.707304348,0.497865424,81.56028369,31.89748384,12,115,141,1263,"{'season': 2024, 'currentTeamId': '1540', 'displayName': 'Amon-Ra St. Brown', 'esbId': 'STB415291', 'firstName': 'Amon-Ra', 'footballName': 'Amon-Ra', 'gsisId': '00-0036963', 'gsisItId': 53541, 'headshot': 'https://static.www.nfl.com/image/upload/{formatInstructions}/league/jmfuamqblg8jag0stpnq', 'jerseyNumber': 14, 'lastName': 'St. Brown', 'position': 'WR', 'positionGroup': 'WR', 'shortName': 'A.St. Brown', 'smartId': '32005354-4241-5291-a564-57e98d35161d', 'status': 'ACT', 'uniformNumber': '14', 'ngsPosition': 'WR', 'ngsPositionGroup': 'WR'}",Amon-Ra St. Brown,WR,1540,2024,amon-ra st brown,DET,10/24/1999,14410.27426
6.541,2.72824006,11.23333333,3.165127913,3.5253125,0.79707244,62.74509804,13.24336445,3,32,51,390,"{'season': 2024, 'currentTeamId': '2250', 'displayName': 'Parker Washington', 'esbId': 'WAS604325', 'firstName': 'Christopher', 'footballName': 'Parker', 'gsisId': '00-0038606', 'gsisItId': 56050, 'headshot': 'https://static.www.nfl.com/image/private/{formatInstructions}/league/pukz1x5ysxkhvsmcttdm', 'jerseyNumber': 11, 'lastName': 'Washington', 'position': 'WR', 'positionGroup': 'WR', 'shortName': 'P.Washington', 'smartId': '32005741-5360-4325-2e4f-b11d5ed26427', 'status': 'ACT', 'uniformNumber': '11', 'ngsPosition': 'WR', 'ngsPositionGroup': 'WR'}",Parker Washington,WR,2250,2024,parker washington,JAX,3/21/2002,15272.93704
6.540357143,2.802114478,13.67025641,2.732656982,3.69804878,0.895934303,70.08547009,40.24315681,13,82,117,1096,"{'season': 2024, 'currentTeamId': '5110', 'displayName': 'Terry McLaurin', 'esbId': 'MCL278328', 'firstName': 'Terry', 'footballName': 'Terry', 'gsisId': '00-0035659', 'gsisItId': 47859, 'headshot': 'https://static.www.nfl.com/image/upload/{formatInstructions}/league/wokz1etv1wj1vhbmvxgs', 'jerseyNumber': 17, 'lastName': 'McLaurin', 'position': 'WR', 'positionGroup': 'WR', 'shortName': 'T.McLaurin', 'smartId': '32004d43-4c27-8328-8097-b130ba0e8060', 'status': 'ACT', 'uniformNumber': '17', 'ngsPosition': 'WR', 'ngsPositionGroup': 'WR'}",Terry McLaurin,WR,5110,2024,terry mclaurin,WAS,9/15/1995,14171.08016
6.536785714,4.036818202,9.605280899,2.957029785,4.303676471,0.266858268,76.40449438,25.60656347,8,68,89,833,"{'season': 2024, 'currentTeamId': '3700', 'displayName': 'DeVonta Smith', 'esbId': 'SMI206016', 'firstName': 'DeVonta', 'footballName': 'DeVonta', 'gsisId': '00-0036912', 'gsisItId': 53439, 'headshot': 'https://static.www.nfl.com/image/upload/{formatInstructions}/league/bmdflwy52nsk7zpnfhwb', 'jerseyNumber': 6, 'lastName': 'Smith', 'position': 'WR', 'positionGroup': 'WR', 'shortName': 'D.Smith', 'smartId': '3200534d-4920-6016-573c-fcc767bafc4d', 'status': 'ACT', 'uniformNumber': '06', 'ngsPosition': 'SLOT_WR', 'ngsPositionGroup': 'WR'}",DeVonta Smith,WR,3700,2024,devonta smith,PHI,11/14/1998,13016.50254
6.517386364,6.163124456,11.3289011,3.366730024,7.784310345,1.621185889,63.73626374,29.02850675,7,58,91,992,"{'season': 2024, 'currentTeamId': '1540', 'displayName': 'Jameson Williams', 'esbId': 'WIL344909', 'firstName': 'Jameson', 'footballName': 'Jameson', 'gsisId': '00-0037240', 'gsisItId': 54477, 'headshot': 'https://static.www.nfl.com/image/upload/{formatInstructions}/league/kt6xzcnjbe9affdfsayt', 'jerseyNumber': 9, 'lastName': 'Williams', 'position': 'WR', 'positionGroup': 'WR', 'shortName': 'J.Williams', 'smartId': '32005749-4c34-4909-bc5e-bde59d1a8826', 'status': 'ACT', 'uniformNumber': '9', 'ngsPosition': 'WR', 'ngsPositionGroup': 'WR'}",Jameson Williams,WR,1540,2024,jameson williams,DET,3/26/2001,14410.27426
6.509191919,5.239685191,7.691320755,3.319900838,6.726582278,1.486897088,74.52830189,19.98470408,3,79,106,990,"{'season': 2024, 'currentTeamId': '2510', 'displayName': 'Puka Nacua', 'esbId': 'NAC559347', 'firstName': 'Puka', 'footballName': 'Puka', 'gsisId': '00-0039075', 'gsisItId': 56042, 'headshot': 'https://static.www.nfl.com/image/upload/{formatInstructions}/league/i1pmrhua5gpvwgsqphxa', 'jerseyNumber': 17, 'lastName': 'Nacua', 'position': 'WR', 'positionGroup': 'WR', 'shortName': 'P.Nacua', 'smartId': '32004e41-4355-9347-35af-af88fcaf7ee9', 'status': 'ACT', 'uniformNumber': '17', 'ngsPosition': 'WR', 'ngsPositionGroup': 'WR'}",Puka Nacua,WR,2510,2024,puka nacua,LA,5/29/2001,28952.19392
6.491150442,3.868565738,9.747520661,3.002284032,3.763857143,-0.104708595,57.85123967,28.33772212,7,70,121,744,"{'season': 2024, 'currentTeamId': '0810', 'displayName': 'Keenan Allen', 'esbId': 'ALL532966', 'firstName': 'Keenan', 'footballName': 'Keenan', 'gsisId': '00-0030279', 'gsisItId': 40024, 'headshot': 'https://static.www.nfl.com/image/upload/{formatInstructions}/league/lngo1onvkcqjnq7ozkuu', 'jerseyNumber': 13, 'lastName': 'Allen', 'position': 'WR', 'positionGroup': 'WR', 'shortName': 'K.Allen', 'smartId': '3200414c-4c53-2966-dfa9-55ae464e7b3d', 'status': 'ACT', 'uniformNumber': '13', 'ngsPosition': 'SLOT_WR', 'ngsPositionGroup': 'WR'}",Keenan Allen,WR,810,2024,keenan allen,CHI,4/27/1992,11575.24951
6.482903226,4.457379928,6.004901961,3.515527476,5.440357143,0.982977215,73.20261438,22.40738889,5,112,153,1194,"{'season': 2024, 'currentTeamId': '2520', 'displayName': 'Brock Bowers', 'esbId': 'BOW196560', 'firstName': 'Brock', 'footballName': 'Brock', 'gsisId': '00-0039338', 'gsisItId': 57134, 'jerseyNumber': 89, 'lastName': 'Bowers', 'position': 'TE', 'positionGroup': 'TE', 'shortName': 'B.Bowers', 'status': 'ACT', 'uniformNumber': '89', 'headshot': 'https://static.www.nfl.com/image/upload/{formatInstructions}/league/mjy86xh8munoiur4hejf', 'smartId': '3200424f-5719-6560-aaaa-d9f4cc244721', 'ngsPosition': 'TE', 'ngsPositionGroup': 'WR'}",Brock Bowers,TE,2520,2024,brock bowers,LV,12/13/2002,23346.51673
6.473777778,3.77742823,6.484150943,3.035487511,4.91875,1.14132177,75.47169811,7.94416936,2,40,53,411,"{'season': 2024, 'currentTeamId': '2250', 'displayName': 'Brenton Strange', 'esbId': 'STR188631', 'firstName': 'Brenton', 'footballName': 'Brenton', 'gsisId': '00-0038935', 'gsisItId': 55926, 'headshot': 'https://static.www.nfl.com/image/private/{formatInstructions}/league/trfk78mrfsafnbatyx2x', 'jerseyNumber': 85, 'lastName': 'Strange', 'position': 'TE', 'positionGroup': 'TE', 'shortName': 'B.Strange', 'smartId': '32005354-5218-8631-c965-3e23bcc23565', 'status': 'ACT', 'uniformNumber': '85', 'ngsPosition': 'TE', 'ngsPositionGroup': 'TE'}",Brenton Strange,TE,2250,2024,brenton strange,JAX,12/27/2000,15272.93704
6.457171717,4.692119788,12.67198113,2.977786548,4.43390625,-0.258213538,60.37735849,29.990444,5,64,106,992,"{'season': 2024, 'currentTeamId': '0200', 'displayName': 'Darnell Mooney', 'esbId': 'MOO076900', 'firstName': 'Darnell', 'footballName': 'Darnell', 'gsisId': '00-0036309', 'gsisItId': 52581, 'headshot': 'https://static.www.nfl.com/image/upload/{formatInstructions}/league/c1ixyspw0eshl3a2qrly', 'jerseyNumber': 1, 'lastName': 'Mooney', 'position': 'WR', 'positionGroup': 'WR', 'shortName': 'D.Mooney', 'smartId': '32004d4f-4f07-6900-2883-f3ddae0181d4', 'status': 'ACT', 'uniformNumber': '1', 'ngsPosition': 'WR', 'ngsPositionGroup': 'WR'}",Darnell Mooney,WR,200,2024,darnell mooney,ATL,10/29/1997,12280.86194
6.4472,3.35938117,9.809379845,2.731501329,3.531609195,0.172228025,67.44186047,30.8620778,4,87,129,1027,"{'season': 2024, 'currentTeamId': '2520', 'displayName': 'Jakobi Meyers', 'esbId': 'MEY171606', 'firstName': 'Jakobi', 'footballName': 'Jakobi', 'gsisId': '00-0034960', 'gsisItId': 48097, 'headshot': 'https://static.www.nfl.com/image/upload/{formatInstructions}/league/p1abjttm5pu8gev0gwea', 'jerseyNumber': 16, 'lastName': 'Meyers', 'position': 'WR', 'positionGroup': 'WR', 'shortName': 'J.Meyers', 'smartId': '32004d45-5917-1606-4197-8f46779fb9b7', 'status': 'ACT', 'uniformNumber': '16', 'ngsPosition': 'WR', 'ngsPositionGroup': 'WR'}",Jakobi Meyers,WR,2520,2024,jakobi meyers,LV,11/9/1996,23346.51673
6.431555556,4.029816659,7.12754386,2.774185579,5.160769231,1.130952572,68.42105263,9.871176854,0,39,57,390,"{'season': 2024, 'currentTeamId': '2100', 'displayName': 'Tyler Boyd', 'esbId': 'BOY378353', 'firstName': 'Tyler', 'footballName': 'Tyler', 'gsisId': '00-0033009', 'gsisItId': 43344, 'headshot': 'https://static.www.nfl.com/image/upload/{formatInstructions}/league/ttifog0hjxprlhkagugu', 'jerseyNumber': 83, 'lastName': 'Boyd', 'position': 'WR', 'positionGroup': 'WR', 'shortName': 'T.Boyd', 'smartId': '3200424f-5937-8353-b941-dfa7122ba16b', 'status': 'ACT', 'uniformNumber': '83', 'ngsPosition': 'SLOT_WR', 'ngsPositionGroup': 'WR'}",Tyler Boyd,WR,2100,2024,tyler boyd,TEN,11/15/1994,12151.49129
6.43,3.418533616,11.38065217,2.669252054,5.6015625,2.183028884,69.56521739,12.51748469,2,32,46,478,"{'season': 2024, 'currentTeamId': '0750', 'displayName': 'Jalen Coker', 'esbId': 'COK451291', 'firstName': 'Jalen', 'footballName': 'Jalen', 'gsisId': '00-0039491', 'gsisItId': 57606, 'jerseyNumber': 18, 'lastName': 'Coker', 'position': 'WR', 'positionGroup': 'WR', 'shortName': 'J.Coker', 'status': 'ACT', 'uniformNumber': '18', 'headshot': 'https://static.www.nfl.com/image/upload/{formatInstructions}/league/wk9xewrixauh09f71pqh', 'smartId': '3200434f-4b45-1291-8e86-939dcb7ab63f', 'ngsPosition': 'SLOT_WR', 'ngsPositionGroup': 'WR'}",Jalen Coker,WR,750,2024,jalen coker,CAR,10/30/2001,12061.30735
6.406923077,3.6785985,12.60637931,2.958910183,4.716944444,1.038345945,62.06896552,20.66526104,4,36,58,548,"{'season': 2024, 'currentTeamId': '3900', 'displayName': 'Calvin Austin', 'esbId': 'AUS738004', 'firstName': 'Calvin', 'footballName': 'Calvin', 'gsisId': '00-0037837', 'gsisItId': 54603, 'headshot': 'https://static.www.nfl.com/image/private/{formatInstructions}/league/qlt6ztqcbu0uzad6aavt', 'jerseyNumber': 19, 'lastName': 'Austin', 'position': 'WR', 'positionGroup': 'WR', 'shortName': 'C.Austin', 'smartId': '32004155-5373-8004-5ff3-52f1c2b4fb0b', 'status': 'ACT', 'uniformNumber': '19', 'ngsPosition': 'SLOT_WR', 'ngsPositionGroup': 'WR'}",Calvin Austin III,WR,3900,2024,calvin austin iii,PIT,,10617.52143
6.4055,3.686438254,10.94919355,3.004133023,3.508333333,-0.178104921,77.41935484,16.23177109,5,48,62,615,"{'season': 2024, 'currentTeamId': '0750', 'displayName': 'Adam Thielen', 'esbId': 'THI510348', 'firstName': 'Adam', 'footballName': 'Adam', 'gsisId': '00-0030035', 'gsisItId': 40488, 'headshot': 'https://static.www.nfl.com/image/upload/{formatInstructions}/league/pxehgo0l9xl03n7dronf', 'jerseyNumber': 19, 'lastName': 'Thielen', 'position': 'WR', 'positionGroup': 'WR', 'shortName': 'A.Thielen', 'smartId': '32005448-4951-0348-440c-28f32f21652b', 'status': 'ACT', 'uniformNumber': '19', 'ngsPosition': 'SLOT_WR', 'ngsPositionGroup': 'WR'}",Adam Thielen,WR,750,2024,adam thielen,CAR,8/22/1990,12061.30735
6.401388889,3.892384137,11.09364865,2.66434459,2.997959184,-0.894424953,66.21621622,20.13756528,2,49,74,600,"{'season': 2024, 'currentTeamId': '4600', 'displayName': 'Tyler Lockett', 'esbId': 'LOC420915', 'firstName': 'Tyler', 'footballName': 'Tyler', 'gsisId': '00-0032211', 'gsisItId': 42412, 'headshot': 'https://static.www.nfl.com/image/upload/{formatInstructions}/league/yz9p4pfwr0iyakhnwj4z', 'jerseyNumber': 16, 'lastName': 'Lockett', 'position': 'WR', 'positionGroup': 'WR', 'shortName': 'T.Lockett', 'smartId': '32004c4f-4342-0915-1af7-ec50f437887c', 'status': 'ACT', 'uniformNumber': '16', 'ngsPosition': 'WR', 'ngsPositionGroup': 'WR'}",Tyler Lockett,WR,4600,2024,tyler lockett,SEA,9/28/1992,26996.57056
6.390701754,5.047980963,5.582096774,3.236759514,7.3276,2.279619037,80.64516129,9.036032908,5,50,62,576,"{'season': 2024, 'currentTeamId': '4900', 'displayName': 'Chris Godwin', 'esbId': 'GOD549393', 'firstName': 'Rod', 'footballName': 'Chris', 'gsisId': '00-0033921', 'gsisItId': 44896, 'headshot': 'https://static.www.nfl.com/image/upload/{formatInstructions}/league/al7b3dzqhysgve7l5lke', 'jerseyNumber': 14, 'lastName': 'Godwin', 'position': 'WR', 'positionGroup': 'WR', 'shortName': 'C.Godwin', 'smartId': '3200474f-4454-9393-6eec-24189dd66641', 'status': 'RES', 'uniformNumber': '14', 'ngsPosition': 'SLOT_WR', 'ngsPositionGroup': 'WR'}",Chris Godwin,WR,4900,2024,chris godwin,TB,2/27/1996,15025.77701
6.390454545,3.415874501,5.297835052,3.099892129,4.21484375,0.798969249,65.97938144,10.43134946,5,64,97,505,"{'season': 2024, 'currentTeamId': '1050', 'displayName': 'David Njoku', 'esbId': 'NJO355964', 'firstName': 'David', 'footballName': 'David', 'gsisId': '00-0033885', 'gsisItId': 44841, 'headshot': 'https://static.www.nfl.com/image/private/{formatInstructions}/league/ilvxwdllivrvwbuj69cm', 'jerseyNumber': 85, 'lastName': 'Njoku', 'position': 'TE', 'positionGroup': 'TE', 'shortName': 'D.Njoku', 'smartId': '32004e4a-4f35-5964-1f03-4dc0b4e0b757', 'status': 'RES', 'uniformNumber': '85', 'ngsPosition': 'TE', 'ngsPositionGroup': 'WR'}",David Njoku,TE,1050,2024,david njoku,CLE,7/10/1996,12139.78337
6.365616438,2.712672997,11.67447368,2.971322299,3.817692308,1.10501931,51.31578947,22.03748504,5,39,76,415,"{'season': 2024, 'currentTeamId': '1800', 'displayName': 'Dontayvion Wicks', 'esbId': 'WIC622867', 'firstName': 'Dontayvion', 'footballName': 'Dontayvion', 'gsisId': '00-0038393', 'gsisItId': 56024, 'headshot': 'https://static.www.nfl.com/image/upload/{formatInstructions}/league/ghsev2bmz8kvhm8dsbey', 'jerseyNumber': 13, 'lastName': 'Wicks', 'position': 'WR', 'positionGroup': 'WR', 'shortName': 'D.Wicks', 'smartId': '32005749-4362-2867-1ce9-aa6b2d842d21', 'status': 'ACT', 'uniformNumber': '13', 'ngsPosition': 'WR', 'ngsPositionGroup': 'WR'}",Dontayvion Wicks,WR,1800,2024,dontayvion wicks,GB,6/16/2001,14447.11164
6.355063291,2.460207007,12.29654762,2.619110108,2.52,0.059792993,58.33333333,24.69758956,4,49,84,497,"{'season': 2024, 'currentTeamId': '0750', 'displayName': 'Xavier Legette', 'esbId': 'LEG145351', 'firstName': 'Xavier', 'footballName': 'Xavier', 'gsisId': '00-0039342', 'gsisItId': 57153, 'jerseyNumber': 17, 'lastName': 'Legette', 'position': 'WR', 'positionGroup': 'WR', 'shortName': 'X.Legette', 'status': 'ACT', 'uniformNumber': '17', 'headshot': 'https://static.www.nfl.com/image/upload/{formatInstructions}/league/a3etuvp3kqtwmtkioq8g', 'smartId': '32004c45-4714-5351-c48c-d286b74bea32', 'ngsPosition': 'WR', 'ngsPositionGroup': 'WR'}",Xavier Legette,WR,750,2024,xavier legette,CAR,1/29/2001,12061.30735
6.345957447,2.91226774,13.36686869,2.995831213,3.557777778,0.645510038,63.63636364,28.82541425,9,63,99,875,"{'season': 2024, 'currentTeamId': '3000', 'displayName': 'Jordan Addison', 'esbId': 'ADD491056', 'firstName': 'Jordan', 'footballName': 'Jordan', 'gsisId': '00-0038994', 'gsisItId': 55887, 'headshot': 'https://static.www.nfl.com/image/upload/{formatInstructions}/league/tmyckmignrvy8truccwm', 'jerseyNumber': 3, 'lastName': 'Addison', 'position': 'WR', 'positionGroup': 'WR', 'shortName': 'J.Addison', 'smartId': '32004144-4449-1056-9ba9-b09766bad478', 'status': 'ACT', 'uniformNumber': '3', 'ngsPosition': 'WR', 'ngsPositionGroup': 'WR'}",Jordan Addison,WR,3000,2024,jordan addison,MIN,1/27/2002,17010.22079
6.332222222,5.227865296,4.730636364,3.485572353,6.060795455,0.832930159,79.27927928,14.78210478,8,88,111,884,"{'season': 2024, 'currentTeamId': '2700', 'displayName': 'Jonnu Smith', 'esbId': 'SMI443054', 'firstName': 'Jonnu', 'footballName': 'Jonnu', 'gsisId': '00-0033858', 'gsisItId': 44912, 'headshot': 'https://static.www.nfl.com/image/upload/{formatInstructions}/league/p8uldtljkzb6sile3wgx', 'jerseyNumber': 9, 'lastName': 'Smith', 'position': 'TE', 'positionGroup': 'TE', 'shortName': 'J.Smith', 'smartId': '3200534d-4944-3054-540c-5ec35eb5903e', 'status': 'ACT', 'uniformNumber': '9', 'ngsPosition': 'SLOT_WR', 'ngsPositionGroup': 'WR'}",Jonnu Smith,TE,2700,2024,jonnu smith,MIA,8/22/1995,25867.77978
6.322409639,3.350768074,7.613406593,3.631373816,3.143333333,-0.207434741,72.52747253,17.43210908,7,66,91,654,"{'season': 2024, 'currentTeamId': '5110', 'displayName': 'Zach Ertz', 'esbId': 'ERT800920', 'firstName': 'Zachary', 'footballName': 'Zach', 'gsisId': '00-0030061', 'gsisItId': 39983, 'headshot': 'https://static.www.nfl.com/image/upload/{formatInstructions}/league/xktmmeumuoglbuam75iz', 'jerseyNumber': 86, 'lastName': 'Ertz', 'position': 'TE', 'positionGroup': 'TE', 'shortName': 'Z.Ertz', 'smartId': '32004552-5480-0920-32a6-165b5a77814e', 'status': 'ACT', 'uniformNumber': '86', 'ngsPosition': 'SLOT_WR', 'ngsPositionGroup': 'WR'}",Zach Ertz,TE,5110,2024,zach ertz,WAS,11/10/1990,14171.08016
6.321868132,6.63978354,8.99255102,3.773457957,7.085762712,0.445979171,60.20408163,24.46809987,6,59,98,638,"{'season': 2024, 'currentTeamId': '2310', 'displayName': 'Xavier Worthy', 'esbId': 'WOR741496', 'firstName': 'Xavier', 'footballName': 'Xavier', 'gsisId': '00-0039894', 'gsisItId': 57149, 'jerseyNumber': 1, 'lastName': 'Worthy', 'position': 'WR', 'positionGroup': 'WR', 'shortName': 'X.Worthy', 'status': 'ACT', 'uniformNumber': '01', 'headshot': 'https://static.www.nfl.com/image/upload/{formatInstructions}/league/fvzbx5gpiqkogglyoo1w', 'smartId': '3200574f-5274-1496-c9ca-5c4709faa05b', 'ngsPosition': 'WR', 'ngsPositionGroup': 'WR'}",Xavier Worthy,WR,2310,2024,xavier worthy,KC,4/27/2003,18779.71504
6.316363636,7.419948163,8.846153846,3.372861056,8.721612903,1.30166474,59.61538462,9.927421913,2,31,52,420,"{'season': 2024, 'currentTeamId': '1200', 'displayName': 'Kavontae Turpin', 'esbId': 'TUR785436', 'firstName': 'Kavontae', 'footballName': 'Kavontae', 'gsisId': '00-0037801', 'gsisItId': 53117, 'headshot': 'https://static.www.nfl.com/image/upload/{formatInstructions}/league/lwkox2bvc6k3hqmidf4q', 'jerseyNumber': 9, 'lastName': 'Turpin', 'position': 'WR', 'positionGroup': 'WR', 'shortName': 'K.Turpin', 'smartId': '32005455-5278-5436-f08f-3e4ec71654f2', 'status': 'ACT', 'uniformNumber': '9', 'ngsPosition': 'SLOT_WR', 'ngsPositionGroup': 'WR'}",KaVontae Turpin,WR,1200,2024,kavontae turpin,DAL,,18295.44008
6.237924528,2.99659102,12.5837037,2.16339503,2.364615385,-0.631975635,48.14814815,14.6649603,3,26,54,259,"{'season': 2024, 'currentTeamId': '1200', 'displayName': 'Brandin Cooks', 'esbId': 'COO299382', 'firstName': 'Brandin', 'footballName': 'Brandin', 'gsisId': '00-0031236', 'gsisItId': 41246, 'headshot': 'https://static.www.nfl.com/image/upload/{formatInstructions}/league/pjoksfxpbba4hevwpuop', 'jerseyNumber': 3, 'lastName': 'Cooks', 'position': 'WR', 'positionGroup': 'WR', 'shortName': 'B.Cooks', 'smartId': '3200434f-4f29-9382-29e1-70020b0a09be', 'status': 'ACT', 'uniformNumber': '3', 'ngsPosition': 'WR', 'ngsPositionGroup': 'WR'}",Brandin Cooks,WR,1200,2024,brandin cooks,DAL,9/25/1993,18295.44008
6.22825,4.330446172,8.820510949,3.295539909,4.904,0.573553828,72.99270073,29.6425216,6,100,137,1130,"{'season': 2024, 'currentTeamId': '4600', 'displayName': 'Jaxon Smith-Njigba', 'esbId': 'SMI829636', 'firstName': 'Jaxon', 'footballName': 'Jaxon', 'gsisId': '00-0038543', 'gsisItId': 55884, 'headshot': 'https://static.www.nfl.com/image/upload/{formatInstructions}/league/lfroslgx4bo5p641flvg', 'jerseyNumber': 11, 'lastName': 'Smith-Njigba', 'position': 'WR', 'positionGroup': 'WR', 'shortName': 'J.Smith-Njigba', 'smartId': '3200534d-4982-9636-a18c-5da6fbdaa80c', 'status': 'ACT', 'uniformNumber': '11', 'ngsPosition': 'SLOT_WR', 'ngsPositionGroup': 'WR'}",Jaxon Smith-Njigba,WR,4600,2024,jaxon smith-njigba,SEA,2/14/2002,26996.57056
6.222110092,2.026651925,10.53899083,2.371985076,3.207534247,1.180882322,66.97247706,24.56478367,10,73,109,911,"{'season': 2024, 'currentTeamId': '0920', 'displayName': 'Tee Higgins', 'esbId': 'HIG387791', 'firstName': 'Tamaurice', 'footballName': 'Tee', 'gsisId': '00-0036410', 'gsisItId': 52441, 'headshot': 'https://static.www.nfl.com/image/upload/{formatInstructions}/league/swqgkrdmjecz3vumrex5', 'jerseyNumber': 5, 'lastName': 'Higgins', 'position': 'WR', 'positionGroup': 'WR', 'shortName': 'T.Higgins', 'smartId': '32004849-4738-7791-9f89-d556c4b59b9a', 'status': 'ACT', 'uniformNumber': '5', 'ngsPosition': 'WR', 'ngsPositionGroup': 'WR'}",Tee Higgins,WR,920,2024,tee higgins,CIN,1/18/1999,10603.99438
6.18848,5.558381658,11.38285714,3.012473107,6.790574713,1.232193054,65.41353383,34.9963245,10,87,133,1282,"{'season': 2024, 'currentTeamId': '2250', 'displayName': 'Brian Thomas', 'esbId': 'THO419793', 'firstName': 'Brian', 'footballName': 'Brian', 'gsisId': '00-0039893', 'gsisItId': 57144, 'jerseyNumber': 7, 'lastName': 'Thomas', 'position': 'WR', 'positionGroup': 'WR', 'shortName': 'B.Thomas', 'status': 'ACT', 'uniformNumber': '7', 'headshot': 'https://static.www.nfl.com/image/upload/{formatInstructions}/league/gsz15iz0ppibhslzzgch', 'smartId': '32005448-4f41-9793-7e94-7811f8a76eb2', 'ngsPosition': 'WR', 'ngsPositionGroup': 'WR'}",Brian Thomas Jr.,WR,2250,2024,brian thomas jr.,JAX,,15272.93704
6.170847458,2.103275018,12.066,2.313465213,4.2459375,2.142662482,53.33333333,17.59011789,9,32,60,497,"{'season': 2024, 'currentTeamId': '2100', 'displayName': 'Nick Westbrook-Ikhine', 'esbId': 'WES567220', 'firstName': 'Nicholas', 'footballName': 'Nick', 'gsisId': '00-0036182', 'gsisItId': 53074, 'headshot': 'https://static.www.nfl.com/image/upload/{formatInstructions}/league/rt9ic9wzwl2pevlxt1nd', 'jerseyNumber': 15, 'lastName': 'Westbrook-Ikhine', 'position': 'WR', 'positionGroup': 'WR', 'shortName': 'N.Westbrook-Ikhine', 'smartId': '32005745-5356-7220-67cc-7d57ec5c5725', 'status': 'ACT', 'uniformNumber': '15', 'ngsPosition': 'WR', 'ngsPositionGroup': 'WR'}",Nick Westbrook-Ikhine,WR,2100,2024,nick westbrook-ikhine,TEN,3/21/1997,12151.49129
6.160222222,5.535070506,5.209305556,4.324308091,5.460980392,-0.074090113,70.83333333,9.563184277,4,51,72,449,"{'season': 2024, 'currentTeamId': '3430', 'displayName': 'Tyler Conklin', 'esbId': 'CON185250', 'firstName': 'Tyler', 'footballName': 'Tyler', 'gsisId': '00-0034270', 'gsisItId': 46226, 'headshot': 'https://static.www.nfl.com/image/upload/{formatInstructions}/league/chajhumpfogd8effewe6', 'jerseyNumber': 83, 'lastName': 'Conklin', 'position': 'TE', 'positionGroup': 'TE', 'shortName': 'T.Conklin', 'smartId': '3200434f-4e18-5250-1988-fe7b6c249df3', 'status': 'ACT', 'uniformNumber': '83', 'ngsPosition': 'TE', 'ngsPositionGroup': 'TE'}",Tyler Conklin,TE,3430,2024,tyler conklin,NYJ,7/30/1995,18286.42839
6.16,4.539111353,12.50049383,2.801287643,4.52,-0.019111353,58.02469136,24.6948327,3,47,81,539,"{'season': 2024, 'currentTeamId': '2520', 'displayName': 'Tre Tucker', 'esbId': 'TUC399910', 'firstName': 'Tre', 'footballName': 'Tre', 'gsisId': '00-0038563', 'gsisItId': 55965, 'headshot': 'https://static.www.nfl.com/image/upload/{formatInstructions}/league/soebzcfwhgnjffwqv1ox', 'jerseyNumber': 11, 'lastName': 'Tucker', 'position': 'WR', 'positionGroup': 'WR', 'shortName': 'T.Tucker', 'smartId': '32005455-4339-9910-7816-4a6883d99032', 'status': 'ACT', 'uniformNumber': '11', 'ngsPosition': 'WR', 'ngsPositionGroup': 'WR'}",Tre Tucker,WR,2520,2024,tre tucker,LV,3/8/2001,23346.51673
6.14311828,2.8096889,9.086470588,3.093441669,2.525409836,-0.284279064,59.80392157,18.81333225,1,61,102,538,"{'season': 2024, 'currentTeamId': '1050', 'displayName': 'Elijah Moore', 'esbId': 'MOO279723', 'firstName': 'Elijah', 'footballName': 'Elijah', 'gsisId': '00-0036980', 'gsisItId': 53463, 'headshot': 'https://static.www.nfl.com/image/private/{formatInstructions}/league/bhwvzckfhhcqhb7zdqyj', 'jerseyNumber': 8, 'lastName': 'Moore', 'position': 'WR', 'positionGroup': 'WR', 'shortName': 'E.Moore', 'smartId': '32004d4f-4f27-9723-3c75-0e082bc200c9', 'status': 'ACT', 'uniformNumber': '8', 'ngsPosition': 'SLOT_WR', 'ngsPositionGroup': 'WR'}",Elijah Moore,WR,1050,2024,elijah moore,CLE,3/27/2000,12139.78337
6.124444444,3.115076684,11.66612245,2.920522132,3.912758621,0.797681937,59.18367347,11.60360507,3,29,49,339,"{'season': 2024, 'currentTeamId': '1050', 'displayName': 'Cedric Tillman', 'esbId': 'TIL377067', 'firstName': 'Cedric', 'footballName': 'Cedric', 'gsisId': '00-0038979', 'gsisItId': 55939, 'headshot': 'https://static.www.nfl.com/image/upload/{formatInstructions}/league/fp371fgk45btt01uvucq', 'jerseyNumber': 19, 'lastName': 'Tillman', 'position': 'WR', 'positionGroup': 'WR', 'shortName': 'C.Tillman', 'smartId': '32005449-4c37-7067-218b-007e17161edd', 'status': 'RES', 'uniformNumber': '19', 'ngsPosition': 'WR', 'ngsPositionGroup': 'WR'}",Cedric Tillman,WR,1050,2024,cedric tillman,CLE,4/19/2000,12139.78337
6.11597561,3.731427063,9.452294118,2.812611932,4.481834862,0.750407799,64.11764706,40.91037545,7,109,170,1204,"{'season': 2024, 'currentTeamId': '3410', 'displayName': 'Malik Nabers', 'esbId': 'NAB400459', 'firstName': 'Malik', 'footballName': 'Malik', 'gsisId': '00-0039337', 'gsisItId': 57127, 'jerseyNumber': 1, 'lastName': 'Nabers', 'position': 'WR', 'positionGroup': 'WR', 'shortName': 'M.Nabers', 'status': 'ACT', 'uniformNumber': '1', 'headshot': 'https://static.www.nfl.com/image/upload/{formatInstructions}/league/w3edoyyuomqlovvp9ixc', 'smartId': '32004e41-4240-0459-a77d-033b6932cbbb', 'ngsPosition': 'WR', 'ngsPositionGroup': 'WR'}",Malik Nabers,WR,3410,2024,malik nabers,NYG,7/28/2003,12114.25008
6.113076923,3.780127307,8.712741935,3.062507251,3.916097561,0.135970254,66.12903226,11.76676883,0,41,62,455,"{'season': 2024, 'currentTeamId': '3000', 'displayName': 'T.J. Hockenson', 'esbId': 'HOC422041', 'firstName': 'Thomas', 'footballName': 'T.J.', 'gsisId': '00-0035229', 'gsisItId': 47791, 'headshot': 'https://static.www.nfl.com/image/upload/{formatInstructions}/league/n9zhffstwzae8i5di6tk', 'jerseyNumber': 87, 'lastName': 'Hockenson', 'position': 'TE', 'positionGroup': 'TE', 'shortName': 'T.Hockenson', 'smartId': '3200484f-4342-2041-c442-6c874885b155', 'status': 'ACT', 'uniformNumber': '87', 'ngsPosition': 'TE', 'ngsPositionGroup': 'WR'}",T.J. Hockenson,TE,3000,2024,tj hockenson,MIN,7/3/1997,17010.22079
6.100769231,4.261860003,6.644962406,3.472824707,3.769690722,-0.492169282,72.93233083,24.53778899,3,97,133,823,"{'season': 2024, 'currentTeamId': '2310', 'displayName': 'Travis Kelce', 'esbId': 'KEL012458', 'firstName': 'Travis', 'footballName': 'Travis', 'gsisId': '00-0030506', 'gsisItId': 40011, 'headshot': 'https://static.www.nfl.com/image/upload/{formatInstructions}/league/ilk4qbxxs6mt3v9zfvtg', 'jerseyNumber': 87, 'lastName': 'Kelce', 'position': 'TE', 'positionGroup': 'TE', 'shortName': 'T.Kelce', 'smartId': '32004b45-4c01-2458-b7b6-3a14cdb414dd', 'status': 'ACT', 'uniformNumber': '87', 'ngsPosition': 'SLOT_WR', 'ngsPositionGroup': 'WR'}",Travis Kelce,TE,2310,2024,travis kelce,KC,10/5/1989,18779.71504
6.094305556,2.890176474,12.4575,2.566464225,3.088913043,0.198736569,63.88888889,22.27791383,4,46,72,601,"{'season': 2024, 'currentTeamId': '1800', 'displayName': 'Romeo Doubs', 'esbId': 'DOU043165', 'firstName': 'Romeo', 'footballName': 'Romeo', 'gsisId': '00-0037816', 'gsisItId': 54597, 'headshot': 'https://static.www.nfl.com/image/upload/{formatInstructions}/league/dyulbddqbqshoqdxgo63', 'jerseyNumber': 87, 'lastName': 'Doubs', 'position': 'WR', 'positionGroup': 'WR', 'shortName': 'R.Doubs', 'smartId': '3200444f-5504-3165-5639-a63528da6f6e', 'status': 'ACT', 'uniformNumber': '87', 'ngsPosition': 'WR', 'ngsPositionGroup': 'WR'}",Romeo Doubs,WR,1800,2024,romeo doubs,GB,4/13/2000,14447.11164
6.05474359,3.866914038,12.8791358,2.667911086,3.620784314,-0.246129724,62.96296296,23.09258862,3,51,81,667,"{'season': 2024, 'currentTeamId': '2120', 'displayName': 'Tank Dell', 'esbId': 'DEL440817', 'firstName': 'Nathaniel', 'footballName': 'Tank', 'gsisId': '00-0038977', 'gsisItId': 55934, 'headshot': 'https://static.www.nfl.com/image/upload/{formatInstructions}/league/tqxgovzlhxj0jnwkcvtq', 'jerseyNumber': 3, 'lastName': 'Dell', 'position': 'WR', 'positionGroup': 'WR', 'shortName': 'T.Dell', 'smartId': '32004445-4c44-0817-a646-b67c3fe533fb', 'status': 'RES', 'uniformNumber': '3', 'ngsPosition': 'WR', 'ngsPositionGroup': 'WR'}",Tank Dell,WR,2120,2024,tank dell,HOU,10/29/1999,18152.71086
6.043522727,5.438811856,6.420934579,3.285302749,5.82875,0.389938144,67.28971963,13.42984536,5,72,107,803,"{'season': 2024, 'currentTeamId': '2200', 'displayName': 'Josh Downs', 'esbId': 'DOW686145', 'firstName': 'Joshua', 'footballName': 'Josh', 'gsisId': '00-0038997', 'gsisItId': 55944, 'headshot': 'https://static.www.nfl.com/image/upload/{formatInstructions}/league/zue2xxvfrignllqlhagu', 'jerseyNumber': 1, 'lastName': 'Downs', 'position': 'WR', 'positionGroup': 'WR', 'shortName': 'J.Downs', 'smartId': '3200444f-5768-6145-dd60-3fbae406310a', 'status': 'ACT', 'uniformNumber': '1', 'ngsPosition': 'SLOT_WR', 'ngsPositionGroup': 'WR'}",Josh Downs,WR,2200,2024,josh downs,IND,8/12/2001,11496.72261
6.042807018,6.432470175,5.220428571,4.403760281,9.5536,3.121129825,71.42857143,9.076435494,7,50,70,707,"{'season': 2024, 'currentTeamId': '1800', 'displayName': 'Tucker Kraft', 'esbId': 'KRA144054', 'firstName': 'Tucker', 'footballName': 'Tucker', 'gsisId': '00-0038996', 'gsisItId': 55943, 'headshot': 'https://static.www.nfl.com/image/upload/{formatInstructions}/league/klrmgekdzx1ywjjmixp7', 'jerseyNumber': 85, 'lastName': 'Kraft', 'position': 'TE', 'positionGroup': 'TE', 'shortName': 'T.Kraft', 'smartId': '32004b52-4114-4054-e146-c099ad4f2842', 'status': 'ACT', 'uniformNumber': '85', 'ngsPosition': 'TE', 'ngsPositionGroup': 'TE'}",Tucker Kraft,TE,1800,2024,tucker kraft,GB,11/3/2000,14447.11164
6.030714286,2.519757027,11.42985915,2.580553943,2.936808511,0.417051484,66.1971831,21.97990304,4,47,71,548,"{'season': 2024, 'currentTeamId': '3800', 'displayName': 'Michael Wilson', 'esbId': 'WIL752419', 'firstName': 'Michael', 'footballName': 'Michael', 'gsisId': '00-0038559', 'gsisItId': 55959, 'headshot': 'https://static.www.nfl.com/image/upload/{formatInstructions}/league/spsbduvpqe21tgkwhvbc', 'jerseyNumber': 14, 'lastName': 'Wilson', 'position': 'WR', 'positionGroup': 'WR', 'shortName': 'M.Wilson', 'smartId': '32005749-4c75-2419-b58e-7c21d98d871e', 'status': 'ACT', 'uniformNumber': '14', 'ngsPosition': 'WR', 'ngsPositionGroup': 'WR'}",Michael Wilson,WR,3800,2024,michael wilson,ARI,2/23/2000,21047.71692
6.03047619,3.355831825,12.77905882,2.603778919,2.923863636,-0.431968188,51.76470588,26.67888178,4,44,85,547,"{'season': 2024, 'currentTeamId': '0610', 'displayName': 'Amari Cooper', 'esbId': 'COO487703', 'firstName': 'Amari', 'footballName': 'Amari', 'gsisId': '00-0031544', 'gsisItId': 42347, 'headshot': 'https://static.www.nfl.com/image/upload/{formatInstructions}/league/zmtzqznqui37unmo5xv9', 'jerseyNumber': 18, 'lastName': 'Cooper', 'position': 'WR', 'positionGroup': 'WR', 'shortName': 'A.Cooper', 'smartId': '3200434f-4f48-7703-16a5-c78426109031', 'status': 'ACT', 'uniformNumber': '18', 'ngsPosition': 'WR', 'ngsPositionGroup': 'WR'}",Amari Cooper,WR,610,2024,amari cooper,BUF,6/17/1994,18443.3544
6.012075472,4.943017201,14.71618182,2.628168481,4.552173913,-0.390843288,41.81818182,15.82146969,0,23,55,312,"{'season': 2024, 'currentTeamId': '2200', 'displayName': 'Adonai Mitchell', 'esbId': 'MIT056120', 'firstName': 'Adonai', 'footballName': 'Adonai', 'gsisId': '00-0039890', 'gsisItId': 57173, 'jerseyNumber': 10, 'lastName': 'Mitchell', 'position': 'WR', 'positionGroup': 'WR', 'shortName': 'A.Mitchell', 'status': 'ACT', 'uniformNumber': '10', 'headshot': 'https://static.www.nfl.com/image/upload/{formatInstructions}/league/fztxucnxhoxep6utluyc', 'smartId': '32004d49-5405-6120-269b-4e222571d8ba', 'ngsPosition': 'WR', 'ngsPositionGroup': 'WR'}",Adonai Mitchell,WR,2200,2024,adonai mitchell,IND,10/8/2002,11496.72261
6.006347826,3.76552108,15.289,2.744836644,4.0665625,0.30104142,53.33333333,44.5773765,4,64,120,1017,"{'season': 2024, 'currentTeamId': '2100', 'displayName': 'Calvin Ridley', 'esbId': 'RID652384', 'firstName': 'Calvin', 'footballName': 'Calvin', 'gsisId': '00-0034837', 'gsisItId': 46095, 'headshot': 'https://static.www.nfl.com/image/upload/{formatInstructions}/league/tmeij0cfgylmurfybs74', 'lastName': 'Ridley', 'position': 'WR', 'positionGroup': 'WR', 'shortName': 'C.Ridley', 'smartId': '32005249-4465-2384-7253-3a4b46622aa9', 'status': 'ACT', 'jerseyNumber': 0, 'ngsPosition': 'WR', 'ngsPositionGroup': 'WR', 'uniformNumber': '00'}",Calvin Ridley,WR,2100,2024,calvin ridley,TEN,12/20/1994,12151.49129
6.005,3.87141601,14.71694444,3.596526448,4.236222222,0.364806212,62.5,25.57565869,9,45,72,756,"{'season': 2024, 'currentTeamId': '0325', 'displayName': 'Rashod Bateman', 'esbId': 'BAT103884', 'firstName': 'Rashod', 'footballName': 'Rashod', 'gsisId': '00-0036550', 'gsisItId': 53456, 'headshot': 'https://static.www.nfl.com/image/upload/{formatInstructions}/league/jkcapzvd65fxivefjv8l', 'jerseyNumber': 7, 'lastName': 'Bateman', 'position': 'WR', 'positionGroup': 'WR', 'shortName': 'R.Bateman', 'smartId': '32004241-5410-3884-8ac5-165a4f1f770e', 'status': 'ACT', 'uniformNumber': '7', 'ngsPosition': 'WR', 'ngsPositionGroup': 'WR'}",Rashod Bateman,WR,325,2024,rashod bateman,BAL,11/29/1999,15950.87671
6.001568627,5.399806883,5.5390625,4.191326582,6.071041667,0.671234784,75,8.695950802,1,48,64,500,"{'season': 2024, 'currentTeamId': '4600', 'displayName': 'Noah Fant', 'esbId': 'FAN405165', 'firstName': 'Noah', 'footballName': 'Noah', 'gsisId': '00-0035644', 'gsisItId': 47803, 'headshot': 'https://static.www.nfl.com/image/private/{formatInstructions}/league/w1gqasldrg3jumzdqjvy', 'jerseyNumber': 87, 'lastName': 'Fant', 'position': 'TE', 'positionGroup': 'TE', 'shortName': 'N.Fant', 'smartId': '32004641-4e40-5165-5070-db7e36dbc0d7', 'status': 'ACT', 'uniformNumber': '87', 'ngsPosition': 'SLOT_WR', 'ngsPositionGroup': 'WR'}",Noah Fant,TE,4600,2024,noah fant,SEA,11/20/1997,26996.57056
5.994561404,4.144848498,8.281363636,3.395952157,4.5276,0.382751502,75.75757576,12.86340647,3,50,66,548,"{'season': 2024, 'currentTeamId': '3300', 'displayName': 'Juwan Johnson', 'esbId': 'JOH398789', 'firstName': 'Juwan', 'footballName': 'Juwan', 'gsisId': '00-0036040', 'gsisItId': 52942, 'headshot': 'https://static.www.nfl.com/image/upload/{formatInstructions}/league/pdsl9w3agc9uvjqpq1jy', 'jerseyNumber': 83, 'lastName': 'Johnson', 'position': 'TE', 'positionGroup': 'TE', 'shortName': 'J.Johnson', 'smartId': '32004a4f-4839-8789-b667-8ea48cd31497', 'status': 'ACT', 'uniformNumber': '83', 'ngsPosition': 'TE', 'ngsPositionGroup': 'TE'}",Juwan Johnson,TE,3300,2024,juwan johnson,NO,9/13/1996,13078.77327
5.983921569,5.322872918,4.398125,3.325704333,6.1778,0.854927082,78.125,6.653587046,2,50,64,481,"{'season': 2024, 'currentTeamId': '4400', 'displayName': 'Will Dissly', 'esbId': 'DIS743152', 'firstName': 'Will', 'footballName': 'Will', 'gsisId': '00-0034159', 'gsisItId': 46189, 'headshot': 'https://static.www.nfl.com/image/upload/{formatInstructions}/league/opdpeoconvviwkufolxr', 'jerseyNumber': 81, 'lastName': 'Dissly', 'position': 'TE', 'positionGroup': 'TE', 'shortName': 'W.Dissly', 'smartId': '32004449-5374-3152-f4a5-5fed1351e162', 'status': 'ACT', 'uniformNumber': '81', 'ngsPosition': 'TE', 'ngsPositionGroup': 'TE'}",Will Dissly,TE,4400,2024,will dissly,LAC,7/8/1996,30001.64568
5.981403509,4.780962478,8.608243243,3.476140248,6.008723404,1.227760926,63.51351351,14.22259236,4,47,74,602,"{'season': 2024, 'currentTeamId': '0200', 'displayName': 'Kyle Pitts', 'esbId': 'PIT516805', 'firstName': 'Kyle', 'footballName': 'Kyle', 'gsisId': '00-0036970', 'gsisItId': 53433, 'headshot': 'https://static.www.nfl.com/image/upload/{formatInstructions}/league/t8ymqyhvv8i1r80jyhy2', 'jerseyNumber': 8, 'lastName': 'Pitts', 'position': 'TE', 'positionGroup': 'TE', 'shortName': 'K.Pitts', 'smartId': '32005049-5451-6805-5aec-d4afcbd52e25', 'status': 'ACT', 'uniformNumber': '8', 'ngsPosition': 'TE', 'ngsPositionGroup': 'WR'}",Kyle Pitts,TE,200,2024,kyle pitts,ATL,10/6/2000,12280.86194
5.980227273,3.868972547,10.99478261,2.424035733,3.660322581,-0.208649967,67.39130435,11.49679255,3,31,46,400,"{'season': 2024, 'currentTeamId': '4500', 'displayName': 'Ricky Pearsall', 'esbId': 'PEA307677', 'firstName': 'Ricky', 'footballName': 'Ricky', 'gsisId': '00-0039916', 'gsisItId': 57152, 'jerseyNumber': 14, 'lastName': 'Pearsall', 'position': 'WR', 'positionGroup': 'WR', 'shortName': 'R.Pearsall', 'status': 'ACT', 'uniformNumber': '14', 'headshot': 'https://static.www.nfl.com/image/upload/{formatInstructions}/league/akwepvt6qxwbgankljmv', 'smartId': '32005045-4130-7677-7b9e-0f0ef8659c89', 'ngsPosition': 'WR', 'ngsPositionGroup': 'WR'}",Ricky Pearsall,WR,4500,2024,ricky pearsall,SF,9/9/2000,24457.05921
5.976917293,2.551023613,13.21237037,2.472155025,2.474567901,-0.076455712,60,43.94304086,8,81,135,1081,"{'season': 2024, 'currentTeamId': '1400', 'displayName': 'Courtland Sutton', 'esbId': 'SUT333526', 'firstName': 'Courtland', 'footballName': 'Courtland', 'gsisId': '00-0034348', 'gsisItId': 46109, 'headshot': 'https://static.www.nfl.com/image/upload/{formatInstructions}/league/qts95gbd6hv65s9eiseq', 'jerseyNumber': 14, 'lastName': 'Sutton', 'position': 'WR', 'positionGroup': 'WR', 'shortName': 'C.Sutton', 'smartId': '32005355-5433-3526-b2bf-88d6b83781c0', 'status': 'ACT', 'uniformNumber': '14', 'ngsPosition': 'WR', 'ngsPositionGroup': 'WR'}",Courtland Sutton,WR,1400,2024,courtland sutton,DEN,10/10/1995,22452.72913
5.966349206,4.468653046,7.344939759,3.529115012,5.902,1.433346954,72.28915663,17.16571306,7,60,83,726,"{'season': 2024, 'currentTeamId': '1540', 'displayName': 'Sam LaPorta', 'esbId': 'LAP640235', 'firstName': 'Sam', 'footballName': 'Sam', 'gsisId': '00-0039065', 'gsisItId': 55899, 'headshot': 'https://static.www.nfl.com/image/upload/{formatInstructions}/league/ucw8cfj5t5nwkx670wzu', 'jerseyNumber': 87, 'lastName': 'LaPorta', 'position': 'TE', 'positionGroup': 'TE', 'shortName': 'S.LaPorta', 'smartId': '32004c41-5064-0235-3970-b5e5514839fc', 'status': 'ACT', 'uniformNumber': '87', 'ngsPosition': 'TE', 'ngsPositionGroup': 'TE'}",Sam LaPorta,TE,1540,2024,sam laporta,DET,1/12/2001,14410.27426
5.965815603,4.485357525,11.17517241,2.765698762,4.490888889,0.005531363,62.06896552,32.89217278,4,90,145,1229,"{'season': 2024, 'currentTeamId': '1050', 'displayName': 'Jerry Jeudy', 'esbId': 'JEU415291', 'firstName': 'Jerry', 'footballName': 'Jerry', 'gsisId': '00-0036407', 'gsisItId': 52423, 'headshot': 'https://static.www.nfl.com/image/upload/{formatInstructions}/league/szca1v9butuqkjs7ekpm', 'jerseyNumber': 3, 'lastName': 'Jeudy', 'position': 'WR', 'positionGroup': 'WR', 'shortName': 'J.Jeudy', 'smartId': '32004a45-5541-5291-9f8b-8595dc100c90', 'status': 'ACT', 'uniformNumber': '3', 'ngsPosition': 'WR', 'ngsPositionGroup': 'WR'}",Jerry Jeudy,WR,1050,2024,jerry jeudy,CLE,4/24/1999,12139.78337
5.963626374,4.442634975,11.04747253,3.171256976,5.603818182,1.161183207,60.43956044,23.76362132,8,55,91,711,"{'season': 2024, 'currentTeamId': '4400', 'displayName': 'Quentin Johnston', 'esbId': 'JOH823261', 'firstName': 'Quentin', 'footballName': 'Quentin', 'gsisId': '00-0038544', 'gsisItId': 55885, 'headshot': 'https://static.www.nfl.com/image/upload/{formatInstructions}/league/jbxlvsbokf9qdqtet1qr', 'jerseyNumber': 1, 'lastName': 'Johnston', 'position': 'WR', 'positionGroup': 'WR', 'shortName': 'Q.Johnston', 'smartId': '32004a4f-4882-3261-dcd8-a43c8f7c5608', 'status': 'ACT', 'uniformNumber': '1', 'ngsPosition': 'WR', 'ngsPositionGroup': 'WR'}",Quentin Johnston,WR,4400,2024,quentin johnston,LAC,9/6/2001,30001.64568
5.947009346,4.0970373,9.869821429,3.100955626,5.108292683,1.011255383,73.21428571,26.12977189,7,82,112,1155,"{'season': 2024, 'currentTeamId': '4400', 'displayName': 'Ladd McConkey', 'esbId': 'MCC512833', 'firstName': 'Andrew', 'footballName': 'Ladd', 'gsisId': '00-0039915', 'gsisItId': 57155, 'jerseyNumber': 15, 'lastName': 'McConkey', 'position': 'WR', 'positionGroup': 'WR', 'shortName': 'L.McConkey', 'status': 'ACT', 'uniformNumber': '15', 'headshot': 'https://static.www.nfl.com/image/upload/{formatInstructions}/league/wcx39ialovvxxnvs2bke', 'smartId': '32004d43-4351-2833-c30c-76941288e843', 'ngsPosition': 'SLOT_WR', 'ngsPositionGroup': 'WR'}",Ladd McConkey,WR,4400,2024,ladd mcconkey,LAC,11/11/2001,30001.64568
5.940972222,4.66084795,7.335051546,2.788542198,4.320606061,-0.34024189,68.04123711,19.13910349,2,66,97,674,"{'season': 2024, 'currentTeamId': '3200', 'displayName': 'Hunter Henry', 'esbId': 'HEN617052', 'firstName': 'Hunter', 'footballName': 'Hunter', 'gsisId': '00-0033090', 'gsisItId': 43324, 'headshot': 'https://static.www.nfl.com/image/private/{formatInstructions}/league/sdjob9akppefyo7py5tj', 'jerseyNumber': 85, 'lastName': 'Henry', 'position': 'TE', 'positionGroup': 'TE', 'shortName': 'H.Henry', 'smartId': '32004845-4e61-7052-805d-daad1175a3b2', 'status': 'ACT', 'uniformNumber': '85', 'ngsPosition': 'TE', 'ngsPositionGroup': 'TE'}",Hunter Henry,TE,3200,2024,hunter henry,NE,12/7/1994,20462.28098
5.931219512,4.911097572,6.778846154,3.199622072,6.272142857,1.361045285,80.76923077,10.55869737,2,42,52,496,"{'season': 2024, 'currentTeamId': '3700', 'displayName': 'Dallas Goedert', 'esbId': 'GOE595520', 'firstName': 'Dallas', 'footballName': 'Dallas', 'gsisId': '00-0034351', 'gsisItId': 46118, 'headshot': 'https://static.www.nfl.com/image/upload/{formatInstructions}/league/wfj54vhw1zxwwb3vdi61', 'jerseyNumber': 88, 'lastName': 'Goedert', 'position': 'TE', 'positionGroup': 'TE', 'shortName': 'D.Goedert', 'smartId': '3200474f-4559-5520-b7af-5e002aedafbb', 'status': 'ACT', 'uniformNumber': '88', 'ngsPosition': 'TE', 'ngsPositionGroup': 'TE'}",Dallas Goedert,TE,3700,2024,dallas goedert,PHI,1/3/1995,13016.50254
5.921940299,5.136301644,3.960697674,3.330169321,5.509322034,0.37302039,68.60465116,7.351040113,0,59,86,494,"{'season': 2024, 'currentTeamId': '1200', 'displayName': 'Jake Ferguson', 'esbId': 'FER146119', 'firstName': 'Jake', 'footballName': 'Jake', 'gsisId': '00-0038041', 'gsisItId': 54594, 'headshot': 'https://static.www.nfl.com/image/upload/{formatInstructions}/league/lbvrn1ibwszd6tzgh6o1', 'jerseyNumber': 87, 'lastName': 'Ferguson', 'position': 'TE', 'positionGroup': 'TE', 'shortName': 'J.Ferguson', 'smartId': '32004645-5214-6119-2797-33878db83d5a', 'status': 'ACT', 'uniformNumber': '87', 'ngsPosition': 'SLOT_WR', 'ngsPositionGroup': 'WR'}",Jake Ferguson,TE,1200,2024,jake ferguson,DAL,1/18/1999,18295.44008
5.862972973,5.279109225,6.380816327,4.391295873,5.41075,0.131640775,81.63265306,8.680876584,5,40,49,437,"{'season': 2024, 'currentTeamId': '2310', 'displayName': 'Noah Gray', 'esbId': 'GRA757316', 'firstName': 'Noah', 'footballName': 'Noah', 'gsisId': '00-0036637', 'gsisItId': 53591, 'headshot': 'https://static.www.nfl.com/image/upload/{formatInstructions}/league/erihh0eiq4m76k2ejvax', 'jerseyNumber': 83, 'lastName': 'Gray', 'position': 'TE', 'positionGroup': 'TE', 'shortName': 'N.Gray', 'smartId': '32004752-4175-7316-bcb6-64b110cf2e59', 'status': 'ACT', 'uniformNumber': '83', 'ngsPosition': 'TE', 'ngsPositionGroup': 'TE'}",Noah Gray,TE,2310,2024,noah gray,KC,4/30/1999,18779.71504
5.861851852,2.203922834,11.55824561,2.266078973,2.071875,-0.132047834,56.14035088,15.75283999,3,32,57,351,"{'season': 2024, 'currentTeamId': '0750', 'displayName': 'David Moore', 'esbId': 'MOO249444', 'firstName': 'David', 'footballName': 'David', 'gsisId': '00-0033589', 'gsisItId': 45039, 'headshot': 'https://static.www.nfl.com/image/upload/{formatInstructions}/league/i2esmsczxxoq7pzvg6yf', 'jerseyNumber': 83, 'lastName': 'Moore', 'position': 'WR', 'positionGroup': 'WR', 'shortName': 'D.Moore', 'smartId': '32004d4f-4f24-9444-1f85-e742d8abb0fb', 'status': 'ACT', 'uniformNumber': '83', 'ngsPosition': 'WR', 'ngsPositionGroup': 'WR'}",David Moore,WR,750,2024,david moore,CAR,1/15/1995,12061.30735
5.854122807,4.022245333,11.58520325,3.159804801,3.757530864,-0.264714469,65.85365854,40.47928142,6,81,123,959,"{'season': 2024, 'currentTeamId': '2700', 'displayName': 'Tyreek Hill', 'esbId': 'HIL628694', 'firstName': 'Tyreek', 'footballName': 'Tyreek', 'gsisId': '00-0033040', 'gsisItId': 43454, 'headshot': 'https://static.www.nfl.com/image/upload/{formatInstructions}/league/gdwjlpbkenmnsibawkht', 'jerseyNumber': 10, 'lastName': 'Hill', 'position': 'WR', 'positionGroup': 'WR', 'shortName': 'T.Hill', 'smartId': '32004849-4c62-8694-8490-45499711dee4', 'status': 'ACT', 'uniformNumber': '10', 'ngsPosition': 'WR', 'ngsPositionGroup': 'WR'}",Tyreek Hill,WR,2700,2024,tyreek hill,MIA,3/1/1994,25867.77978
5.832647059,3.391317585,7.953092105,2.88546208,5.596633663,2.205316078,66.44736842,26.08904897,6,101,152,1194,"{'season': 2024, 'currentTeamId': '1200', 'displayName': 'CeeDee Lamb', 'esbId': 'LAM138457', 'firstName': 'Cedarian', 'footballName': 'CeeDee', 'gsisId': '00-0036358', 'gsisItId': 52425, 'headshot': 'https://static.www.nfl.com/image/upload/{formatInstructions}/league/tfuj9njqdw2dovkwhryc', 'jerseyNumber': 88, 'lastName': 'Lamb', 'position': 'WR', 'positionGroup': 'WR', 'shortName': 'C.Lamb', 'smartId': '32004c41-4d13-8457-fcbe-d37fdbd87233', 'status': 'RES', 'uniformNumber': '88', 'ngsPosition': 'WR', 'ngsPositionGroup': 'WR'}",CeeDee Lamb,WR,1200,2024,ceedee lamb,DAL,4/8/1999,18295.44008
5.818611111,4.044148107,5.045977011,2.928544036,5.593898305,1.549750198,67.81609195,11.4618118,4,59,87,600,"{'season': 2024, 'currentTeamId': '4900', 'displayName': 'Cade Otton', 'esbId': 'OTT712400', 'firstName': 'Cade', 'footballName': 'Cade', 'gsisId': '00-0038129', 'gsisItId': 54571, 'headshot': 'https://static.www.nfl.com/image/upload/{formatInstructions}/league/mljam77kst1wlqd5y91v', 'jerseyNumber': 88, 'lastName': 'Otton', 'position': 'TE', 'positionGroup': 'TE', 'shortName': 'C.Otton', 'smartId': '32004f54-5471-2400-c87d-346814f25b06', 'status': 'ACT', 'uniformNumber': '88', 'ngsPosition': 'TE', 'ngsPositionGroup': 'TE'}",Cade Otton,TE,4900,2024,cade otton,TB,4/15/1999,15025.77701
5.8172,3.574764247,13.0892,2.988908943,3.329677419,-0.245086828,62,16.07433206,5,31,50,378,"{'season': 2024, 'currentTeamId': '0610', 'displayName': 'Mack Hollins', 'esbId': 'HOL280459', 'firstName': 'Mack', 'footballName': 'Mack', 'gsisId': '00-0033555', 'gsisItId': 44931, 'headshot': 'https://static.www.nfl.com/image/upload/{formatInstructions}/league/xchw7quzjszgrm6psbyg', 'jerseyNumber': 13, 'lastName': 'Hollins', 'position': 'WR', 'positionGroup': 'WR', 'shortName': 'M.Hollins', 'smartId': '3200484f-4c28-0459-95b9-52d98e1b03e6', 'status': 'ACT', 'uniformNumber': '13', 'ngsPosition': 'WR', 'ngsPositionGroup': 'WR'}",Mack Hollins,WR,610,2024,mack hollins,BUF,9/16/1993,18443.3544
5.808039216,3.647971241,8.217818182,3.109344098,3.502926829,-0.145044412,74.54545455,11.13511782,3,41,55,475,"{'season': 2024, 'currentTeamId': '1400', 'displayName': 'Devaughn Vele', 'esbId': 'VEL175757', 'firstName': 'Devaughn', 'footballName': 'Devaughn', 'gsisId': '00-0039424', 'gsisItId': 57355, 'jerseyNumber': 17, 'lastName': 'Vele', 'position': 'WR', 'positionGroup': 'WR', 'shortName': 'D.Vele', 'status': 'ACT', 'uniformNumber': '17', 'headshot': 'https://static.www.nfl.com/image/upload/{formatInstructions}/league/f2lz4vsh2daurrwdamzv', 'smartId': '32005645-4c17-5757-4807-8639d5d53004', 'ngsPosition': 'SLOT_WR', 'ngsPositionGroup': 'WR'}",Devaughn Vele,WR,1400,2024,devaughn vele,DEN,12/12/1997,22452.72913
5.777984496,5.488773912,7.4205,3.443673623,6.212857143,0.724083231,70,24.96011648,6,98,140,966,"{'season': 2024, 'currentTeamId': '0810', 'displayName': 'D.J. Moore', 'esbId': 'MOO272423', 'firstName': 'Denniston', 'footballName': 'D.J.', 'gsisId': '00-0034827', 'gsisItId': 46093, 'headshot': 'https://static.www.nfl.com/image/upload/{formatInstructions}/league/hqb9xnzm9brx79zl6wve', 'jerseyNumber': 2, 'lastName': 'Moore', 'position': 'WR', 'positionGroup': 'WR', 'shortName': 'D.Moore', 'smartId': '32004d4f-4f27-2423-f0b4-728a741b03cb', 'status': 'ACT', 'uniformNumber': '2', 'ngsPosition': 'WR', 'ngsPositionGroup': 'WR'}",DJ Moore,WR,810,2024,dj moore,CHI,,11575.24951
5.762721088,4.451142782,11.3,3.079087173,4.988932039,0.537789257,66.88311688,37.90616471,10,103,154,1533,"{'season': 2024, 'currentTeamId': '3000', 'displayName': 'Justin Jefferson', 'esbId': 'JEF269287', 'firstName': 'Justin', 'footballName': 'Justin', 'gsisId': '00-0036322', 'gsisItId': 52430, 'headshot': 'https://static.www.nfl.com/image/upload/{formatInstructions}/league/vrftbpzwk6qmv0zjcysg', 'jerseyNumber': 18, 'lastName': 'Jefferson', 'position': 'WR', 'positionGroup': 'WR', 'shortName': 'J.Jefferson', 'smartId': '32004a45-4626-9287-c454-479b942cbd26', 'status': 'ACT', 'uniformNumber': '18', 'ngsPosition': 'WR', 'ngsPositionGroup': 'WR'}",Justin Jefferson,WR,3000,2024,justin jefferson,MIN,6/16/1999,17010.22079
5.751881188,3.431753419,13.53339806,2.322079841,4.500338983,1.068585564,57.2815534,39.39731386,3,59,103,900,"{'season': 2024, 'currentTeamId': '3900', 'displayName': 'George Pickens', 'esbId': 'PIC576156', 'firstName': 'George', 'footballName': 'George', 'gsisId': '00-0037247', 'gsisItId': 54517, 'headshot': 'https://static.www.nfl.com/image/upload/{formatInstructions}/league/klxzcb6p7ekngcognpiy', 'jerseyNumber': 14, 'lastName': 'Pickens', 'position': 'WR', 'positionGroup': 'WR', 'shortName': 'G.Pickens', 'smartId': '32005049-4357-6156-653f-e3c2b6d1b9bc', 'status': 'ACT', 'uniformNumber': '14', 'ngsPosition': 'WR', 'ngsPositionGroup': 'WR'}",George Pickens,WR,3900,2024,george pickens,PIT,3/4/2001,10617.52143
5.748985507,2.887647507,21.45028986,2.406297045,3.644594595,0.756947087,53.62318841,28.9315196,7,37,69,824,"{'season': 2024, 'currentTeamId': '2200', 'displayName': 'Alec Pierce', 'esbId': 'PIE185673', 'firstName': 'Alec', 'footballName': 'Alec', 'gsisId': '00-0037664', 'gsisItId': 54518, 'headshot': 'https://static.www.nfl.com/image/upload/{formatInstructions}/league/hvtcpccoigf9cghzkxcg', 'jerseyNumber': 14, 'lastName': 'Pierce', 'position': 'WR', 'positionGroup': 'WR', 'shortName': 'A.Pierce', 'smartId': '32005049-4518-5673-88cc-339d3b35d4c9', 'status': 'ACT', 'uniformNumber': '14', 'ngsPosition': 'WR', 'ngsPositionGroup': 'WR'}",Alec Pierce,WR,2200,2024,alec pierce,IND,5/2/2000,11496.72261
5.683870968,4.482638835,13.68633663,2.960734639,4.981851852,0.499213017,53.46534653,33.21192085,3,54,101,734,"{'season': 2024, 'currentTeamId': '0810', 'displayName': 'Rome Odunze', 'esbId': 'ODU426541', 'firstName': 'Rome', 'footballName': 'Rome', 'gsisId': '00-0039919', 'gsisItId': 57130, 'jerseyNumber': 15, 'lastName': 'Odunze', 'position': 'WR', 'positionGroup': 'WR', 'shortName': 'R.Odunze', 'status': 'ACT', 'uniformNumber': '15', 'headshot': 'https://static.www.nfl.com/image/upload/{formatInstructions}/league/labs8tstecnehvzfmrs5', 'smartId': '32004f44-5542-6541-431c-1a51e8792659', 'ngsPosition': 'WR', 'ngsPositionGroup': 'WR'}",Rome Odunze,WR,810,2024,rome odunze,CHI,4/3/2002,11575.24951
5.673571429,5.52030592,7.976666667,3.536217491,6.442272727,0.921966807,58.66666667,14.69374622,2,44,75,448,"{'season': 2024, 'currentTeamId': '0610', 'displayName': 'Dalton Kincaid', 'esbId': 'KIN069130', 'firstName': 'Dalton', 'footballName': 'Dalton', 'gsisId': '00-0038933', 'gsisItId': 55889, 'headshot': 'https://static.www.nfl.com/image/upload/{formatInstructions}/league/rsimqxdfwlb1n9qd4w3g', 'jerseyNumber': 86, 'lastName': 'Kincaid', 'position': 'TE', 'positionGroup': 'TE', 'shortName': 'D.Kincaid', 'smartId': '32004b49-4e06-9130-e563-7edd228031c8', 'status': 'ACT', 'uniformNumber': '86', 'ngsPosition': 'SLOT_WR', 'ngsPositionGroup': 'WR'}",Dalton Kincaid,TE,610,2024,dalton kincaid,BUF,10/18/1999,18443.3544
5.656698113,3.894603491,13.69861111,2.557661264,4.271818182,0.37721469,61.11111111,36.29118312,5,66,108,992,"{'season': 2024, 'currentTeamId': '4600', 'displayName': 'DK Metcalf', 'esbId': 'MET363377', 'firstName': 'DeKaylin', 'footballName': 'DK', 'gsisId': '00-0035640', 'gsisItId': 47847, 'headshot': 'https://static.www.nfl.com/image/upload/{formatInstructions}/league/ezpzdcvzlu5ga4uv6oas', 'jerseyNumber': 14, 'lastName': 'Metcalf', 'position': 'WR', 'positionGroup': 'WR', 'shortName': 'D.Metcalf', 'smartId': '32004d45-5436-3377-5806-d2746f1b94aa', 'status': 'ACT', 'uniformNumber': '14', 'ngsPosition': 'WR', 'ngsPositionGroup': 'WR'}",DK Metcalf,WR,4600,2024,dk metcalf,SEA,12/14/1997,26996.57056
5.649027778,6.150214034,6.440740741,3.139786554,8.416862745,2.266648711,62.96296296,11.8591361,3,51,81,670,"{'season': 2024, 'currentTeamId': '4500', 'displayName': 'Deebo Samuel', 'esbId': 'SAM636097', 'firstName': 'Tyshun', 'footballName': 'Deebo', 'gsisId': '00-0035719', 'gsisItId': 47819, 'headshot': 'https://static.www.nfl.com/image/upload/{formatInstructions}/league/shqoqpjwwoiexzy6cmgb', 'jerseyNumber': 1, 'lastName': 'Samuel', 'position': 'WR', 'positionGroup': 'WR', 'shortName': 'D.Samuel', 'smartId': '32005341-4d63-6097-eab1-34810e00be67', 'status': 'ACT', 'uniformNumber': '1', 'ngsPosition': 'WR', 'ngsPositionGroup': 'WR'}",Deebo Samuel Sr.,WR,4500,2024,deebo samuel sr.,SF,,24457.05921
5.621030928,3.000230974,11.99453608,2.097740166,5.402835821,2.402604847,69.07216495,34.85029115,7,67,97,1079,"{'season': 2024, 'currentTeamId': '3700', 'displayName': 'A.J. Brown', 'esbId': 'BRO413223', 'firstName': 'Arthur', 'footballName': 'A.J.', 'gsisId': '00-0035676', 'gsisItId': 47834, 'headshot': 'https://static.www.nfl.com/image/private/{formatInstructions}/league/a014sgzctarbvhwb35lw', 'jerseyNumber': 11, 'lastName': 'Brown', 'position': 'WR', 'positionGroup': 'WR', 'shortName': 'A.Brown', 'smartId': '32004252-4f41-3223-e4c5-1e30dffa87f8', 'status': 'ACT', 'uniformNumber': '11', 'ngsPosition': 'WR', 'ngsPositionGroup': 'WR'}",A.J. Brown,WR,3700,2024,aj brown,PHI,6/30/1997,13016.50254
5.575128205,2.992581791,10.83925,2.707956621,2.636785714,-0.355796077,70,24.07578622,5,56,80,618,"{'season': 2024, 'currentTeamId': '2310', 'displayName': 'DeAndre Hopkins', 'esbId': 'HOP161500', 'firstName': 'DeAndre', 'footballName': 'DeAndre', 'gsisId': '00-0030564', 'gsisItId': 39973, 'headshot': 'https://static.www.nfl.com/image/upload/{formatInstructions}/league/viymeohipdn0voptrkzh', 'jerseyNumber': 8, 'lastName': 'Hopkins', 'position': 'WR', 'positionGroup': 'WR', 'shortName': 'D.Hopkins', 'smartId': '3200484f-5016-1500-bfbe-c87b292b639c', 'status': 'ACT', 'uniformNumber': '08', 'ngsPosition': 'WR', 'ngsPositionGroup': 'WR'}",DeAndre Hopkins,WR,2310,2024,deandre hopkins,KC,6/6/1992,18779.71504
5.569275362,2.732981347,13.41098592,2.414655597,3.717948718,0.984967371,54.92957746,24.2418842,2,39,71,573,"{'season': 2024, 'currentTeamId': '3410', 'displayName': 'Darius Slayton', 'esbId': 'SLA500077', 'firstName': 'Darius', 'footballName': 'Darius', 'gsisId': '00-0035535', 'gsisItId': 47954, 'headshot': 'https://static.www.nfl.com/image/upload/{formatInstructions}/league/zhm6evj813ucss03ndlx', 'jerseyNumber': 86, 'lastName': 'Slayton', 'position': 'WR', 'positionGroup': 'WR', 'shortName': 'D.Slayton', 'smartId': '3200534c-4150-0077-315f-47cff2877b23', 'status': 'ACT', 'uniformNumber': '86', 'ngsPosition': 'WR', 'ngsPositionGroup': 'WR'}",Darius Slayton,WR,3410,2024,darius slayton,NYG,1/12/1997,12114.25008
5.541052632,4.976562648,8.309893617,3.582076422,7.087435897,2.11087325,82.9787234,17.75642512,8,78,94,1106,"{'season': 2024, 'currentTeamId': '4500', 'displayName': 'George Kittle', 'esbId': 'KIT388290', 'firstName': 'George', 'footballName': 'George', 'gsisId': '00-0033288', 'gsisItId': 44959, 'headshot': 'https://static.www.nfl.com/image/upload/{formatInstructions}/league/ivkrikewqqdllzvano8h', 'jerseyNumber': 85, 'lastName': 'Kittle', 'position': 'TE', 'positionGroup': 'TE', 'shortName': 'G.Kittle', 'smartId': '32004b49-5438-8290-eeed-c9c9cca62ec1', 'status': 'ACT', 'uniformNumber': '85', 'ngsPosition': 'TE', 'ngsPositionGroup': 'TE'}",George Kittle,TE,4500,2024,george kittle,SF,10/9/1993,24457.05921
5.461353383,4.75107043,8.617304965,3.246085868,5.773411765,1.022341335,60.28368794,30.97995421,8,85,141,1063,"{'season': 2024, 'currentTeamId': '3430', 'displayName': 'Davante Adams', 'esbId': 'ADA218591', 'firstName': 'Davante', 'footballName': 'Davante', 'gsisId': '00-0031381', 'gsisItId': 41282, 'headshot': 'https://static.www.nfl.com/image/upload/{formatInstructions}/league/jweoujpjv9u2a8k7wnos', 'jerseyNumber': 17, 'lastName': 'Adams', 'position': 'WR', 'positionGroup': 'WR', 'shortName': 'D.Adams', 'smartId': '32004144-4121-8591-4d26-4c0ac739af41', 'status': 'ACT', 'uniformNumber': '17', 'ngsPosition': 'WR', 'ngsPositionGroup': 'WR'}",Davante Adams,WR,3430,2024,davante adams,NYJ,12/24/1992,18286.42839
5.450243902,3.657496051,6.792372881,3.503594173,4.923555556,1.266059504,76.27118644,10.78003615,3,45,59,476,"{'season': 2024, 'currentTeamId': '3200', 'displayName': 'Austin Hooper', 'esbId': 'HOO570770', 'firstName': 'Austin', 'footballName': 'Austin', 'gsisId': '00-0032392', 'gsisItId': 43370, 'headshot': 'https://static.www.nfl.com/image/upload/{formatInstructions}/league/hj0ybtjspne3t1cso961', 'jerseyNumber': 81, 'lastName': 'Hooper', 'position': 'TE', 'positionGroup': 'TE', 'shortName': 'A.Hooper', 'smartId': '3200484f-4f57-0770-bd7c-1cf59d6025ab', 'status': 'ACT', 'uniformNumber': '81', 'ngsPosition': 'TE', 'ngsPositionGroup': 'TE'}",Austin Hooper,TE,3200,2024,austin hooper,NE,10/29/1994,20462.28098
5.45,3.927442939,8.869314286,3.027463248,6.252755906,2.325312967,72.57142857,33.19063127,17,127,175,1708,"{'season': 2024, 'currentTeamId': '0920', 'displayName': ""Ja'Marr Chase"", 'esbId': 'CHA694469', 'firstName': ""Ja'Marr"", 'footballName': ""Ja'Marr"", 'gsisId': '00-0036900', 'gsisItId': 53434, 'headshot': 'https://static.www.nfl.com/image/upload/{formatInstructions}/league/qkcb3qt2fhasfgtfuprd', 'jerseyNumber': 1, 'lastName': 'Chase', 'position': 'WR', 'positionGroup': 'WR', 'shortName': 'J.Chase', 'smartId': '32004348-4169-4469-b021-d2c20a7d7cf5', 'status': 'ACT', 'uniformNumber': '1', 'ngsPosition': 'WR', 'ngsPositionGroup': 'WR'}",Ja'Marr Chase,WR,920,2024,ja'marr chase,CIN,3/1/2000,10603.99438
5.392876712,4.445951154,7.579518072,3.025519587,3.847384615,-0.598566538,78.31325301,13.45262712,2,65,83,665,"{'season': 2024, 'currentTeamId': '0920', 'displayName': 'Mike Gesicki', 'esbId': 'GES490798', 'firstName': 'Michael', 'footballName': 'Mike', 'gsisId': '00-0034829', 'gsisItId': 46111, 'headshot': 'https://static.www.nfl.com/image/upload/{formatInstructions}/league/zabpknonv9ozmkyw4qqt', 'jerseyNumber': 88, 'lastName': 'Gesicki', 'position': 'TE', 'positionGroup': 'TE', 'shortName': 'M.Gesicki', 'smartId': '32004745-5349-0798-d83d-d46852aa6fbb', 'status': 'ACT', 'uniformNumber': '88', 'ngsPosition': 'SLOT_WR', 'ngsPositionGroup': 'WR'}",Mike Gesicki,TE,920,2024,mike gesicki,CIN,10/3/1995,10603.99438
5.329449541,2.538628287,10.44221239,2.491743559,3.04012987,0.501501583,68.14159292,26.82274263,6,77,113,975,"{'season': 2024, 'currentTeamId': '4500', 'displayName': 'Jauan Jennings', 'esbId': 'JEN497457', 'firstName': 'Bennie', 'footballName': 'Jauan', 'gsisId': '00-0036259', 'gsisItId': 52625, 'headshot': 'https://static.www.nfl.com/image/upload/{formatInstructions}/league/fqyzagb57zrtegmw69eb', 'jerseyNumber': 15, 'lastName': 'Jennings', 'position': 'WR', 'positionGroup': 'WR', 'shortName': 'J.Jennings', 'smartId': '32004a45-4e49-7457-3af8-79760d0083cb', 'status': 'ACT', 'uniformNumber': '15', 'ngsPosition': 'WR', 'ngsPositionGroup': 'WR'}",Jauan Jennings,WR,4500,2024,jauan jennings,SF,7/10/1997,24457.05921
5.302105263,4.213815872,10.6735,2.604798129,4.72972973,0.515913858,61.66666667,16.32857558,6,37,60,530,"{'season': 2024, 'currentTeamId': '3430', 'displayName': 'Allen Lazard', 'esbId': 'LAZ043714', 'firstName': 'Allen', 'footballName': 'Allen', 'gsisId': '00-0034521', 'gsisItId': 46705, 'headshot': 'https://static.www.nfl.com/image/private/{formatInstructions}/league/blrzk3bfnpneuyhsqiqg', 'jerseyNumber': 10, 'lastName': 'Lazard', 'position': 'WR', 'positionGroup': 'WR', 'shortName': 'A.Lazard', 'smartId': '32004c41-5a04-3714-cfb7-872b20b0ce13', 'status': 'ACT', 'uniformNumber': '10', 'ngsPosition': 'WR', 'ngsPositionGroup': 'WR'}",Allen Lazard,WR,3430,2024,allen lazard,NYJ,12/11/1995,18286.42839
5.259615385,6.069630791,17.5445283,2.382901693,6.124482759,0.054851968,54.71698113,23.09557045,2,29,53,620,"{'season': 2024, 'currentTeamId': '1800', 'displayName': 'Christian Watson', 'esbId': 'WAT316591', 'firstName': 'Christian', 'footballName': 'Christian', 'gsisId': '00-0038124', 'gsisItId': 54499, 'headshot': 'https://static.www.nfl.com/image/upload/{formatInstructions}/league/qenktpex0mep8er8dzxj', 'jerseyNumber': 9, 'lastName': 'Watson', 'position': 'WR', 'positionGroup': 'WR', 'shortName': 'C.Watson', 'smartId': '32005741-5431-6591-b680-d3a3d3536d62', 'status': 'ACT', 'uniformNumber': '9', 'ngsPosition': 'WR', 'ngsPositionGroup': 'WR'}",Christian Watson,WR,1800,2024,christian watson,GB,5/12/1999,14447.11164
5.256712329,4.747016659,8.913506494,3.265328268,5.023267327,0.276250667,65.58441558,34.99931158,7,101,154,1104,"{'season': 2024, 'currentTeamId': '3430', 'displayName': 'Garrett Wilson', 'esbId': 'WIL691962', 'firstName': 'Garrett', 'footballName': 'Garrett', 'gsisId': '00-0037740', 'gsisItId': 54475, 'headshot': 'https://static.www.nfl.com/image/private/{formatInstructions}/league/llgosx4tokddwnyrgvbx', 'jerseyNumber': 5, 'lastName': 'Wilson', 'position': 'WR', 'positionGroup': 'WR', 'shortName': 'G.Wilson', 'smartId': '32005749-4c69-1962-4085-d9c826d8709c', 'status': 'ACT', 'uniformNumber': '5', 'ngsPosition': 'WR', 'ngsPositionGroup': 'WR'}",Garrett Wilson,WR,3430,2024,garrett wilson,NYJ,7/22/2000,18286.42839
5.228367347,5.074514839,11.33969697,3.079487986,5.641323529,0.56680869,68.68686869,24.85063674,7,68,99,1006,"{'season': 2024, 'currentTeamId': '2120', 'displayName': 'Nico Collins', 'esbId': 'COL654119', 'firstName': 'Nico', 'footballName': 'Nico', 'gsisId': '00-0036554', 'gsisItId': 53518, 'headshot': 'https://static.www.nfl.com/image/upload/{formatInstructions}/league/q7c9aq8rpremfygslmya', 'jerseyNumber': 12, 'lastName': 'Collins', 'position': 'WR', 'positionGroup': 'WR', 'shortName': 'N.Collins', 'smartId': '3200434f-4c65-4119-2a51-095ba724d414', 'status': 'ACT', 'uniformNumber': '12', 'ngsPosition': 'WR', 'ngsPositionGroup': 'WR'}",Nico Collins,WR,2120,2024,nico collins,HOU,3/19/1999,18152.71086
5.212461538,3.691652567,11.01104478,2.682161597,2.958787879,-0.732864688,49.25373134,16.33067774,3,33,67,375,"{'season': 2024, 'currentTeamId': '2120', 'displayName': 'Diontae Johnson', 'esbId': 'JOH000017', 'firstName': 'Diontae', 'footballName': 'Diontae', 'gsisId': '00-0035216', 'gsisItId': 47849, 'headshot': 'https://static.www.nfl.com/image/upload/{formatInstructions}/league/rjtil6ilydmwoy0btlt7', 'jerseyNumber': 82, 'lastName': 'Johnson', 'position': 'WR', 'positionGroup': 'WR', 'shortName': 'D.Johnson', 'smartId': '32004a4f-4800-0017-a19a-a554dee114ed', 'status': 'CUT', 'uniformNumber': '82', 'ngsPosition': 'WR', 'ngsPositionGroup': 'WR'}",Diontae Johnson,WR,2120,2024,diontae johnson,HOU,7/5/1996,18152.71086
5.195744681,2.862283563,12.63297872,2.354686897,3.7124,0.850116437,53.19148936,13.49695622,0,25,47,369,"{'season': 2024, 'currentTeamId': '4500', 'displayName': 'Brandon Aiyuk', 'esbId': 'AIY189231', 'firstName': 'Brandon', 'footballName': 'Brandon', 'gsisId': '00-0036261', 'gsisItId': 52433, 'headshot': 'https://static.www.nfl.com/image/upload/{formatInstructions}/league/qnfyhqxbppevv28hd3rx', 'jerseyNumber': 11, 'lastName': 'Aiyuk', 'position': 'WR', 'positionGroup': 'WR', 'shortName': 'B.Aiyuk', 'smartId': '32004149-5918-9231-4476-63b611051b08', 'status': 'RES', 'uniformNumber': '11', 'ngsPosition': 'WR', 'ngsPositionGroup': 'WR'}",Brandon Aiyuk,WR,4500,2024,brandon aiyuk,SF,3/17/1998,24457.05921
5.042407407,3.721480015,10.45115942,3.569125002,3.865818182,0.144338166,79.71014493,17.4056499,11,55,69,673,"{'season': 2024, 'currentTeamId': '0325', 'displayName': 'Mark Andrews', 'esbId': 'AND701433', 'firstName': 'Mark', 'footballName': 'Mark', 'gsisId': '00-0034753', 'gsisItId': 46155, 'headshot': 'https://static.www.nfl.com/image/upload/{formatInstructions}/league/y5maejm3puruskwc344y', 'jerseyNumber': 89, 'lastName': 'Andrews', 'position': 'TE', 'positionGroup': 'TE', 'shortName': 'M.Andrews', 'smartId': '3200414e-4470-1433-75dd-307507e53173', 'status': 'ACT', 'uniformNumber': '89', 'ngsPosition': 'SLOT_WR', 'ngsPositionGroup': 'WR'}",Mark Andrews,TE,325,2024,mark andrews,BAL,9/6/1995,15950.87671
5.021186441,2.05270398,11.27868852,2.764887985,2.342777778,0.290073797,59.01639344,14.7121403,6,36,61,479,"{'season': 2024, 'currentTeamId': '0920', 'displayName': 'Andrei Iosivas', 'esbId': 'IOS307886', 'firstName': 'Andrei', 'footballName': 'Andrei', 'gsisId': '00-0038619', 'gsisItId': 56071, 'headshot': 'https://static.www.nfl.com/image/upload/{formatInstructions}/league/pgbqgzrxmbnmpcnkhsya', 'jerseyNumber': 80, 'lastName': 'Iosivas', 'position': 'WR', 'positionGroup': 'WR', 'shortName': 'A.Iosivas', 'smartId': '3200494f-5330-7886-63af-230c5aa763a8', 'status': 'ACT', 'uniformNumber': '80', 'ngsPosition': 'WR', 'ngsPositionGroup': 'WR'}",Andrei Iosivas,WR,920,2024,andrei iosivas,CIN,10/15/1999,10603.99438
4.9075,2.281393537,13.58008621,2.04846612,2.502903226,0.221509689,53.44827586,42.66650416,8,62,116,885,"{'season': 2024, 'currentTeamId': '3800', 'displayName': 'Marvin Harrison', 'esbId': 'HAR648677', 'firstName': 'Marvin', 'footballName': 'Marvin', 'gsisId': '00-0039849', 'gsisItId': 57125, 'jerseyNumber': 18, 'lastName': 'Harrison', 'position': 'WR', 'positionGroup': 'WR', 'shortName': 'M.Harrison', 'status': 'ACT', 'uniformNumber': '18', 'headshot': 'https://static.www.nfl.com/image/upload/{formatInstructions}/league/o6hg5zeofmxvzjjpo2sf', 'smartId': '32004841-5264-8677-2fca-6edc0b245f94', 'ngsPosition': 'WR', 'ngsPositionGroup': 'WR'}",Marvin Harrison Jr.,WR,3800,2024,marvin harrison jr.,ARI,,21047.71692
4.901696429,4.246801017,6.35952381,3.51188794,4.884504505,0.637703488,75.51020408,25.32027843,2,111,147,1146,"{'season': 2024, 'currentTeamId': '3800', 'displayName': 'Trey McBride', 'esbId': 'MCB743360', 'firstName': 'Trey', 'footballName': 'Trey', 'gsisId': '00-0037744', 'gsisItId': 54520, 'headshot': 'https://static.www.nfl.com/image/upload/{formatInstructions}/league/hfdgljgi9gfaskomdl1h', 'jerseyNumber': 85, 'lastName': 'McBride', 'position': 'TE', 'positionGroup': 'TE', 'shortName': 'T.McBride', 'smartId': '32004d43-4274-3360-cc50-43990383247d', 'status': 'ACT', 'uniformNumber': '85', 'ngsPosition': 'TE', 'ngsPositionGroup': 'TE'}",Trey McBride,TE,3800,2024,trey mcbride,ARI,11/22/1999,21047.71692
4.822972973,4.521784761,5.989655172,4.018240007,4.93525,0.413465239,68.96551724,7.051802533,2,40,58,390,"{'season': 2024, 'currentTeamId': '1050', 'displayName': 'Jordan Akins', 'esbId': 'AKI501776', 'firstName': 'Jordan', 'footballName': 'Jordan', 'gsisId': '00-0034364', 'gsisItId': 46167, 'headshot': 'https://static.www.nfl.com/image/private/{formatInstructions}/league/fgkl9zfpy2yxrkxfge84', 'jerseyNumber': 88, 'lastName': 'Akins', 'position': 'TE', 'positionGroup': 'TE', 'shortName': 'J.Akins', 'smartId': '3200414b-4950-1776-ed8f-713681e78d61', 'status': 'ACT', 'uniformNumber': '88', 'ngsPosition': 'TE', 'ngsPositionGroup': 'TE'}",Jordan Akins,TE,1050,2024,jordan akins,CLE,4/19/1992,12139.78337
4.759113924,4.822512503,9.399156627,3.419876843,4.865689655,0.043177152,69.87951807,22.16108424,2,58,83,767,"{'season': 2024, 'currentTeamId': '2700', 'displayName': 'Jaylen Waddle', 'esbId': 'WAD088683', 'firstName': 'Jaylen', 'footballName': 'Jaylen', 'gsisId': '00-0036613', 'gsisItId': 53435, 'headshot': 'https://static.www.nfl.com/image/private/{formatInstructions}/league/qjsz2h6shbdnksctzeka', 'jerseyNumber': 17, 'lastName': 'Waddle', 'position': 'WR', 'positionGroup': 'WR', 'shortName': 'J.Waddle', 'smartId': '32005741-4408-8683-c826-c882ad6fd5c2', 'status': 'ACT', 'uniformNumber': '17', 'ngsPosition': 'WR', 'ngsPositionGroup': 'WR'}",Jaylen Waddle,WR,2700,2024,jaylen waddle,MIA,11/25/1998,25867.77978
4.65125,4.28927268,15.39438596,2.017749931,7.822413793,3.533141113,50.87719298,21.55197398,4,29,57,556,"{'season': 2024, 'currentTeamId': '0610', 'displayName': 'Keon Coleman', 'esbId': 'COL295571', 'firstName': 'Keon', 'footballName': 'Keon', 'gsisId': '00-0039901', 'gsisItId': 57154, 'lastName': 'Coleman', 'position': 'WR', 'positionGroup': 'WR', 'shortName': 'K.Coleman', 'status': 'ACT', 'headshot': 'https://static.www.nfl.com/image/upload/{formatInstructions}/league/ipwpdgb0cm3xy3d8zu1l', 'smartId': '3200434f-4c29-5571-54fa-77236b775ae1', 'jerseyNumber': 0, 'ngsPosition': 'WR', 'ngsPositionGroup': 'WR', 'uniformNumber': '00'}",Keon Coleman,WR,610,2024,keon coleman,BUF,5/17/2003,18443.3544
4.533880597,2.506911896,14.17676471,2.41515719,3.460697674,0.953785778,63.23529412,25.931804,3,43,68,589,"{'season': 2024, 'currentTeamId': '3200', 'displayName': 'Kayshon Boutte', 'esbId': 'BOU482823', 'firstName': 'Kayshon', 'footballName': 'Kayshon', 'gsisId': '00-0038608', 'gsisItId': 56052, 'headshot': 'https://static.www.nfl.com/image/private/{formatInstructions}/league/nz6t7jhx6erszovbv1bd', 'jerseyNumber': 9, 'lastName': 'Boutte', 'position': 'WR', 'positionGroup': 'WR', 'shortName': 'K.Boutte', 'smartId': '3200424f-5548-2823-b93f-32f7b68b0dd3', 'status': 'ACT', 'uniformNumber': '9', 'ngsPosition': 'WR', 'ngsPositionGroup': 'WR'}",Kayshon Boutte,WR,3200,2024,kayshon boutte,NE,5/7/2002,20462.28098
4.065555556,2.31620879,15.736875,2.664920234,2.632580645,0.316371855,48.4375,24.68819861,7,31,64,505,"{'season': 2024, 'currentTeamId': '2510', 'displayName': 'Demarcus Robinson', 'esbId': 'ROB399065', 'firstName': 'Demarcus', 'footballName': 'Demarcus', 'gsisId': '00-0032775', 'gsisItId': 43415, 'headshot': 'https://static.www.nfl.com/image/upload/{formatInstructions}/league/lakf0xue1qqb7ed4p6ge', 'jerseyNumber': 15, 'lastName': 'Robinson', 'position': 'WR', 'positionGroup': 'WR', 'shortName': 'D.Robinson', 'smartId': '3200524f-4239-9065-1db8-5ff5da8a3829', 'status': 'ACT', 'uniformNumber': '15', 'ngsPosition': 'WR', 'ngsPositionGroup': 'WR'}",Demarcus Robinson,WR,2510,2024,demarcus robinson,LA,9/21/1994,28952.19392
