Date,Team,Acquired,Relinquished,Notes
2010-01-01,Bills,,• Nic Harris,placed on ir with knee injury
2010-01-01,Panthers,,• Steve Smith / Steve Smith Sr. (Latrall),placed on ir with forearm injury
2010-01-02,49ers,,• Ricky Schmitt,placed on ir with left groin injury
2010-01-02,Bills,,• Todd Johnson,placed on ir with hamstring injury
2010-01-02,Browns,,• David Veikune,placed on ir with knee injury
2010-01-02,Colts,,• Tom Santi,placed on ir with back injury
2010-01-02,Jaguars,,• Atiyyah Ellison,placed on ir with knee injury
2010-01-04,Bengals,,• Pat Sims,placed on ir with forearm injury
2010-01-05,Cardinals,,• Jason Banks,placed on ir with ankle injury
2010-01-05,Saints,,• Charles Grant (Gabriel),placed on ir with triceps injury
2010-01-06,Chargers,,• James Holt (b),placed on ir with shoulder injury
2010-01-06,Patriots,,• Wes Welker,placed on ir with knee injury
2010-01-15,Saints,,• Rodney Leisle,placed on ir with knee injury
2010-04-28,Jaguars,,• Torrance Daniels / Tank Daniels,placed on ir
2010-05-06,Jaguars,,• Bryan Smith,placed on ir with torn acl in right knee
2010-05-07,Chiefs,,• Chandler Williams III,placed on ir
2010-05-11,Steelers,,• Limas Sweed,placed on ir with achilles tendon injury
2010-05-19,Buccaneers,,• Byron Storer,placed on ir
2010-05-20,Bears,,• Brett Basanez,placed on ir with wrist injury
2010-05-26,Titans,,• Dominique Lindsay,placed on ir with achilles tendon injury
2010-06-02,Bears,,• Lawrence Wilson (b),placed on ir
2010-06-10,Eagles,,• Marlin Jackson,placed on ir with achilles tendon injury
2010-06-14,Texans,,• Trey Stross,placed on ir
2010-06-15,Broncos,,• Braxton Kelley,placed on ir
2010-06-15,Vikings,,• Aaron Rhea,placed on ir
2010-06-16,Saints,,• Roy Hall (b. 1983-12-08),placed on ir
2010-06-16,Titans,,• Roderick Hood / Rod Hood,placed on ir with torn acl in knee
2010-06-17,Saints,,• Greg Fassitt,placed on ir
2010-06-18,Broncos,,• Kyle Eckel,placed on ir
2010-06-22,Redskins,,• Marques Hagans,placed on ir
2010-06-29,Rams,,• K.C. Asiodu,placed on ir
2010-07-07,Lions,,• Copeland Bryan,placed on ir with knee injury
2010-07-21,Steelers,,• Willie Colon,placed on ir with right achilles tendon injury
2010-07-22,Bills,,• Joe Klopfenstein,placed on ir with undisclosed injury
2010-08-01,Ravens,,• Domonique Foxworth,placed on ir with torn acl in right knee
2010-08-02,Texans,,• Glenn Martinez,placed on ir with hamstring injury
2010-08-03,Colts,,• Tom Santi,placed on ir
2010-08-03,Panthers,,• Marcus Walker (b. 1986-05-23),placed on ir
2010-08-03,Seahawks,,• Jameson Konz,placed on ir with hip injury
2010-08-04,Cardinals,,• Dean Muhtadi,placed on ir
2010-08-04,Dolphins,,• A.J. Edds,placed on ir with torn acl in right knee
2010-08-04,Texans,,• Justin Griffith,placed on ir with spinal cord concussion
2010-08-05,Dolphins,,• Kory Sheets,placed on ir
2010-08-05,Broncos,,• Josh Barrett,placed on ir with shoulder injury
2010-08-06,Broncos,,• Kenny McKinley,placed on ir with knee injury
2010-08-06,Chargers,,• Bryan Walters,placed on ir
2010-08-06,Jaguars,,• Jason Harmon (b),placed on ir
2010-08-06,Rams,,• Chris Hovan,placed on ir with back injury
2010-08-06,Ravens,,• Walt Harris (Lee),placed on ir with achilles tendon injury
2010-08-07,Browns,,• Chris Roberson,placed on ir with right leg injury
2010-08-07,Buccaneers,,• Matt O'Hanlon,placed on ir
2010-08-07,Packers,,• Jeff Moturi,placed on ir with knee injury
2010-08-07,Rams,,• Mark Lewis (b),placed on ir for undisclosed reasons
2010-08-08,Chiefs,,• Tervaris Johnson,placed on ir with leg injury
2010-08-08,Giants,,• Rueben Riley,placed on ir
2010-08-08,Jaguars,,• Nate Hughes,placed on ir
2010-08-08,Seahawks,,• Anthony Heygood,placed on ir
2010-08-08,Jaguars,,• Terrell Whitehead,placed on ir
2010-08-09,Bears,,• Mike Teel,placed on ir
2010-08-09,Raiders,,• Jonathan Holland,placed on ir with ankle injury
2010-08-09,Seahawks,,• Isaiah Stanback,placed on ir
2010-08-09,Seahawks,,• Ryan Powdrell,placed on ir
2010-08-09,Steelers,,• Tuff Harris,placed on ir
2010-08-10,Bears,,• Averell Spicer,placed on ir
2010-08-10,Cardinals,,• Charles Ali,placed on ir
2010-08-10,Lions,,• Joe Cohen,placed on ir
2010-08-11,49ers,,• Martail Burnett,placed on ir with right knee injury
2010-08-11,Bengals,,• Cordera Eason,placed on ir with foot injury
2010-08-11,Cowboys,,• Kevin Brock,placed on ir
2010-08-11,Cowboys,,• Titus Ryan,placed on ir
2010-08-12,Bears,,• Antonio Robinson,placed on ir
2010-08-12,Bears,,• Harvey Unga,placed on ir with right hamstring injury
2010-08-12,Bills,,• Felton Huggins,placed on ir
2010-08-12,Dolphins,,• Evan Oglesby,placed on ir with left ankle injury
2010-08-12,Packers,,• Josh Bell,placed on ir
2010-08-12,Steelers,,• Andre Frazier,placed on ir with knee injury
2010-08-13,49ers,,• Scott McKillop,placed on ir with torn acl in left knee
2010-08-13,Cardinals,,• Keilen Dykes,placed on ir
2010-08-13,Patriots,,• Ty Warren,placed on ir with hip injury
2010-08-15,Eagles,,• Antoine Harris,placed on ir with foot injury
2010-08-15,Patriots,,• Torry Holt,placed on ir with knee injury
2010-08-16,Chargers,,• Ali Highsmith,placed on ir
2010-08-16,Colts,,• David Caldwell (b),placed on ir
2010-08-16,Jets,,• Marlon Davis,placed on ir
2010-08-16,Lions,,• Jordon Dizon,placed on ir with knee injury
2010-08-16,Panthers,,• Steve Justice,placed on ir
2010-08-16,Saints,,• Lynell Hamilton,placed on ir with knee injury
2010-08-16,Texans,,• Ben Tate (b),placed on ir with ankle injury
2010-08-16,Texans,,• Tim Bulman,placed on ir with shoulder injury
2010-08-16,Titans,,• Marcus Howard,placed on ir
2010-08-17,Bills,,• Ryan Manalac,placed on ir
2010-08-17,Browns,,• Dave Zastudil,placed on ir with right knee injury
2010-08-17,Browns,,• Johnathan Haggerty,placed on ir
2010-08-18,Colts,,• Jamie Silva,placed on ir
2010-08-18,Lions,,• Richard Dickson,placed on ir with knee injury
2010-08-18,Titans,,• Stafon Johnson,placed on ir with right ankle and leg injury
2010-08-19,49ers,,• Chris Patrick,placed on ir with shoulder injury
2010-08-19,Bears,,• Matt Mayberry,placed on ir
2010-08-19,Colts,,• Donye McCleskey / Donye' McCleskey,placed on ir
2010-08-19,Lions,,• Jahi Word-Daniels,placed on ir
2010-08-19,Lions,,• Matt Clapp,placed on ir
2010-08-19,Raiders,,• Charlie Frye,placed on ir with right wrist injury
2010-08-19,Redskins,,• Mike Furrey,placed on ir with concussion
2010-08-19,Vikings,,• Jaymar Johnson,placed on ir with fractured left thumb
2010-08-20,Buccaneers,,• De'von Hall,placed on ir
2010-08-20,Jaguars,,• Freddy Keiaho,placed on ir with concussion
2010-08-20,Texans,,• Darnell Bing,placed on ir with neck injury
2010-08-21,Falcons,,• Kerry Meier,placed on ir with knee injury
2010-08-23,Bills,,• Danny Batten,placed on ir with right shoulder injury (surgery)
2010-08-23,Bills,,• Marcus Easley,placed on ir with left knee injury
2010-08-23,Colts,,• Jordan Hemby,placed on ir
2010-08-23,Jets,,• Ropati Pitoitua,placed on ir with left achilles tendon injury
2010-08-23,Lions,,• Roy Schuening,placed on ir
2010-08-23,Saints,,• Marcus Mailei,placed on ir with undisclosed injury
2010-08-24,Bears,,• Eric Peterman,placed on ir
2010-08-24,Bengals,,• Andrew Mitchell,placed on ir
2010-08-24,Patriots,,• Kade Weston,placed on ir with undisclosed injury
2010-08-24,Saints,,• P.J. Hill,placed on ir with left leg injury
2010-08-24,Browns,,• Kwaku Danso,placed on ir
2010-08-25,Bills,,• Michael Matthews,placed on ir
2010-08-25,Giants,,• Michael Greco,placed on ir
2010-08-25,Rams,,• Dominic Douglas,placed on ir
2010-08-26,Lions,,• Trevor Canfield,placed on ir
2010-08-27,Lions,,• Jared DeVries,placed on ir with knee injury
2010-08-28,Colts,,• Marcus McCauley,placed on ir with undisclosed injury
2010-08-29,Bengals,,• Gibril Wilson,"placed on ir with torn acl, mcl in left knee"
2010-08-30,Colts,,• Kevin Thomas (c),placed on ir with knee injury
2010-08-30,Lions,,• David Roach,placed on ir
2010-08-30,Rams,,• Donnie Avery,placed on ir with torn acl in right knee
2010-08-30,Texans,,• Ben Tate (b),placed on ir
2010-08-30,Texans,,• Trindon Holliday,placed on ir with thumb injury
2010-08-30,Seahawks,,• Jonathan Lewis,placed on ir with thumb injury
2010-08-31,49ers,,• Brandon Long,placed on ir
2010-08-31,Broncos,,• Tony Carter (Lamar),placed on ir
2010-08-31,Browns,,• Titus Adams,placed on ir with leg injury
2010-08-31,Buccaneers,,• Jon Alston (b. 1983-06-04),placed on ir with undisclosed injury
2010-08-31,Cardinals,,• Nehemiah Broughton,placed on ir with torn acl in knee
2010-08-31,Chargers,,• Donald Butler,placed on ir with achilles tendon injury
2010-08-31,Cowboys,,• John Phillips (Matthew),placed on ir with torn acl in right knee
2010-08-31,Dolphins,,• Joey Haynos,placed on ir
2010-08-31,Dolphins,,• Nate Garner,placed on ir with foot injury
2010-08-31,Eagles,,• Ricky Sapp,placed on ir with knee injury
2010-08-31,Giants,,• Adrian Tracy,placed on ir with elbow injury
2010-08-31,Giants,,• Jim Sorgi,placed on ir with right shoulder injury
2010-08-31,Giants,,• Sinorice Moss,placed on ir with sports hernia
2010-08-31,Jaguars,,• D'Anthony Smith,placed on ir with achilles tendon injury
2010-08-31,Jaguars,,• John Estes,placed on ir with knee injury
2010-08-31,Lions,,• Jake Nordin,placed on ir
2010-08-31,Packers,,• Quinn Porter,placed on ir with sprained mcl in left knee
2010-08-31,Panthers,,• Hilee Taylor,placed on ir with knee injury
2010-08-31,Panthers,,• Wallace Wright,placed on ir with shoulder injury
2010-08-31,Patriots,,• Bret Lockett,placed on ir with chest injury
2010-08-31,Patriots,,• Darryl Richard,placed on ir with foot injury
2010-08-31,Patriots,,• Josh Barrett,placed on ir with shoulder injury
2010-08-31,Patriots,,• Leigh Bodden,placed on ir with shoulder injury
2010-08-31,Rams,,• Phil Trautwein,placed on ir
2010-08-31,Ravens,,• Daniel Sanders,placed on ir with shoulder injury
2010-08-31,Ravens,,• Marcus Paschal,placed on ir with right leg injury
2010-08-31,Redskins,,• Malcolm Kelly,placed on ir with knee injury
2010-08-31,Vikings,,• Jeremy Leman / J Leman,placed on ir with toe injury
2010-09-01,Bears,,• Will Ta'ufo'ou,placed on ir with right knee injury
2010-09-01,Cardinals,,• Darren Mougey,placed on ir
2010-09-01,Falcons,,• Thomas Johnson (b. 1981-06-24),placed on ir
2010-09-01,Jaguars,,• Cecil Newton Jr.,placed on ir
2010-09-01,Packers,,• Quinn Porter,placed on ir
2010-09-01,Titans,,• Kareem Brown,placed on ir
2010-09-01,Titans,,• Mike Rivera,placed on ir
2010-09-02,Ravens,,• Mike McLaughlin (b),placed on ir with sports hernia
2010-09-03,Broncos,,• LenDale White,placed on ir with achilles tendon injury
2010-09-03,Browns,,• Montario Hardesty,placed on ir with left knee injury
2010-09-04,49ers,,• Chris Patrick,placed on ir
2010-09-04,49ers,,• Matt Wilhelm,placed on ir
2010-09-04,49ers,,• Scott McKillop,placed on ir
2010-09-04,Bears,,• Averell Spicer,placed on ir
2010-09-04,Bears,,• Brett Basanez,placed on ir
2010-09-04,Bengals,,• Andrew Mitchell,placed on ir
2010-09-04,Bengals,,• Gibril Wilson,placed on ir
2010-09-04,Bills,,• Felton Huggins,placed on ir
2010-09-04,Bills,,• Joe Klopfenstein,placed on ir
2010-09-04,Broncos,,• Brandon Stokley,placed on ir for undisclosed reason
2010-09-04,Broncos,,• Braxton Kelley,placed on ir
2010-09-04,Broncos,,• Elvis Dumervil,placed on ir with pectoral injury
2010-09-04,Broncos,,• Kenny McKinley,placed on ir
2010-09-04,Broncos,,• Kyle Eckel,placed on ir
2010-09-04,Browns,,• Dave Zastudil,placed on ir
2010-09-04,Browns,,• Greg Estandia,placed on ir
2010-09-04,Browns,,• Johnathan Haggerty,placed on ir
2010-09-04,Browns,,• Kwaku Danso,placed on ir
2010-09-04,Buccaneers,,• Brandon Gilbeaux,placed on ir with ankle injury
2010-09-04,Buccaneers,,• Demar Dotson,placed on ir with undisclosed injury
2010-09-04,Buccaneers,,• Jon Alston (b. 1983-06-04),placed on ir
2010-09-04,Cardinals,,• Darren Mougey,placed on ir
2010-09-04,Cardinals,,• Keilen Dykes,placed on ir
2010-09-04,Cardinals,,• Nehemiah Broughton,placed on ir
2010-09-04,Chiefs,,• Chandler Williams III,placed on ir
2010-09-04,Chiefs,,• Jerheme Urban,placed on ir with finger injury
2010-09-04,Chiefs,,• Maurice Leggett,placed on ir with neck injury
2010-09-04,Chiefs,,• Tervaris Johnson,placed on ir
2010-09-04,Colts,,• Brett Swenson,placed on ir
2010-09-04,Colts,,• David Caldwell (b),placed on ir
2010-09-04,Colts,,• Donye McCleskey / Donye' McCleskey,placed on ir
2010-09-04,Colts,,• Jamie Silva,placed on ir
2010-09-04,Colts,,• Jordan Hemby,placed on ir
2010-09-04,Colts,,• Marcus McCauley,placed on ir
2010-09-04,Colts,,• Tom Santi,placed on ir
2010-09-04,Dolphins,,• Joey Haynos,placed on ir
2010-09-04,Dolphins,,• Kory Sheets,placed on ir
2010-09-04,Eagles,,• Antoine Harris,placed on ir
2010-09-04,Eagles,,• Marlin Jackson,placed on ir
2010-09-04,Falcons,,• Thomas Johnson (b. 1981-06-24),placed on ir
2010-09-04,Giants,,• Domenik Hixon,placed on ir
2010-09-04,Giants,,• Jim Sorgi,placed on ir
2010-09-04,Giants,,• Sinorice Moss,placed on ir
2010-09-04,Jaguars,,• Bryan Smith,placed on ir
2010-09-04,Jaguars,,• Chris McGaha,placed on ir
2010-09-04,Jaguars,,• Freddy Keiaho,placed on ir
2010-09-04,Jaguars,,• Jason Harmon (b),placed on ir
2010-09-04,Jaguars,,• Kyle Bosworth,placed on ir with undisclosed injury
2010-09-04,Jaguars,,• Nate Hughes,placed on ir
2010-09-04,Jaguars,,• Terrell Whitehead,placed on ir
2010-09-04,Lions,,• Copeland Bryan,placed on ir
2010-09-04,Lions,,• Jake Nordin,placed on ir
2010-09-04,Lions,,• Jared DeVries,placed on ir
2010-09-04,Lions,,• Joe Cohen,placed on ir
2010-09-04,Lions,,• Jordon Dizon,placed on ir
2010-09-04,Lions,,• Richard Dickson,placed on ir
2010-09-04,Lions,,• T.J. Rushing,placed on ir
2010-09-04,Lions,,• Trevor Canfield,placed on ir
2010-09-04,Packers,,• Josh Bell,placed on ir
2010-09-04,Packers,,• Quinn Porter,placed on ir
2010-09-04,Packers,,• Will Blackmon,placed on ir with knee injury
2010-09-04,Panthers,,• C.J. Davis,placed on ir with concussion
2010-09-04,Panthers,,• Duke Robinson,placed on ir with knee injury
2010-09-04,Panthers,,• Steve Justice,placed on ir
2010-09-04,Panthers,,• Wallace Wright,placed on ir
2010-09-04,Patriots,,• Brandon McGowan,placed on ir with chest injury
2010-09-04,Patriots,,• Kade Weston,placed on ir
2010-09-04,Patriots,,• Leigh Bodden,placed on ir
2010-09-04,Patriots,,• Ty Warren,placed on ir
2010-09-04,Raiders,,• Charlie Frye,placed on ir
2010-09-04,Raiders,,• Jonathan Holland,placed on ir
2010-09-04,Rams,,• Chris Hovan,placed on ir
2010-09-04,Rams,,• Eric Young,placed on ir with knee injury
2010-09-04,Rams,,• Kevin Payne,placed on ir with knee injury
2010-09-04,Rams,,• Phil Trautwein,placed on ir
2010-09-04,Ravens,,• Daniel Sanders,placed on ir
2010-09-04,Ravens,,• David Hale,placed on ir with back injury
2010-09-04,Ravens,,• Domonique Foxworth,placed on ir
2010-09-04,Ravens,,• Kelly Talavou,placed on ir with knee injury
2010-09-04,Ravens,,• Marcus Paschal,placed on ir
2010-09-04,Ravens,,• Ramon Harewood,placed on ir with knee injury
2010-09-04,Ravens,,• Stefan Rodgers,placed on ir with ankle injury
2010-09-04,Redskins,,• Mike Furrey,placed on ir
2010-09-04,Saints,,• Jonathan Casillas,placed on ir with foot injury
2010-09-04,Saints,,• Lynell Hamilton,placed on ir
2010-09-04,Saints,,• Marcus Mailei,placed on ir
2010-09-04,Saints,,• P.J. Hill,placed on ir
2010-09-04,Seahawks,,• Anthony Heygood,placed on ir
2010-09-04,Seahawks,,• Isaiah Stanback,placed on ir
2010-09-04,Seahawks,,• Jameson Konz,placed on ir
2010-09-04,Seahawks,,• Ray Willis,placed on ir with knee injury
2010-09-04,Steelers,,• Limas Sweed,placed on ir
2010-09-04,Steelers,,• Tuff Harris,placed on ir
2010-09-04,Steelers,,• Willie Colon,placed on ir
2010-09-04,Texans,,• Andre' Davis / Andre Davis (a),placed on ir with hip/tailbone injury
2010-09-04,Texans,,• Darnell Bing,placed on ir
2010-09-04,Texans,,• Justin Griffith,placed on ir
2010-09-04,Texans,,• Kris Brown,placed on ir with foot injury
2010-09-04,Texans,,• Tim Bulman,placed on ir
2010-09-04,Texans,,• Trey Stross,placed on ir
2010-09-04,Titans,,• Dominique Lindsay,placed on ir
2010-09-04,Titans,,• Kareem Brown,placed on ir
2010-09-04,Titans,,• Marcus Howard,placed on ir
2010-09-04,Titans,,• Mike Rivera,placed on ir
2010-09-04,Titans,,• Roderick Hood / Rod Hood,placed on ir
2010-09-04,Titans,,• Stafon Johnson,placed on ir
2010-09-04,Vikings,,• Jaymar Johnson,placed on ir with fractured left thumb
2010-09-04,Vikings,,• Jeremy Leman / J Leman,placed on ir
2010-09-04,Panthers,,• Aaron Francisco,placed on ir with hamstring injury
2010-09-04,Cardinals,,• Dean Muhtadi,placed on ir
2010-09-04,Bengals,,• Cordera Eason,placed on ir
2010-09-05,Bears,,• Woodny Turenne,placed on ir
2010-09-05,Bengals,,• Taufui Vakapuna / Fui Vakapuna,placed on ir with shoulder injury
2010-09-05,Bills,,• Derek Schouman,placed on ir with knee injury
2010-09-05,Buccaneers,,• Jonathan Compas,placed on ir with undisclosed injury
2010-09-05,Cardinals,,• Alfonso Smith,placed on ir
2010-09-05,Cardinals,,• Chris Johnson (c),placed on ir
2010-09-05,Cardinals,,• Mark Washington (b. 1985-08-20),placed on ir
2010-09-05,Chargers,,• Richie Brockel,placed on ir
2010-09-05,Colts,,• Glenn Sharpe,placed on ir
2010-09-05,Colts,,• James Williams (g),placed on ir
2010-09-05,Colts,,• Taj Smith,placed on ir
2010-09-05,Dolphins,,• Will Allen (D.),placed on ir with left knee injury
2010-09-05,Falcons,,• Brandyn Harvey,placed on ir
2010-09-05,Giants,,• Alex Hall,placed on ir with shoulder injury
2010-09-05,Giants,,• Courtney Brown (Leonard),placed on ir with ankle injury
2010-09-05,Lions,,• Korey Bosworth,placed on ir
2010-09-05,Packers,,• Allen Barbre,placed on ir with back injury
2010-09-05,Panthers,,• Jamie Petrowski,placed on ir
2010-09-05,Patriots,,• George Bussey,placed on ir
2010-09-05,Raiders,,• Alex Daniels,placed on ir with undisclosed injury
2010-09-05,Raiders,,• Jay Richardson,placed on ir with knee injury
2010-09-05,Raiders,,• Joey Thomas,placed on ir with concussion
2010-09-05,Redskins,,• Clint Oldenburg,placed on ir
2010-09-05,Redskins,,• Robert Henson,placed on ir
2010-09-05,Steelers,,• Renauld Williams,placed on ir
2010-09-05,Texans,,• Derek Fine,placed on ir
2010-09-05,Texans,,• Jeremiah Johnson,placed on ir
2010-09-09,Colts,,• Tony Ugoh,placed on ir with toe injury
2010-09-09,Jets,,• Kevin O'Connell,placed on ir
2010-09-10,Bills,,• Kawika Mitchell,placed on ir with foot injury
2010-09-11,Jaguars,,• Jarett Dillard,placed on ir with left foot/toe injury
2010-09-14,Bears,,• Hunter Hillenmeyer,placed on ir with concussion
2010-09-14,Eagles,,• Jamaal Jackson,placed on ir with torn triceps in right arm (out for season)
2010-09-14,Eagles,,• Leonard Weaver,placed on ir with torn acl in left knee (out for season)
2010-09-14,Lions,,• Aaron Berry,placed on ir with right shoulder injury
2010-09-14,Packers,,• Justin Harrell,placed on ir with torn acl in left knee
2010-09-14,Packers,,• Ryan Grant (Brett),placed on ir with ankle injury
2010-09-14,Seahawks,,• Max Unger,placed on ir with left toe injury
2010-09-14,Texans,,• Connor Barwin,placed on ir with right ankle injury
2010-09-15,Chargers,,• David Binn,placed on ir with hamstring injury
2010-09-15,Chiefs,,• Cameron Sheffield,placed on ir with neck injury
2010-09-15,Jets,,• Kris Jenkins,placed on ir with torn acl in left knee
2010-09-15,Panthers,,• Todd Carter,placed on ir
2010-09-15,Rams,,• Josh Hull,placed on ir with torn acl in left knee
2010-09-17,Chargers,,• James Dearth,placed on ir with foot injury
2010-09-17,Panthers,,• Charly Martin,placed on ir with concussion
2010-09-21,Browns,,• Kaluka Maiava,placed on ir with right leg injury
2010-09-21,Falcons,,• Jerious Norwood,placed on ir with knee injury
2010-09-21,Jaguars,,• Luke McCown,placed on ir with torn acl in knee
2010-09-22,Jaguars,,• Scotty McGee,placed on ir with shoulder injury
2010-09-22,Patriots,,• Kevin Faulk,placed on ir with torn acl in right knee
2010-09-25,Browns,,• D'Qwell Jackson,placed on ir with pectoral muscle injury
2010-09-27,Colts,,• Ramon Humber,placed on ir with hand injury
2010-09-27,Cowboys,,• Deon Anderson,placed on ir
2010-09-27,Rams,,• Dominique Curry,placed on ir with torn acl in right knee
2010-09-28,Giants,,• Michael Johnson (Derrick),placed on ir with back injury
2010-09-29,Chargers,,• James Holt (b),placed on ir with shoulder injury
2010-09-29,Chargers,,• Ryan Neill,placed on ir with knee injury
2010-10-01,Seahawks,,• LeRoy Hill,placed on ir with achilles tendon / calf injury
2010-10-02,Steelers,,• Dennis Dixon,placed on ir with left knee injury
2010-10-05,Chargers,,• Jyles Tucker,placed on ir with pectoral injury
2010-10-05,Colts,,• Devin Moore,placed on ir with neck injury
2010-10-05,Colts,,• Melvin Bullitt,placed on ir with shoulder injury
2010-10-05,Saints,,• Chris Reis,placed on ir with shoulder injury
2010-10-06,Rams,,• Marquis Johnson,placed on ir with knee injury
2010-10-07,Dolphins,,• Lionel Dotson,placed on ir
2010-10-07,Packers,,• Morgan Burnett,placed on ir with knee injury
2010-10-07,Redskins,,• Josh Bidwell,placed on ir with right hip injury
2010-10-07,Titans,,• Derrick Morgan,placed on ir with torn acl in left knee
2010-10-11,Rams,,• Mark Clayton (Jermaine),placed on ir with torn patellar tendon in right knee
2010-10-12,Patriots,,• Nick Kaczur,placed on ir with back injury
2010-10-12,Rams,,• Darcy Johnson,placed on ir with concussion
2010-10-13,Chargers,,• Shawne Merriman,placed on ir with calf injury
2010-10-13,Packers,,• Derrick Martin (Jerome),placed on ir with knee injury
2010-10-13,Titans,,• Colin Allred,placed on ir with neck injury
2010-10-13,Vikings,,• Cedric Griffin,placed on ir with torn acl in right knee
2010-10-15,Lions,,• Spencer Havner,placed on ir with hamstring injury
2010-10-16,Giants,,• Victor Cruz,placed on ir with hamstring injury
2010-10-17,Packers,,• Nick Barnett,placed on ir with wrist injury
2010-10-18,Packers,,• Jermichael Finley,placed on ir with right knee injury
2010-10-19,49ers,,• Curtis Taylor,placed on ir with quadriceps injury
2010-10-19,Broncos,,• Matthew Willis / Matt Willis,placed on ir with foot injury
2010-10-19,Buccaneers,,• Kareem Huggins,placed on ir with torn acl in right knee
2010-10-19,Colts,,• Brandon King (Marico),placed on ir with hamstring injury
2010-10-20,Browns,,• Robaire Smith,placed on ir with back injury
2010-10-20,Browns,,• Tony Pashos,placed on ir with ankle injury
2010-10-20,Saints,,• Randall Gay,placed on ir with concussion
2010-10-22,Dolphins,,• Jared Odrick,placed on ir with left foot injury
2010-10-23,Chargers,,• Kion Wilson,placed on ir with ankle injury
2010-10-23,Ravens,,• Jared Gaither,placed on ir with back injury
2010-10-25,Colts,,• Dallas Clark,placed on ir with wrist injury
2010-10-25,Texans,,• DeMeco Ryans,placed on ir with torn left achilles tendon
2010-10-26,Bengals,,• Adam Jones / Pacman Jones,placed on ir with neck injury
2010-10-26,Jaguars,,• Eben Britton,placed on ir with shoulder injury
2010-10-26,Packers,,• Brady Poppinga,placed on ir with knee injury
2010-10-26,Packers,,• Mike Neal,placed on ir with shoulder injury
2010-10-27,Packers,,• Brad Jones (Edward),placed on ir with right shoulder injury
2010-10-27,Panthers,,• Jamar Williams,placed on ir with neck injury
2010-10-27,Rams,,• Clifton Ryan,placed on ir with migraine headaches
2010-10-28,Falcons,,• Robert Agnone / Robbie Agnone,placed on ir with foot injury (out for season)
2010-10-28,Giants,,• Mathias Kiwanuka,placed on ir with neck injury
2010-10-30,Dolphins,,• Deon Anderson,placed on ir with triceps injury
2010-10-31,Lions,,• Zack Follett,placed on ir with neck injury
2010-11-01,49ers,,• Eric Heitmann,placed on ir with neck injury
2010-11-01,Giants,,• Bruce Johnson (b. 1987-02-18),placed on ir with knee injury
2010-11-02,Buccaneers,,• Brian Price (Larisso),placed on ir with pelvis injury
2010-11-02,Chargers,,• Craig Davis / Buster Davis,placed on ir with groin injury
2010-11-02,Seahawks,,• Ben Hamilton,placed on ir with concussion
2010-11-02,Seahawks,,• Joseph Bryant / Red Bryant,placed on ir with knee injury
2010-11-03,Bills,,• Cornell Green (Duane),placed on ir with knee injury
2010-11-03,Patriots,,• Darnell Jenkins,placed on ir (e)
2010-11-03,Titans,,• Jamie Winborn,placed on ir with shoulder injury
2010-11-06,Colts,,• Anthony Gonzalez,placed on ir with knee injury
2010-11-08,Bills,,• Andra Davis,placed on ir with shoulder injury
2010-11-08,Bills,,• Roscoe Parrish,placed on ir with fractured left wrist
2010-11-08,Panthers,,• Thomas Davis,placed on ir with torn acl in right knee
2010-11-08,Redskins,,• Chris Horton,placed on ir with right ankle injury
2010-11-09,Cardinals,,• Kenny Iwebema,placed on ir with knee injury
2010-11-09,Giants,,• Adam Koets,placed on ir with torn acl in left knee
2010-11-09,Panthers,,• Dan Connor (Murphy),placed on ir with hip injury
2010-11-09,Panthers,,• Jeff Otah,placed on ir with knee injury
2010-11-09,Panthers,,• Matt Moore,placed on ir with right shoulder injury
2010-11-10,Cowboys,,• Akwasi Owusu-Ansah,placed on ir with ankle injury
2010-11-10,Cowboys,,• Marcus Spears (Rayshon),placed on ir with calf injury
2010-11-10,Patriots,,• Stephen Gostkowski,placed on ir with thigh injury
2010-11-10,Steelers,,• Max Starks,placed on ir with neck injury
2010-11-11,Texans,,• Dominique Barber,placed on ir with knee injury
2010-11-12,Packers,,• Mark Tauscher,placed on ir with shoulder injury
2010-11-13,Bengals,,• Andre Smith (Dewayne),placed on ir with foot injury
2010-11-13,Jaguars,,• Aaron Kampman,placed on ir with knee injury (surgery)
2010-11-13,Texans,,• Karl Paymah,placed on ir with wrist injury
2010-11-15,Bengals,,• Mike Nugent,placed on ir with torn acl in right knee
2010-11-15,Bengals,,• Morgan Trent,placed on ir with knee injury
2010-11-16,Browns,,• Billy Yates,placed on ir with biceps injury
2010-11-16,Dolphins,,• Chad Pennington,placed on ir with right shoulder injury
2010-11-16,Giants,,• Ramses Barden,"placed on ir with left leg, foot injury"
2010-11-16,Rams,,• Fendi Onobun,placed on ir with back injury
2010-11-17,Cardinals,,• Brandon Keith,placed on ir with knee injury
2010-11-17,Chiefs,,• Mark Simoneau,placed on ir
2010-11-17,Lions,,• Jack Williams (b),placed on ir with knee injury
2010-11-17,Panthers,,• DeAngelo Williams,placed on ir with foot injury
2010-11-19,Dolphins,,• Cory Procter,placed on ir with torn acl in left knee
2010-11-20,Saints,,• Jason Kyle,placed on ir with shoulder injury
2010-11-21,Bengals,,• Jonathan Fanene,placed on ir with hamstring injury
2010-11-22,Bengals,,• Chris Crocker,placed on ir with torn mcl in right knee
2010-11-22,Bengals,,• Frostee Rucker,placed on ir with knee injury
2010-11-22,Lions,,• Kevin Smith (Ryan),placed on ir with thumb injury
2010-11-22,Redskins,,• Chad Simpson,placed on ir with foot injury
2010-11-22,Saints,,• Stanley Arnoux,placed on ir with achilles tendon injury
2010-11-23,Bengals,,• Terry Johnson / Tank Johnson,placed on ir with right knee injury
2010-11-23,Browns,,• Blake Costanzo,placed on ir with groin injury
2010-11-23,Cardinals,,• Will Davis,placed on ir with fractured left fibula
2010-11-23,Colts,,• Chip Vaughn,placed on ir with left foot/ankle injury
2010-11-23,Eagles,,• Ellis Hobbs,placed on ir with neck injury
2010-11-23,Redskins,,• Anderson Russell,placed on ir with torn acl
2010-11-23,Titans,,• Vince Young,placed on ir with right thumb injury
2010-11-24,Giants,,• Madison Hedgecock,placed on ir with hamstring injury
2010-11-24,Raiders,,• Trevor Scott,placed on ir with torn acl in left knee
2010-11-24,Vikings,,• Anthony Herrera,placed on ir with torn acl in left knee
2010-11-25,Redskins,,• Clinton Portis,placed on ir with groin injury
2010-11-26,Seahawks,,• Anthony McCoy,placed on ir with knee injury
2010-11-27,Bills,,• Keith Ellison,placed on ir with knee injury
2010-11-27,Bills,,• Shawne Merriman,placed on ir with calf / achilles tendon injury
2010-11-30,49ers,,• Dominique Zeigler,placed on ir with knee injury
2010-11-30,49ers,,• Frank Gore (Sr.),placed on ir with right hip injury
2010-11-30,Buccaneers,,• Cody Grimm,placed on ir with fibula injury
2010-11-30,Buccaneers,,• Davin Joseph,placed on ir with fractured foot
2010-11-30,Buccaneers,,• Kyle Moore (b. 1986-10-25),placed on ir with shoulder injury
2010-11-30,Packers,,• Brandon Chillar,placed on ir with shoulder injury
2010-11-30,Packers,,• Spencer Havner,placed on ir with hamstring injury
2010-12-01,Colts,,• Cody Glenn,placed on ir with neck injury
2010-12-01,Texans,,• Torri Williams,placed on ir with hamstring injury
2010-12-02,Bengals,,• Antwan Odom,placed on ir with wrist injury
2010-12-02,Bills,,• Dwan Edwards,placed on ir with hamstring injury
2010-12-02,Bills,,• Reggie Torbor,placed on ir with shoulder injury
2010-12-02,Jaguars,,• Jacob Cutrera,placed on ir with concussion
2010-12-02,Lions,,• Jason Hanson,placed on ir with right knee injury
2010-12-02,Patriots,,• Stephen Neal,placed on ir with shoulder injury
2010-12-02,Raiders,,• Bruce Gradkowski,placed on ir with right shoulder injury
2010-12-03,Cowboys,,• Sean Lissemore,placed on ir with ankle injury
2010-12-03,Panthers,,• Tony Pike,placed on ir with shoulder injury
2010-12-04,Jets,,• Jim Leonhard (Andrew),placed on ir with fractured leg
2010-12-06,Bills,,• Antonio Coleman,placed on ir with knee injury
2010-12-06,Broncos,,• Dan Gronkowski,placed on ir with ankle injury
2010-12-06,Broncos,,• Joe Mays,placed on ir with left knee injury
2010-12-07,Bills,,• Kraig Urbik,placed on ir with knee injury
2010-12-07,Buccaneers,,• Aqib Talib,placed on ir with hip injury
2010-12-07,Buccaneers,,• Jeff Faine,placed on ir with quadriceps injury
2010-12-07,Cardinals,,• Max Hall,placed on ir with left shoulder injury
2010-12-07,Colts,,• Jerraud Powers,placed on ir with forearm injury
2010-12-07,Dolphins,,• Al Harris (b. 1974-12-07),placed on ir with hamstring injury
2010-12-07,Rams,,• Na'il Diggs,placed on ir with pectoral muscle injury
2010-12-07,Steelers,,• Daniel Sepulveda / Dan Sepulveda,placed on ir with torn acl in right knee
2010-12-07,Texans,,• Jesse Nading,placed on ir with knee injury
2010-12-08,Bengals,,• Brandon Ghee,placed on ir with groin injury
2010-12-08,Chiefs,,• Jackie Bates,placed on ir with knee injury
2010-12-08,Colts,,• (Demond) Bob Sanders,placed on ir with biceps injury
2010-12-08,Cowboys,,• Dez Bryant,placed on ir with ankle/fibula injury
2010-12-08,Lions,,• Alphonso Smith,placed on ir with right shoulder injury
2010-12-08,Lions,,• Kyle Vanden Bosch,placed on ir with neck injury
2010-12-08,Saints,,• Ladell Betts,placed on ir with neck injury
2010-12-08,Vikings,,• Albert Young,placed on ir with knee injury
2010-12-10,Bengals,,• Rico Murray,placed on ir with ankle injury
2010-12-10,Jaguars,,• Kevin Haslam,placed on ir with hand injury
2010-12-10,Lions,,• Derrick Williams (b),placed on ir with right ankle injury
2010-12-11,Dolphins,,• Brian Hartline,placed on ir with finger injury
2010-12-11,Lions,,• Isaiah Ekejiuba,placed on ir with knee injury
2010-12-13,Bengals,,• Chinedum Ndukwe / Nedu Ndukwe,placed on ir with knee injury
2010-12-13,Broncos,,• Kyle McCarthy,placed on ir with knee injury
2010-12-13,Buccaneers,,• Gerald McCoy,placed on ir with torn right biceps
2010-12-13,Buccaneers,,• Quincy Black,placed on ir with fractured arm
2010-12-13,Titans,,• Eugene Amano,placed on ir with shoulder / neck injury
2010-12-14,Bills,,• Lee Evans,placed on ir with ankle injury
2010-12-14,Dolphins,,• Vernon Carey,placed on ir with knee injury
2010-12-14,Eagles,,• Brandon Graham,placed on ir with torn acl in right knee
2010-12-14,Lions,,• Brandon McDonald,placed on ir with forearm injury
2010-12-14,Panthers,,• Everette Brown,placed on ir with wrist injury
2010-12-14,Panthers,,• Jason Williams,placed on ir with torn acl in left knee
2010-12-14,Panthers,,• Travelle Wharton,placed on ir with toe injury
2010-12-14,Redskins,,• LaRon Landry,placed on ir with achilles injury
2010-12-14,Seahawks,,• (Vincent) Deon Butler,placed on ir with right leg (fibula) injury
2010-12-14,Vikings,,• Chris Cook (a),placed on ir with knee injury
2010-12-15,Cowboys,,• Kevin Ogletree,placed on ir with toe injury
2010-12-15,Giants,,• Clint Sintim,placed on ir with torn acl in right knee
2010-12-15,Lions,,• Gosder Cherilus,placed on ir with knee injury
2010-12-15,Patriots,,• Jonathan Wilhite,placed on ir with hip injury
2010-12-15,Texans,,• David Anderson,placed on ir with shoulder injury
2010-12-15,Texans,,• Mario Williams,placed on ir with sports hernia
2010-12-15,Texans,,• Mike Brisiel,placed on ir with shoulder injury
2010-12-15,Titans,,• (Robert) Tony Brown,placed on ir with knee injury
2010-12-16,Chargers,,• Pat Watkins,placed on ir with knee injury
2010-12-16,Giants,,• Steve Smith (b. 1985-05-06),placed on ir with left knee injury
2010-12-16,Vikings,,• Tarvaris Jackson,placed on ir with toe injury
2010-12-17,Jaguars,,• Terrence Wheatley,placed on ir with hamstring injury
2010-12-17,Titans,,• Dave Ball,"placed on ir with concussion, hip injury"
2010-12-17,Titans,,• Ryan Mouton,placed on ir with ankle / hamstring injury
2010-12-18,49ers,,• Joe Nedney,placed on ir with right knee injury
2010-12-18,49ers,,• Travis LaBoy,placed on ir with knee injury
2010-12-18,Packers,,• Anthony Smith (b),placed on ir with ankle injury
2010-12-20,Seahawks,,• Roy Lewis (a),placed on ir with knee injury
2010-12-20,Vikings,,• Steve Hutchinson,placed on ir with thumb injury
2010-12-21,Bengals,,• Terrell Owens,placed on ir with left knee injury
2010-12-21,Browns,,• Eric Wright,placed on ir with knee injury
2010-12-21,Browns,,• Scott Fujita,placed on ir with knee injury
2010-12-21,Cowboys,,• Tony Romo (Ramiro),placed on ir with left shoulder injury
2010-12-21,Eagles,,• Nate Allen (b),placed on ir with knee injury
2010-12-21,Rams,,• Brit Miller,placed on ir with torn acl in right knee
2010-12-21,Redskins,,• Ma'ake Kemoeatu,placed on ir with shoulder injury
2010-12-21,Redskins,,• Phillip Daniels,"placed on ir with abdominal, groin injuries"
2010-12-22,Broncos,,• Spencer Larsen,placed on ir with ankle injury
2010-12-22,Browns,,• Evan Moore,placed on ir with hip injury
2010-12-22,Cardinals,,• Early Doucet,placed on ir with hip injury
2010-12-22,Colts,,• Austin Collie,placed on ir with concussion
2010-12-22,Seahawks,,• Derek Walker,placed on ir with undisclosed injury
2010-12-23,Broncos,,• Matt Prater,placed on ir with right groin injury
2010-12-23,Eagles,,• Jorrick Calvin,placed on ir with back injury
2010-12-23,Seahawks,,• Junior Siavii,placed on ir with neck injury
2010-12-24,Lions,,• Matthew Stafford,placed on ir with separated right shoulder
2010-12-25,Redskins,,• Kedric Golston,placed on ir with groin injury
2010-12-27,Broncos,,• Lee Robinson,placed on ir with hamstring injury
2010-12-27,Buccaneers,,• Arrelious Benn,placed on ir with torn acl in left knee
2010-12-28,Bengals,,• Brian Leonard,placed on ir with ankle injury
2010-12-28,Bills,,• Cordaro Howard / Cord Howard,placed on ir with shoulder injury
2010-12-28,Falcons,,• Shann Schillinger,placed on ir with ankle injury
2010-12-29,Eagles,,• Jeff Owens,placed on ir with ruptured patella tendon in knee
2010-12-29,Ravens,,• Morgan Cox,placed on ir with left knee injury
2010-12-29,Redskins,,• Kareem Moore,placed on ir with knee injury
2010-12-29,Saints,,• Courtney Roby,placed on ir with concussion
2010-12-29,Texans,,• Darryl Sharpton,placed on ir with shoulder injury
2010-12-30,Chargers,,• Antonio Gates,placed on ir with foot/toe injury
2010-12-30,Giants,,• Will Blackmon,placed on ir with knee injury
2010-12-30,Jaguars,,• David Garrard,placed on ir with right finger injury
2010-12-30,Lions,,• Landon Johnson,placed on ir with neck injury / concussion
2010-12-31,Chargers,,• Mike Tolbert,"placed on ir with neck, shoulder injuries"
2010-12-31,Chargers,,• Stephen Cooper,placed on ir with knee injury
2010-12-31,Cowboys,,• Leon Williams (E'srom),placed on ir with hamstring injury
2010-12-31,Cowboys,,• Sam Hurd,placed on ir with head injury / concussion
2010-12-31,Packers,,• Marshall Newhouse,placed on ir with back injury (out for season)
2010-12-31,Vikings,,• Madieu Williams,placed on ir with concussion
2011-01-01,Dolphins,,• Karlos Dansby,placed on ir with toe injury
2011-01-01,Panthers,,• Tony Fiammetta,placed on ir with ankle injury
2011-01-01,Vikings,,• Tyrell Johnson,placed on ir with knee injury
2011-01-03,Patriots,,• Ron Brace,placed on ir with elbow injury
2011-01-04,Seahawks,,• Chester Pitts,placed on ir with concussion
2011-01-04,Seahawks,,• Chris Baker (T.),placed on ir with hip injury
2011-01-05,Chiefs,,• Donald Washington,placed on ir with ankle injury
2011-01-05,Saints,,• Chris Ivory,placed on ir with left foot injury
2011-01-05,Saints,,• Pierre Thomas,placed on ir with ankle injury
2011-01-07,Patriots,,• Mike Wright (c),placed on ir with concussion
2011-01-08,Colts,,• Kelvin Hayden,placed on ir with neck injury
2011-01-12,Jets,,• Damien Woody,placed on ir with torn left achilles tendon
2011-02-05,Steelers,,• Maurkice Pouncey,placed on ir with left ankle injury
2011-08-02,Giants,,• Martell Mallett,placed on ir
2011-08-02,Saints,,• Jeremiha Hunter,placed on ir with achilles tendon injury
2011-08-03,Browns,,• Reggie Hodges,placed on ir with achilles tendon injury
2011-08-04,Eagles,,• Victor Abiamiri,placed on ir with torn achilles tendon
2011-08-04,Lions,,• Jack Williams (b),placed on ir
2011-08-04,Titans,,• Ryan Mouton,placed on ir with torn right achilles tendon
2011-08-05,Lions,,• Brandon Stephens (b),placed on ir
2011-08-06,49ers,,• Curtis Holcomb,placed on ir with ruptured achilles tendon
2011-08-06,49ers,,• Dontavia Bogan,placed on ir with torn acl in right knee
2011-08-06,Bills,,• Domonic Cook,placed on ir with knee injury
2011-08-06,Chargers,,• Patrick DiMarco,placed on ir
2011-08-06,Giants,,• Bruce Johnson (b. 1987-02-18),placed on ir
2011-08-06,Steelers,,• Erik Clanton,placed on ir
2011-08-06,Titans,,• Orentha Murdock / O.J. Murdock,placed on ir with achilles tendon injury
2011-08-07,Broncos,,• Mario Fannin,placed on ir with knee injury
2011-08-07,Cowboys,,• Billy Blackard,placed on ir
2011-08-07,Patriots,,• Kyle Hix,placed on ir with undisclosed injury
2011-08-08,Panthers,,• Kelvin Smith (Vincent),placed on ir
2011-08-09,Cardinals,,• Brad Thorson,placed on ir
2011-08-09,Colts,,• Rob Myers,placed on ir
2011-08-09,Jaguars,,• Kevin Haslam,placed on ir with torn mcl in knee
2011-08-10,Colts,,• James Williams (g),placed on ir with undisclosed injury
2011-08-10,Colts,,• Kole Heckendorf,placed on ir
2011-08-10,Lions,,• Maurice Leggett,placed on ir
2011-08-10,Raiders,,• Derrick Jones (b. 1986-01-23),placed on ir with achilles tendon injury
2011-08-11,Panthers,,• Ron Edwards,placed on ir with triceps injury
2011-08-11,Rams,,• Chris Smith (b. 1987-06-23),placed on ir
2011-08-11,Steelers,,• Adam Mims,placed on ir
2011-08-12,Buccaneers,,• Raymond Webber,placed on ir with hamstring injury
2011-08-12,Lions,,• Jeff Maddux,placed on ir
2011-08-14,Lions,,• Mikel Leshoure,placed on ir with torn left achilles tendon
2011-08-15,Cowboys,,• Alex Ibiloye,placed on ir
2011-08-15,Cowboys,,• Titus Ryan,placed on ir
2011-08-15,Eagles,,• Brandon Collier,placed on ir
2011-08-15,Jets,,• Taylor Boggs,placed on ir with torn acl in knee
2011-08-16,Broncos,,• Derek Domino,placed on ir with undisclosed injury
2011-08-16,Broncos,,• Mark Dell,placed on ir with knee injury
2011-08-16,Seahawks,,• Caz Piurowski,placed on ir
2011-08-16,Steelers,,• Ra'Shon Harris / Sunny Harris,placed on ir
2011-08-17,Cowboys,,• Dominique Edison,placed on ir
2011-08-17,Giants,,• Cary Harris,placed on ir
2011-08-17,Giants,,• Samuel Giguere / Sam Giguere,placed on ir
2011-08-18,Cowboys,,• Alex Daniels,placed on ir
2011-08-18,Cowboys,,• Ross Weaver,placed on ir
2011-08-18,Giants,,• Woodny Turenne,placed on ir
2011-08-18,Lions,,• Randy Phillips,placed on ir with shoulder injury
2011-08-18,Patriots,,• Christian Cox,placed on ir with neck injury
2011-08-18,Saints,,• Alex Barron,placed on ir with knee injury
2011-08-18,Steelers,,• Limas Sweed,placed on ir
2011-08-19,Rams,,• Eddie Wide,placed on ir with shoulder injury
2011-08-22,Bills,,• Danny Batten,placed on ir
2011-08-22,Bills,,• Marcus Easley,placed on ir
2011-08-22,Buccaneers,,• E.J. Wilson,placed on ir with ruptured achilles tendon
2011-08-22,Chargers,,• Stephen Cooper,placed on ir with biceps injury
2011-08-22,Colts,,• Jaimie Thomas,placed on ir with back injury
2011-08-22,Vikings,,• Scott Kooistra,placed on ir with neck injury
2011-08-23,Broncos,,• Richard Quinn,placed on ir with knee injury
2011-08-23,Giants,,• Terrell Thomas,placed on ir with torn acl in right knee
2011-08-23,Jaguars,,• Terrell Whitehead,placed on ir
2011-08-23,Patriots,,• Bret Lockett,placed on ir with groin injury
2011-08-24,Giants,,• Brian Witherspoon,placed on ir with torn acl in knee
2011-08-24,Jaguars,,• Terrell Whitehead,placed on ir with right shoulder injury
2011-08-24,Ravens,,• Marcus Paschal,placed on ir with quadriceps injury
2011-08-24,Texans,,• Trindon Holliday,placed on ir
2011-08-25,Bills,,• Reggie Torbor,placed on ir with shoulder injury
2011-08-25,Cardinals,,• Max Hall,placed on ir with left shoulder injury
2011-08-25,Chiefs,,• Brandon Siler,placed on ir with achilles tendon injury
2011-08-25,Panthers,,• Cletis Gordon,placed on ir with shoulder injury
2011-08-26,Chargers,,• Dennis Morris,placed on ir
2011-08-27,Raiders,,• Hiram Eugene,placed on ir with dislocated hip
2011-08-29,Bears,,• Mike Holmes (b. 1989-06-01),placed on ir
2011-08-29,Browns,,• Jabari Fletcher,placed on ir
2011-08-29,Cardinals,,• Greg Toler,placed on ir with torn acl in knee
2011-08-29,Dolphins,,• Mike Rivera,placed on ir
2011-08-29,Raiders,,• Alan Pelc,placed on ir with undisclosed injury
2011-08-29,Rams,,• Jermelle Cudjo,placed on ir with back injury
2011-08-29,Redskins,,• Jarvis Jenkins,placed on ir with right knee injury
2011-08-29,Steelers,,• Baron Batch,placed on ir with knee injury
2011-08-29,Cardinals,,• Max Komar,placed on ir
2011-08-29,Cardinals,,• Ryan Williams (a),placed on ir with torn patella tendon in right knee
2011-08-30,Browns,,• Eric Steinbach,placed on ir with back injury
2011-08-30,Buccaneers,,• Brandon Carter,placed on ir
2011-08-30,Cardinals,,• Tommy Irvin,placed on ir with ankle injury
2011-08-30,Chiefs,,• Eric Bakhtiari,placed on ir
2011-08-30,Chiefs,,• Ryan O'Callaghan,placed on ir with undisclosed injury
2011-08-30,Colts,,• Cody Glenn,placed on ir
2011-08-30,Colts,,• Cornelius Brown,placed on ir
2011-08-30,Colts,,• Mike Newton,placed on ir
2011-08-30,Dolphins,,• Allen Barbre,placed on ir with undisclosed injury
2011-08-30,Giants,,• Marvin Austin Jr.,placed on ir with torn pectoral muscle
2011-08-30,Lions,,• Richard Dickson,placed on ir
2011-08-30,Panthers,,• David Gettis,placed on ir with torn acl in knee
2011-08-30,Panthers,,• Gary Barnidge,placed on ir with ankle injury
2011-08-30,Panthers,,• Geoff Schwartz,placed on ir with hip injury
2011-08-30,Panthers,,• Zack Williams,placed on ir with torn acl in knee
2011-08-30,Raiders,,• Travis Goethel,placed on ir with knee injury
2011-08-30,Ravens,,• Matt Lawrence,placed on ir with concussion
2011-08-30,Steelers,,• Miguel Chavis,placed on ir with torn pectoral muscle
2011-08-30,Texans,,• Devard Darling,placed on ir with knee injury
2011-08-30,Texans,,• Kasey Studdard,placed on ir with ankle injury
2011-08-30,Texans,,• Lestar Jean,placed on ir with shoulder injury
2011-08-30,Texans,,• Shelley Smith,placed on ir with ankle injury
2011-08-31,Cardinals,,• Brandon Sharpe,placed on ir
2011-08-31,Giants,,• Duke Calhoun,placed on ir
2011-08-31,Jaguars,,• Bradley Vierling,placed on ir
2011-08-31,Jaguars,,• Marc Schiechl / Mark Schiechl,placed on ir
2011-08-31,Packers,,• Adrian Battles,placed on ir
2011-08-31,Packers,,• K.C. Asiodu,placed on ir
2011-08-31,Panthers,,• Duke Robinson,placed on ir
2011-08-31,Raiders,,• Lou Eliades,placed on ir with undisclosed injury
2011-08-31,Rams,,• Dionte Dinkins,placed on ir with ankle and knee injury
2011-08-31,Rams,,• Jermelle Cudjo,placed on ir
2011-08-31,Rams,,• Jerome Murphy,placed on ir with ankle injury
2011-08-31,Rams,,• Mikail Baker,placed on ir with hamstring injury
2011-08-31,Saints,,• Ezra Butler,placed on ir
2011-08-31,Saints,,• Jarred Fayson,placed on ir
2011-08-31,Saints,,• Roger Allen III,placed on ir with undisclosed injury
2011-08-31,Texans,,• Darius Morris,placed on ir
2011-08-31,Texans,,• Matt Marcorelle,placed on ir
2011-09-01,Raiders,,• Zac Etheridge,placed on ir
2011-09-01,Saints,,• Fabian Washington,placed on ir with hamstring injury
2011-09-02,Giants,,• Clint Sintim,placed on ir with torn patellar tendon in right knee
2011-09-02,Saints,,• Joseph Morgan,placed on ir with knee injury
2011-09-03,49ers,,• Nate Byham,placed on ir with torn acl in knee
2011-09-03,Bears,,• Desmond Clark,placed on ir
2011-09-03,Bears,,• J.T. Thomas III,placed on ir with back injury
2011-09-03,Bengals,,• Bo Scaife,placed on ir with shoulder / neck injury
2011-09-03,Bengals,,• Roddrick Muckelroy,placed on ir with achilles tendon injury
2011-09-03,Bills,,• Bruce Hall,placed on ir with undisclosed injury
2011-09-03,Broncos,,• Syd'quan Thompson,placed on ir with achilles tendon injury
2011-09-03,Browns,,• Brandon Jackson (Lamar),placed on ir with toe injury
2011-09-03,Cardinals,,• Floyd Womack,placed on ir with shoulder injury
2011-09-03,Chargers,,• Damik Scafe,placed on ir with leg injury
2011-09-03,Chargers,,• Nick Polk,placed on ir with hand injury
2011-09-03,Chiefs,,• Gabe Miller,placed on ir with hamstring injury
2011-09-03,Chiefs,,• Tony Moeaki,placed on ir with knee injury
2011-09-03,Cowboys,,• Raymond Radway,"placed on ir with fractured tibia, fibula in leg"
2011-09-03,Dolphins,,• Allen Barbre,placed on ir
2011-09-03,Dolphins,,• Lydon Murtha,placed on ir with undisclosed injury
2011-09-03,Eagles,,• Victor Abiamiri,placed on ir
2011-09-03,Giants,,• Sage Rosenfels,placed on ir with back injury
2011-09-03,Jaguars,,• Aaron Morgan,placed on ir with shoulder injury
2011-09-03,Jaguars,,• D'Anthony Smith,placed on ir with foot injury
2011-09-03,Jaguars,,• David Jones (b. 1985-09-19),placed on ir with undisclosed injury
2011-09-03,Jaguars,,• Rashad Jennings,placed on ir with knee injury
2011-09-03,Jaguars,,• Richard Murphy,placed on ir with undisclosed injury
2011-09-03,Lions,,• Johnny Culbreath,placed on ir with undisclosed injury
2011-09-03,Packers,,• Lawrence Guy,placed on ir with undisclosed injury
2011-09-03,Packers,,• Shaky Smithson,placed on ir
2011-09-03,Panthers,,• Cletis Gordon,placed on ir
2011-09-03,Panthers,,• Garry Williams,placed on ir with ankle injury
2011-09-03,Panthers,,• Ron Edwards,placed on ir
2011-09-03,Patriots,,• Rich Ohrnberger,placed on ir with undisclosed injury
2011-09-03,Ravens,,• Ramon Harewood,placed on ir with ankle injury
2011-09-03,Saints,,• Patrick Cobbs,placed on ir with undisclosed injury
2011-09-03,Saints,,• Paul Oliver,placed on ir with undisclosed injury
2011-09-03,Seahawks,,• Isaiah Stanback,placed on ir with hamstring injury
2011-09-03,Seahawks,,• Jimmy Wilkerson,placed on ir with knee injury
2011-09-03,Seahawks,,• John Carlson,placed on ir with shoulder injury
2011-09-03,Steelers,,• Byron Leftwich,placed on ir with fractured left arm
2011-09-03,Texans,,• Devard Darling,placed on ir
2011-09-03,Texans,,• Kasey Studdard,placed on ir
2011-09-03,Titans,,• Adam Terry,placed on ir with undisclosed injury
2011-09-03,Titans,,• Kevin Curtis (D.),placed on ir with hand injury
2011-09-03,Vikings,,• Jasper Brinkley,placed on ir with hip injury
2011-09-03,Vikings,,• Scott Kooistra,placed on ir
2011-09-04,Bills,,• Ed Wang,placed on ir with thumb injury
2011-09-04,Bills,,• Felton Huggins,placed on ir with head injury
2011-09-04,Bills,,• Jammie Kirlew,placed on ir
2011-09-04,Bills,,• Jon Corto,placed on ir with shoulder injury
2011-09-04,Broncos,,• Brandon Minor,placed on ir with undisclosed injury
2011-09-04,Broncos,,• Jamel Hamler,placed on ir with back injury
2011-09-04,Cardinals,,• Sean Jeffcoat,placed on ir with shoulder injury
2011-09-04,Colts,,• Chad Spann,placed on ir with hamstring injury
2011-09-04,Colts,,• Taj Smith,placed on ir
2011-09-04,Giants,,• Brian Jackson,placed on ir
2011-09-04,Jaguars,,• Scotty McGee,placed on ir with undisclosed injury
2011-09-04,Jets,,• Greg McElroy,placed on ir with right thumb injury
2011-09-04,Lions,,• Cobrani Mixon,placed on ir
2011-09-04,Packers,,• Shaky Smithson,placed on ir with shoulder injury
2011-09-04,Raiders,,• James McCluskey,placed on ir with undisclosed injury
2011-09-04,Raiders,,• Jeremy Ware,placed on ir with undisclosed injury
2011-09-04,Raiders,,• Roy Schuening,placed on ir with undisclosed injury
2011-09-04,Raiders,,• Shawn Bayes,placed on ir with undisclosed injury
2011-09-04,Ravens,,• James Hardy (b),placed on ir
2011-09-04,Seahawks,,• Pierre Allen,placed on ir
2011-09-04,Texans,,• Cheta Ozougwu,placed on ir with left foot injury
2011-09-04,Texans,,• Terrence Toliver,placed on ir with concussion
2011-09-04,Titans,,• Pete Ittersagen,placed on ir with undisclosed injury
2011-09-04,Titans,,• Yamon Figurs,placed on ir with undisclosed injury
2011-09-04,Vikings,,• Cord Parks,placed on ir
2011-09-05,49ers,,• Keaton Kristick,placed on ir
2011-09-05,Panthers,,• C.J. Davis,placed on ir
2011-09-10,Giants,,• Jonathan Goff,placed on ir with knee injury
2011-09-13,Bills,,• Marcus Easley,placed on ir with illness
2011-09-13,Browns,,• Richmond McGee,placed on ir with back injury
2011-09-13,Chargers,,• Nate Kaeding,placed on ir with torn acl in left knee
2011-09-13,Ravens,,• Mike McAdoo,placed on ir with knee injury
2011-09-13,Steelers,,• Willie Colon,placed on ir with triceps injury
2011-09-14,Bills,,• Robert Eddins,placed on ir with foot injury
2011-09-14,Chiefs,,• Eric Berry,placed on ir with left knee injury
2011-09-14,Panthers,,• Jon Beason,placed on ir with torn left achilles tendon
2011-09-14,Rams,,• Ronald Bartell / Ron Bartell,placed on ir with neck injury
2011-09-16,Texans,,• Rashad Carmichael / Roc Carmichael,placed on ir with shoulder injury
2011-09-17,Broncos,,• Ty Warren,placed on ir with triceps injury
2011-09-17,Seahawks,,• Dexter Davis (Alexander),placed on ir with hip injury
2011-09-19,Bengals,,• Jordan Shipley,placed on ir with torn acl in left knee
2011-09-19,Panthers,,• Thomas Davis,placed on ir with torn acl in right knee
2011-09-20,Bills,,• Roscoe Parrish,placed on ir with left ankle injury
2011-09-20,Cardinals,,• Crezdon Butler,placed on ir with ankle injury
2011-09-21,Chiefs,,• Jamaal Charles,placed on ir with torn acl in left knee
2011-09-21,Patriots,,• Dan Koppen,placed on ir with fibula injury
2011-09-21,Patriots,,• Myron Pryor,placed on ir with shoulder injury
2011-09-21,Rams,,• Tim Atchison,placed on ir with hamstring injury
2011-09-22,Chargers,,• Jonas Mouton,placed on ir with shoulder injury
2011-09-22,Texans,,• Rashad Butler,placed on ir with triceps injury
2011-09-23,Giants,,• Domenik Hixon,placed on ir with torn acl in right knee
2011-09-27,Buccaneers,,• Cody Grimm,placed on ir with right knee injury
2011-09-27,Jets,,• Jeff Cumberland,placed on ir with torn right achilles tendon
2011-09-27,Lions,,• Isaiah Ekejiuba,placed on ir with shoulder injury
2011-09-27,Saints,,• Garrett Hartley,placed on ir with right hip injury
2011-09-28,Chargers,,• (Demond) Bob Sanders,placed on ir with knee injury
2011-09-28,Colts,,• Gary Brackett (Lawrence),placed on ir with left shoulder injury
2011-09-28,Colts,,• Melvin Bullitt,placed on ir with right shoulder injury
2011-09-28,Jets,,• Robert Turner / Rob Turner,placed on ir with ankle injury
2011-09-28,Ravens,,• Domonique Foxworth,placed on ir with right knee injury
2011-09-28,Titans,,• Kenny Britt,"placed on ir with torn acl, mcl in right knee"
2011-09-30,Colts,,• Cornelius Brown,placed on ir with undisclosed injury
2011-10-04,49ers,,• Will Tukuafu,placed on ir with undisclosed injury
2011-10-04,Eagles,,• Antonio Dixon,placed on ir with triceps injury
2011-10-04,Seahawks,,• Matt McCoy (Garrett),placed on ir with knee injury
2011-10-05,Colts,,• Ben Ijalana,placed on ir with torn acl in left knee
2011-10-05,Colts,,• Eric Foster,placed on ir with dislocated right ankle
2011-10-06,Dolphins,,• Chad Henne,placed on ir with separated left shoulder
2011-10-08,Jets,,• Bryan Thomas (b),placed on ir with achilles tendon injury
2011-10-08,Raiders,,• Ricky Brown (Gerald),placed on ir with concussion
2011-10-10,Broncos,,• Kevin Vickerson,placed on ir with ankle injury
2011-10-10,Buccaneers,,• Devin Holland,placed on ir with back injury
2011-10-10,Rams,,• Bradley Fletcher,placed on ir with knee injury
2011-10-10,Rams,,• Danny Amendola,placed on ir with left elbow injury
2011-10-11,Seahawks,,• Jameson Konz,placed on ir with knee injury
2011-10-12,49ers,,• Josh Morgan,placed on ir with fractured leg
2011-10-12,Browns,,• Marcus Benard,placed on reserve/non-football injury list / placed on ir with fractured hand
2011-10-12,Chargers,,• Stephen Cooper,placed on ir with biceps injury
2011-10-12,Packers,,• Nick Collins,placed on ir with neck injury
2011-10-12,Texans,,• Mario Williams,placed on ir with torn pectoral muscle
2011-10-13,Lions,,• Erik Coleman,placed on ir with left ankle injury
2011-10-13,Patriots,,• Mike Wright (c),placed on ir with concussion
2011-10-17,Redskins,,• Kory Lichtensteiger,"placed on ir with torn acl, mcl in right knee"
2011-10-17,Seahawks,,• Marcus Trufant,placed on ir with back injury
2011-10-18,Cowboys,,• Bill Nagy,placed on ir with fractured ankle
2011-10-18,Jaguars,,• Austen Lane,placed on ir with shoulder injury
2011-10-18,Jaguars,,• Rod Issac,placed on ir with hamstring injury
2011-10-18,Jaguars,,• Zach Miller (Scott),placed on ir with shoulder injury
2011-10-19,Dolphins,,• Roberto Wallace,placed on ir with quadriceps injury
2011-10-19,Panthers,,• Jeff Otah,placed on ir with left knee injury
2011-10-19,Raiders,,• Matt Shaughnessy,placed on ir with shoulder injury
2011-10-19,Texans,,• Dominique Barber,placed on ir with knee injury
2011-10-22,Jets,,• Logan Payne,placed on ir with wrist injury
2011-10-22,Steelers,,• Aaron Smith,placed on ir with foot injury / neck injury
2011-10-24,Seahawks,,• Walter Thurmond III,placed on ir with fractured fibula in leg
2011-10-25,Bills,,• Shawne Merriman,placed on ir with achilles tendon ninjury
2011-10-25,Buccaneers,,• Earnest Graham,placed on ir with torn left achilles tendon
2011-10-26,Chargers,,• Larry English,placed on ir with fractured left foot
2011-10-26,Colts,,• Chris Gronkowski,placed on ir with pectoral muscle injury
2011-10-26,Colts,,• Kerry Collins,placed on ir with concussion
2011-10-26,Falcons,,• Mike Johnson (P.),placed on ir with foot injury
2011-10-26,Falcons,,• Ovie Mughelli,placed on ir with right knee injury
2011-10-26,Redskins,,• Chris Cooley,"placed on ir with fractured left index finger, left knee injury"
2011-10-26,Redskins,,• Tim Hightower,placed on ir with torn acl in left knee
2011-10-28,Lions,,• Vincent Fuller,placed on ir with elbow injury
2011-10-29,Patriots,,• Ras-I Dowling,placed on ir with hip injury
2011-10-29,Rams,,• Brian Jackson,placed on ir with knee injury
2011-10-31,Giants,,• Justin Tryon,placed on ir with fractured arm
2011-10-31,Packers,,• Alex Green (Denell),placed on ir with left knee injury
2011-11-01,Dolphins,,• Marlon Moore,placed on ir with foot injury
2011-11-01,Ravens,,• Prescott Burgess,placed on ir with thigh injury / abdominal injury
2011-11-02,Jaguars,,• Mike Sims-Walker / Mike Walker (b),placed on ir with knee injury
2011-11-02,Saints,,• Charles Brown (a),placed on ir with hip injury
2011-11-02,Texans,,• Darryl Sharpton,placed on ir with quadriceps injury
2011-11-05,Redskins,,• Phillip Buchanon,"placed on ir with neck, knee injury"
2011-11-05,Steelers,,• Daniel Sepulveda / Dan Sepulveda,placed on ir with right knee injury
2011-11-07,Buccaneers,,• Gerald McCoy,placed on ir with biceps injury
2011-11-08,Bills,,• Kyle Williams (Derrick),placed on ir with left foot injury
2011-11-08,Colts,,• Seth Olsen,placed on ir with hand injury
2011-11-08,Jaguars,,• Martin Rucker,placed on ir with back injury
2011-11-08,Panthers,,• Thomas Williams (Ray),placed on ir with neck injury
2011-11-08,Rams,,• Greg Salas,placed on ir with fractured leg
2011-11-08,Seahawks,,• Kris Durham,placed on ir with shoulder injury
2011-11-09,Bears,,• Kyle Adams (Robert),placed on ir with hamstring injury
2011-11-09,Patriots,,• Josh Barrett,placed on ir with calf injury
2011-11-10,Cowboys,,• David Buehler,placed on ir with right groin injury
2011-11-11,Lions,,• Jason Fox,placed on ir with foot injury
2011-11-12,Colts,,• Blair White,placed on ir with knee injury
2011-11-14,Bengals,,• Leon Hall (b),placed on ir with achilles tendon injury
2011-11-14,Broncos,,• Knowshon Moreno,placed on ir with torn acl in right knee
2011-11-14,Buccaneers,,• George Johnson,placed on ir with knee injury
2011-11-14,Jaguars,,• Eben Britton,placed on ir with back injury
2011-11-14,Jaguars,,• Kyle Bosworth,placed on ir with fractured left hand
2011-11-14,Jaguars,,• Rashean Mathis,placed on ir with torn acl in left knee
2011-11-14,Rams,,• Al Harris (b. 1974-12-07),placed on ir with knee injury
2011-11-14,Rams,,• Michael Hoomanawanui,placed on ir with knee injury
2011-11-15,Bears,,• Anthony Walters,placed on ir with hamstring injury
2011-11-15,Bears,,• Chris Williams (Joseph),placed on ir with dislocated left wrist
2011-11-15,Bills,,• Chris White (Andrew),placed on ir with torn acl in knee
2011-11-15,Bills,,• Eric Wood,placed on ir with torn acl in right knee
2011-11-15,Redskins,,• Kedric Golston,placed on ir with knee injury
2011-11-15,Redskins,,• Leonard Hankerson,placed on ir with torn labrum in right hip
2011-11-15,Seahawks,,• John Moffitt,"placed on ir with torn mcl, pcl in right knee"
2011-11-16,Chargers,,• Kris Dielman,placed on ir with concussion
2011-11-16,Panthers,,• Mike Goodson,placed on ir with hamstring injury
2011-11-16,Vikings,,• Antoine Winfield,placed on ir with collarbone injury
2011-11-17,Raiders,,• Chimdi Chekwa,placed on ir with hamstring injury
2011-11-18,Bears,,• Gabe Carimi,placed on ir with right knee injury
2011-11-19,Rams,,• Rodger Saffold,placed on ir with torn pectoral muscle
2011-11-21,Bears,,• Patrick Mannelly,placed on ir with torn acl in left knee
2011-11-21,Chiefs,,• Matt Cassel,placed on ir with right hand injury
2011-11-22,Bills,,• Donald Jones (b),placed on ir with left ankle injury
2011-11-22,Bills,,• Terrence McGee,placed on ir with left knee injury
2011-11-22,Cardinals,,• Dan Williams (Ellis),placed on ir with fractured left arm
2011-11-22,Jaguars,,• Clint Session,placed on ir with head injury
2011-11-22,Rams,,• Marquis Johnson,placed on ir with lacerated spleen
2011-11-22,Saints,,• David Thomas (b),placed on ir with concussion
2011-11-23,Bills,,• Fred Jackson,placed on ir with fractured fibula in leg
2011-11-23,Giants,,• Michael Coe,placed on ir with shoulder injury
2011-11-23,Texans,,• Matt Schaub,placed on ir with foot injury
2011-11-24,Chargers,,• Scott Mruczkowski,placed on ir with concussion
2011-11-24,Patriots,,• Jeff Tarpinian,placed on ir with head injury
2011-11-24,Rams,,• Jason Smith,placed on ir with head injury / concussion
2011-11-24,Rams,,• Mark Clayton (Jermaine),placed on ir with knee injury
2011-11-24,Seahawks,,• James Carpenter,placed on ir with torn acl in knee
2011-11-25,Jaguars,,• Derek Cox,placed on ir with knee injury
2011-11-26,Giants,,• Michael Clayton,placed on ir with knee injury
2011-11-28,Lions,,• Jahvid Best,placed on ir with concussion
2011-11-28,Seahawks,,• David Vobora,placed on ir with shoulder injury
2011-11-29,Broncos,,• Cassius Vaughn,placed on ir with fractured left fibula
2011-11-29,Browns,,• Emmanuel Stephens,placed on ir with pectoral muscle injury
2011-11-29,Browns,,• Scott Fujita,placed on ir with hand injury
2011-11-29,Colts,,• Stevie Brown,placed on ir with hamstring injury
2011-11-29,Eagles,,• Moise Fokou,placed on ir with ankle injury
2011-11-29,Lions,,• Ryan Donahue,placed on ir with right quadriceps injury
2011-11-29,Vikings,,• Cullen Loeffler,placed on ir with back injury
2011-11-29,Vikings,,• Husain Abdullah,placed on ir with concussion
2011-11-29,Vikings,,• Michael Jenkins,placed on ir with knee injury
2011-11-29,Vikings,,• Tyrell Johnson,placed on ir with hamstring injury
2011-11-30,Bears,,• Brian Iwuh,placed on ir
2011-11-30,Bills,,• Torell Troup,placed on ir with back injury
2011-11-30,Chargers,,• Marcus McNeill,placed on ir with neck injury
2011-11-30,Giants,,• William Beatty / Will Beatty,placed on ir with eye injury
2011-11-30,Jaguars,,• Courtney Greene,placed on ir with hamstring injury
2011-11-30,Saints,,• Greg Romeus,placed on ir with knee injury
2011-11-30,Texans,,• Matt Leinart,placed on ir with fractured left collarbone
2011-12-01,Seahawks,,• Sidney Rice,placed on ir with concussion
2011-12-02,Jaguars,,• Brian Robiskie,placed on ir with hamstring injury
2011-12-03,Jaguars,,• William Middleton,placed on ir with knee injury
2011-12-05,Colts,,• Jerraud Powers,placed on ir with dislocated elbow
2011-12-05,Colts,,• Terrence Johnson,placed on ir with forearm injury
2011-12-05,Eagles,,• Colt Anderson,placed on ir with torn acl in left knee
2011-12-06,Colts,,• Drake Nevis,placed on ir with back injury
2011-12-06,Jaguars,,• John Chick (b. 1982-11-20),placed on ir with knee injury
2011-12-06,Panthers,,• Sione Fua,placed on ir with right hamstring injury
2011-12-06,Panthers,,• Terrell McClain,placed on ir with left knee injury
2011-12-06,Seahawks,,• Russell Okung,placed on ir with torn right pectoral muscle
2011-12-06,Texans,,• Brett Hartmann,placed on ir with torn acl in left knee
2011-12-07,Bengals,,• Pat Sims,placed on ir with ankle injury
2011-12-07,Giants,,• Stacy Andrews,placed on ir with illness
2011-12-07,Packers,,• Andrew Quarless,placed on ir with knee injury
2011-12-07,Rams,,• Jacob Bell,placed on ir with mcl injury in right knee
2011-12-08,Bills,,• Rian Lindell,placed on ir with shoulder injury
2011-12-08,Chargers,,• Luis Castillo,placed on ir with tibia injury
2011-12-08,Steelers,,• Chris Hoke,placed on ir with neck injury
2011-12-08,Steelers,,• Jonathan Dwyer,placed on ir with foot injury
2011-12-09,Buccaneers,,• Tim Crowder,placed on ir with concussion
2011-12-09,Cowboys,,• Phillip Tanner,placed on ir with hamstring injury
2011-12-09,Jaguars,,• Aaron Kampman,placed on ir with knee/hamstring injury
2011-12-10,Patriots,,• Jermaine Cunningham,placed on ir with hamstring injury
2011-12-12,Bengals,,• Bobbie Williams,placed on ir with ankle injury
2011-12-12,Buccaneers,,• Jacob Cutrera,placed on ir with head injury
2011-12-12,Buccaneers,,• John McCargo,placed on ir with triceps injury
2011-12-12,Eagles,,• Steve Smith (b. 1985-05-06),placed on ir with left knee injury
2011-12-12,Jaguars,,• Chris Prosinski,placed on ir with thumb injury
2011-12-12,Jaguars,,• T.J. Heath,placed on ir with shoulder injury
2011-12-12,Jets,,• Jim Leonhard (Andrew),placed on ir with torn patellar tendon in right knee
2011-12-12,Redskins,,• Chris Baker (Isaiah),placed on ir with quadriceps injury
2011-12-12,Vikings,,• Stephen Burton,placed on ir with strained mcl in knee
2011-12-13,Cowboys,,• Barry Church,placed on ir with shoulder injury
2011-12-13,Cowboys,,• DeMarco Murray,placed on ir with fractured right ankle
2011-12-13,Panthers,,• Jason Phillips (Wesley),placed on ir with right calf injury
2011-12-13,Seahawks,,• Ron Parker (b. 1987-08-17),placed on ir with achilles tendon injury
2011-12-13,Titans,,• Barrett Ruud,placed on ir with groin injury
2011-12-14,Cowboys,,• Jon Kitna,placed on ir with back injury
2011-12-14,Rams,,• Brit Miller,placed on ir with knee injury
2011-12-14,Titans,,• Anthony Smith (b),placed on ir with groin injury
2011-12-16,Browns,,• Benjamin Watson / Ben Watson,placed on ir with concussion
2011-12-16,Redskins,,• LaRon Landry,placed on ir with groin / achilles tendon injury
2011-12-17,Panthers,,• Bryant Browning,placed on ir with wrist injury
2011-12-19,Bears,,• Chris Conte,placed on ir with ankle injury
2011-12-19,Seahawks,,• Mike Williams (Troy),placed on ir with fractured leg
2011-12-19,Titans,,• Javon Ringer,placed on ir with hand injury
2011-12-19,Bears,,• Johnny Knox,placed on ir recovering from surgery on back
2011-12-20,Bills,,• Lee Smith (b. 1987-11-21),placed on ir with left ankle injury
2011-12-20,Browns,,• (E.) Alex Smith,placed on ir with shoulder injury
2011-12-20,Browns,,• Titus Brown,placed on ir with knee injury
2011-12-20,Buccaneers,,• Aqib Talib,placed on ir with right hamstring injury
2011-12-20,Dolphins,,• Koa Misi,placed on ir with shoulder injury
2011-12-20,Jaguars,,• Darcel McBath,placed on ir with forearm injury
2011-12-20,Packers,,• Derek Sherrod,placed on ir with fractured right leg
2011-12-20,Patriots,,• Andre Carter (a),placed on ir with left quadriceps injury
2011-12-20,Rams,,• Josh Hull,placed on ir with ankle injury
2011-12-21,Cardinals,,• Joey Porter,placed on ir with knee injury
2011-12-21,Ravens,,• Chavis Williams,placed on ir wiith right foot injury
2011-12-22,Browns,,• T.J. Ward,placed on ir with foot injury
2011-12-23,Panthers,,• Captain Munnerlyn,placed on ir with hamstring injury
2011-12-23,Steelers,,• Curtis Brown (Jamall),placed on ir with knee injury
2011-12-26,Jaguars,,• Ashton Youboty,placed on ir with hamstring injury
2011-12-26,Jaguars,,• Matt Roth,placed on ir with concussion
2011-12-26,Ravens,,• David Reed,placed on ir with knee injury
2011-12-26,Vikings,,• Adrian Peterson (Lewis),"placed on ir with torn acl, mcl in left knee"
2011-12-27,Bears,,• Jay Cutler,placed on ir with fractured right thumb
2011-12-27,Bears,,• Matt Forte,placed on ir with right knee injury
2011-12-27,Bengals,,• Andre Caldwell / Bubba Caldwell,placed on ir with sports hernia / groin injury
2011-12-27,Bills,,• Mike Caussin,placed on ir with knee injury
2011-12-27,Chargers,,• Bront Bird,placed on ir with knee injury
2011-12-27,Cowboys,,• Montrae Holland,placed on ir with strained bicep
2011-12-27,Eagles,,• Kurt Coleman,placed on ir with biceps injury
2011-12-27,Falcons,,• Kelvin Hayden,placed on ir with toe injury
2011-12-27,Falcons,,• Mike Peterson (b),placed on ir with triceps injury
2011-12-28,Bills,,• Dave Rayner,placed on ir with groin injury
2011-12-28,Colts,,• Philip Wheeler,placed on ir with foot injury
2011-12-28,Dolphins,,• Jake Long,placed on ir with biceps injury
2011-12-28,Vikings,,• Steve Hutchinson,placed on ir with concussion
2011-12-30,Panthers,,• Legedu Naanee,placed on ir with fractured foot
2011-12-31,Cardinals,,• Brandon Keith,placed on ir with ankle injury
2011-12-31,Chiefs,,• Jackie Battle,placed on ir with foot injury
2011-12-31,Cowboys,,• Mat McBriar,placed on ir with left foot injury
2012-01-02,Broncos,,• Chris Kuper,placed on ir with fractured left leg
2012-01-03,Saints,,• Mark Ingram II / Mark Ingram Jr.,placed on ir with sprained left toe
2012-01-03,Saints,,• Will Herring,placed on ir with sprained mcl in right knee
2012-01-03,Steelers,,• Rashard Mendenhall,placed on ir with torn acl in right knee
2012-01-04,Steelers,,• Chris Carter (Darnell),placed on ir with hamstring injury
2012-01-10,Broncos,,• Spencer Larsen,placed on ir with knee injury
2012-05-29,Giants,,• Brian Witherspoon,placed on ir
2012-06-11,Patriots,,• Brad Herman,placed on ir with achilles tendon injury
2012-06-12,Chargers,,• Nick Polk,placed on ir with undisclosed injury
2012-06-12,Ravens,,• Mike McAdoo,placed on ir with achilles tendon injury
2012-06-13,Chiefs,,• Martin Rucker,placed on ir with torn acl in right knee
2012-06-25,Saints,,• Greg Romeus,placed on ir with left knee injury
2012-07-25,Redskins,,• Chase Minnifield,placed on ir with right knee injury
2012-07-25,Cardinals,,• Blake DeChristopher,placed on ir with back injury
2012-07-30,Jaguars,,• Reggie Corner,placed on ir with knee injury
2012-07-31,Chiefs,,• Kyle McCarthy,placed on ir with knee injury
2012-07-31,Jets,,• Royce Adams,placed on ir
2012-07-31,Vikings,,• Nick Taylor,placed on ir
2012-08-02,Cardinals,,• Ryan Bartholomew,placed on ir with knee injury
2012-08-02,Colts,,• A.J. Edds,placed on ir with torn acl in left knee
2012-08-02,Eagles,,• Ronald Johnson,placed on ir with left ankle injury
2012-08-02,Patriots,,• Jamey Richard,placed on ir with concussion
2012-08-02,Lions,,• Michael Cosgrove,placed on ir with undisclosed injury
2012-08-03,Bills,,• Chris Douglas (b),placed on ir
2012-08-03,Broncos,,• D'Andre Goodwin,placed on ir with ankle injury
2012-08-03,Colts,,• Ben Ijalana,placed on ir with knee injury
2012-08-03,Saints,,• Chris Givens (b. 1989-12-06),placed on ir with undisclosed injury
2012-08-04,Bengals,,• Shaun Prater,placed on ir with knee injury
2012-08-04,Colts,,• A.J. Edds,placed on ir
2012-08-04,Steelers,,• Terry Carter (b),placed on ir with undisclosed injury
2012-08-04,Titans,,• Eugene Amano,placed on ir with triceps injury
2012-08-05,Eagles,,• Ron Johnson,placed on ir
2012-08-05,Lions,,• Ronnie Sneed,placed on ir with undisclosed injury
2012-08-07,Broncos,,• Mario Fannin,placed on ir with knee injury
2012-08-07,Saints,,• Scott Winnewisser,placed on ir with undisclosed injury
2012-08-07,Vikings,,• Greg Childs,placed on ir with knee injury
2012-08-09,Packers,,• Mike McCabe (b),placed on ir with hip injury
2012-08-09,Texans,,• Keyaron Fox,placed on ir with knee injury
2012-08-10,Chargers,,• Patrick Doyle,placed on ir with undisclosed injury
2012-08-11,Falcons,,• Bradie Ewing,placed on ir with torn acl in right knee
2012-08-11,Panthers,,• Lee Ziemba,placed on ir
2012-08-11,Titans,,• Alex Watkins,placed on ir with undisclosed injury
2012-08-13,Falcons,,• Adam Nissley,placed on ir with undisclosed injury
2012-08-13,Saints,,• A.J. Davis (b),placed on ir with undisclosed injury
2012-08-13,Saints,,• Andrew Tiller,placed on ir with triceps injury
2012-08-14,49ers,,• Garrett Chisolm,placed on ir with undisclosed injury
2012-08-14,Browns,,• Eddie Williams,placed on ir with undisclosed injury
2012-08-14,Jaguars,,• Taylor Price,placed on ir with foot injury
2012-08-14,Packers,,• Eric Lair,placed on ir with knee injury
2012-08-14,Patriots,,• Dane Fletcher,placed on ir with torn acl in knee
2012-08-14,Redskins,,• Darius Hanks,placed on ir with undisclosed injury
2012-08-15,Redskins,,• Chris Neild,placed on ir with torn acl in left knee (date approximate)
2012-08-15,Steelers,,• David Johnson (b. 1987-08-26),placed on ir with torn acl in right knee
2012-08-15,Steelers,,• John Clay (b. 1988-01-04),placed on ir with torn quadricep
2012-08-16,Colts,,• Anthony Jackson / Buddy Jackson,placed on ir
2012-08-16,Colts,,• Scott Lutrus,placed on ir with torn acl in knee
2012-08-16,Giants,,• Martin Parker,placed on ir
2012-08-16,Giants,,• Shaun Rogers,placed on ir with blood clot in leg
2012-08-16,Lions,,• Drew Coleman,placed on ir with concussion
2012-08-16,Raiders,,• Duke Calhoun,placed on ir with right knee injury
2012-08-17,Giants,,• Justin Trattou,placed on ir with ankle injury
2012-08-17,Raiders,,• Mario Kurn,placed on ir with right knee injury
2012-08-19,Saints,,• Chris Chamberlain,placed on ir with torn acl in left knee
2012-08-20,Panthers,,• Nate Ness,placed on ir with concussion
2012-08-20,Titans,,• Gerald McRath,placed on ir with torn patella tendon in left knee
2012-08-21,Lions,,• Don Carey,placed on ir with undisclosed injury
2012-08-21,Lions,,• Nathan Overbay,placed on ir with undisclosed injury
2012-08-21,Patriots,,• Kyle Hix,placed on ir with shoulder injury
2012-08-21,Saints,,• Fenuki Tupou,placed on ir with triceps injury
2012-08-21,Seahawks,,• Dexter Davis (Alexander),placed on ir with hip injury
2012-08-23,Bears,,• DeMario Pressley,placed on ir
2012-08-23,Bengals,,• Travelle Wharton,placed on ir with torn acl in right knee
2012-08-23,Bills,,• Joshua Nesbitt / Josh Nesbitt,placed on ir
2012-08-23,Bills,,• Torell Troup,placed on ir with spinal fusion surgery
2012-08-23,Broncos,,• Joshua Moore,placed on ir with undisclosed injury
2012-08-24,Bengals,,• Brandon Ghee,placed on ir with wrist injury
2012-08-24,Bengals,,• Robert Sands,placed on ir with chest injury
2012-08-24,Bengals,,• Shaun Prater,placed on ir with knee injury
2012-08-24,Bengals,,• Taveon Rogers,placed on ir with shoulder injury
2012-08-24,Bills,,• Cris Hill / Chris Hill,placed on ir
2012-08-24,Cardinals,,• Levi Brown (James),placed on ir with triceps injury
2012-08-24,Cowboys,,• Isaiah Greenhouse,placed on ir with undisclosed injury
2012-08-25,Dolphins,,• Kelcie McCray,placed on ir with foot injury
2012-08-27,Bears,,• Brandon Hardin,placed on ir with neck injury
2012-08-27,Broncos,,• Jason Hunter,placed on ir with triceps injury
2012-08-27,Broncos,,• Tyler Grisham,placed on ir with knee injury
2012-08-27,Browns,,• Chris Gocong,placed on ir with torn right achilles tendon
2012-08-27,Browns,,• Emmanuel Acho,placed on ir with undisclosed injury
2012-08-27,Buccaneers,,• Davin Joseph,placed on ir with torn patellar tendon in right knee
2012-08-27,Cardinals,,• Jared Crank,placed on ir with neck injury
2012-08-27,Colts,,• Brandon McKinney,placed on ir with knee injury
2012-08-27,Colts,,• George Foster,placed on ir with undisclosed injury
2012-08-27,Colts,,• Griff Whalen,placed on ir with foot injury
2012-08-27,Cowboys,,• Caleb McSurdy,placed on ir with achilles tendon injury
2012-08-27,Eagles,,• Mike Gibson,placed on ir with hip injury
2012-08-27,Falcons,,• Will Svitek,placed on ir with upper right arm injury
2012-08-27,Giants,,• Brandon Mosley,placed on ir with ankle injury
2012-08-27,Jaguars,,• Drew Nowak,placed on ir with foot injury
2012-08-27,Jaguars,,• Jason Spitz,placed on ir with ankle injury
2012-08-27,Jaguars,,• John Estes,placed on ir with knee injury
2012-08-27,Jaguars,,• Matt Veldman,placed on ir with sprained mcl in knee
2012-08-27,Lions,,• Bill Nagy,placed on ir with left ankle injury
2012-08-27,Lions,,• Jonathan Scott,placed on ir with right knee injury
2012-08-27,Packers,,• Desmond Bishop,placed on ir with hamstring injury
2012-08-27,Panthers,,• Brandon Hogan,placed on ir with knee injury
2012-08-27,Patriots,,• Josh Barrett,placed on ir with undisclosed injury
2012-08-27,Patriots,,• Spencer Larsen,placed on ir with undisclosed injury
2012-08-27,Patriots,,• Will Allen (D.),placed on ir with undisclosed injury
2012-08-27,Rams,,• Trevor Laws,placed on ir with knee injury
2012-08-27,Ravens,,• Darryl Blackstock,"placed on ir with ankle, groin injuries"
2012-08-27,Ravens,,• Emanuel Cook,placed on ir with fractured right leg
2012-08-27,Ravens,,• Ryan McBean,placed on ir with fractured left ankle
2012-08-27,Ravens,,• Stevie Baggs,placed on ir with leg injury
2012-08-27,Seahawks,,• Roy Lewis (a),placed on ir
2012-08-27,Texans,,• Randy Bullock,placed on ir with groin injury
2012-08-27,Titans,,• Marc Mariani,placed on ir with fractured left leg
2012-08-27,Vikings,,• Kamar Jorden,placed on ir
2012-08-27,Giants,,• Julian Talley,placed on ir with ankle injury
2012-08-28,49ers,,• Joe Hastings,placed on ir with undisclosed injury
2012-08-28,49ers,,• Kourtnei Brown,placed on ir with hamstring injury
2012-08-28,Bears,,nan,placed on ir
2012-08-28,Bears,,• Nick Pieschel,placed on ir
2012-08-28,Browns,,• Antwuan Reed,placed on ir with undisclosed injury
2012-08-28,Browns,,• Auston English,placed on ir with undisclosed injury
2012-08-28,Browns,,• Marcus Benard,placed on ir with dislocated elbow
2012-08-28,Cowboys,,• Donavon Kemp,placed on ir with torn acl in left knee
2012-08-28,Eagles,,• Brian Hernandez,placed on ir
2012-08-28,Eagles,,• Tom Nelson,placed on ir
2012-08-28,Jaguars,,• Brock Bolen,placed on ir with knee injury
2012-08-28,Jets,,• Josh Baker,placed on ir with torn acl in right knee
2012-08-28,Lions,,• Slade Norris,placed on ir with undisclosed injury
2012-08-28,Packers,,• DeMarco Cosby,placed on ir with hamstring injury
2012-08-28,Packers,,• Du'ane Bennett / Duane Bennett,placed on ir with knee injury
2012-08-28,Packers,,• Johnny Jones (III),placed on ir with knee injury
2012-08-28,Packers,,• Ray Dominguez,placed on ir with undisclosed injury
2012-08-28,Packers,,• Shaky Smithson,placed on ir with undisclosed injury
2012-08-28,Patriots,,• Ross Ventrone,placed on ir with undisclosed injury
2012-08-28,Raiders,,• Ed Wang,placed on ir with shoulder injury
2012-08-28,Raiders,,• Rashawn Jackson,placed on ir with hip injury
2012-08-28,Rams,,• Danario Alexander,placed on ir
2012-08-28,Redskins,,• Lance Lewis (b. 1988-11-01),placed on ir with groin injury
2012-08-28,Seahawks,,• Cameron Morrah,placed on ir
2012-08-28,Seahawks,,• Jameson Konz,placed on ir with undisclosed injury
2012-08-28,Seahawks,,• Lazarius Levingston / Pep Levingston,placed on ir
2012-08-28,Texans,,• Greg Williams (b. 1988-12-06),placed on ir
2012-08-28,Texans,,• Ra'Shon Harris / Sunny Harris,placed on ir with triceps injury
2012-08-29,Colts,,• Jarred Fayson,placed on ir
2012-08-29,Raiders,,• Zach Hurd,placed on ir with head injury
2012-08-31,,,• Thomas Clayton,placed on ir
2012-08-31,Bengals,,• Tony Dye,placed on ir with ankle injury
2012-08-31,Bills,,• Zebrie Sanders,placed on ir with undisclosed injury
2012-08-31,Broncos,,• Jeremy Beal,placed on ir with left knee injury
2012-08-31,Cardinals,,• Javarris James,placed on ir with knee injury
2012-08-31,Cardinals,,• Richard Bartel / Rich Bartel,placed on ir with shoulder injury
2012-08-31,Chargers,,• Sean Cattouse,placed on ir with undisclosed injury
2012-08-31,Chiefs,,• Alex Tanney,placed on ir with undisclosed injury
2012-08-31,Chiefs,,• DeQuan Menzie,placed on ir with undisclosed injury
2012-08-31,Colts,,• Jabin Sambrano,placed on ir with undisclosed injury
2012-08-31,Colts,,• Korey Lindsey,placed on ir with undisclosed injury
2012-08-31,Falcons,,• Shann Schillinger,placed on ir with fractured ankle
2012-08-31,Giants,,• Shaun Rogers,placed on ir with blood clot in leg
2012-08-31,Giants,,• Terrell Thomas,placed on ir with right knee injury
2012-08-31,Jaguars,,• Will Rackley,placed on ir with ankle injury
2012-08-31,Packers,,• Vic So'oto,placed on ir with ankle injury
2012-08-31,Patriots,,• Jeff Demps,placed on ir with leg injury
2012-08-31,Raiders,,• Brandon Underwood,placed on ir with hip/groin injury
2012-08-31,Raiders,,• Marquette King,placed on ir with toe injury
2012-08-31,Raiders,,• Tory Humphrey,placed on ir with hamstring injury
2012-08-31,Ravens,,• Damien Berry,placed on ir with neck/shoulder injury
2012-08-31,Ravens,,• Justin Boren,placed on ir with foot injury
2012-08-31,Ravens,,• Matt Balasavage,placed on ir with ankle injury
2012-08-31,Ravens,,• Ricky Brown (Gerald),placed on ir with head injury
2012-08-31,Ravens,,• Tommy Streeter,placed on ir with foot injury
2012-08-31,Saints,,• Joe Banyard,placed on ir with undisclosed injury
2012-08-31,Saints,,• Jose Gumbs,placed on ir with undisclosed injury
2012-08-31,Saints,,• Marquis Johnson,placed on ir with undisclosed injury
2012-08-31,Saints,,• Nick Toon,placed on ir with undisclosed injury
2012-08-31,Seahawks,,• Matt McCoy (Garrett),placed on ir with knee injury
2012-08-31,Steelers,,• Jeremy Kapinos,placed on ir
2012-08-31,Steelers,,• Sean Spence,placed on ir with torn acl in left knee
2012-08-31,Texans,,• Rashad Butler,placed on ir with triceps injury
2012-08-31,Titans,,• Dave Ball,placed on ir with concussion
2012-08-31,Titans,,• Kevin Malast,placed on ir with undisclosed injury
2012-08-31,Titans,,• Leger Douzable,placed on ir with shoulder injury
2012-08-31,Titans,,• Ryan Durand,placed on ir with undisclosed injury
2012-08-31,Titans,,• Terrence Wheatley,placed on ir with knee injury
2012-08-31,Vikings,,• Demarcus Love,placed on ir with pectoral injuries
2012-08-31,Ravens,,• Bruce Figgins,placed on ir with shoulder injury
2012-09-01,Bears,,• Dom DeCicco,placed on ir
2012-09-01,Buccaneers,,• Desmond Wynn,placed on ir with undisclosed injury
2012-09-01,Cardinals,,• Brandon Williams (b. 1988-06-21),placed on ir
2012-09-01,Cardinals,,• Stephen Williams (Jacob),placed on ir
2012-09-01,Chiefs,,• Mikail Baker,placed on ir
2012-09-01,Colts,,• Brandon King (Marico),placed on ir with undisclosed injury
2012-09-01,Colts,,• Deji Karim,placed on ir with undisclosed injury
2012-09-01,Colts,,• James Aiono,placed on ir with undisclosed injury
2012-09-01,Colts,,• Mike Newton,placed on ir with undisclosed injury
2012-09-01,Colts,,• Tim Fugger,placed on ir with undisclosed injury
2012-09-01,Dolphins,,• Jarrell Root,placed on ir with leg injury
2012-09-01,Falcons,,• Kerry Meier,placed on ir
2012-09-01,Giants,,• Bruce Johnson (b. 1987-02-18),placed on ir
2012-09-01,Jaguars,,• Odrick Ray,placed on ir with undisclosed injury
2012-09-01,Lions,,• Austin Wells,placed on ir with undisclosed injury
2012-09-01,Lions,,• Reshard Langford,placed on ir
2012-09-01,Panthers,,• Darius Butler,placed on ir
2012-09-01,Panthers,,• Lee Ziemba,placed on ir with knee injury
2012-09-01,Panthers,,• Tauren Poole,placed on ir with ribs injury
2012-09-01,Redskins,,• Dorson Boyce,placed on ir with undisclosed injury
2012-09-01,Redskins,,• Tristan Davis,placed on ir with undisclosed injury
2012-09-01,Seahawks,,• Cooper Helfet,placed on ir
2012-09-01,Seahawks,,• Vai Taua,placed on ir with undisclosed injury
2012-09-01,Texans,,• Jerrell Jackson,placed on ir with undisclosed injury
2012-09-02,Browns,,• Scott Paxson,placed on ir
2012-09-02,Jaguars,,• Zach Miller (Scott),placed on ir with calf injury
2012-09-02,Raiders,,• Jamie Cumbie,placed on ir with foot injury
2012-09-03,49ers,,• Parys Haralson,placed on ir with arm injury
2012-09-03,Cardinals,,• Jeremy Bridges,placed on ir with thumb injury
2012-09-04,Bengals,,• Kyle Cook,placed on ir with foot injury
2012-09-04,Bills,,• Ron Brooks (a),placed on ir with foot injury
2012-09-04,Chargers,,• Vincent Brown Jr.,placed on ir with ankle injury
2012-09-04,Dolphins,,• Artis Hicks,placed on ir with neck injury
2012-09-04,Jaguars,,• Brett Brackett,placed on ir with knee injury
2012-09-05,Patriots,,• Visanthe Shiancoe,placed on ir with hamstring injury
2012-09-07,Falcons,,• Tim Toone,placed on ir
2012-09-07,Steelers,,• David DeCastro,placed on ir with surgery on knee
2012-09-08,Bears,,• Lorenzo Booker,placed on ir with head injury
2012-09-08,Saints,,• Marcel Jones,placed on ir with left knee injury
2012-09-10,Redskins,,• Jordan Bernstine,"placed on ir with torn acl, mcl, pcl in right knee"
2012-09-10,Redskins,,• Jordan Morris,placed on ir
2012-09-11,Bills,,• David Nelson (b),placed on ir with torn acl in right knee
2012-09-11,Broncos,,• Ty Warren,placed on ir with triceps injury
2012-09-11,Falcons,,• Brent Grimes,placed on ir with torn achilles tendon
2012-09-11,Redskins,,• Nick Sundberg,placed on ir with arm injury
2012-09-12,Rams,,• Scott Wells,placed on ir with left foot injury
2012-09-12,Saints,,• Adrian Arrington,placed on ir with right knee injury
2012-09-14,Bengals,,• Thomas Howard (Arquis),placed on ir with torn acl in knee
2012-09-15,Raiders,,• Jacoby Ford,placed on ir with foot injury
2012-09-15,Raiders,,• Ronald Bartell / Ron Bartell,placed on ir with shoulder injury
2012-09-18,Bengals,,• Jamaal Anderson,placed on ir with torn left quadriceps tendon
2012-09-18,Broncos,,• Philip Blake,placed on ir with thumb injury
2012-09-18,Eagles,,• Jason Kelce,"placed on ir with torn acl, mcl in right knee"
2012-09-18,Rams,,• Rokevious Watkins,placed on ir with ankle injury
2012-09-18,Redskins,,• Adam Carriker,placed on ir with torn right quadriceps tendon
2012-09-18,Redskins,,• Brian Orakpo,placed on ir with torn left pectoral muscle
2012-09-19,Lions,,• Drayton Florence,placed on ir with forearm injury
2012-09-21,Buccaneers,,• Sammie Stroughter,placed on ir with fractured right foot
2012-09-25,Buccaneers,,• Adrian Clayborn,placed on ir with torn ligaments in right knee
2012-09-25,Chiefs,,• Jacques Reeves,placed on ir with hamstring injury
2012-09-25,Colts,,• Austin Collie,placed on ir with ruptured patellar tendon in right knee
2012-09-25,Lions,,• Ben Graham,placed on ir with calf injury
2012-09-26,Cardinals,,• Chris Wells / Beanie Wells,placed on ir with turf toe
2012-09-26,Chiefs,,• Rodney Hudson,placed on ir with fractured right leg
2012-09-26,Cowboys,,• Barry Church,placed on ir with torn right achilles tendon
2012-09-26,Redskins,,• Crezdon Butler,placed on ir with hamstring injury
2012-09-26,Redskins,,• Roy Helu Jr.,placed on ir with achilles tendon injury
2012-09-26,Titans,,• Keyunta Dawson,placed on ir with hamstring injury
2012-09-29,Broncos,,• Quinton Carter,placed on ir with knee injury
2012-10-01,Broncos,,• J.D. Walton,placed on ir with left ankle injury
2012-10-02,Jets,,• Dedrick Epps,placed on ir with knee injury
2012-10-03,Chiefs,,• Kevin Boss,placed on ir with concussion
2012-10-03,Dolphins,,• Mike Rivera,placed on ir with groin injury
2012-10-03,Jets,,• Santonio Holmes,placed on ir with left foot injury
2012-10-06,Panthers,,• Mike Pollak,placed on ir with shoulder injury
2012-10-08,Bengals,,• Bernard Scott,placed on ir with left knee injury
2012-10-08,Colts,,• Seth Olsen,placed on ir with knee injury
2012-10-09,Bills,,• Colin Brown,placed on ir with hamstring injury
2012-10-09,Buccaneers,,• Anthony Gaitor,placed on ir with hamstring injury
2012-10-09,Cardinals,,• Ryan Williams (a),placed on ir with left shoulder injury
2012-10-10,Jets,,• Josh Mauga,placed on ir with torn pectoral muscle
2012-10-10,Packers,,• Cedric Benson,placed on ir with foot injury
2012-10-10,Texans,,• Brian Cushing,placed on ir with torn acl in left knee
2012-10-11,Panthers,,• Ryan Kalil,placed on ir with lisfranc injury in left foot
2012-10-14,Browns,,• Jordan Norwood,placed on ir with left foot injury
2012-10-14,Jets,,• Darrelle Revis,placed on ir with torn acl in left knee
2012-10-15,Packers,,• Brandon Saine,placed on ir with torn acl in knee
2012-10-16,Ravens,,• Lardarius Webb,placed on ir with torn acl in left knee
2012-10-16,Texans,,• Tim Jamison,placed on ir with torn right achilles tendon
2012-10-17,Packers,,• D.J. Smith,placed on ir with torn acl in knee
2012-10-17,Panthers,,• Kenny Onatolu,placed on ir with torn triceps
2012-10-17,Ravens,,• Ray Lewis (Anthony),placed on ir with triceps injury
2012-10-20,Giants,,• Da'Rel Scott,placed on ir with knee injury
2012-10-22,Browns,,• Jason Pinkston,placed on ir with blood clot in lungs
2012-10-22,Chargers,,• Nate Kaeding,placed on ir with right groin injury
2012-10-22,Panthers,,• Chris Gamble,placed on ir with shoulder injury
2012-10-22,Redskins,,• Fred Davis (Martin),placed on ir with torn left achilles tendon
2012-10-24,Cowboys,,• Chris Jones (b. 1989-07-21),placed on ir with left knee injury
2012-10-24,Cowboys,,• Sean Lee,placed on ir with ligament damage in right big toe
2012-10-24,Lions,,• Nate Burleson,placed on ir with fractured right leg
2012-10-24,Panthers,,• Jon Beason,placed on ir with knee injury
2012-10-24,Titans,,• Zac Diles,placed on ir with fractured leg
2012-10-25,Jaguars,,• Daryl Smith (L.),placed on ir with groin injury
2012-10-25,Texans,,• David Hunter,placed on ir with toe injury
2012-10-26,Patriots,,• Ras-I Dowling,placed on ir with thigh injury
2012-10-26,Saints,,• Daniel Graham / Dan Graham (b),placed on ir with knee injury
2012-10-26,Titans,,• Javon Ringer,placed on ir with torn mcl in knee
2012-10-26,Vikings,,• Chris Cook (a),placed on ir with broken arm
2012-10-27,Browns,,• Scott Fujita,"placed on ir with neck, shoulder injury"
2012-10-30,Broncos,,• Joe Mays,placed on ir with fractured fibula / left ankle
2012-10-30,Browns,,• Emmanuel Stephens,placed on ir with neck injury
2012-10-30,Buccaneers,,• Carl Nicks,placed on ir with torn plantar plate in left toe
2012-10-30,Buccaneers,,• Danny Noble,placed on ir with hamstring injury
2012-10-30,Chargers,,• Richard Goodman,placed on ir with hamstring injury
2012-10-30,Falcons,,• Kerry Meier,placed on ir
2012-10-30,Rams,,• Matt Daniels,placed on ir with torn acl in right knee
2012-10-30,Seahawks,,• Ben Obomanu,placed on ir with wrist injury
2012-11-01,Lions,,• Dwight Bentley / Bill Bentley,placed on ir with shoulder injury
2012-11-02,Bills,,• Chad Rinehart,placed on ir with ankle injury
2012-11-02,Browns,,• Brian Sanford,placed on ir with knee injury
2012-11-06,Bills,,• Erik Pears,placed on ir with hip injury
2012-11-06,Bills,,• Terrence McGee,placed on ir with left knee injury
2012-11-06,Cardinals,,• O'Brien Schofield,placed on ir with left ankle injury
2012-11-06,Falcons,,• Garrett Reynolds,placed on ir with shoulder / back injury
2012-11-06,Panthers,,• Kealoha Pilares,placed on ir with shoulder injury
2012-11-07,Cowboys,,• Orie Lemon,placed on ir with right hamstring injury
2012-11-07,Dolphins,,• Richard Marshall (b),placed on ir with back injury
2012-11-07,Eagles,,• Todd Herremans,placed on ir with right foot/ankle injury
2012-11-07,Packers,,• Nick Perry (Joel),placed on ir with left wrist injury
2012-11-07,Titans,,• Leroy Harris Jr. (b. 1984-06-06),placed on ir with partially torn acl in right knee
2012-11-10,Giants,,• Michael Coe,placed on ir with hamstring injury
2012-11-10,Raiders,,• Shawntae Spencer,placed on ir with foot injury
2012-11-12,Chiefs,,• Glenn Dorsey,placed on ir with calf injury
2012-11-12,Colts,,• Drake Nevis,placed on ir with hand injury
2012-11-12,Colts,,• Jerraud Powers,placed on ir with toe injury
2012-11-12,Packers,,• Bryan Bulaga,placed on ir with right hip injury
2012-11-13,Buccaneers,,• Quincy Black,placed on ir with neck injury
2012-11-13,Falcons,,• Tommy Gallarda,placed on ir with shoulder injury
2012-11-13,Jets,,• Isaiah Trufant,placed on ir with knee injury
2012-11-13,Ravens,,• Bobby Rainey,placed on ir with knee injury
2012-11-14,Cowboys,,• Kenyon Coleman,placed on ir with torn triceps
2012-11-14,Giants,,• Markus Kuhn,placed on ir with torn acl in knee
2012-11-14,Panthers,,• Thomas Keiser,placed on ir with elbow injury
2012-11-14,Raiders,,• Travis Goethel,placed on ir with torn acl in knee
2012-11-15,Steelers,,• Chris Carter (Darnell),placed on ir with abdominal injury
2012-11-17,Chiefs,,• Jake O'Connell,placed on ir with ankle injury
2012-11-17,Cowboys,,• Matt Johnson (c),placed on ir with hamstring injury
2012-11-17,Lions,,• Amari Spievey,placed on ir with concussion
2012-11-17,Ravens,,• Christian Thompson,placed on ir with knee injury
2012-11-19,Bills,,• Mike Caussin,placed on ir with knee injury
2012-11-20,Redskins,,• Brandon Meriweather,placed on ir with knee injury
2012-11-21,Broncos,,• Willis McGahee,placed on ir with knee injury
2012-11-21,Chargers,,• Mike Windt,placed on ir with wrist injury
2012-11-21,Jaguars,,• Blaine Gabbert,"placed on ir with right forearm, left shoulder injuries"
2012-11-21,Jaguars,,• Laurent Robinson,placed on ir with concussion
2012-11-22,Buccaneers,,• Arrelious Benn,placed on ir with knee injury
2012-11-23,Chargers,,• Jared Gaither,placed on ir with groin injury
2012-11-26,Bears,,• Lance Louis,placed on ir with torn acl in left knee
2012-11-26,Cowboys,,• Bruce Carter (Edward),placed on ir with dislocated left elbow
2012-11-26,Giants,,• Andre Brown (b),placed on ir with fractured left fibula
2012-11-26,Ravens,,• Anthony Levine,placed on ir with shoulder injury
2012-11-26,Redskins,,• Keenan Robinson,placed on ir with pectoral muscle injury
2012-11-26,Steelers,,• Marcus Gilbert (Christopher),placed on ir with ankle injury
2012-11-27,49ers,,• Kendall Hunter,placed on ir with achilles tendon injury
2012-11-27,Bills,,• Kyle Williams (Derrick),placed on ir with torn acl in left knee
2012-11-27,Buccaneers,,• Cody Grimm,placed on ir with hamstring injury
2012-11-27,Buccaneers,,• Jeremy Trueblood,placed on ir with shoulder injury
2012-11-27,Chargers,,• Brandyn Dombrowski,placed on ir
2012-11-27,Chargers,,• Johnnie Troutman,placed on ir
2012-11-27,Colts,,• Fili Moala,placed on ir with torn acl in knee
2012-11-27,Colts,,• Josh Chapman,placed on ir with knee injury
2012-11-27,Eagles,,• DeSean Jackson,placed on ir with fractured ribs
2012-11-27,Eagles,,• Jason Peters,placed on ir with achilles tendon injury
2012-11-27,Jaguars,,• Jalen Parmele,placed on ir with groin injury
2012-11-27,Jaguars,,• William Middleton,placed on ir with concussion
2012-11-27,Packers,,• Derek Sherrod,placed on ir
2012-11-27,Panthers,,• Ron Edwards,placed on ir with dislocated left elbow
2012-11-27,Saints,,• Bryce Harris,placed on ir with fractured leg
2012-11-27,Titans,,• Darren Evans (b. 1988-11-09),placed on ir with quadriceps injury
2012-11-28,Cardinals,,• Lyle Sendlein,placed on ir with torn mcl in knee
2012-11-28,Chargers,,• Atari Bigby,placed on ir with groin injury
2012-11-28,Jaguars,,• D'Anthony Smith,placed on ir with neck injury / concussion
2012-12-01,Cowboys,,• Ben Bass,placed on ir with ankle injury
2012-12-01,Packers,,• Andrew Quarless,placed on ir with knee injury
2012-12-01,Packers,,• Sean Richardson,placed on ir with back injury
2012-12-03,Texans,,• Brice McCain,placed on ir with left foot injury
2012-12-04,Bengals,,• Mohamed Sanu,placed on ir with foot injury
2012-12-04,Chargers,,• David Molk,placed on ir with thumb injury
2012-12-04,Chargers,,• Seyi Ajirotutu,placed on ir with hand injury
2012-12-04,Colts,,• Justin Hickman,placed on ir with hamstring injury
2012-12-04,Dolphins,,• Jake Long,placed on ir with triceps injury
2012-12-04,Lions,,• Ryan Broyles,placed on ir with torn acl in left knee
2012-12-04,Lions,,• Titus Young,placed on ir with knee injury
2012-12-04,Panthers,,• Antwan Applewhite,placed on ir with hamstring injury
2012-12-04,Panthers,,• Sherrod Martin,"placed on ir with torn acl, mcl in right knee"
2012-12-04,Patriots,,• Julian Edelman,placed on ir with foot injury
2012-12-04,Titans,,• David Stewart,placed on ir with leg injury
2012-12-04,Titans,,• Robert Johnson (b. 1987-02-13),placed on ir with foot injury
2012-12-05,Bears,,• Patrick Trahan,placed on ir with undisclosed injury
2012-12-05,Bills,,• Chris Kelsay,placed on ir with neck injury
2012-12-05,Chargers,,• Antwan Barnes,placed on ir with hamstring injury
2012-12-05,Cowboys,,• Phil Costa,placed on ir with ankle injury
2012-12-05,Packers,,• Johnny White,placed on ir with concussion
2012-12-05,Seahawks,,• Braylon Edwards,placed on ir with knee injury
2012-12-05,Titans,,• Steve Hutchinson,placed on ir with right knee injury
2012-12-06,Bills,,• Chris Hairston,placed on ir with knee injury
2012-12-06,Chiefs,,• Allen Bailey,placed on ir with ankle injury
2012-12-06,Giants,,• Sean Locklear,placed on ir with knee injury
2012-12-06,Vikings,,• Percy Harvin,placed on ir with ankle injury
2012-12-08,Cowboys,,• Orlando Scandrick,placed on ir with hand injury
2012-12-08,Eagles,,• Nate Menkin,placed on ir with throat injury
2012-12-10,Buccaneers,,• Myron Lewis,placed on ir with hamstring injury
2012-12-10,Cardinals,,• Rich Ohrnberger,placed on ir with knee injury
2012-12-11,49ers,,• Demarcus Dobbs,placed on ir with knee injury
2012-12-11,Bears,,• Craig Steltz,placed on ir with chest injury
2012-12-11,Bears,,• Robbie Gould,placed on ir with left calf injury
2012-12-11,Bears,,• Sherrick McManis,placed on ir with knee injury
2012-12-11,Bills,,• Fred Jackson,placed on ir with sprained mcl in right knee
2012-12-11,Colts,,• Donald Brown,placed on ir with ankle injury
2012-12-11,Colts,,• Robert Hughes (b. 1989-06-21),placed on ir with knee injury
2012-12-11,Jaguars,,• Michael Brewster / Mike Brewster,placed on ir with hand injury
2012-12-11,Panthers,,• Haruki Nakamura,placed on ir with groin injury
2012-12-11,Patriots,,• Donte' Stallworth / Donte Stallworth,placed on ir with ankle injury
2012-12-12,Cardinals,,• Kevin Kolb,placed on ir with rib injury
2012-12-12,Chargers,,• Darrell Stuckey,placed on ir with hamstring injury
2012-12-12,Chargers,,• Vaughn Martin,placed on ir with groin injury
2012-12-12,Lions,,• Corey Williams (Dornail),placed on ir with knee injury
2012-12-13,Titans,,• Jared Cook,placed on ir with torn rotator cuff in shoulder
2012-12-15,Bengals,,• Chris Pressley,placed on ir with right knee injury
2012-12-15,Chiefs,,• Dwayne Bowe,placed on ir with rib injury
2012-12-15,Saints,,• Charles Brown (a),placed on ir with knee injury
2012-12-15,Saints,,• Malcolm Jenkins,placed on ir with hamstring injury
2012-12-15,Seahawks,,• Charly Martin,placed on ir with calf injury
2012-12-17,Bears,,• Matt Toeaina,placed on ir with knee injury
2012-12-18,Bears,,• Michael Bush,placed on ir with rib injury
2012-12-18,Bills,,• Arthur Moats,placed on ir with ankle injury
2012-12-18,Browns,,• James-Michael Johnson,placed on ir with knee injury
2012-12-18,Browns,,• T.J. Ward,placed on ir with knee injury
2012-12-18,Chargers,,• Malcom Floyd,placed on ir with ankle injury
2012-12-18,Chargers,,• Reggie Wells,placed on ir with ankle injury
2012-12-18,Chargers,,• Ryan Mathews,placed on ir with clavicle injury
2012-12-18,Dolphins,,• Charles Clay (b. 1989-02-13),placed on ir with knee injury
2012-12-18,Eagles,,• Clay Harbor,placed on ir with back injury
2012-12-18,Jaguars,,• Andre Branch,placed on ir with groin / hamstring injury
2012-12-18,Jaguars,,• Jordan Todman,placed on ir with calf injury
2012-12-18,Lions,,• Jacob Lacey,placed on ir with left knee injury
2012-12-18,Panthers,,• Zack Williams,placed on ir with torn acl in knee
2012-12-18,Saints,,• Corey White (b. 1990-05-09),placed on ir with knee injury
2012-12-18,Steelers,,• DeMarcus Van Dyke,placed on ir with right shoulder injury
2012-12-18,Steelers,,• Willie Colon,placed on ir with knee injury
2012-12-19,Dolphins,,• Daniel Thomas,placed on ir with knee injury
2012-12-19,Jets,,• Stephen Hill,placed on ir with knee injury
2012-12-19,Lions,,• Nick Fairley,placed on ir with shoulder injury
2012-12-19,Rams,,• Harvey Dahl,placed on ir with biceps injury
2012-12-20,Bills,,• Leodis McKelvin,placed on ir with groin injury
2012-12-20,Seahawks,,• Jason Jones (Duane),placed on ir with knee injury
2012-12-21,Dolphins,,• Dan Carpenter,placed on ir with right groin injury
2012-12-22,Buccaneers,,• Aaron Morgan,placed on ir with shoulder injury
2012-12-22,Jaguars,,• Dwight Lowery,placed on ir with foot injury
2012-12-22,Ravens,,• Jameel McClain,placed on ir with neck injury
2012-12-24,Bills,,• Scott Chandler,placed on ir with knee injury
2012-12-24,Browns,,• Mohamed Massaquoi,placed on ir with knee injury
2012-12-24,Falcons,,• Kevin Cone,placed on ir with groin injury
2012-12-24,Jaguars,,• Cecil Shorts III,placed on ir with concussion
2012-12-24,Jaguars,,• Greg Jones (K.),placed on ir with fractured fibula
2012-12-24,Jaguars,,• Rashad Jennings,placed on ir with shoulder injury
2012-12-25,Bengals,,• Dre Kirkpatrick,placed on ir with knee injury
2012-12-25,Jaguars,,• Mark Asper,placed on ir
2012-12-26,Browns,,• Usama Young,placed on ir with thumb injury
2012-12-26,Cardinals,,• Rob Housler,placed on ir with shoulder injury
2012-12-26,Chargers,,• Aubrayo Franklin,placed on ir with knee injury
2012-12-26,Chargers,,• Brandon Taylor,placed on ir with knee injury
2012-12-26,Eagles,,• Nick Foles,placed on ir with fractured right hand
2012-12-26,Giants,,• Travis Beckum,placed on ir with knee injury
2012-12-26,Panthers,,• Amini Silatolu,placed on ir with wrist injury
2012-12-26,Ravens,,• LaQuan Williams,placed on ir with thigh injury
2012-12-26,Steelers,,• Baron Batch,placed on ir with fractured arm
2012-12-26,Steelers,,• Heath Miller,placed on ir with right knee injury
2012-12-26,Steelers,,• Ivan Taylor / Ike Taylor,placed on ir with ankle injury
2012-12-27,Jets,,• Aaron Berry,placed on ir with hamstring injury
2012-12-27,Raiders,,• Richard Seymour,placed on ir with hamstring injury
2012-12-28,49ers,,• Mario Manningham,placed on ir with knee injury
2012-12-28,Bengals,,• Mike Nugent,placed on ir with strained right calf
2012-12-28,Jaguars,,• Maurice Jones-Drew,placed on ir with foot injury
2012-12-28,Saints,,• Pierre Thomas,placed on ir with knee injury
2012-12-28,Steelers,,• (Burnell) Mike Wallace,placed on ir with hip injury
2012-12-28,Steelers,,• Curtis Brown (Jamall),placed on ir with ankle injury
2012-12-28,Steelers,,• Mike Adams (b. 1990-03-10),placed on ir with ankle injury
2012-12-28,Titans,,• Colin McCarthy,placed on ir with concussion
2012-12-29,Chiefs,,• Terrance Copper,placed on ir with knee injury
2012-12-29,Lions,,• Sammie Hill / Sammie Lee Hill,placed on ir with toe injury
2012-12-29,Raiders,,• Phillip Adams,placed on ir with groin injury
2012-12-31,Seahawks,,• Walter Thurmond III,placed on ir with hamstring injury
2013-01-01,Texans,,• Darryl Sharpton,placed on ir with hip injury
2013-01-04,Redskins,,• Domonique Johnson / D.J. Johnson,placed on ir with knee injury
2013-01-04,Texans,,• Tim Dobbins,placed on ir with ankle injury
2013-01-09,Seahawks,,• Chris Clemons (b. 1981-10-30),placed on ir with torn acl in left knee
2013-01-09,Seahawks,,• Steven Hauschka,placed on ir with calf injury
2013-01-11,Ravens,,• Jah Reid,placed on ir with toe injury
2013-01-17,Patriots,,• Rob Gronkowski,placed on ir with fractured forearm
2013-05-07,Patriots,,• Quentin Hines,placed on ir with torn labrum in shoulder
2013-05-07,Steelers,,• Anthony Rashad White,placed on ir with undisclosed injury
2013-05-10,Cowboys,,• Brian Price (Larisso),placed on ir with undisclosed injury
2013-05-15,Bills,,• Kevin Norrell,placed on ir with undisclosed injury
2013-05-15,Seahawks,,• Chandler Fenner,placed on ir with undisclosed injury
2013-05-16,Dolphins,,• Chas Alecxih,placed on ir with undisclosed injury
2013-05-17,Chiefs,,• Luke Patterson,placed on ir with undisclosed injury
2013-05-17,Dolphins,,• Taylor Stockemer,placed on ir with undisclosed injury
2013-05-17,Giants,,• Antonio Dennard,placed on ir with undisclosed injury
2013-05-17,Giants,,• Michael Palmer,placed on ir with undisclosed injury
2013-05-22,Cardinals,,• Javone Lawson,placed on ir with achilles tendon injury
2013-05-23,Panthers,,• Logan Brock,placed on ir with undisclosed injury
2013-05-29,Rams,,• C.J. Akins,placed on ir with achilles tendon injury
2013-05-29,Seahawks,,• Anthony McCoy,placed on ir with achilles tendon injury
2013-06-03,Patriots,,• T.J. Moe,placed on ir with achilles tendon injury
2013-06-04,Steelers,,• Zack Pianalto,placed on ir with calf injury
2013-06-06,Cowboys,,• Robert Callaway / Rob Callaway,placed on ir recovering from microfracture surgery on knee
2013-06-06,Steelers,,• Justin King,placed on ir with hamstring injury
2013-06-07,Falcons,,• Adam Nissley,placed on ir with undisclosed injury
2013-06-11,49ers,,• Alex Debniak,placed on ir with undisclosed injury
2013-06-13,Redskins,,• Doug Worthington,placed on ir with biceps injury
2013-06-13,Redskins,,• Deangelo Peterson,placed on ir with foot injury
2013-06-19,49ers,,• Brandon Carswell,placed on ir with torn acl in right knee
2013-06-20,Panthers,,• R.J. Webb,placed on ir with torn acl in right knee
2013-07-18,Rams,,• Phillip Steward,placed on ir with achilles tendon injury
2013-07-24,Jets,,• Thomas Mayo,placed on ir with knee injury
2013-07-26,Texans,,• Phillip Supernaw,placed on ir with foot injury
2013-07-28,Broncos,,• Lucas Reed,placed on ir with hamstring injury
2013-07-28,Chargers,,• Jonas Mouton,placed on ir with torn acl in right knee
2013-07-28,Jets,,• Aaron Berry,placed on ir with torn acl in knee
2013-07-29,Eagles,,• Jason Phillips (Wesley),placed on ir torn acl in right knee
2013-07-30,Broncos,,• Dan Koppen,placed on ir with torn acl in left knee
2013-07-30,Colts,,• Brandon McKinney,placed on ir with left knee injury
2013-07-30,Eagles,,• Jeremy Maclin,placed on ir with torn acl in right knee
2013-07-31,49ers,,• Darius Fleming,placed on ir with torn acl in knee
2013-07-31,Rams,,• Braden Brown,placed on ir with back injury
2013-07-31,Rams,,• Kevin Saia,placed on ir with foot injury
2013-07-31,Ravens,,• Spencer Adkins,placed on ir with hamstring injury
2013-08-01,Chargers,,• Chibuikem Okoro / Kenny Okoro,placed on ir with undisclosed injury
2013-08-01,Cowboys,,• Ikponmwosa Igbinosun,placed on ir with ankle injury
2013-08-01,Dolphins,,• Armon Binns,placed on ir with torn acl in knee
2013-08-01,Dolphins,,• Jasper Collins,placed on ir with undisclosed injury
2013-08-01,Texans,,• Johnny Adams (b. 1989-06-09),placed on ir with undisclosed injury
2013-08-02,Chiefs,,• Colin Kelly,placed on ir with knee injury
2013-08-02,Colts,,• Scott Lutrus,placed on ir with knee injury
2013-08-02,Falcons,,• Saeed Lee,placed on ir with undisclosed injury
2013-08-02,Giants,,• Jeremy Horne-Murdock / Jeremy Horne,placed on ir with undisclosed injury
2013-08-02,Seahawks,,• Greg Herd (b),placed on ir with undisclosed injury
2013-08-03,Cowboys,,• Cameron Sheffield,placed on ir with groin injury
2013-08-03,Panthers,,• Linden Gaydosh,placed on ir with back injury
2013-08-03,Seahawks,,• Kenneth Boatright,placed on ir with shoulder injury
2013-08-04,Dolphins,,• Brian Thomas (b),placed on ir with undisclosed injury
2013-08-04,Patriots,,• Elvis Fisher,placed on ir with knee injury
2013-08-04,Patriots,,• Lavasier Tuinei,placed on ir with shoulder injury
2013-08-04,Steelers,,• Nik Embernate,placed on ir with knee injury
2013-08-06,Jaguars,,• Stephane Milhim,placed on ir with foot injury
2013-08-06,Jaguars,,• Taylor Price,placed on ir with foot injury
2013-08-06,Jets,,• Marcus Davis,placed on ir with undisclosed injury
2013-08-06,Raiders,,• Johnny Jones (III),placed on ir with undisclosed injury
2013-08-07,Cardinals,,• Everrette Thompson,placed on ir with arm injury
2013-08-07,Cardinals,,• LaRon Byrd,placed on ir with concussion
2013-08-07,Chargers,,• Devan Walker,placed on ir with knee injury
2013-08-07,Packers,,• Sederrik Cunningham,placed on ir with wrist injury
2013-08-07,Saints,,• Chris Givens (b. 1989-12-06),placed on ir with undisclosed injury
2013-08-07,Titans,,• Matthew Pierce / Matt Pierce,placed on ir with undisclosed injury
2013-08-07,Vikings,,• Nathan Williams (a),placed on ir with undisclosed injury
2013-08-08,Bears,,• Kelvin Hayden,placed on ir with torn left hamstring
2013-08-08,Bengals,,• Larry Black (a),placed on ir with dislocated right ankle
2013-08-08,Broncos,,• Justin Boren,placed on ir with toe injury
2013-08-08,Cowboys,,• Monte Taylor,placed on ir with undisclosed injury
2013-08-08,Eagles,,• Arrelious Benn,placed on ir with torn acl in left knee
2013-08-08,Jets,,• Vidal Hazelton,placed on ir with knee injury
2013-08-08,Steelers,,• Curtis McNeal,placed on ir with undisclosed injury
2013-08-09,Buccaneers,,• Marvin Booker,placed on ir with undisclosed injury
2013-08-09,Chiefs,,• Dustin Waldron,placed on ir with dislocated kneecap
2013-08-09,Colts,,• Justin Anderson (K.),placed on ir with pectoral muscle injury
2013-08-09,Cowboys,,• Jeff Olson,placed on ir
2013-08-09,Dolphins,,• Cameron Marshall,placed on ir with hamstring injury
2013-08-09,Falcons,,• Mike Johnson (P.),"placed on ir with fractured fibula, dislocated ankle in left leg"
2013-08-13,Giants,,• Kris Adams,placed on ir with fractured ankle
2013-08-13,Jets,,• John Griffin (Anthony),placed on ir with undisclosed injury
2013-08-13,Lions,,• Carmen Messina,placed on ir with undisclosed injury
2013-08-13,Patriots,,• Brandon Ford,placed on ir with undisclosed injury
2013-08-13,Redskins,,• Phillip Thomas (b. 1989-03-01),placed on ir with torn lisfranc ligament in left foot
2013-08-13,Steelers,,• Plaxico Burress,placed on ir with torn rotator cuff in right shoulder
2013-08-13,Texans,,• Evan Frierson,placed on ir with undisclosed injury
2013-08-14,Colts,,• Justin Hickman,placed on ir with lisfranc injury in foot
2013-08-14,Colts,,• Quinton Spears,placed on ir with hamstring injury
2013-08-14,Cowboys,,• James Nelson,placed on ir with ankle injury
2013-08-15,Bills,,• Mike Caussin,placed on ir with hip injury
2013-08-15,Patriots,,• Tyronne Green,placed on ir with undisclosed injury
2013-08-19,Bills,,• Kevin Elliott,placed on ir with torn acl in knee
2013-08-19,Chargers,,• Danario Alexander,placed on ir with torn acl in right knee
2013-08-19,Colts,,• Dan Moore,placed on ir with shoulder injury
2013-08-19,Saints,,• Kenyon Coleman,placed on ir with torn pectoral muscle
2013-08-20,Cowboys,,• Alex Albright,placed on ir with back injury
2013-08-20,Cowboys,,• Toby Jackson,placed on ir with undisclosed injury
2013-08-20,Cowboys,,• Travis Chappelear,placed on ir with undisclosed injury
2013-08-20,Dolphins,,• Dustin Keller,"placed on ir with torn acl, mcl, pcl in right knee"
2013-08-20,Lions,,• Cory Greenwood,placed on ir with shoulder injury
2013-08-20,Patriots,,• R.J. Mattes,placed on ir with ankle injury
2013-08-20,Saints,,• A.J. Davis (b),placed on ir with undisclosed injury
2013-08-21,Bills,,• Keith Williams (Phillip),placed on ir with undisclosed injury
2013-08-21,Giants,,• Chris Degeare,placed on ir with torn mcl in knee
2013-08-21,Giants,,• Keith Carlos,placed on ir with undisclosed injury
2013-08-21,Jets,,• Lex Hilliard,placed on ir with shoulder injury
2013-08-21,Raiders,,• Eddy Carmona,placed on ir with undisclosed injury
2013-08-21,Raiders,,• John Wetzel,placed on ir with knee injury
2013-08-22,49ers,,• Darcel McBath,placed on ir with left foot injury
2013-08-24,Panthers,,• Bruce Campbell,placed on ir with rotator cuff injury
2013-08-24,Panthers,,• Kealoha Pilares,placed on ir with knee injury
2013-08-24,Panthers,,• Michael Zordich,placed on ir with torn acl in knee
2013-08-25,Colts,,• Lawrence Sidbury Jr.,placed on ir with shoulder injury
2013-08-26,Browns,,• Dion Lewis,placed on ir with fractured fibula
2013-08-26,Chargers,,• Byron Jerideau,placed on ir with shoulder injury
2013-08-26,Chargers,,• Steve Williams (Dwain),placed on ir with torn pectoral muscle
2013-08-26,Giants,,• Stevie Brown,placed on ir with torn acl in left knee
2013-08-26,Jaguars,,• Jeremy Harris,placed on ir with back injury
2013-08-26,Lions,,• John Drew,placed on ir with undisclosed injury
2013-08-26,Lions,,• Ross Weaver,placed on ir with undisclosed injury
2013-08-26,Panthers,,• Edmund Kugbila,placed on ir with hamstring injury
2013-08-26,Patriots,,• Cory Grissom,placed on ir with knee injury
2013-08-26,Patriots,,• Markus Zusevics,placed on ir with undisclosed injury
2013-08-26,Ravens,,• Adrian Hamilton,placed on ir with wrist injury
2013-08-26,Redskins,,• Keenan Robinson,placed on ir with torn left pectoral muscle
2013-08-26,Seahawks,,• Jesse Williams (b),placed on ir with knee injury
2013-08-26,Steelers,,• Nick Williams (b. 1990-02-21),placed on ir with knee injury
2013-08-27,49ers,,• Chris Culliver,placed on ir with torn acl in knee
2013-08-27,Bengals,,• Sean Porter,placed on ir with shoulder injury
2013-08-27,Broncos,,• Greg Orton (Carlton),placed on ir with ankle injury
2013-08-27,Broncos,,• Quincy McDuffie,placed on ir with hamstring injury
2013-08-27,Broncos,,• Quinton Carter,placed on ir with left knee injury
2013-08-27,Buccaneers,,• Anthony Gaitor,placed on ir with torn acl in knee
2013-08-27,Buccaneers,,• Michael Smith (b. 1988-08-09),placed on ir with foot injury
2013-08-27,Chargers,,• Chris Gronkowski,placed on ir with ankle injury
2013-08-27,Chargers,,• Dan DePalma,placed on ir with shoulder injury
2013-08-27,Chargers,,• Mike Willie,placed on ir with knee injury
2013-08-27,Colts,,• Teddy Williams,placed on ir with undisclosed injury
2013-08-27,Cowboys,,• Ryan Cook,placed on ir with back injury
2013-08-27,Cowboys,,• Tyrone Crawford,placed on ir with achilles tendon injury
2013-08-27,Eagles,,• Eddie Whitley,placed on ir with undisclosed injury
2013-08-27,Giants,,• Laron Scott,placed on ir with hamstring injury
2013-08-27,Packers,,• Bryan Bulaga,placed on ir with torn acl in knee
2013-08-27,Packers,,• DuJuan Harris,placed on ir with knee injury
2013-08-27,Patriots,,• Kamar Aiken,placed on ir with undisclosed injury
2013-08-27,Raiders,,• Alex Parsons,placed on ir with undisclosed injury
2013-08-27,Raiders,,• Brandon Bair,placed on ir with undisclosed injury
2013-08-27,Raiders,,• Joselio Hanson,placed on ir with groin injury
2013-08-27,Raiders,,• Latavius Murray,placed on ir with ankle injury
2013-08-27,Rams,,• Graham Pocic,placed on ir with shoulder injury
2013-08-27,Redskins,,• Jeremy Kimbrough,placed on ir with undisclosed injury
2013-08-27,Redskins,,• Richard Crawford,placed on ir with knee injury
2013-08-27,Redskins,,• Ryan Mouton,placed on ir with hamstring injury
2013-08-27,Saints,,• Chris Chamberlain,placed on ir with knee injury
2013-08-27,Saints,,• Joseph Morgan,placed on ir with knee injury
2013-08-27,Saints,,• Will Smith (a),placed on ir with torn acl in knee
2013-08-27,Steelers,,• DeMarcus Van Dyke,placed on ir with hamstring injury
2013-08-27,Steelers,,• Justin Cheadle,placed on ir with hamstring injury
2013-08-27,Texans,,• Alec Lemon,placed on ir with right hamstring injury
2013-08-27,Titans,,• Greg Jones (K.),placed on ir with undisclosed injury
2013-08-28,49ers,,• Lamar Divens,placed on ir with undisclosed injury
2013-08-28,49ers,,• Lawrence Okoye,placed on ir with knee injury
2013-08-28,Bengals,,• Brandon Joiner,placed on ir with torn acl in knee
2013-08-28,Browns,,• Montario Hardesty,placed on ir with knee injury
2013-08-28,Buccaneers,,• Jacob Cutrera,placed on ir with undisclosed injury
2013-08-28,Colts,,• Nathan Palmer (D.),placed on ir with knee injury
2013-08-28,Eagles,,• Phillip Hunt,placed on ir with torn acl in knee
2013-08-28,Packers,,• Jarvis Reed,placed on ir with ankle injury
2013-08-28,Packers,,• Kevin Dorsey,placed on ir with toe / hamstring injury
2013-08-28,Panthers,,• Frank Kearse,placed on ir with knee injury
2013-08-28,Panthers,,• Joe Adams (b),placed on ir with calf injury
2013-08-28,Patriots,,• Anthony Rashad White,placed on ir with undisclosed injury
2013-08-28,Patriots,,• Brice Schwab,placed on ir with undisclosed injury
2013-08-28,Rams,,• Ryan Lee,placed on ir with knee injury
2013-08-28,Redskins,,• Roddrick Muckelroy,placed on ir with undisclosed injury
2013-08-28,Texans,,• David Hunter,placed on ir with ankle injury
2013-08-28,Texans,,• Michael Smith / Mike Smith (f),placed on ir with knee injury
2013-08-28,Titans,,• Markelle Martin,placed on ir with hamstring injury
2013-08-29,Buccaneers,,• Aaron Morgan,placed on ir with undisclosed injury
2013-08-30,Bills,,• Brad Smith (Alexander),placed on ir with rib injury
2013-08-30,Bills,,• Drew Smith,placed on ir with thumb injury
2013-08-30,Bills,,• Kevin Kolb,placed on ir with concussion
2013-08-30,Cardinals,,• Jonathan Cooper,placed on ir with fractured left leg
2013-08-30,Dolphins,,• Aaron Corp,placed on ir with fractured collarbone
2013-08-30,Eagles,,• Joe Kruger,placed on ir with shoulder injury
2013-08-30,Falcons,,• Andrew Szczerba,placed on ir with undisclosed injury
2013-08-30,Falcons,,• Sean Renfree,placed on ir with shoulder injury
2013-08-30,Ravens,,• D.J. Bryant,placed on ir with knee injury
2013-08-31,Bengals,,• Emmanuel Lamur,placed on ir with shoulder injury
2013-08-31,Broncos,,• Lerentee McCray,placed on ir with ankle injury
2013-08-31,Broncos,,• Quanterus Smith,placed on ir with torn acl in knee
2013-08-31,Broncos,,• Stewart Bradley,placed on ir with wrist injury
2013-08-31,Cardinals,,• Jeff King,placed on ir with knee injury
2013-08-31,Cardinals,,• Ricky Lumpkin,placed on ir with shoulder injury
2013-08-31,Cowboys,,• Matt Johnson (c),placed on ir with foot injury
2013-08-31,Giants,,• Ramses Barden,placed on ir with knee injury
2013-08-31,Lions,,• Michael Williams (b),placed on ir with hand injury
2013-08-31,Patriots,,• Adrian Wilson (Lemar),placed on ir with hamstring injury
2013-08-31,Raiders,,• Tony Bergstrom,placed on ir with foot injury
2013-08-31,Saints,,• Eric Olsen (b. 1988-06-16),placed on ir with undisclosed injury
2013-08-31,Texans,,• Alan Bonner,placed on ir with hamstring injury
2013-08-31,Texans,,• Brennan Williams,placed on ir with knee injury
2013-08-31,Texans,,• Trevardo Williams,placed on ir with right knee injury
2013-08-31,Titans,,• Marc Mariani,placed on ir with shoulder injury
2013-08-31,Vikings,,• Seth Olsen,placed on ir with neck injury
2013-09-01,Bears,,• Brandon Hardin,placed on ir with shoulder injury
2013-09-01,Browns,,• Brandon Bogotay,placed on ir with groin injury
2013-09-01,Chargers,,• Damik Scafe,placed on ir with undisclosed injury
2013-09-01,Chiefs,,• Ricky Henry,placed on ir with biceps injury
2013-09-01,Chiefs,,• Tony Moeaki,placed on ir with shoulder injury
2013-09-01,Colts,,• Daxton Swanson / Dax Swanson,placed on ir with undisclosed injury
2013-09-01,Colts,,• Emmett Cleary,placed on ir with undisclosed injury
2013-09-01,Colts,,• Shawn Loiseau,placed on ir with undisclosed injury
2013-09-01,Cowboys,,• Nate Livings,placed on ir with knee injury
2013-09-01,Dolphins,,• Aaron Corp,placed on ir with collarbone injury
2013-09-01,Dolphins,,• Jeff Adams,placed on ir with undisclosed injury
2013-09-01,Giants,,• Selvish Capers,placed on ir with knee injury
2013-09-01,Jaguars,,• Kevin Rutland,placed on ir with quadriceps injury
2013-09-01,Jets,,• Greg McElroy,placed on ir with knee injury
2013-09-01,Jets,,• Josh Mauga,placed on ir with back injury
2013-09-01,Lions,,• Jon Morgan,placed on ir with shoulder injury
2013-09-01,Lions,,• Martavius Neloms,placed on ir with foot injury
2013-09-01,Panthers,,• Anderson Russell,placed on ir with undisclosed injury
2013-09-01,Panthers,,• D.J. Campbell,placed on ir with leg injury
2013-09-01,Panthers,,• David Gettis,placed on ir with hamstring injury
2013-09-01,Panthers,,• Jimmy Clausen,placed on ir with shoulder injury
2013-09-01,Patriots,,• Chris McDonald (a),placed on ir with undisclosed injury
2013-09-01,Patriots,,• Jermaine Cunningham,placed on ir with undisclosed injury
2013-09-01,Patriots,,• Justin Francis,placed on ir with ankle injury
2013-09-01,Raiders,,• Willie Smith (Junior),placed on ir with back injury
2013-09-01,Rams,,• Ty Nsekhe,placed on ir with undisclosed injury
2013-09-01,Redskins,,• Dezmon Briscoe,placed on ir with shoulder injury
2013-09-01,Titans,,• Brandon Barden,placed on ir with knee injury
2013-09-01,Vikings,,• Bobby Felder,placed on ir with ankle injury
2013-09-01,Vikings,,• D'Aundre Reed,placed on ir with ankle injury
2013-09-02,Eagles,,• Curtis Marsh Jr.,placed on ir with hand injury
2013-09-02,Panthers,,• Haruki Nakamura,placed on ir with concussion
2013-09-02,Ravens,,• LaQuan Williams,placed on ir with hamstring injury
2013-09-03,Browns,,• Jason Pinkston,placed on ir with ankle injury
2013-09-03,Buccaneers,,• Danny Gorrer,placed on ir with groin injury
2013-09-03,Chiefs,,• Sanders Commings,placed on ir with collarbone injury
2013-09-03,Giants,,• Andre Brown (b),placed on ir with fractured leg
2013-09-03,Saints,,• Jonathan Vilma,placed on ir with knee injury
2013-09-03,Steelers,,• Matt Spaeth,placed on ir with foot injury
2013-09-04,Bengals,,• Andrew Hawkins,placed on ir with ankle injury
2013-09-04,Cowboys,,• Eric Frampton,placed on ir with strained left calf
2013-09-04,Lions,,• Montell Owens,placed on ir with knee injury
2013-09-04,Ravens,,• Dennis Pitta,placed on ir recovering from surgery to repair fractured and dislocated hip
2013-09-06,Cowboys,,• Jeff Olson,placed on ir with concussion
2013-09-07,Cowboys,,• Ben Bass,placed on ir with shoulder injury
2013-09-07,Raiders,,• Jared Veldheer,placed on ir with triceps injury
2013-09-07,Titans,,• Quinn Johnson,placed on ir with quadriceps injury
2013-09-10,Patriots,,• Shane Vereen,placed on ir with wrist injury
2013-09-10,Ravens,,• Robert James (William),placed on ir with undisclosed injury
2013-09-10,Steelers,,• LaRod Stephens-Howling,placed on ir with torn acl in right knee
2013-09-10,Steelers,,• Larry Foote,placed on ir with ruptured right biceps
2013-09-10,Steelers,,• Maurkice Pouncey,"placed on ir with torn acl, mcl in right knee"
2013-09-10,Texans,,• David Quessenberry,placed on ir with foot injury
2013-09-11,49ers,,• Nick Moody,placed on ir with right hand injury
2013-09-11,49ers,,• Will Tukuafu,placed on ir with knee injury
2013-09-11,Panthers,,• Garry Williams,placed on ir with left knee injury
2013-09-11,Ravens,,• Aaron Mellette,placed on ir with knee injury
2013-09-12,Giants,,• Dan Connor (Murphy),placed on ir with neck injury
2013-09-13,Colts,,• Vick Ballard,placed on ir with torn acl in right knee
2013-09-14,Jets,,• Mark Sanchez,placed on ir with right shoulder injury
2013-09-16,Rams,,• Matt Daniels,placed on ir with ankle injury
2013-09-17,49ers,,• Ian Williams (f),placed on ir with fractured left ankle
2013-09-17,Colts,,• Donald Thomas,placed on ir with quadriceps injury
2013-09-17,Falcons,,• Bradie Ewing,placed on ir with separated shoulder
2013-09-17,Falcons,,• Kroy Biermann,placed on ir with torn right achilles tendon
2013-09-17,Falcons,,• Sean Weatherspoon,placed on ir with foot injury
2013-09-17,Panthers,,• Charles Godfrey,placed on ir with torn right achilles tendon
2013-09-18,Bengals,,• Robert Geathers (b),placed on ir with elbow injury
2013-09-18,Broncos,,• Ryan Clady,placed on ir with lisfranc injury in left foot
2013-09-18,Eagles,,• Brandon Hughes (b),placed on ir with hamstring / hand injury
2013-09-18,Saints,,• Patrick Robinson (b. 1987-09-07),placed on ir with torn patella tendon in right knee
2013-09-19,Colts,,• Dwayne Allen,placed on ir with hip injury
2013-09-20,Seahawks,,• Russell Okung,placed on ir with toe injury
2013-09-23,Bills,,• Alex Carrington,placed on ir with torn left quadriceps
2013-09-23,Buccaneers,,• Luke Stocker,placed on ir with hip injury
2013-09-23,Cardinals,,• Lorenzo Alexander,placed on ir with right foot injury
2013-09-23,Cardinals,,• Sam Acho,placed on ir with fractured fibula in left leg
2013-09-23,Lions,,• Jason Jones (Duane),placed on ir with left knee injury
2013-09-23,Raiders,,• David Ausberry,placed on ir with shoulder injury
2013-09-23,Vikings,,• Zach Line,placed on ir with knee injury
2013-09-24,Dolphins,,• Vaughn Martin,placed on ir with undisclosed injury
2013-09-25,Cardinals,,• Alex Okafor,placed on ir with torn biceps tendon
2013-09-25,Cowboys,,• Anthony Spencer,placed on ir with recovering from microfracture surgery on left knee
2013-09-25,Giants,,• Henry Hynoski Jr.,placed on ir with shoulder injury
2013-09-27,Bears,,• Henry Melton,placed on ir with torn acl in left knee
2013-09-27,Rams,,• T.J. McDonald,placed on ir / physically unable to perform list with right leg injury
2013-10-01,Buccaneers,,• Nate Byham,"placed on ir with knee, calf injury"
2013-10-02,Cardinals,,• Vic So'oto,placed on ir with chest injury
2013-10-02,Chargers,,• Dwight Freeney,placed on ir with torn quadriceps
2013-10-02,Chargers,,• Malcom Floyd,placed on ir with sprained neck
2013-10-03,Patriots,,• Vince Wilfork,placed on ir with torn achilles tendon
2013-10-04,Giants,,• Chris Snee,placed on ir with hip injury
2013-10-05,Giants,,• Aaron Ross,placed on ir with back injury
2013-10-07,Bills,,• Dustin Hopkins,placed on ir with right groin injury
2013-10-07,Packers,,• Robert Francois / Rob Francois,placed on ir with achilles injury
2013-10-08,Jaguars,,• Allen Reisner,placed on ir with knee injury
2013-10-08,Jaguars,,• Dwight Lowery,placed on ir with concussion
2013-10-08,Jaguars,,• Luke Joeckel,placed on ir with ankle injury
2013-10-09,Bears,,• Nate Collins,placed on ir with torn acl in left knee
2013-10-09,Colts,,• Ahmad Bradshaw,placed on ir with neck injury
2013-10-09,Jets,,• Antwan Barnes,placed on ir with knee injury
2013-10-09,Texans,,• Owen Daniels,placed on ir with right fibula injury
2013-10-10,Chargers,,• Michael Harris / Mike Harris (Cory),placed on ir with ankle injury
2013-10-10,Falcons,,• Julio Jones,placed on ir with foot injury
2013-10-11,Steelers,,• Da'Mon Cromartie-Smith,placed on ir with hip injury
2013-10-12,Browns,,• Brian Hoyer,placed on ir with knee injury
2013-10-12,Chiefs,,• Travis Kelce,placed on ir with right knee injury
2013-10-14,Bills,,• Jonathan Meeks,placed on ir with ankle injury
2013-10-15,Buccaneers,,• Rashaan Melvin,placed on ir with hamstring injury
2013-10-15,Jets,,• Edmond Gates / Clyde Gates,placed on ir with shoulder injury
2013-10-15,Jets,,• Mike Goodson,placed on ir with knee injury
2013-10-15,Packers,,• Greg Van Roten,placed on ir with foot injury
2013-10-15,Packers,,• Randall Cobb,placed on ir with fractured fibula
2013-10-15,Redskins,,• Bryan Kehl,placed on ir with knee injury
2013-10-15,Redskins,,• Nick Sundberg,placed on ir with knee injury
2013-10-15,Steelers,,• David Johnson (b. 1987-08-26),placed on ir with left wrist injury
2013-10-15,Steelers,,• Levi Brown (James),placed on ir with right triceps injury
2013-10-16,Giants,,• Da'Rel Scott,placed on ir with hamstring injury
2013-10-16,Panthers,,• Amini Silatolu,placed on ir with torn acl in right knee
2013-10-16,Patriots,,• Jerod Mayo,placed on ir with torn pectoral muscle
2013-10-16,Texans,,• A.J. Bouye,placed on ir with right hamstring injury
2013-10-16,Texans,,• Danieal Manning,placed on ir with right knee injury
2013-10-17,Vikings,,• Desmond Bishop,placed on ir with torn acl in left knee
2013-10-18,Bears,,• Genos Williams / D.J. Williams,placed on ir with torn pectoral muscle
2013-10-18,Browns,,• Josh Aubrey,placed on ir with ankle injury
2013-10-18,Cowboys,,• Edgar Jones (Devon),placed on ir with groin injury
2013-10-18,Vikings,,• Harrison Smith (J.),placed on ir with toe injury
2013-10-22,Colts,,• Reggie Wayne,placed on ir with torn acl in right knee
2013-10-22,Seahawks,,• Spencer Ware,placed on ir with ankle injury
2013-10-23,Rams,,• Sam Bradford,placed on ir with torn acl in left knee
2013-10-24,Giants,,• David Baas,placed on ir with knee injury
2013-10-28,Buccaneers,,• Mike Williams (Anthony),placed on ir with hamstring injury
2013-10-28,Texans,,• Brian Cushing,placed on ir with fractured left leg
2013-10-29,Bengals,,• Leon Hall (b),placed on ir with torn right achilles tendon
2013-10-29,Dolphins,,• Brandon Gibson,placed on ir with torn patellar tendon in left knee
2013-10-29,Patriots,,• Sebastian Vollmer,placed on ir with fractured right leg
2013-10-30,Bengals,,• Taylor Mays,placed on ir with dislocated right shoulder
2013-10-30,Browns,,• Travis Benjamin,placed on ir with torn acl in right knee
2013-10-30,Seahawks,,• Sidney Rice,placed on ir with torn acl in knee
2013-10-30,Titans,,• Robert Turner / Rob Turner,placed on ir with shoulder injury
2013-10-31,Lions,,• Ryan Broyles,placed on ir with torn right achilles tendon
2013-11-02,Cowboys,,• Brian Waters,placed on ir with triceps injury
2013-11-02,Patriots,,• Tommy Kelly,placed on ir with knee injury
2013-11-04,Bengals,,• Geno Atkins,placed on ir with torn acl in right knee
2013-11-05,Bears,,• Joe Anderson,placed on ir with abdominal/groin injury
2013-11-05,Packers,,• Jermichael Finley,placed on ir with bruised spinal cord
2013-11-05,Packers,,• Sam Barrington,placed on ir with hamstring injury
2013-11-05,Panthers,,• Jeff Byers,placed on ir with lisfranc injury in foot
2013-11-06,Buccaneers,,• Jeff Demps,placed on ir with groin injury
2013-11-06,Saints,,• Jonathan Vilma,placed on ir with knee injury
2013-11-06,Steelers,,• Sean Spence,placed on ir with knee injury
2013-11-07,Giants,,• David Wilson (Emmanuel),placed on ir with neck injury
2013-11-07,Giants,,• Shaun Rogers,placed on ir with knee injury
2013-11-08,Buccaneers,,• Doug Martin (Matthewbaran),placed on ir with torn labrum in left shoulder
2013-11-08,Ravens,,• Kelechi Osemele,placed on ir with surgery on back
2013-11-11,Bears,,• Charles Tillman,placed on ir with triceps injury
2013-11-11,Bengals,,• Aston Whiteside,placed on ir with ankle injury
2013-11-11,Browns,,• Quentin Groves,placed on ir with ankle injury
2013-11-12,Packers,,• Seneca Wallace,placed on ir with groin injury
2013-11-12,Redskins,,• Chris Thompson (b. 1990-10-20),placed on ir with shoulder injury
2013-11-12,Texans,,• Arian Foster,placed on ir with back injury
2013-11-12,Titans,,• Jake Locker,placed on ir with lisfranc injury in foot
2013-11-13,Buccaneers,,• Mike James (b. 1991-04-13),placed on ir with fractured left ankle
2013-11-13,Chargers,,• Larry English,placed on ir with pectoral muscle injury
2013-11-13,Colts,,• Larry Asante,placed on ir with hamstring injury
2013-11-13,Falcons,,• Sam Baker (b),placed on ir with left knee injury
2013-11-13,Panthers,,• James Dockery,placed on ir with torn labrum in left shoulder
2013-11-16,Dolphins,,• Will Yeatman,placed on ir with torn acl in knee
2013-11-18,Buccaneers,,• Michael Adams (Wayne),placed on ir with knee injury
2013-11-18,Titans,,• Tommie Campbell,placed on ir with shoulder injury
2013-11-19,Broncos,,• Rahim Moore (Sr.),placed on ir with leg injury
2013-11-19,Cardinals,,• Teddy Williams,placed on ir with torn left achilles tendon
2013-11-19,Jets,,• Konrad Reuland,placed on ir with knee injury
2013-11-19,Lions,,• Montell Owens,placed on ir with knee injury
2013-11-19,Saints,,• Jabari Greer,placed on ir with torn acl in left knee
2013-11-20,Browns,,• Armanti Edwards,placed on ir with ankle injury
2013-11-20,Raiders,,• D.J. Hayden,placed on ir with groin injury
2013-11-21,Redskins,,• Leonard Hankerson,"placed on ir with torn acl, lcl in left knee"
2013-11-22,Chiefs,,• Kyle Williams (Steven),placed on ir with torn acl in knee
2013-11-23,Jaguars,,• Stephen Williams (Jacob),placed on ir with achilles tendon injury
2013-11-23,Packers,,• Casey Hayward Jr.,placed on ir with hamstring injury
2013-11-23,Packers,,• James Nixon (A.),placed on ir with knee injury
2013-11-23,Raiders,,• Juron Criner,placed on ir with shoulder injury
2013-11-23,Rams,,• Brady Quinn,placed on ir with hip injury
2013-11-23,Rams,,• Cortland Finnegan,placed on ir with eye injury
2013-11-26,Colts,,• Delano Howell,placed on ir with foot injury
2013-11-26,Giants,,• Jim Cordle,placed on ir with knee injury
2013-11-26,Jets,,• Troy Davis (Michael),placed on ir with chest injury
2013-11-26,Redskins,,• Stephen Bowen,placed on ir with right knee injury
2013-11-26,Steelers,,• Curtis Brown (Jamall),placed on ir with torn acl in left knee
2013-11-27,Broncos,,• Kevin Vickerson,placed on ir with hip injury
2013-11-27,Buccaneers,,• Tom Crabtree,placed on ir with torn biceps
2013-11-27,Packers,,• Johnathan Franklin,"placed on ir with concussion, neck injury"
2013-11-30,Chiefs,,• Sanders Commings,placed on ir with shoulder injury
2013-11-30,Steelers,,• Fernando Velasco,placed on ir with achilles injury
2013-12-03,Bengals,,• Clint Boling,placed on ir with torn acl in right knee
2013-12-03,Browns,,• Brandon Magee,placed on ir with pectoral muscle injury
2013-12-03,Browns,,• Chris Owens (Todd Dillard),placed on ir with knee injury
2013-12-03,Colts,,• Daniel Herron / Dan Herron / Boom Herron,placed on ir with torn pectoral muscle
2013-12-03,Colts,,• Mario Harvey,placed on ir with undisclosed injury
2013-12-03,Jets,,• Josh Cribbs,placed on ir with torn pectoral muscle
2013-12-03,Titans,,• Collin Mooney,placed on ir with knee injury
2013-12-04,Buccaneers,,• Jonathan Casillas,placed on ir with knee injury
2013-12-04,Cowboys,,• Lance Dunbar,placed on ir with left knee injury
2013-12-04,Redskins,,• Maurice Hurt,placed on ir with knee injury
2013-12-07,Raiders,,• Kaluka Maiava,placed on ir with rib injury
2013-12-07,Raiders,,• Usama Young,placed on ir with neck injury
2013-12-09,Colts,,• Chris Rainey,placed on ir with fractured leg/ankle
2013-12-09,Jaguars,,• Justin Forsett,placed on ir with foot injury
2013-12-09,Jaguars,,• Stephen Burton,placed on ir with concussion
2013-12-09,Patriots,,• Rob Gronkowski,"placed on ir with torn acl, mcl in right knee"
2013-12-09,Vikings,,• Kyle Rudolph,placed on ir with fractured left foot
2013-12-10,49ers,,• Cornellius Carradine / Tank Carradine,placed on ir with knee injury
2013-12-10,Cardinals,,• Tyrann Mathieu,"placed on ir with torn acl, lcl in left knee"
2013-12-10,Dolphins,,• Dimitri Patterson,placed on ir with groin injury
2013-12-10,Dolphins,,• R.J. Stanford,placed on ir with fractured right fibula
2013-12-10,Packers,,• Myles White,placed on ir with undisclosed injury
2013-12-10,Ravens,,• Brandon Stokley,placed on ir with concussion
2013-12-10,Redskins,,• Evan Royster,placed on ir with ankle injury
2013-12-11,Giants,,• Brandon Jacobs,placed on ir with knee injury
2013-12-11,Rams,,• Scott Wells,placed on ir with fractured fibula
2013-12-11,Saints,,• Victor Butler,placed on ir with knee injury
2013-12-11,Seahawks,,• Jeron Johnson,placed on ir with hamstring injury
2013-12-13,Jets,,• Stephen Hill,placed on ir with knee injury
2013-12-14,Raiders,,• Tyvon Branch,placed on ir with ankle injury
2013-12-14,Vikings,,• Josh Robinson (b. 1991-01-08),placed on ir with chest injury
2013-12-16,Jaguars,,• Michael Brewster / Mike Brewster,placed on ir with fractured left ankle
2013-12-17,Bengals,,• Kevin Huber,placed on ir with fractured jaw
2013-12-17,Buccaneers,,• Russell Shepard,placed on ir with toe injury
2013-12-17,Chargers,,• Johnny Patrick,placed on ir with ankle injury
2013-12-17,Colts,,• Pat Angerer,placed on ir with knee injury
2013-12-17,Cowboys,,• Justin Durant,placed on ir with hamstring injury
2013-12-17,Giants,,• Corey Webster,placed on ir with groin injury
2013-12-17,Jaguars,,• Cecil Shorts III,placed on ir with groin injury
2013-12-17,Jaguars,,• Will Rackley,placed on ir with concussion
2013-12-17,Steelers,,• LaMarr Woodley,placed on ir with right calf injury
2013-12-18,49ers,,• Bruce Miller (William),placed on ir with fractured scapula in shoulder
2013-12-18,Jaguars,,• Russell Allen (b. 1986-05-05),placed on ir with concussion
2013-12-18,Texans,,• Ben Tate (b),placed on ir with rib injury
2013-12-18,Titans,,• Coty Sensabaugh,placed on ir with foot injury
2013-12-20,Cowboys,,• Jamar Newsome,placed on ir with undisclosed injury
2013-12-20,Jaguars,,• Jeremy Ebert,placed on ir with ankle injury
2013-12-20,Redskins,,• Jordan Reed,placed on ir with concussion
2013-12-21,Packers,,• Brandon Bostick,placed on ir with foot injury
2013-12-21,Packers,,• Johnny Jolly,placed on ir with neck injury
2013-12-21,Vikings,,• John Carlson,placed on ir with concussion
2013-12-23,Chargers,,• John Phillips (Matthew),placed on ir with right knee injury
2013-12-23,Jaguars,,• Brandon Deaderick,placed on ir with elbow injury
2013-12-23,Jaguars,,• Roy Miller III,placed on ir with shoulder injury
2013-12-24,Broncos,,• Von Miller,placed on ir with torn acl in right knee
2013-12-24,Colts,,• Montori Hughes,placed on ir with knee injury
2013-12-24,Falcons,,• Zeke Motta,placed on ir with neck injury
2013-12-24,Redskins,,• Nick Barnett,placed on ir with torn mcl in left knee
2013-12-24,Texans,,• Deji Karim,placed on ir with fractured left collarbone
2013-12-24,Texans,,• Johnathan Joseph,placed on ir with left toe injury
2013-12-25,Giants,,• Cooper Taylor,placed on ir with hamstring injury
2013-12-25,Lions,,• Brandon Pettigrew,placed on ir with ankle injury
2013-12-25,Rams,,• Jake Long,"placed on ir with torn acl, mcl in knee"
2013-12-25,Saints,,• Kenny Vaccaro,placed on ir with ankle injury
2013-12-26,Buccaneers,,• Da'Quan Bowers,placed on ir with knee injury
2013-12-26,Falcons,,• Corey Peters,placed on ir with achilles injury
2013-12-26,Lions,,• Dorin Dickerson,placed on ir with concussion
2013-12-27,49ers,,• Mario Manningham,placed on ir with left knee injury
2013-12-27,Bills,,• Aaron Williams (b),placed on ir with rib injury
2013-12-27,Cowboys,,• Tony Romo (Ramiro),placed on ir with surgery on back
2013-12-27,Lions,,• Israel Idonije,placed on ir with neck injury
2013-12-27,Texans,,• Brad Smelley,placed on ir with calf injury
2013-12-27,Texans,,• Garrett Graham,placed on ir with hamstring injury
2013-12-27,Vikings,,• Audie Cole,placed on ir with ankle injury
2013-12-30,Bengals,,• (E.) Alex Smith,placed on ir with dislocated wrist
2013-12-30,Bengals,,• Devon Still,placed on ir with herniated disc in back
2013-12-31,Chiefs,,• James-Michael Johnson,placed on ir with ankle injury
2014-01-02,Patriots,,• Austin Collie,placed on ir with ankle injury
2014-01-02,Patriots,,• Josh Boyce,placed on ir with ankle injury
2014-01-06,Colts,,• Fili Moala,placed on ir with knee injury
2014-01-06,Colts,,• Greg Toler,placed on ir with groin injury
2014-01-06,Patriots,,• Brandon Spikes,placed on ir with knee injury
2014-01-07,Saints,,• Parys Haralson,placed on ir with torn pectoral muscle
2014-01-14,Broncos,,• Chris Harris Jr.,placed on ir with torn acl in knee
2014-01-14,Broncos,,• Derek Wolfe,placed on ir with illness
2014-05-14,Vikings,,• Josh Samuda,placed on ir with ankle injury
2014-05-16,Vikings,,• Josh Samuda,placed on ir
2014-05-20,Broncos,,• John Youboty,placed on ir with achilles injury
2014-05-20,Browns,,• Andre Smith (Phillip),placed on ir with undisclosed injury
2014-05-20,Browns,,• Josh Cooper (b. 1989-01-08),placed on ir with undisclosed injury
2014-05-20,Texans,,• Chris Martin (b. 1990-01-04),placed on ir with undisclosed injury
2014-05-21,Titans,,• Eric Ward (b),placed on ir with undisclosed injury
2014-05-22,Chargers,,• Tobais Palmer,placed on ir with undisclosed injury
2014-05-22,Cowboys,,• Marvin Robinson,placed on ir with knee injury
2014-05-28,49ers,,• Luke Marquardt,placed on ir with fractured foot
2014-05-28,Cowboys,,• Evan Wilson,placed on ir with undisclosed injury
2014-05-28,Cowboys,,• Jarrod Pughsley,placed on ir with biceps injury
2014-05-30,Giants,,• Stephen Goodin,placed on ir
2014-06-05,Titans,,• Josh Stewart,placed on ir with achilles injury
2014-06-06,Chiefs,,• Risean Broussard,placed on ir with knee injury
2014-06-11,Colts,,• Fili Moala,placed on ir with torn acl in right knee
2014-06-12,Cowboys,,• Jocquel Skinner,placed on ir with knee injury
2014-06-13,Colts,,• Corey Lynch,placed on ir with undisclosed injury
2014-06-13,Vikings,,• Lestar Jean,placed on ir with undisclosed injury
2014-06-16,Falcons,,• Sean Weatherspoon,placed on ir with ruptured achilles tendon
2014-06-16,Titans,,• James Gayle,placed on ir with shoulder injury
2014-06-23,Ravens,,• Xavius Boyd,placed on ir with hamstring injury
2014-06-24,Saints,,• A.J. Davis (b),placed on ir with undisclosed injury
2014-06-27,Cowboys,,• Tyronne Green,placed on ir with calf injury
2014-07-01,Cowboys,,• Sean Lee,placed on ir with torn acl in knee
2014-07-23,Bills,,• Darrin Kitchens,placed on ir with left leg injury
2014-07-24,Ravens,,• Aaron Ross,placed on ir with achilles tendon injury
2014-07-25,Bills,,• Brandon Smith (c),placed on ir with undisclosed injury
2014-07-25,Panthers,,• Edmund Kugbila,placed on ir with back injury
2014-07-25,Seahawks,,• Jared Smith,placed on ir with undisclosed injury
2014-07-27,Colts,,• Aaron Morgan,placed on ir with undisclosed injury
2014-07-27,Rams,,• Jamaine Sherman,placed on ir with hamstring injury
2014-07-28,Patriots,,• Greg Orton (Carlton),placed on ir with achilles injury
2014-07-28,Texans,,• Alan Bonner,placed on ir with fractured foot
2014-07-28,Texans,,• Cody White (b. 1988-07-01),placed on ir with achilles injury
2014-07-29,Lions,,• Kalonji Kashama,placed on ir with undisclosed injury
2014-07-29,Seahawks,,• Taylor Price,placed on ir with hamstring injury
2014-07-30,49ers,,• Fouimalo Fonoti / Fou Fonoti,placed on ir with leg injury
2014-07-30,Dolphins,,• Davonte Wallace,placed on ir with undisclosed injury
2014-07-30,Steelers,,• David Snow,placed on ir with foot injury
2014-07-31,Colts,,• Donald Thomas,placed on ir with right quadriceps injury
2014-07-31,Redskins,,• Courtney Bridget Jr.,placed on ir with shoulder injury
2014-07-31,Seahawks,,• Anthony McCoy,placed on ir with torn left achilles tendon
2014-08-01,Giants,,• Troy Kropog,placed on ir with foot injury
2014-08-01,Lions,,• Cody Wilson,placed on ir with undisclosed injury
2014-08-02,Dolphins,,• Tariq Edwards,placed on ir with knee injury
2014-08-02,Giants,,• Travis Howard,placed on ir with knee injury
2014-08-02,Seahawks,,• Jesse Williams (b),placed on ir with knee injury
2014-08-02,Texans,,• Bryan Witzmann,placed on ir with undisclosed injury
2014-08-03,Cowboys,,• Darius Morris,placed on ir with undisclosed injury
2014-08-03,Jaguars,,• Damian Copeland,placed on ir with wrist injury
2014-08-03,Jaguars,,• John Lotulelei,placed on ir with knee injury
2014-08-03,Jaguars,,• Jordan Miller (b. 1988-02-01),placed on ir with knee injury
2014-08-03,Jets,,• Brandon Hardin,placed on ir with undisclosed injury
2014-08-04,Colts,,• Brandon Burton,placed on ir with undisclosed injury
2014-08-04,Redskins,,• Jerry Rice Jr.,placed on ir with shoulder injury
2014-08-05,49ers,,• Kendall Hunter,placed on ir with torn acl in right knee
2014-08-05,Buccaneers,,• David Gettis,placed on ir with shoulder injury
2014-08-05,Cowboys,,• Brian Clarke (b),placed on ir with undisclosed injury
2014-08-05,Giants,,• David Wilson (Emmanuel),placed on ir with neck injury
2014-08-05,Jets,,• Jermaine Cunningham,placed on ir with achilles injury
2014-08-06,Saints,,• Steve Hull,placed on ir with undisclosed injury
2014-08-06,Seahawks,,• Dion Bailey,placed on ir with undisclosed injury
2014-08-06,Titans,,• Dorin Dickerson,placed on ir with quadriceps injury
2014-08-07,Buccaneers,,• Jeremy Grable,placed on ir with undisclosed injury
2014-08-07,Buccaneers,,• Mycal Swaim,placed on ir with undisclosed injury
2014-08-07,Cowboys,,• Dashaun Phillips,placed on ir with hamstring injury
2014-08-07,Jaguars,,• Nathan Slaughter,placed on ir with sprained left foot
2014-08-07,Steelers,,• Danny Coale,placed on ir with fractured finger
2014-08-08,Jaguars,,• Reggie Jordan,placed on ir with hamstring injury
2014-08-08,Raiders,,• Marshall McFadden,placed on ir with hip flexor injury
2014-08-08,Raiders,,• Shelton Johnson,placed on ir with undisclosed injury
2014-08-11,49ers,,• Chuck Jacobs,placed on ir with torn acl in knee
2014-08-11,Chiefs,,• Dezman Moses,placed on ir with elbow injury
2014-08-11,Colts,,• Daniel Adongo,placed on ir with biceps injury
2014-08-11,Colts,,• Jeris Pendleton,placed on ir with torn acl in knee
2014-08-11,Cowboys,,• Ben Malena,placed on ir with quadriceps injury
2014-08-11,Seahawks,,• Mike Taylor (b. 1989-10-07),placed on ir with undisclosed injury
2014-08-12,Rams,,• Mason Brodine,placed on ir with ankle injury
2014-08-13,49ers,,• Blake Costanzo,placed on ir with undisclosed injury
2014-08-13,Dolphins,,• Pat Devlin,placed on ir with hamstring injury
2014-08-13,Jets,,• Tim Fugger,placed on ir with ankle injury
2014-08-14,Patriots,,• Matt Stankiewitch,placed on ir with wrist injury
2014-08-14,Patriots,,• Terrence Miller,placed on ir with undisclosed injury
2014-08-15,Bears,,• Zach Miller (Scott),placed on ir with foot injury
2014-08-15,Buccaneers,,• Jibreel Black,placed on ir with undisclosed injury
2014-08-15,Cowboys,,• Korey Lindsey,placed on ir with hand injury
2014-08-18,Falcons,,• Sam Baker (b),placed on ir with torn patellar tendon in right knee
2014-08-18,Jaguars,,• Bradie Ewing,placed on ir with wrist injury
2014-08-19,Chargers,,• Damik Scafe,placed on ir with hip injury
2014-08-19,Steelers,,• Bryant Browning,placed on ir with shoulder injury
2014-08-19,Vikings,,• Dom DeCicco,placed on ir with hip injury
2014-08-20,Bills,,• Stevenson Sylvester,placed on ir with torn patellar tendon in knee
2014-08-20,Cardinals,,• Darnell Dockett,placed on ir with torn acl in right knee
2014-08-20,Jets,,• Dexter McDougle,placed on ir with torn acl in knee
2014-08-20,Jets,,• Shaquelle Evans / Shaq Evans,placed on ir with shoulder injury
2014-08-20,Packers,,• Colt Lyerla,"placed on ir with torn mcl, pcl in right knee"
2014-08-21,Broncos,,• Greg Latta (b),placed on ir with hip injury
2014-08-21,Jaguars,,• Fendi Onobun,placed on ir with knee/quadriceps injury
2014-08-21,Raiders,,• Jeremy Deering,placed on ir with undisclosed injury
2014-08-21,Rams,,• Isaiah Pead,placed on ir with torn acl in knee
2014-08-21,Redskins,,• Mike Caussin,placed on ir with knee injury
2014-08-22,Colts,,• Shawn Loiseau,placed on ir with undisclosed injury
2014-08-24,Falcons,,• Mike Johnson (P.),placed on ir with foot injury
2014-08-25,Broncos,,• Jamar Chaney,placed on ir with undisclosed injury
2014-08-25,Broncos,,• Jordan Norwood,placed on ir with torn acl in left knee
2014-08-25,Chiefs,,• Sanders Commings,placed on ir with fractured ankle
2014-08-25,Dolphins,,• Jalil Brown,placed on ir with undisclosed injury
2014-08-25,Falcons,,• Marquis Spruill,placed on ir with torn acl in knee
2014-08-25,Lions,,• Dejon Gomes,placed on ir with neck injury
2014-08-25,Ravens,,• Brent Urban,placed on ir with knee injury
2014-08-25,Ravens,,• Kapron Lewis-Moore,placed on ir with achilles injury
2014-08-25,Ravens,,• Will Rackley,placed on ir with concussion
2014-08-25,Texans,,• Lonnie Ballentine,placed on ir with undisclosed injury
2014-08-26,Broncos,,• Chase Vaughn,placed on ir with knee injury
2014-08-26,Browns,,• Darius Eubanks,placed on ir with shoulder injury
2014-08-26,Browns,,• Jonathan Krause,placed on ir with knee injury
2014-08-26,Browns,,• Michael Bowie,placed on ir with left shoulder injury
2014-08-26,Browns,,• Randall Harris,placed on ir with knee injury
2014-08-26,Buccaneers,,• Danny Gorrer,placed on ir with undisclosed injury
2014-08-26,Chargers,,• Kwame Geathers,placed on ir with left knee injury
2014-08-26,Chargers,,• Marcus Cromartie,placed on ir with groin injury
2014-08-26,Chargers,,• Ricky Tjong-A-Tjoe,placed on ir with torn acl in right knee
2014-08-26,Colts,,• Deji Karim,placed on ir with ankle injury
2014-08-26,Colts,,• Ulrick John,placed on ir with fractured right ankle
2014-08-26,Colts,,• Vick Ballard,placed on ir with torn left achilles tendon
2014-08-26,Cowboys,,• Ben Gardner,placed on ir with shoulder injury
2014-08-26,Dolphins,,• A.J. Francis,placed on ir with knee injury
2014-08-26,Dolphins,,• Arthur Lynch,placed on ir with back injury
2014-08-26,Dolphins,,• Mike Gillislee,placed on ir with hamstring injury
2014-08-26,Giants,,• Cooper Taylor,placed on ir with left foot injury
2014-08-26,Giants,,• Marcus Harris (b. 1989-03-01),placed on ir with hip injury
2014-08-26,Jaguars,,• David Carter (b. 1987-12-10),placed on ir with undisclosed injury
2014-08-26,Jaguars,,• Deion Belue,placed on ir with undisclosed injury
2014-08-26,Packers,,• B.J. Raji,placed on ir with torn right biceps
2014-08-26,Packers,,• Don Barclay,placed on ir with torn acl in knee
2014-08-26,Packers,,• Jared Abbrederis,placed on ir with torn acl in right knee
2014-08-26,Panthers,,• Kevin Matthews,placed on ir with knee injury
2014-08-26,Panthers,,• Matt Blanchard,placed on ir with concussion
2014-08-26,Patriots,,• Cameron Gordon,placed on ir with undisclosed injury
2014-08-26,Patriots,,• Tyler Gaffney,placed on ir with knee injury
2014-08-26,Raiders,,• Nick Kasa,placed on ir with torn acl in left knee
2014-08-26,Rams,,• Demetrius Rhaney,placed on ir with knee injury
2014-08-26,Rams,,• Pat Schiller,placed on ir with undisclosed injury
2014-08-26,Rams,,• Sam Bradford,placed on ir with torn acl in left knee
2014-08-26,Ravens,,• Brett Van Sloten,placed on ir with knee injury
2014-08-26,Ravens,,• Shaun Chapas,placed on ir with shoulder injury
2014-08-26,Saints,,• Andy Tanner,placed on ir with undisclosed injury
2014-08-26,Saints,,• Ty Nsekhe,placed on ir with undisclosed injury
2014-08-26,Saints,,• Tyrequek Zimmerman / Ty Zimmerman,placed on ir with undisclosed injury
2014-08-26,Seahawks,,• A.J. Jefferson (Ray),placed on ir with ankle injury
2014-08-26,Seahawks,,• C.J. Davis,placed on ir with calf injury
2014-08-26,Seahawks,,• Heath Farwell,placed on ir with groin injury
2014-08-26,Titans,,• Colin McCarthy,placed on ir with surgery on left shoulder
2014-08-26,Vikings,,• Mistral Raymond,placed on ir with hamstring injury
2014-08-27,Bengals,,• J.K. Schaffer,placed on ir with concussion
2014-08-27,Bengals,,• Lavelle Westbrooks,placed on ir with thumb injury
2014-08-27,Buccaneers,,• Matt Patchan (b),placed on ir with undisclosed injury
2014-08-27,Chiefs,,• Damond Smith,placed on ir with undisclosed injury
2014-08-27,Chiefs,,• Ryan McKee,placed on ir with knee injury
2014-08-27,Cowboys,,• DeVonte Holloman,placed on ir with neck injury
2014-08-27,Cowboys,,• Johnny Thomas (b),placed on ir with undisclosed injury
2014-08-27,Cowboys,,• Jordan Najvar,placed on ir with achilles injury
2014-08-27,Cowboys,,• Justin Green,placed on ir with shoulder injury
2014-08-27,Cowboys,,• Matt Johnson (c),placed on ir with hamstring injury
2014-08-27,Dolphins,,• John Potter,placed on ir with hip injury
2014-08-27,Giants,,• Emmanuel Dieke,placed on ir with knee injury
2014-08-27,Giants,,• Justin Anderson (b),placed on ir with hamstring injury
2014-08-27,Packers,,• Andrew Tiller,placed on ir with calf injury
2014-08-27,Packers,,• Joe Thomas (Lewis),placed on ir with knee injury
2014-08-27,Packers,,• Rajion Neal,placed on ir with knee injury
2014-08-27,Panthers,,• D.C. Jefferson,placed on ir with ankle injury
2014-08-27,Raiders,,• Greg Jenkins,placed on ir with undisclosed injury
2014-08-27,Raiders,,• Kory Sheets,placed on ir with torn left achilles tendon
2014-08-27,Raiders,,• Larry Asante,placed on ir with undisclosed injury
2014-08-27,Seahawks,,• David Gilreath,placed on ir with undisclosed injury
2014-08-27,Seahawks,,• Horace Miller,placed on ir with knee injury
2014-08-27,Seahawks,,• Mic'hael Brooks / Michael Brooks (Goubron),placed on ir with undisclosed injury
2014-08-27,Steelers,,• Devin Smith (b. 1990-08-08),placed on ir with hamstring injury
2014-08-27,Texans,,• Anthony McClung,placed on ir with undisclosed injury
2014-08-27,Texans,,• Paul Hazel,placed on ir with undisclosed injury
2014-08-27,Titans,,• Gabe Ikard,placed on ir with knee injury
2014-08-29,Bills,,• Bobby Felder,placed on ir with groin injury
2014-08-29,Bills,,• Mario Butler,placed on ir with ankle injury
2014-08-29,Bills,,• Tony Moeaki,placed on ir with hamstring injury
2014-08-29,Steelers,,• Jordan Zumwalt,placed on ir with groin injury
2014-08-30,49ers,,• Kenneth Acker,placed on ir with undisclosed injury
2014-08-30,49ers,,• Will Tukuafu,placed on ir with concussion
2014-08-30,Bengals,,• Trey Hopkins,placed on ir with fibula injury
2014-08-30,Broncos,,• Kenny Anunike,placed on ir with undisclosed injury
2014-08-30,Browns,,• Isaiah Trufant,placed on ir with knee injury
2014-08-30,Cardinals,,• Eddie Whitley,placed on ir with fractured foot
2014-08-30,Chiefs,,• Kyle Williams (Steven),placed on ir with shoulder injury
2014-08-30,Chiefs,,• Tyler Bray (Ian),placed on ir with knee injury
2014-08-30,Cowboys,,• Demarcus Lawrence,placed on ir with foot injury
2014-08-30,Dolphins,,• Kamal Johnson,placed on ir with undisclosed injury
2014-08-30,Eagles,,• Arrelious Benn,placed on ir with back injury
2014-08-30,Eagles,,• Travis Long,placed on ir with torn acl in knee
2014-08-30,Giants,,• Mario Manningham,placed on ir with calf injury
2014-08-30,Giants,,• Trindon Holliday,placed on ir with hamstring injury
2014-08-30,Jaguars,,• Rashaad Reynolds,placed on ir with hand injury
2014-08-30,Jaguars,,• Tandon Doss,placed on ir with ankle injury
2014-08-30,Packers,,• Khyri Thornton,placed on ir with hamstring injury
2014-08-30,Packers,,• Nathan Palmer (b) / Nate Palmer,placed on ir with knee injury
2014-08-30,Patriots,,• James Morris (b. 1991-11-20),placed on ir with knee injury
2014-08-30,Ravens,,• Jeremy Butler,placed on ir with shoulder injury
2014-08-30,Redskins,,• Chris Neild,placed on ir with knee injury
2014-08-30,Redskins,,• Darryl Sharpton,placed on ir with ankle injury
2014-08-30,Seahawks,,• D'Anthony Smith,placed on ir with biceps injury
2014-08-30,Titans,,• Antonio Johnson (Rico),placed on ir with knee injury
2014-08-30,Vikings,,• Antonio Richardson,placed on ir with knee injury
2014-08-30,Vikings,,• Jamarca Sanford,placed on ir with quadriceps injury
2014-08-30,Bills,,• Jimmy Gaines,placed on ir
2014-08-31,Bears,,• M.D. Jennings,placed on ir with undisclosed injury
2014-08-31,Chargers,,• Vincent Brown Jr.,placed on ir with calf injury
2014-08-31,Chiefs,,• DeMarcus Van Dyke,placed on ir with ankle / knee injury
2014-08-31,Colts,,• Delano Howell,placed on ir with neck injury
2014-08-31,Colts,,• Matt Hall,placed on ir with triceps injury
2014-08-31,Cowboys,,• Orie Lemon,placed on ir with undisclosed injury
2014-08-31,Cowboys,,• Zach Minter,placed on ir with undisclosed injury
2014-08-31,Eagles,,• Kenjon Barner,placed on ir with ankle injury
2014-08-31,Giants,,• Rogers Gaines,placed on ir with shoulder injury
2014-08-31,Jaguars,,• Brandon Barden,placed on ir with groin injury
2014-08-31,Packers,,• Jake Stoneburner,placed on ir with undisclosed injury
2014-08-31,Packers,,• Kevin Hughes,placed on ir with undisclosed injury
2014-08-31,Texans,,• Will Yeatman,placed on ir with concussion
2014-08-31,Cowboys,,• John Wetzel,placed on ir with undisclosed injury
2014-08-31,Packers,,• Aaron Adams (b. 1989-05-16),placed on ir with undisclosed injury
2014-09-01,Raiders,,• Kaelin Burnett,placed on ir with knee injury
2014-09-01,Rams,,• Justice Cunningham,placed on ir with ankle injury
2014-09-02,49ers,,• Glenn Dorsey,placed on ir with biceps injury
2014-09-02,Bears,,• Marquess Wilson,placed on ir with fractured collarbone
2014-09-02,Chiefs,,• Joe Mays,placed on ir with wrist injury
2014-09-02,Colts,,• Xavier Nixon,placed on ir with knee injury
2014-09-02,Lions,,• Kyle Van Noy,placed on ir with abdominal injury
2014-09-03,Buccaneers,,• Charles Sims III,placed on ir with ankle injury
2014-09-03,Giants,,• Geoff Schwartz,placed on ir with right big toe injury
2014-09-03,Packers,,• J.C. Tretter,placed on ir with knee injury
2014-09-03,Saints,,• Khairi Fortt,placed on ir with leg injury
2014-09-03,Seahawks,,• Lemuel Jeanpierre,placed on ir with neck injury
2014-09-05,Eagles,,• Matt Tobin,placed on ir with ankle injury
2014-09-08,Dolphins,,• Dannell Ellerbe,placed on ir with hip injury
2014-09-08,Seahawks,,• Jeremy Lane,placed on ir with groin injury
2014-09-09,Chiefs,,• Derrick Johnson (O'Hara),placed on ir with ruptured right achilles tendon
2014-09-09,Chiefs,,• Mike Devito,placed on ir with ruptured right achilles tendon
2014-09-09,Colts,,• Cam Johnson (a),placed on ir with elbow/triceps injury
2014-09-09,Eagles,,• Evan Mathis,placed on ir with sprained mcl in knee
2014-09-09,Redskins,,• Barry Cofield Jr.,placed on ir with ankle injury
2014-09-10,Bengals,,• Tyler Eifert,placed on ir with elbow injury
2014-09-10,Buccaneers,,• Mike Jenkins (b. 1985-03-22),placed on ir with pectoral muscle injury
2014-09-10,Chargers,,• Nick Hardwick,placed on ir with neck injury
2014-09-10,Eagles,,• Allen Barbre,placed on ir with right ankle injury
2014-09-10,Eagles,,• Najee Goode,placed on ir with torn pectoral muscle
2014-09-10,Lions,,• Dwight Bentley / Bill Bentley,placed on ir with torn acl in knee
2014-09-11,Lions,,• Corey Hilliard,placed on ir with foot injury
2014-09-11,Rams,,• Chris Long,placed on ir with surgery on ankle
2014-09-12,Chiefs,,• Jeff Allen (b. 1990-01-08),placed on ir with surgery on elbow
2014-09-12,Buccaneers,,• Adrian Clayborn,placed on ir with biceps/elbow injury
2014-09-13,Raiders,,• Taiwan Jones (Asti Eric),placed on ir with foot injury
2014-09-15,Dolphins,,• Sammy Seamster,placed on ir with shoulder injury
2014-09-16,Bears,,• Charles Tillman,placed on ir with torn right triceps
2014-09-16,Bengals,,• (E.) Alex Smith,placed on ir with biceps / triceps injury
2014-09-16,Bills,,• Jonathan Meeks,placed on ir with neck injury
2014-09-16,Buccaneers,,• Rashaan Melvin,placed on ir with ankle injury
2014-09-16,Giants,,• Jerrel Jernigan,placed on ir
2014-09-16,Giants,,• Tim Jernigan / Timmy Jernigan,placed on ir with foot injury
2014-09-16,Giants,,• Walter Thurmond III,placed on ir with torn pectoral muscle
2014-09-16,Jaguars,,• Marcedes Lewis,placed on ir with ankle injury
2014-09-16,Lions,,• Nevin Lawson,placed on ir with foot injury
2014-09-16,Titans,,• Zach Brown (Vinzale),placed on ir with torn pectoral muscle
2014-09-17,Cowboys,,• Darrion Weems,placed on ir with shoulder injury
2014-09-17,Packers,,• Andy Mulumba,placed on ir with knee injury
2014-09-19,Cardinals,,• John Abraham,placed on ir with concussion
2014-09-19,Packers,,• Andy Mulumba,placed on ir with knee injury
2014-09-20,Chargers,,• Melvin Ingram,placed on ir with hip injury
2014-09-22,Chiefs,,• Mike Catapano,placed on ir with illness
2014-09-22,Lions,,• Stephen Tulloch,placed on ir with torn acl in left knee
2014-09-22,Redskins,,• DeAngelo Hall,placed on ir with torn left achilles tendon
2014-09-22,Redskins,,• Duke Ihenacho,placed on ir with fractured bone in heel
2014-09-22,Steelers,,• Jarvis Jones,placed on ir with wrist injury
2014-09-23,Chargers,,• Danny Woodhead,placed on ir with fractured fibula
2014-09-23,Panthers,,• Mike Tolbert,placed on ir with left knee injury
2014-09-23,Ravens,,• Dennis Pitta,placed on ir with dislocated hip
2014-09-24,Jaguars,,• Chris Prosinski,placed on ir with elbow injury
2014-09-24,Raiders,,• Tyvon Branch,placed on ir with fractured foot
2014-09-24,Texans,,• Louis Nix III,placed on ir with wrist injury
2014-09-24,Vikings,,• Brandon Fusco,placed on ir with shoulder injury / torn pectoral
2014-09-24,Vikings,,• Matt Cassel,placed on ir with fractured left foot
2014-09-27,Panthers,,• Garry Williams,placed on ir with back injury
2014-09-27,Patriots,,• Sealver Siliga,placed on ir with foot injury
2014-09-29,Colts,,• Mario Harvey,placed on ir with hamstring / knee injury
2014-09-30,Chiefs,,• Joe McKnight,placed on ir with achilles tendon injury
2014-09-30,Falcons,,• Joe Hawley,placed on ir with torn acl in right knee
2014-09-30,Falcons,,• Lamar Holmes,placed on ir with right foot injury
2014-09-30,Falcons,,• William Moore,placed on ir with shoulder injury
2014-09-30,Jets,,• Tommy Bohanon,placed on ir with fractured collarbone
2014-09-30,Lions,,• Montell Owens,placed on ir with hamstring injury
2014-10-02,Raiders,,• Rod Streater,placed on ir with foot injury
2014-10-03,Cowboys,,• Morris Claiborne,placed on ir with torn patellar tendon in left knee
2014-10-06,Cardinals,,• Matt Shaughnessy,placed on ir with knee injury
2014-10-06,Patriots,,• Michael Buchanan,placed on ir with ankle injury
2014-10-07,Bengals,,• Sean Porter,placed on ir with torn acl in right knee
2014-10-07,Cardinals,,• Dave Zastudil,placed on ir with left groin injury
2014-10-07,Chargers,,• Doug Legursky,placed on ir with left knee injury
2014-10-07,Panthers,,• Richie Brockel,placed on ir with right ankle injury
2014-10-07,Raiders,,• Kaluka Maiava,placed on ir with hamstring injury
2014-10-07,Saints,,• Jairus Byrd,placed on ir with torn lateral meniscus in knee
2014-10-07,Texans,,• Ricky Sapp,placed on ir with hamstring injury
2014-10-08,Raiders,,• Nick Roach,placed on ir with concussion
2014-10-08,Ravens,,• Asa Jackson,placed on ir with toe injury
2014-10-08,Titans,,• Bernard Pollard,placed on ir with achilles injury
2014-10-11,Bills,,• Chris Williams (Joseph),placed on ir with back injury
2014-10-11,Titans,,• Michael Roos,placed on ir with knee injury
2014-10-13,Bears,,• Taylor Boggs,placed on ir with hamstring injury
2014-10-13,Jets,,• Brian Winters,placed on ir with torn acl in knee
2014-10-13,Jets,,• Dee Milliner,placed on ir with achilles injury
2014-10-14,Bengals,,• Marvin Jones Jr.,placed on ir with right ankle injury
2014-10-14,Broncos,,• Danny Trevathan,placed on ir with knee injury
2014-10-14,Browns,,• Armonty Bryant,placed on ir with knee injury
2014-10-14,Dolphins,,• Knowshon Moreno,placed on ir with torn acl in right knee
2014-10-14,Giants,,• Victor Cruz,placed on ir with torn patellar tendon in right knee
2014-10-15,Giants,,• Trumaine McBride,placed on ir with fractured thumb
2014-10-16,Patriots,,• Jerod Mayo,placed on ir with torn patellar tendon in right knee
2014-10-16,Patriots,,• Stevan Ridley,"placed on ir with torn acl, mcl in right knee"
2014-10-17,Browns,,• Alex Mack,placed on ir with fractured fibula in left leg
2014-10-18,Lions,,• Travis Lewis,placed on ir with quadriceps injury
2014-10-18,Ravens,,• Christo Bilukidi,placed on ir with ankle injury
2014-10-18,Redskins,,• Akeem Jordan,placed on ir with knee injury
2014-10-18,Seahawks,,• Cassius Marsh,placed on ir with foot injury
2014-10-18,Titans,,• Craig Stevens,placed on ir with quadriceps injury
2014-10-20,Falcons,,• Peter Konz,placed on ir with knee injury
2014-10-20,Jaguars,,• Paul Posluszny,placed on ir with torn pectoral muscle
2014-10-20,Ravens,,• Morgan Cox,placed on ir with torn acl in knee
2014-10-20,Saints,,• Glenn Foster,placed on ir with knee injury
2014-10-21,Bills,,• C.J. Spiller,placed on ir with fractured collarbone
2014-10-21,Redskins,,• Brian Orakpo,placed on ir with torn right pectoral muscle
2014-10-25,49ers,,• Chris Cook (a),placed on ir with quadriceps injury
2014-10-25,49ers,,• Daniel Kilgore,placed on ir with fractured left leg
2014-10-25,Raiders,,• LaMarr Woodley,placed on ir with biceps injury
2014-10-25,Raiders,,• Usama Young,placed on ir with knee injury
2014-10-25,Rams,,• Brandon McGee,placed on ir with foot injury
2014-10-25,Seahawks,,• Derrick Coleman,placed on ir with foot injury
2014-10-27,Browns,,• John Hughes III,placed on ir with knee injury
2014-10-28,Bills,,• Kenny Ladler,placed on ir with arm injury
2014-10-28,Panthers,,• Chase Blackburn,placed on ir with knee injury
2014-10-28,Rams,,• Jake Long,placed on ir with torn acl in right knee
2014-10-29,Cowboys,,• Justin Durant,placed on ir with biceps injury
2014-10-29,Giants,,• Jon Beason,placed on ir with foot/toe injury
2014-10-29,Jaguars,,• Alan Ball,placed on ir with biceps injury
2014-10-29,Rams,,• Brian Quick,placed on ir with shoulder injury
2014-11-03,Bears,,• Lamarr Houston,placed on ir with torn acl in right knee
2014-11-03,Buccaneers,,• Trindon Holliday,placed on ir with hamstring injury
2014-11-03,Jaguars,,• Will Blackmon,placed on ir with finger injury
2014-11-04,Browns,,• Miles Austin,placed on ir
2014-11-04,Dolphins,,• Michael Thomas (b. 1990-03-17),placed on ir with torn pectoral muscle
2014-11-04,Eagles,,• DeMeco Ryans,placed on ir with torn right achilles tendon
2014-11-04,Saints,,• Austin Johnson (b. 1989-06-16),placed on ir with knee injury
2014-11-05,Eagles,,• Todd Herremans,placed on ir with biceps injury
2014-11-05,Giants,,• Prince Amukamara,placed on ir with biceps injury
2014-11-05,Seahawks,,• Greg Scruggs,placed on ir with knee injury
2014-11-05,Titans,,• Taylor Thompson,placed on ir with knee injury
2014-11-08,Bears,,• Matt Slauson,placed on ir with torn pectoral muscle
2014-11-08,Packers,,• Kevin Dorsey,placed on ir with foot injury
2014-11-08,Ravens,,• Jimmy Smith (b),placed on ir with foot injury
2014-11-08,Seahawks,,• Stephen Schilling,placed on ir with knee injury
2014-11-10,Dolphins,,• Branden Albert,"placed on ir with torn acl, mcl in right knee"
2014-11-11,49ers,,• Patrick Willis,placed on ir with left big toe injury
2014-11-11,Buccaneers,,• Kadeem Edwards,placed on ir with foot injury
2014-11-11,Cardinals,,• Carson Palmer,placed on ir with torn acl in left knee
2014-11-11,Chiefs,,• Cyrus Gray,placed on ir with torn acl in knee
2014-11-11,Chiefs,,• Demetrius Harris,placed on ir with fractured right foot
2014-11-11,Seahawks,,• Brandon Mebane,placed on ir with torn right hamstring
2014-11-12,Giants,,• Michael Cox,placed on ir with fractured left leg
2014-11-12,Saints,,• Vinnie Sunseri,placed on ir with arm injury
2014-11-12,Seahawks,,• Zach Miller (a),placed on ir with ankle injury
2014-11-13,Broncos,,• Nate Irving,placed on ir with right knee injury
2014-11-14,Browns,,• Phillip Taylor / Phil Taylor,placed on ir with right knee injury
2014-11-15,49ers,,• Jimmie Ward,placed on ir with foot injury
2014-11-15,Chargers,,• Jason Verrett,placed on ir with shoulder injury
2014-11-15,Dolphins,,• Will Davis,placed on ir with torn acl in knee
2014-11-15,Giants,,• Peyton Hillis,placed on ir with concussion
2014-11-17,49ers,,• Ian Williams (f),placed on ir with fractured fibula
2014-11-17,Bills,,• Leodis McKelvin,placed on ir with fractured right ankle
2014-11-17,Falcons,,• Antone Smith,placed on ir with fractured leg
2014-11-17,Jaguars,,• Allen Robinson II,placed on ir with fractured right foot
2014-11-18,Cardinals,,• Troy Niklas,placed on ir with sprained left ankle
2014-11-18,Colts,,• Ahmad Bradshaw,placed on ir with fractured left fibula
2014-11-18,Eagles,,• Earl Wolff,placed on ir with knee injury
2014-11-18,Panthers,,• Nate Chandler,placed on ir with torn meniscus in right knee
2014-11-18,Saints,,• Brandin Cooks,placed on ir with fractured right thumb
2014-11-18,Saints,,• Rafael Bush,placed on ir with fractured right tibia
2014-11-22,Chiefs,,• A.J. Jenkins (b),placed on ir with shoulder injury
2014-11-24,Buccaneers,,• Jorvorskie Lane,placed on ir with right leg injury
2014-11-24,Redskins,,• Adam Hayward,placed on ir with fractured tibia
2014-11-25,Browns,,• Andre Smith (Phillip),placed on ir with torn left triceps
2014-11-25,Chargers,,• Rich Ohrnberger,placed on ir with back injury
2014-11-25,Titans,,• Brian Schwenke,placed on ir with knee injury
2014-11-26,Bears,,• Brian De La Puente,placed on ir with ankle injury
2014-11-26,Cowboys,,• Jack Crawford,placed on ir with fractured thumb
2014-11-26,Raiders,,• David Ausberry,placed on ir with foot injury
2014-11-26,Redskins,,• Tracy Porter (O'Neil),placed on ir with shoulder injury
2014-11-26,Texans,,• Ryan Mallett,placed on ir with torn pectoral muscle
2014-11-26,Vikings,,• Phil Loadholt,placed on ir with torn pectoral muscle
2014-11-27,49ers,,• Derek Carrier,placed on ir with foot injury
2014-11-27,Saints,,• Brodrick Bunkley,placed on ir with torn quadriceps
2014-11-28,Bears,,• Lance Briggs,placed on ir with groin injury
2014-11-28,Seahawks,,• Kevin Pierre-Louis,placed on ir with shoulder injury
2014-11-29,Raiders,,• Carlos Rogers,placed on ir with knee injury
2014-12-01,Bengals,,• Jayson DiManche,placed on ir with fractured forearm
2014-12-01,Steelers,,• Brett Keisel,placed on ir with triceps injury
2014-12-02,Giants,,• Adam Snyder,placed on ir with knee injury
2014-12-02,Giants,,• Mathias Kiwanuka,placed on ir with knee injury
2014-12-02,Giants,,• Robert Ayers Jr.,placed on ir with pectoral muscle injury
2014-12-02,Titans,,• Justin Hunter,placed on ir with lacerated spleen
2014-12-03,Browns,,• Miles Austin,placed on ir with kidney ailment
2014-12-03,Giants,,• Geoff Schwartz,placed on ir with ankle injury
2014-12-03,Giants,,• Terrell Manning,placed on ir with ankle injury
2014-12-03,Jaguars,,• Austin Pasztor,placed on ir with hamstring injury
2014-12-03,Texans,,• Max Bullough,placed on ir with hamstring injury
2014-12-04,Bears,,• Chris Williams (b. 1987-09-16),placed on ir with hamstring injury
2014-12-04,Jets,,• Greg Salas,placed on ir with hamstring injury
2014-12-04,Patriots,,• Aaron Dobson,placed on ir with hamstring injury
2014-12-06,Raiders,,• Jonathan Dowling,placed on ir with back injury
2014-12-06,Ravens,,• Tramain Jacobs,placed on ir with thigh injury
2014-12-06,Redskins,,• Chase Minnifield,placed on ir with concussion
2014-12-06,Steelers,,• Cortez Allen,placed on ir with thumb injury
2014-12-06,Vikings,,• Jerick McKinnon,placed on ir with back injury
2014-12-08,Bears,,• Brandon Marshall (Tyrone),placed on ir with fractured ribs
2014-12-08,Buccaneers,,• Brandon Magee,placed on ir with torn pectoral muscle
2014-12-08,Cardinals,,• Andre Ellington,placed on ir with hip injury
2014-12-08,Dolphins,,• Louis Delmas,placed on ir with knee injury
2014-12-08,Packers,,• Luther Robinson,placed on ir with calf injury
2014-12-08,Chargers,,• Ryan Miller (b. 1989-07-06),placed on ir
2014-12-09,49ers,,• Vance McDonald,placed on ir with back injury
2014-12-09,Bengals,,• Vontaze Burfict,placed on ir with knee injury
2014-12-09,Bills,,• Mike Williams (Anthony),placed on ir with calf injury
2014-12-09,Ravens,,• Danny Gorrer,"placed on ir with torn mcl, pcl in knee"
2014-12-09,Titans,,• Blidi Wreh-Wilson,placed on ir with shoulder injury
2014-12-10,Lions,,• Joseph Fauria,placed on ir with ankle injury
2014-12-10,Texans,,• Jadeveon Clowney,placed on ir with right knee injury (microfracture surgery)
2014-12-10,Vikings,,• Michael Mauti,placed on ir with knee injury
2014-12-11,Bears,,• Genos Williams / D.J. Williams,placed on ir with neck injury
2014-12-11,Redskins,,• Morgan Moses,placed on ir with foot injury
2014-12-12,Texans,,• Tim Jamison,placed on ir with knee injury
2014-12-13,49ers,,• Glenn Dorsey,placed on ir with forearm injury / torn left biceps
2014-12-13,49ers,,• NaVorro Bowman,placed on ir with left knee injury
2014-12-13,Bears,,• Darryl Sharpton,placed on ir with hamstring injury
2014-12-13,Broncos,,• Montee Ball,placed on ir with groin injury
2014-12-13,Broncos,,• Quinton Carter,placed on ir with knee injury
2014-12-13,Dolphins,,• Anthony Johnson (b. 1993-01-24),placed on ir with ankle injury
2014-12-13,Packers,,• Jamari Lattimore,placed on ir with ankle injury
2014-12-13,Raiders,,• Larry Asante,placed on ir with shoulder injury
2014-12-13,Ravens,,• Jah Reid,placed on ir with hand injury
2014-12-13,Titans,,• Michael Oher,placed on ir with toe injury
2014-12-15,Falcons,,• Robert Alford,placed on ir with wrist injury
2014-12-15,Titans,,• Jake Locker,placed on ir with left shoulder injury
2014-12-16,49ers,,• Kassim Osgood,placed on ir with fractured hand
2014-12-16,Broncos,,• Danny Trevathan,placed on ir with dislocated left kneecap
2014-12-16,Buccaneers,,• Austin Seferian-Jenkins,placed on ir with back injury
2014-12-16,Buccaneers,,• Gerald McCoy,placed on ir with sprained right knee
2014-12-16,Buccaneers,,• Louis Murphy Jr.,placed on ir with ankle injury
2014-12-16,Cardinals,,• Ed Stinson,placed on ir with toe injury
2014-12-16,Chargers,,• Donald Butler,placed on ir with dislocated elbow
2014-12-16,Giants,,• James Brewer,placed on ir with concussion
2014-12-16,Jaguars,,• Denard Robinson,placed on ir with foot injury
2014-12-16,Raiders,,• Sio Moore,placed on ir with hip injury
2014-12-16,Ravens,,• Asa Jackson,placed on ir with knee injury
2014-12-16,Ravens,,• Lorenzo Taliaferro,placed on ir with foot injury
2014-12-16,Ravens,,• Terrence Brooks,placed on ir with knee injury
2014-12-16,Redskins,,• Colt McCoy,placed on ir with neck injury
2014-12-16,Texans,,• Ryan Fitzpatrick,placed on ir with fractured left leg
2014-12-16,Titans,,• Brett Brackett,placed on ir with knee injury
2014-12-17,49ers,,• Garrett Celek,placed on ir with back injury
2014-12-17,Giants,,• Jacquian Williams,placed on ir with concussion
2014-12-17,Jaguars,,• Khairi Fortt,placed on ir with hamstring injury
2014-12-17,Lions,,• LaAdrian Waddle,placed on ir with left knee injury
2014-12-17,Patriots,,• Dominique Easley,placed on ir with knee injury
2014-12-18,Ravens,,• Kevin McDermott,placed on ir with undisclosed injury
2014-12-18,Titans,,• Dexter McCluster,placed on ir with knee injury
2014-12-19,Redskins,,• Brandon Meriweather,placed on ir with toe injury
2014-12-20,49ers,,• Chris Borland,placed on ir with ankle injury
2014-12-20,Browns,,• Tashaun Gipson,placed on ir with knee injury
2014-12-20,Buccaneers,,• Major Wright,placed on ir with rib injury
2014-12-20,Raiders,,• Tarell Brown,placed on ir with foot injury
2014-12-22,Chargers,,• Johnnie Troutman,placed on ir with knee injury
2014-12-22,Panthers,,• De'Andre Presley,placed on ir with concussion
2014-12-23,Bears,,• Willie Young (James),placed on ir with torn achilles tendon
2014-12-23,Dolphins,,• Jamar Taylor,placed on ir with shoulder injury
2014-12-23,Falcons,,• William Moore,placed on ir with shoulder injury
2014-12-23,Ravens,,• Rick Wagner / Ricky Wagner,placed on ir with foot injury
2014-12-23,Redskins,,• Trent Murphy,placed on ir with hand injury
2014-12-24,Browns,,• Ishmaa'ily Kitchen,placed on ir with leg injury
2014-12-24,Browns,,• Johnny Manziel,placed on ir with hamstring injury
2014-12-24,Raiders,,• Brian Leonhardt,placed on ir with concussion
2014-12-26,49ers,,• Alex Boone,placed on ir with knee injury
2014-12-26,49ers,,• Raymond Ventrone / Bubba Ventrone,placed on ir with groin injury
2014-12-26,Saints,,• Akiem Hicks,placed on ir with ankle injury
2014-12-26,Saints,,• Pierre Thomas,placed on ir with rib injury
2014-12-27,Chargers,,• Mike Scifres,placed on ir with shoulder injury
2014-12-27,Jets,,• Rontez Miles,placed on ir with shin injury
2014-12-27,Patriots,,• Alfonzo Dennard,placed on ir with hamstring injury
2014-12-27,Redskins,,• Jason Hatcher,placed on ir with knee injury
2014-12-27,Saints,,• John Jenkins,placed on ir with abdominal injury
2014-12-27,Vikings,,• Anthony Barr,placed on ir with knee injury
2014-12-30,Cowboys,,• Henry Melton,placed on ir with knee injury
2014-12-31,Bengals,,• Dane Sanzenbacher,placed on ir with concussion
2015-01-01,Colts,,• Gosder Cherilus,placed on ir with groin injury
2015-01-02,Ravens,,• Arthur Brown,placed on ir with hamstring injury
2015-01-06,Colts,,• Hugh Thornton,placed on ir with shoulder injury
2015-01-06,Seahawks,,• Jordan Hill,placed on ir with ankle/calf injury
2015-01-10,Broncos,,• Quanterus Smith,placed on ir with knee injury
2015-01-12,Seahawks,,• Paul Richardson Jr.,placed on ir with torn acl in knee
2015-05-06,Raiders,,• Miles Burris,placed on ir
2015-05-12,Giants,,• Thomas Gordon,placed on ir with undisclosed injury
2015-05-12,Raiders,,• Jeremy Gallon,placed on ir with undisclosed injury
2015-05-12,Texans,,• James Rouse (b),placed on ir with achilles injury
2015-05-15,Seahawks,,• Tory Slater,placed on ir with undisclosed injury
2015-05-19,Redskins,,• James Gayle,placed on ir with undisclosed injury
2015-05-19,Saints,,• Malcome Kennedy / Malcolme Kennedy,placed on ir with foot injury
2015-05-19,Seahawks,,• Demitrius Bronson,placed on ir with hamstring injury
2015-05-20,Buccaneers,,• Emmanuel Ogbuehi,placed on ir with undisclosed injury
2015-05-20,Steelers,,• L'Damian Washington,placed on ir with undisclosed injury
2015-05-21,Saints,,• Andy Tanner,placed on ir with undisclosed injury
2015-05-27,Browns,,• Keith Pough,placed on ir with undisclosed injury
2015-05-27,Colts,,• Joshua Mitchell / Josh Mitchell,placed on ir with undisclosed injury
2015-05-27,Cowboys,,• Chris Boyd,placed on ir with undisclosed injury
2015-05-29,Broncos,,• Ryan Clady,placed on ir with torn acl in left knee
2015-05-29,Ravens,,• Julian Wilson,placed on ir with leg injury
2015-06-04,Raiders,,• Andre Debose,placed on ir with achilles injury
2015-06-05,Raiders,,• Jacoby Hale,placed on ir with undisclosed injury
2015-06-05,Rams,,• Bud Sasser,placed on ir (cbs) / non-football injury list (sn) with illness
2015-06-09,Titans,,• Brandon Harris (a),placed on ir with left knee injury
2015-06-16,Seahawks,,• Ryan Robinson (b. 1990-12-09),placed on ir with achilles tendon injury
2015-06-17,Bills,,• Deon Broomfield,placed on ir with undisclosed injury
2015-06-17,Jets,,• Zach Sudfeld,placed on ir with torn acl in knee
2015-06-17,Panthers,,• Tyronne Green,placed on ir with achilles injury
2015-06-18,Steelers,,• Micah Hatchie,placed on ir with torn left achilles tendon
2015-07-16,Giants,,• Marcus Harris (b. 1989-03-01),placed on ir with knee injury
2015-07-26,Vikings,,• Casey Matthews,placed on ir with hip injury
2015-07-28,Cowboys,,• Ryan Williams (a),placed on ir with knee injury
2015-07-28,Saints,,• Michael Brewster / Mike Brewster,placed on ir with undisclosed injury
2015-07-29,Bengals,,• James Wright (Earl),placed on ir with knee injury
2015-07-29,Cowboys,,• Cameron Lawrence,placed on ir with undisclosed injury
2015-07-29,Cowboys,,• Ryan Miller (b. 1989-07-06),placed on ir with undisclosed injury
2015-07-30,Ravens,,• Cam Worthy,placed on ir with foot injury
2015-07-30,Titans,,• Dorin Dickerson,placed on ir with achilles injury
2015-08-01,Giants,,• Ben Edwards,placed on ir with undisclosed injury
2015-08-02,Chiefs,,• Keshawn Hill,placed on ir with undisclosed injury
2015-08-03,49ers,,• Reggie Bush,placed on ir with torn acl in right knee
2015-08-03,Bears,,• Demontre Hurst,placed on ir with undisclosed injury
2015-08-03,Bengals,,• A.J. Hawk (a),placed on ir with achilles injury
2015-08-03,Broncos,,• A.J. Hawk (a),placed on ir with achilles injury
2015-08-03,Broncos,,• Kyle Williams (Steven),placed on ir with achilles injury
2015-08-03,Falcons,,• Matt Bryant,placed on ir with undisclosed
2015-08-03,Giants,,• Brad Harrah,placed on ir with undisclosed injury
2015-08-03,Giants,,• Matt LaCosse,placed on ir with undisclosed injury
2015-08-03,Giants,,• Will Blackmon,placed on ir with undisclosed injury
2015-08-03,Panthers,,• Stephen Hill,placed on ir with undisclosed injury
2015-08-03,Seahawks,,• Will Blackmon,placed on ir with undisclosed injury
2015-08-03,Steelers,,• Matt Bryant,placed on ir with undisclosed (cbs)
2015-08-03,Steelers,,• Ross Scheuerman,placed on ir with undisclosed injury
2015-08-04,Broncos,,• Connor Rains,placed on ir with undisclosed injury
2015-08-04,Cardinals,,• Bradley Sowell,placed on ir with foot injury
2015-08-04,Chargers,,• Michael Roos,placed on ir with fractured foot
2015-08-04,Chargers,,• Tenny Palepoi,placed on ir with undisclosed injury
2015-08-04,Cowboys,,• Anthony Fasano,placed on ir with torn acl in knee
2015-08-04,Cowboys,,• Justin Jackson (a),placed on ir with undisclosed injury
2015-08-04,Patriots,,• Kevin Hughes,placed on ir with undisclosed injury
2015-08-04,Eagles,,• Travis Long,placed on ir with undisclosed injury
2015-08-04,Patriots,,• Damond Smith,placed on ir with undisclosed
2015-08-05,Colts,,• Kendall Langford,placed on ir with undisclosed injury (out for season)
2015-08-05,Cowboys,,• Justin Anderson (b),placed on ir with undisclosed injury
2015-08-05,Cowboys,,• Reshod Fortenberry,placed on ir with undisclosed injury
2015-08-05,Cowboys,,• Steven Jackson,placed on ir with knee injury
2015-08-05,Eagles,,• Adrian Peterson,placed on ir with torn acl in left knee
2015-08-05,Patriots,,• A.J. Derby,placed on ir with undisclosed injury
2015-08-05,Patriots,,• Matt Hasselbeck,placed on ir with undisclosed injury
2015-08-06,Steelers,,• Adrian Peterson,placed on ir with undisclosed injury
2015-08-06,Steelers,,• Eli Rogers,placed on ir with undisclosed injury
2015-08-07,49ers,,• Ben Gottschalk,placed on ir with foot injury
2015-08-07,Bears,,• Brian Vogler,placed on ir with foot injury
2015-08-07,Cardinals,,• John Fullington,placed on ir with torn acl in left knee
2015-08-07,Steelers,,• Clifton Geathers,placed on ir with undisclosed injury
2015-08-07,Steelers,,• Rob Blanchflower,placed on ir with undisclosed injury
2015-08-07,Titans,,• Cody Prewitt,placed on ir with undisclosed injury
2015-08-08,Chargers,,• Ben Beckwith,placed on ir with undisclosed injury
2015-08-08,Falcons,,• Beau Gardner,placed on ir with knee injury
2015-08-08,Giants,,• Chris Harper (Deon),placed on ir with undisclosed injury
2015-08-08,Jets,,• Antonio Allen,placed on ir with achilles injury
2015-08-08,Saints,,• Jack Tabb,placed on ir with leg injury
2015-08-09,Steelers,,• Isaiah Lewis,placed on ir with undisclosed injury
2015-08-09,Titans,,• Connor Neighbors,placed on ir with fractured forearm
2015-08-10,Cowboys,,• Will Smith (b),placed on ir with undisclosed injury
2015-08-11,Bills,,• Justin Brown (b. 1991-03-10),placed on ir with undisclosed injury
2015-08-11,Eagles,,• Frances Mays / Frank Mays,placed on ir with undisclosed injury
2015-08-11,Jaguars,,• Matt Robinson (b),placed on ir with hamstring injury
2015-08-11,Lions,,• David Ausberry,placed on ir with undisclosed injury
2015-08-11,Titans,,• Curtis Riley,placed on ir with undisclosed injury
2015-08-12,Buccaneers,,• Quinton Alston,placed on ir with undisclosed injury
2015-08-12,Dolphins,,• Shamiel Gary,placed on ir with shoulder injury
2015-08-12,Steelers,,• Devin Gardner,placed on ir with undisclosed injury
2015-08-12,Steelers,,• Shaun Suisham,placed on ir with torn acl in left knee
2015-08-13,Bills,,• Caleb Holley,placed on ir with hamstring injury
2015-08-13,Bills,,• Clay Burton,placed on ir with undisclosed injury
2015-08-13,Cowboys,,• Chris Whaley,placed on ir with achilles injury
2015-08-13,Cowboys,,• Jason Wilson,placed on ir with undisclosed injury
2015-08-13,Falcons,,• Ricky Havill-Heimuli / Ricky Heimuli,placed on ir with hip injury
2015-08-13,Patriots,,• Tyler Gaffney,placed on ir with knee injury
2015-08-14,Steelers,,• Cameron Stingily,placed on ir with torn meniscus in right knee
2015-08-16,Redskins,,• Logan Paulsen,placed on ir with turf toe
2015-08-16,Redskins,,• Niles Paul,placed on ir with fractured and dislocated ankle
2015-08-17,Dolphins,,• Tommy Streeter,placed on ir with undisclosed injury
2015-08-17,Eagles,,• B.J. McBryde,placed on ir with foot injury
2015-08-17,Eagles,,• Brandon Hepburn,placed on ir with abdominal injury
2015-08-17,Giants,,• Mykkele Thompson,placed on ir with achilles tendon injury
2015-08-17,Redskins,,• Trevardo Williams,placed on ir with undisclosed injury
2015-08-17,Vikings,,• Gavin Lutman,placed on ir with hamstring injury
2015-08-18,Bills,,• Jarius Wynn,placed on ir with acl injury in knee
2015-08-18,Bills,,• Ty Powell,placed on ir with torn acl in knee
2015-08-18,Colts,,• Cody Galea,placed on ir with hamstring injury
2015-08-18,Cowboys,,• Ray Vinopal,placed on ir with ankle injury
2015-08-18,Panthers,,• Jamie Childers,placed on ir with fractured arm
2015-08-18,Redskins,,• Silas Redd Jr.,"placed on ir with torn acl, mcl in right knee"
2015-08-18,Saints,,• Lawrence Virgil,placed on ir with undisclosed injury
2015-08-18,Vikings,,• Phil Loadholt,placed on ir with torn left achilles tendon
2015-08-19,Cardinals,,• Brandon Person,placed on ir with torn acl in knee
2015-08-19,Cardinals,,• Zack Wagenmann,placed on ir with fractured right foot
2015-08-19,Eagles,,• Jordan DeWalt-Ondijo,placed on ir with ankle injury
2015-08-19,Lions,,• Darren Keyton,placed on ir with knee injury
2015-08-20,Broncos,,• Marvin Austin Jr.,placed on ir with groin injury
2015-08-20,Saints,,• Austin Brown,placed on ir with knee injury
2015-08-20,Steelers,,• Jordan Zumwalt,placed on ir with undisclosed injury
2015-08-20,Texans,,• Mike McFarland (b),placed on ir with undisclosed injury
2015-08-21,Cardinals,,• Corey Peters,placed on ir with torn left achilles tendon
2015-08-21,Saints,,• Kevin Brock,placed on ir with undisclosed injury
2015-08-22,Redskins,,• Adam Hayward,placed on ir with torn acl in right knee
2015-08-24,Cowboys,,• Cody Clay,placed on ir with undisclosed injury
2015-08-24,Jaguars,,• Arrelious Benn,placed on ir with fractured left collarbone
2015-08-24,Lions,,• Jordan Thompson (b. 1989-07-12),placed on ir with left knee injury
2015-08-24,Patriots,,• Brandon Gibson,placed on ir with knee injury
2015-08-24,Rams,,• Isiah Ferguson,placed on ir with knee injury
2015-08-24,Seahawks,,• Kona Schwenke,placed on ir with torn acl in knee
2015-08-25,Bears,,• Jason Weaver,placed on ir with undisclosed injury
2015-08-25,Dolphins,,• Louis Delmas,placed on ir with torn acl in right knee
2015-08-25,Eagles,,• Wade Keliikipi,placed on ir with sprained right foot
2015-08-25,Giants,,• Justin Currie,placed on ir with fractured right ankle
2015-08-25,Giants,,• Tony Johnson (c),placed on ir with sprained knee
2015-08-25,Jaguars,,• Brennan Williams,placed on ir with left knee injury
2015-08-25,Jaguars,,• Damian Copeland,placed on ir with shoulder injury
2015-08-25,Lions,,• Kevin Snyder,placed on ir with hand injury
2015-08-25,Panthers,,• Frank Alexander,placed on ir with torn right achilles tendon
2015-08-25,Patriots,,• Brian Tyms,placed on ir with foot injury
2015-08-25,Steelers,,• Bruce Gradkowski,placed on ir with dislocated finger on left hand
2015-08-25,Steelers,,• David Nelson (b),placed on ir with shoulder injury
2015-08-26,Jets,,• Davon Walls,placed on ir with knee injury
2015-08-27,Falcons,,• Evan Royster,placed on ir with undisclosed injury
2015-08-27,Raiders,,• Chase Williams (a),placed on ir with undisclosed injury
2015-08-28,Patriots,,• Jake Bequette,placed on ir with undisclosed injury
2015-08-30,Bears,,• Ryan Mundy,placed on ir with hip injury
2015-08-31,Broncos,,• Jeff Heuerman,placed on ir with torn acl in left knee
2015-08-31,Colts,,• Tevin Mitchel,placed on ir with torn labrum in left shoulder
2015-08-31,Jaguars,,• Dante Fowler Jr.,placed on ir with torn acl in left knee
2015-08-31,Jaguars,,• Josh Wells,placed on ir with thumb injury
2015-08-31,Lions,,• Chris Owens (Todd Dillard),placed on ir with undisclosed injury
2015-08-31,Ravens,,• Allen Reisner,placed on ir with ankle injury
2015-08-31,Ravens,,• Chris Greenwood,placed on ir with hamstring injury
2015-08-31,Ravens,,• Matt Elam,placed on ir with biceps injury
2015-08-31,Ravens,,• Steven Means,placed on ir with groin injury
2015-08-31,Redskins,,• Junior Galette,placed on ir with torn left achilles
2015-08-31,Seahawks,,• Jeremy Lane,placed on reserve/physically unable to perform list with knee injury / placed on ir with fractured left arm
2015-09-01,49ers,,• Desmond Bishop,placed on ir with surgery on left thumb
2015-09-01,49ers,,• Dres Anderson,placed on ir with undisclosed injury
2015-09-01,Bears,,• John Chiles,placed on ir with concussion
2015-09-01,Bears,,• Senorise Perry,placed on ir with foot injury
2015-09-01,Bengals,,• Mark Weisman,placed on ir with undisclosed injury
2015-09-01,Bills,,• Austin Willis,placed on ir with concussion
2015-09-01,Browns,,• Connor Shaw,placed on ir with surgery on right thumb
2015-09-01,Browns,,• Michael Bowie,placed on ir with left shoulder injury
2015-09-01,Cardinals,,• Travis Harvey,placed on ir with hamstring injury
2015-09-01,Chargers,,• Brock Hekking,placed on ir with foot injury
2015-09-01,Chiefs,,• Justin March-Lillard / Justin March,placed on ir with knee injury
2015-09-01,Colts,,• Deveron Carr,placed on ir with undisclosed injury
2015-09-01,Colts,,• Donald Celiscar,placed on ir with undisclosed injury
2015-09-01,Cowboys,,• Orlando Scandrick,"placed on ir with torn acl, mcl in right knee"
2015-09-01,Eagles,,• JaCorey Shepherd,placed on ir with torn acl in right knee
2015-09-01,Giants,,• Bennett Jackson,placed on ir with torn acl in right knee
2015-09-01,Giants,,• Josh Gordy,placed on ir with hip injury
2015-09-01,Jaguars,,• Greg Jenkins,placed on ir with undisclosed injury
2015-09-01,Jets,,• Jace Amaro,placed on ir with torn labrum in shoulder
2015-09-01,Jets,,• Kevin Vickerson,placed on ir with hamstring injury
2015-09-01,Packers,,• Jordy Nelson,placed on ir with torn acl in right knee
2015-09-01,Panthers,,• Kelvin Benjamin,placed on ir with torn acl in left knee
2015-09-01,Patriots,,• Darryl Roberts,placed on ir with wrist injury
2015-09-01,Patriots,,• James Develin,placed on ir with fractured tibia in right leg
2015-09-01,Patriots,,• Jonathan Krause,placed on ir with undisclosed injury
2015-09-01,Patriots,,• Josh Boyce,placed on ir with undisclosed injury
2015-09-01,Raiders,,• Jimmy Hall,placed on ir with undisclosed injury
2015-09-01,Raiders,,• Menelik Watson,placed on ir with torn achilles
2015-09-01,Rams,,• E.J. Gaines,placed on ir with foot injury
2015-09-01,Redskins,,• Tony Jones (c),placed on ir with undisclosed injury
2015-09-01,Saints,,• Anthony Spencer,placed on ir with undisclosed injury
2015-09-01,Saints,,• P.J. Williams,placed on ir with torn hamstring
2015-09-01,Seahawks,,• Brandon Cottom,placed on ir with undisclosed injury
2015-09-01,Seahawks,,• Triston Wade,placed on ir with undisclosed injury
2015-09-01,Steelers,,• Garrett Hartley,placed on ir with hamstring injury
2015-09-01,Steelers,,• Senquez Golson,placed on ir with shoulder injury
2015-09-01,Texans,,• Reshard Cliett,placed on ir with knee injury
2015-09-01,Titans,,• Andrew Turzilli,placed on ir with ankle injury
2015-09-01,Titans,,• Yannik Cudjoe-Virgil,placed on ir with hamstring injury
2015-09-01,Vikings,,• Carter Bykowski,placed on ir with torn pectoral muscle
2015-09-02,Bengals,,• Onterio McCalebb,placed on ir with undisclosed injury
2015-09-02,Bills,,• Tyson Chandler,placed on ir with undisclosed injury
2015-09-02,Browns,,• Luke Lundy,placed on ir with concussion
2015-09-02,Buccaneers,,• Josh Allen (Nathanial),placed on ir with ankle injury
2015-09-02,Buccaneers,,• Leonard Johnson (c),placed on ir with ankle injury
2015-09-02,Buccaneers,,• Robert Herron,placed on ir with undisclosed injury
2015-09-02,Chargers,,• Chris Davis (b),placed on ir with concussion
2015-09-02,Chargers,,• Gordon Hill,placed on ir with knee injury
2015-09-02,Chargers,,• Melvin Meggs,placed on ir with foot injury
2015-09-02,Chargers,,• Torrence Allen,placed on ir with ankle/foot injury
2015-09-02,Chiefs,,• Junior Hemingway,placed on ir with hip injury
2015-09-02,Cowboys,,• Kenneth Boatright,"placed on ir with neck, back injury"
2015-09-02,Cowboys,,• Michael Hill,placed on ir with concussion
2015-09-02,Cowboys,,• R.J. Dill,placed on ir with undisclosed injury
2015-09-02,Giants,,• Akeem Hunt,placed on ir with hamstring injury
2015-09-02,Giants,,• Brandon Mosley,placed on ir with back injury
2015-09-02,Jaguars,,• Matt Daniels,placed on ir with undisclosed injury
2015-09-02,Jets,,• Dashaun Phillips,placed on ir with rib injury
2015-09-02,Packers,,• Javess Blue,placed on ir with shoulder injury
2015-09-02,Packers,,• Jimmie Hunt,placed on ir with undisclosed injury
2015-09-02,Panthers,,• Davonte Wallace,placed on ir with concussion
2015-09-02,Panthers,,• Melvin White,placed on ir with hamstring injury
2015-09-02,Rams,,• Brad Smelley,placed on ir with undisclosed injury
2015-09-02,Rams,,• Korey Toomer,placed on ir with ankle injury
2015-09-02,Saints,,• Nick Toon,placed on ir with high ankle sprain
2015-09-02,Saints,,• Ronald Powell,placed on ir with undisclosed injury
2015-09-02,Saints,,• Vinnie Sunseri,placed on ir with knee injury
2015-09-02,Steelers,,• Cameron Clear,placed on ir with knee injury
2015-09-02,Steelers,,• Dominique Davis / Niko Davis (b),placed on ir with undisclosed injury
2015-09-02,Steelers,,• Ray Hamilton (c),placed on ir with undisclosed injury
2015-09-02,Texans,,• Anthony Denham,placed on ir with shoulder injury
2015-09-02,Texans,,• Terrance Parks,placed on ir with hamstring injury
2015-09-02,Vikings,,• Mike Kafka,placed on ir with hamstring injury
2015-09-05,49ers,,• Kendall Hunter,placed on ir with knee injury
2015-09-05,49ers,,• Rory Anderson / Busta Anderson,placed on ir with undisclosed injury
2015-09-05,Bears,,• Anthony Jefferson,placed on ir with undisclosed injury
2015-09-05,Buccaneers,,• Kenny Bell,placed on ir with hamstring injury
2015-09-05,Buccaneers,,• Larry English,placed on ir with knee injury
2015-09-05,Cardinals,,• Gerald Christian,placed on ir with knee injury
2015-09-05,Chiefs,,• Richard Gordon (Lee),placed on ir with undisclosed injury
2015-09-05,Colts,,• Arthur Jones,placed on ir with torn ligaments in left ankle
2015-09-05,Colts,,• Junior Sylvestre,placed on ir with ankle injury
2015-09-05,Eagles,,• Jeff Maehl,placed on ir with undisclosed injury
2015-09-05,Falcons,,• Collin Mooney,placed on ir with undisclosed injury
2015-09-05,Falcons,,• Jon Asamoah,placed on ir with hip injury
2015-09-05,Falcons,,• Travis Howard,placed on ir with undisclosed injury
2015-09-05,Giants,,• Brett Jones,placed on ir with sprained mcl in knee
2015-09-05,Giants,,• Nat Berhe,placed on ir with calf injury
2015-09-05,Jaguars,,• Evander Hood / Ziggy Hood,placed on ir with foot injury
2015-09-05,Lions,,• Corey Wootton,placed on ir with torn pectoral muscle
2015-09-05,Lions,,• Greg Salas,placed on ir with knee injury
2015-09-05,Panthers,,• Arthur Miley,placed on ir with knee injury
2015-09-05,Raiders,,• Brandian Ross,placed on ir with undisclosed injury
2015-09-05,Ravens,,• Zach Thompson,placed on ir with concussion
2015-09-05,Seahawks,,• Mohammed Seisay,placed on ir with shoulder injury
2015-09-05,Seahawks,,• Robert Turbin,placed on ir with ankle injury
2015-09-05,Texans,,• Chad Slade,placed on ir with back injury
2015-09-05,Texans,,• Tom Savage,placed on ir with shoulder injury
2015-09-05,Titans,,• J.R. Tavai,placed on ir with knee injury
2015-09-05,Titans,,• Yawin Smallwood,placed on ir with undisclosed injury
2015-09-05,Titans,,• Zaviar Gooden,placed on ir with hamstring injury
2015-09-06,Bears,,• A.J. Cruz,placed on ir with undisclosed injury
2015-09-06,Bengals,,• Jayson DiManche,placed on ir with undisclosed injury
2015-09-06,Bengals,,• Marquis Flowers,placed on ir with shoulder injury
2015-09-06,Bills,,• Deonte Thompson,placed on ir with undisclosed injury
2015-09-06,Buccaneers,,• Garrett Gilkey,placed on ir with knee injury
2015-09-06,Buccaneers,,• Patrick Murray,placed on ir with undisclosed injury
2015-09-06,Cardinals,,• Jimmy Legree,placed on ir with undisclosed injury
2015-09-06,Cardinals,,• Marion Grice,placed on ir with shoulder injury
2015-09-06,Chargers,,• Colton Underwood,placed on ir with undisclosed injury
2015-09-06,Chargers,,• Ikechi Ariguzo / Chi Chi Ariguzo,placed on ir with undisclosed injury
2015-09-06,Chiefs,,• Sanders Commings,placed on ir with undisclosed injury
2015-09-06,Cowboys,,• Ka'lial Glaud,placed on ir with undisclosed injury
2015-09-06,Cowboys,,• Rod Sweeting,placed on ir with undisclosed injury
2015-09-06,Dolphins,,• Christion Jones,placed on ir with undisclosed injury
2015-09-06,Dolphins,,• Jay Ajayi,placed on ir with fractured rib
2015-09-06,Falcons,,• Adam Replogle,placed on ir with undisclosed injury
2015-09-06,Falcons,,• D.J. Tialavea,placed on ir with undisclosed injury
2015-09-06,Falcons,,• Jerome Smith,placed on ir with undisclosed injury
2015-09-06,Jets,,• Dee Milliner,placed on ir with wrist injury
2015-09-06,Lions,,• Alex Carter (Rhys),placed on ir with ankle injury
2015-09-06,Packers,,• Jermauria Rasco,placed on ir with undisclosed injury
2015-09-06,Packers,,• Larry Pinkard,placed on ir with undisclosed injury
2015-09-06,Patriots,,• Ryan Groy,placed on ir with undisclosed injury
2015-09-06,Raiders,,• Anthony Morris,placed on ir with undisclosed injury
2015-09-06,Ravens,,• Deangelo Tyson,placed on ir with undisclosed injury
2015-09-06,Ravens,,• Micajah Reynolds,placed on ir with undisclosed injury
2015-09-06,Redskins,,• Evan Spencer,placed on ir with undisclosed injury
2015-09-06,Redskins,,• Jordan Campbell,placed on ir with undisclosed injury
2015-09-06,Steelers,,• Kelvin Palmer,placed on ir with undisclosed injury
2015-09-06,Steelers,,• Maurkice Pouncey,placed on ir with right leg injury
2015-09-06,Steelers,,• Mitchell Van Dyk,placed on ir with undisclosed injury
2015-09-06,Texans,,• Lynden Trail,placed on ir with undisclosed injury
2015-09-06,Texans,,• Tony Washington Jr.,placed on ir with undisclosed injury
2015-09-06,Titans,,• David Cobb,placed on ir with calf injury
2015-09-06,Vikings,,• Tyrus Thompson,placed on ir with undisclosed injury
2015-09-06,Giants,,• Corey Washington,placed on ir with shoulder injury
2015-09-07,Browns,,• Charles Gaines (b),placed on ir with hamstring injury
2015-09-07,Buccaneers,,• Demar Dotson,placed on ir with knee injury
2015-09-07,Buccaneers,,• Kadeem Edwards,placed on ir with undisclosed injury
2015-09-07,Colts,,• Daniel Herron / Dan Herron / Boom Herron,placed on ir with shoulder injury
2015-09-07,Raiders,,• Chimdi Chekwa,placed on ir with undisclosed injury
2015-09-08,Chiefs,,• Josh Martin,placed on ir with concussion
2015-09-08,Ravens,,• Brent Urban,placed on ir with biceps injury
2015-09-09,Chiefs,,• Paul Fanaika,placed on ir with herniated disc
2015-09-09,Patriots,,• Bryan Stork,placed on ir with concussion
2015-09-10,Cardinals,,• Ifeanyi Momah,placed on ir with knee injury
2015-09-10,Vikings,,• John Sullivan (c),placed on ir with back injury
2015-09-10,Cardinals,,• Rob Crisp,placed on ir with undisclosed injury
2015-09-12,Saints,,• Davis Tull,placed on ir with shoulder injury
2015-09-14,Bears,,• Cornelius Washington,placed on ir with undisclosed injury
2015-09-15,Eagles,,• David Molk,placed on ir with torn right biceps
2015-09-15,Packers,,• Sam Barrington,placed on ir with right foot injury
2015-09-15,Raiders,,• Nate Allen (b),placed on ir with knee injury
2015-09-15,Redskins,,• Duke Ihenacho,placed on ir with fractured/dislocated left wrist
2015-09-15,Saints,,• Rafael Bush,placed on ir with torn pectoral muscle
2015-09-15,Texans,,• Ryan Griffin (Francis),placed on ir with sprained mcl in knee
2015-09-16,Buccaneers,,• James-Michael Johnson,placed on ir with undisclosed injury
2015-09-16,Colts,,• Vick Ballard,placed on ir with hamstring injury
2015-09-16,Ravens,,• Terrell Suggs,placed on ir with torn left achilles tendon
2015-09-17,Panthers,,• Nate Chandler,placed on ir with right knee injury
2015-09-18,Colts,,• D'Joun Smith,placed on ir with knee injury
2015-09-21,Packers,,• Josh Boyd,placed on ir with fractured right ankle
2015-09-22,Cowboys,,• Terrell McClain,placed on ir with toe injury
2015-09-22,Cowboys,,• Tony Romo (Ramiro),placed on ir with placed on ir with fractured collarbone
2015-09-22,Jaguars,,• Rashad Greene,placed on ir with right thumb injury
2015-09-22,Redskins,,• Martrell Spaight,placed on ir with concussion
2015-09-26,Texans,,• Jeff Adams,placed on ir with torn patellar tendon in right knee
2015-09-28,Colts,,• Sheldon Price,placed on ir with ankle injury
2015-09-29,Chargers,,• Johnnie Troutman,placed on ir with fractured forearm
2015-09-29,Eagles,,• Andrew Gardner,placed on ir with lisfranc tear in right foot
2015-09-29,Eagles,,• Cody Parkey,placed on ir with torn groin muscle in right leg
2015-09-29,Panthers,,• Charles Johnson (David) (b. 1986-07-10),placed on ir with hamstring injury
2015-09-29,Redskins,,• Justin Rogers (b. 1988-01-16),placed on ir with plantar fasciitis in foot
2015-09-29,Redskins,,• Shawn Lauvao,placed on ir with sprained left ankle
2015-09-30,Chiefs,,• Phillip Gaines,placed on ir with torn acl in knee
2015-09-30,Packers,,• Andrew Quarless,placed on ir with knee injury
2015-09-30,Texans,,• Carlos Thompson,placed on ir with concussion
2015-09-30,Texans,,• Mike Mohamed,placed on ir with calf injury
2015-10-03,Ravens,,• Michael Campanaro,placed on ir with back injury
2015-10-06,Bears,,• Will Montgomery,placed on ir with fractured tibia in left leg
2015-10-06,Bills,,• MarQueis Gray,placed on ir with forearm injury
2015-10-06,Buccaneers,,• T.J. Fatinikun,placed on ir with knee injury
2015-10-06,Falcons,,• Devin Hester,placed on ir with toe injury
2015-10-06,Jaguars,,• Brandon Linder,placed on ir with torn labrum in left shoulder
2015-10-07,Colts,,• Jalil Brown,placed on ir with ankle / groin injury
2015-10-07,Giants,,• Daniel Fells,placed on ir with staph infection in ankle
2015-10-07,Lions,,• Tyrunn Walker,"placed on ir with dislocated ankle, fractured leg"
2015-10-08,Buccaneers,,• Josh Martin,placed on ir with hamstring injury
2015-10-10,Cowboys,,• Lance Dunbar,"placed on ir with torn acl, mcl in left knee"
2015-10-10,Seahawks,,• Tharold Simon,placed on ir with dislocated toe
2015-10-12,Bears,,• Jacquizz Rodgers,placed on ir with fractured right arm
2015-10-12,Bills,,• Cierre Wood,placed on ir with torn acl in knee
2015-10-12,Jaguars,,• John Lotulelei,placed on ir with concussion
2015-10-13,Cardinals,,• Chris Clemons (Donovan),placed on ir with hamstring injury
2015-10-13,Cardinals,,• Kenny Demens,placed on ir with torn acl in knee
2015-10-13,Chiefs,,• Jamaal Charles,placed on ir with torn acl in right knee
2015-10-13,Ravens,,• Will Davis,placed on ir with torn acl in knee
2015-10-14,Browns,,• Scott Solomon,placed on ir with knee injury
2015-10-14,Colts,,• Tyler Varga,placed on ir with concussion
2015-10-14,Packers,,• Sean Richardson,placed on ir with neck injury
2015-10-14,Patriots,,• Nate Solder,placed on ir with torn right biceps
2015-10-14,Ravens,,• Lorenzo Taliaferro,placed on ir with foot injury
2015-10-15,Rams,,• Rodger Saffold,placed on ir with right shoulder injury
2015-10-17,Bears,,• Ego Ferguson,placed on ir with knee injury
2015-10-17,Chargers,,• Darius Philon,placed on ir with hip injury
2015-10-17,Patriots,,• Tarell Brown,placed on ir with foot injury
2015-10-17,Titans,,• Deiontrez Mount,placed on ir with knee injury
2015-10-19,Steelers,,• Kelvin Beachum,placed on ir with torn acl in left knee
2015-10-19,Texans,,• Lonnie Ballentine,placed on ir with knee injury
2015-10-20,Bills,,• Marquise Goodwin,placed on ir with rib injury
2015-10-20,Jaguars,,• Corey Grant,placed on ir with hip flexor injury
2015-10-20,Jaguars,,• Tony Washington (b),placed on ir with hip flexor injury
2015-10-20,Lions,,• Zach Zenner,"placed on ir wit cracked ribs, lung injury"
2015-10-20,Raiders,,• Justin Tuck (Lee),placed on ir with torn pectoral muscle
2015-10-20,Seahawks,,• Brock Coyle,placed on ir with knee injury
2015-10-20,Titans,,• Brian Schwenke,placed on ir with dislocated left ankle
2015-10-21,Vikings,,• Shamar Stephen,placed on ir with knee / toe injury
2015-10-23,49ers,,• Antoine Bethea,placed on ir with shoulder injury
2015-10-23,Panthers,,• Richie Brockel,placed on ir with hamstring injury
2015-10-24,Steelers,,• Cortez Allen,placed on ir with knee injury
2015-10-26,Jets,,• Jaiquawn Jarrett,placed on ir with knee injury
2015-10-27,Buccaneers,,• Louis Murphy Jr.,placed on ir with torn acl in right knee
2015-10-27,Rams,,• Alec Ogletree,placed on ir with fractured fibula in leg
2015-10-27,Texans,,• Arian Foster,placed on ir with torn right achilles tendon
2015-10-27,Vikings,,• Jabari Price,placed on ir with shoulder injury
2015-10-28,Ravens,,• Darren Waller,placed on ir with hamstring injury
2015-11-02,Buccaneers,,• Reid Fragel,placed on ir with concussion
2015-11-02,Dolphins,,• Cameron Wake,placed on ir with torn left achilles tendon
2015-11-02,Jets,,• Chris Owusu,placed on ir with concussion
2015-11-02,Steelers,,• Le'Veon Bell,placed on ir with right knee injury
2015-11-03,49ers,,• Reggie Bush,placed on ir with torn mcl in knee
2015-11-03,Broncos,,• Ty Sambrailo,placed on ir with shoulder injury
2015-11-03,Buccaneers,,• Clinton McDonald,placed on ir with pectoral muscle injury
2015-11-03,Chargers,,• Branden Oliver,placed on ir with turf toe
2015-11-03,Chargers,,• Keenan Allen,placed on ir with lacerated kidney
2015-11-03,Chargers,,• Tourek Williams,placed on ir with fractured foot
2015-11-03,Saints,,• Khiry Robinson,placed on ir with fractured tibia in leg
2015-11-03,Texans,,• Greg Mancz,placed on ir with knee injury
2015-11-04,Browns,,• Rob Housler,placed on ir with hamstring injury
2015-11-04,Lions,,• DeAndre Levy,placed on ir with hip injury
2015-11-04,Ravens,,• Steve Smith / Steve Smith Sr. (Latrall),placed on ir with torn right achilles tendon
2015-11-05,Giants,,• Owamagbe Odighizuwa / Owa Odighizuwa,placed on ir with hamstring injury
2015-11-07,49ers,,• L.J. McCray,placed on ir with knee injury
2015-11-07,49ers,,• Mike Davis (b. 1993-02-19),placed on ir with hand injury
2015-11-07,Bills,,• Percy Harvin,placed on ir with knee injury
2015-11-07,Giants,,• Jon Beason,"placed on ir with ankle, knee injury"
2015-11-07,Patriots,,• Ryan Wendell,placed on ir with knee injury
2015-11-07,Redskins,,• Jackson Jeffcoat,placed on ir with thigh injury
2015-11-09,Chargers,,• Chris Watt (a),placed on ir with shoulder injury
2015-11-09,Colts,,• Henry Anderson (Wyatt),placed on ir with torn acl in knee
2015-11-09,Eagles,,• Jordan Hicks (b. 1992-06-27),placed on ir with torn left pectoral tendon
2015-11-09,Lions,,• Andre Fluellen,placed on ir with hip injury
2015-11-09,Patriots,,• Dion Lewis,placed on ir with torn acl in left knee
2015-11-10,Giants,,• Johnathan Hankins,placed on ir with torn pectoral muscle
2015-11-10,Jets,,• Nick Folk,placed on ir with right quadriceps injury
2015-11-10,Redskins,,• Kory Lichtensteiger,placed on ir with neck injury
2015-11-10,Saints,,• Luke McCown,placed on ir with back injury
2015-11-10,Vikings,,• Audie Cole,placed on ir with fractured ankle
2015-11-11,Jets,,• Willie Colon,placed on ir with knee injury
2015-11-12,Cardinals,,• Cariel Brooks,placed on ir with high ankle sprain
2015-11-14,Lions,,• Rashean Mathis,placed on ir with concussion
2015-11-14,Seahawks,,• Ricardo Lockette,placed on ir with neck injury
2015-11-17,Chiefs,,• James O'Shaughnessy,placed on ir with fractured foot
2015-11-17,Giants,,• Victor Cruz,placed on ir with torn left calf muscle
2015-11-17,Rams,,• Darrell Williams (b. 1993-08-03),placed on ir with dislocated wrist
2015-11-17,Rams,,• Jamon Brown,placed on ir with fractured lower right leg
2015-11-17,Ravens,,• Breshad Perriman,placed on ir with sprained pcl in knee
2015-11-17,Titans,,• Jason McCourty,placed on ir with groin injury
2015-11-17,Titans,,• Justin Hunter,placed on ir with fractured right ankle
2015-11-18,Jaguars,,• James Sample,placed on ir with shoulder injury
2015-11-18,Jaguars,,• Sen'Derrick Marks,placed on ir with torn triceps
2015-11-18,Lions,,• Josh Wilson,placed on ir with knee injury
2015-11-18,Ravens,,• Asa Jackson,placed on ir with ankle injury
2015-11-18,Ravens,,• Jeremy Zuttah,placed on ir with torn pectoral muscle
2015-11-20,Eagles,,• Jerome Couplin III,placed on ir with shoulder injury
2015-11-21,49ers,,• Colin Kaepernick,placed on ir with left shoulder injury
2015-11-21,Jets,,• Zac Stacy,placed on ir with fractured ankle
2015-11-24,Ravens,,• Joe Flacco,"placed on ir with torn acl, mcl in left knee"
2015-11-24,Seahawks,,• Nick Moody,placed on ir with hamstring injury
2015-11-25,49ers,,• Glenn Dorsey,placed on ir with torn acl in knee
2015-11-25,Broncos,,• Kenny Anunike,placed on ir with knee injury
2015-11-25,Panthers,,• Amini Silatolu,placed on ir with torn acl in left knee
2015-11-26,Cardinals,,• LaMarr Woodley,placed on ir with chest injury
2015-11-26,Patriots,,• Aaron Dobson,placed on ir with high ankle sprain
2015-11-26,Saints,,• Keenan Lewis,placed on ir with knee injury
2015-11-27,Bengals,,• Darqueze Dennard,placed on ir with shoulder injury
2015-11-27,Eagles,,• Nolan Carroll,placed on ir with fractured right ankle
2015-11-27,Ravens,,• Justin Forsett,placed on ir with fractured right forearm
2015-11-27,Redskins,,• Chris Culliver,"placed on ir with torn acl, mcl in right knee"
2015-11-30,Bills,,• Alex Carrington,placed on ir with quadriceps injury
2015-11-30,Colts,,• Ahmad Bradshaw,placed on ir with right wrist injury
2015-11-30,Lions,,• Alex Carter (Rhys),placed on ir
2015-11-30,Ravens,,• Chase Ford,placed on ir with shoulder injury
2015-11-30,Seahawks,,• Jimmy Graham,placed on ir with torn patellar tendon in right knee
2015-12-01,Bills,,• Kyle Williams (Derrick),placed on ir with left knee injury
2015-12-01,Cardinals,,• Chris Johnson (Duan),placed on ir with fractured leg
2015-12-01,Giants,,• Geoff Schwartz,placed on ir with fractured left leg
2015-12-01,Patriots,,• Trey Flowers,"placed on ir with shoulder, knee injury"
2015-12-02,Browns,,• Josh McCown,placed on ir with fractured clavicle
2015-12-02,Chiefs,,• Ben Grubbs,placed on ir with neck injury
2015-12-02,Cowboys,,• Ryan Russell,placed on ir with abdominal injury
2015-12-02,Dolphins,,• Calvin Mosley / C.J. Mosley,placed on ir with calf injury
2015-12-04,Falcons,,• Leonard Hankerson,placed on ir with hamstring injury
2015-12-05,Jaguars,,• Toby Gerhart,placed on ir with groin injury
2015-12-05,Seahawks,,• Paul Richardson Jr.,placed on ir with hamstring injury
2015-12-07,Browns,,• Joel Bitonio,placed on ir with ankle injury
2015-12-07,Jaguars,,• Bernard Pierce,placed on ir with calf injury
2015-12-07,Redskins,,• Trenton Robinson,placed on ir with hamstring injury
2015-12-08,49ers,,• Garrett Celek,placed on ir with left ankle injury
2015-12-08,Bears,,• Martellus Bennett,placed on ir with fractured ribs
2015-12-08,Browns,,• Malcolm Johnson (Jamaine),placed on ir with groin injury
2015-12-08,Cardinals,,• Earl Watford,placed on ir with hand injury
2015-12-08,Colts,,• Nate Irving,placed on ir with wrist injury
2015-12-08,Giants,,• Larry Donnell,placed on ir with neck injury
2015-12-08,Giants,,• Zak DeOssie,placed on ir with wrist injury
2015-12-08,Jets,,• Mike Catapano,placed on ir with foot injury
2015-12-08,Vikings,,• Antone Exum Jr.,"placed on ir with fractured rib, shoulder"
2015-12-08,Dolphins,,• Robert Thomas II,placed on ir with elbow injury
2015-12-09,Rams,,• Robert Quinn,placed on ir with back injury
2015-12-09,Saints,,• Mark Ingram II / Mark Ingram Jr.,placed on ir with shoulder injury
2015-12-10,Bills,,• Tony Steward,placed on ir with back injury
2015-12-11,Falcons,,• Matt Bryant,placed on ir with right quadriceps injury
2015-12-11,Rams,,• T.J. McDonald,placed on ir with shoulder injury
2015-12-11,Redskins,,• Stephen Paea,placed on ir with toe injury
2015-12-12,49ers,,• Carlos Hyde,placed on ir with foot injury
2015-12-12,Bears,,• Marquess Wilson,placed on ir with foot injury
2015-12-12,Chargers,,• Brandon Flowers,placed on ir with knee injury
2015-12-12,Chargers,,• Corey Liuget,placed on ir with foot injury
2015-12-12,Raiders,,• Neiron Ball,placed on ir with knee injury
2015-12-12,Ravens,,• Eugene Monroe,placed on ir with shoulder injury
2015-12-12,Titans,,• Yannik Cudjoe-Virgil,placed on ir with knee injury
2015-12-14,Bears,,• Antrel Rolle,placed on ir with knee injury
2015-12-14,Browns,,• Joe Haden,placed on ir with concussion
2015-12-14,Dolphins,,• Brandon Williams (Darnell),placed on ir with fractured foot
2015-12-15,Browns,,• Brian Hartline,placed on ir with fractured clavicle
2015-12-15,Falcons,,• William Moore,placed on ir with ankle injury
2015-12-15,Lions,,• Brandon Pettigrew,placed on ir with torn acl in knee (out for season)
2015-12-15,Panthers,,• Bene Benwikere / Bene' Benwikere,placed on ir with fractured left leg
2015-12-15,Patriots,,• Dominique Easley,placed on ir with thigh injury
2015-12-15,Raiders,,• Jon Condo,placed on ir with shoulder injury
2015-12-15,Ravens,,• Chris Canty (Lee),placed on ir with torn pectoral muscle
2015-12-15,Redskins,,• Derek Carrier,"placed on ir with torn acl, mcl in knee"
2015-12-15,Seahawks,,• Thomas Rawls,placed on ir with fractured ankle
2015-12-16,Bills,,• Stephon Gilmore,placed on ir with torn labrum in left shoulder
2015-12-16,Patriots,,• LeGarrette Blount,placed on ir with hip injury
2015-12-16,Saints,,• Damian Swann,placed on ir with concussion
2015-12-16,Saints,,• Marcus Murphy (b. 1991-10-03),placed on ir with ankle injury
2015-12-16,Titans,,• Dexter McCluster,placed on ir with knee / wrist injury
2015-12-17,Rams,,• Robert Quinn,placed on ir with back injury
2015-12-17,Titans,,• Derrick Morgan,placed on ir with shoulder injury
2015-12-18,Falcons,,• James Stone,placed on ir with knee injury
2015-12-18,Jets,,• Devin Smith (b. 1992-03-03),placed on ir with torn acl in knee
2015-12-19,Raiders,,• Austin Howard,placed on ir with knee injury
2015-12-19,Vikings,,• Scott Crichton,"placed on ir with concussion, neck injury"
2015-12-21,Colts,,• Billy Winn,placed on ir with torn rotator cuff in shoulder
2015-12-21,Colts,,• Griff Whalen,placed on ir with fractured ribs
2015-12-21,Packers,,• Ty Montgomery,placed on ir with ankle injury
2015-12-21,Patriots,,• Eric Martin (b. 1991-07-21),placed on ir with concussion
2015-12-21,Ravens,,• Crockett Gillmore,placed on ir with back injury
2015-12-21,Redskins,,• Andre Roberts,placed on ir with torn mcl in right knee
2015-12-21,Texans,,• Taylor Yates / T.J. Yates,placed on ir with torn acl in left knee
2015-12-22,Bills,,• Randell Johnson,placed on ir with high ankle sprain
2015-12-22,Bills,,• Robert Woods (Thomas),placed on ir with groin injury
2015-12-22,Broncos,,• David Bruton Jr.,placed on ir with fractured fibula
2015-12-22,Browns,,• John Greco,placed on ir with knee injury
2015-12-22,Cardinals,,• Tyrann Mathieu,placed on ir with torn acl in right knee
2015-12-22,Chargers,,• Melvin Gordon III,placed on ir with knee injury
2015-12-22,Dolphins,,• Chris McCain,placed on ir with knee injury
2015-12-22,Dolphins,,• Koa Misi,placed on ir with back injury
2015-12-22,Packers,,• Brett Goode,placed on ir with knee injury
2015-12-22,Titans,,• Mike Martin (Brendan),placed on ir with knee injury
2015-12-23,Browns,,• Andrew Hawkins,placed on ir with concussion
2015-12-23,Giants,,• Nikita Whitlock,placed on ir with knee injury
2015-12-23,Raiders,,• Mario Edwards Jr.,placed on ir with neck injury
2015-12-24,Colts,,• D'Joun Smith,placed on ir with knee injury
2015-12-25,Cowboys,,• Gavin Escobar,placed on ir with achilles injury
2015-12-25,Cowboys,,• Tony Romo (Ramiro),placed on ir with left shoulder injury
2015-12-25,Giants,,• James Morris (b. 1991-11-20),placed on ir with quadriceps injury
2015-12-25,Giants,,• Markus Kuhn,placed on ir with knee injury
2015-12-26,49ers,,• Alex Boone,placed on ir with knee injury
2015-12-26,Buccaneers,,• Akeem Spence,placed on ir with ankle injury
2015-12-26,Seahawks,,• Anthony McCoy,"placed on ir with ankle, knee injury"
2015-12-28,Bills,,• Marcus Easley,placed on ir with dislocated left knee cap
2015-12-28,Chargers,,• Darrell Stuckey,placed on ir with knee injury
2015-12-28,Chargers,,• Eric Weddle,placed on ir with groin injury
2015-12-28,Chargers,,• Ladarius Green,placed on ir with ankle injury
2015-12-28,Chargers,,• Sean Lissemore,placed on ir with shoulder injury
2015-12-28,Colts,,• Charlie Whitehurst,placed on ir with hamstring injury
2015-12-28,Colts,,• Hugh Thornton,placed on ir with ankle injury
2015-12-28,Giants,,• Devon Kennard,"placed on ir with foot, hamstring injuries"
2015-12-28,Steelers,,• Roosevelt Nix (Delbert),placed on ir with foot injury
2015-12-29,Colts,,• Josh McNary,placed on ir with groin injury
2015-12-29,Ravens,,• Marlon Brown (D.),placed on ir with back injury
2015-12-29,Texans,,• Charles James II,placed on ir with foot injury
2015-12-30,49ers,,• Shaun Draughn,placed on ir with sprained knee
2015-12-30,Bears,,• Alshon Jeffery,placed on ir with hamstring injury
2015-12-30,Bears,,• Eddie Goldman,placed on ir with right high ankle sprain
2015-12-30,Bills,,• Charles Clay (b. 1989-02-13),placed on ir with back injury
2015-12-30,Bills,,• Ron Brooks (a),placed on ir with concussion / neck injury
2015-12-30,Buccaneers,,• Major Wright,placed on ir with various undisclosed injuries
2015-12-30,Buccaneers,,• Vincent Jackson,placed on ir with sprained mcl in right knee
2015-12-30,Cowboys,,• Barry Church,placed on ir with fractured right arm
2015-12-30,Cowboys,,• David Irving,placed on ir with fractured left wrist
2015-12-30,Cowboys,,• Dez Bryant,"placed on ir with right ankle, foot injury"
2015-12-30,Falcons,,• Paul Soliai,placed on ir with calf injury
2015-12-30,Raiders,,• Nate Allen (b),placed on ir with knee injury
2015-12-30,Saints,,• C.J. Spiller,placed on ir with undisclosed injury
2015-12-31,Colts,,• Dwayne Allen,placed on ir with calf injury
2015-12-31,Giants,,• Danny Aiken,placed on ir with thumb injury
2015-12-31,Giants,,• J.T. Thomas III,placed on ir with ankle injury
2015-12-31,Rams,,• Doug Worthington,placed on ir with thigh injury
2015-12-31,Rams,,• Nick Fairley,placed on ir with concussion
2016-01-01,Buccaneers,,• Chris Conte,placed on ir with knee injury
2016-01-01,Jaguars,,• Abry Jones,placed on ir with knee injury
2016-01-01,Rams,,• Eric Patterson,placed on ir with ankle injury
2016-01-01,Saints,,• Kendall Hunter,placed on ir with knee injury
2016-01-02,49ers,,• Michael Wilhoite,placed on ir with ankle injury
2016-01-02,Dolphins,,• Rishard Matthews,placed on ir with rib injury
2016-01-02,Eagles,,• Bennie Logan,placed on ir with calf injury (out for season)
2016-01-02,Lions,,• Travis Swanson,placed on ir with shoulder injury
2016-01-04,Bengals,,• Emmanuel Lamur,placed on ir with knee injury
2016-01-05,Panthers,,• Charles Tillman,placed on ir with torn acl in right knee
2016-01-05,Redskins,,• Kyshoen Jarrett,placed on ir with nerve injury in neck / right arm
2016-01-05,Texans,,• Duane Brown,placed on ir with right quadriceps injury
2016-01-06,Bengals,,• Brandon Thompson,placed on ir with knee injury (out for season)
2016-01-06,Vikings,,• Rhett Ellison,placed on ir with torn patellar tendon in knee
2016-01-12,Cardinals,,• Cory Redding,placed on ir with ankle injury
2016-01-15,Packers,,• Andrew Quarless,placed on ir with knee injury
2016-01-19,Broncos,,• Omar Bolden,placed on ir with torn pcl in right knee
2016-01-19,Patriots,,• Jerod Mayo,placed on ir with shoulder injury
2016-05-09,Chiefs,,• Tautvydas Kieras,placed on ir with undisclosed injury
2016-05-10,Giants,,• Ben Edwards,placed on ir with torn acl in knee
2016-05-10,Packers,,• David Grinnage,placed on ir with undisclosed injury
2016-05-10,Seahawks,,• Jeff Fuller (b),placed on ir with undisclosed injury
2016-05-10,Seahawks,,• Mohammed Seisay,placed on ir with undisclosed injury
2016-05-11,Colts,,• Mike McFarland (b),placed on ir with undisclosed injury
2016-05-11,Giants,,• Uani 'Unga / Uani Unga / Uani' Unga,placed on ir with undisclosed injury
2016-05-12,Buccaneers,,• Dez Stewart,placed on ir with undisclosed injury
2016-05-17,Chargers,,• Brock Hekking,placed on ir with undisclosed injury
2016-05-17,Seahawks,,• Christian French,placed on ir with undisclosed injury
2016-05-23,Panthers,,• Jake McGee,placed on ir with undisclosed injury
2016-05-24,Chargers,,• Matt Daniels,placed on ir with leg injury
2016-05-25,Raiders,,• Andre Debose,placed on ir with undisclosed injury
2016-05-26,Bengals,,• Jonathan Brown (b) / Jon Brown,placed on ir with foot injury
2016-05-31,Lions,,• Timothy Wright / Tim Wright (a),placed on ir with torn acl in knee
2016-06-01,Vikings,,• B.J. Dubose,placed on ir with torn acl in knee
2016-06-03,Titans,,• Byron Bell,placed on ir with ankle injury
2016-06-07,Colts,,• Isiah Cage,placed on ir with undisclosed injury
2016-06-08,Steelers,,• Jay Rome,placed on ir with undisclosed injury
2016-06-08,Steelers,,• Tyriq McCord,placed on ir with undisclosed injury
2016-06-09,Cowboys,,• Jerrell Harris,placed on ir with undisclosed injury
2016-06-09,Steelers,,• Kevin Anderson (b),placed on ir with undisclosed injury
2016-06-13,Cowboys,,• Brandon McGee,placed on ir with undisclosed injury
2016-06-13,Lions,,• Corey Washington,placed on ir with undisclosed injury
2016-06-13,Patriots,,• Michael Williams (b),placed on ir with torn acl in knee
2016-06-13,Rams,,• Louis Trinca-Pasat,placed on ir with torn acl in knee
2016-06-17,Chiefs,,• Kenny Cook,placed on ir with quadriceps injury
2016-06-17,Saints,,• Jamarca Sanford,placed on ir with undisclosed injury
2016-06-20,Bills,,• Phillip Thomas (b. 1989-03-01),placed on ir with undisclosed injury
2016-06-24,Saints,,• Kyle Wilson (b. 1987-05-30),placed on ir with torn labrum in shoulder
2016-07-21,Texans,,• Richard Leonard,placed on ir with torn hamstring
2016-07-26,Saints,,• Vincent Brown Jr.,placed on ir with undisclosed injury
2016-07-28,Ravens,,• Cavellis Luckett,placed on ir with undisclosed injury
2016-07-28,Ravens,,• Jumal Rolle,placed on ir with torn achilles tendon
2016-07-29,Raiders,,• Roy Helu Jr.,placed on ir with undisclosed injury
2016-07-29,Saints,,• Tony Carter (Lamar),placed on ir with undisclosed injury
2016-07-30,Colts,,• Brian Tyms,placed on ir with rib injury
2016-07-31,Broncos,,• Phillip Taylor / Phil Taylor,placed on ir with knee injury
2016-08-01,Chargers,,• Carlos Wray,placed on ir with undisclosed injury
2016-08-01,Chargers,,• Terrell Chestnut,placed on ir with undisclosed injury
2016-08-01,Chiefs,,• Tre Jones,placed on ir with hamstring injury
2016-08-01,Saints,,• Ryker Mathews,placed on ir with knee injury
2016-08-01,Seahawks,,• Tyler Slavin,placed on ir with undisclosed injury
2016-08-02,Colts,,• Andrew Williamson,placed on ir with knee injury
2016-08-02,Steelers,,• Brandon Johnson (c),placed on ir with undisclosed injury
2016-08-02,Steelers,,• Quinton Schooley,placed on ir with undisclosed injury
2016-08-03,Bears,,• Brandon Boykin,placed on ir with pectoral muscle injury
2016-08-03,Browns,,• Dylan Wynn,placed on ir with ankle injury
2016-08-03,Lions,,• Ryan Spadola,placed on ir with torn pectoral muscle
2016-08-03,Titans,,• Bennett Okotcha,placed on ir with shoulder injury
2016-08-04,Chargers,,• Jamaal Jones,placed on ir with undisclosed injury
2016-08-04,Dolphins,,• Tyler Murphy,placed on ir with undisclosed injury
2016-08-04,Jets,,• Kendall James (b),placed on ir with undisclosed injury
2016-08-04,Saints,,• Alden Darby,placed on ir with undisclosed injury
2016-08-04,Saints,,• Kyle Prater,placed on ir with undisclosed injury
2016-08-04,Steelers,,• Mandel Dixon,placed on ir with undisclosed injury
2016-08-04,Steelers,,• Shakim Phillips,placed on ir with undisclosed injury
2016-08-05,Bears,,• Marquis Jackson,placed on ir with hamstring injury
2016-08-05,Browns,,• Patrick Skov,placed on ir with left foot injury
2016-08-05,Buccaneers,,• George Johnson,placed on ir with hip injury
2016-08-05,Cowboys,,• Darryl Baldwin,placed on ir with undisclosed injury
2016-08-05,Cowboys,,• Rolan Milligan,placed on ir with undisclosed injury
2016-08-05,Eagles,,• Connor Wujciak,placed on ir with shoulder injury
2016-08-06,Broncos,,• Sam Brenner,placed on ir with concussion
2016-08-06,Raiders,,• SaQwan Edwards,placed on ir with undisclosed injury
2016-08-06,Steelers,,• Canaan Severin,placed on ir with shoulder injury
2016-08-07,Chiefs,,• Vernon Harris,placed on ir with undisclosed injury
2016-08-07,Colts,,• Darion Griswold,placed on ir with undisclosed injury
2016-08-07,Saints,,• D.J. Pettway,placed on ir with undisclosed injury
2016-08-07,Seahawks,,• Brandon Cottom,placed on ir with achilles injury
2016-08-07,Seahawks,,• Cooper Helfet,placed on ir with foot injury
2016-08-07,Seahawks,,• David Perkins,placed on ir with ankle injury
2016-08-07,Seahawks,,• Ronnie Shields,placed on ir with achilles injury
2016-08-07,Seahawks,,• Tre Madden,placed on ir with shoulder injury
2016-08-08,Bills,,• Kevin Reddick,placed on ir with knee injury
2016-08-09,Browns,,• Kyle Rose,placed on ir with hamstring injury
2016-08-09,Dolphins,,• Ifo Ekpre-Olomu,placed on ir with torn acl in right knee
2016-08-09,Jets,,• Julien Obioha,placed on ir with undisclosed injury
2016-08-09,Redskins,,• Steven Daniels,placed on ir with torn labrum in shoulder
2016-08-10,Panthers,,• Chas Alecxih,placed on ir with knee injury
2016-08-10,Panthers,,• Tobais Palmer,placed on ir with ankle injury
2016-08-10,Seahawks,,• Tavaris Barnes,placed on ir with undisclosed injury
2016-08-11,Bears,,• Nick Becton,placed on ir with elbow injury
2016-08-11,Lions,,• Ian Wells,placed on ir with right knee injury
2016-08-12,Colts,,• Abou Toure,placed on ir with undisclosed injury
2016-08-14,Packers,,• Jesse Schmitt,placed on ir
2016-08-14,Steelers,,• Ross Ventrone,placed on ir with undisclosed injury
2016-08-15,Chargers,,• Steve Johnson (John) / Stevie Johnson,placed on ir with knee injury
2016-08-15,Jets,,• Matthew Tucker,placed on ir with undisclosed injury
2016-08-15,Lions,,• Andre Caldwell / Bubba Caldwell,placed on ir with hand injury
2016-08-15,Chargers,,• Sean Lissemore,placed on ir with shoulder injury
2016-08-16,49ers,,• Thaddeus Lewis / Thad Lewis,placed on ir with torn acl in left knee
2016-08-16,Bills,,• Ikemefuna Enemkpali / I.K. Enemkpali,placed on ir with torn acl in right knee
2016-08-16,Browns,,• Rannell Hall,placed on ir with fractured fibula
2016-08-16,Buccaneers,,• Elijah Shumate,"placed on ir with hand, wrist injury"
2016-08-16,Cardinals,,• Durell Eskridge,placed on ir with arm injury
2016-08-16,Cowboys,,• Cameron Bradfield,placed on ir with knee injury
2016-08-16,Jets,,• Bernard Pierce,placed on ir with hamstring injury
2016-08-16,Packers,,• Jesse Schmitt,placed on ir with fractured right hand
2016-08-16,Ravens,,• Kaelin Clay,placed on ir with foot injury
2016-08-16,Steelers,,• Brian Mihalik,placed on ir with knee injury
2016-08-16,Steelers,,• Roy Philon,placed on ir with ankle injury
2016-08-17,Cowboys,,• Gerald Dixon Jr.,placed on ir with pectoral muscle injury
2016-08-17,Dolphins,,• Farrington Huguenin,placed on ir with ankle injury
2016-08-17,Falcons,,• Chris Mayes,placed on ir with foot injury
2016-08-17,Rams,,• Brian Randolph,placed on ir with torn acl in knee
2016-08-17,Seahawks,,• Stanley Jean-Baptiste,placed on ir with shoulder injury
2016-08-17,Texans,,• Soma Vainuku,placed on ir with undisclosed injury
2016-08-18,Jaguars,,• Jonas Gray,placed on ir with quadriceps injury
2016-08-18,Ravens,,• Sam Brown (b),placed on ir with undisclosed injury
2016-08-18,Titans,,• Josue Matias,placed on ir with torn patellar tendon in knee
2016-08-19,Broncos,,• Vance Walker,placed on ir with torn acl in right knee
2016-08-19,Chargers,,• Rico Richardson,placed on ir with undisclosed injury
2016-08-19,Cowboys,,• Chris Brown (b. 1993-12-08),placed on ir with foot injury
2016-08-19,Panthers,,• Devon Johnson,placed on ir with back injury
2016-08-19,Redskins,,• Kevin Bowen,placed on ir with undisclosed injury
2016-08-22,Chargers,,• Jeff Cumberland,placed on ir with torn left achilles tendon
2016-08-22,Steelers,,• Valerian Ume-Ezeoke,placed on ir with undisclosed injury
2016-08-23,Browns,,• Dennis Parks,placed on ir with knee injury
2016-08-23,Buccaneers,,• Kelby Johnson,placed on ir with calf injury
2016-08-23,Colts,,• Kevin Graf (a),placed on ir with leg injury
2016-08-23,Steelers,,• Cole Manhart,placed on ir with undisclosed injury
2016-08-24,49ers,,• Jered Bell,placed on ir with undisclosed injury
2016-08-24,Cowboys,,• Jared Smith,placed on ir with undisclosed injury
2016-08-26,Chargers,,• Tyler Marcordes,placed on ir with undisclosed injury
2016-08-27,Patriots,,• Frank Kearse,placed on ir with right hand injury
2016-08-29,49ers,,• Eric Rogers,placed on ir with torn acl in knee
2016-08-29,Browns,,• Glenn Winston,placed on ir with shoulder injury
2016-08-29,Browns,,• Nile Lawrence-Stample,placed on ir with shoulder injury
2016-08-29,Cowboys,,• Josh Thomas (b),placed on ir with left thumb injury
2016-08-29,Eagles,,• Alex McCalister,placed on ir with calf injury
2016-08-29,Eagles,,• Joe Walker (b. 1992-12-11),placed on ir with knee injury
2016-08-29,Lions,,• Jimmy Landes,placed on ir with shoulder injury
2016-08-29,Raiders,,• Gabe Holmes,placed on ir with high ankle sprain
2016-08-29,Ravens,,• Benjamin Watson / Ben Watson,placed on ir with achilles injury
2016-08-29,Ravens,,• Kyle Arrington,placed on ir with concussion
2016-08-29,Seahawks,,• Sealver Siliga,placed on ir with calf injury
2016-08-29,Steelers,,• Jerald Hawkins,placed on ir with shoulder injury
2016-08-30,49ers,,• Bruce Ellington,placed on ir with hamstring injury
2016-08-30,Bears,,• Connor Shaw,placed on ir with fractured right leg
2016-08-30,Bears,,• Hroniss Grasu,placed on ir with torn acl in right knee
2016-08-30,Bengals,,• Andrew Billings,placed on ir with knee injury
2016-08-30,Bills,,• Reggie Ragland,placed on ir with torn acl in knee
2016-08-30,Broncos,,• Garrett Graham,placed on ir with shoulder injury
2016-08-30,Cardinals,,• Elie Bouka,placed on ir with leg injury
2016-08-30,Cardinals,,• Mike Jenkins (b. 1985-03-22),placed on ir with torn acl in right knee
2016-08-30,Chargers,,• Branden Oliver,placed on ir with torn right achilles tendon
2016-08-30,Chargers,,• Donavon Clark,placed on ir with torn acl in knee
2016-08-30,Chiefs,,• Josh Mauga,placed on ir with hip injury (out for season)
2016-08-30,Colts,,• Dezmen Southward / Dez Southward,placed on ir with undisclosed injury
2016-08-30,Cowboys,,• James Morris (b. 1991-11-20),placed on ir with undisclosed injury
2016-08-30,Cowboys,,• Jeremiah McKinnon,placed on ir with undisclosed injury
2016-08-30,Cowboys,,• Kellen Moore,placed on ir with fractured fibula in leg
2016-08-30,Cowboys,,• Shaneil Jenkins,placed on ir with knee injury
2016-08-30,Eagles,,• Aaron Grymes,placed on ir with separated right shoulder
2016-08-30,Giants,,• Byron Stingily,placed on ir with concussion
2016-08-30,Giants,,• Matt LaCosse,placed on ir with knee injury
2016-08-30,Giants,,• Nikita Whitlock,placed on ir with foot injury
2016-08-30,Jaguars,,• James Sample,placed on ir with shoulder injury
2016-08-30,Jaguars,,• Jeffrey Linkenbach / Jeff Linkenbach,placed on ir with undisclosed injury
2016-08-30,Panthers,,• LaRon Byrd,placed on ir with concussion
2016-08-30,Panthers,,• Rakim Cox,placed on ir with back injury
2016-08-30,Rams,,• Marquez North,placed on ir with undisclosed injury
2016-08-30,Rams,,• Zach Laskey,placed on ir with undisclosed injury
2016-08-30,Ravens,,• Bronson Kaufusi,placed on ir with fractured ankle
2016-08-30,Ravens,,• Stephane Nembot,placed on ir with undisclosed injury
2016-08-30,Redskins,,• Keith Marshall,placed on ir with left elbow injury
2016-08-30,Seahawks,,• Deshon Foxx,placed on ir with hamstring injury
2016-08-30,Steelers,,• Dustin Vaughan,placed on ir with fractured right thumb
2016-08-30,Texans,,• Ka'imi Fairbairn,placed on ir with quadriceps injury
2016-08-30,Texans,,• Kurtis Drummond,placed on ir with leg injury
2016-08-30,Texans,,• Nick Martin (Jacob),placed on ir with high ankle sprain
2016-08-31,Bears,,• Lamin Barrow,placed on ir with foot injury
2016-08-31,Bengals,,• Mario Alford,placed on ir with ankle injury
2016-08-31,Bills,,• Chris Gragg,placed on ir with torn acl in knee
2016-08-31,Bills,,• Jonathan Dowling,placed on ir with torn acl in knee
2016-08-31,Bills,,• Justin Renfrow,placed on ir with undisclosed injury
2016-08-31,Buccaneers,,• Donteea Dye,placed on ir with hamstring injury
2016-08-31,Cardinals,,• Jake Coker,placed on ir with knee injury
2016-08-31,Chargers,,• Dreamius Smith,placed on ir with torn achilles tendon
2016-08-31,Chargers,,• Javontee Herndon,placed on ir with knee injury
2016-08-31,Chargers,,• Tyler Johnstone,placed on ir with undisclosed injury
2016-08-31,Chargers,,• Zamir Carlis,placed on ir with knee injury
2016-08-31,Chiefs,,• Trey Millard,placed on ir with knee injury
2016-08-31,Cowboys,,• Arjen Colquhoun,placed on ir with undisclosed injury
2016-08-31,Cowboys,,• Henoc Muamba,placed on ir with undisclosed injury
2016-08-31,Falcons,,• Devin Fuller,placed on ir with shoulder injury
2016-08-31,Falcons,,• Tyrell Johnson,placed on ir with undisclosed injury
2016-08-31,Giants,,• Ryan Malleck,placed on ir with stinger in neck
2016-08-31,Jaguars,,• Earl Wolff,placed on ir with knee injury
2016-08-31,Jets,,• Dion Bailey,placed on ir with elbow injury
2016-08-31,Jets,,• Jake Ceresna,placed on ir with undisclosed injury
2016-08-31,Jets,,• Romar Morris,placed on ir with shoulder injury
2016-08-31,Packers,,• Jacob Flores,placed on ir with undisclosed injury
2016-08-31,Packers,,• John Crockett,placed on ir with shoulder injury
2016-08-31,Packers,,• Josh Walker,placed on ir with undisclosed injury
2016-08-31,Packers,,• Kennard Backman,placed on ir with undisclosed injury
2016-08-31,Packers,,• Mitchell Henry,placed on ir with undisclosed injury
2016-08-31,Redskins,,• Reggie Diggs,placed on ir with knee injury
2016-08-31,Saints,,• Damian Swann,placed on ir with undisclosed injury
2016-08-31,Saints,,• Jimmy Pruitt,placed on ir with torn patellar tendon in knee
2016-08-31,Seahawks,,• George Farmer (c),placed on ir with undisclosed injury
2016-08-31,Seahawks,,• Josh Shirley,placed on ir with undisclosed injury
2016-08-31,Seahawks,,• Kevin Smith (b. 1991-12-21),placed on ir with hamstring injury
2016-08-31,Seahawks,,• Trovon Reed,placed on ir with undisclosed injury
2016-08-31,Steelers,,• Bruce Gradkowski,placed on ir with left hamstring injury
2016-08-31,Texans,,• Duke Thomas,placed on ir with undisclosed injury
2016-08-31,Texans,,• Gerald Rivers,placed on ir with undisclosed injury
2016-08-31,Titans,,• Andy Gallik,placed on ir with knee injury
2016-08-31,Vikings,,• Antone Exum Jr.,placed on ir with leg injury
2016-08-31,Vikings,,• Scott Crichton,placed on ir with undisclosed injury
2016-09-01,Jaguars,,• Tony Washington (b),placed on ir with hamstring injury
2016-09-01,Vikings,,• Teddy Bridgewater,placed on ir with torn acl in left knee and dislocated left knee
2016-09-03,Bengals,,• Marcus Hardison,placed on ir with shoulder injury
2016-09-03,Bills,,• Blake Annen,placed on ir with neck injury
2016-09-03,Bills,,• James Wilder Jr.,placed on ir with concussion
2016-09-03,Bills,,• Marquis Lucas,placed on ir with undisclosed injury
2016-09-03,Bills,,• Randell Johnson,placed on ir with undisclosed injury
2016-09-03,Colts,,• Hugh Thornton,placed on ir with ankle injury
2016-09-03,Colts,,• Ron Thompson Jr.,placed on ir with undisclosed injury
2016-09-03,Colts,,• Tevin Mitchel,placed on ir with hamstring injury
2016-09-03,Falcons,,• Akeem King,placed on ir with foot injury
2016-09-03,Falcons,,• DeMarcus Van Dyke,placed on ir with concussion
2016-09-03,Giants,,• Will Johnson (Christopher),"placed on ir with neck injury (""stinger"")"
2016-09-03,Jaguars,,• (Benjamin) Michael Bennett,placed on ir with calf injury
2016-09-03,Jets,,• Kenbrell Thompkins,placed on ir with groin injury
2016-09-03,Panthers,,• Ben Jacobs,placed on ir with quadriceps injury
2016-09-03,Panthers,,• Jordan Rigsbee,placed on ir with right knee injury
2016-09-03,Panthers,,• Kevin Norwood,placed on ir with left hip injury
2016-09-03,Rams,,• Darrell Williams (b. 1993-08-03),placed on ir with undisclosed injury
2016-09-03,Rams,,• Garrett Reynolds,placed on ir with undisclosed injury
2016-09-03,Ravens,,• Chris Matthews,placed on ir with undisclosed injury
2016-09-03,Ravens,,• De'Ondre Wesley,placed on ir with undisclosed injury
2016-09-03,Ravens,,• Michael Campanaro,placed on ir with calf injury
2016-09-03,Saints,,• Michael Hoomanawanui,placed on ir with left leg injury
2016-09-03,Vikings,,• Jabari Price,placed on ir with knee injury
2016-09-03,Vikings,,• Michael Griffin (Devin),placed on ir with back injury
2016-09-04,49ers,,• DeAndre Smelter,placed on ir with hamstring / knee injury
2016-09-04,Bears,,• Danny Mason,placed on ir with knee injury
2016-09-04,Bears,,• Ego Ferguson,placed on ir with undisclosed injury
2016-09-04,Browns,,• Rajion Neal,placed on ir with knee injury
2016-09-04,Buccaneers,,• Bernard Reedy,placed on ir with knee injury
2016-09-04,Buccaneers,,• Kenny Bell,placed on ir with concussion / hamstring injury
2016-09-04,Buccaneers,,• Kivon Cartwright,placed on ir with shoulder injury
2016-09-04,Cardinals,,• Tristan Okpalaugo,placed on ir with hamstring / knee injury
2016-09-04,Chargers,,• Rasheed Bailey,placed on ir with ankle injury
2016-09-04,Chargers,,• Shaq Petteway,placed on ir with undisclosed injury
2016-09-04,Colts,,• D'Joun Smith,placed on ir with sprained ankle
2016-09-04,Cowboys,,• Mike McAdoo,placed on ir with undisclosed injury
2016-09-04,Eagles,,• Cayleb Jones,placed on ir with undisclosed injury
2016-09-04,Eagles,,• M.J. McFarland,placed on ir with knee injury
2016-09-04,Falcons,,• Tyler Starr,placed on ir with undisclosed injury
2016-09-04,Giants,,• Emmett Cleary,placed on ir with finger injury
2016-09-04,Giants,,• Jake Rodgers,placed on ir with ankle injury
2016-09-04,Jets,,• Dee Milliner,placed on ir with hamstring injury
2016-09-04,Jets,,• Trevor Reilly,placed on ir with undisclosed injury
2016-09-04,Lions,,• Josh Bynes,placed on ir with knee injury
2016-09-04,Packers,,• Kyle Steuck,placed on ir with ankle injury
2016-09-04,Packers,,• Tyler Kuder,placed on ir with knee injury
2016-09-04,Patriots,,• Kevin Snyder,placed on ir with hand injury
2016-09-04,Patriots,,• Tyler Gaffney,placed on ir with foot injury
2016-09-04,Raiders,,• James Cowser,placed on ir with concussion
2016-09-04,Raiders,,• Neiron Ball,placed on ir with undisclosed injury
2016-09-04,Ravens,,• Carrington Byndom,placed on ir with undisclosed injury
2016-09-04,Saints,,• Jeff Schoettmer,placed on ir with undisclosed injury
2016-09-04,Saints,,• Tyrus Thompson,placed on ir with undisclosed injury
2016-09-04,Seahawks,,• Eric Pinkins,placed on ir with undisclosed injury
2016-09-04,Seahawks,,• Joe Sommers,placed on ir with undisclosed injury
2016-09-04,Seahawks,,• Jordan Hill,placed on ir with undisclosed injury
2016-09-04,Seahawks,,• Terry Poole,placed on ir with undisclosed injury
2016-09-04,Texans,,• Dalton Freeman,placed on ir with undisclosed injury
2016-09-04,Texans,,• Tony Washington Jr.,placed on ir with undisclosed injury
2016-09-05,49ers,,• Will Redmond,placed on ir with torn acl in knee
2016-09-05,Bengals,,• Cedric Peerman,placed on ir with fractured left elbow/forearm
2016-09-05,Bengals,,• William Jackson III,placed on ir with torn pectoral muscle
2016-09-05,Jaguars,,• Josh Wells,placed on ir with thumb injury
2016-09-05,Packers,,• Makinton Dorleant,placed on ir with hamstring injury
2016-09-05,Raiders,,• Mario Edwards Jr.,placed on ir with hip injury
2016-09-05,Ravens,,• Carl Davis,placed on ir with ankle injury
2016-09-05,Ravens,,• Matt Elam,placed on ir with knee injury
2016-09-05,Saints,,• Sheldon Rankins,placed on ir with fractured fibula in left leg
2016-09-05,Steelers,,• Bud Dupree,placed on ir with groin injury
2016-09-06,Lions,,• Jonathan Bostic / Jon Bostic (b),placed on ir with foot injury
2016-09-08,Buccaneers,,• Mike James (b. 1991-04-13),placed on ir with leg injury
2016-09-12,Browns,,• Robert Griffin III,placed on ir with fractured coracoid bone in left shoulder
2016-09-12,Chargers,,• Keenan Allen,placed on ir with torn acl in right knee
2016-09-12,Giants,,• J.T. Thomas III,placed on ir with torn ligaments in left knee
2016-09-13,Buccaneers,,• Jacquies Smith,placed on ir with right knee injury
2016-09-14,Dolphins,,• Earl Mitchell,placed on ir with calf injury
2016-09-15,Cardinals,,• Lamar Louis,placed on ir with quadriceps injury
2016-09-19,Chargers,,• Danny Woodhead,placed on ir with torn acl in right knee
2016-09-19,Redskins,,• Kedric Golston,placed on ir with hamstring injury
2016-09-20,Panthers,,• Dean Marlowe,placed on ir with hamstring injury
2016-09-21,49ers,,• Ray-Ray Armstrong,placed on ir with pectoral muscle injury
2016-09-21,Giants,,• Mykkele Thompson,placed on ir with knee injury
2016-09-21,Lions,,• Ameer Abdullah,placed on ir with foot injury
2016-09-21,Saints,,• P.J. Williams,placed on ir with concussion
2016-09-21,Vikings,,• Matt Kalil,placed on ir with hip injury
2016-09-22,Bears,,• Lamarr Houston,placed on ir with torn acl in left knee
2016-09-22,Titans,,• Chance Warmack,placed on ir with torn tendon in finger
2016-09-23,Buccaneers,,• Devante Bond,placed on ir with hamstring injury
2016-09-23,Vikings,,• Adrian Peterson (Lewis),placed on ir with torn meniscus in right knee
2016-09-24,Browns,,• Patrick Murray,placed on ir with left knee injury
2016-09-27,Cardinals,,• Troy Niklas,placed on ir with wrist injury
2016-09-27,Colts,,• Trent Cole,placed on ir with back injury
2016-09-27,Giants,,• Shane Vereen,placed on ir with torn triceps
2016-09-27,Panthers,,• Ryan Delaire,placed on ir with knee injury
2016-09-27,Redskins,,• DeAngelo Hall,placed on ir with torn acl in right knee
2016-09-27,Redskins,,• Kory Lichtensteiger,placed on ir with calf injury
2016-09-28,Bears,,• Kyle Fuller (Brandon),placed on ir recovering from arthroscopic surgery on knee
2016-09-28,Cardinals,,• Alani Fua,placed on ir with knee injury
2016-09-28,Chargers,,• Manti Te'o,placed on ir with torn left achilles tendon
2016-09-28,Cowboys,,• Charles Tapper,placed on ir with back injury
2016-09-28,Saints,,• Obum Gwacham,placed on ir with undisclosed injury
2016-09-28,Texans,,• J.J. Watt,placed on ir with back injury
2016-09-29,Jets,,• Lawrence Thomas,placed on ir with torn labrum in shoulder
2016-09-30,Bills,,• Sammy Watkins,placed on ir with foot injury
2016-10-01,Browns,,• Nate Orchard,placed on ir with ankle injury
2016-10-03,Seahawks,,• Mike Morgan (Cantrel),placed on ir with sports hernia
2016-10-04,Cardinals,,• Chris Johnson (Duan),placed on ir with groin injury
2016-10-04,Cardinals,,• Tyvon Branch,placed on ir with groin injury
2016-10-04,Jaguars,,• Luke Joeckel,placed on ir with left knee injury
2016-10-04,Lions,,• Wallace Gilberry,placed on ir with abdominal injury
2016-10-04,Raiders,,• Ben Heeney,placed on ir with ankle injury
2016-10-05,Bears,,• Kevin White (Romone),placed on ir with fractured fibula in left leg
2016-10-05,Cowboys,,• La'el Collins,placed on ir with torn ligament in toe
2016-10-05,Falcons,,• Sean Weatherspoon,placed on ir with achilles injury
2016-10-05,Raiders,,• Lee Smith (b. 1987-11-21),placed on ir with fractured leg
2016-10-05,Redskins,,• David Bruton Jr.,placed on ir with concussion
2016-10-05,Texans,,• Devon Still,placed on ir with lisfranc sprain in foot
2016-10-06,49ers,,• NaVorro Bowman,placed on ir with achilles injury
2016-10-06,Ravens,,• Maurice Canady,placed on ir with hamstring injury
2016-10-07,Bills,,• Greg Salas,placed on ir with groin injury
2016-10-07,Chargers,,• Jason Verrett,placed on ir with torn acl in left knee
2016-10-07,Patriots,,• Jacoby Brissett,placed on ir with right thumb injury
2016-10-07,Ravens,,• Maxx Williams,placed on ir with knee injury
2016-10-08,Cardinals,,• Evan Mathis,placed on ir with ankle injury
2016-10-08,Steelers,,• Ryan Harris,placed on ir with shin injury
2016-10-08,Steelers,,• Senquez Golson,placed on ir with foot injury
2016-10-10,49ers,,• Chris Davis (b),placed on ir with knee injury
2016-10-10,Bills,,• Colt Anderson,placed on ir with hand injury
2016-10-10,Browns,,• Austin Reiter,placed on ir with knee injury
2016-10-10,Buccaneers,,• Charles Sims III,placed on ir with knee injury
2016-10-10,Chargers,,• Nick Dzubnar,placed on ir with knee injury
2016-10-10,Dolphins,,• Koa Misi,placed on ir with neck injury
2016-10-11,Ravens,,• Sheldon Price,placed on ir with biceps / thigh injury
2016-10-11,Vikings,,• Andre Smith (Dewayne),placed on ir with surgery on triceps
2016-10-12,Jets,,• Eric Decker,placed on ir with with torn rotator cuff in shoulder
2016-10-13,Saints,,• Erik Harris,placed on ir with torn acl in knee
2016-10-14,Browns,,• Joel Bitonio,placed on ir with foot injury
2016-10-15,Patriots,,• Greg Scruggs,placed on ir with knee injury
2016-10-15,Patriots,,• Jonathan Freeny,placed on ir with shoulder injury
2016-10-18,Browns,,• Jordan Poyer,placed on ir with abdominal injury
2016-10-18,Chiefs,,• Allen Bailey,placed on ir with shoulder injury
2016-10-18,Chiefs,,• Justin March-Lillard / Justin March,placed on ir with fractured hand (surgery) / knee injury
2016-10-18,Colts,,• Quan Bray,placed on ir with fractured ankle
2016-10-18,Falcons,,• Derrick Shelby,placed on ir with torn achilles tendon
2016-10-18,Packers,,• Sam Shields,placed on ir with concussion
2016-10-18,Seahawks,,• Garrison Smith,placed on ir with oblique injury
2016-10-19,Buccaneers,,• Vincent Jackson,placed on ir with torn acl in left knee
2016-10-19,Dolphins,,• Reshad Jones,placed on ir with rotator cuff injury in shoulder
2016-10-19,Texans,,• Brennan Scarlett,placed on ir with hamstring injury
2016-10-19,Texans,,• K.J. Dillon,placed on ir with torn acl in knee
2016-10-20,Packers,,• Eddie Lacy,placed on ir with ankle injury
2016-10-21,Redskins,,• Josh Doctson,placed on ir with achilles injury
2016-10-22,Jets,,• Braedon Bowman,placed on ir with torn acl in right knee
2016-10-22,Ravens,,• Kendrick Lewis,placed on ir with thigh injury
2016-10-22,Texans,,• Kevin Johnson (b. 1992-08-05),placed on ir with fractured foot
2016-10-24,Bears,,• Brian Hoyer,placed on ir with fractured left arm
2016-10-24,Eagles,,• Ron Brooks (a),placed on ir with quadriceps injury
2016-10-24,Packers,,• Chris Banjo,placed on ir with hamstring injury
2016-10-24,Packers,,• Jared Abbrederis,placed on ir with quadriceps injury
2016-10-25,Cardinals,,• Jaron Brown,placed on ir with torn acl in knee
2016-10-25,Chargers,,• Caraun Reid,placed on ir with torn acl in knee
2016-10-25,Jaguars,,• Roy Miller III,placed on ir with torn right achilles tendon
2016-10-25,Seahawks,,• Quinton Jefferson,placed on ir with knee injury
2016-10-26,Jets,,• Geno Smith,placed on ir with torn acl in knee
2016-10-26,Texans,,• Derek Newton,placed on ir with torn patellar tendon in knee
2016-10-28,Broncos,,• C.J. Anderson,placed on ir with surgery on knee
2016-10-28,Panthers,,• Teddy Williams,placed on ir with knee injury
2016-11-01,Bills,,• Aaron Williams (b),placed on ir with neck injury
2016-11-01,Cardinals,,• Ifeanyi Momah,placed on ir with wrist injury
2016-11-01,Cardinals,,• Jared Veldheer,placed on ir with triceps injury
2016-11-01,Lions,,• Cole Wick,placed on ir with knee injury
2016-11-02,Chiefs,,• Jamaal Charles,placed on ir with sore right knee
2016-11-05,Chiefs,,• Parker Ehinger,placed on ir with knee injury
2016-11-05,Dolphins,,• Jordan Cameron,placed on ir with concussion
2016-11-05,Saints,,• James Laurinaitis,placed on ir with quadriceps injury
2016-11-05,Steelers,,• Cody Wallace,placed on ir with left knee injury
2016-11-07,Buccaneers,,• Antone Smith,placed on ir with knee injury
2016-11-07,Buccaneers,,• Howard Jones,placed on ir with knee injury
2016-11-08,49ers,,• Arik Armstead,placed on ir with left shoulder injury
2016-11-08,Dolphins,,• Chimdi Chekwa,placed on ir with hamstring injury
2016-11-08,Redskins,,• Niles Paul,placed on ir with torn labrum in left shoulder
2016-11-09,Giants,,• Darian Thompson,placed on ir with foot injury
2016-11-09,Jets,,• Ryan Clady,placed on ir with torn rotator cuff in shoulder
2016-11-12,Texans,,• Lonnie Ballentine,placed on ir with groin injury
2016-11-14,Bills,,• Eric Wood,placed on ir with fractured leg
2016-11-14,Jets,,• Kellen Davis (M.),placed on ir with elbow injury
2016-11-14,Panthers,,• Andy Lee (P.),placed on ir with hamstring injury
2016-11-15,Bears,,• Will Sutton,placed on ir with left ankle injury
2016-11-15,Ravens,,• Willie Henry,placed on ir with undisclosed injury
2016-11-15,Steelers,,• Steven Johnson (c),placed on ir with ankle injury
2016-11-16,Bears,,• Kyle Long,placed on ir with right ankle injury
2016-11-16,Cowboys,,• Geoff Swaim,placed on ir with torn right pectoral muscle
2016-11-16,Packers,,• Don Jackson (c),placed on ir with hand injury
2016-11-16,Vikings,,• Jake Long,placed on ir with torn left achilles tendon
2016-11-18,Cardinals,,• Gabe Martin,placed on ir with knee injury
2016-11-18,Rams,,• Nelson Spruce,placed on ir with calf injury
2016-11-19,Colts,,• Kendall Langford,placed on ir with knee injury
2016-11-19,Steelers,,• Cameron Heyward / Cam Heyward,placed on ir with pectoral muscle injury
2016-11-19,Steelers,,• Markus Wheaton,placed on ir with shoulder injury
2016-11-21,Falcons,,• Jacob Tamme,placed on ir with shoulder injury
2016-11-21,Jaguars,,• Marcedes Lewis,placed on ir with calf injury
2016-11-21,Jaguars,,• Patrick Omameh,placed on ir with left foot injury
2016-11-22,Bengals,,• Giovani Bernard,placed on ir with torn acl in left knee
2016-11-22,Chargers,,• Brandon Mebane,placed on ir with biceps injury
2016-11-22,Rams,,• Josh Forrest,placed on ir with knee injury
2016-11-23,49ers,,• Eric Reid,placed on ir with biceps injury
2016-11-23,Bears,,• Zach Miller (Scott),placed on ir with fractured foot
2016-11-23,Buccaneers,,• Ben Gottschalk,placed on ir with knee injury
2016-11-25,Panthers,,• Michael Oher,placed on ir with concussion
2016-11-25,Panthers,,• Zack Sanchez,placed on ir with groin injury
2016-11-26,Bills,,• Robert Blanton,placed on ir with foot injury
2016-11-28,Browns,,• John Greco,placed on ir with foot injury
2016-11-29,49ers,,• Shayne Skov,placed on ir with knee injury
2016-11-29,Bears,,• Danny Trevathan,placed on ir with torn patellar tendon in right knee
2016-11-29,Bengals,,• Chykie Brown,placed on ir with knee injury
2016-11-29,Bills,,• Corbin Bryant,placed on ir with shoulder injury
2016-11-29,Bills,,• Walter Powell / Walt Powell,placed on ir with ankle injury
2016-11-29,Falcons,,• Desmond Trufant,placed on ir with pectoral / shoulder injury
2016-11-29,Panthers,,• Gino Gradkowski,placed on ir with knee injury
2016-11-29,Panthers,,• Ryan Kalil,placed on ir with shoulder injury
2016-11-30,Giants,,• Orleans Darkwa,placed on ir with lower leg injury
2016-12-01,Chiefs,,• Jaye Howard,placed on ir with hip injury
2016-12-02,Broncos,,• Andy Janovich,placed on ir with ankle injury
2016-12-03,Chargers,,• Jeremiah Attaochu,placed on ir with fractured foot
2016-12-03,Jaguars,,• Rashad Greene,placed on ir with achilles injury
2016-12-03,Packers,,• Demetri Goodson,placed on ir with knee injury
2016-12-03,Patriots,,• Rob Gronkowski,placed on ir with surgery on back
2016-12-03,Raiders,,• D.J. Hayden,placed on ir with hamstring injury
2016-12-03,Seahawks,,• Jordan Tripp / Jordie Tripp,placed on ir with thigh injury
2016-12-05,Bears,,• Jay Cutler,placed on ir with torn labrum in right shoulder
2016-12-05,Broncos,,• Kapri Bibbs,placed on ir with ankle injury
2016-12-06,Buccaneers,,• Cecil Shorts III,"placed on ir with torn acl, mcl, pcl in right knee"
2016-12-06,Lions,,• Armonty Bryant,placed on ir with knee injury
2016-12-06,Lions,,• Quandre Diggs,placed on ir with pectoral muscle injury
2016-12-06,Seahawks,,• Earl Thomas III,placed on ir with fractured tibia in left leg
2016-12-06,Titans,,• Kevin Dodd,placed on ir with surgery on foot
2016-12-08,Jets,,• Julian Stanford,placed on ir with ankle injury
2016-12-08,Jets,,• Nick Mangold,placed on ir with ankle inijury
2016-12-09,Saints,,• Josh Hill (b. 1990-05-21),placed on ir with fractured fibula in right leg
2016-12-10,Broncos,,• Marlon Brown (D.),placed on ir with back injury
2016-12-10,Jaguars,,• Jared Odrick,placed on ir with shoulder injury
2016-12-10,Jaguars,,• Julius Thomas,placed on ir with back injury
2016-12-10,Texans,,• Jaelen Strong,placed on ir with ankle injury
2016-12-12,49ers,,• Vance McDonald,placed on ir with shoulder injury
2016-12-12,Bears,,• Mike Adams (b. 1990-03-10),placed on ir with back injury
2016-12-12,Colts,,• Clayton Geathers,placed on ir with neck injury
2016-12-12,Colts,,• Curt Maggitt,placed on ir with knee injury
2016-12-12,Colts,,• Jack Mewhort,placed on ir with knee injury
2016-12-12,Jets,,• Antonio Allen,placed on ir with concussion
2016-12-12,Vikings,,• Sharrif Floyd,placed on ir with knee injury
2016-12-13,49ers,,• Daniel Kilgore,placed on ir with knee injury
2016-12-13,Bills,,• James Ihedigbo,placed on ir with ankle injury
2016-12-13,Cardinals,,• Deone Bucannon,placed on ir with ankle injury
2016-12-13,Cardinals,,• Tyvon Branch,placed on ir with groin injury
2016-12-13,Cardinals,,• Ulrick John,placed on ir with shoulder injury
2016-12-13,Colts,,• Patrick Robinson (b. 1987-09-07),placed on ir with groin injury
2016-12-13,Cowboys,,• Jaylon Smith,placed on ir with knee injury
2016-12-13,Dolphins,,• Mike Pouncey,placed on ir with hip injury
2016-12-13,Eagles,,• Jon Dorenbos,placed on ir with fractured wrist
2016-12-13,Eagles,,• Matt Tobin,placed on ir with knee injury
2016-12-13,Eagles,,• Wendell Smallwood,placed on ir with knee injury
2016-12-13,Jets,,• Breno Giacomini,placed on ir with back injury
2016-12-13,Jets,,• Marcus Gilchrist,placed on ir with right knee injury
2016-12-13,Rams,,• Cory Harkey,placed on ir with triceps injury
2016-12-13,Ravens,,• Lorenzo Taliaferro,placed on ir with thigh injury
2016-12-13,Redskins,,• Anthony Lanier II,placed on ir with shin injury
2016-12-13,Texans,,• Braxton Miller,placed on ir with shoulder injury
2016-12-14,Chargers,,• Brandon Flowers,placed on ir with concussion
2016-12-14,Saints,,• Terron Armstead,"placed on ir with knee, quadriceps injury"
2016-12-14,Seahawks,,• Troymaine Pope,placed on ir with ankle injury
2016-12-14,Seahawks,,• Will Tukuafu,placed on ir with concussion
2016-12-15,Rams,,• Benny Cunningham,placed on ir with neck injury
2016-12-15,Rams,,• Robert Quinn,placed on ir with concussion
2016-12-16,Broncos,,• Casey Kreiter,placed on ir with calf injury
2016-12-16,Falcons,,• Kemal Ishmael,placed on ir with shoulder injury
2016-12-17,Bears,,• Marquess Wilson,placed on ir with fractured left foot
2016-12-17,Chiefs,,• Derrick Johnson (O'Hara),placed on ir with left achilles injury
2016-12-17,Cowboys,,• Chaz Green,placed on ir with surgery on back
2016-12-19,49ers,,• Nick Bellore,placed on ir with elbow injury
2016-12-19,Colts,,• Arthur Jones,placed on ir with groin / hamstring injury
2016-12-20,49ers,,• Blake Bell,placed on ir with shoulder injury
2016-12-20,49ers,,• Jimmie Ward,placed on ir with shoulder injury
2016-12-20,49ers,,• Quinton Patton,placed on ir with fractured foot
2016-12-20,Bears,,• Eddie Royal,placed on ir with toe injury
2016-12-20,Eagles,,• Kenjon Barner,placed on ir with hamstring injury
2016-12-20,Giants,,• Ryan Nassib,placed on ir with elbow injury
2016-12-20,Giants,,• Shane Vereen,placed on ir with triceps injury
2016-12-20,Jaguars,,• Jeremiah Poutasi,placed on ir with ankle injury
2016-12-20,Rams,,• Marqui Christian,placed on ir with ankle injury
2016-12-20,Redskins,,• Houston Bates,placed on ir with torn acl in knee
2016-12-20,Saints,,• Stephone Anthony,placed on ir with knee injury
2016-12-20,Vikings,,• Tom Johnson (b. 1984-08-30),placed on ir with torn hamstring
2016-12-21,Buccaneers,,• Donteea Dye,placed on ir with undisclosed injury
2016-12-21,Jets,,• Brian Winters,placed on ir with shoulder injury
2016-12-21,Jets,,• Mike Catapano,placed on ir with knee injury
2016-12-21,Seahawks,,• Damontre Moore,placed on ir with foot injury
2016-12-21,Titans,,• Karl Klug,placed on ir with torn left achilles tendon
2016-12-23,49ers,,• Torrey Smith,placed on ir with concussion
2016-12-23,Bears,,• Eddie Goldman,placed on ir with ankle injury
2016-12-23,Cardinals,,• Tyrann Mathieu,placed on ir with shoulder injury
2016-12-23,Jaguars,,• Aaron Colvin,placed on ir with ankle injury
2016-12-23,Jaguars,,• Chris Reed (b. 1992-07-22),placed on ir with toe injury
2016-12-23,Raiders,,• Shilique Calhoun,placed on ir with knee injury
2016-12-23,Rams,,• Bradley Marquez,placed on ir with knee injury
2016-12-23,Saints,,• Delvin Breaux,placed on ir with shoulder injury
2016-12-23,Vikings,,• Mackensie Alexander,placed on ir with abdominal injury
2016-12-24,Ravens,,• Kamalei Correa,placed on ir with rib injury
2016-12-24,Steelers,,• Shamarko Thomas,placed on ir with concussion
2016-12-26,Bengals,,• Clint Boling,placed on ir with shoulder injury
2016-12-26,Bengals,,• Tyler Eifert,placed on ir with back injury
2016-12-26,Buccaneers,,• Jude Adjei-Barimah,placed on ir with undisclosed injury
2016-12-26,Jaguars,,• T.J. Yeldon,placed on ir with ankle injury
2016-12-26,Jets,,• Bryce Petty,placed on ir with torn labrum in left / right shoulder
2016-12-27,49ers,,• Carlos Hyde,placed on ir with sprained mcl in left knee
2016-12-27,Buccaneers,,• Cameron Brate,placed on ir with back injury
2016-12-27,Cardinals,,• Taylor Boggs,placed on ir with shoulder injury
2016-12-27,Cardinals,,• Tony Jefferson,placed on ir with knee injury
2016-12-27,Chargers,,• Kenneth Farrow,placed on ir with shoulder injury
2016-12-27,Eagles,,• Ryan Mathews,placed on ir with neck injury
2016-12-27,Jaguars,,• Sean Porter,placed on ir with hamstring injury
2016-12-27,Panthers,,• Ryan Delaire,placed on ir with knee injury
2016-12-27,Panthers,,• Tre Boston,placed on ir with knee injury
2016-12-27,Seahawks,,• Tyler Lockett,"placed on ir with fractured tibia, fibula in right leg"
2016-12-27,Titans,,• Marcus Mariota,placed on ir with fractured fibula in right leg
2016-12-28,Broncos,,• DeMarcus Ware,placed on ir with surgery on back
2016-12-28,Broncos,,• Kayvon Webster,placed on ir with concussion
2016-12-28,Buccaneers,,• Charles Sims III,placed on ir with pectoral muscle injury
2016-12-28,Cowboys,,• Ryan Davis,placed on ir with knee injury
2016-12-28,Dolphins,,• Isa Abdul-Quddus,placed on ir with neck injury
2016-12-28,Jets,,• Khiry Robinson,placed on ir with fractured leg
2016-12-28,Lions,,• Stefan Charles,placed on ir with knee injury
2016-12-28,Redskins,,• Donte Whitner,placed on ir with quadriceps injury
2016-12-28,Titans,,• Mehdi Abdesmad,placed on ir with ankle injury
2016-12-29,Panthers,,• Devin Funchess,placed on ir with knee injury
2016-12-30,Bengals,,• Cedric Ogbuehi,placed on ir with shoulder injury
2016-12-30,Jets,,• Matt Forte,placed on ir with knee injury
2016-12-30,Ravens,,• Jimmy Smith (b),placed on ir with ankle injury
2016-12-30,Ravens,,• Zachary Orr / Zach Orr,placed on ir with herniated disc in neck
2016-12-31,49ers,,• Marcus Martin (b. 1993-11-29),placed on ir with ankle injury
2016-12-31,Bengals,,• A.J. Green (Adriel Jeremiah),placed on ir with hamstring injury
2016-12-31,Chargers,,• Craig Mager,placed on ir with shoulder injury
2016-12-31,Lions,,• Theo Riddick,placed on ir with wrist injury
2016-12-31,Saints,,• Ken Crawley,placed on ir with knee injury
2016-12-31,Vikings,,• Andrew Sendejo,placed on ir with knee injury
2017-01-03,Chiefs,,• Dadi Lhomme Nicolas / Dadi Nicolas,placed on ir with knee injury
2017-01-03,Lions,,• Asa Jackson,placed on ir with ankle injury
2017-01-03,Lions,,• Corey Robinson (b),placed on ir with foot injury
2017-01-03,Seahawks,,• Nolan Frese,placed on ir with ankle injury
2017-01-04,Packers,,• Makinton Dorleant,placed on ir with knee injury
2017-01-17,Falcons,,• Adrian Clayborn,placed on ir with torn biceps
2017-01-21,Packers,,• J.C. Tretter,placed on ir with knee injury
2017-05-03,Eagles,,• Aziz Shittu,placed on ir with knee injury
2017-05-03,Eagles,,• Dominique Williams / Dom Williams (b),placed on ir with achilles injury
2017-05-08,Steelers,,• Dez Stewart,placed on ir with undisclosed injury
2017-05-09,Packers,,• Antwan Goodley,placed on ir with undisclosed injury
2017-05-12,Seahawks,,• Malcolm Johnson (Jamaine),placed on ir with undisclosed injury
2017-05-16,Eagles,,• Jerod Evans,placed on ir with foot injury
2017-05-19,Eagles,,• Charles Walker,placed on ir with knee injury
2017-05-22,Jaguars,,• Bryan Walters,placed on ir with foot injury
2017-05-23,Jets,,• Devin Smith (b. 1992-03-03),placed on ir with torn acl in right knee
2017-05-30,Giants,,• Ishaq Williams,placed on ir with undisclosed injury
2017-05-30,Jets,,• Brisly Estime,placed on ir with torn achilles tendon
2017-05-31,Lions,,• Brandon Chubb,placed on ir with knee injury
2017-06-01,Buccaneers,,• Deondre Barnett,placed on ir with undisclosed injury
2017-06-01,Buccaneers,,• Paul Magloire Jr.,placed on ir with undisclosed injury
2017-06-01,Giants,,• Jalen Williams,placed on ir with undisclosed injury
2017-06-02,Browns,,• Darius Jackson (b. 1993-12-01),placed on ir with knee injury
2017-06-02,Chiefs,,• Devin Chappell,placed on ir with undisclosed injury
2017-06-02,Packers,,• Jacob Schum / Jake Schum,placed on ir with back injury
2017-06-05,Jets,,• Quinton Patton,placed on ir with foot injury
2017-06-06,Patriots,,• Corey Vereen,placed on ir with undisclosed injury
2017-06-07,Ravens,,• Carlos Davis (a),placed on ir with lower leg injury
2017-06-07,Titans,,• John Green (b),placed on ir with undisclosed injury
2017-06-08,Packers,,• David Rivers III,placed on ir with undisclosed injury
2017-06-13,Colts,,• Trey Griffey,placed on ir with undisclosed injury
2017-06-15,Colts,,• Christine Michael,placed on ir with undisclosed injury
2017-06-16,Saints,,• Dan Arnold,placed on ir
2017-07-21,Ravens,,• Daniel Henry,placed on ir with undisclosed injury
2017-07-22,Ravens,,• Aaron Bailey (b),placed on ir with undisclosed injury
2017-07-25,Dolphins,,• Koa Misi,placed on ir with neck injury
2017-07-25,Saints,,• Dannell Ellerbe,placed on ir with foot injury
2017-07-26,Panthers,,• Charles Johnson (David) (b. 1986-07-10),placed on ir recovering from surgery on right knee
2017-07-29,Buccaneers,,• Evan Panfil,placed on ir with undisclosed injury
2017-07-29,Chiefs,,• Alonzo Moore,placed on ir with undisclosed injury
2017-07-29,Cowboys,,• Jahad Thomas,placed on ir with hamstring injury
2017-07-30,Redskins,,• Lou Young,placed on ir with undisclosed injury
2017-07-30,Vikings,,• Shaan Washington,placed on ir with leg injury
2017-07-31,Browns,,• Chris Barker,placed on ir with torn left achilles tendon
2017-07-31,Buccaneers,,• Thomas Sperbeck,placed on ir with undisclosed injury
2017-07-31,Colts,,• Colin Jeter,placed on ir with undisclosed injury
2017-07-31,Cowboys,,• Zac Dysert,placed on ir with herniated disc in back
2017-07-31,Dolphins,,• Lamin Barrow,placed on ir with undisclosed injury
2017-07-31,Jets,,• Bryson Keeton,placed on ir with torn acl in knee
2017-08-01,49ers,,• B.J. Johnson III,placed on ir with hamstring injury
2017-08-01,Cardinals,,• Alani Fua,placed on ir with knee injury
2017-08-01,Cardinals,,• Ronald Zamort,placed on ir with torn acl in knee
2017-08-01,Jaguars,,• Taurean Nixon,placed on ir with undisclosed injury
2017-08-01,Redskins,,• Keith Marshall,placed on ir with right knee injury
2017-08-02,49ers,,• Jimmie Gilbert,placed on ir with torn acl in knee
2017-08-02,Chiefs,,• Antwan Goodley,placed on ir with undisclosed injury
2017-08-02,Saints,,• Sae Tautu,placed on ir with knee injury
2017-08-02,Texans,,• Deante' Gray,placed on ir with torn acl in knee
2017-08-03,Buccaneers,,• Jhajuan Seales,placed on ir with hamstring injury
2017-08-03,Eagles,,• Randall Goforth,placed on ir with torn acl in knee
2017-08-03,Jaguars,,• Carson Tinker,placed on ir with torn acl in knee
2017-08-03,Steelers,,• Scott Orndoff,placed on ir with undisclosed injury
2017-08-04,Falcons,,• Devin Fuller,placed on ir with torn acl in knee
2017-08-04,Jaguars,,• I'Tavius Mathers,placed on ir with neck injury
2017-08-04,Jets,,• Corey White (b. 1990-05-09),placed on ir with back injury
2017-08-04,Packers,,• Herb Waters,placed on ir with shoulder injury
2017-08-04,Panthers,,• Travell Dixon,placed on ir with ankle injury
2017-08-04,Saints,,• Martin Wallace,placed on ir with undisclosed injury
2017-08-05,Bears,,• Joel Bouagnon,placed on ir with undisclosed injury
2017-08-05,Chargers,,• Dillon DeBoer,placed on ir with undisclosed injury
2017-08-05,Jets,,• Brandin Bryant,placed on ir with back injury
2017-08-05,Jets,,• Brian Parker,placed on ir with undisclosed injury
2017-08-05,Rams,,• Dominique Easley,placed on ir with torn acl in knee
2017-08-05,Rams,,• Zach Laskey,placed on ir with undisclosed injury
2017-08-05,Ravens,,• Brandon Kublanow,placed on ir with undisclosed injury
2017-08-05,Ravens,,• Crockett Gillmore,placed on ir with surgery on knee
2017-08-06,Browns,,• Jamal Marcus,placed on ir with foot injury
2017-08-06,Browns,,• James Wright (Earl),placed on ir with undisclosed injury
2017-08-06,Cardinals,,• Gabe Martin,placed on ir with achilles injury
2017-08-06,Chiefs,,• Keith Baxter,placed on ir with wrist injury
2017-08-06,Colts,,• Mo Alie-Cox,placed on ir with foot injury
2017-08-07,49ers,,• Malcolm Smith,placed on ir with torn pectoral muscle
2017-08-07,Titans,,• Victor Ochi,placed on ir with torn acl in knee
2017-08-08,Bears,,• Eric Kush,placed on ir with torn hamstring
2017-08-08,Bills,,• Keith Towbridge,placed on ir with foot injury
2017-08-08,Chargers,,• Asante Cleveland,placed on ir with undisclosed injury
2017-08-08,Rams,,• Bradley Marquez,placed on ir with knee injury
2017-08-08,Ravens,,• Al-Hajj Shabazz,placed on ir with undisclosed injury
2017-08-08,Titans,,• Reshard Cliett,placed on ir with finger injury
2017-08-09,49ers,,• Zach Franklin,placed on ir with ankle injury
2017-08-09,Colts,,• Harvey Binford,placed on ir with undisclosed injury
2017-08-09,Lions,,• Desmond Lawrence (b) / Des Lawrence,placed on ir with undisclosed injury
2017-08-09,Lions,,• Ryan Spadola,placed on ir with undisclosed injury
2017-08-09,Panthers,,• Dean Marlowe,placed on ir with hamstring injury
2017-08-09,Seahawks,,• Robert Myers Jr.,placed on ir with foot injury
2017-08-09,Steelers,,• Mike Matthews,placed on ir with knee injury
2017-08-10,Bengals,,• Jake Kumerow,placed on ir with ankle injury
2017-08-10,Colts,,• Chris Briggs,placed on ir with undisclosed injury
2017-08-10,Colts,,• Tevaun Smith,placed on ir with groin injury
2017-08-10,Giants,,• Jessamen Dunker,placed on ir with foot injury
2017-08-10,Saints,,• Jordan Williams-Lambert / Jordan Williams (c),placed on ir with undisclosed injury
2017-08-11,Giants,,• Mykkele Thompson,placed on ir with quadriceps injury
2017-08-11,Seahawks,,• Ronald Powell,placed on ir with undisclosed injury
2017-08-12,Broncos,,• Billy Winn,placed on ir with torn acl in knee
2017-08-12,Dolphins,,• Ryan Tannehill,placed on ir with torn acl in left knee
2017-08-12,Jaguars,,• Tyler Gaffney,placed on ir with undisclosed injury
2017-08-12,Redskins,,• Trent Murphy,"placed on ir with torn acl, mcl in knee"
2017-08-13,Bears,,• Rueben Randle,placed on ir with hamstring injury
2017-08-13,Redskins,,• Kevin Bowen,placed on ir with ankle injury
2017-08-13,Vikings,,• Bishop Sankey,placed on ir with torn acl in knee
2017-08-14,Jaguars,,• Justin Horton,placed on ir with undisclosed injury
2017-08-14,Packers,,• Beau Sandland,placed on ir with knee injury
2017-08-14,Panthers,,• Drew Iddings,placed on ir with shoulder injury
2017-08-14,Redskins,,• Kendal Thompson,placed on ir with leg injury
2017-08-15,49ers,,• Chanceller James,placed on ir with undisclosed injury
2017-08-15,Giants,,• Corbin Bryant,placed on ir with elbow injury
2017-08-15,Giants,,• Josh Johnson (Javon),placed on ir with undisclosed injury
2017-08-15,Giants,,• Kevin Norwood,placed on ir
2017-08-15,Jaguars,,• Ezra Robinson,placed on ir with undisclosed injury
2017-08-15,Lions,,• Kerry Hyder,placed on ir with torn left achilles tendon
2017-08-15,Lions,,• Mike James (b. 1991-04-13),placed on ir with concussion
2017-08-15,Texans,,• DeAndrew White,placed on ir with groin injury
2017-08-16,Chargers,,• Charmeachealle Moore / Mike Moore (c),placed on ir with undisclosed injury
2017-08-16,Colts,,• Dalton Crossan,placed on ir with undisclosed injury
2017-08-16,Cowboys,,• Connor Hamlett,placed on ir with fractured fibula in leg
2017-08-16,Dolphins,,• Francis Owusu,placed on ir with knee injury
2017-08-17,49ers,,• Donavin Newsom,placed on ir with concussion
2017-08-17,49ers,,• Jayson DiManche,placed on ir with hamstring injury
2017-08-17,Jets,,• Doug Middleton,placed on ir with pectoral muscle injury
2017-08-17,Lions,,• Brandon Copeland (b. 1991-07-02),placed on ir with pectoral muscle injury
2017-08-17,Seahawks,,• Jordan Simone,placed on ir with torn acl in left knee
2017-08-18,Titans,,• Kourtnei Brown,placed on ir with hamstring injury
2017-08-19,Colts,,• Deiontrez Mount,placed on ir with hamstring injury
2017-08-19,Dolphins,,• Isaiah Ford,placed on ir with knee injury
2017-08-19,Giants,,• Keeon Johnson,placed on ir with fractured foot
2017-08-19,Giants,,• Kevin Snead,placed on ir with hamstring injury
2017-08-19,Ravens,,• Kenny Bell,placed on ir with hamstring injury
2017-08-20,Buccaneers,,• Cole Gardner,placed on ir with undisclosed injury
2017-08-20,Buccaneers,,• Maurice Fleming / Reese Fleming,placed on ir with undisclosed injury
2017-08-21,Bills,,• Jason Croom,placed on ir with ankle injury
2017-08-21,Colts,,• Darryl Morris (Eric),placed on ir with undisclosed injury
2017-08-21,Jaguars,,• Charles Gaines (b),placed on ir with eye injury
2017-08-22,Lions,,• Bruce Gaston,placed on ir with undisclosed injury
2017-08-22,Seahawks,,• Justin Senior,placed on ir with knee injury
2017-08-23,Browns,,• Matt McCants,placed on ir with ankle injury
2017-08-23,Browns,,• Tank Carder,placed on ir with torn acl in right knee
2017-08-23,Buccaneers,,• Jude Adjei-Barimah,placed on ir with knee injury
2017-08-23,Chargers,,• Chris Landrum,placed on ir with shoulder injury
2017-08-23,Colts,,• Blake Muir,placed on ir with undisclosed injury
2017-08-23,Seahawks,,• Marcus Lucas,placed on ir with ankle injury
2017-08-24,Colts,,• Tevin Mitchel,placed on ir with abdominal injury
2017-08-24,Giants,,• Andrew Turzilli,placed on ir with hamstring injury
2017-08-24,Giants,,• Darius Powe,placed on ir with hamstring injury
2017-08-24,Saints,,• Jack Allen (b),placed on ir with undisclosed injury
2017-08-24,Steelers,,• Greg Ducre,placed on ir with ankle injury
2017-08-24,Texans,,• Devin Street,placed on ir with undisclosed injury
2017-08-25,Steelers,,• Antonio Crawford,placed on ir with undisclosed injury
2017-08-26,Cowboys,,• Corey Washington,placed on ir with undisclosed injury
2017-08-26,Cowboys,,• John Lotulelei,placed on ir with forearm injury
2017-08-26,Texans,,• Dayon Pratt,placed on ir with ankle injury
2017-08-27,Lions,,• Jordan Hill,placed on ir with biceps injury
2017-08-28,Buccaneers,,• Justin Trattou,placed on ir with undisclosed injury
2017-08-28,Giants,,• Adam Gettis,placed on ir with leg/foot injury
2017-08-28,Giants,,• Evan Schwan,placed on ir with foot injury
2017-08-28,Jets,,• Anthony Johnson (b. 1993-01-24),placed on ir with undisclosed injury
2017-08-28,Patriots,,• Caleb Kidder,placed on ir with undisclosed injury
2017-08-28,Patriots,,• Matt Lengel,placed on ir with hip injury
2017-08-28,Saints,,• Clay Harbor,placed on ir with undisclosed injury
2017-08-29,Bengals,,• Cedric Peerman,placed on ir with shoulder injury
2017-08-29,Colts,,• George Winn,placed on ir with undisclosed injury
2017-08-29,Cowboys,,• Leon McFadden,placed on ir with hamstring injury
2017-08-29,Steelers,,• Keion Adams,placed on ir with shoulder injury
2017-08-30,Bears,,• Patrick Scales,placed on ir with torn acl in knee
2017-08-30,Browns,,• Ed Reynolds (II),placed on ir with knee injury
2017-08-31,Chiefs,,• J.R. Nelson,placed on ir with heel injury
2017-08-31,Titans,,• Jeremy Boykins,placed on ir with groin injury
2017-09-01,Buccaneers,,• DaVonte Lambert,placed on ir with wrist injury
2017-09-01,Buccaneers,,• Stevie Tu'ikolovatu,placed on ir with right knee injury
2017-09-01,Falcons,,• Quincy Mauger,placed on ir with knee injury
2017-09-01,Giants,,• Duke Ihenacho,placed on ir with knee injury
2017-09-01,Jets,,• Chris Gragg,placed on ir with ankle injury
2017-09-01,Jets,,• Corey Lemonier,placed on ir with foot injury
2017-09-01,Jets,,• Quincy Enunwa,placed on ir with neck injury
2017-09-01,Panthers,,• Dan France,placed on ir with concussion
2017-09-01,Panthers,,• David Yankey,placed on ir with back injury
2017-09-01,Panthers,,• Fred Ross,placed on ir with ankle injury
2017-09-01,Panthers,,• Scott Simonson,placed on ir with back injury
2017-09-01,Panthers,,• Teddy Williams,"placed on ir with neck, shoulder injury"
2017-09-01,Ravens,,• Albert McClellan,placed on ir with torn acl in knee
2017-09-01,Ravens,,• Alex Lewis (b. 1992-04-21),placed on ir with shoulder injury
2017-09-01,Ravens,,• Kenneth Dixon,placed on ir with knee injury
2017-09-01,Ravens,,• Nico Siragusa,"placed on ir with torn acl, mcl, pcl in knee"
2017-09-01,Ravens,,• Tavon Young,placed on ir with torn acl in knee
2017-09-01,Ravens,,• Tim White (Jahti),placed on ir with hand/thumb injury
2017-09-01,Saints,,• Bryan Braman,placed on ir with undisclosed injury
2017-09-01,Saints,,• Corey Fuller (Alexander),placed on ir with undisclosed injury
2017-09-01,Titans,,• MeKale McKay,placed on ir with hamstring injury
2017-09-02,49ers,,• Aaron Burbridge,placed on ir with hamstring injury
2017-09-02,49ers,,• Chris Jones (Dwightstone),placed on ir with undisclosed injury
2017-09-02,49ers,,• Don Jones II,placed on ir with torn acl in knee
2017-09-02,49ers,,• Joe Williams (Sterling),placed on ir with ankle injury
2017-09-02,49ers,,• Joshua Garnett,placed on ir with knee injury
2017-09-02,Bears,,• Cameron Meredith,placed on ir with torn acl in left knee
2017-09-02,Bears,,• Chris Prosinski,placed on ir with hamstring injury
2017-09-02,Bears,,• Jordan Morgan,placed on ir with shoulder injury
2017-09-02,Bears,,• Ka'Deem Carey,placed on ir with fractured wrist
2017-09-02,Bears,,• Lamarr Houston,placed on ir with knee injury
2017-09-02,Bengals,,• Mason Schreck,placed on ir with sprained mcl in knee
2017-09-02,Bengals,,• Tra Carson,placed on ir with ankle injury
2017-09-02,Bills,,• Sam Barrington,placed on ir with undisclosed injury
2017-09-02,Broncos,,• Carlos Henderson (b),placed on ir with thumb injury
2017-09-02,Cardinals,,• Aaron Dobson,placed on ir with hamstring injury
2017-09-02,Chargers,,• Forrest Lamp,placed on ir with torn acl in knee
2017-09-02,Chiefs,,• Ashton Lampkin,placed on ir with torn acl in knee
2017-09-02,Chiefs,,• Spencer Ware,placed on ir with torn pcl in right knee
2017-09-02,Colts,,• Chris Culliver,placed on ir with groin injury
2017-09-02,Colts,,• Earl Wolff,placed on ir with undisclosed injury
2017-09-02,Colts,,• Edwin Jackson,placed on ir with hamstring injury
2017-09-02,Cowboys,,• Duke Thomas,"placed on ir with sprained ankle, knee"
2017-09-02,Dolphins,,• Raekwon McMillan,placed on ir with torn acl in knee
2017-09-02,Dolphins,,• Tony Lippett,placed on ir with achilles injury
2017-09-02,Giants,,• Josh Banks,placed on ir with shoulder injury
2017-09-02,Giants,,• Mark Herzlich,placed on ir with stinger in neck
2017-09-02,Jaguars,,• Jeron Johnson,placed on ir with groin injury
2017-09-02,Jaguars,,• Mychal Rivera,placed on ir with wrist injury
2017-09-02,Jaguars,,• Rashad Greene,placed on ir with back injury
2017-09-02,Panthers,,• Brenton Bersin,placed on ir with shoulder injury
2017-09-02,Panthers,,• Chris Scott (b. 1987-08-04),placed on ir with concussion
2017-09-02,Panthers,,• Gino Gradkowski,placed on ir with knee injury
2017-09-02,Panthers,,• L.J. McCray,placed on ir with undisclosed injury
2017-09-02,Patriots,,• Cyrus Jones,placed on ir with torn acl in right knee
2017-09-02,Patriots,,• Derek Rivers,placed on ir with torn acl in knee
2017-09-02,Patriots,,• Julian Edelman,placed on ir with torn acl in right knee
2017-09-02,Raiders,,• Jelani Jenkins,placed on ir with knee injury
2017-09-02,Rams,,• Temarrick Hemingway,placed on ir with fractured fibula in leg
2017-09-02,Ravens,,• Brandon Boykin,placed on ir with undisclosed injury
2017-09-02,Redskins,,• Phillip Taylor / Phil Taylor,placed on ir with quadriceps injury
2017-09-02,Saints,,• John Phillips (Matthew),placed on ir with undisclosed injury
2017-09-02,Seahawks,,• DeAndre Elliott,placed on ir with ankle/leg injury
2017-09-02,Seahawks,,• George Fant,placed on ir with torn acl in knee
2017-09-02,Seahawks,,• Marcus Cromartie,placed on ir with undisclosed injury
2017-09-02,Titans,,• Alex Tanney,placed on ir with ankle injury / fractured left foot
2017-09-02,Titans,,• Tajae Sharpe,placed on ir with foot injury
2017-09-02,Vikings,,• Datone Jones,placed on ir with shoulder injury
2017-09-03,49ers,,• Prince Charles Iworah,placed on ir with undisclosed injury
2017-09-03,Bears,,• Connor Shaw,placed on ir with hamstring injury
2017-09-03,Bills,,• Jeremy Butler,placed on ir with concussion
2017-09-03,Bills,,• Michael Ola,placed on ir with ankle injury
2017-09-03,Browns,,• Brandon Wilds,placed on ir with shoulder injury
2017-09-03,Buccaneers,,• Sifo Liufau / Sefo Liufau,placed on ir with knee injury
2017-09-03,Cardinals,,• Ed Stinson,placed on ir with hamstring injury
2017-09-03,Chargers,,• Donavon Clark,placed on ir with knee injury
2017-09-03,Chargers,,• Isaiah Burse,placed on ir with concussion
2017-09-03,Chargers,,• Joshua Perry / Josh Perry,placed on ir with head injury
2017-09-03,Chargers,,• Kaleb Eulls,placed on ir with undisclosed injury
2017-09-03,Chargers,,• Kenneth Farrow,placed on ir with ankle injury
2017-09-03,Chiefs,,• Donald Hawkins,placed on ir with concussion
2017-09-03,Chiefs,,• Jacoby Glenn,placed on ir with undisclosed injury
2017-09-03,Colts,,• Josh Ferguson,placed on ir with rib injury
2017-09-03,Colts,,• Tyvis Powell,placed on ir with undisclosed injury
2017-09-03,Dolphins,,• Brandon Watts,placed on ir with back injury
2017-09-03,Eagles,,• Alex McCalister,placed on ir with hamstring injury
2017-09-03,Eagles,,• Tre' Sullivan / Tre Sullivan,placed on ir with undisclosed injury
2017-09-03,Falcons,,• Josh Keyes,placed on ir with undisclosed injury
2017-09-03,Falcons,,• Josh Magee,placed on ir with undisclosed injury
2017-09-03,Falcons,,• Martin Ifedi,placed on ir with ankle injury
2017-09-03,Falcons,,• Matt Simms,placed on ir with undisclosed injury
2017-09-03,Jaguars,,• Doran Grant,placed on ir with head injury
2017-09-03,Jaguars,,• Jarrod Harper,placed on ir with concussion
2017-09-03,Jaguars,,• Marquez Williams,placed on ir with undisclosed injury
2017-09-03,Jaguars,,• Shane Wynn,placed on ir with undisclosed injury
2017-09-03,Jets,,• Lucky Whitehead,placed on ir with fractured foot
2017-09-03,Lions,,• Dez Stewart,placed on ir with undisclosed injury
2017-09-03,Lions,,• Tramain Jacobs,placed on ir with undisclosed injury
2017-09-03,Packers,,• David Talley,placed on ir with undisclosed injury
2017-09-03,Packers,,• Joe Kerridge,placed on ir with calf injury
2017-09-03,Panthers,,• Corn Elder,placed on ir with knee injury
2017-09-03,Panthers,,• Zack Sanchez,placed on ir with groin injury
2017-09-03,Patriots,,• D.J. Killings,placed on ir with undisclosed injury
2017-09-03,Patriots,,• Devin Lucien,placed on ir with undisclosed injury
2017-09-03,Patriots,,• Josh Augusta,placed on ir with undisclosed injury
2017-09-03,Patriots,,• Woodrow Hamilton IV,placed on ir with leg injury
2017-09-03,Raiders,,• Jaydon Mickens,placed on ir with ankle injury
2017-09-03,Rams,,• Josh Forrest,placed on ir with knee injury
2017-09-03,Rams,,• Kevin Davis,placed on ir with undisclosed injury
2017-09-03,Rams,,• Lenard Tillery,placed on ir with undisclosed injury
2017-09-03,Rams,,• Nelson Spruce,placed on ir with undisclosed injury
2017-09-03,Ravens,,• Brennen Beyer,placed on ir with ankle injury
2017-09-03,Ravens,,• Robertson Daniel,placed on ir with undisclosed injury
2017-09-03,Ravens,,• Stephane Nembot,placed on ir with knee injury
2017-09-03,Redskins,,• Emmanuel Bibbs / E.J. Bibbs,placed on ir with knee injury
2017-09-03,Redskins,,• Levern Jacobs,placed on ir with undisclosed injury
2017-09-03,Redskins,,• Lynden Trail,placed on ir with undisclosed injury
2017-09-03,Redskins,,• Ron Thompson Jr.,placed on ir with undisclosed injury
2017-09-03,Redskins,,• Ronald Patrick,placed on ir with knee injury
2017-09-03,Seahawks,,• Christian French,placed on ir with knee injury
2017-09-03,Seahawks,,• Demetrius McCray,placed on ir with undisclosed injury
2017-09-03,Seahawks,,• Rodney Coe,placed on ir with undisclosed injury
2017-09-03,Seahawks,,• Tyrus Thompson,placed on ir with undisclosed injury
2017-09-03,Steelers,,• Malik Golden,placed on ir with groin injury
2017-09-03,Texans,,• Denzel Rice,placed on ir with ankle injury
2017-09-03,Texans,,• Lonnie Ballentine,placed on ir with knee injury
2017-09-03,Texans,,• Malik Smith,placed on ir with undisclosed injury
2017-09-03,Texans,,• Matthew Godin / Matt Godin,placed on ir with torn acl in knee
2017-09-03,Texans,,• RaShaun Allen,placed on ir with undisclosed injury
2017-09-03,Texans,,• Wendall Williams (b),placed on ir with collarbone injury
2017-09-03,Titans,,• Akeem Judd,placed on ir with thumb injury
2017-09-03,Titans,,• Jimmy Staten,placed on ir with undisclosed injury
2017-09-03,Titans,,• Joe Bacci,placed on ir with undisclosed injury
2017-09-03,Titans,,• Ryan DiSalvo,placed on ir with concussion
2017-09-03,Vikings,,• R.J. Shelton,placed on ir with foot injury
2017-09-03,Vikings,,• Taylor Heinicke,placed on ir with concussion
2017-09-03,49ers,,• Will Redmond,placed on ir with ankle injury
2017-09-03,Chargers,,• Tyreek Burwell,placed on ir with hand injury
2017-09-03,Texans,,• Cory Carter,placed on ir with hip flexor injury
2017-09-04,49ers,,• Ronald Blair,placed on ir with thumb injury
2017-09-04,Bears,,• Deiondre' Hall,placed on ir with hamstring injury
2017-09-04,Bengals,,• Jeff Driskel,placed on ir with 2 fractured fingers
2017-09-04,Broncos,,• Shane Ray,placed on ir with torn ligament in left wirst
2017-09-04,Browns,,• Roderick Johnson,placed on ir with knee injury
2017-09-04,Buccaneers,,• Ryan Griffin (b. 1989-11-17),placed on ir with right shoulder injury
2017-09-04,Cardinals,,• T.J. Logan,placed on ir with dislocated wrist
2017-09-04,Chargers,,• Denzel Perryman,placed on ir with ankle injury
2017-09-04,Chiefs,,• Steven Nelson,placed on ir with sports hernia
2017-09-04,Colts,,• Erik Swoope,placed on ir with arthroscopic surgery on knee
2017-09-04,Cowboys,,• Rico Gathers,placed on ir with concussion
2017-09-04,Dolphins,,• Ted Larsen,placed on ir with biceps injury
2017-09-04,Falcons,,• LaRoy Reynolds,placed on ir with pectoral muscle injury
2017-09-04,Jets,,• Lorenzo Mauldin,placed on ir with back injury
2017-09-04,Packers,,• Don Barclay,placed on ir with ankle injury
2017-09-04,Patriots,,• Shea McClellin,placed on ir with undisclosed injury
2017-09-04,Ravens,,• Maurice Canady,placed on ir with knee injury
2017-09-04,Saints,,• Delvin Breaux,placed on ir with fractured fibula in leg
2017-09-04,Steelers,,• Cameron Sutton / Cam Sutton,placed on ir with hamstring injury
2017-09-04,Titans,,• Harry Douglas,placed on ir with knee injury
2017-09-04,Vikings,,• Temuchin Hodges / Bucky Hodges,placed on ir with head injury / concussion
2017-09-05,Bills,,• Taylor Yates / T.J. Yates,placed on ir with concussion
2017-09-05,Raiders,,• Denver Kirkland,placed on ir with leg injury
2017-09-05,Raiders,,• Obi Melifonwu,placed on ir with surgery on knee
2017-09-05,Steelers,,• Jordan Dangerfield,placed on ir with ankle injury
2017-09-07,Patriots,,• Malcolm Mitchell,placed on ir with knee injury
2017-09-08,Jaguars,,• Dede Westbrook,placed on ir with core muscle injury
2017-09-09,Chiefs,,• Eric Berry,placed on ir with torn left achilles tendon
2017-09-09,Raiders,,• Sebastian Janikowski,placed on ir with back injury
2017-09-12,Bears,,• Jerrell Freeman,"placed on ir with pectoral muscle injury, concussion"
2017-09-12,Bears,,• Kevin White (Romone),placed on ir with fractured scapula in shoulder
2017-09-12,Cardinals,,• David Johnson (Jerome),placed on ir with wrist injury (surgery)
2017-09-12,Eagles,,• Caleb Sturgis,placed on ir with hip injury
2017-09-12,Jaguars,,• Allen Robinson II,placed on ir with torn acl in left knee
2017-09-12,Lions,,• Corey Robinson (b),placed on ir with foot injury
2017-09-12,Lions,,• Kasey Redfern,"placed on ir with torn acl, mcl in right knee"
2017-09-12,Texans,,• C.J. Fiedorowicz,placed on ir with concussion
2017-09-13,Colts,,• Denzelle Good,placed on ir with wrist injury
2017-09-14,Panthers,,• Cole Luke,placed on ir with ankle injury
2017-09-14,Ravens,,• Danny Woodhead,placed on ir with hamstring injury
2017-09-15,Broncos,,• Jared Crick,placed on ir with back injury (surgery)
2017-09-15,Eagles,,• Donnel Pumphrey / D.J. Pumphrey,placed on ir with hamstring injury
2017-09-16,Ravens,,• Sheldon Price,placed on ir with concussion
2017-09-18,Jaguars,,• Calvin Pryor,placed on ir with ankle injury
2017-09-18,Jets,,• Edmond Robinson,placed on ir with groin injury
2017-09-19,Browns,,• Corey Coleman,placed on ir with fractured right hand
2017-09-19,Jaguars,,• (Benjamin) Michael Bennett,placed on ir with pectoral muscle injury
2017-09-19,Panthers,,• Greg Olsen,placed on ir with fractured right foot
2017-09-19,Ravens,,• Bam Bradley,placed on ir with torn acl in knee
2017-09-19,Ravens,,• Marshal Yanda,placed on ir with left ankle injury
2017-09-20,Saints,,• Mitchell Loewen,placed on ir with ankle injury
2017-09-20,Titans,,• Aaron Wallace (b),placed on ir with back injury
2017-09-21,Packers,,• Jason Spriggs,placed on ir with hamstring injury
2017-09-22,Patriots,,• Vincent Valentine,placed on ir with knee injury
2017-09-23,Chargers,,• Jason Verrett,placed on ir with left knee injury
2017-09-25,49ers,,• Cornellius Carradine / Tank Carradine,placed on ir with high ankle sprain
2017-09-25,Eagles,,• Darren Sproles,"placed on ir with torn acl in left knee, fractured right arm"
2017-09-25,Packers,,• Brett Goode,placed on ir with hamstring injury
2017-09-26,Chiefs,,• Cairo Santos,placed on ir with groin injury
2017-09-26,Lions,,• Joe Dahl,placed on ir with lower leg injury
2017-09-26,Packers,,• Kyle Murphy (Neil),placed on ir with foot injury
2017-09-27,Jets,,• Charone Peake,placed on ir with ankle injury
2017-09-27,Ravens,,• Brent Urban,placed on ir with lisfranc injury in foot
2017-09-27,Saints,,• David Parry,placed on ir with ankle/leg injury
2017-09-27,Seahawks,,• Dewey McDonald,placed on ir with torn acl in knee
2017-09-28,Giants,,• J.T. Thomas III,placed on ir with groin injury
2017-09-28,Saints,,• John Kuhn,placed on ir with biceps injury
2017-09-29,Bears,,• Quintin Demps,placed on ir with fractured left forearm
2017-09-30,Cardinals,,• Mike Iupati,placed on ir with triceps injury
2017-09-30,Lions,,• Zac Kerin,placed on ir with knee injury
2017-09-30,Panthers,,• Jeremy Cash,placed on ir with calf injury
2017-10-02,Cardinals,,• Markus Golden,placed on ir with knee injury
2017-10-02,Seahawks,,• Chris Carson,"placed on ir with fractured leg, high ankle sprain"
2017-10-03,Bills,,• Colt Anderson,placed on ir with forearm injury
2017-10-03,Browns,,• Dominique Alexander,placed on ir with knee injury
2017-10-03,Colts,,• Deyshawn Bond,placed on ir with quadriceps injury
2017-10-03,Dolphins,,• Eric Smith (Maurice),placed on ir with knee injury
2017-10-03,Falcons,,• Jack Crawford,placed on ir with biceps injury
2017-10-03,Panthers,,• Damiere Byrd,placed on ir with fractured forearm
2017-10-03,Saints,,• Zach Strief,placed on ir with right knee injury
2017-10-04,Jets,,• Dylan Donahue,placed on ir with elbow injury
2017-10-04,Saints,,• Alex Anzalone,placed on ir with shoulder injury
2017-10-04,Texans,,• Tyler Ervin,placed on ir with knee injury
2017-10-05,Browns,,• Jordan Leslie,placed on ir with hamstring injury
2017-10-05,Cowboys,,• Charles Tapper,placed on ir with fractured right foot
2017-10-05,Vikings,,• Dalvin Cook,placed on ir with torn acl in left knee
2017-10-06,Panthers,,• Daeshon Hall,placed on ir with knee injury
2017-10-09,Buccaneers,,• Nick Folk,placed on ir with undisclosed injury
2017-10-09,Giants,,• Dwayne Harris,placed on ir with fractured foot
2017-10-09,Giants,,• Odell Beckham Jr.,placed on ir with fractured left ankle
2017-10-10,Bears,,• Willie Young (James),placed on ir with triceps injury
2017-10-10,Cardinals,,• Aaron Brewer (b. 1990-07-05),placed on ir with wrist injury
2017-10-10,Colts,,• Krishawn Hogan,placed on ir with knee injury
2017-10-10,Giants,,• Brandon Marshall (Tyrone),placed on ir with surgery on left ankle
2017-10-11,49ers,,• Asa Jackson,placed on ir with hamstring injury
2017-10-11,Lions,,• Haloti Ngata,placed on ir with biceps injury
2017-10-11,Texans,,• J.J. Watt,placed on ir with fractured tibia in left leg
2017-10-11,Texans,,• Whitney Mercilus,placed on ir with torn pectoral muscle
2017-10-12,Bengals,,• Tyler Eifert,placed on ir with back injury
2017-10-13,Cowboys,,• Stephen Paea,placed on ir with knee injury
2017-10-14,Chiefs,,• Chris Conley,placed on ir with ruptured left achilles tendon
2017-10-14,Colts,,• Jack Mewhort,placed on ir with knee injury
2017-10-14,Raiders,,• Antonio Hamilton,placed on ir with knee injury
2017-10-16,Packers,,• Quinten Rollins,placed on ir with achilles injury
2017-10-17,Broncos,,• Billy Turner,placed on ir with hand injury
2017-10-17,Giants,,• Romeo Okwara,placed on ir with knee injury
2017-10-17,Saints,,• Nathan Stupar / Nate Stupar,placed on ir with torn acl in knee
2017-10-18,49ers,,• Arik Armstead,placed on ir with fractured hand
2017-10-18,Giants,,• Michael Hunter,placed on ir with hamstring injury
2017-10-18,Redskins,,• Dustin Hopkins,placed on ir with strained muscle in right hip
2017-10-19,Redskins,,• Jonathan Allen,placed on ir with lisfranc sprain in left foot
2017-10-20,Colts,,• Robert Turbin,placed on ir with elbow injury
2017-10-20,Eagles,,• Chris Maragos,placed on ir with knee injury
2017-10-20,Packers,,• Aaron Rodgers,placed on ir with fractured right collarbone
2017-10-20,Seahawks,,• Cliff Avril,placed on ir with neck injury
2017-10-21,Broncos,,• Corey Nelson,placed on ir with elbow injury
2017-10-23,Packers,,• Joe Thomas (Lewis),placed on ir with torn left triceps
2017-10-24,Chargers,,• Matt Slauson,placed on ir with biceps injury
2017-10-24,Colts,,• Malik Hooker,"placed on ir with torn acl, mcl in knee"
2017-10-24,Panthers,,• Demetrious Cox,placed on ir with ankle injury
2017-10-25,Buccaneers,,• Noah Spence,placed on ir with shoulder injury
2017-10-25,Jets,,• Xavier Coleman,placed on ir with shoulder injury
2017-10-26,Cardinals,,• Carson Palmer,placed on ir with fractured left arm
2017-10-26,Eagles,,• Jason Peters,"placed on ir with torn acl, mcl in knee"
2017-10-28,Redskins,,• Mason Foster,placed on ir with torn labrum in right shoulder
2017-10-30,49ers,,• Garry Gilliam,placed on ir
2017-10-31,Dolphins,,• Anthony Steen,placed on ir with left foot injury
2017-10-31,Dolphins,,• Nate Allen (b),placed on ir with calf injury
2017-10-31,Eagles,,• Achilles tendon injury (out),placed on ir with achilles tendon injury
2017-10-31,Eagles,,• Jordan Hicks (b. 1992-06-27),placed on ir with ruptured right achilles tendon
2017-10-31,Falcons,,• Jordan Tripp / Jordie Tripp,placed on ir with concussion
2017-10-31,Giants,,• Nordly Capi / Cap Capi,placed on ir with hamstring injury
2017-10-31,Jets,,• Jordan Leggett,placed on ir with knee injury
2017-10-31,Lions,,• Tim Lelito,placed on ir with thigh injury
2017-10-31,Texans,,• Christian Covington,placed on ir with torn biceps
2017-11-01,49ers,,• Jimmie Ward,placed on ir with fractured forearm
2017-11-01,Redskins,,• Stefan McClure,placed on ir with hamstring injury
2017-11-02,Colts,,• Andrew Luck,placed on ir with right shoulder injury
2017-11-03,Packers,,• Kentrell Brice,placed on ir with ankle injury
2017-11-03,Packers,,• Taybor Pepper,placed on ir with fractured foot
2017-11-03,Rams,,• Cody Davis,placed on ir with thigh injury
2017-11-03,Texans,,• Deshaun Watson,placed on ir with torn acl in right knee
2017-11-04,49ers,,• Pierre Garcon,placed on ir with neck injury
2017-11-04,Bills,,• Taiwan Jones (Asti Eric),placed on ir with fractured right arm
2017-11-04,Giants,,• Weston Richburg,placed on ir with concussion
2017-11-06,Cardinals,,• Daniel Munyer,placed on ir with toe injury
2017-11-06,Raiders,,• Demetrius McCray,placed on ir with knee injury
2017-11-06,Ravens,,• Chris Matthews,placed on ir with thigh injury
2017-11-07,49ers,,• Cole Hikutini,placed on ir with knee injury
2017-11-07,49ers,,• Garry Gilliam,placed on ir with knee injury
2017-11-07,49ers,,• Jaquiski Tartt,placed on ir with fractured arm
2017-11-07,Bears,,• Zach Miller (Scott),placed on ir with dislocated left knee
2017-11-07,Colts,,• Quan Bray,placed on ir with undisclosed injury
2017-11-07,Giants,,• Nigel Harris,placed on ir with rib injury
2017-11-07,Patriots,,• Dont'a Hightower,placed on ir with torn pectoral muscle
2017-11-07,Seahawks,,• Tre Madden,placed on ir with calf injury
2017-11-08,Broncos,,• Menelik Watson,placed on ir with calf/foot injury
2017-11-08,Browns,,• Reggie Porter,placed on ir with achilles injury
2017-11-08,Cowboys,,• Brian Price (Keith),placed on ir with surgery on knee
2017-11-08,Seahawks,,• Rees Odhiambo,placed on ir with finger injury
2017-11-08,Vikings,,• Sam Bradford,placed on ir with knee injury
2017-11-09,Colts,,• Henry Anderson (Wyatt),placed on ir with laryngeal fracture
2017-11-10,Browns,,• Ibraheim Campbell,placed on ir with hamstring injury
2017-11-10,Cardinals,,• D.J. Humphries,placed on ir with knee injury
2017-11-10,Cardinals,,• Ifeanyi Momah,placed on ir with fractured ankle/leg
2017-11-10,Cardinals,,• Tyvon Branch,placed on ir with torn acl in knee
2017-11-10,Texans,,• Ryan Griffin (Francis),placed on ir with concussion
2017-11-11,Bengals,,• Jeremy Hill,placed on ir with ankle injury
2017-11-11,Dolphins,,• Ja'Wuan James,placed on ir with groin / hamstring injury
2017-11-11,Redskins,,• Arthur Jones,placed on ir with shoulder injury
2017-11-13,Browns,,• Jamie Collins,placed on ir with torn mcl in right knee
2017-11-13,Jets,,• Ed Stinson,placed on ir with neck injury
2017-11-13,Lions,,• Greg Robinson (b. 1992-10-21),placed on ir with ankle injury
2017-11-13,Raiders,,• Gareon Conley,placed on ir with shin injury
2017-11-14,Giants,,• Keenan Robinson,placed on ir with quadriceps injury
2017-11-14,Jaguars,,• Matt Overton,placed on ir with shoulder injury
2017-11-14,Redskins,,• Rob Kelley,"placed on ir with sprained mcl in knee, ankle injury"
2017-11-14,Redskins,,• Will Compton,placed on ir with lisfranc sprain in foot
2017-11-14,Saints,,• Daniel Lasco,placed on ir with bulging disc in back
2017-11-14,Seahawks,,• C.J. Prosise,placed on ir with ankle injury
2017-11-14,Seahawks,,• Richard Sherman,placed on ir with torn achilles tendon
2017-11-16,Redskins,,• T.J. Clemmings,placed on ir with ankle injury
2017-11-18,Jaguars,,• Arrelious Benn,placed on ir with knee injury
2017-11-18,Packers,,• Bryan Bulaga,placed on ir with torn acl in knee
2017-11-20,Broncos,,• A.J. Derby,placed on ir with shoulder injury
2017-11-21,Browns,,• Emmanuel Ogbah,placed on ir with fractured right foot
2017-11-21,Browns,,• Jamie Meder,placed on ir with high ankle sprain
2017-11-21,Redskins,,• Chris Thompson (b. 1990-10-20),placed on ir with fractured fibula in right leg
2017-11-21,Redskins,,• Shawn Lauvao,placed on ir with stinger in neck
2017-11-21,Redskins,,• Spencer Long,placed on ir with knee/quadriceps injury
2017-11-21,Redskins,,• Terrelle Pryor,placed on ir with ankle injury (surgery)
2017-11-21,Saints,,• Alex Okafor,placed on ir with torn achilles tendon
2017-11-22,Texans,,• D'Onta Foreman,placed on ir with ruptured left achilles tendon
2017-11-22,Giants,,• Kevin Norwood,placed on ir with hip injury
2017-11-23,Bears,,• Leonard Floyd (Cornilus),placed on ir with right knee injury
2017-11-24,Panthers,,• Curtis Samuel,placed on ir with fractured left ankle
2017-11-27,Giants,,• Curtis Grant,placed on ir with knee injury
2017-11-27,Giants,,• D.J. Fluker,placed on ir with toe injury
2017-11-27,Giants,,• Deontae Skinner,placed on ir with hamstring injury
2017-11-27,Giants,,• Donte' Deayon / Dont'e Deayon / Donte Deayon,placed on ir with forearm injury
2017-11-27,Lions,,• Tavon Wilson,placed on ir with shoulder injury
2017-11-27,Patriots,,• Martellus Bennett,"placed on ir with hamstring, shoulder injury"
2017-11-27,Patriots,,• Nate Ebner,placed on ir with knee / shoulder injury
2017-11-28,Dolphins,,• William Hayes (Quintin),placed on ir with back injury
2017-11-29,49ers,,• Erik Magnuson,placed on ir with foot injury
2017-11-29,49ers,,• Raheem Mostert,placed on ir with knee injury / shoulder injury
2017-11-29,Buccaneers,,• Ali Marpet,placed on ir with knee injury
2017-11-29,Buccaneers,,• Demar Dotson,placed on ir with knee injury
2017-11-29,Giants,,• Janoris Jenkins,placed on ir with ankle injury
2017-11-29,Texans,,• Ben Heeney,placed on ir with hamstring injury
2017-11-29,Texans,,• Chris Clark,placed on ir with ankle injury
2017-12-01,Packers,,• Ty Montgomery,placed on ir with wrist injury / ribs injury
2017-12-02,Bears,,• Isaiah Irving,placed on ir with knee injury
2017-12-02,Chargers,,• Nick Novak,placed on ir with back injury
2017-12-02,Panthers,,• John Theus,placed on ir with illness
2017-12-02,Saints,,• Coby Fleener,placed on ir with concussion
2017-12-02,Seahawks,,• Josh Forrest,placed on ir with foot injury
2017-12-04,Texans,,• Brennan Scarlett,placed on ir with foot injury
2017-12-04,Titans,,• DaQuan Jones,placed on ir with biceps injury
2017-12-05,Bears,,• Cairo Santos,placed on ir with groin/hamstring injury
2017-12-05,Bills,,• Jordan Matthews,placed on ir with knee injury
2017-12-05,Bills,,• Shaq Lawson,placed on ir with ankle injury
2017-12-05,Broncos,,• Derek Wolfe,placed on ir with neck injury
2017-12-05,Colts,,• Pierre Desir,placed on ir with torn pectoral muscle
2017-12-05,Ravens,,• Jimmy Smith (b),placed on ir with torn left achilles tendon
2017-12-05,Texans,,• Bruce Ellington,placed on ir with hamstring injury
2017-12-05,Texans,,• C.J. Fiedorowicz,placed on ir with concussion
2017-12-06,Bears,,• Kyle Long,placed on ir with shoulder injury
2017-12-06,Bears,,• Mitch Unrein,placed on ir with knee injury
2017-12-06,Bengals,,• John Ross III,placed on ir with shoulder injury
2017-12-06,Colts,,• John Simon (b. 1990-10-14),placed on ir with shoulder injury
2017-12-06,Giants,,• Jonathan Casillas,"placed on ir with neck, wrist injuries"
2017-12-06,Packers,,• Kevin King,placed on ir with shoulder injury
2017-12-06,Panthers,,• Jared Norris,placed on ir with calf injury
2017-12-07,Cardinals,,• Johnathan Ford / Rudy Ford,placed on ir with knee injury
2017-12-08,Chiefs,,• Dee Ford,placed on ir with back injury
2017-12-09,Bengals,,• Adam Jones / Pacman Jones,placed on ir with groin injury
2017-12-11,Chiefs,,• Steven Terrell,placed on ir with undisclosed
2017-12-11,Giants,,• Darius Powe,placed on ir with fractured right foot
2017-12-12,Broncos,,• Ronald Leary / Ron Leary,placed on ir with back injury
2017-12-12,Cardinals,,• Jared Veldheer,placed on ir with ankle injury
2017-12-12,Chargers,,• Andre Williams,placed on ir with wrist injury
2017-12-12,Eagles,,• Carson Wentz,placed on ir with torn acl in left knee
2017-12-12,Rams,,• Kayvon Webster,placed on ir with achilles / ankle injury
2017-12-12,Redskins,,• Byron Marshall,placed on ir with hamstring injury
2017-12-12,Redskins,,• Chris Carter (Darnell),placed on ir with fractured fibula in right leg
2017-12-12,Redskins,,• Jordan Reed,placed on ir with hamstring injury
2017-12-12,Steelers,,• Ryan Shazier,placed on ir with spinal injury
2017-12-13,49ers,,• Victor Bolden Jr.,placed on ir with ankle injury
2017-12-13,Broncos,,• Justin Simmons,placed on ir with ankle injury
2017-12-13,Jets,,• Josh McCown,placed on ir with fractured left hand
2017-12-13,Patriots,,• Marcus Cannon,placed on ir with ankle injury
2017-12-13,Raiders,,• Cory James,placed on ir with knee injury
2017-12-13,Seahawks,,• Oday Aboushi,placed on ir with shoulder injury
2017-12-14,Giants,,• Justin Pugh,placed on ir with back injury
2017-12-15,Bengals,,• Kevin Minter,placed on ir with hamstring injury
2017-12-15,Bills,,• Cordy Glenn,placed on ir with foot injury
2017-12-15,Broncos,,• Trevor Siemian,placed on ir with left shoulder injury
2017-12-15,Cardinals,,• Adrian Peterson (Lewis),placed on ir with neck injury
2017-12-15,Chiefs,,• Mitch Morse,placed on ir with foot injury
2017-12-15,Raiders,,• Obi Melifonwu,placed on ir with surgery on hip
2017-12-15,Vikings,,• Blake Bell,placed on ir with shoulder injury
2017-12-16,49ers,,• Trent Brown,placed on ir with shoulder injury
2017-12-16,Bengals,,• T.J. Johnson,placed on ir with pectoral muscle injury
2017-12-16,Seahawks,,• Kam Chancellor,placed on ir with neck injury
2017-12-18,Colts,,• Jonathan Bostic / Jon Bostic (b),placed on ir with right knee injury
2017-12-18,Colts,,• Ryan Kelly,placed on ir with concussion
2017-12-19,Broncos,,• Shane Ray,placed on ir with left wrist injury
2017-12-19,Browns,,• Derrick Kindred,placed on ir with wrist injury
2017-12-19,Cardinals,,• Brittan Golden,placed on ir with fractured arm
2017-12-19,Chargers,,• Hunter Henry,placed on ir with lacerated kidney
2017-12-19,Lions,,• T.J. Jones,placed on ir with shoulder injury
2017-12-19,Packers,,• Aaron Rodgers,placed on ir recovering from fractured right collarbone
2017-12-19,Redskins,,• Montae Nicholson,placed on ir with concussion
2017-12-19,Saints,,• A.J. Klein,placed on ir with groin injury
2017-12-19,Steelers,,• James Conner,placed on ir with knee injury
2017-12-19,Texans,,• D.J. Reader,placed on ir with knee injury
2017-12-19,Texans,,• MyCole Pruitt,placed on ir with calf injury
2017-12-19,Texans,,• Nick Martin (Jacob),placed on ir with ankle injury
2017-12-20,Bears,,• Pernell McPhee,placed on ir with shoulder injury
2017-12-20,Bengals,,• Andre Smith (Dewayne),placed on ir with knee injury
2017-12-20,Buccaneers,,• Adarius Glanton,placed on ir with fractured lower leg
2017-12-20,Buccaneers,,• Adarius Taylor,placed on ir
2017-12-20,Buccaneers,,• J.R. Sweezy,placed on ir with lower leg injury
2017-12-20,Buccaneers,,• Justin Evans (b. 1995-08-26),placed on ir with ankle injury
2017-12-20,Buccaneers,,• O.J. Howard,placed on ir with right ankle injury
2017-12-20,Buccaneers,,• Vernon Hargreaves III,placed on ir with hamstring injury
2017-12-20,Dolphins,,• Jermon Bushrod,placed on ir with foot injury
2017-12-20,Dolphins,,• Julius Thomas,placed on ir with foot injury
2017-12-20,Rams,,• Brandon Allen,placed on ir with back injury
2017-12-21,Rams,,• Greg Zuerlein,placed on ir with herniated disc in back
2017-12-21,Saints,,• Kenny Vaccaro,placed on ir with groin injury
2017-12-22,Bengals,,• Nick Vigil,placed on ir with back injury
2017-12-22,Colts,,• Brandon Williams (Darnell),placed on ir with concussion
2017-12-22,Packers,,• Demetri Goodson,placed on ir with hamstring injury
2017-12-22,Raiders,,• Donald Penn,placed on ir with right foot injury
2017-12-22,Raiders,,• Jon Feliciano,placed on ir with concussion
2017-12-22,Redskins,,• Trent Williams,placed on ir with knee injury
2017-12-22,Titans,,• Leshaun Sims,placed on ir with hamstring injury
2017-12-23,Bears,,• Chris Prosinski,placed on ir with concussion
2017-12-23,Raiders,,• Clive Walford,placed on ir with concussion
2017-12-23,Redskins,,• LeShun Daniels Jr.,placed on ir with fractured hand
2017-12-23,Texans,,• Tom Savage,placed on ir with concussion
2017-12-23,Jaguars,,• Larry Pinkard,placed on ir with concussion
2017-12-26,Bills,,• Andre Holmes,placed on ir with neck injury
2017-12-26,Bills,,• Travaris Cadet,placed on ir with dislocated ankle
2017-12-26,Cardinals,,• Antoine Bethea,placed on ir with pectoral muscle injury
2017-12-26,Giants,,• Landon Collins,placed on ir with fractured right forearm
2017-12-26,Jaguars,,• Jaelen Strong,placed on ir with torn acl in left knee
2017-12-26,Lions,,• Don Barclay,placed on ir with concussion
2017-12-26,Packers,,• Jason Spriggs,placed on ir with left knee injury
2017-12-26,Panthers,,• Damiere Byrd,placed on ir with leg injury
2017-12-26,Ravens,,• Jaylen Hill,"placed on ir with torn acl, mcl in knee"
2017-12-26,Vikings,,• Nick Easton,placed on ir with fractured right ankle
2017-12-27,Colts,,• Rashaan Melvin,placed on ir with hand injury
2017-12-27,Giants,,• B.J. Goodson,placed on ir with ankle injury
2017-12-27,Jets,,• Brian Winters,placed on ir with abdominal injury
2017-12-27,Saints,,• John Hughes III,placed on ir with elbow injury
2017-12-27,Texans,,• Corey Moore (b. 1993-01-28),placed on ir with sprained mcl in knee
2017-12-28,Dolphins,,• Vincent Taylor,placed on ir with knee injury
2017-12-28,Rams,,• Marqui Christian,placed on ir with shoulder injury
2017-12-28,Saints,,• Hau'oli Kikaha,placed on ir with ankle injury
2017-12-29,Cowboys,,• Orlando Scandrick,placed on ir with back injury
2017-12-29,Cowboys,,• Tyron Smith,placed on ir with right knee injury
2017-12-29,Dolphins,,• Michael Thomas (b. 1990-03-17),placed on ir with knee injury
2017-12-29,Eagles,,• Joe Walker (b. 1992-12-11),placed on ir with neck injury
2017-12-29,Lions,,• Travis Swanson,placed on ir with concussion
2017-12-29,Rams,,• Matt Longacre,placed on ir with back injury
2017-12-30,Giants,,• Tavarres King,placed on ir with concussion
2017-12-30,Jets,,• Akeem Judd,placed on ir with ankle injury
2017-12-30,Jets,,• Matt Forte,placed on ir with knee injury
2017-12-30,Packers,,• Nick Perry (Joel),"placed on ir with ankle, shoulder injury"
2017-12-30,Seahawks,,• Nazair Jones,placed on ir with ankle/foot injury
2017-12-30,Vikings,,• Kevin McDermott,placed on ir with shoulder injury
2018-01-02,Chiefs,,• Akeem Hunt,placed on ir with ankle injury
2018-01-02,Chiefs,,• De'Anthony Thomas,placed on ir with fractured tibia
2018-01-02,Falcons,,• Andy Levitre,placed on ir with triceps injury
2018-01-02,Panthers,,• Chris Manhertz,placed on ir with ankle injury
2018-01-03,Chiefs,,• Phillip Gaines,placed on ir with dislocated elbow
2018-01-03,Saints,,• Garrett Griffin,placed on ir with foot injury
2018-01-10,Saints,,• Andrus Peat,placed on ir with fractured fibula in leg
2018-01-10,Saints,,• Tony McDaniel,placed on ir with leg injury
2018-01-17,Patriots,,• Jonathan Jones,placed on ir with ankle injury
2018-02-05,Giants,,• Bobby Hart,placed on ir with ankle injury
2018-05-01,Eagles,,• Elie Bouka,placed on ir with undisclosed injury
2018-05-02,Cardinals,,• Gabe Martin,placed on ir with achilles injury
2018-05-02,Colts,,• Johnathan Calvin,placed on ir with undisclosed injury
2018-05-07,Ravens,,• Steven Moore,placed on ir with undisclosed injury
2018-05-08,Saints,,• John Theus,placed on ir with undisclosed injury
2018-05-10,Panthers,,• Foswhitt Whittaker / Fozzy Whittaker,placed on ir with torn acl in right knee
2018-05-15,Bills,,• Aaron Green,placed on ir with undisclosed injury
2018-05-15,Lions,,• Brandon Barnes (b. 1994-05-31),placed on ir with undisclosed injury
2018-05-16,Rams,,• Carlos Thompson,placed on ir with undisclosed injury
2018-05-18,Titans,,• Antwaun Woods,placed on ir with undisclosed injury
2018-05-21,Colts,,• Kolby Listenbee,placed on ir with undisclosed injury
2018-05-23,Redskins,,• Arie Kouandjio,placed on ir with quadriceps injury
2018-05-30,Colts,,• Michael Cirino,placed on ir with undisclosed injury
2018-05-31,Jaguars,,• Zach Conque,placed on ir with undisclosed injury
2018-06-04,Steelers,,• Jake McGee,placed on ir with achilles injury / knee injury
2018-06-04,Steelers,,• Jerald Hawkins,placed on ir with torn quadriceps
2018-06-06,Jets,,• Claude Pelon,placed on ir with undisclosed injury
2018-06-07,Jaguars,,• Tevaun Smith,placed on ir with undisclosed injury
2018-06-11,Bears,,• Shaq Roland,placed on ir with undisclosed injury
2018-06-12,Broncos,,• Deiontrez Mount,placed on ir with achilles injury
2018-06-12,Cardinals,,• Jonathan Owens,placed on ir with knee injury
2018-06-13,Browns,,• Howard Wilson,placed on ir with torn patellar tendon in left knee
2018-06-13,Eagles,,• Paul Worrilow,placed on ir with torn acl in right knee
2018-06-13,Giants,,• Aaron Davis,placed on ir with undisclosed injury
2018-06-15,Chiefs,,• J.D. Moore,placed on ir with undisclosed injury
2018-06-18,Buccaneers,,• Maurice Fleming / Reese Fleming,placed on ir with undisclosed injury
2018-06-18,Jaguars,,• Michael Hughes / Mike Hughes Jr.,placed on ir with undisclosed injury
2018-06-20,Vikings,,• Hercules Mata'afa,placed on ir with torn acl in knee
2018-07-24,Jaguars,,• Sean Hickey,placed on ir with undisclosed injury
2018-07-24,Lions,,• Nick Bawden,placed on ir with torn acl in right knee
2018-07-24,Patriots,,• David Jones (f),placed on ir with undisclosed injury
2018-07-26,Browns,,• Ricardo Louis,placed on ir with neck injury
2018-07-27,Cardinals,,• Praise Martin-Oguike,placed on ir with undisclosed injury
2018-07-27,Steelers,,• Trey Johnson,placed on ir with shoulder injury
2018-07-29,Giants,,• Sam Beal,placed on ir with shoulder injury
2018-07-31,Colts,,• Jared Machorro,placed on ir with undisclosed injury
2018-07-31,Cowboys,,• Cedrick Wilson Jr. / Ced Wilson,placed on ir with shoulder injury
2018-07-31,Jaguars,,• Kapron Lewis-Moore,placed on ir with undisclosed injury
2018-07-31,Rams,,• Aaron Lacombe,placed on ir with undisclosed injury
2018-07-31,Titans,,• Tye Smith,placed on ir with undisclosed injury
2018-08-01,Jaguars,,• Brandon Thomas,placed on ir with knee injury
2018-08-01,Panthers,,• Ross Cockrell,placed on ir with fractured tibia/fibula in left leg
2018-08-01,Patriots,,• Shane Wimann,placed on ir with undisclosed injury
2018-08-01,Patriots,,• Jordan Matthews,placed on ir with right hamstring injury
2018-08-02,Chargers,,• Austin Roberts,placed on ir with knee injury
2018-08-02,Chargers,,• Jason Verrett,placed on ir with torn achilles tendon
2018-08-02,Saints,,• Eldridge Massington,placed on ir with undisclosed injury
2018-08-02,Saints,,• Josh Smith (b. 1994-03-24),placed on ir with undisclosed injury
2018-08-02,Saints,,• Travin Dural,placed on ir with fractured arm
2018-08-02,Seahawks,,• Avery Young (b. 1992-11-12),placed on ir with undisclosed injury
2018-08-03,Buccaneers,,• Dalton Crossan,placed on ir with undisclosed injury
2018-08-03,Cardinals,,• Bryson Albright,placed on ir with undisclosed injury
2018-08-03,Patriots,,• Nate Theaker,placed on ir with undisclosed injury
2018-08-03,Steelers,,• Ryan Malleck,placed on ir with undisclosed injury
2018-08-03,Titans,,• Johnathan Cyprien,placed on ir with torn acl in left knee
2018-08-04,Bengals,,• Rod Taylor (b. 1994-10-26),placed on ir with knee injury
2018-08-04,Broncos,,• Kenny Bell,placed on ir with hamstring injury
2018-08-04,Jaguars,,• Kaleb Eulls,placed on ir with undisclosed injury
2018-08-04,Jets,,• Shaneil Jenkins,placed on ir with undisclosed injury
2018-08-04,Lions,,• Deontez Alexander,placed on ir with undisclosed injury
2018-08-04,Titans,,• Connor Flagel,placed on ir with undisclosed injury
2018-08-05,Rams,,• Garrett Sickels,placed on ir with undisclosed injury
2018-08-06,Chiefs,,• Tejan Koroma,placed on ir with knee injury
2018-08-06,Eagles,,• Adam Zaruba,placed on ir with undisclosed injury
2018-08-06,Packers,,• Jake Ryan,placed on ir with torn acl in right knee
2018-08-06,Saints,,• John Fullington,placed on ir with undisclosed injury
2018-08-07,Cardinals,,• A.Q. Shipley,placed on ir with torn acl in right knee / left knee
2018-08-07,Packers,,• C.J. Johnson (c),placed on ir with hamstring injury
2018-08-07,Raiders,,• Shaquille Richardson / Shaq Richardson,placed on ir with undisclosed injury
2018-08-07,Ravens,,• Jaelon Acklin,placed on ir with undisclosed injury
2018-08-07,Redskins,,• Alex McCalister,placed on ir with undisclosed injury
2018-08-07,Seahawks,,• Khalid Hill,placed on ir with shoulder injury
2018-08-07,Titans,,• Nathan Palmer (b) / Nate Palmer,placed on ir with leg injury
2018-08-08,Redskins,,• Tavaris Barnes,placed on ir with undisclosed injury
2018-08-09,Buccaneers,,• David Rivers III,placed on ir with hamstring injury
2018-08-11,Giants,,• Kristjan Sokoli,placed on ir with torn acl in knee
2018-08-11,Redskins,,• Derrius Guice,placed on ir with torn acl in left knee
2018-08-11,Redskins,,• Manasseh Garner,placed on ir with torn acl in knee
2018-08-11,Titans,,• Johnny Maxey,placed on ir with undisclosed injury
2018-08-12,Buccaneers,,• Donnie Ernsberger,placed on ir with undisclosed injury
2018-08-12,Chiefs,,• Dillon Gordon,placed on ir with shoulder injury
2018-08-12,Colts,,• Deon Cain,placed on ir with torn acl in knee
2018-08-12,Panthers,,• Damian Parms,placed on ir with shoulder injury
2018-08-12,Rams,,• Kevin Peterson (Lamont),placed on ir with torn acl in knee
2018-08-12,Redskins,,• Elijah Wellman,placed on ir with undisclosed injury
2018-08-12,Titans,,• Gimel President,placed on ir with undisclosed injury
2018-08-13,Broncos,,• Jamal Carter,placed on ir with torn hamstring
2018-08-13,Cowboys,,• Marcus Martin (b. 1993-11-29),placed on ir with torn ligament right big toe
2018-08-13,Eagles,,• Ian Park (a),placed on ir with undisclosed injury
2018-08-13,Redskins,,• Robert Davis (Jamal),placed on ir with right knee injury
2018-08-13,Steelers,,• Kyle Meadows,placed on ir with undisclosed injury
2018-08-13,Vikings,,• Nick Easton,placed on ir with neck injury
2018-08-14,Cardinals,,• Jeremy Cash,placed on ir with knee injury
2018-08-14,Steelers,,• Parker Collins,placed on ir with undisclosed injury
2018-08-15,Broncos,,• Corey Brown / Philly Brown,placed on ir with head injury
2018-08-15,Cowboys,,• Marchie Murdock,placed on ir with ankle injury
2018-08-15,Jets,,• Ben Ijalana,placed on ir with shoulder injury
2018-08-15,Raiders,,• Ahtyba Rubin,placed on ir with biceps injury
2018-08-15,Cardinals,,• Lou Young,placed on ir with hamstring injury
2018-08-16,Bills,,• Marquavius Lewis,placed on ir with ankle injury
2018-08-16,Bills,,• Zach Olstad,placed on ir with ankle injury
2018-08-16,Broncos,,• Paul Boyette Jr.,placed on ir with undisclosed injury
2018-08-17,49ers,,• Terrell Williams Jr.,placed on ir with knee injury
2018-08-17,Bears,,• Andrew Trumbetti,placed on ir with undisclosed injury
2018-08-18,Buccaneers,,• Stevie Tu'ikolovatu,placed on ir with triceps injury
2018-08-19,Browns,,• Julian Allen,placed on ir with abdominal injury
2018-08-19,Chargers,,• Jaylen Watkins,placed on ir with torn acl in right knee
2018-08-19,Redskins,,• Martez Carter,placed on ir with undisclosed injury
2018-08-20,Bills,,• Cory Carter,placed on ir with torn acl in knee
2018-08-20,Broncos,,• Menelik Watson,placed on ir with pectoral muscle injury
2018-08-20,Buccaneers,,• Drew Iddings,placed on ir with undisclosed injury
2018-08-20,Lions,,• Stefan McClure,placed on ir with undisclosed injury
2018-08-20,Lions,,• Steve Longa,placed on ir with torn acl in knee
2018-08-20,Panthers,,• Fred Ross,placed on ir with hip injury
2018-08-20,Titans,,• Kalan Reed,placed on ir with fractured foot
2018-08-20,Vikings,,• Ade Aruna,placed on ir with right knee injury
2018-08-21,Buccaneers,,• Shaheed Salmon,placed on ir with ankle injury
2018-08-21,Cowboys,,• Jameill Showers,placed on ir with torn acl in knee
2018-08-21,Giants,,• Thurston Armbrister,placed on ir with hamstring injury
2018-08-21,Jaguars,,• Don Carey,placed on ir with hamstring injury
2018-08-21,Redskins,,• Cameron Jefferson,placed on ir with undisclosed injury
2018-08-21,Vikings,,• Cedrick Lang,placed on ir with leg injury
2018-08-21,Vikings,,• Johnny Stanton,placed on ir with left knee injury
2018-08-21,Vikings,,• Josiah Price,placed on ir with knee injury
2018-08-22,Buccaneers,,• Colin Jeter,placed on ir with undisclosed injury
2018-08-22,Cowboys,,• Richard Ash (b. 1992-08-04),placed on ir with knee injury
2018-08-22,Jets,,• Jonah Trinnaman,placed on ir with undisclosed injury
2018-08-22,Raiders,,• Tevin Mitchel,placed on ir with undisclosed injury
2018-08-22,Saints,,• Rickey Jefferson,placed on ir with torn acl in knee
2018-08-22,Texans,,• Josh Thornton,placed on ir with undisclosed injury
2018-08-23,Buccaneers,,• Charles Sims III,placed on ir with knee injury
2018-08-23,Chargers,,• James Onwualu,placed on ir with groin injury
2018-08-23,Colts,,• Josh Ferguson,placed on ir with groin injury
2018-08-24,Colts,,• Matt Hazel (a),placed on ir with undisclosed injury
2018-08-24,Raiders,,• Obi Melifonwu,placed on ir with hip injury
2018-08-25,Buccaneers,,• Sergio Bailey,placed on ir with ankle injury
2018-08-25,Colts,,• Brad Kaaya,placed on ir with undisclosed injury
2018-08-26,Buccaneers,,• Jake Lampman,placed on ir with undisclosed injury
2018-08-26,Titans,,• Michael Campanaro,placed on ir with undisclosed injury
2018-08-27,Jaguars,,• Marqise Lee,placed on ir with left knee injury
2018-08-27,Jets,,• Lucky Whitehead,placed on ir with foot injury
2018-08-27,Raiders,,• Griff Whalen,placed on ir with turf toe
2018-08-27,Ravens,,• Jaleel Scott,placed on ir with hamstring injury
2018-08-28,Cardinals,,• D.J. Foster,placed on ir with knee injury
2018-08-29,Chargers,,• Zachary Crabtree,placed on ir with undisclosed injury
2018-08-29,Cowboys,,• Dustin Stanton,placed on ir with knee injury
2018-08-29,Cowboys,,• Korren Kirven,placed on ir with calf injury
2018-08-30,Lions,,• Toby Johnson,placed on ir with undisclosed injury
2018-08-30,Texans,,• Ben Heeney,placed on ir with ankle injury
2018-08-31,Lions,,• Marcus Cromartie,placed on ir with hip injury
2018-08-31,Rams,,• Morgan Fox,placed on ir with torn acl in knee
2018-08-31,Rams,,• Ryan Davis,placed on ir with undisclosed injury
2018-08-31,Ravens,,• Bennett Jackson,placed on ir with undisclosed injury
2018-08-31,Ravens,,• DeShon Elliott,placed on ir with forearm injury
2018-08-31,Ravens,,• Greg Senat,placed on ir with foot injury
2018-08-31,Ravens,,• Stanley Jean-Baptiste,placed on ir with fractured arm
2018-08-31,Saints,,• Shane Vereen,placed on ir with finger injury
2018-09-01,Bears,,• Marlon Brown (D.),placed on ir with concussion
2018-09-01,Bengals,,• Cethan Carter,placed on ir with shoulder injury
2018-09-01,Bengals,,• Matt Barkley,placed on ir with knee injury
2018-09-01,Bengals,,• Trayvon Henderson,placed on ir with knee injury
2018-09-01,Broncos,,• Jerrol Garcia-Williams,placed on ir with knee injury
2018-09-01,Broncos,,• Troy Fumagalli,placed on ir with sports hernia
2018-09-01,Buccaneers,,• Devante Bond,placed on ir with foot injury
2018-09-01,Buccaneers,,• Riley Bullough,placed on ir with foot injury
2018-09-01,Cardinals,,• Arthur Moats,placed on ir with knee injury
2018-09-01,Chargers,,• Artavis Scott,placed on ir with ankle injury
2018-09-01,Chiefs,,• Byron Pringle,placed on ir with hamstring injury
2018-09-01,Colts,,• Anthony Johnson (b. 1993-01-24),placed on ir with back injury
2018-09-01,Colts,,• Chris McCain,placed on ir with ankle injury
2018-09-01,Colts,,• Jeremiah George,placed on ir with back injury
2018-09-01,Colts,,• Ross Travis,placed on ir with knee injury
2018-09-01,Giants,,• Nick Becton,placed on ir with ankle injury
2018-09-01,Giants,,• Nick Gates,placed on ir with foot injury
2018-09-01,Jaguars,,• Kenneth Acker,placed on ir with ankle injury
2018-09-01,Lions,,• Zach Zenner,placed on ir with back injury
2018-09-01,Panthers,,• Elijah Hood,placed on ir with knee injury
2018-09-01,Panthers,,• Jeremiah Sirles,placed on ir with hamstring injury
2018-09-01,Panthers,,• Kevon Seymour,placed on ir with shoulder injury
2018-09-01,Patriots,,• Braxton Berrios,placed on ir with undisclosed injury
2018-09-01,Patriots,,• Christian Sam,placed on ir with ankle injury
2018-09-01,Patriots,,• Isaiah Wynn,placed on ir with achilles injury
2018-09-01,Patriots,,• Ulrick John,placed on ir with foot injury
2018-09-01,Raiders,,• Chris Warren III,placed on ir with knee injury
2018-09-01,Raiders,,• Eddy Pineiro,placed on ir with groin injury
2018-09-01,Redskins,,• Tyler Catalina,placed on ir with shoulder injury
2018-09-01,Saints,,• Michael Hoomanawanui,placed on ir with neck injury
2018-09-01,Seahawks,,• Austin Davis (b. 1989-06-02),placed on ir with undisclosed injury
2018-09-01,Seahawks,,• Byron Maxwell,placed on ir with hip injury
2018-09-01,Seahawks,,• Erik Walden,placed on ir with hip flexor injury
2018-09-01,Seahawks,,• Jamarco Jones,placed on ir with ankle injury
2018-09-01,Titans,,• Austin Barnard,placed on ir with knee injury
2018-09-01,Titans,,• Devin Ross (b. 1995-08-12),placed on ir with ankle injury
2018-09-01,Vikings,,• Tavarres King,placed on ir with leg injury
2018-09-02,49ers,,• Aaron Burbridge,placed on ir with hamstring injury
2018-09-02,49ers,,• J.P. Flynn,placed on ir with knee injury
2018-09-02,49ers,,• Malcolm Johnson (Jamaine),placed on ir with undisclosed injury
2018-09-02,Bears,,• Jonathan Anderson,placed on ir with groin injury
2018-09-02,Bears,,• Rashard Fant,placed on ir with undisclosed injury
2018-09-02,Bengals,,• Chris Okoye,placed on ir with ankle injury
2018-09-02,Bengals,,• Josh Shaw (James),placed on ir with groin injury
2018-09-02,Broncos,,• Andreas Knappe,placed on ir with concussion
2018-09-02,Broncos,,• J.J. Dielman,placed on ir with knee injury
2018-09-02,Broncos,,• Jordan Moore,placed on ir with undisclosed injury
2018-09-02,Broncos,,• Marcus Rios,placed on ir with hip injury
2018-09-02,Browns,,• C.J. Board,placed on ir with shoulder injury
2018-09-02,Browns,,• Dan Vitale / Danny Vitale,placed on ir with calf injury
2018-09-02,Browns,,• Justin Currie,placed on ir with knee injury
2018-09-02,Browns,,• Lenny Jones,placed on ir with concussion
2018-09-02,Buccaneers,,• Amari Coleman,placed on ir with concussion
2018-09-02,Buccaneers,,• Cole Gardner,placed on ir with undisclosed injury
2018-09-02,Chiefs,,• Keith Reaser,placed on ir with quadriceps injury
2018-09-02,Chiefs,,• Step Durham,placed on ir with hip injury
2018-09-02,Colts,,• Chris Cooper (b. 1994-03-17),placed on ir with concussion
2018-09-02,Colts,,• James Wright (Earl),placed on ir with knee injury
2018-09-02,Colts,,• K.J. Brent,placed on ir with knee injury
2018-09-02,Colts,,• Krishawn Hogan,placed on ir with foot injury
2018-09-02,Colts,,• Robenson Therezie,placed on ir with undisclosed injury
2018-09-02,Colts,,• Robert Jackson Jr.,placed on ir with concussion
2018-09-02,Colts,,• Ronald Martin,placed on ir with shoulder injury
2018-09-02,Colts,,• T.J. Green,placed on ir with hamstring injury
2018-09-02,Colts,,• Tyreek Burwell,placed on ir with knee injury
2018-09-02,Colts,,• Tyrell Adams,placed on ir with undisclosed injury
2018-09-02,Cowboys,,• Marqueston Huff,placed on ir with groin injury
2018-09-02,Cowboys,,• Trey Williams,placed on ir with undisclosed injury
2018-09-02,Dolphins,,• Bryce Petty,placed on ir with oblique injury
2018-09-02,Dolphins,,• Quincy Redmon,placed on ir with undisclosed injury
2018-09-02,Dolphins,,• Rashawn Scott,placed on ir with ankle injury
2018-09-02,Eagles,,• D.J. Killings,placed on ir with undisclosed injury
2018-09-02,Eagles,,• Gannon Sinclair,placed on ir with undisclosed injury
2018-09-02,Eagles,,• Toby Weathersby,placed on ir with undisclosed injury
2018-09-02,Giants,,• Darian Thompson,placed on ir with hamstring injury
2018-09-02,Giants,,• Jordan Williams (Cornell),placed on ir with hip injury
2018-09-02,Jaguars,,• Ben Koyack,placed on ir with knee injury
2018-09-02,Jaguars,,• DeAndre Goolsby,placed on ir with undisclosed injury
2018-09-02,Jaguars,,• Manase Hungalu,placed on ir with undisclosed injury
2018-09-02,Packers,,• Devante Mays,placed on ir with hamstring injury
2018-09-02,Packers,,• Kyle Murphy (Neil),placed on ir with ankle injury
2018-09-02,Packers,,• Quinten Rollins,placed on ir with hamstring injury
2018-09-02,Patriots,,• Ryan Izzo,placed on ir with ankle injury
2018-09-02,Patriots,,• Will Tye,placed on ir with undisclosed injury
2018-09-02,Raiders,,• Dexter McDonald,placed on ir with ankle injury
2018-09-02,Rams,,• Afolabi Laguda,placed on ir with undisclosed injury
2018-09-02,Rams,,• Kendal Thompson,placed on ir with leg injury
2018-09-02,Rams,,• Travin Howard,placed on ir with undisclosed injury
2018-09-02,Ravens,,• Alvin Jones (b. 1994-12-02),placed on ir with undisclosed injury
2018-09-02,Saints,,• Sharrod Neasman,placed on ir with undisclosed injury
2018-09-02,Seahawks,,• Emmanuel Beal,placed on ir with undisclosed injury
2018-09-02,Seahawks,,• Ricky Ali'ifua,placed on ir with concussion
2018-09-02,Seahawks,,• Tevon Mutcherson / T.J. Mutcherson,placed on ir with knee injury
2018-09-02,Steelers,,• Damoun Patterson,placed on ir with turf toe
2018-09-02,Steelers,,• Joseph Cheek,placed on ir with foot injury
2018-09-02,Steelers,,• Keith Kelsey (b),placed on ir with pectoral muscle injury
2018-09-02,Steelers,,• Malik Golden,placed on ir with knee injury
2018-09-02,Steelers,,• Marcus Tucker,placed on ir with ankle injury
2018-09-02,Texans,,• Jevoni Robinson,placed on ir with undisclosed injury
2018-09-02,Vikings,,• Craig James (b. 1996-04-29),placed on ir with hamstring injury
2018-09-02,Vikings,,• Horace Richardson,placed on ir with hamstring injury
2018-09-02,Vikings,,• Josh Andrews,placed on ir with ankle injury
2018-09-02,Vikings,,• Mack Brown,placed on ir with undisclosed injury
2018-09-02,Vikings,,• Tray Matthews,placed on ir with undisclosed injury
2018-09-03,49ers,,• Jerick McKinnon,placed on ir with torn acl in right knee
2018-09-03,49ers,,• Marcell Harris,placed on ir with hamstring injury / achilles injury
2018-09-03,Bears,,• Adam Shaheen,placed on ir with ankle/foot injury
2018-09-03,Bengals,,• Davontae Harris,placed on ir with knee injury
2018-09-03,Broncos,,• Su'a Cravens,placed on ir with knee injury
2018-09-03,Buccaneers,,• Mitch Unrein,placed on ir with concussion
2018-09-03,Cardinals,,• A.J. Howard,placed on ir with undisclosed injury
2018-09-03,Cardinals,,• Vontarrius Dora,placed on ir with undisclosed injury
2018-09-03,Chiefs,,• Daniel Sorensen,placed on ir with knee injury
2018-09-03,Colts,,• Tyquan Lewis,placed on ir with toe injury
2018-09-03,Cowboys,,• Noah Brown,placed on ir with hamstring injury
2018-09-03,Dolphins,,• Jake Brendel,placed on ir with calf injury
2018-09-03,Dolphins,,• Mike Hull (Thomas),placed on ir with knee injury
2018-09-03,Jets,,• Elijah McGuire,placed on ir with foot injury
2018-09-03,Packers,,• Jake Kumerow,placed on ir with shoulder injury
2018-09-03,Panthers,,• Matt Kalil,placed on ir with right knee injury
2018-09-03,Seahawks,,• J.D. McKissic,placed on ir with foot injury
2018-09-03,Steelers,,• Olasunkanmi Adeniyi / Ola Adeniyi,placed on ir with hamstring injury
2018-09-03,Texans,,• Jermaine Kelly,placed on ir with undisclosed injury
2018-09-04,Eagles,,• Richard Rodgers (Christopher),placed on ir with knee injury
2018-09-04,Redskins,,• Anthony Lanier II,placed on ir with hip flexor injury
2018-09-05,Patriots,,• Amara Darboh,placed on ir
2018-09-05,Redskins,,• Byron Marshall,placed on ir with knee injury
2018-09-06,Dolphins,,• MarQueis Gray,placed on ir with achilles injury
2018-09-06,Eagles,,• Mack Hollins,placed on ir with groin injury
2018-09-06,Patriots,,• Duke Dawson,placed on ir with hamstring injury
2018-09-07,Cowboys,,• Parker Ehinger,placed on ir with knee injury
2018-09-08,49ers,,• Dekoda Watson,placed on ir with hamstring injury
2018-09-08,Buccaneers,,• De'Vante Harris,placed on ir with hamstring injury
2018-09-08,Falcons,,• Keanu Neal,placed on ir with torn acl in left knee
2018-09-08,Seahawks,,• Dontae Johnson,placed on ir with groin injury
2018-09-10,Patriots,,• Jeremy Hill,placed on ir with torn acl in right knee
2018-09-10,Titans,,• Delanie Walker,placed on ir with fractured right ankle
2018-09-10,Vikings,,• Aviante Collins,placed on ir with elbow injury
2018-09-11,Colts,,• J'Marcus Webb,placed on ir with hamstring injury
2018-09-11,Falcons,,• Deion Jones,placed on ir with foot injury
2018-09-11,Packers,,• Trevor Davis,placed on ir with hamstring injury
2018-09-11,Redskins,,• Cam Sims,placed on ir with ankle injury
2018-09-11,Texans,,• Kevin Johnson (b. 1992-08-05),placed on ir with concussion
2018-09-12,49ers,,• Brock Coyle,placed on ir with concussion
2018-09-12,Buccaneers,,• Vernon Hargreaves III,placed on ir with shoulder injury
2018-09-12,Panthers,,• Daryl Williams,placed on ir with right knee injury
2018-09-12,Ravens,,• Kenneth Dixon,placed on ir with knee injury
2018-09-12,Redskins,,• Trey Quinn,placed on ir with ankle injury
2018-09-12,Texans,,• Seantrel Henderson,placed on ir with fractured left ankle
2018-09-13,Raiders,,• Andrew DePaola,placed on ir with torn acl in knee
2018-09-13,Raiders,,• Justin Ellis,placed on ir with foot injury
2018-09-13,Rams,,• Pharoh Cooper,placed on ir with ankle injury
2018-09-14,Dolphins,,• Josh Sitton,placed on ir witih torn rotator cuff in shoulder
2018-09-15,Chargers,,• Craig Mager,placed on ir with hamstring injury
2018-09-17,Ravens,,• Maurice Canady,placed on ir with thigh injury
2018-09-17,Seahawks,,• Jermaine Grace,placed on ir with undisclosed injury
2018-09-18,Jaguars,,• Cam Robinson,placed on ir with torn acl in left knee
2018-09-18,Rams,,• Mike Thomas (Davonta),placed on ir with hip injury
2018-09-18,Redskins,,• Rob Kelley,placed on ir with toe injury
2018-09-19,Eagles,,• (Burnell) Mike Wallace,placed on ir with fractured fibula in leg
2018-09-19,Falcons,,• Andy Levitre,placed on ir with triceps injury
2018-09-19,Giants,,• Jon Halapio,"placed on ir with fractured leg, ankle"
2018-09-19,Saints,,• Tommylee Lewis,placed on ir with knee injury
2018-09-20,Bengals,,• Tra Carson,placed on ir with hamstring injury
2018-09-21,Panthers,,• Da'Norris Searcy,placed on ir with concussion
2018-09-25,Buccaneers,,• Chris Conte,placed on ir with knee injury
2018-09-25,Cowboys,,• Datone Jones,placed on ir with hamstring / knee injury
2018-09-25,Dolphins,,• William Hayes (Quintin),placed on ir with torn acl in knee
2018-09-25,Falcons,,• Ricardo Allen,placed on ir with torn left achilles tendon
2018-09-25,Texans,,• Bruce Ellington,placed on ir with hamstring injury
2018-09-25,Texans,,• Dylan Cole,placed on ir with dislocated wrist
2018-09-25,Titans,,• Kevin Pamphile,placed on ir with undisclosed injury
2018-09-26,49ers,,• Jimmy Garoppolo,placed on ir with torn acl in left knee
2018-09-26,Bengals,,• Ryan Glasgow,placed on ir with torn acl in knee
2018-09-26,Giants,,• Kaelin Clay,placed on ir with ankle injury
2018-09-26,Packers,,• Davon House,placed on ir with shoulder injury
2018-09-26,Patriots,,• Ja'Whaun Bentley,placed on ir with undisclosed injury
2018-09-26,Patriots,,• Rex Burkhead,placed on ir with neck injury
2018-09-26,Raiders,,• Mike Nugent,placed on ir with hip injury
2018-09-26,Rams,,• Aqib Talib,placed on ir with ankle injury
2018-09-26,Saints,,• Patrick Robinson (b. 1987-09-07),placed on ir with fractured ankle
2018-09-28,Colts,,• Joe Haeg,placed on ir with ankle injury
2018-09-28,Giants,,• Jonathan Stewart (Creon),placed on ir with foot injury
2018-09-29,Broncos,,• Jake Butt,placed on ir with torn acl in knee
2018-09-29,Eagles,,• Rodney McLeod Jr.,placed on ir with knee injury
2018-09-29,Packers,,• Muhammad Wilkerson,placed on ir with ankle injury
2018-10-01,Jets,,• Josh Martin,placed on ir with concussion
2018-10-02,Browns,,• Terrance Mitchell,placed on ir with wrist injury
2018-10-02,Rams,,• Dominique Easley,placed on ir with left knee injury
2018-10-02,Seahawks,,• Earl Thomas III,placed on ir with fractured tibia in left leg
2018-10-02,Seahawks,,• Will Dissly,placed on ir with torn patellar tendon in knee
2018-10-02,Steelers,,• Nat Berhe,placed on ir with torn pectoral muscle
2018-10-02,Giants,,• Kaelin Clay,placed on ir with undisclosed injury
2018-10-03,Chiefs,,• Alex Ellis,placed on ir with undisclosed injury
2018-10-03,Dolphins,,• Daniel Kilgore,placed on ir with triceps injury
2018-10-03,Raiders,,• Donald Penn,placed on ir with groin injury
2018-10-05,Bengals,,• Tyler Eifert,placed on ir with fractured right ankle
2018-10-06,Broncos,,• Marquette King,placed on ir with right thigh injury
2018-10-06,Cowboys,,• Terrance Williams (b),placed on ir with foot injury
2018-10-06,Dolphins,,• Luke Falk,placed on ir with fractured left wrist
2018-10-06,Giants,,• Stacy Coley,placed on ir with right hamstring injury
2018-10-08,Bears,,• Sam Acho,placed on ir with torn pectoral muscle
2018-10-08,Eagles,,• Jay Ajayi,placed on ir with torn acl in knee
2018-10-09,Chiefs,,• Armani Watts,placed on ir with groin injury
2018-10-09,Chiefs,,• Laurent Duvernay-Tardif,placed on ir with with fractured fibula in leg
2018-10-09,Colts,,• Matt Slauson,placed on ir with undisclosed injury
2018-10-09,Jaguars,,• Austin Seferian-Jenkins,placed on ir with core muscle injury
2018-10-09,Jaguars,,• Corey Grant,placed on ir with foot injury
2018-10-09,Texans,,• Kayvon Webster,placed on ir with quadriceps injury
2018-10-12,Colts,,• Matthias Farley,"placed on ir with shoulder injury, groin injury, wrist injury"
2018-10-12,Jaguars,,• Carson Tinker,placed on ir with knee injury
2018-10-12,Jaguars,,• Josh Wells,placed on ir with groin injury
2018-10-12,Panthers,,• Jared Norris,placed on ir with toe injury
2018-10-13,Browns,,• Derrick Willies,placed on ir with fractured collarbone
2018-10-13,Buccaneers,,• Marcus Williams (Jeffrey),placed on ir with hamstring injury
2018-10-13,Chiefs,,• De'Anthony Thomas,placed on ir with fractured tibia in leg
2018-10-13,Ravens,,• De'Lance Turner,placed on ir with hamstring injury
2018-10-15,Jaguars,,• Jaydon Mickens,placed on ir with fractured ankle
2018-10-15,Lions,,• Jamal Agnew,placed on ir with knee injury
2018-10-16,Browns,,• Rod Streater,placed on ir with neck injury
2018-10-16,Colts,,• Marcus Johnson (b. 1994-08-05),placed on ir with ankle injury
2018-10-16,Falcons,,• Devonta Freeman,"placed on ir with foot injury, groin injury"
2018-10-16,Giants,,• Cody Latimer,placed on ir with hamstring injury
2018-10-16,Giants,,• Ray-Ray Armstrong,placed on ir with concussion
2018-10-16,Jaguars,,• Niles Paul,placed on ir with sprained mcl in knee
2018-10-16,Vikings,,• Mike Hughes (b. 1997-02-11),placed on ir with torn acl in knee
2018-10-17,Browns,,• James Burgess Jr.,placed on ir with hamstring injury
2018-10-17,Dolphins,,• Chase Allen (b. 1993-08-29),placed on ir with foot injury
2018-10-17,Eagles,,• Destiny Vaeao,placed on ir with undisclosed injury
2018-10-18,Saints,,• Ted Ginn Jr.,placed on ir with knee injury
2018-10-20,Broncos,,• Ronald Leary / Ron Leary,placed on ir with torn right achilles tendon
2018-10-20,Jaguars,,• Will Richardson,placed on ir with knee injury
2018-10-22,Buccaneers,,• Jack Cichy,placed on ir with torn acl in knee
2018-10-22,Buccaneers,,• Kwon Alexander,placed on ir with with torn acl in knee
2018-10-22,Raiders,,• Marshawn Lynch,placed on ir with core muscle injury / groin injury
2018-10-23,49ers,,• Adrian Colbert,placed on ir with right ankle injury
2018-10-23,Bengals,,• Mason Schreck,placed on ir with knee / left leg injury
2018-10-23,Chiefs,,• Jordan Devey,placed on ir with pectoral muscle injury
2018-10-23,Chiefs,,• Terrance Smith (b. 1993-05-03),placed on ir with knee injury
2018-10-23,Jets,,• Doug Middleton,placed on ir with torn pectoral muscle
2018-10-23,Ravens,,• Willie Henry,placed on ir with back / abdominal injury
2018-10-23,Saints,,• Jay Bromley,placed on ir with right biceps injury
2018-10-23,Texans,,• Tyrell Adams,placed on ir with undisclosed injury
2018-10-24,Dolphins,,• Albert Wilson,placed on ir with hip injury
2018-10-24,Falcons,,• Brandon Fusco,placed on ir with ankle injury
2018-10-24,Jets,,• Bilal Powell,placed on ir with neck injury
2018-10-24,Saints,,• Josh LeRibeus,placed on ir with ankle injury
2018-10-25,Eagles,,• Derek Barnett,placed on ir with torn rotator cuff in shoulder
2018-10-25,Jaguars,,• Donald Payne,placed on ir with sprained mcl in knee
2018-10-26,Colts,,• Jihad Ward,placed on ir with left ankle injury
2018-10-26,Cowboys,,• C.J. Goodwin,placed on ir with fractured forearm
2018-10-29,Redskins,,• Troy Apke,placed on ir with hamstring injury
2018-10-30,Dolphins,,• Vincent Taylor,placed on ir with foot injury
2018-10-30,Patriots,,• Eric Rowe,placed on ir with groin injury
2018-10-30,Texans,,• Will Fuller V,placed on ir with torn acl in right knee
2018-10-31,Bills,,• Corey Bojorquez,placed on ir with shoulder injury
2018-10-31,Bills,,• Taiwan Jones (Asti Eric),placed on ir with neck injury
2018-11-02,Dolphins,,• Cordrea Tankersley,placed on ir with torn acl in knee
2018-11-03,49ers,,• Emmanuel Moseley,placed on ir with dislocated shoulder
2018-11-03,49ers,,• Raheem Mostert,placed on ir with fractured right forearm
2018-11-03,Bears,,• Kyle Long,placed on ir with right foot injury
2018-11-03,Cardinals,,• John Wetzel,placed on ir with neck injury
2018-11-03,Chargers,,• Kyzir White,placed on ir with knee injury
2018-11-05,Bengals,,• Carl Lawson,placed on ir with torn acl in knee
2018-11-05,Raiders,,• T.J. Clemmings,placed on ir with knee injury
2018-11-05,Redskins,,• Brandon Scherff,placed on ir with torn pectoral muscle
2018-11-05,Redskins,,• Paul Richardson Jr.,placed on ir with shoulder injury
2018-11-05,Redskins,,• Shawn Lauvao,placed on ir with torn acl in knee
2018-11-06,Packers,,• Geronimo Allison,placed on ir with core muscle injury / groin injury
2018-11-06,Patriots,,• Brian Schwenke,placed on ir with foot injury
2018-11-07,Browns,,• Christian Kirksey,placed on ir with hamstring injury
2018-11-07,Browns,,• E.J. Gaines,placed on ir with concussion
2018-11-08,Saints,,• Cameron Meredith,placed on ir with knee injury
2018-11-10,Jets,,• Neal Sterling,placed on ir with concussion
2018-11-10,Saints,,• Dez Bryant,placed on ir with torn achilles tendon
2018-11-12,Broncos,,• Matt Paradis,placed on ir with leg injury
2018-11-12,Redskins,,• Geron Christian,placed on ir with torn mcl in knee
2018-11-12,Cowboys,,• Terrance Williams (b),placed on ir with foot injury
2018-11-13,Buccaneers,,• Evan Dietrich-Smith / Evan Smith,placed on ir with hip injury
2018-11-13,Buccaneers,,• Shaun Wilson,placed on ir with left shoulder injury
2018-11-13,Cardinals,,• Justin Pugh,placed on ir with leg / knee injury
2018-11-13,Chargers,,• Denzel Perryman,placed on ir with knee injury
2018-11-13,Colts,,• Carroll Phillips,placed on ir with groin injury
2018-11-13,Jaguars,,• Brandon Linder,placed on ir with right knee injury
2018-11-14,Lions,,• T.J. Lang (John),placed on ir with neck injury
2018-11-16,Bengals,,• Tyler Kroft,placed on ir with foot injury
2018-11-16,Eagles,,• Joshua Perkins / Josh Perkins,placed on ir with knee injury
2018-11-17,Bears,,• Dion Sims,placed on ir with concussion
2018-11-17,Eagles,,• Ronald Darby,placed on ir with knee injury
2018-11-19,Raiders,,• Brandon LaFell,placed on ir with torn left achilles tendon
2018-11-19,Rams,,• Cooper Kupp,placed on ir with torn acl in left knee
2018-11-19,Redskins,,• Alex Smith (D.),"placed on ir with fractured fibula, tibia in right leg"
2018-11-20,Bengals,,• Preston Brown (b. 1992-10-27),placed on ir with knee injury
2018-11-20,Broncos,,• Max Garcia,placed on ir with with torn acl in knee
2018-11-20,Colts,,• D.J. Killings,placed on ir with ankle injury
2018-11-21,Buccaneers,,• O.J. Howard,"placed on ir with ankle, foot injury"
2018-11-21,Chargers,,• Corey Liuget,placed on ir with knee injury
2018-11-22,Bengals,,• Josh Tupou,placed on ir with torn pectoral muscle
2018-11-23,Bengals,,• Adolphus Washington,placed on ir with knee injury
2018-11-24,Packers,,• Nick Perry (Joel),placed on ir with knee injury
2018-11-26,Bengals,,• Andy Dalton,placed on ir with right thumb injury
2018-11-26,Cardinals,,• Josh Bynes,placed on ir with thumb injury
2018-11-26,Cardinals,,• Phil Dawson,placed on ir with right hip injury
2018-11-26,Giants,,• Quadree Henderson,placed on ir with shoulder injury
2018-11-26,Lions,,• Marvin Jones Jr.,placed on ir with knee injury
2018-11-27,49ers,,• Jimmie Ward,placed on ir with fractured forearm
2018-11-27,Broncos,,• Jeff Heuerman,"placed on ir with fractured ribs, bruised lung"
2018-11-27,Colts,,• Jack Doyle,placed on ir with kidney ailment
2018-11-27,Jaguars,,• Andrew Norwell,placed on ir with ankle injury
2018-11-27,Panthers,,• Damiere Byrd,placed on ir with fractured arm
2018-11-27,Raiders,,• Jacquies Smith,placed on ir with achilles injury
2018-11-27,Redskins,,• Cassanova McKinzy,placed on ir with torn pectoral muscle
2018-11-27,Vikings,,• Andrew Sendejo,placed on ir with groin injury
2018-11-28,Dolphins,,• Jakeem Grant,placed on ir with achilles injury
2018-11-28,Falcons,,• Derrick Shelby,placed on ir with groin injury
2018-11-28,Jets,,• James Carpenter,placed on ir with shoulder injury
2018-11-29,Bengals,,• Jake Fisher,placed on ir with back injury
2018-11-29,Cardinals,,• Jeremy Vujnovich,placed on ir with hamstring injury
2018-11-30,Raiders,,• Leon Hall (b),placed on ir with back injury
2018-12-01,Jets,,• Marcus Maye,"placed on ir with shoulder, thumb injury"
2018-12-01,Packers,,• Mike Daniels,placed on ir with foot injury
2018-12-01,Packers,,• Trevor Davis,placed on ir with hamstring injury
2018-12-01,Ravens,,• Alex Collins,placed on ir with foot injury
2018-12-01,Seahawks,,• C.J. Prosise,placed on ir with abdominal injury
2018-12-03,Cardinals,,• Christian Kirk (Davon),placed on ir with fractured foot
2018-12-04,Bills,,• Russell Bodine,placed on ir with leg injury
2018-12-04,Cardinals,,• Mike Iupati,placed on ir with knee injury
2018-12-04,Cardinals,,• Olsen Pierre,placed on ir with knee injury
2018-12-04,Dolphins,,• A.J. Derby,"placed on ir with foot, knee injury"
2018-12-04,Falcons,,• Josh Harris II (b. 1989-04-27),placed on ir with hip injury
2018-12-04,Packers,,• Ibraheim Campbell,placed on ir with undisclosed injury
2018-12-04,Redskins,,• Jonathan Cooper,placed on ir with torn biceps
2018-12-04,Steelers,,• Justin Hunter,placed on ir with shoulder injury
2018-12-05,Bengals,,• A.J. Green (Adriel Jeremiah),placed on ir with toe injury
2018-12-05,Broncos,,• Emmanuel Sanders,placed on ir with torn left achilles tendon
2018-12-05,Cardinals,,• D.J. Humphries,placed on ir with knee injury
2018-12-05,Lions,,• Jalen Reeves-Maybin,placed on ir with neck injury
2018-12-05,Packers,,• Kevin King,placed on ir with hamstring injury
2018-12-05,Packers,,• Tra Carson,placed on ir with rib injury
2018-12-05,Panthers,,• Greg Olsen,placed on ir with foot injury
2018-12-05,Raiders,,• Martavis Bryant,placed on ir with knee injury
2018-12-05,Raiders,,• Reggie Nelson,placed on ir with shoulder injury
2018-12-05,Raiders,,• Shilique Calhoun,placed on ir with neck injury
2018-12-05,Redskins,,• Quinton Dunbar,placed on ir with shin injury
2018-12-05,Redskins,,• Trey Quinn,placed on ir with ankle injury
2018-12-06,49ers,,• Dekoda Watson,placed on ir with torn calf muscle
2018-12-06,Giants,,• Landon Collins,placed on ir with torn rotator cuff in shoulder
2018-12-06,Panthers,,• Brendan Mahon,placed on ir with concussion
2018-12-07,Panthers,,• Amini Silatolu,placed on ir with knee injury
2018-12-08,Browns,,• Pharaoh Brown,placed on ir with shoulder injury
2018-12-08,Eagles,,• Jalen Mills,placed on ir with foot injury
2018-12-08,Packers,,• Raven Greene,placed on ir with ankle injury
2018-12-08,Texans,,• Brennan Scarlett,placed on ir with ankle injury
2018-12-11,Bills,,• Matt Milano,placed on ir with fractured fibula in leg
2018-12-11,Bills,,• Taron Johnson,placed on ir with shoulder injury
2018-12-11,Buccaneers,,• Kevin Minter,placed on ir with calf injury
2018-12-11,Cardinals,,• Robert Nkemdiche,placed on ir with knee injury
2018-12-11,Cardinals,,• Thurston Armbrister,placed on ir with hamstring injury
2018-12-11,Eagles,,• Corey Clement,placed on ir with right knee injury
2018-12-11,Eagles,,• Josh Sweat,placed on ir with ankle injury
2018-12-11,Lions,,• Ezekiel Ansah / Ziggy Ansah,placed on ir with shoulder injury
2018-12-11,Lions,,• Michael Roberts,placed on ir with shoulder injury
2018-12-11,Raiders,,• Jon Feliciano,placed on ir with left calf injury
2018-12-11,Rams,,• Dominique Hatfield,placed on ir with ankle injury
2018-12-11,Rams,,• Malcolm Brown,placed on ir with clavicle injury
2018-12-11,Saints,,• Michael Ola,placed on ir with ankle injury
2018-12-11,Titans,,• Jack Conklin,placed on ir with knee injury
2018-12-11,Titans,,• Jonnu Smith,placed on ir with knee injury
2018-12-12,49ers,,• Pierre Garcon,placed on ir with knee injury
2018-12-12,Bears,,• Bryce Callahan,placed on ir with fractured left foot
2018-12-12,Dolphins,,• Jake Brendel,placed on ir with calf injury
2018-12-12,Packers,,• Byron Bell,placed on ir with knee injury
2018-12-12,Seahawks,,• Mychal Kendricks,placed on ir with knee injury
2018-12-13,Browns,,• Orson Charles,placed on ir with ankle injury
2018-12-13,Chargers,,• Trevor Williams,placed on ir with knee injury
2018-12-14,Eagles,,• Jordan Mailata,placed on ir with back injury
2018-12-14,Jaguars,,• Josh Walker,placed on ir with ankle injury
2018-12-14,Jaguars,,• Leon Jacobs,placed on ir with quadriceps injury
2018-12-14,Jets,,• Isaiah Crowell,placed on ir with toe injury
2018-12-15,Redskins,,• Nick Sundberg,placed on ir with back injury
2018-12-15,Steelers,,• Marcus Gilbert (Christopher),placed on ir with knee injury
2018-12-18,Bengals,,• Malik Jefferson,placed on ir with foot injury
2018-12-18,Bills,,• Marcus Murphy (b. 1991-10-03),placed on ir with dislocated elbow
2018-12-18,Buccaneers,,• Alan Cross,placed on ir with shoulder injury
2018-12-18,Buccaneers,,• Justin Evans (b. 1995-08-26),placed on ir with toe injury
2018-12-18,Colts,,• Al Woods (Joseph),placed on ir with foot injury
2018-12-18,Colts,,• Skai Moore,placed on ir with neck injury
2018-12-18,Falcons,,• Ito Smith,placed on ir with knee injury
2018-12-18,Giants,,• Antonio Hamilton,placed on ir with quadriceps injury
2018-12-18,Jets,,• Rishard Matthews,placed on ir with hamstring injury
2018-12-18,Lions,,• Da'Shawn Hand,placed on ir with knee injury
2018-12-18,Packers,,• Aaron Jones (LaRae),placed on ir with knee injury
2018-12-18,Raiders,,• Gabe Jackson,"placed on ir with ankle, elbow injuries"
2018-12-18,Redskins,,• Joshua Holsey,placed on ir with torn acl in knee
2018-12-18,Seahawks,,• Jordan Simmons,placed on ir with knee injury
2018-12-18,Titans,,• Logan Ryan,placed on ir with fractured fibula in left leg
2018-12-19,49ers,,• Ahkello Witherspoon,placed on ir with knee injury
2018-12-19,Broncos,,• Chris Harris Jr.,placed on ir with chipped fibula in right leg
2018-12-19,Dolphins,,• Frank Gore (Sr.),placed on ir with foot injury
2018-12-19,Jets,,• Brandon Shell,placed on ir with left knee injury
2018-12-19,Lions,,• Kerryon Johnson,placed on ir with knee injury
2018-12-19,Panthers,,• Graham Gano,placed on ir with left knee injury
2018-12-19,Redskins,,• Danny Johnson (b. 1995-11-17),placed on ir with finger injury
2018-12-19,Redskins,,• Montae Nicholson,placed on ir / non-football injury list with concussion
2018-12-20,Jets,,• Jeremiah Attaochu,placed on ir with concussion
2018-12-20,Panthers,,• Shaq Thompson,placed on ir with shoulder injury
2018-12-20,Titans,,• David Fluellen,placed on ir with knee injury
2018-12-21,Redskins,,• Austin Howard,placed on ir with hip injury
2018-12-22,Cowboys,,• Geoff Swaim,placed on ir with wrist injury
2018-12-22,Jaguars,,• Jermey Parnell,placed on ir with knee injury
2018-12-22,Jaguars,,• Ronnie Harrison Jr.,placed on ir with knee injury
2018-12-22,Lions,,• Bruce Ellington,placed on ir with hamstring injury
2018-12-22,Lions,,• Charles Washington (b. 1993-03-10),placed on ir with hamstring injury
2018-12-22,Packers,,• Will Redmond,placed on ir with shoulder injury
2018-12-24,49ers,,• Jaquiski Tartt,placed on ir with shoulder injury
2018-12-24,Raiders,,• Daryl Worley,placed on ir with shoulder injury
2018-12-24,Texans,,• Brian Peters,placed on ir with ankle injury
2018-12-24,Texans,,• Demaryius Thomas,placed on ir with achilles injury
2018-12-24,Texans,,• Kayvon Webster,placed on ir with quadriceps injury
2018-12-24,Titans,,• Cole Wick,placed on ir with shoulder injury
2018-12-24,Titans,,• Jurrell Casey,placed on ir with knee injury
2018-12-25,Cardinals,,• Korey Cunningham,placed on ir with foot injury
2018-12-25,Packers,,• Kenny Clark (Duane),placed on ir with elbow injury
2018-12-26,Panthers,,• Taylor Heinicke,placed on ir with left elbow injury
2018-12-27,Jets,,• Eric Tomlinson,placed on ir with foot injury
2018-12-27,Redskins,,• Colt McCoy,placed on ir with fractured fibula in right leg
2018-12-27,Redskins,,• Jordan Reed,"placed on ir with ankle, foot injury"
2018-12-28,Bengals,,• Dre Kirkpatrick,placed on ir with shoulder injury
2018-12-28,Bengals,,• Jordan Evans,placed on ir with ankle injury
2018-12-28,Bengals,,• Tyler Boyd,placed on ir with knee injury
2018-12-28,Broncos,,• Andre Holmes,placed on ir with ankle injury
2018-12-28,Broncos,,• Phillip Lindsay,placed on ir with surgery on wrist
2018-12-28,Browns,,• Tanner Vallejo,placed on ir with hamstring injury
2018-12-28,Jaguars,,• Josh Lambo,placed on ir with right groin injury
2018-12-28,Jaguars,,• Josh Wells,placed on ir with concussion
2018-12-28,Lions,,• A'Shawn Robinson,placed on ir with knee injury
2018-12-28,Panthers,,• Kenjon Barner,placed on ir with knee injury
2018-12-28,Redskins,,• Maurice Harris,placed on ir with concussion
2018-12-28,Steelers,,• Chris Boswell,placed on ir with lower body injury
2018-12-29,49ers,,• Dante Pettis,placed on ir with knee injury
2018-12-29,49ers,,• Matt Breida,placed on ir with ankle injury
2018-12-29,Giants,,• Jawill Davis,placed on ir with knee injury
2018-12-29,Jets,,• Kevin Pierre-Louis,placed on ir with shoulder injury
2018-12-29,Jets,,• Morris Claiborne,placed on ir with shoulder injury
2018-12-29,Jets,,• Quincy Enunwa,placed on ir with ankle injury
2018-12-29,Lions,,• Deshawn Shead,placed on ir with knee injury
2019-01-01,Seahawks,,• Delano Hill,placed on ir with hip injury
2019-01-02,Texans,,• Mike Tyson,placed on ir with knee injury / concussion
2019-01-07,Chargers,,• Jatavis Brown,placed on ir with ankle injury
2019-01-08,Cowboys,,• Allen Hurns,placed on ir with left ankle injury
2019-01-08,Patriots,,• Jacob Hollister,placed on ir with hamstring injury
2019-01-09,Colts,,• Mike Mitchell (Bryant Edward),placed on ir with calf injury
2019-01-12,Saints,,• Simmie Cobbs Jr.,placed on ir with knee injury
2019-01-16,Saints,,• Sheldon Rankins,placed on ir with torn left achilles tendon
2019-05-03,Raiders,,• Isaiah Crowell,placed on ir with torn achilles tendon
2019-05-05,Giants,,• Nate Harvey,placed on ir with knee injury
2019-05-08,Chiefs,,• Jamire Jordan,placed on ir with undisclosed injury
2019-05-10,Texans,,• Duke Ejiofor,placed on ir with torn achilles tendon
2019-05-13,Jets,,• Charles Tapper,placed on ir with undisclosed injury
2019-05-14,Broncos,,• Nico Falah,placed on ir with achilles injury
2019-05-14,Buccaneers,,• Isaiah Searight,placed on ir with hamstring injury
2019-05-14,Dolphins,,• Connor Hilland,placed on ir with undisclosed injury
2019-05-14,Dolphins,,• Rob Rolle,placed on ir with undisclosed injury
2019-05-14,Falcons,,• Jeremy Langford,placed on ir with undisclosed injury
2019-05-14,Jaguars,,• Cody Brown,placed on ir with undisclosed injury
2019-05-14,Jaguars,,• Roderick Young,placed on ir with undisclosed injury
2019-05-14,Titans,,• Hamp Cheevers,placed on ir with undisclosed injury
2019-05-15,Giants,,• Jacob Thieneman,placed on ir with knee injury
2019-05-16,Dolphins,,• Ricardo Louis,placed on ir with knee injury / neck injury
2019-05-17,Bears,,• Jomon Dotson,placed on ir with undisclosed injury
2019-05-17,Dolphins,,• Isaac Asiata,placed on ir with undisclosed injury
2019-05-22,Redskins,,• Reuben Foster,placed on ir with torn acl in left knee
2019-05-23,Falcons,,• Steven Means,placed on ir with torn achilles tendon
2019-05-30,Raiders,,• Ryan Yurachek,placed on ir with knee injury
2019-05-30,Seahawks,,• Adam Choice,placed on ir with undisclosed injury
2019-06-04,Chargers,,• Trevion Thompson,placed on ir with undisclosed injury
2019-06-04,Colts,,• Javon Patterson,placed on ir with torn acl in knee
2019-06-05,Giants,,• Jeremiah Harris,placed on ir with undisclosed injury
2019-06-05,Panthers,,• Mose Frazier,placed on ir with fractured arm
2019-06-10,Colts,,• Iseoluwapo Jegede / Jegs Jegede,placed on ir with undisclosed injury
2019-07-01,Chargers,,• Koda Martin,placed on ir with undisclosed injury
2019-07-12,Jaguars,,• Dredrick Snelson,placed on ir with undisclosed injury
2019-07-23,Bills,,• Jeremiah Sirles,placed on ir with fractured foot
2019-07-24,Falcons,,• J.J. Wilcox,placed on ir with torn acl in knee
2019-07-25,Buccaneers,,• Jalen Allison,placed on ir with undisclosed injury
2019-07-25,Buccaneers,,• Xavier Ubosi,placed on ir with undisclosed injury
2019-07-26,49ers,,• Erik Magnuson,placed on ir with calf injury
2019-07-26,Falcons,,• (Benjamin) Michael Bennett,placed on ir with fractured ankle
2019-07-26,Giants,,• Corey Coleman,placed on ir with torn acl in knee
2019-07-26,Saints,,• Kenny Bigelow Jr.,placed on ir with undisclosed injury
2019-07-26,Seahawks,,• Emmanuel Ellerbee,placed on ir with undisclosed injury
2019-07-28,Texans,,• Isaac Whitney,placed on ir with wrist injury
2019-07-29,Browns,,• Lo Falemaka,placed on ir with shoulder injury
2019-07-29,Buccaneers,,• Troy Niklas,placed on ir with leg injury
2019-07-29,Chargers,,• Dylan Cantrell,placed on ir with shoulder injury
2019-07-29,Chargers,,• Fred Trevillion,placed on ir with hamstring injury
2019-07-30,Saints,,• Javorius Allen / Buck Allen,placed on ir with undisclosed injury
2019-07-31,Saints,,• Christian Campbell / Chris Campbell (1995-11-27),placed on ir with undisclosed injury
2019-07-31,Titans,,• Cameron Batson,placed on ir with undisclosed injury
2019-08-01,Buccaneers,,• Orion Stewart,placed on ir with torn acl in knee
2019-08-01,Packers,,• Javien Hamilton,placed on ir with hamstring injury
2019-08-01,Redskins,,• Casey Dunn,placed on ir with undisclosed injury
2019-08-02,Cowboys,,• Andrew Dowell,placed on ir with hamstring injury
2019-08-02,Jaguars,,• Michael Colubiale,placed on ir with concussion
2019-08-02,Jaguars,,• Taj McGowan,placed on ir with knee injury
2019-08-02,Panthers,,• Brandon Chubb,placed on ir with knee injury
2019-08-02,Panthers,,• Dorian Johnson,placed on ir with undisclosed injury
2019-08-02,Steelers,,• Herb Waters,placed on ir with undisclosed injury
2019-08-03,49ers,,• Kapron Lewis-Moore,placed on ir with groin injury
2019-08-03,Broncos,,• Billy Winn,placed on ir with triceps injury
2019-08-03,Browns,,• Blake Jackson (b. 1994-03-07),placed on ir with knee injury
2019-08-03,Chargers,,• Cole Toner,placed on ir with undisclosed injury
2019-08-03,Chargers,,• Tre'von Johnson,placed on ir with undisclosed injury
2019-08-03,Giants,,• Mark McLaurin,placed on ir with fractured foot
2019-08-04,Bears,,• Josh Simmons,placed on ir with undisclosed injury
2019-08-04,Colts,,• Billy Brown (b. 1993-03-20),placed on ir with undisclosed injury
2019-08-04,Giants,,• Alex Jenkins,placed on ir with calf injury
2019-08-04,Jets,,• Temuchin Hodges / Bucky Hodges,placed on ir with hamstring injury
2019-08-04,Saints,,• Rob Kelley,placed on ir with undisclosed injury
2019-08-04,Seahawks,,• Justin Johnson,placed on ir with achilles injury
2019-08-04,Seahawks,,• Tyrone Swoopes,placed on ir with leg injury
2019-08-05,Jets,,• Jeremy Clark (b. 1994-06-29),placed on ir with hamstring injury
2019-08-05,Jets,,• Tyler Jones (b. 1995-10-27),placed on ir with calf injury
2019-08-06,Bills,,• LaAdrian Waddle,placed on ir with torn quadriceps
2019-08-06,Eagles,,• Joe Ostman,placed on ir with torn acl in knee
2019-08-06,Falcons,,• Kurt Benkert,placed on ir with toe injury
2019-08-07,Colts,,• Steve Ishmael,placed on ir with knee injury
2019-08-07,Eagles,,• Casey Tucker,placed on ir with concussion
2019-08-07,Lions,,• Tarvarus McFadden,placed on ir with undisclosed injury
2019-08-07,Packers,,• Jason Spriggs,placed on ir with back injury
2019-08-07,Steelers,,• Derrek Thomas,placed on ir with undisclosed injury
2019-08-07,Buccaneers,,• Michael Liedtke / Mike Liedtke,placed on ir with shoulder injury
2019-08-08,Bengals,,• Niles Scott,placed on ir with foot injury
2019-08-08,Buccaneers,,• D'Cota Dixon,placed on ir with undisclosed injury
2019-08-08,Cardinals,,• Vincent Valentine,placed on ir with undisclosed injury
2019-08-08,Chiefs,,• Keith Reaser,placed on ir with torn achilles tendon
2019-08-09,Cowboys,,• Derrick Puni,placed on ir with undisclosed injury
2019-08-09,Cowboys,,• Lance Lenoir,placed on ir with knee injury
2019-08-09,Packers,,• Kendall Donnerson,placed on ir with hamstring injury
2019-08-09,Saints,,• Matt Dayes,placed on ir with undisclosed injury
2019-08-09,Seahawks,,• Davante Davis,placed on ir with undisclosed injury
2019-08-09,Steelers,,• Ralph Webb,placed on ir with undisclosed injury
2019-08-10,Bills,,• E.J. Gaines,placed on ir with groin injury
2019-08-10,Bills,,• Robert Thomas II,placed on ir with knee injury
2019-08-10,Broncos,,• Austin Fort,placed on ir with torn acl in knee
2019-08-10,Chiefs,,• David Wells,placed on ir with undisclosed injury
2019-08-10,Jaguars,,• James Onwualu,placed on ir with knee injury
2019-08-10,Jaguars,,• Marcus Simms,placed on ir with concussion
2019-08-10,Lions,,• Darius Kilgo,placed on ir with leg injury
2019-08-10,Lions,,• Jermaine Kearse,placed on ir with fractured left leg
2019-08-10,Panthers,,• Dillon Gordon,placed on ir with shoulder injury
2019-08-10,Saints,,• Ulrick John,placed on ir with undisclosed injury
2019-08-10,Texans,,• Ira Savage-Lewis / Ira Lewis,placed on ir with concussion
2019-08-10,Titans,,• D'Andre Walker,placed on ir with undisclosed injury
2019-08-11,Buccaneers,,• Bryant Mitchell,placed on ir with torn left achilles tendon
2019-08-11,Jaguars,,• Roc Thomas,placed on ir with undisclosed injury
2019-08-11,Raiders,,• D.J. Killings,placed on ir with torn pectoral muscle
2019-08-11,Texans,,• Chris Landrum,placed on ir with undisclosed injury
2019-08-11,Titans,,• Cody Conway,placed on ir with undisclosed injury
2019-08-11,Titans,,• Riley Bullough,placed on ir with elbow injury
2019-08-12,49ers,,• Shon Coleman,"placed on ir with fractured right fibula, dislocated right ankle"
2019-08-12,Lions,,• Tre Lamar,placed on ir with undisclosed injury
2019-08-12,Redskins,,• Josh Woodrum,placed on ir with torn pectoral muscle
2019-08-13,Dolphins,,• Jonathan Woodard,placed on ir with undisclosed injury
2019-08-13,Eagles,,• Shelton Gibson,placed on ir with ankle injury
2019-08-13,Giants,,• Amba Etta-Tawo,placed on ir with torn achilles tendon
2019-08-13,Patriots,,• D'Angelo Ross,placed on ir with undisclosed injury
2019-08-13,Titans,,• Jordan Williams (Cornell),placed on ir with undisclosed injury
2019-08-14,Chargers,,• Andrew Vollert,placed on ir with torn acl in knee
2019-08-14,Giants,,• Isaiah Searight,placed on ir with hamstring injury
2019-08-17,49ers,,• Greg Mabin,placed on ir with calf injury
2019-08-17,Jets,,• Avery Williamson,placed on ir with torn acl in right knee
2019-08-17,Texans,,• Jermaine Kelly,placed on ir with quadriceps injury
2019-08-18,Redskins,,• Myles Humphrey,placed on ir with knee injury
2019-08-19,Colts,,• D'Onta Foreman,placed on ir with torn biceps
2019-08-19,Colts,,• Daurice Fountain,placed on ir with fractured ankle
2019-08-19,Panthers,,• Jonathan Celestin,placed on ir with undisclosed injury
2019-08-19,Panthers,,• Norman Price,placed on ir with left leg injury
2019-08-20,Bills,,• Garrett McGhin,placed on ir with ankle injury
2019-08-20,Buccaneers,,• Shane Bowman,placed on ir with ankle injury
2019-08-20,Chiefs,,• Marcus Kemp,"placed on ir with torn acl, mcl in knee"
2019-08-20,Seahawks,,• Demetrius Knox,placed on ir with knee/quadriceps injury
2019-08-20,Titans,,• Nigel Harris,placed on ir with undisclosed injury
2019-08-21,Broncos,,• Horace Richardson,placed on ir with back injury
2019-08-21,Broncos,,• Johnathan Howard / Bug Howard,placed on ir with hand injury
2019-08-21,Browns,,• D.J. Montgomery,placed on ir with hamstring injury
2019-08-21,Chiefs,,• Davon Grayson,placed on ir with knee injury
2019-08-21,Dolphins,,• Saeed Blacknall,placed on ir with undisclosed injury
2019-08-21,Saints,,• Chris Clark,placed on ir with right leg injury
2019-08-22,49ers,,• Shawn Poindexter,placed on ir with torn acl in knee
2019-08-23,Broncos,,• Aaron Wallace (b),placed on ir with hamstring injury
2019-08-23,Steelers,,• Lavon Hooks,placed on ir with achilles injury
2019-08-25,Cardinals,,• Hakeem Butler,placed on ir with hand injury
2019-08-25,Cardinals,,• Josh Shaw (James),placed on ir with shoulder injury
2019-08-25,Patriots,,• Brandon King (b. 1993-06-08),placed on ir with torn quadriceps
2019-08-25,Raiders,,• Doug Martin (Matthewbaran),placed on ir with shoulder injury
2019-08-26,49ers,,• Tim Harris Jr.,placed on ir with groin injury
2019-08-26,Buccaneers,,• Kahzin Daniels,placed on ir with knee injury
2019-08-26,Patriots,,• Keionta Davis,placed on ir with undisclosed injury
2019-08-26,Patriots,,• Maurice Harris,placed on ir with lower leg injury
2019-08-26,Saints,,• Garrett Griffin,placed on ir with undisclosed injury
2019-08-26,Texans,,• David Steinmetz,placed on ir with fractured ankle
2019-08-26,Texans,,• Lamar Miller,"placed on ir with torn acl, mcl in knee"
2019-08-27,Chiefs,,• John Lovett (b. 1996-04-25),placed on ir with separated right shoulder
2019-08-27,Packers,,• Mike Tyson,placed on ir with undisclosed injury
2019-08-27,Seahawks,,• Kalan Reed,placed on ir with neck injury
2019-08-27,Seahawks,,• Nazair Jones,placed on ir with knee injury
2019-08-28,Bears,,• T.J. Clemmings,placed on ir with quadriceps injury
2019-08-28,Bills,,• Mike Love (b. 1994-01-22),placed on ir with pectoral injury
2019-08-28,Dolphins,,• Chase Allen (b. 1993-08-29),placed on ir with undisclosed injury
2019-08-28,Eagles,,• Charles Johnson (David) (b. 1989-02-27),placed on ir with ankle injury
2019-08-28,Panthers,,• Destiny Vaeao,placed on ir with quadriceps injury
2019-08-28,Steelers,,• Brian Allen (b. 1993-10-10),placed on ir with ankle injury
2019-08-29,Titans,,• Josh Smith (a),placed on ir with undisclosed injury
2019-08-30,Eagles,,• Richard Rodgers (Christopher),placed on ir with foot injury
2019-08-30,Jets,,• Brandon Bryant,placed on ir with concussion
2019-08-30,Panthers,,• Graham Gano,placed on ir with left knee injury
2019-08-30,Panthers,,• Kitt O'Brien,placed on ir with undisclosed injury
2019-08-30,Saints,,• Colton Jumper,placed on ir with undisclosed injury
2019-08-30,Saints,,• Josh Martin,placed on ir with shoulder injury
2019-08-30,Saints,,• Will Compton,placed on ir with ankle injury
2019-08-31,49ers,,• Jerick McKinnon,placed on ir with knee injury
2019-08-31,49ers,,• Nick Williams (b. 1990-11-23),placed on ir with undisclosed injury
2019-08-31,Bears,,• Blake Blackmar,placed on ir with ankle injury
2019-08-31,Bears,,• Dax Raymond,placed on ir with head injury
2019-08-31,Bengals,,• Jeff Driskel,placed on ir with hamstring injury
2019-08-31,Bengals,,• Rodney Anderson,placed on ir with torn acl in knee
2019-08-31,Bills,,• Senorise Perry,placed on ir with quadriceps injury
2019-08-31,Bills,,• Vosean Joseph,placed on ir with shoulder injury
2019-08-31,Broncos,,• Drew Lock,placed on ir with thumb injury
2019-08-31,Browns,,• Phillip Gaines,placed on ir with concussion
2019-08-31,Chiefs,,• Breeland Speaks,placed on ir with knee injury
2019-08-31,Chiefs,,• Gehrig Dieter,placed on ir with back injury
2019-08-31,Cowboys,,• Chris Westry,placed on ir with ankle injury
2019-08-31,Cowboys,,• Cody Wichmann,placed on ir with calf injury
2019-08-31,Cowboys,,• Daniel Ross,placed on ir with shoulder injury
2019-08-31,Cowboys,,• Jalen Jelks,placed on ir with undisclosed injury
2019-08-31,Cowboys,,• Jon'Vea Johnson,placed on ir with shoulder injury
2019-08-31,Eagles,,• Aziz Shittu,placed on ir with head injury
2019-08-31,Falcons,,• Matt Simms,placed on ir with undisclosed injury
2019-08-31,Giants,,• Brittan Golden,placed on ir with calf injury
2019-08-31,Giants,,• George Asafo-Adjei,placed on ir with concussion
2019-08-31,Giants,,• Jonathan Anderson,placed on ir with knee injury
2019-08-31,Giants,,• Rod Smith (b. 1992-01-10),placed on ir with adductor injury
2019-08-31,Giants,,• Scott Simonson,placed on ir with ankle injury
2019-08-31,Jaguars,,• Ben Ijalana,placed on ir with elbow injury
2019-08-31,Jaguars,,• Terrelle Pryor,placed on ir with hamstring injury
2019-08-31,Packers,,• Equanimeous St. Brown,placed on ir with ankle injury
2019-08-31,Patriots,,• David Andrews,placed on ir with blood clot in lungs
2019-08-31,Patriots,,• Derek Rivers,placed on ir with undisclosed injury
2019-08-31,Patriots,,• Hjalte Froholdt,placed on ir with shoulder injury
2019-08-31,Patriots,,• Malik Gant,placed on ir with leg injury
2019-08-31,Raiders,,• Justin Ellis,placed on ir with knee injury
2019-08-31,Rams,,• Micah Kiser,placed on ir with pectoral muscle injury
2019-08-31,Ravens,,• Alvin Jones (b. 1994-12-02),placed on ir with undisclosed injury
2019-08-31,Ravens,,• Fish Smithson,placed on ir with undisclosed injury
2019-08-31,Ravens,,• Kenneth Dixon,placed on ir with undisclosed injury
2019-08-31,Ravens,,• Randin Crecelius,placed on ir with concussion
2019-08-31,Ravens,,• Tavon Young,placed on ir with neck injury
2019-08-31,Saints,,• Cameron Tom,placed on ir with undisclosed injury
2019-08-31,Saints,,• Marcus Sherels,placed on ir with undisclosed injury
2019-08-31,Saints,,• Marshall Newhouse,placed on ir with undisclosed injury
2019-08-31,Seahawks,,• Jordan Simmons,placed on ir with knee injury
2019-08-31,Texans,,• Joe Webb,placed on ir with foot injury
2019-09-01,49ers,,• Adrian Colbert,placed on ir with hamstring injury
2019-09-01,49ers,,• Andrew Lauderdale,placed on ir with undisclosed injury
2019-09-01,49ers,,• Kentavius Street,placed on ir with knee injury
2019-09-01,Bills,,• Jason Croom,placed on ir with hamstring injury
2019-09-01,Broncos,,• Dadi Lhomme Nicolas / Dadi Nicolas,placed on ir with undisclosed injury
2019-09-01,Broncos,,• Dymonte Thomas,placed on ir with knee injury
2019-09-01,Broncos,,• Joe Dineen Jr.,placed on ir with fractured right hand
2019-09-01,Broncos,,• Ryan Crozier,placed on ir with undisclosed injury
2019-09-01,Browns,,• Joe Kerridge,placed on ir with concussion
2019-09-01,Browns,,• Kyle Kalis,placed on ir with concussion
2019-09-01,Buccaneers,,• Cortrelle Simpson,placed on ir with undisclosed injury
2019-09-01,Buccaneers,,• Jeremiah Ledbetter,placed on ir with ankle injury
2019-09-01,Buccaneers,,• K.J. Brent,placed on ir with undisclosed injury
2019-09-01,Cardinals,,• Brandon Williams (b. 1992-09-09),placed on ir with shoulder injury
2019-09-01,Cardinals,,• Pita Taumoepenu,placed on ir with hamstring injury
2019-09-01,Cardinals,,• Rees Odhiambo,placed on ir with chest injury
2019-09-01,Cardinals,,• Robert Alford,placed on ir with leg injury
2019-09-01,Cardinals,,• William Sweet,placed on ir with foot injury
2019-09-01,Chargers,,• Ben Johnson (b. 1994-07-28),placed on ir with undisclosed injury
2019-09-01,Chargers,,• Brant Weiss,placed on ir with undisclosed injury
2019-09-01,Chargers,,• Derwin James Jr.,placed on ir with foot injury
2019-09-01,Chargers,,• Vince Mayle,placed on ir with undisclosed injury
2019-09-01,Chiefs,,• Chad Henne,placed on ir with ankle injury
2019-09-01,Chiefs,,• Felton Davis,placed on ir with shoulder injury
2019-09-01,Chiefs,,• Michael Hunter,placed on ir with groin injury
2019-09-01,Colts,,• Ahmad Thomas,placed on ir with undisclosed injury
2019-09-01,Colts,,• Isaiah Johnson (Nathan),placed on ir with undisclosed injury
2019-09-01,Colts,,• Kai Nacua,placed on ir with undisclosed injury
2019-09-01,Colts,,• Marcus Johnson (b. 1994-08-05),placed on ir with concussion
2019-09-01,Colts,,• Penny Hart,placed on ir with undisclosed injury
2019-09-01,Colts,,• Shakial Taylor,placed on ir with concussion
2019-09-01,Cowboys,,• Codey McElroy,placed on ir with neck injury
2019-09-01,Cowboys,,• Jameill Showers,placed on ir with hamstring injury
2019-09-01,Cowboys,,• Tyvis Powell,placed on ir with hamstring injury
2019-09-01,Dolphins,,• Quentin Poling,placed on ir with undisclosed injury
2019-09-01,Falcons,,• Alex Gray (b. 1991-05-01),placed on ir with undisclosed injury
2019-09-01,Falcons,,• Richie Brown,placed on ir with undisclosed injury
2019-09-01,Falcons,,• Taveze Calhoun,placed on ir with head injury
2019-09-01,Giants,,• Alex Wesley,placed on ir with foot injury
2019-09-01,Giants,,• Chad Wheeler,placed on ir with back injury
2019-09-01,Giants,,• Henre' Toliver,placed on ir with ankle injury
2019-09-01,Giants,,• Keion Adams,placed on ir with knee injury
2019-09-01,Giants,,• Kenny Ladler,placed on ir with hamstring injury
2019-09-01,Giants,,• Ronald Zamort,placed on ir with ankle injury
2019-09-01,Giants,,• Sam Beal,placed on ir with hamstring injury
2019-09-01,Giants,,• Victor Salako,placed on ir with shoulder injury
2019-09-01,Jaguars,,• Alfred Blue,placed on ir with ankle injury
2019-09-01,Jaguars,,• Devante Mays,placed on ir with ankle injury
2019-09-01,Jaguars,,• Donnell Greene,placed on ir with undisclosed injury
2019-09-01,Jaguars,,• K.C. McDermott,placed on ir with ankle injury
2019-09-01,Jaguars,,• Leonard Wester,placed on ir with undisclosed injury
2019-09-01,Jets,,• Mark Myers (b) / Marko Myers,placed on ir with head injury
2019-09-01,Lions,,• Andy Jones,placed on ir with undisclosed injury
2019-09-01,Packers,,• Curtis Bolton,placed on ir with knee injury
2019-09-01,Packers,,• Malcolm Johnson (Jamaine),placed on ir with shoulder injury
2019-09-01,Panthers,,• Damian Parms,placed on ir with undisclosed injury
2019-09-01,Panthers,,• Kofi Amichia,placed on ir with undisclosed injury
2019-09-01,Panthers,,• Marcus Baugh,placed on ir with undisclosed injury
2019-09-01,Raiders,,• Alex Barrett,placed on ir with undisclosed injury
2019-09-01,Raiders,,• Cameron Hunt,placed on ir with undisclosed injury
2019-09-01,Raiders,,• Eddie Vanderdoes,placed on ir with concussion
2019-09-01,Raiders,,• Makinton Dorleant,placed on ir with undisclosed injury
2019-09-01,Raiders,,• Paul Butler,placed on ir with undisclosed injury
2019-09-01,Rams,,• Alex Bachman,placed on ir with undisclosed injury
2019-09-01,Rams,,• Dominique Hatfield,placed on ir with ankle injury
2019-09-01,Rams,,• Josh Carraway,placed on ir with achilles injury
2019-09-01,Rams,,• Trevon Young,placed on ir with ankle injury
2019-09-01,Redskins,,• Matt Flanagan,placed on ir with undisclosed injury
2019-09-01,Seahawks,,• Jeremy Boykins,placed on ir with undisclosed injury
2019-09-01,Seahawks,,• Justin Currie,placed on ir with undisclosed injury
2019-09-01,Texans,,• B.J. Bello,placed on ir with hamstring injury
2019-09-01,Texans,,• Xavier Woodson-Luster,placed on ir with ankle injury
2019-09-01,Vikings,,• Ade Aruna,placed on ir with undisclosed injury
2019-09-01,Vikings,,• Isaiah Wharton,placed on ir with undisclosed injury
2019-09-02,Bengals,,• O'Shea Dugas,placed on ir with knee injury
2019-09-02,Broncos,,• Jake Butt,placed on ir with knee injury
2019-09-02,Broncos,,• Theo Riddick,placed on ir with shoulder injury
2019-09-02,Browns,,• Drew Forbes,placed on ir with knee injury
2019-09-02,Cowboys,,• Connor McGovern (b. 1997-11-03),placed on ir with pectoral muscle injury
2019-09-02,Eagles,,• Cre'Von LeBlanc,placed on ir with foot injury
2019-09-02,Eagles,,• Jordan Thomas (b. 1996-01-12),placed on ir with cracked rib
2019-09-02,Jets,,• Brent Qvale,placed on ir with knee injury
2019-09-02,Lions,,• Austin Bryant,placed on ir with arm injury / pectoral injury
2019-09-02,Patriots,,• N'Keal Harry,placed on ir with ankle injury
2019-09-02,Raiders,,• Isaiah Johnson (b. 1995-12-20),"placed on ir with concussion, facial fracture"
2019-09-02,Raiders,,• Nathan Peterman,placed on ir with elbow injury
2019-09-02,Rams,,• Justin Lawler,placed on ir with foot injury
2019-09-02,Ravens,,• Iman Lewis-Marshall / Iman Marshall,placed on ir with toe injury
2019-09-02,Redskins,,• Jordan Brailford,placed on ir with undisclosed injury
2019-09-02,Redskins,,• Shaun Wilson,placed on ir with ankle injury
2019-09-02,Seahawks,,• Ed Dickson,placed on ir with knee injury
2019-09-02,Texans,,• Kahale Warring,placed on ir with concussion
2019-09-02,Titans,,• Joshua Kalu,placed on ir with ankle injury
2019-09-03,Packers,,• Jace Sternberger,placed on ir with ankle / knee injury
2019-09-04,Titans,,• Ryan Succop,placed on ir with knee injury
2019-09-06,Dolphins,,• Andrew Van Ginkel,placed on ir with foot injury
2019-09-09,Buccaneers,,• Justin Evans (b. 1995-08-26),placed on ir with achilles injury
2019-09-09,Colts,,• Devin Funchess,placed on ir with fractured left clavicle
2019-09-09,Falcons,,• Chris Lindstrom (b. 1997-02-28),placed on ir with foot injury
2019-09-09,Jaguars,,• Nick Foles,placed on ir with fractured left clavicle
2019-09-10,Cardinals,,• Marcus Gilbert (Christopher),placed on ir with knee injury
2019-09-10,Eagles,,• Malik Jackson (Barron),placed on ir with lisfranc injury in foot
2019-09-11,Broncos,,• Tim Patrick,placed on ir with left hand injury
2019-09-11,Chargers,,• Trevor Williams,placed on ir with quadriceps injury
2019-09-11,Giants,,• Kareem Martin,placed on ir with knee injury
2019-09-11,Jets,,• Quincy Enunwa,placed on ir with neck injury
2019-09-11,Raiders,,• Johnathan Abram,placed on ir with shoulder injury
2019-09-11,Redskins,,• Greg Stroman,placed on ir with undisclosed injury
2019-09-12,Dolphins,,• Jonathan Ledbetter,placed on ir with ankle injury
2019-09-12,Vikings,,• Josh Doctson,placed on ir with hamstring injury
2019-09-13,Dolphins,,• Julie'n Davenport / Julien Davenport,placed on ir with knee injury
2019-09-13,Redskins,,• Caleb Brantley,placed on ir with foot injury
2019-09-13,Redskins,,• Derrius Guice,placed on ir with knee injury
2019-09-16,Browns,,• Drew Stanton,placed on ir with knee injury
2019-09-16,Packers,,• Raven Greene,placed on ir with ankle injury
2019-09-16,Saints,,• Alex Anzalone,placed on ir with shoulder injury
2019-09-16,Steelers,,• Ben Roethlisberger,placed on ir with surgery on right elbow
2019-09-17,Chargers,,• Adrian Phillips,placed on ir with fractured right forearm
2019-09-17,Falcons,,• Ra'Shede Hageman,placed on ir with hamstring injury
2019-09-17,Patriots,,• Isaiah Wynn,placed on ir with turf toe
2019-09-17,Saints,,• Keith Kirkwood,placed on ir with hamstring injury
2019-09-17,Steelers,,• Sean Davis,placed on ir with shoulder injury
2019-09-18,Jets,,• Trevor Siemian,placed on ir with ankle injury
2019-09-18,Redskins,,• Dominique Rodgers-Cromartie,placed on ir with ankle injury
2019-09-20,49ers,,• Trent Taylor,placed on ir with foot injury
2019-09-20,Browns,,• David Njoku,placed on ir with fractured wrist
2019-09-21,Browns,,• Christian Kirksey,placed on ir with chest injury
2019-09-21,Eagles,,• Jordan Mailata,placed on ir with back injury
2019-09-21,Packers,,• Lane Taylor,placed on ir with biceps injury
2019-09-23,Panthers,,• Brandon Greene,placed on ir with neck injury
2019-09-23,Patriots,,• James Develin,placed on ir with neck injury
2019-09-24,Bills,,• Harrison Phillips,placed on ir with torn acl in left knee
2019-09-24,Buccaneers,,• Blaine Gabbert,placed on ir with left shoulder injury
2019-09-24,Falcons,,• Keanu Neal,placed on ir with torn left achilles tendon
2019-09-24,Raiders,,• Marquel Lee,placed on ir with ankle injury
2019-09-24,Vikings,,• Chad Beebe,placed on ir with torn ligaments in ankle
2019-09-25,Dolphins,,• Danny Isidora,placed on ir with surgery on foot
2019-09-25,Saints,,• Kaden Elliss,placed on ir with knee injury
2019-09-25,Steelers,,• Xavier Grimble,placed on ir with calf injury
2019-09-25,Texans,,• Senio Kelemete,placed on ir with wrist injury
2019-09-26,Bengals,,• Darius Phillips,placed on ir with left knee injury
2019-09-26,Dolphins,,• James Crawford,placed on ir with knee injury
2019-09-26,Giants,,• Russell Shepard,placed on ir with foot injury
2019-09-28,Ravens,,• Otaro Alaka,placed on ir with hamstring injury
2019-09-30,Giants,,• Ryan Connelly,placed on ir with torn acl in knee
2019-10-01,Broncos,,• Bradley Chubb,placed on ir with torn acl in left knee
2019-10-01,Chargers,,• Sean Culkin,placed on ir with torn achilles tendon
2019-10-01,Panthers,,• Kawann Short,placed on ir with partially torn rotator cuff in shoulder
2019-10-02,Bengals,,• John Ross III,placed on ir with clavicle injury
2019-10-02,Chargers,,• Dontrelle Inman,placed on ir with quadriceps injury
2019-10-02,Cowboys,,• Kavon Frazier,placed on ir with torn pectoral muscle
2019-10-02,Panthers,,• Chris Hogan,placed on ir with left knee injury
2019-10-02,Patriots,,• Stephen Gostkowski,placed on ir with surgery on left hip
2019-10-03,49ers,,• Jalen Hurd,placed on ir with back injury
2019-10-03,49ers,,• Jason Verrett,placed on ir with ankle / knee injury
2019-10-03,Ravens,,• Brynden Trawick,placed on ir with elbow injury
2019-10-04,Jets,,• John Franklin-Myers,placed on ir with undisclosed injury
2019-10-04,Titans,,• David Fluellen,placed on ir with knee injury
2019-10-04,Browns,,• Willie Harvey,placed on ir with shoulder injury
2019-10-05,Cardinals,,• Jordan Mills,placed on ir with knee injury
2019-10-05,Falcons,,• Matt Bosher,placed on ir with right groin injury
2019-10-05,Raiders,,• Jordan Devey,placed on ir with torn pectoral muscle
2019-10-07,Eagles,,• Alex Ellis,placed on ir with knee injury
2019-10-07,Ravens,,• Tony Jefferson,placed on ir with torn acl in knee
2019-10-08,Broncos,,• De'Vante Bausby / DeVante Bausby,placed on ir with neck injury
2019-10-08,Falcons,,• Johnathan Cyprien,placed on ir with foot injury
2019-10-09,Chargers,,• Mike Pouncey,placed on ir with neck injury
2019-10-09,Chiefs,,• Xavier Williams,placed on ir with ankle injury
2019-10-09,Jaguars,,• James O'Shaughnessy,placed on ir with torn acl in knee
2019-10-11,Buccaneers,,• Zack Bailey,placed on ir with foot injury
2019-10-11,Eagles,,• Corey Clement,placed on ir with shoulder injury
2019-10-11,Seahawks,,• Ethan Pocic,placed on ir with back injury
2019-10-12,Redskins,,• Jordan Reed,placed on ir with concussion
2019-10-14,Bears,,• Kyle Long,placed on ir with hip injury
2019-10-14,Bengals,,• Kerry Wynn,placed on ir with concussion
2019-10-14,Colts,,• Kemoko Turay,placed on ir with fractured ankle
2019-10-14,Patriots,,• Jakob Johnson,placed on ir with shoulder injury
2019-10-14,Rams,,• Aqib Talib,placed on ir with fractured ribs
2019-10-15,Bears,,• Akiem Hicks,placed on ir with elbow injury
2019-10-15,Cowboys,,• Tyrone Crawford,placed on ir with surgery on hip
2019-10-15,Rams,,• Joe Noteboom,"placed on ir with torn acl, mcl in knee"
2019-10-15,Ravens,,• DeShon Elliott,placed on ir with knee injury
2019-10-15,Redskins,,• Jerome Cunningham,placed on ir with knee injury
2019-10-15,Steelers,,• Stephon Tuitt,placed on ir with torn pectoral muscle
2019-10-16,Rams,,• John Johnson III,placed on ir with shoulder injury
2019-10-17,Chargers,,• Travis Benjamin,placed on ir with quadriceps injury
2019-10-19,Seahawks,,• Will Dissly,placed on ir with ruptured achilles tendon
2019-10-21,Texans,,• Phillip Gaines,placed on ir with surgery on left ankle
2019-10-22,Jaguars,,• D.J. Alexander,placed on ir with foot injury
2019-10-22,Jaguars,,• Geoff Swaim,"placed on ir with ankle injury, concussion"
2019-10-22,Lions,,• Kerryon Johnson,placed on ir with knee injury
2019-10-22,Panthers,,• Natrell Jamerson,placed on ir with foot injury
2019-10-22,Ravens,,• Pernell McPhee,placed on ir with torn triceps
2019-10-23,Chargers,,• Forrest Lamp,placed on ir with fractured fibula in right leg
2019-10-23,Eagles,,• Hassan Ridgeway,placed on ir with ankle injury
2019-10-23,Patriots,,• Josh Gordon,placed on ir with knee injury
2019-10-25,Jaguars,,• Marcell Dareus,placed on ir with core muscle injury
2019-10-26,Chargers,,• Nasir Adderley,placed on ir with hamstring injury
2019-10-28,Cardinals,,• D.J. Foster,placed on ir with hamstring injury
2019-10-29,Jaguars,,• Marqise Lee,placed on ir with shoulder injury
2019-10-29,Seahawks,,• Justin Britt (b. 1991-05-29),placed on ir with torn acl in left knee
2019-10-30,Bengals,,• Ryan Glasgow,placed on ir with right knee injury
2019-10-30,Buccaneers,,• Jack Cichy,placed on ir with elbow injury
2019-10-30,Dolphins,,• Xavien Howard,placed on ir with knee injury
2019-10-30,Jets,,• Albert McClellan,placed on ir with concussion
2019-10-30,Seahawks,,• Tedric Thompson,placed on ir with shoulder injury
2019-10-30,Texans,,• J.J. Watt,placed on ir with torn pectoral muscle
2019-11-01,Broncos,,• Corey Nelson,placed on ir with torn biceps
2019-11-01,Broncos,,• Joe Flacco,placed on ir with neck injury
2019-11-01,Browns,,• Daniel Ekuale,placed on ir with calf injury
2019-11-01,Jets,,• Blake Cashman,placed on ir with shoulder injury
2019-11-01,Jets,,• Trenton Cannon,"placed on ir with ankle, foot injuries"
2019-11-02,Chiefs,,• Greg Senat,placed on ir with undisclosed injury
2019-11-02,Lions,,• Tra Carson,placed on ir with hamstring injury
2019-11-05,49ers,,• Kwon Alexander,placed on ir with torn pectoral muscle
2019-11-05,Bills,,• Maurice Alexander,"placed on ir with calf, knee injury"
2019-11-05,Buccaneers,,• Antony Auclair,placed on ir with toe injury
2019-11-05,Dolphins,,• Preston Williams,placed on ir with torn acl in left knee
2019-11-05,Eagles,,• DeSean Jackson,placed on ir with surgery to repair core muscle injury
2019-11-05,Jets,,• Joshua Bellamy / Josh Bellamy,placed on ir with foot injury
2019-11-05,Jets,,• Trumaine Johnson (Monte),placed on ir with ankle injury
2019-11-05,Panthers,,• Cam Newton (Jerrell),placed on ir with foot injury
2019-11-05,Steelers,,• Ulysees Gilbert III,placed on ir with back injury
2019-11-05,Titans,,• Malcolm Butler,placed on ir with fractured left wrist
2019-11-06,Cardinals,,• Clinton McDonald,placed on ir with neck injury
2019-11-06,Jets,,• Rontez Miles,placed on ir with neck injury
2019-11-07,Raiders,,• Arden Key,placed on ir with foot injury
2019-11-08,Cardinals,,• Brooks Reed,placed on ir with hamstring injury
2019-11-09,Falcons,,• Ito Smith,placed on ir with neck injury
2019-11-09,Raiders,,• Karl Joseph,placed on ir with foot injury
2019-11-11,Chiefs,,• Martinas Rankin,placed on ir with knee injury
2019-11-12,Jets,,• Brian Winters,placed on ir with dislocated shoulder
2019-11-12,Jets,,• Chris Herndon,placed on ir with fractured rib
2019-11-12,Lions,,• Kevin Strong,placed on ir with rib injury
2019-11-12,Rams,,• Brian Allen (b. 1995-10-11),placed on ir with mcl injury in left knee
2019-11-12,Rams,,• Bryce Hager,placed on ir with shoulder injury
2019-11-12,Ravens,,• Daylon Mack,placed on ir with knee injury
2019-11-13,49ers,,• Ronald Blair,placed on ir with torn acl in right knee
2019-11-13,Cardinals,,• Zach Allen,placed on ir with neck injury
2019-11-14,Steelers,,• Roosevelt Nix (Delbert),placed on ir with knee injury
2019-11-14,Steelers,,• Ryan Switzer,placed on ir with back injury
2019-11-14,Vikings,,• Brett Jones,placed on ir with torn mcl in left knee
2019-11-15,Bengals,,• Dre Kirkpatrick,placed on ir with knee injury
2019-11-15,Broncos,,• Bryce Callahan,placed on ir with foot injury
2019-11-15,Eagles,,• Darren Sproles,placed on ir with right hip flexor injury
2019-11-16,Bears,,• Trey Burton,placed on ir with calf injury
2019-11-16,Cowboys,,• Adam Redmond,placed on ir with back injury
2019-11-16,Jets,,• Ryan Kalil,placed on ir with knee injury
2019-11-18,Chiefs,,• Emmanuel Ogbah,placed on ir with torn pectoral muscle
2019-11-18,Jaguars,,• Josh Oliver,placed on ir with back injury
2019-11-18,Jaguars,,• Lerentee McCray,placed on ir with hamstring injury
2019-11-18,Raiders,,• Dwayne Harris,placed on ir with foot injury
2019-11-19,Broncos,,• Andy Janovich,placed on ir with elbow injury
2019-11-19,Browns,,• Morgan Burnett,placed on ir with torn achilles tendon
2019-11-19,Patriots,,• Gunner Olszewski,"placed on ir with ankle, hamstring injury"
2019-11-19,Steelers,,• Leterrius Walton / L.T. Walton,placed on ir with torn meniscus in knee
2019-11-20,Cowboys,,• Anthony Brown (Shaquille),placed on ir with triceps injury
2019-11-20,Dolphins,,• Bobby McCain,placed on ir with shoulder injury
2019-11-20,Dolphins,,• Gary Jennings,placed on ir with shoulder injury
2019-11-20,Dolphins,,• Reshad Jones,placed on ir with chest injury
2019-11-20,Lions,,• Nick Bawden,placed on ir with knee injury / foot injury
2019-11-22,Redskins,,• Vernon Davis,placed on ir with concussion
2019-11-22,Saints,,• Austin Carr,placed on ir with ankle injury
2019-11-22,Seahawks,,• Ed Dickson,placed on ir with knee injury
2019-11-23,Eagles,,• Johnathan Ford / Rudy Ford,placed on ir with abdominal injury
2019-11-23,Packers,,• Cole Madison,placed on ir with torn acl in knee
2019-11-23,Texans,,• Dylan Cole,placed on ir with torn acl in right knee
2019-11-25,Colts,,• Eric Ebron,placed on ir with ankle injury
2019-11-26,Jaguars,,• Najee Goode,placed on ir with knee injury
2019-11-26,Titans,,• Cameron Wake,placed on ir with hamstring injury
2019-11-26,Titans,,• Chris Milton,placed on ir with undisclosed injury
2019-11-27,49ers,,• Damontre Moore,placed on ir with fractured forearm
2019-11-27,Dolphins,,• Jakeem Grant,placed on ir with ankle injury
2019-11-27,Lions,,• Marvin Hall,placed on ir with left foot injury
2019-11-27,Panthers,,• Dontari Poe,placed on ir with quadriceps injury
2019-11-27,Panthers,,• Greg Van Roten,placed on ir with foot injury
2019-11-27,Ravens,,• Matt Skura,placed on ir with knee injury
2019-11-27,Titans,,• Delanie Walker,placed on ir with ankle injury
2019-11-29,Bengals,,• Alex Redmond,placed on ir with left elbow injury
2019-11-29,Panthers,,• Jordan Scarlett,"placed on ir with ankle, knee injury"
2019-11-30,Bears,,• Adam Shaheen,placed on ir with foot injury
2019-11-30,Bears,,• Sherrick McManis,placed on ir with groin injury
2019-11-30,Chargers,,• Geremy Davis,placed on ir with hamstring injury
2019-11-30,Giants,,• Zak DeOssie,"placed on ir with knee, wrist injury"
2019-11-30,Lions,,• Jeff Driskel,placed on ir with hamstring injury
2019-11-30,Texans,,• Tytus Howard,placed on ir with knee injury
2019-12-02,Cowboys,,• Connor Williams,placed on ir with torn acl in right knee
2019-12-02,Lions,,• T.J. Hockenson,placed on ir with ankle injury
2019-12-02,Vikings,,• Ben Gedeon,placed on ir with concussion
2019-12-03,Broncos,,• Derek Wolfe,placed on ir with dislocated left elbow
2019-12-03,Colts,,• Chester Rogers,placed on ir with knee injury
2019-12-03,Dolphins,,• Kalen Ballage,placed on ir with left leg injury
2019-12-03,Jets,,• Clint Mosley Jr. / C.J. Mosley,placed on ir with groin injury
2019-12-03,Rams,,• Bruce Natson / JoJo Natson Jr.,placed on ir with hamstring injury
2019-12-05,Cardinals,,• Jonathan Bullard,placed on ir with hamstring injury
2019-12-05,Chiefs,,• Darrel Williams,placed on ir with hamstring injury
2019-12-05,Dolphins,,• Ken Crawley,placed on ir with shoulder injury
2019-12-05,Jaguars,,• Myles Jack,placed on ir with knee injury
2019-12-06,Bengals,,• Brandon Wilson,placed on ir with right hand injury
2019-12-06,Saints,,• Jason Vander Laan,placed on ir with head injury / concussion
2019-12-07,Bengals,,• Drew Sample,placed on ir with ankle injury
2019-12-07,Browns,,• Robert Jackson Jr.,placed on ir with ankle injury
2019-12-07,Falcons,,• Matt Bosher,placed on ir with right groin injury
2019-12-07,Giants,,• Chris Peace,placed on ir with knee injury
2019-12-07,Giants,,• Jabrill Peppers,placed on ir with back injury
2019-12-07,Redskins,,• Deshazor Everett,placed on ir with shoulder injury
2019-12-09,Bears,,• Roquan Smith,placed on ir with torn pectoral muscle
2019-12-09,Colts,,• Adam Vinatieri,placed on ir with left knee injury
2019-12-09,Colts,,• Parris Campbell,placed on ir with fractured foot
2019-12-09,Jets,,• Kyron Brown,placed on ir with quadriceps injury
2019-12-10,49ers,,• Marquise Goodwin,"placed on ir with foot, knee injury"
2019-12-10,Bengals,,• Auden Tate,placed on ir with left knee injury
2019-12-10,Buccaneers,,• T.J. Logan,placed on ir with fractured thumb
2019-12-10,Cardinals,,• Rodney Gunter,placed on ir with toe injury
2019-12-10,Cowboys,,• Cedrick Wilson Jr. / Ced Wilson,placed on ir with knee injury
2019-12-10,Dolphins,,• Kendarius Webster / Ken Webster,placed on ir with ankle injury
2019-12-10,Dolphins,,• Ryan Lewis,placed on ir with hamstring injury
2019-12-10,Falcons,,• Calvin Ridley,placed on ir with abdominal injury
2019-12-10,Falcons,,• Desmond Trufant,placed on ir with fractured forearm
2019-12-10,Jaguars,,• Brandon Thomas,placed on ir with knee injury
2019-12-10,Jaguars,,• Jake Ryan,placed on ir with hamstring injury
2019-12-10,Lions,,• Marvin Jones Jr.,placed on ir with ankle injury
2019-12-10,Raiders,,• Foster Moreau,placed on ir with knee injury
2019-12-10,Redskins,,• Derrius Guice,placed on ir with sprained mcl in left knee
2019-12-11,49ers,,• Weston Richburg,placed on ir with torn patellar tendon in right knee
2019-12-11,Jaguars,,• Quincy Williams,placed on ir with hand injury
2019-12-11,Saints,,• Marcus Davenport,placed on ir with lisfranc injury in foot
2019-12-11,Saints,,• Sheldon Rankins,placed on ir with ankle injury
2019-12-11,Seahawks,,• Neiko Thorpe,placed on ir with sports hernia
2019-12-12,49ers,,• Garrett Celek,placed on ir with back injury
2019-12-12,Eagles,,• Alshon Jeffery,placed on ir with foot injury
2019-12-12,Jets,,• Ryan Griffin (Francis),placed on ir with ankle injury
2019-12-12,Lions,,• Da'Shawn Hand,placed on ir with ankle injury
2019-12-13,Dolphins,,• Gerald Willis,placed on ir with hip injury
2019-12-13,Redskins,,• Ryan Kerrigan,placed on ir with calf injury
2019-12-14,49ers,,• D.J. Jones (Oliver),placed on ir with ankle injury
2019-12-14,Bears,,• Ben Braunecker,placed on ir with concussion
2019-12-14,Bengals,,• Renell Wren,placed on ir with hip injury
2019-12-14,Broncos,,• Juwann Winfree,placed on ir with hamstring injury
2019-12-14,Lions,,• Jarrad Davis,"placed on ir with ankle, knee injury"
2019-12-14,Lions,,• Joe Dahl,"placed on ir with back, knee injury"
2019-12-14,Panthers,,• Greg Little,placed on ir with ankle injury
2019-12-14,Redskins,,• Paul Richardson Jr.,placed on ir with hamstring injury
2019-12-14,Seahawks,,• Rashaad Penny,placed on ir with torn acl in knee
2019-12-16,Chiefs,,• Alex Okafor,placed on ir with torn pectoral muscle
2019-12-16,Lions,,• Kenny Wiggins,placed on ir with torn left biceps tendon
2019-12-16,Lions,,• Mike Daniels,placed on ir with arm injury
2019-12-16,Saints,,• Johnson Bademosi,placed on ir with foot injury
2019-12-17,Buccaneers,,• Scotty Miller,placed on ir with hamstring injury
2019-12-17,Cowboys,,• Luke Gifford,placed on ir with fractured left arm
2019-12-17,Dolphins,,• Raekwon McMillan,placed on ir with hamstring injury
2019-12-17,Falcons,,• Takkarist McKinley / Takk McKinley,placed on ir with shoulder injury
2019-12-17,Giants,,• Evan Engram,placed on ir with foot injury
2019-12-17,Jets,,• Chuma Edoga,placed on ir with knee injury
2019-12-17,Jets,,• Jeff Smith (Alan),placed on ir with ankle injury
2019-12-17,Lions,,• Matthew Stafford,"placed on ir with back, hip injury"
2019-12-17,Redskins,,• Brandon Scherff,"placed on ir with elbow, shoulder injury"
2019-12-17,Redskins,,• Jimmy Moreland,placed on ir with foot injury
2019-12-17,Redskins,,• Trey Quinn,placed on ir with concussion
2019-12-17,Saints,,• Saquan Hampton,placed on ir with undisclosed injury
2019-12-18,Bears,,• Danny Trevathan,placed on ir with elbow injury
2019-12-18,Buccaneers,,• Jordan Whitehead,placed on ir with hamstring injury
2019-12-18,Buccaneers,,• Mike Evans (Lynn),placed on ir with hamstring injury
2019-12-18,Cardinals,,• Kevin Peterson (Lamont),placed on ir with shoulder injury
2019-12-18,Cardinals,,• Tanner Vallejo,placed on ir with rib injury
2019-12-18,Colts,,• Rolan Milligan,placed on ir with foot injury
2019-12-18,Eagles,,• Kamu Grugier-Hill,placed on ir with lower lumbar disc herniation
2019-12-18,Raiders,,• Trent Brown,placed on ir with pectoral injury
2019-12-18,Titans,,• Ryan Succop,placed on ir with knee injury
2019-12-19,Panthers,,• Garrett McGhin,placed on ir with ankle injury
2019-12-20,Falcons,,• James Carpenter,placed on ir with concussion
2019-12-21,Packers,,• Yosh Nijman,placed on ir with elbow injury
2019-12-21,Raiders,,• Marquel Lee,placed on ir with toe injury
2019-12-21,Vikings,,• Christian Jones (a),placed on ir with shoulder injury
2019-12-23,Bengals,,• A.J. Green (Adriel Jeremiah),placed on ir with ankle injury
2019-12-23,Lions,,• Jahlani Tavai,placed on ir with right shoulder injury
2019-12-24,Broncos,,• Adam Gotsis,placed on ir with knee injury
2019-12-24,Browns,,• Dontrell Hilliard,placed on ir with knee injury
2019-12-24,Cowboys,,• Leighton Vander Esch,placed on ir with surgery on neck
2019-12-24,Cowboys,,• Xavier Su'a-Filo,placed on ir with fractured lower leg
2019-12-24,Dolphins,,• Myles Gaskin,placed on ir with ankle injury
2019-12-24,Eagles,,• Ronald Darby,placed on ir with hip flexor injury
2019-12-24,Raiders,,• Nick Nelson,placed on ir with knee injury
2019-12-24,Redskins,,• Danny Johnson (b. 1995-11-17),placed on ir with fractured hand
2019-12-24,Redskins,,• Quinton Dunbar,placed on ir with hamstring injury
2019-12-24,Seahawks,,• C.J. Prosise,placed on ir with fractured arm
2019-12-24,Seahawks,,• Chris Carson,placed on ir with fractured hip
2019-12-24,Steelers,,• Mason Rudolph,placed on ir with shoulder injury
2019-12-25,Chiefs,,• Spencer Ware,placed on ir with torn rotator cuff in shoulder
2019-12-25,Saints,,• Krishawn Hogan,placed on ir with hamstring injury
2019-12-27,49ers,,• Jullian Taylor,placed on ir with torn acl in knee
2019-12-27,Bengals,,• William Jackson III,placed on ir with shoulder injury
2019-12-27,Giants,,• Rhett Ellison,placed on ir with concussion
2019-12-27,Redskins,,• Fabian Moreau,placed on ir with hamstring injury
2019-12-27,Redskins,,• Montae Nicholson,placed on ir with neck injury
2019-12-28,Cardinals,,• Darrell Daniels,placed on ir with biceps injury
2019-12-28,Giants,,• Scott Simonson,placed on ir with concussion
2019-12-28,Jaguars,,• Michael Walker (b. 1996-10-29),placed on ir with hamstring injury
2019-12-28,Jets,,• Alex Lewis (b. 1992-04-21),placed on ir with ankle injury
2019-12-28,Jets,,• Tom Compton,placed on ir with calf injury
2019-12-28,Rams,,• Darrell Henderson,placed on ir with ankle injury
2019-12-31,Eagles,,• Daeshon Hall,placed on ir witih torn acl in knee
2019-12-31,Seahawks,,• Ethan Pocic,placed on ir with core muscle injury
2019-12-31,Texans,,• Tashaun Gipson,placed on ir with back injury
2019-12-31,Vikings,,• Armon Watts,placed on ir with leg injury
2020-01-01,Eagles,,• Brandon Brooks,placed on ir with separated right shoulder
2020-01-03,Vikings,,• Mike Hughes (b. 1997-02-11),placed on ir with neck injury
2020-01-07,Chiefs,,• Juan Thornhill,placed on ir with torn acl in knee
2020-01-08,Ravens,,• Parker Ehinger,placed on ir with shoulder injury
2020-01-08,Seahawks,,• Mychal Kendricks,placed on ir with torn acl in knee
2020-01-10,49ers,,• Kentavius Street,placed on ir with knee injury
2020-01-10,Vikings,,• Mackensie Alexander,placed on ir with knee injury
2020-07-29,Browns,,• Trevon Young,placed on ir
2020-08-02,Cowboys,,• Azur Kamara,placed on ir with undisclosed injury
2020-08-02,Panthers,,• Jason Ferris,placed on ir with undisclosed injury
2020-08-02,Seahawks,,• Emmanuel Ellerbee,placed on ir with undisclosed injury
2020-08-09,Jaguars,,• Brian Price (Keith),placed on ir with knee injury
2020-08-09,Jaguars,,• Dontavius Russell,placed on ir with hip injury
2020-08-11,Buccaneers,,• Travis Jonsen,placed on ir with quadriceps injury
2020-08-12,Titans,,• Reggie Gilbert,placed on ir with knee injury
2020-08-16,49ers,,• Chris Thompson Jr.,placed on ir with undisclosed injury
2020-08-16,Chiefs,,• Alex Brown (b. 1996-08-30),placed on ir with torn acl in knee
2020-08-16,Patriots,,• Quincy Adeboyejo,placed on ir with undisclosed injury
2020-08-17,Bills,,• Niles Scott,placed on ir with undisclosed injury
2020-08-17,Ravens,,• Iman Lewis-Marshall / Iman Marshall,"placed on ir with torn acl, mcl in right knee"
2020-08-18,Vikings,,• Quentin Poling,placed on ir with undisclosed injury
2020-08-19,Browns,,• George Obinna,placed on ir with triceps injury
2020-08-19,Dolphins,,• Vince Biegel,placed on ir with torn left achilles tendon
2020-08-19,Giants,,• Cody Core,placed on ir with torn achilles tendon
2020-08-20,49ers,,• Jalen Hurd,placed on ir with torn acl in knee
2020-08-20,Bears,,• Artie Burns,placed on ir with torn acl in left knee
2020-08-20,Jaguars,,• Josh Oliver,placed on ir with fractured left foot
2020-08-20,Lions,,• Jashon Cornell,placed on ir with torn left achilles tendon
2020-08-20,Saints,,• Tino Ellis,placed on ir with undisclosed injury
2020-08-21,Bears,,• Darion Clark,placed on ir with shoulder injury
2020-08-21,Cardinals,,• Robert Alford,placed on ir with torn pectoral muscle
2020-08-21,Texans,,• Duke Ejiofor,placed on ir with torn acl in knee
2020-08-22,Ravens,,• Antoine Wesley,placed on ir with shoulder injury
2020-08-23,Bengals,,• Renell Wren,placed on ir with right quadriceps injury
2020-08-23,Buccaneers,,• John Franklin III,placed on ir with leg/knee injury
2020-08-23,Buccaneers,,• T.J. Logan,placed on ir with right knee injury
2020-08-23,Colts,,• Andrew Donnal,placed on ir with undisclosed injury
2020-08-23,Jaguars,,• Charles Jones II,"placed on ir with foot, quadriceps injuries"
2020-08-23,Steelers,,• Dax Raymond,placed on ir with ankle injury
2020-08-23,Washington,,• Thaddeus Moss,placed on ir with undisclosed injury
2020-08-24,Browns,,• Casey Dunn,placed on ir with foot injury
2020-08-24,Colts,,• Ian Bunting,placed on ir with leg injury
2020-08-24,Saints,,• Johnson Bademosi,placed on ir with foot injury
2020-08-25,Browns,,• Grant Delpit,placed on ir with torn right achilles tendon
2020-08-25,Colts,,• Chad Williams (b. 1994-10-19),placed on ir with undisclosed injury
2020-08-25,Raiders,,• Nick Usher,placed on ir with undisclosed injury
2020-08-26,Bears,,• Darion Clark,placed on ir with shoulder injury
2020-08-26,Eagles,,• Joshua Perkins / Josh Perkins,placed on ir with upper body injury
2020-08-26,Eagles,,• Robert Davis (Jamal),placed on ir with lower body injury
2020-08-26,Panthers,,• Omar Bayless,placed on ir recovering from surgery on knee to remove loose cartilage
2020-08-27,Colts,,• Bruce Anderson III,placed on ir with undisclosed injury
2020-08-27,Panthers,,• Derrek Thomas,placed on ir with undisclosed injury
2020-08-27,Browns,,• Curtis Weaver,placed on ir with foot injury
2020-08-28,49ers,,• Jonathan Kongbo,placed on ir with groin injury
2020-08-28,Chiefs,,• Emmanuel Smith,placed on ir with hamstring injury
2020-08-28,Steelers,,• Anthony Johnson (b. 1997),placed on ir with knee injury
2020-08-30,49ers,,• J.J. Nelson,placed on ir with knee injury
2020-08-30,Saints,,• Jalen Dalton,placed on ir with triceps injury
2020-08-30,Seahawks,,• Branden Jackson,placed on ir with spine injury / concussion
2020-08-30,Seahawks,,• Eli Mencer,placed on ir with undisclosed injury
2020-08-31,Bears,,• Michael Joseph,placed on ir with undisclosed injury
2020-08-31,Broncos,,• Justin Strnad,placed on ir with surgery on dislocated wrist
2020-08-31,Lions,,• Nick Bawden,placed on ir with undisclosed injury
2020-08-31,Ravens,,• DeAndrew White,placed on ir with undisclosed injury
2020-09-01,Raiders,,• Tyrell Williams,placed on ir with surgery on right shoulder to repair torn labrum
2020-09-01,Seahawks,,• Patrick Carr,placed on ir with knee injury
2020-09-02,Vikings,,• Kenny Willekes,placed on ir with leg injury
2020-09-03,49ers,,• Tavon Austin,placed on ir with knee injury
2020-09-03,Cowboys,,• Mitch Hyatt,placed on ir with right knee injury
2020-09-03,Cowboys,,• Wyatt Miller,placed on ir with undisclosed injury
2020-09-03,Eagles,,• Andre Dillard,placed on ir with torn biceps
2020-09-03,Giants,,• Jaquarius Landrews,placed on ir with neck injury
2020-09-03,Giants,,• Rysen John,placed on ir with hamstring injury
2020-09-03,Panthers,,• Tommylee Lewis,placed on ir with hamstring injury
2020-09-04,Bills,,• Patrick DiMarco,placed on ir with neck injury
2020-09-04,Giants,,• David Sills V,placed on ir with fractured right foot
2020-09-04,Patriots,,• Michael Barnett,placed on ir with undisclosed injury
2020-09-05,Broncos,,• Austin Fort,placed on ir recovering from surgery on knee
2020-09-05,Chargers,,• Derwin James Jr.,placed on ir with torn meniscus in right knee
2020-09-05,Jaguars,,• Tramaine Brock,placed on ir with hamstring injury
2020-09-05,Raiders,,• Eric Kush,placed on ir with undisclosed injury
2020-09-05,Rams,,• Travin Howard,placed on ir with knee injury
2020-09-05,Ravens,,• DeAndrew White,placed on ir
2020-09-05,Saints,,• Anthony Lanier II,placed on ir with undisclosed injury
2020-09-05,Washington,,• Jordan Veasy,placed on ir with undisclosed injury
2020-09-05,Washington,,• Michael Liedtke / Mike Liedtke,placed on ir with shoulder injury
2020-09-05,Washington,,• Reuben Foster,placed on ir with knee injury
2020-09-05,Washington,,• Ryan Bee,placed on ir with undisclosed injury
2020-09-05,Washington,,• Simeon Thomas,placed on ir with undisclosed injury
2020-09-06,49ers,,• Ross Reynolds,placed on ir with knee injury
2020-09-06,Bears,,• Isaiah Irving,placed on ir with undisclosed injury
2020-09-06,Bills,,• Isaiah Hodgins,placed on ir with shoulder injury
2020-09-06,Bills,,• Jon Feliciano,placed on ir with torn pectoral muscle
2020-09-06,Broncos,,• Troy Fumagalli,placed on ir with abdominal injury
2020-09-06,Browns,,• Alex Taylor / Armani Taylor-Prioleau,placed on ir with undisclosed injury
2020-09-06,Buccaneers,,• John Hurst,placed on ir with ankle injury
2020-09-06,Buccaneers,,• John Molchon,placed on ir with undisclosed injury
2020-09-06,Cardinals,,• Brett Toth,placed on ir with hamstring injury
2020-09-06,Cardinals,,• Johnnie Dixon,placed on ir with undisclosed injury
2020-09-06,Colts,,• Sheldon Day,placed on ir with knee injury
2020-09-06,Dolphins,,• Nate Brooks (b. 1996-09-05),placed on ir with undisclosed injury
2020-09-06,Eagles,,• Quez Watkins,placed on ir with upper body injury
2020-09-06,Eagles,,• Will Parks,placed on ir with hamstring injury
2020-09-06,Giants,,• David Mayo,placed on ir with torn meniscus in left knee
2020-09-06,Giants,,• Montre Hartage,placed on ir with hamstring injury
2020-09-06,Giants,,• Xavier McKinney,placed on ir with fractured left foot
2020-09-06,Jaguars,,• Michael Walker (b. 1996-10-29),placed on ir with knee injury
2020-09-06,Lions,,• Dan Skipper,placed on ir with undisclosed injury
2020-09-06,Lions,,• Mike Ford Jr.,placed on ir with ankle injury
2020-09-06,Packers,,• Treyvon Hester,placed on ir with undisclosed injury
2020-09-06,Packers,,• Will Sunderland,placed on ir with undisclosed injury
2020-09-06,Rams,,• Justin Lawler,placed on ir with undisclosed injury
2020-09-06,Saints,,• Saquan Hampton,placed on ir with undisclosed injury
2020-09-06,Titans,,• Dane Cruikshank,placed on ir with undisclosed injury
2020-09-06,Vikings,,• Myles Dorn,placed on ir with undisclosed injury
2020-09-07,Bengals,,• Trae Waynes,placed on ir with torn pectoral muscle
2020-09-07,Colts,,• Trey Burton,placed on ir with calf injury
2020-09-07,Cowboys,,• La'el Collins,placed on ir with hip injury
2020-09-07,Cowboys,,• Sean Lee,placed on ir with pelvis injury / sports hernia
2020-09-07,Cowboys,,• Ventell Bryant,placed on ir with knee injury
2020-09-07,Jets,,• Cameron Clark / Cameron Clarke,placed on ir with knee injury / shoulder injury
2020-09-07,Jets,,• Jabari Zuniga,placed on ir with quadriceps injury
2020-09-07,Jets,,• Jeff Smith (Alan),placed on ir with shoulder injury
2020-09-07,Jets,,• Patrick Onwuasor,placed on ir with knee injury
2020-09-07,Jets,,• Vyncint Smith,placed on ir with core muscle injury (surgery)
2020-09-07,Lions,,• Bo Scarbrough,placed on ir with undisclosed injury
2020-09-07,Packers,,• Kabion Ento,placed on ir with fractured foot
2020-09-07,Packers,,• Kamal Martin,placed on ir with knee injury
2020-09-07,Panthers,,• Eli Apple,placed on ir with ankle/foot injury
2020-09-07,Panthers,,• Keith Kirkwood,placed on ir with fractured clavicle
2020-09-07,Patriots,,• Beau Allen,placed on ir with undisclosed injury
2020-09-07,Patriots,,• Damien Harris,placed on ir with hand injury
2020-09-07,Raiders,,• Marcus Mariota,placed on ir with strained pectoral muscle
2020-09-07,Raiders,,• Tanner Muse,placed on ir with toe injury
2020-09-07,Seahawks,,• Phil Haynes,placed on ir with hip injury / sports hernia
2020-09-07,Texans,,• Gareon Conley,placed on ir with ankle injury
2020-09-07,Texans,,• Isaiah Coulter,placed on ir with neck injury
2020-09-08,Bears,,• Eddy Pineiro,placed on ir with groin injury
2020-09-08,Jaguars,,• Quincy Williams,placed on ir with core muscle injury
2020-09-09,Saints,,• Blake Gillikin,placed on ir with back injury
2020-09-09,Vikings,,• Danielle Hunter,placed on ir with undisclosed injury
2020-09-10,Jaguars,,• Devine Ozigbo,placed on ir with hamstring injury
2020-09-10,Patriots,,• Yodny Cajuste,placed on ir with knee injury
2020-09-12,49ers,,• Deebo Samuel,placed on ir with foot injury
2020-09-12,Bills,,• Josh Norman (Ricardo),placed on ir with hamstring injury
2020-09-12,Patriots,,• Gunner Olszewski,placed on ir with foot injury
2020-09-14,Browns,,• David Njoku,placed on ir with knee injury
2020-09-14,Jaguars,,• Jarrod Wilson,placed on ir with hamstring injury
2020-09-14,Titans,,• Adoree' Jackson,placed on ir with knee injury
2020-09-15,Bengals,,• Xavier Su'a-Filo,placed on ir with left ankle injury
2020-09-15,Broncos,,• Von Miller,placed on ir with ankle injury
2020-09-15,Chargers,,• Drue Tranquill,placed on ir with knee injury / left ankle injury
2020-09-15,Cowboys,,• Blake Jarwin,placed on ir with torn acl in knee
2020-09-15,Cowboys,,• Cameron Erving,placed on ir with sprained mcl in knee
2020-09-15,Cowboys,,• Leighton Vander Esch,placed on ir with fractured collarbone
2020-09-15,Eagles,,• Craig James (b. 1996-04-29),placed on ir with thigh injury
2020-09-15,Eagles,,• Vinny Curry,placed on ir with hamstring injury
2020-09-15,Jets,,• Blake Cashman,placed on ir with groin injury
2020-09-15,Jets,,• Denzel Mims,placed on ir with hamstring injury
2020-09-15,Jets,,• Le'Veon Bell,placed on ir with hamstring injury
2020-09-15,Lions,,• Justin Coleman,placed on ir with hamstring injury
2020-09-15,Texans,,• Kahale Warring,placed on ir with undisclosed injury
2020-09-16,49ers,,• Richard Sherman,placed on ir with calf injury
2020-09-16,Broncos,,• A.J. Bouye,placed on ir with dislocated right shoulder
2020-09-16,Colts,,• Marlon Mack,placed on ir with torn right achilles tendon
2020-09-16,Steelers,,• Zach Banner,placed on ir with torn acl in right knee
2020-09-17,Cardinals,,• Jalen Thompson,placed on ir with ankle injury
2020-09-17,Chargers,,• Mike Pouncey,placed on ir with hip injury (surgery)
2020-09-17,Vikings,,• Pat Elflein,placed on ir with thumb injury
2020-09-18,49ers,,• Richie James,placed on ir with hamstring injury
2020-09-18,Bengals,,• C.J. Uzomah,placed on ir with torn right achilles tendon
2020-09-18,Buccaneers,,• Antony Auclair,placed on ir with calf injury
2020-09-18,Steelers,,• Stefen Wisniewski,placed on ir with chest injury
2020-09-19,Buccaneers,,• Chris Godwin,placed on ir
2020-09-19,Chiefs,,• Khalen Saunders,placed on ir with dislocated elbow
2020-09-19,Cowboys,,• Anthony Brown (Shaquille),placed on ir with rib injury
2020-09-19,Lions,,• Joe Dahl,placed on ir with groin injury
2020-09-19,Packers,,• Equanimeous St. Brown,placed on ir with knee injury
2020-09-21,Broncos,,• Courtland Sutton,placed on ir with torn acl in knee
2020-09-21,Broncos,,• Dre'Mont Jones,placed on ir with knee injury
2020-09-21,Cardinals,,• Maxx Williams,placed on ir with ankle injury
2020-09-21,Vikings,,• Anthony Barr,placed on ir with torn pectoral muscle
2020-09-22,Colts,,• Malik Hooker,placed on ir with torn achilles tendon
2020-09-22,Colts,,• Parris Campbell,placed on ir with torn pcl in knee
2020-09-22,Eagles,,• Isaac Seumalo,placed on ir with knee injury
2020-09-22,Giants,,• Saquon Barkley,placed on ir with torn acl in right knee
2020-09-22,Jets,,• Arthur Maulet,placed on ir with groin injury
2020-09-22,Packers,,• Lane Taylor,placed on ir with knee injury
2020-09-22,Seahawks,,• Phillip Dorsett II,placed on ir with foot injury
2020-09-22,Washington,,• Brandon Scherff,placed on ir with sprained mcl in knee
2020-09-23,49ers,,• Nick Bosa,placed on ir with torn acl in left knee
2020-09-23,49ers,,• Solomon Thomas,placed on ir with torn acl in left knee
2020-09-23,Broncos,,• DeMarcus Walker,placed on ir with calf injury
2020-09-23,Broncos,,• Mark Barron,placed on ir with hamstring injury
2020-09-23,Giants,,• Sterling Shepard,placed on ir with turf toe
2020-09-23,Jaguars,,• Josh Lambo,placed on ir with left hip injury
2020-09-23,Panthers,,• Christian McCaffrey,placed on ir with right high ankle sprain
2020-09-23,Raiders,,• Richie Incognito,placed on ir with achilles injury
2020-09-23,Seahawks,,• Bruce Irvin,placed on ir with torn acl in knee
2020-09-23,Seahawks,,• Marquise Blair,placed on ir with torn acl in right knee
2020-09-23,Titans,,• Senorise Perry,placed on ir with knee injury
2020-09-24,Bears,,• John Jenkins,placed on ir with torn ligament in thumb
2020-09-24,Rams,,• Joe Noteboom,placed on ir with calf injury
2020-09-24,Vikings,,• Troy Dye,placed on ir with sprained mid-foot
2020-09-25,Seahawks,,• Rasheem Green,placed on ir with neck injury
2020-09-26,49ers,,• Tevin Coleman,placed on ir with knee injury
2020-09-26,Chargers,,• Asmar Bilal,placed on ir with calf injury
2020-09-26,Chargers,,• Justin Jones (Maurice),placed on ir with shoulder injury
2020-09-26,Chargers,,• Melvin Ingram,placed on ir with knee injury
2020-09-26,Colts,,• Matthew Adams / Matt Adams,placed on ir with ankle injury
2020-09-26,Cowboys,,• Chidobe Awuzie,placed on ir with hamstring injury
2020-09-26,Patriots,,• David Andrews,placed on ir with hand injury
2020-09-26,Patriots,,• Joshua Uche / Josh Uche,placed on ir with ankle/foot injury
2020-09-26,Saints,,• Ty Montgomery,placed on ir with hamstring injury
2020-09-28,Broncos,,• Austin Calitro,placed on ir with hamstring injury
2020-09-28,Broncos,,• Jurrell Casey,placed on ir with biceps injury
2020-09-28,Browns,,• Bruce Natson / JoJo Natson Jr.,placed on ir with torn acl in knee
2020-09-28,Jaguars,,• Leon Jacobs,placed on ir with torn acl in knee
2020-09-28,Ravens,,• Tavon Young,placed on ir with torn acl in left knee
2020-09-28,Texans,,• A.J. Moore Jr.,placed on ir with hamstring injury
2020-09-29,Bears,,• Tarik Cohen,placed on ir with torn acl in right knee
2020-09-29,Broncos,,• Elijah Wilkinson,placed on ir with fractured tibula in leg
2020-09-29,Chargers,,• Chris Harris Jr.,placed on ir with foot injury
2020-09-29,Eagles,,• Dallas Goedert,placed on ir with fractured ankle
2020-09-29,Falcons,,• Darqueze Dennard,placed on ir with hamstring injury
2020-09-29,Jaguars,,• Brandon Wright,placed on ir with groin injury
2020-09-29,Washington,,• Matthew Ioannidis / Matt Ioannidis,placed on ir with torn left biceps
2020-09-30,49ers,,• Mark Nzeocha,placed on ir with quadriceps injury
2020-09-30,Chiefs,,• L'Jarius Sneed,placed on ir with fractured collarbone
2020-09-30,Eagles,,• Jalen Reagor,placed on ir with thumb injury
2020-09-30,Giants,,• Brandon Williams (b. 1992-09-09),placed on ir with groin injury
2020-10-02,Raiders,,• Damon Arnette,placed on ir with thumb injury
2020-10-02,Raiders,,• Daniel Ross,placed on ir with foot injury
2020-10-02,Redskins,,• Bryce Love,placed on ir with knee injury (out for season)
2020-10-03,49ers,,• Dee Ford,placed on ir with back injury
2020-10-03,49ers,,• Jordan Reed,placed on ir with knee injury
2020-10-03,Bengals,,• Mike Daniels,placed on ir with elbow injury
2020-10-03,Colts,,• Michael Pittman Jr.,placed on ir with calf injury
2020-10-03,Eagles,,• Jason Peters,placed on ir with foot injury
2020-10-03,Eagles,,• Trevor Williams,placed on ir with rib injury
2020-10-03,Packers,,• Allen Lazard,placed on ir with core muscle injury
2020-10-03,Packers,,• Christian Kirksey,placed on ir with pectoral injury
2020-10-03,Saints,,• Chase Hansen,placed on ir with hip injury
2020-10-05,Browns,,• Nick Chubb,placed on ir with strained mcl in right knee
2020-10-05,Patriots,,• Cody Davis,placed on ir with rib injury
2020-10-05,Patriots,,• Sony Michel,placed on ir with quadriceps injury
2020-10-06,Browns,,• Khadarel Hodge,placed on ir with hamstring injury
2020-10-06,Buccaneers,,• O.J. Howard,placed on ir with torn achilles tendon
2020-10-07,Bills,,• Levi Wallace,placed on ir with ankle injury
2020-10-07,Falcons,,• Damontae Kazee,placed on ir with torn left achilles tendon
2020-10-07,Jaguars,,• D.J. Hayden,placed on ir with hamstring injury
2020-10-07,Seahawks,,• Neiko Thorpe,placed on ir with sports hernia
2020-10-08,Eagles,,• Johnathan Ford / Rudy Ford,placed on ir with hamstring injury
2020-10-08,Eagles,,• T.J. Edwards,placed on ir with hamstring injury
2020-10-09,Chargers,,• Austin Ekeler,placed on ir with hamstring injury
2020-10-09,Dolphins,,• Austin Jackson,placed on ir with left ankle/foot injury
2020-10-09,Giants,,• Oshane Ximines,placed on ir with shoulder injury
2020-10-09,Washington,,• Steven Sims Jr.,placed on ir with toe injury
2020-10-10,49ers,,• Ezekiel Ansah / Ziggy Ansah,placed on ir with biceps injury
2020-10-10,49ers,,• K'Waun Williams,placed on ir with knee injury
2020-10-10,Broncos,,• LeVante Bellamy,placed on ir with knee injury
2020-10-10,Chiefs,,• Michael Danna / Mike Danna,placed on ir with hamsting injury
2020-10-10,Cowboys,,• Joe Looney,placed on ir with knee injury
2020-10-10,Cowboys,,• Tyron Smith,placed on ir with neck injury
2020-10-12,Bengals,,• D.J. Reader,placed on ir with left quadriceps injury
2020-10-12,Bills,,• Del'Shawn Phillips,placed on ir with quadriceps injury
2020-10-12,Browns,,• Greedy Williams,placed on ir with shoulder injury
2020-10-12,Buccaneers,,• Jack Cichy,placed on ir with hamstring injury
2020-10-12,Buccaneers,,• Vita Vea,placed on ir with fractured leg
2020-10-12,Jaguars,,• Andrew Wingard,placed on ir with strained abdominal
2020-10-12,Ravens,,• Otaro Alaka,placed on ir with knee injury
2020-10-13,Jets,,• Chris Hogan,placed on ir with ankle injury
2020-10-13,Packers,,• Josiah Deguara,placed on ir with torn acl in knee
2020-10-13,Rams,,• Jordan Fuller,placed on ir with shoulder injury
2020-10-13,Texans,,• Benardrick McKinney,placed on ir with shoulder injury
2020-10-14,Bears,,• James Daniels (b. 1997-09-13),placed on ir with pectoral injury
2020-10-15,Bengals,,• Sam Hubbard,placed on ir with left elbow injury
2020-10-15,Cardinals,,• Chandler Jones (James),placed on ir with biceps injury
2020-10-15,Panthers,,• Kawann Short,placed on ir with surgery on right shoulder
2020-10-15,Titans,,• Darrynton Evans,placed on ir with hamstring injury
2020-10-16,Dolphins,,• Davon Godchaux,placed on ir with biceps injury
2020-10-16,Lions,,• Hunter Bryant,placed on ir with concussion
2020-10-16,Panthers,,• Yetur Gross-Matos,placed on ir with ankle injury
2020-10-16,Washington,,• Greg Stroman,placed on ir with foot injury
2020-10-17,Cardinals,,• J.R. Sweezy,placed on ir with elbow injury
2020-10-17,Cardinals,,• Rashard Lawrence,placed on ir with calf injury
2020-10-17,Chiefs,,• Kelechi Osemele,placed on ir with knee injury
2020-10-19,Cowboys,,• Dak Prescott,placed on ir with fractured right ankle
2020-10-19,Cowboys,,• Trysten Hill,placed on ir with torn acl in knee
2020-10-19,Giants,,• Lorenzo Carter,placed on ir with torn achilles tendon
2020-10-19,Titans,,• Taylor Lewan,placed on ir with torn acl in knee
2020-10-20,49ers,,• Ben Garland,placed on ir with calf injury
2020-10-20,Giants,,• Tae Crowder,placed on ir with hamstring injury
2020-10-20,Jets,,• Frankie Luvu,placed on ir with groin injury
2020-10-20,Packers,,• Parry Nickerson,placed on ir with hamstring injury
2020-10-20,Panthers,,• Juston Burris,placed on ir with rib injury
2020-10-20,Panthers,,• Keith Kirkwood,placed on ir with left clavicle injury
2020-10-20,Rams,,• Ogbonnia Okoronkwo / Obo Okoronkwo,placed on ir with elbow injury
2020-10-21,Lions,,• Julian Okwara,placed on ir with right leg injury
2020-10-21,Patriots,,• Jermaine Eluemunor,placed on ir with ankle injury
2020-10-21,Seahawks,,• Delano Hill,placed on ir with back injury
2020-10-22,Eagles,,• Zach Ertz,placed on ir with ankle injury
2020-10-22,Jaguars,,• Abry Jones,placed on ir with ankle injury
2020-10-22,Ravens,,• Anthony Averett,placed on ir with shoulder injury
2020-10-22,Vikings,,• George Iloka,placed on ir with torn acl in knee
2020-10-23,Saints,,• Bennie Fowler,placed on ir with shoulder injury
2020-10-23,Steelers,,• Devin Bush Jr.,placed on ir with torn acl in right knee
2020-10-24,49ers,,• Raheem Mostert,placed on ir with ankle injury
2020-10-24,Bills,,• Tyrel Dodson,placed on ir with hamstring injury
2020-10-24,Chiefs,,• Alex Okafor,placed on ir with hamstring injury
2020-10-24,Cowboys,,• Brandon Knight,placed on ir with knee injury
2020-10-24,Washington,,• Antonio Gandy-Golden,placed on ir with hamstring injury
2020-10-24,Washington,,• Saahdiq Charles,placed on ir with knee injury
2020-10-26,Eagles,,• DeSean Jackson,placed on ir with ankle injury
2020-10-26,Eagles,,• Hassan Ridgeway,placed on ir with biceps injury
2020-10-26,Jaguars,,• Dede Westbrook,placed on ir with torn acl in left knee
2020-10-27,Broncos,,• Derrek Tuszka,placed on ir with hamstring injury
2020-10-27,Broncos,,• Mike Purcell,placed on ir with fractured foot
2020-10-27,Browns,,• Odell Beckham Jr.,placed on ir with torn acl in left knee
2020-10-27,Cardinals,,• Isaiah Irving,placed on ir with neck injury
2020-10-27,Cardinals,,• Zach Allen,placed on ir with ankle injury
2020-10-27,Washington,,• Landon Collins,placed on ir with torn left achilles tendon
2020-10-28,Jets,,• Kyle Phillips,placed on ir with ankle injury
2020-10-28,Patriots,,• Brandon Copeland (b. 1991-07-02),placed on ir with torn pectoral muscle
2020-10-28,Rams,,• Terrell Burgess,placed on ir with fractured ankle
2020-10-29,Chargers,,• Virgil Green,placed on ir with ankle injury
2020-10-30,Eagles,,• Genard Avery,placed on ir with elbow injury
2020-10-30,Eagles,,• Nathan Gerry / Nate Gerry,placed on ir with ankle injury
2020-10-30,Vikings,,• Mike Hughes (b. 1997-02-11),placed on ir with neck injury
2020-10-31,49ers,,• Jeff Wilson Jr.,placed on ir with ankle injury
2020-10-31,Bills,,• Cameron Lewis / Cam Lewis,placed on ir with wrist injury
2020-10-31,Broncos,,• Andrew Beck,placed on ir with hamstring injury
2020-10-31,Jets,,• Bradley McDougald,placed on ir with shoulder injury
2020-10-31,Patriots,,• Julian Edelman,placed on ir with knee injury
2020-10-31,Patriots,,• Justin Herron,placed on ir with ankle injury
2020-10-31,Steelers,,• Chris Wormley,placed on ir with knee injury
2020-10-31,Titans,,• Kristian Fulton,placed on ir with knee injury
2020-11-02,Lions,,• Trey Flowers,placed on ir with undisclosed injury
2020-11-03,Bears,,• Bobby Massie,placed on ir with knee injury (out for season)
2020-11-03,Broncos,,• Jake Butt,placed on ir with hamstring injury
2020-11-03,Patriots,,• Devin Asiasi,placed on ir with undisclosed injury
2020-11-03,Ravens,,• Ronnie Stanley,placed on ir with ankle injury
2020-11-03,Ravens,,• Tyre Phillips,placed on ir with ankle injury
2020-11-04,Giants,,• Adrian Colbert,placed on ir with shoulder injury
2020-11-04,Steelers,,• Ulysees Gilbert III,placed on ir with back injury
2020-11-05,49ers,,• George Kittle,placed on ir with fractured foot
2020-11-05,49ers,,• Jimmy Garoppolo,placed on ir with ankle injury
2020-11-05,Dolphins,,• Myles Gaskin,placed on ir with knee injury
2020-11-06,Giants,,• Ryan Lewis,placed on ir with hamstring injury
2020-11-06,Saints,,• Justin Hardee,placed on ir with groin injury
2020-11-06,Saints,,• Sheldon Rankins,placed on ir with knee injury
2020-11-06,Vikings,,• Mark Fields II,placed on ir with chest/lung injury
2020-11-07,Bills,,• Matt Milano,placed on ir with pectoral injury
2020-11-07,Colts,,• Ashton Dulin,placed on ir with knee injury
2020-11-07,Cowboys,,• Chris Jones (b. 1989-07-21),placed on ir with core muscle injury
2020-11-07,Falcons,,• Jordan Miller (b. 1997-02-08),placed on ir with oblique injury
2020-11-07,Jaguars,,• Shaquille Quarterman / Shaq Quarterman,placed on ir with knee injury
2020-11-07,Lions,,• Darryl Roberts,"placed on ir with hip, groin injury"
2020-11-07,Ravens,,• Chris Moore (b. 1993-06-16),placed on ir with thigh injury
2020-11-07,Titans,,• Brett Kern,placed on ir with wrist injury
2020-11-07,Titans,,• Tye Smith,placed on ir with shoulder injury
2020-11-07,Jaguars,,• Josh Nurse,placed on ir
2020-11-09,Jaguars,,• Josh Lambo,placed on ir with hip injury
2020-11-09,Jets,,• Trevon Wesco,placed on ir with ankle injury
2020-11-09,Lions,,• Tony McRae,placed on ir with knee injury
2020-11-09,Texans,,• Brennan Scarlett,placed on ir with fractured forearm
2020-11-09,Texans,,• Kyle Emanuel,placed on ir with concussion
2020-11-10,Broncos,,• Albert Okwuegbunam,placed on ir with torn acl in right knee
2020-11-10,Patriots,,• Dalton Keene (b. 1999-04-14),placed on ir with knee injury
2020-11-10,Ravens,,• Khalil Dorsey,placed on ir with dislocated shoulder
2020-11-10,Vikings,,• Holton Hill,placed on ir with foot injury
2020-11-11,49ers,,• Jaquiski Tartt,placed on ir with turf toe
2020-11-11,Cardinals,,• Kevin Peterson (Lamont),placed on ir with concussion
2020-11-11,Dolphins,,• Preston Williams,placed on ir with foot injury
2020-11-11,Panthers,,• Adarius Taylor,placed on ir with groin injury
2020-11-11,Titans,,• Dane Cruikshank,placed on ir with groin injury
2020-11-13,Bears,,• Roy Robertson-Harris,placed on ir with shoulder injury
2020-11-13,Giants,,• Devonta Freeman,placed on ir with ankle injury
2020-11-13,Panthers,,• Reggie Bonnafon,placed on ir with ankle injury
2020-11-13,Panthers,,• Stephen Weatherly,placed on ir with finger injury
2020-11-13,Bills,,• Del'Shawn Phillips,placed on ir with quadriceps injury
2020-11-14,Bengals,,• Darius Phillips,placed on ir with groin injury
2020-11-14,Bengals,,• John Ross III,placed on ir with foot injury
2020-11-14,Cardinals,,• Josh Jones (b. 1997-06-22),placed on ir with chest injury
2020-11-14,Cardinals,,• Leki Fotu,placed on ir with ankle injury
2020-11-14,Chargers,,• Justin Jackson (b. 1996-04-22),placed on ir with knee injury
2020-11-14,Packers,,• John Lovett (b. 1996-04-25),placed on ir with knee injury
2020-11-14,Patriots,,• Shilique Calhoun,placed on ir with knee injury
2020-11-14,Seahawks,,• Bryan Mone,placed on ir with ankle injury
2020-11-14,Texans,,• David Johnson (Jerome),placed on ir with concussion
2020-11-14,Texans,,• Dylan Cole,placed on ir with back injury
2020-11-16,Eagles,,• Craig James (b. 1996-04-29),placed on ir with shoulder injury
2020-11-16,Jaguars,,• Chris Thompson (b. 1990-10-20),placed on ir with back injury
2020-11-16,Washington,,• Kyle Allen,placed on ir with dislocated left ankle
2020-11-17,49ers,,• JaMycal Hasty,placed on ir with fractured collarbone
2020-11-17,49ers,,• Johnathan Cyprien,placed on ir with hamstring injury
2020-11-17,Jets,,• Brian Poole,"placed on ir with shoulder, knee injury"
2020-11-17,Rams,,• Andrew Whitworth,placed on ir with knee injury
2020-11-17,Rams,,• Kai Forbath,placed on ir with ankle injury (out for season)
2020-11-17,Rams,,• Taylor Rapp,placed on ir with sprained mcl in knee
2020-11-17,Ravens,,• Nick Boyle,placed on ir with left knee injury
2020-11-17,Ravens,,• Terrell Bonds,placed on ir with knee injury
2020-11-18,Cowboys,,• Trevon Diggs,placed on ir with foot injury
2020-11-18,Seahawks,,• Neiko Thorpe,placed on ir with core muscle injury
2020-11-19,Bears,,• Dwayne Harris,placed on ir with torn triceps muscle
2020-11-19,Cardinals,,• Corey Peters,placed on ir with knee injury
2020-11-19,Cardinals,,• Jordan Phillips,placed on ir with hamstring injury
2020-11-19,Jaguars,,• C.J. Henderson,placed on ir with groin injury
2020-11-19,Seahawks,,• Quinton Dunbar,placed on ir with knee injury
2020-11-19,Washington,,• Geron Christian,placed on ir with knee injury
2020-11-20,Saints,,• Drew Brees,placed on ir with fractured ribs
2020-11-21,Bengals,,• Joe Mixon,placed on ir with right foot injury
2020-11-21,Chiefs,,• Mitchell Schwartz,placed on ir with back injury
2020-11-21,Chiefs,,• Taco Charlton,placed on ir with ankle injury
2020-11-21,Cowboys,,• Tyler Biadasz,placed on ir with hamstring injury
2020-11-21,Jets,,• Blessuan Austin / Bless Austin,placed on ir with neck injury
2020-11-21,Texans,,• Michael Thomas (b. 1990-03-17),placed on ir with shoulder injury
2020-11-21,Titans,,• Jadeveon Clowney,placed on ir with knee injury
2020-11-21,Titans,,• Kareem Orr,placed on ir with groin injury / non-football illness list
2020-11-23,Bengals,,• Joe Burrow,"placed on ir with torn acl, mcl in left knee"
2020-11-23,Seahawks,,• Greg Olsen,placed on ir with ruptured fascia in left foot
2020-11-24,Chiefs,,• Byron Pringle,placed on ir with ankle injury
2020-11-24,Eagles,,• Cre'Von LeBlanc,placed on ir with ankle injury
2020-11-24,Jaguars,,• D.J. Hayden,placed on ir with hamstring injury
2020-11-24,Jaguars,,• Daniel Thomas,placed on ir with arm injury
2020-11-24,Jaguars,,• Josh Hines-Allen / Josh Allen (b. 1997-07-13),placed on ir with knee injury
2020-11-24,Jets,,• La'Mical Perine,placed on ir with ankle injury
2020-11-24,Jets,,• Sam Ficken,placed on ir with groin injury
2020-11-24,Steelers,,• Zach Gentry,placed on ir with knee injury
2020-11-24,Titans,,• Jayon Brown,placed on ir with left elbow injury
2020-11-24,Titans,,• Ty Sambrailo,placed on ir with undisclosed injury
2020-11-25,Lions,,• Halapoulivaati Vaitai,placed on ir with foot injury
2020-11-25,Packers,,• James Burgess Jr.,placed on ir with hamstring injury
2020-11-25,Packers,,• Montravius Adams,placed on ir with toe injury
2020-11-25,Texans,,• P.J. Hall,placed on ir with torn pectoral muscle
2020-11-25,Texans,,• Randall Cobb,placed on ir with toe injury
2020-11-26,Jaguars,,• Chris Claybrooks,placed on ir with core muscle injury
2020-11-26,Rams,,• Micah Kiser,placed on ir with knee injury
2020-11-26,Steelers,,• Trey Edmunds,placed on ir with hamstring injury
2020-11-27,Chargers,,• Melvin Ingram,placed on ir with knee injury
2020-11-27,Raiders,,• Takkarist McKinley / Takk McKinley,placed on ir with groin injury
2020-11-28,Bills,,• Cody Ford,"placed on ir with ankle, knee injuries"
2020-11-28,Bills,,• John Brown (b. 1990-04-03),placed on ir with ankle injury
2020-11-28,Buccaneers,,• A.Q. Shipley,placed on ir with neck injury
2020-11-28,Cardinals,,• Darrell Daniels,placed on ir with ankle injury
2020-11-28,Cardinals,,• Josh Mauro,placed on ir with hamstring injury
2020-11-28,Eagles,,• Iosua Opeta / Sua Opeta,placed on ir with bulging disc in back
2020-11-28,Jaguars,,• Andrew Norwell,placed on ir with forearm injury
2020-11-28,Jets,,• Patrick Onwuasor,placed on ir with hamstring injury
2020-11-28,Patriots,,• Carl Davis,placed on ir with concussion
2020-11-28,Patriots,,• Isaiah Wynn,placed on ir with knee injury
2020-11-28,Patriots,,• Rex Burkhead,placed on ir with knee injury
2020-12-01,49ers,,• Jamar Taylor,placed on ir with torn acl in left knee
2020-12-01,49ers,,• Kendarius Webster / Ken Webster,placed on ir with hamstring injury
2020-12-01,Browns,,• Ronnie Harrison Jr.,placed on ir with shoulder injury
2020-12-01,Falcons,,• Olamide Zaccheaus,placed on ir with toe injury
2020-12-01,Giants,,• Kyler Fackrell,placed on ir with calf injury
2020-12-02,Bengals,,• Auden Tate,placed on ir with shoulder injury
2020-12-02,Broncos,,• Bryce Callahan,placed on ir with right foot injury
2020-12-02,Eagles,,• Lane Johnson,placed on ir with ankle injury
2020-12-02,Lions,,• Danny Shelton,placed on ir with knee injury
2020-12-02,Lions,,• Desmond Trufant,placed on ir with hamstring injury
2020-12-03,Jets,,• Blake Cashman,placed on ir with hamstring injury
2020-12-03,Steelers,,• Bud Dupree,placed on ir with torn acl in left knee
2020-12-04,Raiders,,• Maliek Collins,"placed on ir with ankle, hamstring injury"
2020-12-04,Ravens,,• Robert Griffin III,placed on ir with hamstring injury
2020-12-05,Bengals,,• Tony Brown (Mendell),placed on ir with hamstring injury
2020-12-05,Chiefs,,• Dorian O'Daniel,placed on ir with ankle injury
2020-12-05,Colts,,• Noah Togiai,placed on ir with knee injury
2020-12-05,Jaguars,,• Ben Ellefson,placed on ir with knee injury
2020-12-05,Jaguars,,• Davon Hamilton,placed on ir with knee injury
2020-12-05,Packers,,• Corey Linsley,placed on ir with knee injury
2020-12-05,Saints,,• Marquez Callaway,placed on ir with knee injury
2020-12-05,Seahawks,,• Tre Flowers,placed on ir with hamstring injury
2020-12-05,Texans,,• Cullen Gillaspia,placed on ir with back injury
2020-12-07,Cowboys,,• Steven Parker,placed on ir with ankle injury
2020-12-07,Cowboys,,• Zack Martin,placed on ir with calf injury
2020-12-08,Browns,,• Taywan Taylor,placed on ir with neck injury
2020-12-08,Titans,,• Adam Humphries,placed on ir with concussion
2020-12-09,Broncos,,• Essang Bassey,placed on ir with torn acl in knee
2020-12-09,Colts,,• Le'Raven Clark,placed on ir with torn achilles tendon
2020-12-09,Eagles,,• Davion Taylor,placed on ir with knee injury (out for season)
2020-12-09,Packers,,• Billy Winn,placed on ir with triceps injury
2020-12-09,Packers,,• Raven Greene,placed on ir with shoulder injury
2020-12-09,Packers,,• Tyler Ervin,placed on ir with foot injury
2020-12-09,Rams,,• Jonah Williams (b. 1995-08-17),placed on ir with right knee injury
2020-12-09,Washington,,• Temarrick Hemingway,placed on ir with dislocated wrist
2020-12-10,Patriots,,• Ryan Izzo,"placed on ir with hamsring, hand, neck injuries"
2020-12-11,Cowboys,,• Cameron Erving,placed on ir with knee injury
2020-12-11,Giants,,• Madre Harper,placed on ir with knee injury
2020-12-12,49ers,,• Tom Compton,placed on ir with concussion
2020-12-12,Cardinals,,• Johnathan Joseph,placed on ir with neck injury
2020-12-12,Eagles,,• Jason Peters,placed on ir with toe injury
2020-12-12,Jets,,• Ashtyn Davis,placed on ir with foot injury
2020-12-12,Jets,,• Bennett Jackson,placed on ir with hamstring injury
2020-12-12,Jets,,• Greg Van Roten,placed on ir with toe injury
2020-12-12,Jets,,• Ryan Griffin (Francis),placed on ir
2020-12-12,Lions,,• Da'Shawn Hand,placed on ir with groin injury
2020-12-12,Raiders,,• Jeff Heath,placed on ir with concussion
2020-12-12,Rams,,• Landis Durham,placed on ir
2020-12-12,Saints,,• Patrick Robinson (b. 1987-09-07),placed on ir with hamstring injury
2020-12-12,Steelers,,• Robert Spillane,placed on ir with knee injury
2020-12-12,Titans,,• Breon Borders,placed on ir with hip injury
2020-12-12,Washington,,• (Orlando) Ryan Anderson,placed on ir with knee injury
2020-12-14,Steelers,,• Matt Feiler,placed on ir with pectoral injury
2020-12-15,Ravens,,• Trace McSorley,placed on ir with knee injury
2020-12-15,Vikings,,• Kris Boyd,placed on ir with shoulder injury
2020-12-16,Bengals,,• Geno Atkins,placed on ir with right shoulder injury
2020-12-16,Broncos,,• Duke Dawson,placed on ir with torn acl in knee
2020-12-16,Broncos,,• Kevin Toliver II,placed on ir with torn acl in knee
2020-12-16,Eagles,,• Rodney McLeod Jr.,placed on ir with torn acl in knee
2020-12-16,Jaguars,,• Brandon Linder,placed on ir with ankle injury
2020-12-16,Jets,,• Jordan Jenkins,placed on ir with shoulder injury
2020-12-16,Jets,,• Saquan Hampton,placed on ir with achilles injury
2020-12-16,Lions,,• Jeff Okudah,placed on ir with core muscle / groin injury
2020-12-16,Texans,,• Brandon Dunn,placed on ir with pelvic fracture
2020-12-16,Texans,,• Justin Reid,placed on ir with thumb injury
2020-12-17,Panthers,,• Greg Little,placed on ir with ankle injury
2020-12-17,Redskins,,• Deshazor Everett,placed on ir with pectoral injury
2020-12-18,Eagles,,• Avonte Maddox,placed on ir with knee injury
2020-12-18,Eagles,,• Jack Driscoll,placed on ir with sprained mcl in knee
2020-12-18,Raiders,,• Derek Carr (Dallas),placed on ir
2020-12-19,Cardinals,,• Jordan Phillips,placed on ir with hamstring injury
2020-12-19,Cardinals,,• Zane Gonzalez,placed on ir with back injury
2020-12-19,Cowboys,,• Deante Burton,placed on ir with shoulder injury
2020-12-19,Cowboys,,• Justin March-Lillard / Justin March,placed on ir with undisclosed injury
2020-12-19,Lions,,• Da'Shawn Hand,placed on ir with ankle injury
2020-12-19,Saints,,• Deonte Harris / Deonte Harty,placed on ir with neck injury
2020-12-19,Saints,,• Michael Thomas (William),placed on ir with ankle injury
2020-12-19,Seahawks,,• Jamarco Jones,placed on ir with groin injury
2020-12-19,Seahawks,,• Travis Homer,placed on ir with knee injury
2020-12-21,Ravens,,• Davontae Harris,placed on ir with thigh injury
2020-12-21,Washington,,• Shaun Dion Hamilton,placed on ir with elbow injury
2020-12-22,Browns,,• Chris Hubbard,placed on ir with torn ligaments in right knee
2020-12-22,Jets,,• Harvey Langi,placed on ir with neck injury
2020-12-22,Panthers,,• Dennis Daley,placed on ir with concussion
2020-12-23,Chargers,,• Kyzir White,placed on ir with undisclosed injury
2020-12-23,Jets,,• Quinnen Williams,placed on ir with concussion / neck injury
2020-12-23,Patriots,,• Stephon Gilmore,placed on ir with torn quadriceps
2020-12-23,Texans,,• Tytus Howard,placed on ir with concussion
2020-12-24,Saints,,• Tre'Quan Smith,placed on ir with ankle injury
2020-12-24,Seahawks,,• Phil Haynes,placed on ir with groin injury
2020-12-24,Titans,,• Chris Milton,placed on ir with knee injury
2020-12-25,49ers,,• Nick Mullens,placed on ir with right elbow injury
2020-12-25,49ers,,• Raheem Mostert,placed on ir with ankle injury
2020-12-25,Cardinals,,• Dennis Gardeck,placed on ir with knee injury
2020-12-25,Steelers,,• Ulysees Gilbert III,placed on ir with ankle injury
2020-12-26,Broncos,,• Phillip Lindsay,"placed on ir with hip, knee injury"
2020-12-26,Chargers,,• Uchenna Nwosu,placed on ir with knee injury
2020-12-26,Cowboys,,• Antwaun Woods,placed on ir with ankle injury
2020-12-26,Eagles,,• Josh Sweat,placed on ir with wrist injury
2020-12-26,Eagles,,• Kevon Seymour,placed on ir with knee injury
2020-12-26,Jaguars,,• Sidney Jones IV,placed on ir with achilles injury
2020-12-28,Cardinals,,• Kylie Fitts,placed on ir with hand injury
2020-12-28,Panthers,,• Trenton Scott / Trent Scott,placed on ir with shoulder injury
2020-12-28,Saints,,• Kwon Alexander,placed on ir with torn right achilles tendon
2020-12-29,Rams,,• Darrell Henderson,placed on ir with ankle injury
2020-12-29,Vikings,,• Kyle Rudolph,placed on ir with foot injury
2020-12-30,Buccaneers,,• Kenjon Barner,placed on ir with groin injury
2020-12-30,Jets,,• Frank Gore (Sr.),"placed on ir with chest, lung injury"
2020-12-30,Jets,,• Josh Andrews,placed on ir with groin/thigh injury
2020-12-30,Raiders,,• Clelin Ferrell,placed on ir with shoulder injury
2020-12-31,Broncos,,• Shelby Harris,placed on ir with knee injury
2020-12-31,Dolphins,,• Elandon Roberts,placed on ir with knee injury
2020-12-31,Patriots,,• Joshua Uche / Josh Uche,placed on ir with foot injury
2020-12-31,Patriots,,• Tashawn Bower,placed on ir with neck injury
2021-01-01,49ers,,• Jordan Willis,placed on ir with ankle injury
2021-01-01,49ers,,• Trent Williams,placed on ir with elbow injury
2021-01-01,Chargers,,• Casey Hayward Jr.,placed on ir with hamstring injury
2021-01-01,Chargers,,• Malik Jefferson,placed on ir with shoulder injury
2021-01-01,Colts,,• Anthony Castonzo,placed on ir with ankle injury (out for season)
2021-01-01,Eagles,,• Duke Riley,placed on ir with biceps injury
2021-01-01,Eagles,,• Shaun Bradley,placed on ir with neck injury
2021-01-02,Broncos,,• K.J. Hamler,placed on ir with concussion
2021-01-02,Giants,,• Elijhaa Penny / Eli Penny,placed on ir with illness
2021-01-02,Jaguars,,• Collin Johnson,placed on ir with hamstring injury
2021-01-02,Packers,,• David Bakhtiari,placed on ir with torn acl in knee
2021-01-02,Panthers,,• Troy Pride Jr.,placed on ir with hip injury
2021-01-02,Patriots,,• Damien Harris,placed on ir with ankle injury
2021-01-02,Texans,,• Brent Qvale,placed on ir with concussion
2021-01-05,Browns,,• Nick Harris (b),placed on ir with knee injury
2021-01-05,Browns,,• Olivier Vernon,placed on ir with ruptured achilles tendon
2021-01-06,Saints,,• Nick Easton,placed on ir (with concussion?)
2021-01-06,Seahawks,,• Jayson Stanley,placed on ir with hamstring injury
2021-01-08,Rams,,• Raymond Calais,placed on ir with undisclosed injury
2021-01-09,Ravens,,• Ben Bredeson,placed on ir with knee injury
2021-01-09,Saints,,• Nick Easton,placed on ir with concussion
2021-01-12,Bills,,• Zack Moss,placed on ir with ankle injury
2021-01-12,Browns,,• Michael Dunn,placed on ir with calf injury
2021-01-12,Browns,,• Robert Jackson Jr.,placed on ir with hamstring injury
2021-01-12,Packers,,• Simon Stepaniak,placed on ir with knee injury
2021-01-15,Buccaneers,,• Alex Cappa,placed on ir with fractured ankle
2021-01-16,Chiefs,,• Deon Yelder,placed on ir with groin injury
2021-01-16,Saints,,• Will Clapp,placed on ir
2021-01-19,Buccaneers,,• Jack Cichy,placed on ir with fractured left arm
2021-02-06,Chiefs,,• Eric Fisher,placed on ir with achilles injury
2021-02-06,Chiefs,,• Willie Gay Jr.,"placed on ir with ankle, knee injuries"
2021-05-27,Lions,,• Joel Heath,placed on ir with torn acl in knee
2021-05-27,Seahawks,,• Marcus Webb (a),placed on ir with undisclosed injury
2021-06-02,Ravens,,• Donte Sylencieux,placed on ir with undisclosed
2021-06-02,Ravens,,• Xavier Kelly,placed on ir with achilles injury
2021-06-03,Jaguars,,• Terry Godwin,placed on ir with undisclosed
2021-06-04,Cardinals,,• Krishawn Hogan,placed on ir with undisclosed injury
2021-06-04,Washington,,• Dylan Cantrell,placed on ir with undisclosed injury
2021-06-07,Titans,,• Anthony McKinney (b),placed on ir with undisclosed injury
2021-06-10,Eagles,,• Trevon Grimes,placed on ir with knee injury
2021-06-10,Jets,,• Parker Ferguson,placed on ir with undisclosed injury
2021-06-14,49ers,,• Justin Skule,placed on ir with torn acl in knee
2021-06-14,Cowboys,,• Stephen Guidry,placed on ir with undisclosed injury
2021-06-21,Broncos,,• Natrez Patrick,placed on ir with leg injury
2021-06-22,Bills,,• Bryan Cox Jr.,placed on ir with achilles injury
2021-07-06,Steelers,,• Demarcus Christmas,placed on ir with undisclosed injury
2021-07-22,Giants,,• Taquan Mizzell,placed on ir with hamstring injury
2021-07-23,Buccaneers,,• Curtis Riley,placed on ir with achilles injury
2021-07-25,Colts,,• Rob Windsor,placed on ir with surgery on hip
2021-07-27,Chiefs,,• Chris Finke,placed on ir with undisclosed injury
2021-07-27,Cowboys,,• Mitch Hyatt,placed on ir with knee injury
2021-07-28,Washington,,• Jalen Jelks,placed on ir with undisclosed injury
2021-07-29,Dolphins,,• D.J. Fluker,placed on ir with surgery on knee
2021-07-31,Steelers,,• Dax Raymond,placed on ir with undisclosed injury
2021-07-31,Titans,,• Brandon Kemp,placed on ir with undisclosed injury
2021-07-31,Titans,,• Elijah Nkansah,placed on ir with undisclosed injury
2021-08-01,Titans,,• Briley Moore,placed on ir with torn acl in knee
2021-08-02,Saints,,• Dylan Soehner,placed on ir with undisclosed injury
2021-08-02,Vikings,,• Olabisi Johnson,placed on ir with torn acl in knee
2021-08-03,Giants,,• Derrick Dillon,placed on ir with undisclosed injury
2021-08-04,Falcons,,• Sterling Hofrichter,placed on ir with undisclosed injury
2021-08-04,Giants,,• Mike Weber Jr.,placed on ir with hip flexor injury
2021-08-04,Saints,,• Keith Washington Jr.,placed on ir with wrist injury
2021-08-05,49ers,,• Tim Harris Jr.,placed on ir with groin injury
2021-08-05,Broncos,,• Cody Conway,placed on ir with torn acl in knee
2021-08-05,Eagles,,• Nathan Meadors / Nate Meadors,placed on ir with hamstring injury
2021-08-05,Falcons,,• Jaeden Graham,placed on ir with knee injury
2021-08-05,Jets,,• Brendon White,placed on ir with undisclosed injury
2021-08-05,Rams,,• Jamil Demby,placed on ir with undisclosed injury
2021-08-05,Steelers,,• Anthony Coyle,placed on ir with shoulder injury
2021-08-05,Steelers,,• DeMarkus Acy,placed on ir with torn acl in knee
2021-08-05,Titans,,• Greg Mabin,placed on ir with undisclosed injury
2021-08-05,Titans,,• Spencer Pulley,placed on ir with undisclosed injury
2021-08-06,Colts,,• J.J. Nelson,placed on ir with groin injury
2021-08-06,Rams,,• Dayan Lake,placed on ir with undisclosed injury
2021-08-07,Browns,,• Tre Harbison,placed on ir with concussion
2021-08-07,Falcons,,• Jeff Badet,placed on ir with undisclosed injury
2021-08-07,Giants,,• Levine Toilolo,placed on ir with achilles tendon injury
2021-08-07,Patriots,,• Dalton Keene (b. 1999-04-14),placed on ir with knee injury
2021-08-07,Patriots,,• Raekwon McMillan,placed on ir with torn acl in knee
2021-08-07,Titans,,• Cody Hollister,placed on ir with ankle injury
2021-08-08,Cardinals,,• Xavier Williams,placed on ir with right foot injury
2021-08-09,Cardinals,,• Bruno Labelle,placed on ir with undisclosed injury
2021-08-09,Colts,,• Gary Jennings,placed on ir with undisclosed injury
2021-08-09,Falcons,,• Deadrin Senat,placed on ir with undisclosed injury
2021-08-09,Panthers,,• Austin Larkin,placed on ir with undisclosed injury
2021-08-10,Eagles,,• Obi Melifonwu,placed on ir with undisclosed injury
2021-08-10,Jets,,• Teton Saltes,placed on ir with knee injury
2021-08-10,Steelers,,• Calvin Taylor Jr.,placed on ir with undisclosed injury
2021-08-11,Eagles,,• Michael Walker (b. 1996-10-29),placed on ir with right let/foot injury
2021-08-11,Raiders,,• Trey Quinn,placed on ir with undisclosed injury
2021-08-11,Titans,,• Donnie Ernsberger,placed on ir with undisclosed injury
2021-08-12,49ers,,• Tony Jefferson,placed on ir with groin injury
2021-08-12,Jets,,• Alex Lewis (b. 1992-04-21),placed on ir
2021-08-12,Lions,,• Michael Warren II / Mike Warren II,placed on ir with undisclosed injury
2021-08-12,Saints,,• Jalen McCleskey,placed on ir with hamstring injury
2021-08-13,Buccaneers,,• Sam Renner,placed on ir with undisclosed injury
2021-08-13,Packers,,• Randy Ramsey,placed on ir with ankle injury
2021-08-13,Titans,,• Adam Coon,placed on ir with undisclosed injury
2021-08-14,Bears,,• Thomas Ives,placed on ir with glute injury
2021-08-14,Saints,,• Quentin Poling,placed on ir with undisclosed injury
2021-08-15,Titans,,• B.J. Bello,placed on ir with ankle injury
2021-08-16,Browns,,• Ryan Switzer,placed on ir with foot injury
2021-08-16,Browns,,• Stephen Carlson,placed on ir with knee injury
2021-08-16,Falcons,,• J'Mon Moore,placed on ir with undisclosed injury
2021-08-16,Giants,,• Joshua Kalu,placed on ir with torn pectoral muscle
2021-08-16,Giants,,• Kyle Murphy (b. 1998-05-18),placed on ir with ankle injury
2021-08-16,Giants,,• T.J. Brunson,placed on ir with torn acl in knee
2021-08-16,Lions,,• Evan Boehm,placed on ir with undisclosed injury
2021-08-16,Ravens,,• Iman Lewis-Marshall / Iman Marshall,placed on ir with knee injury
2021-08-16,Ravens,,• Khalil Dorsey,placed on ir with undisclosed injury
2021-08-16,Saints,,• Kyle Murphy (Neil),placed on ir with undisclosed injury
2021-08-16,Titans,,• Kevin Peterson (Lamont),placed on ir with undisclosed injury
2021-08-17,Browns,,• Kiondre Thomas,placed on ir with hamstring injury
2021-08-17,Buccaneers,,• Sadarius Hutcherson,placed on ir with torn acl in knee
2021-08-17,Chiefs,,• Elijah McGuire,placed on ir with ankle injury
2021-08-17,Colts,,• Damontre Moore,placed on ir with undisclosed injury
2021-08-17,Cowboys,,• Reggie Robinson II,placed on ir with toe injury
2021-08-17,Cowboys,,• Sewo Olonilua,placed on ir with neck injury
2021-08-17,Dolphins,,• Allen Hurns,placed on ir with wrist injury
2021-08-17,Giants,,• Clayton Thorson,placed on ir with concussion
2021-08-17,Jaguars,,• Daniel Ross,placed on ir with undisclosed injury
2021-08-17,Jets,,• Cameron Clark / Cameron Clarke,placed on ir with back/spine injury (out for season)
2021-08-17,Lions,,• Shaun Dion Hamilton,placed on ir with undisclosed injury
2021-08-17,Panthers,,• Troy Pride Jr.,placed on ir with knee injury
2021-08-17,Patriots,,• Marvin Hall,placed on ir with undisclosed injury
2021-08-17,Saints,,• Brett Maher,placed on ir with undisclosed injury
2021-08-17,Texans,,• Dontrell Hilliard,placed on ir with undisclosed injury
2021-08-17,Titans,,• Maurice Smith (Bernard),placed on ir with undisclosed injury
2021-08-17,Titans,,• Tedric Thompson,placed on ir with leg injury
2021-08-17,Titans,,• Trevon Coley,placed on ir with foot injury
2021-08-17,Vikings,,• Blake Proehl,placed on ir with knee injury
2021-08-17,Vikings,,• Riley Patterson,placed on ir with undisclosed injury
2021-08-17,Chiefs,,• Chad Williams (b. 1994-10-19),placed on ir with undisclosed injury
2021-08-18,49ers,,• Austin Watkins Jr.,placed on ir with fractured foot
2021-08-18,Bears,,• Ledarius Mack,placed on ir with undisclosed injury
2021-08-18,Bears,,• Michael Joseph,placed on ir with undisclosed injury
2021-08-18,Broncos,,• DeVontres Dukes,placed on ir with undisclosed injury
2021-08-18,Broncos,,• Deyon Sizer,placed on ir with hamstring injury
2021-08-18,Broncos,,• LeVante Bellamy,placed on ir with ankle injury
2021-08-18,Buccaneers,,• Donell Stanley,placed on ir with undisclosed injury
2021-08-18,Chiefs,,• Antonio Callaway,placed on ir with knee injury
2021-08-18,Chiefs,,• Evan Baylis,placed on ir with ankle injury
2021-08-18,Colts,,• Nick Nelson,placed on ir with undisclosed injury
2021-08-18,Colts,,• Quartney Davis,placed on ir with shoulder injury
2021-08-18,Cowboys,,• Anthony Hines III,placed on ir with undisclosed injury
2021-08-18,Dolphins,,• Jaytlin Askew,placed on ir with quadriceps injury
2021-08-18,Eagles,,• Casey Tucker,placed on ir with biceps injury
2021-08-18,Eagles,,• Kerryon Johnson,placed on ir with knee injury
2021-08-18,Eagles,,• Luke Juriga,placed on ir with undisclosed injury
2021-08-18,Giants,,• Jarren Williams,placed on ir with quadriceps injury
2021-08-18,Jaguars,,• Josh Imatorbhebhe,placed on ir with undisclosed injury
2021-08-18,Jaguars,,• Tim Jones (b. 1998-05-15),placed on ir with undisclosed injury
2021-08-18,Jets,,• Austin Walter,placed on ir with undisclosed injury
2021-08-18,Jets,,• Michael Dwumfour,placed on ir with undisclosed injury
2021-08-18,Packers,,• DeAndre Thompkins,placed on ir with shoulder injury
2021-08-18,Packers,,• Isaac Nauta,placed on ir with chest injury
2021-08-18,Panthers,,• Matt Kaskey,placed on ir with foot injury
2021-08-18,Panthers,,• Mike Panasiuk,placed on ir with undisclosed injury
2021-08-18,Panthers,,• Nate Hall,placed on ir with undisclosed injury
2021-08-18,Patriots,,• Troy Fumagalli,placed on ir with undisclosed injury
2021-08-19,Buccaneers,,• Raven Greene,placed on ir with undisclosed injury
2021-08-19,Saints,,• Adonis Alexander,placed on ir with undisclosed injury
2021-08-19,Saints,,• Michael Brown / Mike Brown (b. 1994-09-19),placed on ir with undisclosed injury
2021-08-19,Titans,,• Brent Qvale,placed on ir with undisclosed injury
2021-08-20,Cowboys,,• Hunter Niswander,placed on ir with back injury
2021-08-20,Falcons,,• Ryan Becker,placed on ir with undisclosed injury
2021-08-20,Jets,,• Zane Lewis,placed on ir with torn patella tendon in knee
2021-08-21,Eagles,,• Jason Croom,placed on ir with patella tendon in right knee injury
2021-08-21,Saints,,• Tommylee Lewis,placed on ir with undisclosed injury
2021-08-23,Bears,,• Austin Calitro,placed on ir with hamstring injury / hand injury
2021-08-23,Bills,,• Forrest Lamp,placed on ir with calf injury
2021-08-23,Broncos,,• Brett Jones,placed on ir with biceps injury
2021-08-23,Browns,,• Cody Parkey,placed on ir with quadriceps injury
2021-08-23,Browns,,• Connor Davis,placed on ir with shoulder injury
2021-08-23,Browns,,• Montrel Meander,placed on ir with ruptured achilles tendon
2021-08-23,Jets,,• Carl Lawson,placed on ir with ruptured achilles tendon
2021-08-23,Ravens,,• L.J. Fort,placed on ir with torn acl in knee
2021-08-23,Seahawks,,• Ben Burr-Kirven,placed on ir with torn acl in knee
2021-08-23,Seahawks,,• John Ursua,placed on ir with torn acl in knee
2021-08-23,Vikings,,• Janarius Robinson,placed on ir with undisclosed injury
2021-08-23,Bears,,• Isaiah Coulter,placed on ir with hamstring injury
2021-08-24,49ers,,• Mychal Kendricks,placed on ir with turf toe
2021-08-24,Bears,,• Jordan Lucas,placed on ir with quadriceps injury
2021-08-24,Bears,,• Mike Pennel,placed on ir with groin injury
2021-08-24,Bengals,,• Donnie Lewis Jr.,placed on ir with hamstring injury
2021-08-24,Bills,,• D'haquille Williams / Duke Williams (b),placed on ir with hamstring injury
2021-08-24,Broncos,,• Adrian Killins Jr.,placed on ir with ankle injury
2021-08-24,Browns,,• Alex Taylor / Armani Taylor-Prioleau,placed on ir with ankle injury
2021-08-24,Buccaneers,,• Troymaine Pope,placed on ir with undisclosed injury
2021-08-24,Cardinals,,• Jack Crawford,placed on ir with undisclosed injury
2021-08-24,Colts,,• Skai Moore,placed on ir with undisclosed injury
2021-08-24,Dolphins,,• Lynn Bowden Jr.,placed on ir with hamstring injury
2021-08-24,Falcons,,• A.J. McCarron,placed on ir with torn acl in right knee
2021-08-24,Giants,,• Quincy Wilson (b. 1996-08-16),placed on ir with ankle injury
2021-08-24,Giants,,• Rysen John,placed on ir with ankle injury
2021-08-24,Jaguars,,• Travis Etienne,placed on ir with lisfranc injury in left foot
2021-08-24,Jets,,• Corey Ballentine,placed on ir with knee injury
2021-08-24,Packers,,• Will Redmond,placed on ir with toe injury
2021-08-24,Patriots,,• Marcus Martin (b. 1993-11-29),placed on ir with undisclosed injury
2021-08-24,Raiders,,• Darron Lee,placed on ir with undisclosed injury
2021-08-24,Rams,,• Raymond Calais,placed on ir with foot injury
2021-08-24,Saints,,• Brian Poole,placed on ir with undisclosed injury
2021-08-24,Saints,,• Ethan Greenidge,placed on ir with arm injury
2021-08-24,Saints,,• Jalen Dalton,placed on ir with torn triceps
2021-08-24,Titans,,• Paul Adams (b. 1996-05-17),placed on ir with wrist injury
2021-08-24,Titans,,• Ross Reynolds,placed on ir with undisclosed injury
2021-08-24,Titans,,• Tucker McCann,placed on ir with undisclosed injury
2021-08-24,Vikings,,• Jordon Scott,placed on ir with undisclosed injury
2021-08-25,Buccaneers,,• Chidi Okeke,placed on ir with undisclosed injury
2021-08-25,Cardinals,,• Jamell Garcia-Williams,placed on ir with undisclosed injury
2021-08-25,Chargers,,• Chris Okoye,placed on ir with undisclosed injury
2021-08-25,Chargers,,• Damon Lloyd,placed on ir with undisclosed injury
2021-08-25,Colts,,• Noah Togiai,placed on ir with undisclosed injury
2021-08-25,Cowboys,,• Rico Dowdle,placed on ir with hip injury
2021-08-25,Dolphins,,• Robert Foster,placed on ir with undisclosed injury
2021-08-25,Eagles,,• Joe Ostman,placed on ir with undisclosed injury
2021-08-25,Giants,,• Cole Hikutini,placed on ir with hip injury
2021-08-25,Giants,,• Montre Hartage,placed on ir with undisclosed injury
2021-08-25,Packers,,• Devin Funchess,placed on ir with hamstring injury
2021-08-25,Raiders,,• Darius Stills,placed on ir with undisclosed injury
2021-08-25,Saints,,• Marcus Willoughby,placed on ir with undisclosed injury
2021-08-25,Steelers,,• Antoine Brooks Jr.,placed on ir with undisclosed injury
2021-08-25,Texans,,• Taywan Taylor,placed on ir with undisclosed injury
2021-08-25,Washington,,• Rick Leonard,placed on ir with undisclosed injury
2021-08-26,Titans,,• Kyle Peko,placed on ir with undisclosed injury
2021-08-27,Bills,,• Treyvon Hester,placed on ir with back injury
2021-08-27,Saints,,• Bryce Thompson,placed on ir with undisclosed injury
2021-08-28,Dolphins,,• Vince Biegel,placed on ir with achilles injury
2021-08-29,Titans,,• Brian Hill (b. 1995-11-09),placed on ir with undisclosed injury
2021-08-30,Cardinals,,• Darqueze Dennard,placed on ir with undisclosed injury
2021-08-30,Colts,,• Sam Tevi,placed on ir with torn acl in knee
2021-08-30,Ravens,,• J.K. Dobbins,placed on ir with torn acl in left knee
2021-08-31,49ers,,• Shon Coleman,placed on ir with triceps injury
2021-08-31,Bengals,,• Joseph Ossai,placed on ir with knee injury
2021-08-31,Browns,,• Drew Forbes,placed on ir with knee injury
2021-08-31,Browns,,• Greg Senat,placed on ir with knee injury
2021-08-31,Dolphins,,• Larnel Coleman,placed on ir with knee injury
2021-08-31,Eagles,,• Blake Countess,placed on ir with undisclosed injury
2021-08-31,Giants,,• Ted Larsen,placed on ir with knee injury
2021-08-31,Jaguars,,• Josh Jones (b. 1994-09-20),placed on ir with undisclosed injury
2021-08-31,Panthers,,• Thomas Fletcher,placed on ir with hip injury
2021-08-31,Patriots,,• Anfernee Jennings,placed on ir with undisclosed injury
2021-08-31,Steelers,,• Joshua Dobbs / Josh Dobbs,placed on ir with toe injury
2021-09-01,49ers,,• Richie James,placed on ir with knee injury
2021-09-01,Bears,,• LaCale London,placed on ir with elbow injury
2021-09-01,Bears,,• Tre Roberson,placed on ir with concussion
2021-09-01,Browns,,• Jacob Phillips,placed on ir with biceps injury
2021-09-01,Buccaneers,,• Brad Seaton,placed on ir with undisclosed injury
2021-09-01,Cardinals,,• Marcus Henry (b. 1993-02-11),placed on ir with undisclosed injury
2021-09-01,Chargers,,• Cole Mazza,placed on ir with shoulder injury
2021-09-01,Chargers,,• Tyree St. Louis,placed on ir with undisclosed injury
2021-09-01,Colts,,• Andrew Vollert,placed on ir with ankle injury
2021-09-01,Colts,,• Jordan Thomas (Malik),placed on ir with undisclosed injury
2021-09-01,Falcons,,• Dom Maggio,placed on ir with undisclosed injury
2021-09-01,Giants,,• Alex Bachman,placed on ir with undisclosed injury
2021-09-01,Giants,,• Austin Mack,placed on ir with hamstring injury
2021-09-01,Lions,,• Dan Skipper,placed on ir with leg injury
2021-09-01,Lions,,• Tyrell Crosby,placed on ir with undisclosed injury
2021-09-01,Panthers,,• Darius Clark,placed on ir with knee injury
2021-09-01,Patriots,,• Nick Thurman,placed on ir with undisclosed injury
2021-09-01,Raiders,,• Alex Ellis,placed on ir with undisclosed injury
2021-09-01,Raiders,,• Asmar Bilal,placed on ir with undisclosed injury
2021-09-01,Rams,,• Xavier Jones,placed on ir with ankle injury
2021-09-01,Ravens,,• Aaron Crawford,placed on ir with undisclosed injury
2021-09-01,Ravens,,• Deon Cain,placed on ir with head injury
2021-09-01,Ravens,,• Mario Ojemudia,placed on ir with undisclosed injury
2021-09-01,Ravens,,• Otaro Alaka,placed on ir with undisclosed injury
2021-09-01,Texans,,• Cornell Armstrong,placed on ir with undisclosed injury
2021-09-01,Texans,,• Tae Davis (Marquez),placed on ir with undisclosed injury
2021-09-01,Titans,,• Chandon Herring,placed on ir with undisclosed injury
2021-09-01,Vikings,,• Chad Beebe,placed on ir with foot injury
2021-09-01,Vikings,,• Dru Samia,placed on ir with hamstring injury
2021-09-01,Vikings,,• Luther Kirk,placed on ir with undisclosed injury
2021-09-01,Vikings,,• Nate Stanley,placed on ir with undisclosed injury
2021-09-01,Washington,,• Jimmy Moreland,placed on ir with undisclosed injury
2021-09-01,Panthers,,• Reggie Bonnafon,placed on ir with undisclosed injury
2021-09-02,49ers,,• Davontae Harris,placed on ir with hamstring injury
2021-09-02,49ers,,• Maurice Hurst Jr.  / Maurice Hurst II (Roy),placed on ir with ankle injury
2021-09-02,Bears,,• Danny Trevathan,placed on ir with knee injury
2021-09-02,Bears,,• Teven Jenkins,placed on ir with surgery on back
2021-09-02,Bengals,,• Khalid Kareem,placed on ir with shoulder injury
2021-09-02,Bills,,• Marquez Stevenson,placed on ir with foot injury
2021-09-02,Broncos,,• Michael Ojemudia,placed on ir with hamstring injury
2021-09-02,Broncos,,• Mike Boone,placed on ir with quadriceps injury
2021-09-02,Buccaneers,,• John Molchon,placed on ir with leg injury
2021-09-02,Cardinals,,• Jordan Phillips,placed on ir with undisclosed injury
2021-09-02,Chiefs,,• Willie Gay Jr.,placed on ir with toe injury
2021-09-02,Colts,,• Dezmon Patmon,placed on ir with foot injury
2021-09-02,Colts,,• Sam Ehlinger,placed on ir with sprained knee
2021-09-02,Colts,,• T.Y. Hilton,placed on ir with surgery on neck
2021-09-02,Cowboys,,• Francis Bernard,placed on ir with hamstring injury
2021-09-02,Cowboys,,• Josh Ball,placed on ir with ankle injury
2021-09-02,Cowboys,,• Kelvin Joseph,placed on ir with groin injury
2021-09-02,Cowboys,,• Malik Turner,placed on ir with foot injury
2021-09-02,Cowboys,,• Neville Gallimore,placed on ir with dislocated elbow
2021-09-02,Cowboys,,• Sean McKeon,placed on ir with ankle injury
2021-09-02,Eagles,,• Jack Driscoll,placed on ir with strained pectoral muscle
2021-09-02,Eagles,,• Josiah Scott,placed on ir with hamstring injury
2021-09-02,Eagles,,• Tyree Jackson,placed on ir with back injury
2021-09-02,Falcons,,• Josh Andrews,placed on ir with fractured hand
2021-09-02,Giants,,• Elerson Smith,placed on ir with hamstring injury
2021-09-02,Giants,,• John Ross III,placed on ir with hamstring injury
2021-09-02,Jaguars,,• Tavon Austin,placed on ir with quadriceps injury
2021-09-02,Jets,,• Ashtyn Davis,placed on ir with undisclosed injury
2021-09-02,Jets,,• Conor McDermott,placed on ir with knee injury
2021-09-02,Jets,,• Jarrad Davis,placed on ir with ankle injury
2021-09-02,Lions,,• Da'Shawn Hand,placed on ir with groin injury
2021-09-02,Lions,,• Tim Boyle,placed on ir recovering from surgery on thumb to repair fracture
2021-09-02,Patriots,,• N'Keal Harry,placed on ir with shoulder injury
2021-09-02,Raiders,,• Jalen Richard,placed on ir with foot/leg injury
2021-09-02,Raiders,,• Javin White,placed on ir with knee injury
2021-09-02,Raiders,,• Keisean Nixon,placed on ir with leg injury
2021-09-02,Raiders,,• Nicholas Morrow,placed on ir with foot injury
2021-09-02,Rams,,• Ogbonnia Okoronkwo / Obo Okoronkwo,placed on ir with stinger in shoulder
2021-09-02,Rams,,• Tremayne Anchrum,placed on ir with ankle/knee injury
2021-09-02,Ravens,,• Miles Boykin,placed on ir with hamstring injury
2021-09-02,Ravens,,• Rashod Bateman,placed on ir with surgery on groin
2021-09-02,Seahawks,,• Cedric Ogbuehi,placed on ir with strained biceps
2021-09-02,Steelers,,• Anthony McFarland Jr.,placed on ir with undisclosed injury
2021-09-02,Steelers,,• Stephon Tuitt,placed on ir with undisclosed injury
2021-09-02,Steelers,,• Zach Banner,placed on ir with knee injury
2021-09-02,Texans,,• A.J. Moore Jr.,placed on ir with hamstring injury
2021-09-02,Titans,,• Daniel Munyer,placed on ir with ankle injury
2021-09-02,Titans,,• Darrynton Evans,placed on ir with knee injury
2021-09-02,Titans,,• Marcus Johnson (b. 1994-08-05),placed on ir with undisclosed injury
2021-09-02,Vikings,,• Dan Chisena,placed on ir with undisclosed injury
2021-09-02,Vikings,,• Irv Smith Jr.,placed on ir with torn meniscus in knee
2021-09-02,Vikings,,• Kene Nwangwu,placed on ir with knee injury
2021-09-02,Washington,,• Darrick Forrest,placed on ir with hamstring injury
2021-09-03,Buccaneers,,• Cam Gill,placed on ir with undisclosed injury
2021-09-03,Titans,,• Brady Breeze,placed on ir with ankle injury
2021-09-05,Buccaneers,,• Earl Watford,placed on ir with undisclosed injury
2021-09-06,Saints,,• Nick Vannett,placed on ir with right leg injury
2021-09-06,Saints,,• Wil Lutz,placed on ir with core muscle injury
2021-09-06,Saints,,• Will Clapp,placed on ir with undisclosed injury
2021-09-07,Chargers,,• Ryan Smith (b. 1993-09-07),placed on ir with core muscle injury / placed on reserve/covid-19 list
2021-09-07,Seahawks,,• Colby Parkinson,placed on ir with foot injury
2021-09-07,Seahawks,,• Nigel Warrior,placed on ir with leg injury
2021-09-07,Seahawks,,• Tre Brown,placed on ir with sprained knee
2021-09-08,Falcons,,• Kendall Sheffield,placed on ir with undisclosed injury
2021-09-08,Texans,,• Ka'imi Fairbairn,placed on ir with leg injury
2021-09-09,Ravens,,• Justice Hill,placed on ir with achilles injury
2021-09-10,Ravens,,• Gus Edwards,placed on ir with torn acl in knee
2021-09-10,Ravens,,• Marcus Peters (b. 1993-01-09),placed on ir with torn acl in knee
2021-09-10,Ravens,,• Nick Boyle,placed on ir with knee injury
2021-09-10,Saints,,• Ken Crawley,placed on ir with hamstring injury
2021-09-10,Saints,,• Tre'Quan Smith,placed on ir with hamstring injury
2021-09-10,Washington,,• Curtis Samuel,placed on ir with groin injury
2021-09-11,49ers,,• Jalen Hurd,placed on ir with knee injury
2021-09-11,Cardinals,,• Dennis Gardeck,placed on ir with knee/hand injury
2021-09-11,Jets,,• Sharrod Neasman,placed on ir with hamstring injury
2021-09-11,Lions,,• Taylor Decker,placed on ir with surgery on finger
2021-09-11,Patriots,,• Malcolm Perry,placed on ir with foot injury
2021-09-11,Titans,,• Sam Ficken,placed on ir with right groin injury
2021-09-13,Buccaneers,,• Sean Murphy-Bunting / Sean Bunting,placed on ir with dislocated right elbow
2021-09-13,Buccaneers,,• Zach Triner,placed on ir with torn tendon in left hand/finger
2021-09-13,Cowboys,,• Michael Gallup,placed on ir with strained left calf
2021-09-13,Lions,,• Jeff Okudah,placed on ir with torn achilles tendon
2021-09-13,Panthers,,• Myles Hartsfield,placed on ir with surgery on wrist
2021-09-14,49ers,,• Jason Verrett,placed on ir with torn acl in knee
2021-09-14,49ers,,• Raheem Mostert,placed on ir with chipped cartilage in knee
2021-09-14,Broncos,,• Jerry Jeudy,placed on ir with high ankle sprain
2021-09-14,Broncos,,• Ronald Darby,placed on ir with hamstring injury
2021-09-14,Dolphins,,• Raekwon Davis,placed on ir with left knee injury
2021-09-14,Ravens,,• Tyre Phillips,placed on ir with left knee injury
2021-09-14,Washington,,• Ryan Fitzpatrick,placed on ir with hip subluxation
2021-09-15,Bengals,,• Ricardo Allen,"placed on ir with fractured hand, hamstring injury"
2021-09-15,Jets,,• Blake Cashman,placed on ir with hamstring injury
2021-09-15,Jets,,• Braden Mann,placed on ir with knee injury
2021-09-15,Jets,,• Lamarcus Joyner,placed on ir with torn triceps
2021-09-15,Jets,,• Mekhi Becton,placed on ir with dislocated kneecap
2021-09-15,Raiders,,• Denzelle Good,placed on ir with torn acl in knee
2021-09-15,Raiders,,• Gerald McCoy,placed on ir with right knee injury
2021-09-15,Seahawks,,• Ethan Pocic,placed on ir with sprained knee
2021-09-15,Texans,,• Vincent Taylor,placed on ir with surgery on ankle
2021-09-15,Titans,,• Amani Hooker,placed on ir with foot injury
2021-09-16,Cowboys,,• Demarcus Lawrence,placed on ir with fractured foot
2021-09-16,Giants,,• Shane Lemieux,placed on ir with knee injury
2021-09-16,Texans,,• Kevin Pierre-Louis,placed on ir with hamstring/thigh injury
2021-09-17,Browns,,• Anthony Walker Jr.,placed on ir with hamstring injury
2021-09-17,Chargers,,• Bryan Bulaga,placed on ir with back injury
2021-09-17,Packers,,• Za'Darius Smith,placed on ir with back injury
2021-09-17,Ravens,,• Chris Westry,placed on ir with knee injury
2021-09-17,Saints,,• Kwon Alexander,placed on ir with elbow injury
2021-09-17,Saints,,• Marcus Davenport,placed on ir with shoulder injury
2021-09-18,49ers,,• Dre Greenlaw,placed on ir with groin injury
2021-09-18,Bears,,• Larry Borom,placed on ir with ankle injury
2021-09-18,Patriots,,• Quinn Nordin,placed on ir with abdominal injury
2021-09-18,Raiders,,• Marcus Mariota,placed on ir with quadriceps injury
2021-09-18,Saints,,• Chase Hansen,placed on ir with groin injury
2021-09-20,Steelers,,• Tyson Alualu,placed on ir with fractured ankle
2021-09-21,Broncos,,• Josey Jewell,placed on ir with torn pectoral muscle
2021-09-21,Browns,,• Jarvis Landry,placed on ir with knee injury
2021-09-21,Eagles,,• Brandon Brooks,placed on ir with strained pectoral
2021-09-21,Eagles,,• Brandon Graham,placed on ir with ruptured achilles tendon
2021-09-21,Giants,,• Nick Gates,placed on ir with fractured tibia in leg
2021-09-21,Panthers,,• Pat Elflein,placed on ir with hamstring injury
2021-09-21,Texans,,• Nico Collins,placed on ir with shoulder injury
2021-09-21,Texans,,• Tyrod Taylor,placed on ir with hamstring injury
2021-09-22,Broncos,,• Bradley Chubb,placed on ir with surgery on left ankle
2021-09-22,Jaguars,,• James O'Shaughnessy,placed on ir with high ankle sprain
2021-09-22,Lions,,• Ifeatu Melifonwu,placed on ir with thigh injury
2021-09-23,Lions,,• Tyrell Williams,placed on ir with concussion
2021-09-24,Colts,,• Jordan Glasgow,placed on ir with concussion
2021-09-25,49ers,,• JaMycal Hasty,placed on ir with high ankle sprain
2021-09-25,49ers,,• Kevin Givens,placed on ir with ankle injury
2021-09-25,Cardinals,,• Joshua Miles / Josh Miles,placed on ir with ankle injury
2021-09-25,Dolphins,,• Tua Tagovailoa,placed on ir with fractured ribs
2021-09-25,Giants,,• Cameron Brown / Cam Brown (a),placed on ir with hamstring injury
2021-09-25,Lions,,• Kevin Strong,"placed on ir with concussion, thigh injury"
2021-09-25,Packers,,• Dominique Dafney,placed on ir with hip injury
2021-09-25,Raiders,,• Richie Incognito,placed on ir with calf injury
2021-09-27,Panthers,,• Jaycee Horn,placed on ir with fractured right foot
2021-09-27,Ravens,,• Daelin Hayes,placed on ir with ankle injury
2021-09-28,Broncos,,• Jonas Griffith,placed on ir with hamstring injury
2021-09-28,Broncos,,• K.J. Hamler,placed on ir with torn acl in left knee
2021-09-28,Eagles,,• Isaac Seumalo,placed on ir with lisfranc injury in foot
2021-09-28,Eagles,,• K'Von Wallace,placed on ir with partially separated shoulder
2021-09-28,Panthers,,• Juston Burris,placed on ir with groin injury
2021-09-28,Rams,,• Justin Hollins,placed on ir with partially torn pectoral muscle
2021-09-28,Titans,,• Derick Roberson,placed on ir with knee injury
2021-09-28,Titans,,• Rashad Weaver,placed on ir with fractured fibula in right leg
2021-09-29,Buccaneers,,• Scotty Miller,placed on ir with turf toe
2021-09-29,Cardinals,,• Charles Washington (b. 1993-03-10),placed on ir with hamstring injury
2021-09-29,Colts,,• Travis Carrie / T.J. Carrie,placed on ir with undisclosed injury
2021-09-29,Giants,,• Blake Martinez,placed on ir with torn acl in left knee
2021-10-01,Patriots,,• James White (Calvin),placed on ir with hip injury
2021-10-01,Titans,,• Larrell Murchison,placed on ir with elbow injury
2021-10-02,Colts,,• Quenton Nelson,"placed on ir with ankle, knee injuries"
2021-10-02,Dolphins,,• Michael Deiter,"placed on ir with foot, quadriceps injuries"
2021-10-02,Packers,,• Marquez Valdes-Scantling,placed on ir with hamstring injury
2021-10-02,Ravens,,• Derek Wolfe,"placed on ir with back, hip injuries"
2021-10-02,Seahawks,,• Rashaad Penny,placed on ir with calf injury
2021-10-04,Chargers,,• Justin Jones (Maurice),placed on ir with calf injury
2021-10-04,Chargers,,• Kenneth Murray Jr.,placed on ir with ankle injury
2021-10-04,Jaguars,,• A.J. Cann,placed on ir with knee injury
2021-10-04,Jaguars,,• D.J. Chark,placed on ir with fractured left ankle
2021-10-05,Browns,,• Nick Harris (b),placed on ir with hamstring injury
2021-10-05,Chiefs,,• Joshua Kaindoh,placed on ir with left ankle injury
2021-10-05,Chiefs,,• Willie Gay Jr.,placed on ir
2021-10-05,Falcons,,• Cameron Nizialek,placed on ir with hamstring injury
2021-10-05,Falcons,• Isaiah Oliver,nan,placed on ir with knee injury
2021-10-05,Jets,,• Hamsah Nasirildeen,placed on ir with undisclosed injury
2021-10-05,Lions,,• Romeo Okwara,placed on ir with torn left achilles tendon
2021-10-05,Redskins,,• Jonathan Bostic / Jon Bostic (b),placed on ir with pectoral injury
2021-10-05,Washington,,• Torry McTyer,placed on ir with torn acl in knee
2021-10-06,49ers,,• Robbie Gould,placed on ir with groin injury
2021-10-06,Dolphins,,• Will Fuller V,placed on ir with fractured finger
2021-10-06,Lions,,• Frank Ragnow,placed on ir with toe injury
2021-10-06,Patriots,,• Henry Anderson (Wyatt),placed on ir with torn pectoral muscle
2021-10-06,Saints,,• Tony Jones Jr.,placed on ir with sprained right ankle
2021-10-06,Washington,,• Logan Thomas,placed on ir with hamstring injury
2021-10-07,Buccaneers,,• Carlton Davis,placed on ir with quadriceps injury
2021-10-07,Packers,,• Chauncey Rivers,placed on ir with torn acl in knee
2021-10-07,Seahawks,,• D'Wayne Eskridge / Dee Eskridge,placed on ir with concussion
2021-10-08,Cardinals,,• Justin Murray,placed on ir with back injury
2021-10-08,Titans,,• Aaron Brewer (Jamal),placed on ir with knee injury
2021-10-08,Titans,,• Jayon Brown,placed on ir with knee injury
2021-10-08,Titans,,• Racey McMath,placed on ir with quadriceps injury
2021-10-08,Titans,,• Tommy Hudson,placed on ir with ankle injury
2021-10-09,49ers,,• George Kittle,placed on ir with calf injury
2021-10-09,Bears,,• David Montgomery,placed on ir with sprained left knee
2021-10-09,Bengals,,• Xavier Su'a-Filo,placed on ir with knee injury
2021-10-09,Broncos,,• Albert Okwuegbunam,placed on ir with hamstring injury
2021-10-09,Packers,,• Jaire Alexander,placed on ir with shoulder injury
2021-10-09,Patriots,,• Trent Brown,placed on ir with right calf injury
2021-10-09,Raiders,,• Damon Arnette,placed on ir with groin injury
2021-10-09,Raiders,,• Derek Carrier,placed on ir with pectoral injury
2021-10-09,Raiders,,• Trayvon Mullen,placed on ir with toe injury
2021-10-09,Texans,,• Marcus Cannon,placed on ir with back injury
2021-10-11,Bengals,,• Jordan Evans,placed on ir with torn acl in left knee
2021-10-12,Bengals,,• Trae Waynes,placed on ir with right hamstring injury
2021-10-12,Browns,,• Andy Janovich,placed on ir with hamstring injury
2021-10-12,Browns,,• Chris Hubbard,placed on ir with triceps injury
2021-10-12,Browns,,• M.J. Stewart,placed on ir with hamstring injury
2021-10-12,Chargers,,• Oday Aboushi,placed on ir with torn acl in left knee
2021-10-12,Chiefs,,• Clyde Edwards-Helaire,placed on ir with sprained mcl in right knee
2021-10-12,Jaguars,,• Brandon Linder,"placed on ir with sprained mcl in knee, ankle injury"
2021-10-12,Lions,,• Quintez Cephus,placed on ir with fractured collarbone
2021-10-12,Rams,,• Darious Williams,placed on ir with ankle injury
2021-10-12,Ravens,,• Ben Cleveland,placed on ir with knee injury
2021-10-12,Panthers,,• Austen Pleasants,placed on ir
2021-10-13,Bears,,• Germain Ifedi,placed on ir with knee injury
2021-10-13,Bears,,• Jeremiah Attaochu,placed on ir with torn pectoral muscle
2021-10-13,Cardinals,,• Ezekiel Turner / Zeke Turner,placed on ir with shoulder injury
2021-10-13,Cardinals,,• Maxx Williams,placed on ir with right knee injury
2021-10-13,Washington,,• Darryl Roberts,placed on ir with quadriceps injury
2021-10-14,Giants,,• Rodarius Williams,placed on ir with torn acl in right knee
2021-10-14,Panthers,,• Joseph Charlton,placed on ir with back injury
2021-10-15,Giants,,• Justin Hilliard,placed on ir with ankle injury
2021-10-15,Lions,,• Corey Ballentine,placed on ir with hamstring injury
2021-10-15,Washington,,• Jared Norris,placed on ir with shoulder injury
2021-10-16,Bengals,,• D'Ante Smith,placed on ir with torn meniscus in right knee
2021-10-16,Broncos,,• Mike Ford Jr.,placed on ir with knee injury
2021-10-16,Cardinals,,• Rodney Hudson,"placed on ir with ribs, shoulder injuries"
2021-10-16,Colts,,• Rodrigo Blankenship,placed on ir with right hip injury
2021-10-16,Panthers,,• Christian McCaffrey,placed on ir with hamstring injury
2021-10-16,Panthers,,• Deonte Brown,placed on ir with knee injury
2021-10-16,Seahawks,,• Chris Carson,placed on ir with neck injury
2021-10-16,Seahawks,,• Russell Wilson,placed on ir surgery on right middle finger
2021-10-16,Steelers,,• JuJu Smith-Schuster,placed on ir with surgery on shoulder
2021-10-16,Texans,,• Laremy Tunsil,placed on ir with thumb injury
2021-10-18,Titans,,• Kristian Fulton,placed on ir with hamstring injury
2021-10-18,Vikings,,• Patrick Peterson,placed on ir with right hamstring injury
2021-10-19,Bears,,• Deon Bush,placed on ir with quadriceps injury
2021-10-19,Broncos,,• Alexander Johnson / A.J. Johnson,placed on ir with torn pectoral muscle
2021-10-19,Broncos,,• Andre Mintze,placed on ir with hamstring injury
2021-10-19,Browns,,• Jeremiah Owusu-Koramoah,placed on ir with ankle injury
2021-10-19,Browns,,• Kareem Hunt,placed on ir with calf injury
2021-10-19,Colts,,• Parris Campbell,placed on ir with foot injury
2021-10-19,Giants,,• Andrew Thomas,placed on ir with left ankle / foot injury
2021-10-19,Giants,,• C.J. Board,placed on ir with fractured left arm
2021-10-19,Panthers,,• Brandon Zylstra,placed on ir with hamstring injury
2021-10-19,Patriots,,• Chase Winovich,placed on ir with hamstring injury
2021-10-19,Rams,,• Jake Funk,placed on ir with torn hamstring
2021-10-19,Rams,,• Johnny Mundt,placed on ir with torn acl in knee
2021-10-19,Ravens,,• Ronnie Stanley,placed on ir with ankle injury
2021-10-19,Titans,,• Caleb Farley,placed on ir with torn acl in left knee
2021-10-19,Titans,,• Cameron Batson,placed on ir with torn acl in right knee
2021-10-20,Raiders,,• Roderic Teamer,placed on ir with shoulder injury
2021-10-21,Texans,,• Terrence Brooks,placed on ir with lung contusion
2021-10-22,Cardinals,,• Kylie Fitts,placed on ir with concussion
2021-10-22,Falcons,,• Dante Fowler Jr.,placed on ir with knee injury
2021-10-23,Broncos,,• Micah Kiser,placed on ir with groin injury
2021-10-23,Chiefs,,• Jody Fortson Jr. / Joe Fortson,placed on ir with achilles injury
2021-10-23,Colts,,• Julian Blackmon,placed on ir with torn achilles tendon
2021-10-23,Packers,,• Josh Myers,placed on ir with knee injury
2021-10-23,Patriots,,• Jonathan Jones,placed on ir with shoulder injury
2021-10-23,Raiders,,• Nick Bowers,placed on ir with neck injury
2021-10-25,Lions,,• Logan Stenberg,placed on ir with undisclosed
2021-10-26,Cowboys,,• Brent Urban,placed on ir with triceps injury
2021-10-26,Cowboys,,• Maurice Canady,placed on ir with concussion
2021-10-26,Dolphins,,• Jason McCourty,placed on ir with foot injury
2021-10-26,Dolphins,,• Malcolm Brown,placed on ir with quadriceps injury
2021-10-26,Giants,,• Jabrill Peppers,placed on ir with torn acl in right knee
2021-10-26,Jets,,• Blake Cashman,placed on ir with groin / hamstring injury
2021-10-26,Jets,,• Jamien Sherwood,placed on ir with torn achilles tendon
2021-10-26,Panthers,,• John Miller (b. 1993-08-12),placed on ir with ankle injury
2021-10-26,Patriots,,• Harvey Langi,placed on ir with sprained mcl in knee
2021-10-27,Steelers,,• Carlos Davis (b. 1996-08-22),placed on ir with knee injury
2021-10-27,Panthers,,• Devin Smith (b. 1992-03-03),placed on ir
2021-10-28,Panthers,,• Daviyon Nixon,placed on ir with knee injury
2021-10-28,Vikings,,• Ben Ellefson,"placed on ir with foot, knee injuries"
2021-10-29,Jaguars,,• Jay Tufele,placed on ir with fractured hand
2021-10-29,Titans,,• Darrynton Evans,placed on ir with knee injury
2021-10-30,49ers,,• Jaquiski Tartt,placed on ir with knee injury
2021-10-30,49ers,,• Javon Kinlaw,placed on ir with knee injury
2021-10-30,Eagles,,• Miles Sanders,"placed on ir with ankle, foot injuries"
2021-10-30,Panthers,,• Darryl Johnson Jr.,placed on ir with hamstring injury
2021-10-30,Saints,,• Andrus Peat,placed on ir with torn pectoral muscle
2021-10-30,Texans,,• Justin Britt (b. 1991-05-29),placed on ir with knee injury
2021-11-01,Colts,,• Tyquan Lewis,placed on ir with torn patellar tendon in knee
2021-11-01,Giants,,• Carter Coughlin,placed on ir with ankle injury
2021-11-01,Packers,,• Kylin Hill,placed on ir with torn acl in right knee
2021-11-01,Packers,,• Robert Tonyan,placed on ir with torn acl in left knee
2021-11-01,Titans,,• Derrick Henry,placed on ir with right foot injury
2021-11-02,Cowboys,,• Jabril Cox,placed on ir with torn acl in right knee
2021-11-02,Rams,,• Chatarius Atwell / Tutu Atwell (b),placed on ir with surgery on shoulder
2021-11-02,Rams,,• Travin Howard,placed on ir with hamstring injury
2021-11-02,Vikings,,• Danielle Hunter,placed on ir with torn pectoral muscle
2021-11-02,Washington,,• Chase Roullier,placed on ir with fractured fibula in left leg
2021-11-03,Broncos,,• Bryce Callahan,placed on ir with knee injury
2021-11-04,Colts,,• Khari Willis,placed on ir with calf injury
2021-11-04,Jets,,• Bryce Huff,placed on ir with back injury
2021-11-05,Dolphins,,• DeVante Parker,placed on ir with hamstring injury
2021-11-05,Giants,,• Dante Pettis,placed on ir with left shoulder injury
2021-11-05,Rams,,• Sebastian Joseph / Sebastian Joseph-Day,placed on ir with torn pectoral muscle
2021-11-06,49ers,,• Dee Ford,placed on ir with back injury
2021-11-06,Bills,,• Jon Feliciano,placed on ir with calf injury
2021-11-06,Browns,,• Jack Conklin,placed on ir with elbow injury
2021-11-06,Cardinals,,• J.J. Watt,placed on ir with shoulder injury
2021-11-06,Cardinals,,• Rashard Lawrence,placed on ir with calf injury
2021-11-06,Cowboys,,• Blake Jarwin,placed on ir with hip injury
2021-11-06,Saints,,• Jameis Winston,"placed on ir with torn acl, mcl in left knee"
2021-11-06,Texans,,• Christian Kirksey,placed on ir with thumb injury
2021-11-06,Titans,,• Khari Blasingame,placed on ir with knee injury
2021-11-08,Panthers,,• Cameron Erving,placed on ir with calf injury
2021-11-08,Panthers,,• Matt Paradis,placed on ir with torn acl in left knee
2021-11-08,Ravens,,• DeShon Elliott,"placed on ir with torn pectoral, triceps muscles"
2021-11-09,Bengals,,• Akeem Davis-Gaither,placed on ir with left foot injury
2021-11-09,Bengals,,• Brandon Wilson,placed on ir with torn acl in left knee
2021-11-09,Broncos,,• Graham Glasgow,placed on ir with fractured left ankle
2021-11-09,Jets,,• Marcus Maye,placed on ir with torn right achilles tendon
2021-11-09,Jets,,• Tyler Kroft,placed on ir with chest injury / lung laceration
2021-11-09,Rams,,• Jacob Harris,"placed on ir with torn acl, mcl in knee"
2021-11-09,Texans,,• Scottie Phillips,placed on ir with leg injury
2021-11-10,49ers,,• Mike McGlinchey,placed on ir with torn quadriceps
2021-11-10,Dolphins,,• Greg Mancz,placed on ir with ankle injury
2021-11-10,Raiders,,• Darius Philon,placed on ir with ankle injury
2021-11-11,Bills,,• Justin Zimmer,placed on ir with surgery on knee
2021-11-11,Cardinals,,• David Wells,placed on ir with hand injury
2021-11-11,Cowboys,,• Randy Gregory,placed on ir with calf injury
2021-11-11,Saints,,• Payton Turner,placed on ir with shoulder injury
2021-11-11,Titans,,• Aaron Brewer (Jamal),placed on ir with fractured forearm
2021-11-12,Buccaneers,,• Rashard Robinson,placed on ir with hamstring injury
2021-11-12,Panthers,,• Sam Darnold,placed on ir with right shoulder injury
2021-11-12,Seahawks,,• Marquise Blair,placed on ir with knee injury
2021-11-13,Cardinals,,• Chase Edmonds,placed on ir with high ankle sprain
2021-11-13,Chargers,,• Ryan Smith (b. 1993-09-07),placed on ir with knee injury
2021-11-13,Chiefs,,• Mike Remmers,placed on ir with knee injury
2021-11-13,Falcons,,• Steven Means,placed on ir with knee injury
2021-11-13,Jets,,• Chuma Edoga,placed on ir with knee injury
2021-11-13,Lions,,• Austin Seibert,placed on ir with right hip injury
2021-11-13,Patriots,,• Jamie Collins,placed on ir with ankle injury
2021-11-13,Saints,,• Chauncey Gardner-Johnson / C.J. Gardner-Johnson,placed on ir with foot injury
2021-11-13,Titans,,• Dane Cruikshank,placed on ir with knee injury
2021-11-13,Titans,,• Julio Jones,placed on ir with hamstring injury
2021-11-13,Vikings,,• Michael Pierce,placed on ir with elbow injury
2021-11-13,Washington,,• Montez Sweat,placed on ir with fractured jaw
2021-11-15,49ers,,• Mohamed Sanu,placed on ir with knee injury
2021-11-15,49ers,,• Tavon Wilson,placed on ir with foot injury
2021-11-16,Dolphins,,• Greg Little,placed on ir with undisclosed
2021-11-16,Jets,,• Brandin Echols,placed on ir with quadriceps/thigh injury
2021-11-16,Packers,,• Whitney Mercilus,placed on ir with torn biceps
2021-11-16,Washington,,• Chase Young,placed on ir with torn acl in right knee
2021-11-17,Buccaneers,,• Richard Sherman,placed on ir with calf injury
2021-11-17,Patriots,,• Joshua Uche / Josh Uche,placed on ir with ankle injury
2021-11-17,Raiders,,• Tyree Gillespie,placed on ir with hamstring injury
2021-11-18,Falcons,,• Daren Bates,placed on ir with groin injury
2021-11-18,Falcons,,• Hayden Hurst,placed on ir with ankle injury
2021-11-19,Bears,,• Danny Trevathan,placed on ir with knee injury
2021-11-19,Bears,,• Khalil Mack,placed on ir with surgery on left foot
2021-11-20,Cardinals,,• Tanner Vallejo,placed on ir with knee injury
2021-11-20,Eagles,,• Jack Anderson (b),placed on ir with hamstring injury
2021-11-20,Panthers,,• Stantley Thomas-Oliver,placed on ir with toe injury
2021-11-20,Raiders,,• Alec Ingold,placed on ir with knee injury
2021-11-20,Ravens,,• Pernell McPhee,placed on ir with knee injury
2021-11-20,Saints,,• Malcolm Roach,placed on ir with knee injury
2021-11-20,Steelers,,• Kevin Dotson,placed on ir with ankle injury
2021-11-20,Texans,,• Hardy Nickerson Jr. (William Lindsay),placed on ir with concussion
2021-11-20,Titans,,• Bud Dupree,placed on ir with abdominal injury
2021-11-22,Jaguars,,• Jamal Agnew,placed on ir with hip injury
2021-11-23,Bears,,• Duke Shelley,placed on ir with hamstring injury
2021-11-23,Dolphins,,• Brennan Scarlett,placed on ir with knee injury
2021-11-23,Dolphins,,• Jamal Perry,placed on ir with knee injury
2021-11-23,Dolphins,,• Jomal Wiltz,placed on ir
2021-11-23,Lions,,• Da'Shawn Hand,placed on ir with groin injury
2021-11-23,Packers,,• Elgton Jenkins,placed on ir with torn acl in knee
2021-11-23,Saints,,• Adam Trautman,placed on ir with sprained mcl in knee
2021-11-23,Saints,,• Landon Young,placed on ir with foot injury
2021-11-23,Titans,,• Chris Jackson (D'Wayne ),placed on ir with foot injury
2021-11-23,Titans,,• Marcus Johnson (b. 1994-08-05),placed on ir with hamstring injury
2021-11-24,Cowboys,,• Donovan Wilson,placed on ir with chest / shoulder injury
2021-11-24,Eagles,,• Davion Taylor,placed on ir with knee injury
2021-11-24,Lions,,• A.J. Parker,placed on ir with ankle injury
2021-11-24,Rams,,• Robert Woods (Thomas),placed on ir with torn acl in knee
2021-11-25,Giants,,• Nate Ebner,placed on ir with ankle / knee injury
2021-11-26,Chargers,,• Mark Webb,placed on ir with knee injury
2021-11-27,Dolphins,,• Elijah Campbell,"placed on ir with knee, toe injuries"
2021-11-27,Jets,,• Michael Carter (b. 1999-05-07),placed on ir with high ankle sprain
2021-11-27,Ravens,,• Ar'Darius Washington,placed on ir with fractured foot
2021-11-27,Steelers,,• Eric Ebron,placed on ir with knee injury
2021-11-27,Steelers,,• J.C. Hassenauer,placed on ir with pectoral injury
2021-11-27,Texans,,• Jordan Jenkins,placed on ir with knee injury
2021-11-27,Titans,,• A.J. Brown,placed on ir with chest injury
2021-11-29,Seahawks,,• Jamarco Jones,placed on ir with back injury
2021-11-29,Seahawks,,• Tre Brown,placed on ir with knee injury
2021-11-29,Washington,,• Samuel Cosmi / Sam Cosmi,placed on ir with hip injury
2021-11-30,Bills,,• Tre'Davious White,placed on ir with torn acl in left knee
2021-11-30,Browns,,• Jack Conklin,placed on ir with torn patellar tendon in right knee
2021-11-30,Chiefs,,• Jerick McKinnon,placed on ir with hamstring injury
2021-11-30,Chiefs,,• Khalen Saunders,placed on ir with knee injury
2021-11-30,Eagles,,• Jack Driscoll,placed on ir with high ankle sprain
2021-11-30,Giants,,• Darnay Holmes,placed on ir with ribs injury
2021-11-30,Jaguars,,• Dan Arnold,placed on ir with sprained mcl in right knee
2021-11-30,Panthers,,• Christian McCaffrey,placed on ir with ankle injury
2021-11-30,Panthers,,• Donte Jackson,placed on ir with groin injury
2021-11-30,Titans,,• Monty Rice,placed on ir with ankle injury
2021-11-30,Washington,,• Joey Slye,placed on ir with hamstring injury
2021-12-01,Buccaneers,,• Aaron Stinnie,placed on ir with knee injury
2021-12-02,Broncos,,• Calvin Anderson,"placed on ir with ankle, knee injuries"
2021-12-02,Saints,,• Tanoh Kpassagnon,placed on ir with ankle injury
2021-12-02,Washington,,• Benjamin St-Juste,placed on ir with concussion
2021-12-03,Giants,,• Kaden Smith,placed on ir with knee injury
2021-12-03,Giants,,• Trent Harris,placed on ir with ankle injury
2021-12-04,49ers,,• Trey Sermon,placed on ir with ankle injury
2021-12-04,Bengals,,• Auden Tate,placed on ir with right calf injury
2021-12-04,Cardinals,,• James Wiggins,placed on ir with knee injury
2021-12-04,Lions,,• Trey Flowers,placed on ir with knee injury
2021-12-04,Rams,,• Greg Howell / Buddy Howell,placed on ir with thigh injury
2021-12-04,Texans,,• Danny Amendola,placed on ir with knee injury
2021-12-04,Texans,,• DeMarcus Walker,placed on ir with hamstring injury
2021-12-07,Jets,,• Corey Davis (Damon),placed on ir with core muscle injury (surgery)
2021-12-07,Washington,,• Khaleke Hudson,placed on ir with ankle injury
2021-12-08,Dolphins,,• Patrick Laird,placed on ir with sprained mcl in knee
2021-12-08,Raiders,,• Kenyan Drake,placed on ir with surgery on right ankle to repair fracture
2021-12-08,Raiders,,• Nick Kwiatkoski,placed on ir with ankle injury
2021-12-08,Ravens,,• Marlon Humphrey,placed on ir with torn pectoral muscle
2021-12-08,Washington,,• Logan Thomas,placed on ir with knee injury
2021-12-09,Cowboys,,• Noah Brown,placed on ir with groin injury
2021-12-10,Bears,,• Cassius Marsh,placed on ir with knee injury
2021-12-11,49ers,,• Emmanuel Moseley,placed on ir with high ankle sprain
2021-12-11,49ers,,• Trenton Cannon,placed on ir with concussion
2021-12-11,Chargers,,• Kyler Fackrell,placed on ir with knee injury
2021-12-11,Chiefs,,• Chris Lammons,placed on ir with ankle injury
2021-12-11,Jets,,• Elijah Moore,placed on ir with quadriceps injury
2021-12-11,Packers,,• Randall Cobb,placed on ir with core injury
2021-12-11,Rams,,• Robert Rochell,placed on ir with chest injury
2021-12-11,Seahawks,,• Jamal Adams,placed on ir with shoulder injury
2021-12-11,Titans,,• Tommy Hudson,placed on ir with ankle injury
2021-12-11,Washington,,• Wes Schweitzer,placed on ir with ankle injury
2021-12-13,Lions,,• Jerry Jacobs (b. 1997-09-26),placed on ir with torn acl in left knee
2021-12-13,Vikings,,• Ryan Connelly,placed on ir with knee injury
2021-12-14,Bengals,,• Darius Phillips,placed on ir with left shoulder injury
2021-12-14,Buccaneers,,• Giovani Bernard,"placed on ir with hip, knee injuries"
2021-12-15,Seahawks,,• Gavin Heslop,"placed on ir with fractured tibia, fibula in left leg"
2021-12-15,Steelers,,• B.J. Finney,placed on ir with back injury
2021-12-15,Texans,,• Davion Davis,placed on ir with fractured left leg
2021-12-16,Bengals,,• Riley Reiff,placed on ir with left ankle injury
2021-12-16,Patriots,,• Ronnie Perkins,placed on ir with ankle injury
2021-12-17,Lions,,• T.J. Hockenson,placed on ir recovering from surgery on left thumb
2021-12-18,Cardinals,,• DeAndre Hopkins,placed on ir with knee injury
2021-12-18,Cardinals,,• Robert Alford,placed on ir with pectoral injury
2021-12-18,Colts,,• Antwaun Woods,placed on ir with calf injury
2021-12-18,Falcons,,• Erik Harris,placed on ir with chest / pectoral injury
2021-12-18,Saints,,• Garrett Griffin,placed on ir with hamstring / knee injury
2021-12-18,Titans,,• Tory Carter,placed on ir with ankle injury
2021-12-20,Bears,,• Deandre Houston-Carson,placed on ir with fractured forearm
2021-12-20,Giants,,• Daniel Jones,placed on ir with neck injury
2021-12-20,Giants,,• Sterling Shepard,placed on ir with quadriceps injury / torn left achilles
2021-12-20,Lions,,• Alex Anzalone,placed on ir with right shoulder injury
2021-12-20,Raiders,,• Trayvon Mullen,placed on ir with toe injury
2021-12-20,Falcons,,• Emmanuel Ellerbee,placed on ir with knee injury
2021-12-21,Bengals,,• Joe Bachie,placed on ir with torn acl in left knee
2021-12-21,Broncos,,• Andrew Beck,placed on ir with elbow injury
2021-12-21,Browns,,• Takkarist McKinley / Takk McKinley,placed on ir with torn left achilles tendon
2021-12-21,Buccaneers,,• Chris Godwin,placed on ir with torn acl in right knee
2021-12-21,Buccaneers,,• Patrick O'Connor / Pat O'Connor,"placed on ir with torn mcl, pcl in knee"
2021-12-21,Jaguars,,• Carlos Hyde,placed on ir with concussion
2021-12-21,Jaguars,,• Rayshawn Jenkins,placed on ir with fractured ankle
2021-12-21,Jets,,• Ryan Griffin (Francis),placed on ir with knee injury
2021-12-21,Panthers,,• A.J. Bouye,placed on ir with foot injury
2021-12-21,Washington,,• J.D. McKissic,placed on ir with concussion / neck injury
2021-12-22,Panthers,,• Zane Gonzalez,placed on ir with quadriceps injury
2021-12-22,Texans,,• Jeff Driskel,placed on ir with fractured collarbone
2021-12-23,Buccaneers,,• Lavonte David,placed on ir with sprained foot
2021-12-23,Buccaneers,,• Leonard Fournette,placed on ir with hamstring injury
2021-12-24,Packers,,• Malik Taylor,placed on ir with shoulder injury
2021-12-24,Packers,,• Ty Summers,placed on ir with hamstring injury
2021-12-24,Vikings,,• Mason Cole,placed on ir with elbow injury
2021-12-24,Washington,,• Daniel Wise,placed on ir with knee injury
2021-12-24,Washington,,• Landon Collins,placed on ir with foot injury
2021-12-25,Chargers,,• Donald Parham Jr.,placed on ir with concussion
2021-12-25,Lions,,• Amani Oruwariye,placed on ir with thumb injury
2021-12-25,Raiders,,• Johnathan Abram,placed on ir with shoulder injury
2021-12-27,Bills,,• Ike Boettger,placed on ir with torn achilles tendon
2021-12-27,Jaguars,,• James Robinson (b. 1998-08-09),placed on ir with torn left achilles tendon
2021-12-27,Jets,,• Connor McGovern (b. 1993-04-27),placed on ir with knee injury
2021-12-27,Jets,,• Trevon Wesco,placed on ir with knee injury
2021-12-27,Washington,,• Tyler Larsen,placed on ir with achilles injury
2021-12-28,Broncos,,• DeShawn Williams,placed on ir with hyperextended left elbow
2021-12-28,Jaguars,,• Logan Cooke,placed on ir with right knee injury
2021-12-28,Lions,,• Josh Woods,placed on ir with neck injury
2021-12-28,Rams,,• Darrell Henderson,placed on ir with sprained mcl in right knee
2021-12-28,Rams,,• Ernest Jones (IV),placed on ir with left high ankle sprain
2021-12-29,Bears,,• Jalen Tabor / Teez Tabor,placed on ir with ankle injury
2021-12-29,Bears,,• Xavier Crawford,placed on ir with concussion
2021-12-29,Texans,,• Cole Toner,placed on ir with illness
2021-12-29,Texans,,• Phillip Dorsett II,placed on ir with ankle/foot injury
2021-12-29,Vikings,,• Adam Thielen,placed on ir with left ankle injury
2021-12-30,Giants,,• Gary Brightwell,placed on ir with neck injury (out for season)
2021-12-30,Giants,,• Matt Peart,placed on ir with torn acl in left knee
2021-12-30,Jaguars,,• Will Richardson,placed on ir with finger injury
2021-12-30,Patriots,,• Joshuah Bledsoe,placed on ir with calf injury
2021-12-30,Ravens,,• Tyre Phillips,placed on ir with knee injury
2022-01-01,Ravens,,• Daelin Hayes,placed on ir with knee injury
2022-01-01,Seahawks,,• Jon Rhattigan,placed on ir with knee injury
2022-01-03,Texans,,• Grayland Arnold,placed on ir with ankle injury
2022-01-03,Texans,,• Jonathan Owens,placed on ir with fractured wrist
2022-01-03,Titans,,• MyCole Pruitt,placed on ir with surgery on ankle
2022-01-04,Cowboys,,• Michael Gallup,placed on ir with torn acl in left knee
2022-01-04,Jets,,• Bryce Huff,placed on ir with ankle injury
2022-01-04,Jets,,• George Fant,placed on ir with knee injury
2022-01-04,Seahawks,,• Alex Collins,placed on ir with abdominal injury
2022-01-05,Broncos,,• Dalton Risner,placed on ir with elbow injury
2022-01-05,Broncos,,• Kareem Jackson,"placed on ir with back, shoulder injuries"
2022-01-05,Broncos,,• Teddy Bridgewater,placed on ir with concussion
2022-01-05,Browns,,• Baker Mayfield,placed on ir with surgery on left shoulder to repair torn labrum and fracture
2022-01-05,Browns,,• Sione Takitaki,placed on ir with shoulder injury
2022-01-05,Giants,,• Elerson Smith,placed on ir with neck injury
2022-01-05,Panthers,,• Cameron Erving,placed on ir with calf injury
2022-01-05,Panthers,,• Terrace Marshall Jr.,placed on ir with foot injury
2022-01-05,Bears,,• Jesper Horsted,placed on ir with undisclosed injury
2022-01-06,Bears,,• Jakeem Grant,placed on ir with ankle injury
2022-01-06,Ravens,,• Patrick Ricard,placed on ir with knee injury
2022-01-07,Broncos,,• Patrick Surtain II / Pat Surtain II,placed on ir with calf injury
2022-01-07,Broncos,,• Ronald Darby,placed on ir with shoulder injury
2022-01-07,Chiefs,,• Lucas Niang,placed on ir with knee injury
2022-01-07,Jets,,• Braxton Berrios,placed on ir with quadriceps injury
2022-01-07,Steelers,,• Buddy Johnson,placed on ir with foot injury
2022-01-08,Seahawks,,• Brandon Shell,placed on ir with shoulder injury
2022-01-08,Washington,,• Ricky Seals-Jones,placed on ir with concussion
2022-01-10,Cowboys,,• Will Grier,placed on ir with undisclosed injury
2022-01-10,Eagles,,• Brett Toth,placed on ir with knee injury
2022-01-10,Eagles,,• J.J. Arcega-Whiteside,placed on ir with finger injury
2022-01-10,Eagles,,• Tyree Jackson,placed on ir with torn acl in right knee
2022-01-11,Buccaneers,,• Richard Sherman,placed on ir with achilles injury
2022-01-11,Raiders,,• Darius Philon,placed on ir with torn patellar tendon in knee
2022-01-12,Rams,,• Jordan Fuller,placed on ir with ankle injury
2022-01-14,Cowboys,,• Israel Mukuamu,placed on ir with hamstring injury
2022-01-17,Bengals,,• Larry Ogunjobi,placed on ir with right foot injury
2022-02-11,Rams,,• Joe Noteboom,placed on ir with chest injury
2022-02-11,Rams,,• Tyler Higbee,placed on ir with knee injury
2022-05-02,Falcons,,• Beau Brinkley,placed on ir with undisclosed
2022-05-03,Texans,,• Scottie Phillips,placed on ir with undisclosed
2022-05-10,Bears,,• Ledarius Mack,placed on ir with undisclosed injury
2022-05-11,Steelers,,• Isaiah Johnson (b. 1995-12-20),placed on ir with undisclosed injury
2022-05-16,Saints,,• Ethan Wolf,placed on ir with undisclosed injury
2022-05-16,Titans,,• Jamal Carter,placed on ir with undisclosed injury
2022-05-17,Steelers,,• Bryce Watts,placed on ir with undisclosed injury
2022-05-17,Texans,,• Kolby Harvell-Peel,placed on ir with undisclosed injury
2022-05-18,Saints,,• Sharif Finch,placed on ir with undisclosed injury
2022-05-19,Giants,,• Jordan Mosley,placed on ir with undisclosed injury
2022-05-24,Raiders,,• Sincere McCormick,placed on ir with undisclosed injury
2022-06-03,Vikings,,• Kenny Willekes,placed on ir with undisclosed injury
2022-06-14,Jaguars,,• Jordan Smith,placed on ir with surgery on knee
2022-06-17,Chiefs,,• Mathew Sexton,placed on ir with undisclosed injury
2022-06-21,Bears,,• Dakota Dozier,placed on ir with left knee injury
2022-07-08,Cowboys,,• Devante Bond,placed on ir with right knee injury
2022-07-25,Chiefs,,• Justyn Ross,placed on ir with foot injury
2022-07-28,Bengals,,• Elijah Holyfield,placed on ir with right knee injury
2022-07-29,Raiders,,• Kyler Fackrell,placed on ir with undisclosed injury
2022-07-30,Rams,,• Xavier Jones,placed on ir with undisclosed injury
2022-08-01,49ers,,• Maurice Hurst Jr.  / Maurice Hurst II (Roy),placed on ir with torn biceps
2022-08-01,Raiders,,• Micah Kiser,placed on ir with knee injury
2022-08-02,Browns,,• Isaiah Weston,placed on ir with undisclosed injury
2022-08-02,Colts,,• Carter O'Donnell,placed on ir with undisclosed injury
2022-08-02,Colts,,• John Hurst,placed on ir with undisclosed injury
2022-08-02,Giants,,• Jarren Williams,placed on ir with undisclosed injury
2022-08-03,Broncos,,• Damarea Crockett,placed on ir with torn acl in right knee
2022-08-03,Broncos,,• Tim Patrick,placed on ir with torn acl in right knee
2022-08-03,Panthers,,• Andrew Parchment,placed on ir with undisclosed injury
2022-08-03,Steelers,,• Jeremy McNichols,placed on ir with shoulder injury
2022-08-03,Titans,,• Daniel Munyer,placed on ir with undisclosed injury
2022-08-04,49ers,,• Jordan Matthews,placed on ir with torn acl in left knee
2022-08-04,Commanders,,• Drew White (a),placed on ir with torn acl in knee
2022-08-04,Jaguars,,• Jared Hocker,placed on ir with undisclosed injury
2022-08-04,Lions,,• Greg Bell (Alonzo),placed on ir with hamstring injury
2022-08-04,Texans,,• Davion Davis,placed on ir with hamstring injury
2022-08-04,Titans,,• Chris Williamson,placed on ir with undisclosed injury
2022-08-05,Eagles,,• Jaeden Graham,placed on ir with undisclosed injury
2022-08-05,Rams,,• Kyle Markway,placed on ir with undisclosed injury
2022-08-05,Saints,,• Smoke Monday,placed on ir with knee injury
2022-08-06,Browns,,• Reggie Robinson II,placed on ir with undisclosed injury
2022-08-06,Browns,,• Stephen Weatherly,placed on ir with knee injury
2022-08-06,Giants,,• Marcus McKethan,placed on ir with torn acl in right knee
2022-08-06,Saints,,• Jerald Hawkins,placed on ir with undisclosed injury
2022-08-07,Bears,,• Christian Albright,placed on ir with undisclosed injury
2022-08-07,Falcons,,• Vincent Taylor,placed on ir with torn achilles tendon
2022-08-08,Bears,,• C.J. Avery,placed on ir with undisclosed injury
2022-08-08,Commanders,,• Jequez Ezzard,placed on ir with undisclosed injury
2022-08-08,Jaguars,,• Nathan Cottrell,placed on ir with undisclosed injury
2022-08-08,Ravens,,• Vince Biegel,placed on ir with torn right achilles tendon
2022-08-09,Falcons,,• Bryce Rodgers,placed on ir with knee injury
2022-08-09,Saints,,• D'Marco Jackson,placed on ir with undisclosed injury (later identified as calf injury)
2022-08-09,Saints,,• Dylan Mabin,placed on ir with undisclosed injury
2022-08-09,Steelers,,• T.D. Moultry,placed on ir with undisclosed injury
2022-08-10,Broncos,,• Christopher Allen,placed on ir with foot injury
2022-08-10,Browns,,• Jakeem Grant,placed on ir with torn left achilles tendon
2022-08-10,Browns,,• Silas Kelly,placed on ir with undisclosed injury
2022-08-10,Chargers,,• Andrew Trainer,placed on ir with undisclosed injury
2022-08-10,Texans,,• Darius Anderson,placed on ir with dislocated knee
2022-08-10,Titans,,• Michael Griffin II,placed on ir with undisclosed injury
2022-08-11,49ers,,• Leon O'Neal Jr.,placed on ir with undisclosed injury
2022-08-11,Broncos,,• Tyreik Mcallister,placed on ir with undisclosed injury
2022-08-11,Jaguars,,• Jeremiah Ledbetter,placed on ir with undisclosed injury
2022-08-11,Packers,,• Osirus Mitchell,placed on ir with undisclosed injury
2022-08-11,Panthers,,• Jacob Tuioti-Mariner,placed on ir with undisclosed injury
2022-08-11,Saints,,• Bryce Thompson,placed on ir with undisclosed
2022-08-11,Steelers,,• Ulysees Gilbert III,placed on ir with undisclosed injury
2022-08-12,Eagles,,• Keric Wheatfall,placed on ir with undisclosed
2022-08-12,Panthers,,• Devin Jones,placed on ir with undisclosed
2022-08-12,Raiders,,• Cre'Von LeBlanc,placed on ir with undisclosed
2022-08-12,Steelers,,• Javon McKinley,placed on ir with undisclosed
2022-08-15,Bengals,,• Ben Brown (c),placed on ir with biceps injury
2022-08-15,Buccaneers,,• Kenjon Barner,placed on ir with ankle injury
2022-08-15,Dolphins,,• Trill Williams,placed on ir with torn acl in left knee
2022-08-15,Packers,,• Gabe Brkic,placed on ir with undisclosed
2022-08-15,Panthers,,• Kamal Martin,placed on ir with undisclosed
2022-08-15,Saints,,• Ethan Greenidge,placed on ir with undisclosed
2022-08-15,Seahawks,,• Cody Thompson,placed on ir with shoulder injury
2022-08-16,Bears,,• Doug Kramer,placed on ir with lisfranc injury
2022-08-16,Browns,,• Dawson Deaton,placed on ir with torn acl in knee
2022-08-16,Browns,,• Nick Harris (b),placed on ir with right knee injury
2022-08-16,Chargers,,• Forrest Merrill,placed on ir with undisclosed
2022-08-16,Chargers,,• Isaac Weaver,placed on ir with undisclosed
2022-08-16,Chiefs,,• Gary Jennings,placed on ir with undisclosed
2022-08-16,Commanders,,• Alex Armah,placed on ir with undisclosed
2022-08-16,Cowboys,,• Ryan Nall,placed on ir with shoulder injury
2022-08-16,Dolphins,,• Adam Shaheen,placed on ir with knee injury
2022-08-16,Falcons,,• Cornell Armstrong,placed on ir with undisclosed
2022-08-16,Jaguars,,• Elliott Fry,placed on ir
2022-08-16,Jets,,• Mekhi Becton,placed on ir with avulsion fracture of right kneecap
2022-08-16,Packers,,• Cole Schneider,placed on ir with undisclosed
2022-08-16,Packers,,• Donte Vaughn,placed on ir with undisclosed
2022-08-16,Patriots,,• Joejuan Williams,placed on ir with shoulder injury
2022-08-16,Patriots,,• Malcolm Butler,placed on ir with hip injury
2022-08-16,Ravens,,• Trent Harris,placed on ir with undisclosed
2022-08-16,Saints,,• Isaiah Pryor,placed on ir with undisclosed
2022-08-16,Saints,,• Jordan Brown,placed on ir with undisclosed
2022-08-16,Steelers,,• Anthony Miller (b. 1994-10-09),placed on ir with shoulder injury
2022-08-16,Steelers,,• Karl Joseph,placed on ir with ankle injury
2022-08-16,Steelers,,• Tuzar Skipper,placed on ir with undisclosed
2022-08-16,Washington,,• Sammis Reyes / Sammie Reyes,placed on ir with hamstring injury
2022-08-17,Bears,,• Javin White,placed on ir with undisclosed
2022-08-17,Bears,,• Jayson Stanley,placed on ir with undisclosed
2022-08-17,Bears,,• Michael Joseph,placed on ir with undisclosed
2022-08-17,Browns,,• Elijah Nkansah,placed on ir with undisclosed
2022-08-17,Buccaneers,,• Joe Ozougwu / JoJo Ozougwu,placed on ir with undisclosed
2022-08-17,Buccaneers,,• Jonathan Hubbard,placed on ir with undisclosed
2022-08-17,Cowboys,,• Ian Bunting,placed on ir with neck injury
2022-08-17,Cowboys,,• Kyron Brown,placed on ir with undisclosed
2022-08-17,Cowboys,,• Ty Fryfogle,placed on ir with hamstring injury
2022-08-17,Dolphins,,• Tino Ellis,placed on ir with undisclosed
2022-08-17,Eagles,,• Jared Mayden,placed on ir with undisclosed
2022-08-17,Eagles,,• Jimmy Moreland,placed on ir with undisclosed
2022-08-17,Eagles,,• Lance Lenoir,placed on ir with undisclosed
2022-08-17,Giants,,• Austin Proehl,placed on ir with undisclosed
2022-08-17,Lions,,• Brady Breeze,placed on ir with undisclosed
2022-08-17,Packers,,• Dominique Dafney,placed on ir with undisclosed
2022-08-17,Rams,,• Warren Jackson,placed on ir with undisclosed
2022-08-17,Saints,,• Jaleel Johnson,placed on ir with undisclosed
2022-08-17,Vikings,,• Thomas Hennigan,placed on ir with undisclosed injury
2022-08-17,Vikings,,• Tyarise Stevenson,placed on ir with undisclosed
2022-08-18,Colts,,• Andrew Ogletree,placed on ir with torn acl in right knee
2022-08-18,Packers,,• Malik Taylor,placed on ir with shoulder injury
2022-08-19,Giants,,• Robert Foster,placed on ir with hamstring injury
2022-08-19,Saints,,• Forrest Lamp,placed on ir with undisclosed injury
2022-08-19,Saints,,• Sage Doxtater,placed on ir with undisclosed
2022-08-19,Steelers,,• Master Teague III,placed on ir with undisclosed
2022-08-21,Bears,,• David Moore (b. 1995-01-15),placed on ir with lower leg injury
2022-08-21,Commanders,,• Olubunmi Rotimi / Bunmi Rotimi,placed on ir with fractured foot
2022-08-21,Raiders,,• Jordan Jenkins,placed on ir with torn acl in right knee
2022-08-21,Rams,,• J.J. Koski,placed on ir with undisclosed
2022-08-21,Texans,,• Chester Rogers,placed on ir with ankle injury
2022-08-22,Buccaneers,,• Aaron Stinnie,"placed on ir with torn acl, mcl in left knee"
2022-08-22,Buccaneers,,• Cam Gill,placed on ir with lisfranc injury in foot
2022-08-22,Commanders,,• Eli Wolf,placed on ir with undisclosed injury
2022-08-23,49ers,,• Austin Mack,placed on ir with undisclosed
2022-08-23,49ers,,• Kalia Davis,placed on ir / reserve/non football injury list with knee injury
2022-08-23,Broncos,,• Marquiss Spencer,placed on ir with undisclosed
2022-08-23,Chargers,,• Stone Smartt,placed on ir / reserve/non football injury list
2022-08-23,Chiefs,,• Derrick Gore,placed on ir with fractured thumb
2022-08-23,Commanders,,• Nathan Gerry / Nate Gerry,placed on ir with undisclosed
2022-08-23,Commanders,,• Tyler Larsen,placed on ir / reserve/physically unable to perform list with achilles injury
2022-08-23,Cowboys,,• Jeremy Sprinkle,placed on ir with achilles injury
2022-08-23,Dolphins,,• John Lovett (b. 1996-04-25),placed on ir with undisclosed
2022-08-23,Dolphins,,• Mackensie Alexander,placed on ir with groin injury
2022-08-23,Giants,,• Andre Miller / Dre Miller,placed on ir with forearm injury
2022-08-23,Giants,,• Darrian Beavers,placed on ir with torn acl in right knee
2022-08-23,Giants,,• Ricky Seals-Jones,placed on ir with toe injury
2022-08-23,Lions,,• Jameson Williams,placed on ir / non-football injury liust with torn acl in left knee
2022-08-23,Lions,,• Joshua Paschal / Josh Paschal,placed on ir / physically unable to perform list with surgery to repair sports hernia
2022-08-23,Panthers,,• Duke Dawson,placed on ir with groin injury
2022-08-23,Panthers,,• Khalan Tolson,placed on ir with undisclosed
2022-08-23,Panthers,,• Matt Corral,placed on ir with lisfranc injury in left foot
2022-08-23,Patriots,,• Andrew Stueber,placed on ir / reserve/non-football injury list
2022-08-23,Patriots,,• Ronnie Perkins,placed on ir with undisclosed
2022-08-23,Saints,,• Kevin White (Romone),placed on ir with undisclosed
2022-08-23,Texans,,• John Metchie III,placed on ir / reserve/non football injury list with acute promyelocytic leukemia
2022-08-23,Titans,,• Shakur Brown,placed on ir
2022-08-23,Vikings,,• Jullian Taylor,placed on ir with undisclosed
2022-08-24,49ers,,• Sam Schlueter,placed on ir with undisclosed
2022-08-24,Broncos,,• Casey Tucker,placed on ir with dislocated toe
2022-08-24,Buccaneers,,• Johnathan Howard / Bug Howard,placed on ir with undisclosed
2022-08-24,Cardinals,,• Darrell Baker Jr.,placed on ir with undisclosed
2022-08-24,Chargers,,• Damon Lloyd,placed on ir with undisclosed
2022-08-24,Chargers,,• Tevaughn Campbell,placed on ir with undisclosed
2022-08-24,Chargers,,• Ty Shelby,placed on ir with undisclosed
2022-08-24,Cowboys,,• Christian Sam,placed on ir with undisclosed
2022-08-24,Falcons,,• Jalen Dalton,placed on ir with undisclosed
2022-08-24,Giants,,• Colin Johnson,placed on ir
2022-08-24,Giants,,• Collin Johnson,placed on ir with torn right achilles tendon
2022-08-24,Giants,,• Marcus Kemp,placed on ir with hamstring injury
2022-08-24,Packers,,• Danny Davis,placed on ir with undisclosed
2022-08-24,Packers,,• Vernon Scott,placed on ir with shoulder injury
2022-08-24,Packers,,• waived,placed on ir
2022-08-24,Ravens,,• Slade Bolden,placed on ir with undisclosed
2022-08-26,Broncos,,• Barrington Wade,placed on ir
2022-08-26,Buccaneers,,• Cyril Grayson,placed on ir
2022-08-28,Raiders,,• Brandon Parker,placed on ir with triceps injury
2022-08-28,Raiders,,• Tae Davis (Marquez),placed on ir with undisclosed injury
2022-08-28,Raiders,,• Tyler Lancaster,placed on ir with undisclosed injury
2022-08-29,Browns,,• Chris Odom,placed on ir with torn acl in left knee
2022-08-29,Dolphins,,• Calvin Munson,placed on ir with undisclosed injury
2022-08-29,Vikings,,• Olabisi Johnson,placed on ir with torn acl in left knee
2022-08-29,Vikings,,• T.Y. McGill,placed on ir with ankle injury
2022-08-30,Bears,,• Tavon Young,placed on ir with leg injury
2022-08-30,Broncos,,• Brandon Johnson (b. 1998-07-26),placed on ir with ankle injury
2022-08-30,Buccaneers,,• Rashard Robinson,placed on ir with undisclosed injury
2022-08-30,Cardinals,,• Marquis Hayes,placed on ir with undisclosed injury
2022-08-30,Colts,,• Armani Watts,placed on ir with ankle injury
2022-08-30,Colts,,• Rigoberto Sanchez,placed on ir with torn achilles tendon
2022-08-30,Commanders,,• Josh Drayden,placed on ir with undisclosed injury
2022-08-30,Commanders,,• Keith Ismael,placed on ir with undisclosed injury
2022-08-30,Commanders,,• Willie Beavers,placed on ir with undisclosed injury
2022-08-30,Dolphins,,• Brennan Scarlett,placed on ir with knee injury
2022-08-30,Eagles,,• Greg Ward,placed on ir with undisclosed injury
2022-08-30,Jets,,• Nick Bawden,placed on ir with undisclosed injury
2022-08-30,Panthers,,• Julian Stanford,placed on ir with undisclosed injury
2022-08-30,Panthers,,• Zane Gonzalez,placed on ir with groin injury
2022-08-30,Patriots,,• Henry Anderson (Wyatt),placed on ir with undisclosed injury
2022-08-30,Patriots,,• Kristian Wilkerson,placed on ir with undisclosed injury
2022-08-30,Raiders,,• Jacob Hollister,placed on ir with undisclosed injury
2022-08-30,Rams,,• Logan Bruss,placed on ir with undisclosed injury
2022-08-30,Saints,,• Albert Huggins,placed on ir with leg injury
2022-08-30,Seahawks,,• Tyreke Smith,placed on ir with undisclosed injury
2022-08-30,Texans,,• Derek Rivers,placed on ir with undisclosed injury
2022-08-31,Bengals,,• Desmond Noel,placed on ir with undisclosed injury
2022-08-31,Bengals,,• Lamont Gaillard,placed on ir with undisclosed injury
2022-08-31,Broncos,,• Donnie Lewis Jr.,placed on ir with undisclosed injury
2022-08-31,Browns,,• Lavert Hill,placed on ir with undisclosed injury
2022-08-31,Buccaneers,,• Elijah Ponder,placed on ir with undisclosed injury
2022-08-31,Cardinals,,• Chris Pierce,placed on ir with undisclosed injury
2022-08-31,Cardinals,,• Greg Long (b. 1997-06-21),placed on ir with undisclosed injury
2022-08-31,Cardinals,,• Joshua Miles / Josh Miles,placed on ir with undisclosed injury
2022-08-31,Cardinals,,• Tae Daley,placed on ir with undisclosed injury
2022-08-31,Chiefs,,• Matt Bushman,placed on ir with undisclosed injury
2022-08-31,Cowboys,,• Aaron Shampklin,placed on ir with undisclosed injury
2022-08-31,Cowboys,,• Isaac Taylor-Stuart,placed on ir with undisclosed injury
2022-08-31,Dolphins,,• D'Angelo Ross,placed on ir with undisclosed injury
2022-08-31,Dolphins,,• Darius Hodge,placed on ir with undisclosed injury
2022-08-31,Eagles,,• Kobe Smith,placed on ir with undisclosed injury
2022-08-31,Falcons,,• Dorian Etheridge,placed on ir with undisclosed injury
2022-08-31,Falcons,,• John Raine,placed on ir with undisclosed injury
2022-08-31,Jaguars,,• Raequan Williams,placed on ir with undisclosed injury
2022-08-31,Jaguars,,• Willie Johnson (b),placed on ir with undisclosed injury
2022-08-31,Lions,,• C.J. Moore,placed on ir with undisclosed injury
2022-08-31,Lions,,• Eric Banks,placed on ir with undisclosed injury
2022-08-31,Lions,,• Jashon Cornell,placed on ir with undisclosed injury
2022-08-31,Lions,,• Kevin Jarvis,placed on ir with undisclosed injury
2022-08-31,Lions,,• Trinity Benson,placed on ir with undisclosed injury
2022-08-31,Packers,,• Akial Byers,placed on ir with undisclosed injury
2022-08-31,Packers,,• Alize Mack,placed on ir with undisclosed injury
2022-08-31,Packers,,• Innis Gaines,placed on ir with undisclosed injury
2022-08-31,Packers,,• Ishmael Hyman,placed on ir with undisclosed injury
2022-08-31,Packers,,• Nate Becker,placed on ir with undisclosed injury
2022-08-31,Packers,,• Shawn Davis (b. 1997-12-24),placed on ir with undisclosed injury
2022-08-31,Panthers,,• Isaiah Graham-Mobley,placed on ir with undisclosed injury
2022-08-31,Panthers,,• Spencer Brown (b. 1998-11-13),placed on ir with undisclosed injury
2022-08-31,Rams,,• Tyler Hall,placed on ir with undisclosed injury
2022-08-31,Ravens,,• Aaron Crawford,placed on ir with undisclosed injury
2022-08-31,Ravens,,• Daelin Hayes,placed on ir with undisclosed injury
2022-08-31,Ravens,,• Shemar Bridges,placed on ir with undisclosed injury
2022-08-31,Seahawks,,• John Reid,placed on ir with groin injury
2022-08-31,Seahawks,,• Josh Johnson (a),placed on ir with undisclosed injury
2022-08-31,Steelers,,• Carlins Platel,placed on ir with undisclosed injury
2022-08-31,Texans,,• Kendall Sheffield,placed on ir with undisclosed injury
2022-08-31,Titans,,• Tommy Hudson,placed on ir with undisclosed injury
2022-08-31,Bears,,• Tajae Sharpe,placed on ir with rib injury
2022-09-01,49ers,,• Curtis Robinson,placed on ir with high ankle sprain
2022-09-01,49ers,,• Jimmie Ward,placed on ir with hamstring injury
2022-09-01,Bears,,• N'Keal Harry,placed on ir recovering from tightrope surgery on ankle
2022-09-01,Bengals,,• Cam Taylor-Britt,placed on ir with abdominal injury
2022-09-01,Bengals,,• Khalid Kareem,placed on ir with hamstring injury
2022-09-01,Bills,,• Marquez Stevenson,placed on ir with surgery on foot
2022-09-01,Broncos,,• Greg Dulcich,placed on ir with hamstring injury
2022-09-01,Broncos,,• Michael Ojemudia,placed on ir with elbow injury
2022-09-01,Buccaneers,,• Ryan Jensen,placed on ir with left knee injury
2022-09-01,Cardinals,,• Antoine Wesley,placed on ir with groin injury
2022-09-01,Cardinals,,• Charles Washington (b. 1993-03-10),placed on ir with undisclosed injury
2022-09-01,Colts,,• Trevor Denbow,placed on ir with undisclosed injury
2022-09-01,Commanders,,• Curtis Hodges,placed on ir with undisclosed injury
2022-09-01,Cowboys,,• James Washington (Edward),placed on ir with fractured foot
2022-09-01,Cowboys,,• Tyron Smith,placed on ir with surgery on hamstring
2022-09-01,Dolphins,,• Clayton Fejedelem,placed on ir with undisclosed injury
2022-09-01,Falcons,,• Deion Jones,placed on ir with undisclosed injury
2022-09-01,Falcons,,• Isaiah Oliver,placed on ir with knee injury
2022-09-01,Falcons,,• Jalen Mayfield,placed on ir with undisclosed injury
2022-09-01,Falcons,,• John FitzPatrick (b),placed on ir with undisclosed injury
2022-09-01,Falcons,,• Marlon Davidson,placed on ir with undisclosed
2022-09-01,Giants,,• Elerson Smith,placed on ir with undisclosed injury
2022-09-01,Giants,,• Rodarius Williams,placed on ir with undisclosed injury
2022-09-01,Giants,,• Shane Lemieux,placed on ir with turf toe
2022-09-01,Jaguars,,• Jake Verity,placed on ir with undisclosed injury
2022-09-01,Jets,,• Vinny Curry,placed on ir with hamstring injury
2022-09-01,Panthers,,• Sam Darnold,placed on ir with sprained left ankle
2022-09-01,Patriots,,• Tyquan Thornton,placed on ir with collarbone injury
2022-09-01,Rams,,• Daniel Hardy,placed on ir with undisclosed injury
2022-09-01,Ravens,,• Charlie Kolar,placed on ir with surgery to repair sports hernia
2022-09-01,Saints,,• Malcolm Roach,placed on ir with undisclosed injury
2022-09-01,Saints,,• Trevor Penning,placed on ir with foot injury
2022-09-01,Seahawks,,• L.J. Collier,placed on ir with elbow injury
2022-09-01,Steelers,,• Calvin Austin III,placed on ir with undisclosed injury
2022-09-01,Steelers,,• Damontae Kazee,placed on ir with undisclosed injury
2022-09-01,Texans,,• Christian Harris,placed on ir with undisclosed injury
2022-09-01,Texans,,• Tavierre Thomas,placed on ir with undisclosed injury
2022-09-01,Texans,,• Teagan Quitoriano,placed on ir with undisclosed injury
2022-09-01,Titans,,• Racey McMath,placed on ir with hip injury
2022-09-02,Bengals,,• Isaiah Prince,placed on ir with elbow injury
2022-09-02,Bengals,,• Tycen Anderson,placed on ir with hamstring injury
2022-09-02,Titans,,• Harold Landry III,placed on ir with torn acl in knee (out for season)
2022-09-05,Chiefs,,• Blake Bell,placed on ir with hip flexor injury
2022-09-05,Lions,,• Halapoulivaati Vaitai,placed on ir with undisclosed injury
2022-09-06,Eagles,,• Andre Dillard,placed on ir with fractured forearm
2022-09-07,Cardinals,,• Colt McCoy,placed on ir with arm / calf injury
2022-09-09,Browns,,• Greedy Williams,placed on ir with strained hamstring
2022-09-09,Titans,,• Chance Campbell,placed on ir with knee injury
2022-09-09,Titans,,• Elijah Molden,placed on ir with groin injury
2022-09-10,Cardinals,,• Cody Ford,placed on ir with ankle injury
2022-09-10,Jets,,• Duane Brown,placed on ir with shoulder injury
2022-09-10,Lions,,• Levi Onwuzurike,placed on ir with back injury
2022-09-10,Texans,,• Mario Addison,placed on ir with thigh injury
2022-09-12,Bengals,,• Clark Harris,placed on ir with right biceps injury
2022-09-12,Commanders,,• Phidarian Mathis,placed on ir with torn meniscus in knee
2022-09-12,Raiders,,• Anthony Averett,placed on ir with fractured right thumb
2022-09-12,Seahawks,,• Alton Robinson,placed on ir with sprained knee
2022-09-13,49ers,,• Elijah Mitchell (b),placed on ir with knee injury
2022-09-13,Chiefs,,• Trent McDuffie,placed on ir with hamstring injury
2022-09-13,Eagles,,• Derek Barnett,placed on ir with torn acl in knee
2022-09-13,Packers,,• Krys Barnes,placed on ir with ankle injury
2022-09-13,Panthers,,• Andre Roberts,placed on ir with knee injury
2022-09-13,Patriots,,• Ty Montgomery,placed on ir with undisclosed injury
2022-09-13,Rams,,• Kyren Williams,placed on ir with ankle injury
2022-09-13,Ravens,,• Ja'Wuan James,placed on ir with torn left achilles tendon
2022-09-13,Ravens,,• Kyle Fuller (Brandon),placed on ir with torn acl in left knee
2022-09-13,Titans,,• A.J. Moore Jr.,placed on ir with ankle injury
2022-09-13,Titans,,• Da'Shawn Hand,placed on ir with quadriceps injury
2022-09-14,49ers,,• Jordan Willis,placed on ir with knee injury
2022-09-14,Broncos,,• Justin Simmons,placed on ir with quadriceps injury
2022-09-14,Raiders,,• D.J. Turner (b. 1997-01-18),placed on ir with ankle injury
2022-09-14,Seahawks,,• Tyler Ott,placed on ir with shoulder injury
2022-09-15,Lions,,• Tommy Kraemer,placed on ir with back injury
2022-09-15,Seahawks,,• Jamal Adams,placed on ir with torn quadriceps (surgery)
2022-09-15,Steelers,,• T.J. Watt,placed on ir with torn pectoral muscle
2022-09-16,Dolphins,,• Austin Jackson,placed on ir with ankle injury
2022-09-17,Cowboys,,• Tarell Basham,placed on ir with thigh injury
2022-09-17,Falcons,,• Damien Williams,placed on ir with ribs injury
2022-09-19,Ravens,,• Josh Ross,placed on ir with foot injury
2022-09-19,Ravens,,• Steven Means,placed on ir with torn achilles tendon
2022-09-20,Browns,,• Chase Winovich,placed on ir with hamstring injury
2022-09-20,Browns,,• Jesse James (Dylan),placed on ir with biceps injury
2022-09-20,Commanders,,• Chase Roullier,placed on ir with right knee injury
2022-09-20,Panthers,,• Bravvion Roy,placed on ir with hamstring injury
2022-09-20,Rams,,• Tremayne Anchrum,placed on ir with fractured fibula
2022-09-20,Rams,,• Troy Hill (b. 1991-08-29),placed on ir with groin injury
2022-09-20,Texans,,• Kevin Pierre-Louis,placed on ir with groin injury
2022-09-21,49ers,,• Trey Lance,"placed on ir with fractured right ankle, ligament disruption in right ankle"
2022-09-21,Buccaneers,,• Giovani Bernard,placed on ir with ankle injury
2022-09-21,Buccaneers,,• Josh Wells,placed on ir with calf injury
2022-09-21,Titans,,• Chris Jackson (D'Wayne ),placed on ir with undisclosed injury
2022-09-21,Titans,,• Trenton Cannon,placed on ir with torn acl in right knee
2022-09-22,Titans,,• Jamarco Jones,placed on ir with triceps injury
2022-09-23,Browns,,• Anthony Walker Jr.,"placed on ir with quadricep, ankle injuries"
2022-09-24,Bills,,• Micah Hyde,placed on ir with neck injury
2022-09-24,Packers,,• Sammy Watkins,placed on ir with strained hamstring
2022-09-24,Rams,,• Van Jefferson,placed on ir recovering from surgery on knee
2022-09-24,Saints,,• Alontae Taylor,placed on ir with knee injury
2022-09-24,Titans,,• Taylor Lewan,placed on ir with right knee injury
2022-09-27,Bears,,• Byron Pringle,placed on ir with calf injury
2022-09-27,Bills,,• Tommy Doyle,placed on ir with torn acl in knee
2022-09-27,Chargers,,• Jalen Guyton,placed on ir with torn acl in knee
2022-09-27,Jets,,• George Fant,placed on ir with knee injury
2022-09-27,Lions,,• Tracy Walker III / Trey Walker,placed on ir with torn achilles tendon
2022-09-28,Chargers,,• Joey Bosa,placed on ir with groin injury
2022-09-28,Chargers,,• Rashawn Slater,placed on ir with torn left biceps
2022-09-28,Giants,,• Sterling Shepard,placed on ir with torn acl in left knee
2022-09-28,Seahawks,,• Travis Homer,placed on ir with rib injury
2022-09-29,Bengals,,• D.J. Reader,placed on ir with left knee injury
2022-09-29,Ravens,,• Michael Pierce,placed on ir with torn left biceps
2022-10-01,Commanders,,• Wes Schweitzer,placed on ir with concussion
2022-10-01,Patriots,,• Yodny Cajuste,placed on ir with thumb injury
2022-10-03,49ers,,• Azeez Al-Shaair,placed on ir with knee injury
2022-10-03,Bengals,,• Drew Sample,placed on ir with right knee injury
2022-10-03,Falcons,,• Cordarrelle Patterson,placed on ir with knee injury
2022-10-04,Broncos,,• Javonte Williams,"placed on ir with torn acl, lcl in right knee (out for season)"
2022-10-04,Broncos,,• Randy Gregory,placed on ir with right knee injury
2022-10-04,Browns,,• Jerome Ford,placed on ir with ankle injury
2022-10-04,Giants,,• Aaron Robinson,placed on ir with knee injury
2022-10-04,Vikings,,• Lewis Cine,placed on ir with fractured left leg
2022-10-05,Bears,,• Cody Whitehair,placed on ir with knee injury
2022-10-05,Cowboys,,• Jake McQuaide,placed on ir with torn triceps
2022-10-05,Panthers,,• Jeremy Chinn,placed on ir with hamstring injury
2022-10-06,Patriots,,• Brian Hoyer,placed on ir with concussion
2022-10-07,Raiders,,• Justin Herron,placed on ir with torn acl in knee
2022-10-07,Seahawks,,• Darryl Johnson Jr.,placed on ir with ankle/foot injury
2022-10-08,49ers,,• Colton McKivitz,placed on ir with sprained mcl in knee
2022-10-08,Bills,,• Jamison Crowder,placed on ir with fractured ankle
2022-10-08,Cardinals,,• Nick Vigil,placed on ir with hamstring injury
2022-10-08,Commanders,,• Camilo Eifler / Milo Eifler,placed on ir with hamstring injury
2022-10-08,Dolphins,,• Cethan Carter,placed on ir with concussion
2022-10-08,Jets,,• Max Mitchell,placed on ir with knee injury
2022-10-08,Lions,,• Quintez Cephus,placed on ir with foot injury
2022-10-08,Rams,,• Coleman Shelton,placed on ir with ankle injury
2022-10-08,Rams,,• Jordan Fuller,placed on ir with hamstring injury
2022-10-08,Saints,,• P.J. Williams,placed on ir with quadriceps injury
2022-10-08,Titans,,• Treylon Burks,placed on ir with turf toe
2022-10-08,Vikings,,• Ben Ellefson,placed on ir with groin injury
2022-10-10,Broncos,,• Garett Bolles,placed on ir
2022-10-10,Broncos,,• Jacob Bobenmoyer,placed on ir
2022-10-10,Broncos,,• Ronald Darby,placed on ir
2022-10-11,Bears,,• Matthew Adams / Matt Adams,placed on ir
2022-10-11,Colts,,• Ashton Dulin,placed on ir with foot injury
2022-10-11,Giants,,• D.J. Davidson,placed on ir
2022-10-11,Jaguars,,• Ben Bartch,placed on ir
2022-10-11,Jaguars,,• K'Lavon Chaisson,placed on ir with knee injury
2022-10-11,Rams,,• David Edwards (b. 1997-03-20),placed on ir with concussion
2022-10-11,Ravens,,• Marcus Williams (Alan),placed on ir with wrist injury
2022-10-11,Vikings,,• Ty Chandler,placed on ir with fractured thumb
2022-10-12,Cardinals,,• Jonathan Ward,placed on ir
2022-10-12,Texans,,• Michael Dwumfour,placed on ir
2022-10-14,Seahawks,,• Rashaad Penny,placed on ir with fractured fibula
2022-10-15,49ers,,• Emmanuel Moseley,placed on ir
2022-10-15,49ers,,• Javon Kinlaw,placed on ir with knee injury
2022-10-15,Chiefs,,• Tershawn Wharton,placed on ir
2022-10-15,Cowboys,,• Rico Dowdle,placed on ir
2022-10-15,Cowboys,,• Simi Fehoko,placed on ir with shoulder injury
2022-10-15,Eagles,,• Janarius Robinson,placed on ir with ankle injury
2022-10-15,Giants,,• Tony Jefferson,placed on ir
2022-10-15,Packers,,• Tipa Galeai,placed on ir
2022-10-15,Panthers,,• Stantley Thomas-Oliver,placed on ir
2022-10-15,Saints,,• Deonte Harty / Deonte Harris,placed on ir
2022-10-15,Steelers,,• DeMarvin Leal,placed on ir with surgery on knee
2022-10-17,Raiders,,• Nate Hobbs,placed on ir with left hand injury
2022-10-17,Titans,,• Olasunkanmi Adeniyi / Ola Adeniyi,placed on ir with neck injury
2022-10-18,Buccaneers,,• Logan Ryan,placed on ir with fractured foot
2022-10-18,Falcons,,• Casey Hayward Jr.,placed on ir
2022-10-18,Patriots,,• Cody Davis,placed on ir
2022-10-18,Rams,,• Grant Haley,placed on ir
2022-10-18,Rams,,• Joe Noteboom,placed on ir
2022-10-19,Dolphins,,• Nik Needham,placed on ir with torn achilles tendon
2022-10-19,Dolphins,,• Trey Flowers,placed on ir with foot injury
2022-10-20,Cardinals,,• Justin Pugh,placed on ir with knee injury
2022-10-20,Cardinals,,• Marquise Brown,placed on ir with foot injury
2022-10-21,Broncos,,• Aaron Patrick,placed on ir with torn acl in knee
2022-10-21,Commanders,,• Tariq Castro-Fields,placed on ir with knee injury
2022-10-22,Chargers,,• Joshua Kelley / Josh Kelley,placed on ir with sprained mcl in knee
2022-10-22,Commanders,,• Carson Wentz,placed on ir with fractured right ring finger
2022-10-22,Cowboys,,• Matt Waletzko,placed on ir with shoulder injury
2022-10-22,Falcons,,• Jared Bernhardt,placed on ir with groin injury
2022-10-22,Giants,,• Azeez Ojulari,placed on ir with calf injury
2022-10-22,Lions,,• Bobby Price,placed on ir with knee injury
2022-10-22,Lions,,• D.J. Chark,placed on ir with ankle injury
2022-10-22,Packers,,• Jake Hanson,placed on ir with biceps injury
2022-10-22,Packers,,• Randall Cobb,placed on ir with ankle injury
2022-10-22,Panthers,,• Pat Elflein,placed on ir with hip injury
2022-10-22,Ravens,,• J.K. Dobbins,placed on ir with knee injury
2022-10-22,Seahawks,,• Isaiah Dunn,placed on ir with hamstring injury
2022-10-22,Texans,,• Jonathan Greenard,placed on ir with calf injury
2022-10-24,Broncos,,• Mike Boone,placed on ir with ankle injury
2022-10-25,Buccaneers,,• K.J. Britt,placed on ir with ankle injury
2022-10-25,Dolphins,,• Brandon Jones (b. 1998-04-02),placed on ir with knee injury
2022-10-25,Dolphins,,• Freddie Swain,placed on ir with undisclosed injury
2022-10-25,Jets,,• Alijah Vera-Tucker,placed on ir with triceps injury
2022-10-25,Jets,,• Breece Hall,placed on ir with knee injury
2022-10-25,Saints,,• Bradley Roby,placed on ir with ankle injury
2022-10-25,Titans,,• Kyle Philips,placed on ir with hamstring injury
2022-10-26,Browns,,• Jacob Phillips,placed on ir with torn pectoral muscle
2022-10-26,Cardinals,,• Rashard Lawrence,placed on ir with right shoulder injury
2022-10-26,Chargers,,• J.C. Jackson,placed on ir with ruptured patellar tendon in right knee
2022-10-26,Cowboys,,• Jourdan Lewis,placed on ir with lisfranc injury in right foot
2022-10-26,Cowboys,,• Matt Farniok,placed on ir with torn hamstring
2022-10-26,Jaguars,,• Shaquill Griffin,placed on ir with back injury
2022-10-27,Bears,,• Lucas Patrick,placed on ir with toe injury
2022-10-28,Broncos,,• Caden Sterns,placed on ir with hip injury
2022-10-29,Browns,,• Joe Haeg,placed on ir with concussion
2022-10-29,Cowboys,,• Devin Harper,placed on ir with achilles injury
2022-10-29,Giants,,• Ben Bredeson,placed on ir with knee injury
2022-10-29,Patriots,,• Chasen Hines,placed on ir with undisclosed injury
2022-10-31,Buccaneers,,• Shaquil Barrett / Shaq Barrett,placed on ir with torn achilles tendon (out for season)
2022-10-31,Colts,,• Tyquan Lewis,placed on ir with ruptured patellar tendon in left knee
2022-11-01,Dolphins,,• Liam Eichenberg,placed on ir with mcl injury in knee
2022-11-01,Vikings,,• Irv Smith Jr.,placed on ir with high ankle sprain
2022-11-02,Cardinals,,• Darrel Williams,placed on ir with hip injury
2022-11-02,Eagles,,• Jordan Davis,placed on ir with high ankle sprain
2022-11-03,Saints,,• Michael Thomas (William),placed on ir with surgery on toe
2022-11-03,Texans,,• Grayland Arnold,placed on ir with quadriceps injury
2022-11-05,Bengals,,• Chidobe Awuzie,placed on ir with knee injury
2022-11-05,Chargers,,• Donald Parham Jr.,placed on ir with hamstring injury
2022-11-05,Falcons,,• Elijah Wilkinson,placed on ir with knee injury
2022-11-05,Patriots,,• Marcus Cannon,placed on ir with concussion
2022-11-05,Rams,,• Jacob Hummel / Jake Hummel,placed on ir with hip injury
2022-11-07,Giants,,• Nick Williams (b. 1990-02-21),placed on ir with biceps injury
2022-11-07,Raiders,,• Divine Deablo,placed on ir with forearm injury
2022-11-07,Ravens,,• Rashod Bateman,placed on ir with lisfranc injury in foot (surgery)
2022-11-07,Saints,,• Chase Hansen,placed on ir with knee injury
2022-11-08,Broncos,,• Lloyd Cushenberry III,placed on ir with groin injury
2022-11-08,Falcons,,• Matt Hennessy,placed on ir with knee injury
2022-11-09,Cardinals,,• Will Hernandez,placed on ir with pectoral muscle injury
2022-11-09,Chargers,,• Austin Johnson (Hunter),"placed on ir with sprained mcl, fracture in left knee"
2022-11-09,Lions,,• Craig Reynolds,placed on ir with rib injury
2022-11-09,Packers,,• Rashan Gary,placed on ir with torn acl in knee (out for season)
2022-11-10,Raiders,,• Darren Waller,placed on ir with hamstring injury
2022-11-10,Raiders,,• Hunter Renfrow,placed on ir with oblique injury
2022-11-10,Steelers,,• Chris Boswell,placed on ir with right groin injury
2022-11-11,49ers,,• Jason Verrett,placed on ir with torn achilles tendon
2022-11-12,Cardinals,,• Rodney Hudson,placed on ir with knee injury
2022-11-12,Colts,,• Darius Leonard / Shaquille Leonard / Shaq Leonard,"placed on ir with back injury, concussion"
2022-11-12,Packers,,• Eric Stokes (Jamane),"placed on ir with ankle, knee injuries"
2022-11-12,Saints,,• Erik McCoy,placed on ir with calf injury
2022-11-12,Seahawks,,• Cullen Gillaspia,placed on ir with surgery on knee
2022-11-12,Steelers,,• William Jackson III,placed on ir with back injury
2022-11-12,Titans,,• Josh Thompson (b. 1998-10-20),placed on ir with knee injury
2022-11-12,Titans,,• Zach Cunningham,placed on ir with elbow injury
2022-11-12,Vikings,,• Cameron Dantzler,placed on ir with ankle injury
2022-11-14,Dolphins,,• Emmanuel Ogbah,placed on ir with torn triceps
2022-11-14,Eagles,,• Avonte Maddox,placed on ir with hamstring injury
2022-11-14,Panthers,,• Donte Jackson,placed on ir with torn achilles tendon
2022-11-15,Bears,,• Khalil Herbert,placed on ir with hip injury
2022-11-15,Broncos,,• Billy Turner,placed on ir with knee injury
2022-11-15,Titans,,• Caleb Farley,placed on ir with herniated disc
2022-11-16,Broncos,,• Mitchell Fraboni,placed on ir with undisclosed injury
2022-11-16,Chargers,,• Christian Covington,placed on ir with torn pectoral muscle
2022-11-16,Chargers,,• Otito Ogbonnia,placed on ir with torn patellar tendon in left knee
2022-11-16,Eagles,,• Dallas Goedert,placed on ir with shoulder injury
2022-11-16,Eagles,,• Marlon Tuipulotu,placed on ir with knee injury
2022-11-16,Rams,,• Alaric Jackson / A.J. Jackson,placed on ir with blood clots
2022-11-16,Rams,,• Chandler Brewer,placed on ir with surgery to repair mcl in knee
2022-11-17,Bills,,• Jake Kumerow,placed on ir with ankle injury
2022-11-17,Chiefs,,• Mecole Hardman,placed on ir with abdominal injury
2022-11-17,Rams,,• Cooper Kupp,placed on ir with surgery on right ankle
2022-11-17,Titans,,• Lonnie Johnson Jr.,placed on ir with hamstring injury
2022-11-18,Lions,,• Trinity Benson,placed on ir with knee injury
2022-11-18,Patriots,,• Christian Barmore,placed on ir with knee injury
2022-11-19,Broncos,,• Jonas Griffith,placed on ir with ankle injury
2022-11-19,Browns,,• Michael Dunn,placed on ir with back injury
2022-11-19,Commanders,,• Armani Rogers,placed on ir with knee injury
2022-11-19,Commanders,,• J.D. McKissic,placed on ir with neck injury
2022-11-19,Patriots,,• Jake Bailey,placed on ir with back injury
2022-11-21,Falcons,,• Kyle Pitts,placed on ir with torn mcl in right knee
2022-11-21,Falcons,,• Ta'Quon Graham,placed on ir with knee injury
2022-11-21,Giants,,• Wan'Dale Robinson,placed on ir with torn acl in knee
2022-11-22,Broncos,,• Chase Edmonds,placed on ir with high ankle sprain
2022-11-22,Browns,,• Ethan Pocic,placed on ir with knee injury
2022-11-22,Chargers,,• Dustin Hopkins,placed on ir with right hamstring injury
2022-11-23,Chiefs,,• Clyde Edwards-Helaire,placed on ir with ankle injury
2022-11-25,Commanders,,• Cole Holcomb,placed on ir with foot injury
2022-11-26,Bills,,• Christian Benford,placed on ir with oblique injury
2022-11-26,Cardinals,,• D.J. Humphries,placed on ir with back injury
2022-11-26,Cardinals,,• Zach Ertz,placed on ir with knee injury
2022-11-26,Rams,,• A'Shawn Robinson,placed on ir with knee injury
2022-11-26,Ravens,,• Jalyn Armour-Davis,placed on ir with hip injury
2022-11-26,Seahawks,,• D'Wayne Eskridge / Dee Eskridge,placed on ir with fractured hand
2022-11-28,Lions,,• Charles Harris (b. 1995-03-06),placed on ir with groin injury
2022-11-29,Bears,,• Darnell Mooney,placed on ir with ankle injury
2022-11-29,Bears,,• Eddie Jackson (b. 1993-12-10),placed on ir with foot injury (out for season)
2022-11-29,Raiders,,• Anthony Averett,placed on ir with toe injury
2022-11-29,Rams,,• Allen Robinson II,placed on ir with foot injury (surgery)
2022-11-30,Bears,,• Dane Cruikshank,placed on ir with hamstring injury
2022-11-30,Vikings,,• Andrew Booth Jr.,placed on ir with surgery on knee to repair meniscus
2022-12-01,Bills,,• Von Miller,placed on ir with right knee injury
2022-12-03,49ers,,• Elijah Mitchell (b),placed on ir with knee injury
2022-12-03,Bears,,• Trevor Siemian,placed on ir with oblique injury
2022-12-03,Broncos,,• K.J. Hamler,placed on ir with hamstring injury
2022-12-03,Eagles,,• Chauncey Gardner-Johnson / C.J. Gardner-Johnson,placed on ir with kidney injury
2022-12-03,Jets,,• Cedric Ogbuehi,"placed on ir with groin injury, illness"
2022-12-03,Lions,,• Julian Okwara,placed on ir with elbow injury
2022-12-03,Raiders,,• Lester Cotton,placed on ir with calf injury
2022-12-03,Rams,,• Matthew Stafford,"placed on ir with concussion, neck injury"
2022-12-03,Ravens,,• Tylan Wallace,placed on ir with hamstring injury
2022-12-03,Steelers,,• Ahkello Witherspoon,placed on ir with oblique injury
2022-12-05,Dolphins,,• Austin Jackson,placed on ir with ankle injury
2022-12-05,Titans,,• Cody Hollister,placed on ir with neck injury
2022-12-06,Browns,,• Sione Takitaki,placed on ir with torn acl in knee
2022-12-06,Eagles,,• Robert Quinn,placed on ir with knee injury
2022-12-06,Seahawks,,• Josh Jones (b. 1994-09-20),placed on ir with hamstring injury
2022-12-07,Browns,,• Anthony Schwartz,placed on ir with concussion
2022-12-07,Titans,,• Elijah Molden,placed on ir with groin injury
2022-12-07,Vikings,,• Akayleb Evans,placed on ir with concussion
2022-12-07,Vikings,,• Ben Ellefson,placed on ir with groin injury
2022-12-10,Chargers,,• Richard Rodgers (Christopher),placed on ir with knee injury
2022-12-10,Lions,,• Chase Lucas,placed on ir with hamstring injury
2022-12-10,Ravens,,• Daryl Worley,placed on ir with hamstring injury
2022-12-10,Titans,,• David Long Jr. (b. 1998-10-12),placed on ir with hamstring injury
2022-12-10,Vikings,,• Jonathan Bullard,placed on ir with biceps injury
2022-12-10,Cowboys,,• Anthony Brown (Shaquille),placed on ir with torn achilles tendon
2022-12-12,Commanders,,• Tyler Larsen,placed on ir with dislocated kneecap
2022-12-12,Rams,,• Jacob Harris,placed on ir with torn pectoral muscle
2022-12-13,Broncos,,• Mike Boone,placed on ir with ankle injury
2022-12-13,Browns,,• Jeremiah Owusu-Koramoah,placed on ir with foot injury
2022-12-13,Eagles,,• Arryn Siposs,placed on ir with ankle injury
2022-12-13,Raiders,,• Jayon Brown,placed on ir with hand injury
2022-12-14,Broncos,,• Jacob Martin / Jake Martin,placed on ir with knee injury
2022-12-14,Cardinals,,• Kyler Murray,placed on ir with torn acl in right knee
2022-12-14,Cardinals,,• Rondale Moore,placed on ir with groin injury
2022-12-14,Cowboys,,• Johnathan Hankins,placed on ir with strained pectoral muscle
2022-12-14,Cowboys,,• Terence Steele,"placed on ir with torn acl, mcl in left knee"
2022-12-14,Falcons,,• Marcus Mariota,placed on ir with surgery on knee
2022-12-14,Saints,,• Mark Ingram II / Mark Ingram Jr.,placed on ir with sprained mcl in knee
2022-12-14,Steelers,,• Chris Wormley,placed on ir with surgery on knee
2022-12-14,Vikings,,• Blake Brandel,placed on ir with torn mcl in knee
2022-12-15,49ers,,• Hassan Ridgeway,placed on ir with pectoral injury
2022-12-15,Giants,,• Elerson Smith,placed on ir with undisclosed injury
2022-12-17,Broncos,,• Dre'Mont Jones,placed on ir with hip injury
2022-12-17,Cardinals,,• C.J. Board,placed on ir with rib injury
2022-12-17,Giants,,• Joshua Ezeudu,placed on ir with neck injury
2022-12-17,Panthers,,• Brandon Smith (Nathaniel),placed on ir with ankle injury
2022-12-17,Patriots,,• Isaiah Wynn,placed on ir with foot injury
2022-12-17,Saints,,• Zack Baun,placed on ir with ankle injury
2022-12-17,Texans,,• Dameon Pierce,placed on ir with ankle injury
2022-12-17,Texans,,• Derek Stingley Jr.,placed on ir with hamstring injury (out for season)
2022-12-17,Texans,,• Taylor Stallworth,placed on ir with calf injury
2022-12-17,Titans,,• Dontrell Hilliard,placed on ir with neck injury
2022-12-19,Broncos,,• Dakota Allen,placed on ir with hamstring injury
2022-12-20,Bears,,• Jack Sanborn,placed on ir with ankle injury
2022-12-20,Broncos,,• Darius Phillips,placed on ir with hamstring injury
2022-12-20,Colts,,• Jonathan Taylor,placed on ir with ankle injury
2022-12-20,Falcons,,• Caleb Huntley,placed on ir with torn achilles tendon
2022-12-20,Ravens,,• Devin Duvernay,placed on ir with fractured foot (out for season)
2022-12-20,Saints,,• Cesar Ruiz,placed on ir with foot injury
2022-12-20,Seahawks,,• Bryan Mone,placed on ir with torn acl in left knee
2022-12-21,Chargers,,• Joe Gaziano,placed on ir with groin injury
2022-12-21,Titans,,• Dillon Radunz,placed on ir with knee injury
2022-12-22,Broncos,,• Tom Compton,placed on ir with back injury
2022-12-22,Saints,,• Jarvis Landry,placed on ir with ankle injury
2022-12-22,Titans,,• Ben Jones (1989-07-02),placed on ir with concussion
2022-12-22,Titans,,• Terrance Mitchell,placed on ir with hamstring injury
2022-12-23,Bears,,• Jaylon Johnson,"placed on ir with finger, ribs injuries (out for season)"
2022-12-23,Bears,,• Kindle Vildor,placed on ir with ankle injury
2022-12-23,Buccaneers,,• Genard Avery,"placed on ir with abdominal, oblique injuries"
2022-12-23,Chiefs,,• Jody Fortson Jr. / Joe Fortson,placed on ir with elbow injury
2022-12-23,Eagles,,• Tyree Jackson,placed on ir
2022-12-23,Patriots,,• Joe Cardona,placed on ir with ankle injury
2022-12-23,Texans,,• Nico Collins,placed on ir with foot injury
2022-12-23,Titans,,• Nate Davis (Matthew Eugene),placed on ir with ankle injury
2022-12-24,Cardinals,,• Byron Murphy Jr.,placed on ir with back injury
2022-12-24,Rams,,• Jake Gervase,placed on ir with ankle injury
2022-12-26,Cardinals,,• Aaron Brewer (b. 1990-07-05),placed on ir with pectoral injury
2022-12-26,Chargers,,• Kemon Hall,placed on ir with hamstring injury
2022-12-26,Jaguars,,• Cam Robinson,placed on ir with knee injury
2022-12-26,Jaguars,,• Dawuane Smoot,placed on ir with torn right achilles tendon
2022-12-27,Buccaneers,,• Josh Wells,placed on ir with knee injury
2022-12-27,Dolphins,,• Myles Gaskin,placed on ir with sprained mcl in knee
2022-12-27,Packers,,• Dean Lowry,placed on ir with calf injury
2022-12-27,Seahawks,,• Joey Blount,placed on ir with knee injury
2022-12-27,Seahawks,,• Will Dissly,placed on ir with knee injury
2022-12-27,Steelers,,• Marcus Allen (Deshawn),placed on ir with biceps injury
2022-12-28,Cardinals,,• Budda Baker,placed on ir with fractured shoulder
2022-12-28,Cardinals,,• Trysten Hill,placed on ir with sprained knee
2022-12-28,Colts,,• Isaiah Rodgers,placed on ir with knee injury
2022-12-28,Giants,,• Shane Lemieux,placed on ir with toe injury
2022-12-28,Raiders,,• Chandler Jones (James),placed on ir with elbow injury
2022-12-28,Raiders,,• Denzel Perryman,placed on ir with shoulder injury
2022-12-29,Raiders,,• Rock Ya-Sin,placed on ir with knee injury
2022-12-29,Titans,,• Bud Dupree,placed on ir with pectoral injury
2022-12-29,Titans,,• Ryan Tannehill,placed on ir with ankle injury (surgery)
2022-12-29,Titans,,• Zach Cunningham,placed on ir with elbow injury
2022-12-30,Bengals,,• La'el Collins,placed on ir with left knee injury
2022-12-30,Broncos,,• Greg Dulcich,placed on ir with hamstring injury
2022-12-30,Commanders,,• Jonathan Bostic / Jon Bostic (b),placed on ir with pectoral injury
2022-12-31,Broncos,,• Randy Gregory,placed on ir with knee injury
2022-12-31,Browns,,• Jordan Kunaszyk,placed on ir with hand injury
2022-12-31,Colts,,• Yannick Ngakoue,placed on ir with surgery on throat
2022-12-31,Dolphins,,• Justin Zimmer,placed on ir with undisclosed
2022-12-31,Falcons,,• Chuma Edoga,placed on ir with knee injury
2022-12-31,Falcons,,• Jovante Moffatt,placed on ir with calf injury
2022-12-31,Jets,,• Jeff Smith (Alan),placed on ir with knee injury
2022-12-31,Patriots,,• Jack Jones (b. 1997-12-20),placed on ir with knee injury
2022-12-31,Seahawks,,• Marquise Goodwin,"placed on ir with shoulder, wrist injuries"
2023-01-02,Panthers,,• Jaycee Horn,placed on ir with wrist injury (surgery)
2023-01-02,Titans,,• Andrew Adams,placed on ir with knee injury
2023-01-03,Broncos,,• Dalton Risner,placed on ir with hyperextended left elbow
2023-01-03,Broncos,,• Marlon Mack,placed on ir with hamstring injury
2023-01-03,Vikings,,• Austin Schlottmann,placed on ir with fractured fibula in leg
2023-01-03,Vikings,,• Brian O'Neill (b),"placed on ir with calf, achilles injuries"
2023-01-04,Bears,,• Josh Blackwell,placed on ir with undisclosed
2023-01-04,Bears,,• Michael Schofield,placed on ir with knee injury
2023-01-04,Bears,,• Teven Jenkins,placed on ir with neck injury
2023-01-04,Colts,,• Kenny Moore II,placed on ir with ankle injury
2023-01-04,Commanders,,• De'Jon Harris,placed on ir with undisclosed
2023-01-04,Seahawks,,• Jordyn Brooks,placed on ir with torn acl in right knee
2023-01-05,Commanders,,• Antonio Gibson (b. 1998-06-23),"placed on ir with foot, knee injuries"
2023-01-05,Dolphins,,• Eric Fisher,placed on ir with calf injury
2023-01-06,Bills,,• Damar Hamlin,placed on ir with heart ailment (out for season)
2023-01-06,Cardinals,,• Chris Banjo,placed on ir with concussion
2023-01-06,Cardinals,,• Jonathan Ledbetter,placed on ir with knee injury
2023-01-06,Commanders,,• Benjamin St-Juste,placed on ir with ankle injury
2023-01-06,Commanders,,• Saahdiq Charles,placed on ir with concussion / knee injury (out for season)
2023-01-07,Commanders,,• Jamin Davis,placed on ir with knee injury
2023-01-07,Eagles,,• Janarius Robinson,placed on ir with ankle injury
2023-01-07,Eagles,,• Shaun Bradley,placed on ir with wrist injury
2023-01-07,Jets,,• Brandin Echols,placed on ir with quadriceps injury
2023-01-07,Jets,,• Duane Brown,placed on ir with shoulder injury
2023-01-07,Jets,,• George Fant,placed on ir with knee injury
2023-01-07,Jets,,• Lamarcus Joyner,placed on ir with hip injury
2023-01-07,Jets,,• Nate Herbig,placed on ir with calf injury
2023-01-07,Rams,,• Nick Scott,placed on ir with shoulder injury
2023-01-07,Seahawks,,• Travis Homer,placed on ir with ankle injury
2023-01-10,Buccaneers,,• Anthony Chesley,placed on ir with hamstring injury
2023-01-14,Ravens,,• Tylan Wallace,placed on ir with hamstring injury (out for season)
2023-02-06,Chiefs,,• Mecole Hardman,placed on ir with pelvis injury
2023-05-16,Falcons,,• B.J. Baylor,placed on ir with undisclosed
2023-05-16,Steelers,,• Renell Wren,placed on ir with undisclosed
2023-05-17,Jaguars,,• Jaylon Moore (b. 1997-07-01),placed on ir with undisclosed
2023-05-18,Texans,,• Taylor Stallworth,placed on ir with hamstring injury
2023-05-25,Jets,,• Bradlee Anae,placed on ir with undisclosed injury
2023-05-25,Patriots,,• Raekwon McMillan,placed on ir with torn achilles tendon
2023-06-02,Seahawks,,• LaTrell Bumphus,placed on ir with undisclosed injury
2023-06-14,Bills,,• Zach Davidson,placed on ir with knee injury
2023-06-14,Colts,,• Daniel Scott,placed on ir with surgery on knee to repair torn acl
2023-06-16,Falcons,,• Avery Williams (b),placed on ir recovering from surgery on knee to repair torn acl
2023-06-16,Giants,,• Andre Miller / Dre Miller,placed on ir with undisclosed
2023-07-11,Browns,,• Dawson Deaton,placed on ir with undisclosed injury
2023-07-11,Jaguars,,• Leonard Taylor,placed on ir with undisclosed injury
2023-07-18,Dolphins,,• Ezekiel Vandenburgh / Zeke Vandenburgh,placed on ir with undisclosed injury
2023-07-18,Giants,,• Jarrad Davis,placed on ir with knee injury
2023-07-19,Jets,,• Chuck Clark,placed on ir recovering from torn acl in knee
2023-07-19,Jets,,• Diontae Spencer,placed on ir with undisclosed injury
2023-07-20,Giants,,• Leonard Johnson (d),placed on ir
2023-07-25,Cardinals,,• Matt Hembrough,placed on ir with back injury
2023-07-25,Commanders,,• Armani Rogers,placed on ir with achilles injury
2023-07-26,Giants,,• Elerson Smith,placed on ir with illness
2023-07-27,Packers,,• Jeff Cotton,placed on ir with undisclosed injury
2023-07-27,Panthers,,• Marquez Stevenson,placed on ir with undisclosed injury
2023-07-28,Raiders,,• Jordan Perryman,placed on ir with undisclosed injury
2023-07-29,Bills,,• Cameron Dantzler,placed on ir with undisclosed injury
2023-07-29,Lions,,• Tom Kennedy (b. 1996-07-29),placed on ir with arm / torso injury
2023-07-29,Texans,,• Dylan Deatherage,placed on ir with undisclosed injury
2023-07-29,Giants,,• Vernon Butler,placed on ir with undisclosed injury
2023-07-30,Bengals,,• Devin Cochran,placed on ir with left knee injury
2023-07-30,Browns,,• Thakarius Keyes / Ty Keyes / BoPete Keyes,placed on ir with finger injury
2023-07-30,Chiefs,,• Nazeeh Johnson,placed on ir with knee injury
2023-07-31,Chiefs,,• Isaiah Moore,placed on ir with knee injury
2023-07-31,Saints,,• Trai Turner,placed on ir with torn quadriceps
2023-08-01,Giants,,• J.C. Hassenauer,placed on ir with triceps injury
2023-08-01,Texans,,• Troy Hairston,placed on ir with back injury
2023-08-02,Broncos,,• Tim Patrick,placed on ir with torn right achilles tendon
2023-08-02,Lions,,• Shane Zylstra,placed on ir with knee injury
2023-08-02,Saints,,• Andrew Dowell,placed on ir with knee injury
2023-08-02,Steelers,,• Cory Trice Jr.,placed on ir with right leg injury
2023-08-03,49ers,,• Terrance Mitchell,placed on ir with undisclosed injury
2023-08-03,Broncos,,• Jonas Griffith,placed on ir with torn acl in left knee
2023-08-03,Commanders,,• David Bada,placed on ir with torn triceps
2023-08-03,Dolphins,,• Bennett Williams,placed on ir with undisclosed injury
2023-08-03,Falcons,,• Ethan Greenidge,placed on ir with leg injury
2023-08-03,Raiders,,• Austin Walter,placed on ir with undisclosed injury
2023-08-03,Saints,,• Scott Lashley,placed on ir with undisclosed injury
2023-08-03,Steelers,,• Alfonzo Graham,placed on ir with undisclosed injury
2023-08-04,49ers,,• Darryl Johnson Jr.,placed on ir with undisclosed
2023-08-04,Falcons,,• Chris Blair,placed on ir with undisclosed injury
2023-08-04,Falcons,,• Feleipe Franks,placed on ir with undisclosed injury
2023-08-04,Falcons,,• Ikenna Enechukwu,placed on ir with undisclosed injury
2023-08-04,Giants,,• Jeff Smith (Alan),placed on ir with knee injury
2023-08-04,Patriots,,• Terez Hall,placed on ir with undisclosed injury
2023-08-04,Texans,,• Scott Quessenberry,"placed on ir with with torn acl, mcl in left knee"
2023-08-05,Browns,,• Daylen Baldwin,placed on ir with hamstring injury
2023-08-05,Browns,,• Thomas Graham Jr.,placed on ir with ankle injury
2023-08-05,Colts,,• Ethan Fernea,placed on ir with undisclosed injury
2023-08-05,Colts,,• Jake Witt,placed on ir with hip injury
2023-08-05,Dolphins,,• John Lovett (b. 1996-04-25),placed on ir with undisclosed injury
2023-08-05,Lions,,• Jarren Williams,placed on ir with undisclosed injury
2023-08-06,Bears,,• Chase Allen (b. 1997-07-09),placed on ir with undisclosed injury
2023-08-06,Broncos,,• Yasir Durant,placed on ir with undisclosed injury
2023-08-06,Saints,,• Eno Benjamin,placed on ir with torn achilles tendon
2023-08-06,Texans,,• D.J. Scaife Jr.,placed on ir with right leg injury
2023-08-06,Vikings,,• James Lynch,placed on ir with torn acl in knee
2023-08-07,Bengals,,• Devonnsha Maxwell,placed on ir with right knee injury
2023-08-07,Commanders,,• Troy Apke,placed on ir with shoulder injury
2023-08-07,Eagles,,• Charleston Rambo,placed on ir with undisclosed injury
2023-08-07,Jets,,• Hamsah Nasirildeen,placed on ir with neck injury
2023-08-07,Jets,,• Maalik Hall,placed on ir with undisclosed injury
2023-08-07,Texans,,• Greg Little,placed on ir with undisclosed injury
2023-08-08,Commanders,,• Curtis Brooks,placed on ir with undisclosed injury
2023-08-08,Jets,,• Chris Streveler,placed on ir with thumb injury
2023-08-08,Texans,,• Jesse Matthews,placed on ir with torn acl in knee
2023-08-09,Bears,,• Jake Tonges,placed on ir with undisclosed injury
2023-08-09,Cardinals,,• Marlon Mack,placed on ir with torn left achilles tendon
2023-08-09,Jets,,• Yodny Cajuste,placed on ir with undisclosed injury
2023-08-09,Panthers,,• Jalen Redmond,placed on ir with undisclosed injury
2023-08-09,Seahawks,,• Andrew Whitaker,placed on ir with undisclosed injury
2023-08-09,Steelers,,• Ja'Marcus Bradley,placed on ir with undisclosed injury
2023-08-10,Chargers,,• Nicolas Melsop / Nicholas Melsop / Nic Melsop,placed on ir with undisclosed injury
2023-08-10,Saints,,• Koda Martin,placed on ir
2023-08-10,Seahawks,,• Joshua Onujiogu / Josh Onujiogu,placed on ir with undisclosed injury
2023-08-11,49ers,,• Anthony Averett,placed on ir with undisclosed injury
2023-08-11,Colts,,• La'Michael Pettway,placed on ir with undisclosed injury
2023-08-11,Colts,,• Michael Tutsie,placed on ir with undisclosed injury
2023-08-13,49ers,,• Daelin Hayes,placed on ir with undisclosed injury
2023-08-13,Browns,,• Bubba Bolden,placed on ir with hamstring injury
2023-08-13,Browns,,• Jacob Phillips,placed on ir with torn pectoral muscle
2023-08-13,Raiders,,• D.J. Turner (b. 1997-01-18),placed on ir with undisclosed injury
2023-08-13,Raiders,,• Darius Harris,placed on ir with undisclosed injury
2023-08-14,Cardinals,,• Rashad Fenton,placed on ir with undisclosed injury
2023-08-14,Dolphins,,• Freddie Swain,placed on ir with hamstring injury
2023-08-14,Dolphins,,• Mark Gilbert,placed on ir with undisclosed injury
2023-08-14,Eagles,,• Shaun Bradley,placed on ir with torn right achilles tendon
2023-08-14,Jaguars,,• Henry Mondeaux,placed on ir with undisclosed injury
2023-08-14,Jets,,• Ifeadi Odenigbo,placed on ir with undisclosed injury
2023-08-14,Steelers,,• Chapelle Russell,placed on ir with knee injury
2023-08-14,Steelers,,• Duke Dawson,placed on ir with left knee injury
2023-08-14,Titans,,• Shakel Brown,placed on ir with ankle injury
2023-08-15,Chiefs,,• Jody Fortson Jr. / Joe Fortson,placed on ir with shoulder injury
2023-08-15,Falcons,,• Adetokunbo Ogundeji / Ade Ogundeji,placed on ir with foot injury
2023-08-15,Falcons,,• Frank Darby,placed on ir
2023-08-15,Lions,,• Trey Quinn,placed on ir
2023-08-15,Raiders,,• Brandon Parker,placed on ir with triceps injury
2023-08-15,Vikings,,• William Kwenkeu,placed on ir with undisclosed injury
2023-08-16,Broncos,,• Elliott Fry,placed on ir with undisclosed injury
2023-08-16,Chiefs,,• Anthony Witherstone,placed on ir with toe injury
2023-08-16,Falcons,,• Matt Hennessy,placed on ir with knee/leg injury
2023-08-16,Giants,,• Devery Hamilton,placed on ir with calf injury
2023-08-16,Panthers,,• Damiere Byrd,placed on ir with hamstring injury
2023-08-17,Broncos,,• Forrest Merrill,placed on ir with undisclosed injury
2023-08-17,Chargers,,• Kemon Hall,placed on ir with undisclosed injury
2023-08-17,Colts,,• Ashton Dulin,placed on ir with torn acl in knee
2023-08-17,Giants,,• Troy Brown (a),placed on ir with undisclosed injury
2023-08-17,Jets,,• Javelin Guidry Jr.,placed on ir with undisclosed injury
2023-08-18,Bears,,• Buddy Johnson,placed on ir with undisclosed injury
2023-08-18,Colts,,• Genard Avery,placed on ir with surgery on knee
2023-08-18,Colts,,• Malik Turner,placed on ir with undisclosed injury
2023-08-18,Seahawks,,• Ra'Shaun Henry,placed on ir with undisclosed injury
2023-08-19,49ers,,• Taco Charlton,placed on ir with hamstring injury
2023-08-19,Lions,,• Denzel Mims,placed on ir with undisclosed injury
2023-08-19,Ravens,,• Jordan Swann,placed on ir
2023-08-20,Buccaneers,,• Russell Gage,placed on ir with torn patellar tendon in right knee
2023-08-20,Eagles,,• Noah Elliss,placed on ir with undisclosed injury
2023-08-20,Eagles,,• Tyrie Cleveland,"placed on ir with concussion, neck injury"
2023-08-20,Eagles,,• Zech McPhearson,placed on ir with torn right achilles tendon
2023-08-21,Bears,,• Adrian Colbert,placed on ir with undisclosed injury
2023-08-21,Bills,,• Shane Ray,placed on ir with hamstring injury
2023-08-21,Lions,,• Mohamed Ibrahim,placed on ir with undisclosed injury
2023-08-21,Packers,,• Tyler Davis,placed on ir with torn acl in right knee
2023-08-22,Bears,,• Jared Pinkney,placed on ir with undisclosed injury
2023-08-22,Broncos,,• Jalen Virgil,placed on ir with torn meniscus in right knee
2023-08-22,Dolphins,,• Tino Ellis,placed on ir with undisclosed injury
2023-08-22,Raiders,,• Darien Butler,placed on ir with undisclosed injury
2023-08-22,Steelers,,• Cody White (b. 1998-11-28),placed on ir with undisclosed injury
2023-08-22,Steelers,,• Hakeem Butler,placed on ir with undisclosed injury
2023-08-22,Texans,,• Alex Bachman,placed on ir with undisclosed injury
2023-08-23,Cardinals,,• Lachavious Simmons,placed on ir with undisclosed injury
2023-08-23,Chargers,,• Andrew Trainer,placed on ir with undisclosed injury
2023-08-23,Packers,,• Jake Hanson,placed on ir with undisclosed injury
2023-08-23,Patriots,,• Tre Nixon,placed on ir with undisclosed injury
2023-08-24,Texans,,• Kilian Zierer,placed on ir with ankle injury
2023-08-24,Texans,,• Tyree Gillespie,placed on ir with undisclosed injury
2023-08-25,Bears,,• Dante Pettis,placed on ir with undisclosed injury
2023-08-25,Dolphins,,• Myles Dorn,placed on ir with undisclosed injury
2023-08-26,Eagles,,• Roderick Johnson,placed on ir with undisclosed injury
2023-08-27,Browns,,• Jakeem Grant,placed on ir with torn patellar tendon in right knee
2023-08-27,Buccaneers,,• Ryan Jensen,placed on ir with left knee injury
2023-08-27,Giants,,• Bryce Ford-Wheaton,placed on ir with torn acl in knee
2023-08-27,Raiders,,• Brittain Brown,placed on ir with undisclosed injury
2023-08-27,Raiders,,• Isaiah Zuber,placed on ir with undisclosed injury
2023-08-27,Raiders,,• Jacob Hollister,placed on ir with undisclosed injury
2023-08-28,Cardinals,,• Pat Elflein,placed on ir with hip injury
2023-08-28,Commanders,,• Braeden Daniels,placed on ir with shoulder injury
2023-08-28,Giants,,• Chris Myarick,placed on ir with hand injury
2023-08-28,Jets,,• Jimmy Moreland,placed on ir with hand injury
2023-08-28,Titans,,• Hassan Haskins,placed on ir with upper body injury
2023-08-29,49ers,,• A.J. Parker,placed on ir with hamstring injury
2023-08-29,49ers,,• Cameron Latu,placed on ir with torn meniscus in knee
2023-08-29,49ers,,• Tayler Hawkins,placed on ir with fractured hand
2023-08-29,49ers,,• Zane Gonzalez,placed on ir with calf injury
2023-08-29,Bears,,• Isaiah Ford,placed on ir with undisclosed
2023-08-29,Bengals,,• Marvell Tell III,placed on ir with concussion
2023-08-29,Bengals,,• Tautala Pesefea Jr.,placed on ir with elbow injury
2023-08-29,Bills,,• Matt Barkley,placed on ir with elbow injury
2023-08-29,Cardinals,,• Jon Gaines II,placed on ir with knee injury
2023-08-29,Colts,,• Danny Pinter,placed on ir with fractured left ankle
2023-08-29,Colts,,• JoJo Domann,placed on ir with undisclosed
2023-08-29,Colts,,• Ricky Seals-Jones,placed on ir with undisclosed
2023-08-29,Colts,,• Titus Leo,placed on ir with undisclosed
2023-08-29,Commanders,,• Brandon Dillon,placed on ir with undisclosed
2023-08-29,Commanders,,• Jonathan Williams (b. 1994-02-02),placed on ir with undisclosed
2023-08-29,Commanders,,• Kaden Smith,placed on ir with undisclosed
2023-08-29,Commanders,,• Kyric McGowan,placed on ir with undisclosed
2023-08-29,Cowboys,,• David Durden,placed on ir with torn acl in left knee
2023-08-29,Cowboys,,• DeMarvion Overshown,placed on ir with torn acl in left knee
2023-08-29,Cowboys,,• John Stephens Jr.,placed on ir with torn acl in left knee
2023-08-29,Cowboys,,• Josh Ball,placed on ir with groin/hip injury
2023-08-29,Dolphins,,• Eric Saubert,placed on ir with undisclosed
2023-08-29,Dolphins,,• Keion Crossen,placed on ir with shoulder injury
2023-08-29,Falcons,,• Cornell Armstrong,placed on ir with undisclosed
2023-08-29,Falcons,,• Penny Hart,placed on ir with undisclosed
2023-08-29,Jaguars,,• Josh Wells,placed on ir with abdominal injury
2023-08-29,Jaguars,,• Ventrell Miller,placed on ir with torn right achilles tendon (out for season)
2023-08-29,Lions,,• Nate Sudfeld,placed on ir with torn acl in left knee
2023-08-29,Packers,,• Tarvarius Moore,placed on ir with with knee injury
2023-08-29,Panthers,,• Henry Anderson (Wyatt),placed on ir with foot injury
2023-08-29,Patriots,,• Conor McDermott,placed on ir with undisclosed
2023-08-29,Patriots,,• Isaiah Bolden,placed on ir with concussion
2023-08-29,Raiders,,• Dalton Wagner,placed on ir with undisclosed
2023-08-29,Texans,,• Kenyon Green,placed on ir with shoulder injury
2023-08-30,Bears,,• Gabe Houy,placed on ir with leg injury
2023-08-30,Bears,,• Joe Reed,placed on ir with undisclosed
2023-08-30,Bears,,• Trestan Ebner,placed on ir with concussion
2023-08-30,Broncos,,• Christopher Allen,placed on ir with groin injury
2023-08-30,Browns,,• Anthony Schwartz,placed on ir with hamstring injury
2023-08-30,Buccaneers,,• Dominique Dafney,placed on ir with undisclosed
2023-08-30,Buccaneers,,• Don Gardner / Donnie Gardner,placed on ir with undisclosed
2023-08-30,Buccaneers,,• Kedrick Whitehead,placed on ir with undisclosed
2023-08-30,Cardinals,,• Kyler McMichael,placed on ir with undisclosed
2023-08-30,Chargers,,• Amechi Uzodinma II,placed on ir with undisclosed
2023-08-30,Chargers,,• Blake Lynch,placed on ir with undisclosed
2023-08-30,Chargers,,• Darrius Shepherd,placed on ir with undisclosed
2023-08-30,Chargers,,• Milton Wright,placed on ir with undisclosed
2023-08-30,Chiefs,,• Jerome Carvin,placed on ir with undisclosed
2023-08-30,Chiefs,,• Nikko Remigio,placed on ir with undisclosed
2023-08-30,Chiefs,,• Olakunle Fatukasi,placed on ir with undisclosed
2023-08-30,Eagles,,• Trey Sermon,placed on ir with undisclosed
2023-08-30,Giants,,• Jack Anderson (b),placed on ir with undisclosed
2023-08-30,Giants,,• Wyatt Davis,placed on ir with undisclosed
2023-08-30,Giants,,• Zyon Gilbert,placed on ir with undisclosed
2023-08-30,Jaguars,,• Jaray Jenkins,placed on ir with surgery on foot
2023-08-30,Lions,,• Jermar Jefferson,placed on ir
2023-08-30,Packers,,• Broughton Hatcher / B.R. Hatcher,placed on ir with undisclosed
2023-08-30,Packers,,• Lew Nichols III,placed on ir with shoulder injury
2023-08-30,Packers,,• Tyler Goodson,placed on ir with shoulder injury
2023-08-30,Panthers,,• Mac McCain III,placed on ir with undisclosed
2023-08-30,Patriots,,• Diego Fagot,placed on ir with undisclosed
2023-08-30,Raiders,,• Chris Lacy (b. 1996-01-28),placed on ir with undisclosed
2023-08-30,Rams,,• DeAndre Square,placed on ir with undisclosed
2023-08-30,Rams,,• Rashad Torrence II,placed on ir with undisclosed
2023-08-30,Rams,,• Ryan Smenda Jr.,placed on ir with undisclosed
2023-08-30,Seahawks,,• Joey Blount,placed on ir with undisclosed
2023-08-30,Seahawks,,• Vi Jones (b. 1998-05-05),placed on ir with undisclosed
2023-08-30,Texans,,• Keaton Sutherland,placed on ir with undisclosed
2023-08-30,Texans,,• Roy Lopez,placed on ir with hamstring injury
2023-08-30,Titans,,• Alize Mack,placed on ir with undisclosed
2023-08-30,Titans,,• Tyler Shelvin,placed on ir with undisclosed
2023-08-30,Vikings,,• Abraham Beauplan,placed on ir with undisclosed
2023-08-30,Vikings,,• Tay Gowan,placed on ir with undisclosed
2023-08-30,Chargers,,• Matt Kaskey,placed on ir with undisclosed
2023-08-30,Seahawks,,• Jonathan Sutherland,placed on ir with undisclosed
2023-08-30,Titans,,• Jonathan Ward,placed on ir with undisclosed
2023-08-30,Titans,,• Josh Thompson (b. 1998-10-20),placed on ir with undisclosed
2023-08-31,49ers,,• Danny Gray,placed on ir with sprained shoulder
2023-08-31,49ers,,• Robert Beal Jr.,placed on ir with hamstring injury
2023-08-31,Bears,,• Doug Kramer,placed on ir with undisclosed injury
2023-08-31,Bears,,• Teven Jenkins,placed on ir with leg injury
2023-08-31,Bills,,• Baylon Spector,placed on ir with hamstring injury
2023-08-31,Bills,,• Justin Shorter,placed on ir with hamstring injury
2023-08-31,Broncos,,• Alex Palczewski,placed on ir with hand injury
2023-08-31,Broncos,,• K'Waun Williams,placed on ir with surgery on left ankle
2023-08-31,Broncos,,• P.J. Locke,placed on ir with leg injury
2023-08-31,Browns,,• Jordan Kunaszyk,placed on ir with torn mcl in knee
2023-08-31,Cardinals,,• Dennis Daley,placed on ir with ankle injury
2023-08-31,Cardinals,,• Myjai Sanders,placed on ir with hand injury
2023-08-31,Colts,,• Jelani Woods,placed on ir with hamstring injury
2023-08-31,Commanders,,• Efe Obada,placed on ir with undisclosed injury
2023-08-31,Commanders,,• Phidarian Mathis,placed on ir with calf injury
2023-08-31,Cowboys,,• Matt Waletzko,placed on ir with shoulder injury
2023-08-31,Cowboys,,• Nahshon Wright,placed on ir with high ankle sprain
2023-08-31,Dolphins,,• Jalen Ramsey,placed on ir recovering from surgery on left knee to repair torn meniscus
2023-08-31,Dolphins,,• Jeff Wilson Jr.,placed on ir with various injuries
2023-08-31,Dolphins,,• Robert Jones (e),placed on ir with sprained mcl in knee
2023-08-31,Jaguars,,• Cooper Hodges,placed on ir with patellar tendon injury in knee
2023-08-31,Jaguars,,• Davon Hamilton,placed on ir with back injury
2023-08-31,Jets,,• Carter Warren,placed on ir with torn meniscus in knee
2023-08-31,Jets,,• Kenny Yeboah,placed on ir with hamstring injury
2023-08-31,Lions,,• Julian Okwara,placed on ir with undisclosed injury
2023-08-31,Packers,,• Luke Tenuta,placed on ir with ankle injury
2023-08-31,Panthers,,• Stephen Sullivan,placed on ir with hip injury
2023-08-31,Patriots,,• Tyquan Thornton,placed on ir with shoulder injury
2023-08-31,Ravens,,• Damarion Williams,placed on ir with ankle injury
2023-08-31,Ravens,,• Keaton Mitchell,placed on ir with shoulder injury
2023-08-31,Ravens,,• Malik Hamm,placed on ir with undisclosed injury
2023-08-31,Texans,,• Cameron Johnston,placed on ir with calf injury
2023-08-31,Texans,,• Juice Scruggs,placed on ir with hamstring injury
2023-08-31,Titans,,• Kyle Philips,placed on ir with mcl injury in knee
2023-08-31,Vikings,,• Kene Nwangwu,placed on ir with leg injury
2023-09-01,Rams,,• Ochaun Mathis,placed on ir with knee injury
2023-09-04,Panthers,,• Marquis Haynes,placed on ir with back injury
2023-09-04,Patriots,,• Riley Reiff,placed on ir with knee injury
2023-09-04,Seahawks,,• Dareke Young,placed on ir with abductor injury in hip
2023-09-06,Rams,,• Shaun Jolly,placed on ir with undisclosed injury
2023-09-06,Texans,,• Tytus Howard,placed on ir with surgery on hand to repair fracture
2023-09-08,Commanders,,• Dax Milne,placed on ir with groin injury
2023-09-08,Raiders,,• Brandon Facyson,placed on ir with shin injury
2023-09-09,Patriots,,• Jack Jones (b. 1997-12-20),placed on ir with hamstring injury
2023-09-09,Rams,,• Cooper Kupp,placed on ir with hamstring injury
2023-09-09,Rams,,• Hunter Long,placed on ir with thigh injury
2023-09-09,Saints,,• Tre'Quan Smith,placed on ir with groin injury
2023-09-09,Seahawks,,• Kenny McIntosh,placed on ir with sprained knee
2023-09-12,Browns,,• Jack Conklin,"placed on ir with torn acl, mcl in left knee"
2023-09-12,Eagles,,• Nakobe Dean,placed on ir with right foot injury
2023-09-12,Jets,,• Aaron Rodgers,placed on ir with torn left achilles tendon
2023-09-12,Ravens,,• J.K. Dobbins,placed on ir with torn left achilles tendon
2023-09-13,Broncos,,• Caden Sterns,placed on ir with knee injury
2023-09-13,Colts,,• Evan Hull,placed on ir with knee injury
2023-09-13,Panthers,,• Brady Christensen,placed on ir with biceps injury
2023-09-13,Saints,,• Payton Turner,placed on ir with surgery on toe
2023-09-13,Seahawks,,• Abraham Lucas,placed on ir with knee injury
2023-09-13,Texans,,• Hassan Ridgeway,placed on ir with calf injury
2023-09-13,Texans,,• Noah Brown,placed on ir with groin injury
2023-09-14,Bears,,• Kyler Gordon,placed on ir with hand injury
2023-09-14,Steelers,,• Cameron Heyward / Cam Heyward,placed on ir with surgery on groin
2023-09-15,Panthers,,• Jaycee Horn,placed on ir with hamstring injury
2023-09-15,Rams,,• Jason Taylor II,placed on ir with groin injury
2023-09-16,49ers,,• Samuel Womack,placed on ir with mcl injury in knee
2023-09-16,Broncos,,• Greg Dulcich,placed on ir with hamstring injury
2023-09-16,Cardinals,,• L.J. Collier,placed on ir with biceps injury
2023-09-16,Jaguars,,• Gregory Junior,placed on ir with hamstring injury
2023-09-16,Lions,,• Joshua Paschal / Josh Paschal,placed on ir with knee injury
2023-09-16,Lions,,• Khalil Dorsey,placed on ir with illness
2023-09-18,Cardinals,,• Budda Baker,placed on ir with hamstring injury
2023-09-18,Steelers,,• Anthony McFarland Jr.,placed on ir with knee injury
2023-09-18,Steelers,,• Diontae Johnson,placed on ir with hamstring injury
2023-09-19,Lions,,• Chauncey Gardner-Johnson / C.J. Gardner-Johnson,placed on ir with pectoral muscle injury
2023-09-19,Lions,,• James Houston,placed on ir with fractured ankle
2023-09-19,Panthers,,• Shaq Thompson,placed on ir with fractured fibula in right leg
2023-09-19,Ravens,,• Ar'Darius Washington,placed on ir with chest injury
2023-09-19,Vikings,,• Olisaemeka Udoh / Oli Udoh,placed on ir with torn quadriceps tendon
2023-09-20,Bears,,• Braxton Jones,placed on ir with neck injury
2023-09-20,Browns,,• Nick Chubb,placed on ir with left knee injury
2023-09-20,Buccaneers,,• Chase Edmonds,placed on ir with sprained mcl in knee
2023-09-20,Eagles,,• Avonte Maddox,placed on ir with torn pectoral muscle
2023-09-20,Seahawks,,• Mike Morris (Jr.),placed on ir with shoulder injury
2023-09-21,Vikings,,• Jalen Nailor,placed on ir with hamstring injury
2023-09-22,Patriots,,• Marcus Jones Jr.,placed on ir with torn labrum in shoulder
2023-09-22,Titans,,• Kearis Jackson,placed on ir with ankle injury
2023-09-22,Titans,,• Hassan Haskins,placed on ir with undisclosed injury
2023-09-23,Bears,,• Khalid Kareem,placed on ir with hip injury
2023-09-23,Cardinals,,• Carlos Watkins,placed on ir with biceps injury
2023-09-23,Chiefs,,• Richie James,placed on ir with knee injury
2023-09-23,Cowboys,,• Trevon Diggs,placed on ir with torn acl in left knee
2023-09-23,Jets,,• Duane Brown,"placed on ir with various injuries / shoulder, hip injuries"
2023-09-23,Saints,,• Jamaal Williams,placed on ir with hamstring injury
2023-09-23,Texans,,• Derek Stingley Jr.,placed on ir with hamstring injury
2023-09-25,Ravens,,• Tylan Wallace,placed on ir with hamstring injury
2023-09-25,Jaguars,,• Leonard Taylor,placed on ir with undisclosed injury
2023-09-26,Chargers,,• Mike Williams (K.),placed on ir with torn acl in left knee
2023-09-26,Falcons,,• Troy Andersen,placed on ir with shoulder injury / pectoral injury
2023-09-26,Patriots,,• Daniel Ekuale,placed on ir with torn biceps
2023-09-26,Titans,,• Julius Chestnut,placed on ir with hamstring injury
2023-09-26,Titans,,• Mike Brown (b. 1999-04-07),placed on ir with undisclosed injury
2023-09-27,Chiefs,,• Prince Tega Wanogho / Prince Wanogho,placed on ir with torn quadriceps
2023-09-28,Lions,,• Matt Nelson,placed on ir with ankle injury
2023-09-28,Packers,,• David Bakhtiari,placed on ir with left knee injury
2023-09-29,Bears,,• Josh Blackwell,placed on ir with hamstring injury
2023-09-29,Bengals,,• Charlie Jones (b. 1998-10-29),placed on ir with thumb injury
2023-09-29,Dolphins,,• River Cracraft,placed on ir with shoulder injury
2023-09-30,Raiders,,• Curtis Bolton,placed on ir with knee injury
2023-09-30,Ravens,,• David Ojabo,"placed on ir with ankle, knee injuries / various injuries"
2023-10-04,Colts,,• Dallis Flowers,placed on ir with torn achilles tendon
2023-10-04,Falcons,,• Josh Ali,placed on ir with ankle injury
2023-10-04,Texans,,• Kendrick Green,placed on ir with torn meniscus in right knee
2023-10-06,Dolphins,,• Terron Armstead,placed on ir with knee injury
2023-10-07,Bills,,• Tre'Davious White,placed on ir with torn right achilles tendon
2023-10-07,Eagles,,• Cam Jurgens,placed on ir with foot injury
2023-10-07,Jaguars,,• Parker Washington,placed on ir with knee injury
2023-10-07,Lions,,• Jason Cabinda,placed on ir with knee injury
2023-10-07,Patriots,,• Christian Gonzalez,placed on ir recovering from surgery on right shoulder to repair labrum
2023-10-07,Ravens,,• Daryl Worley,placed on ir with shoulder injury
2023-10-10,Cardinals,,• James Conner,placed on ir with knee injury
2023-10-10,Commanders,,• Darrick Forrest,placed on ir with fractured shoulder
2023-10-10,Commanders,,• Jeremy Reaves,placed on ir with partially torn acl in knee
2023-10-10,Rams,,• Bobby Brown III,placed on ir with sprained mcl in knee
2023-10-11,Bills,,• DaQuan Jones,placed on ir with torn pectoral muscle
2023-10-11,Bills,,• Matt Milano,"placed on ir with fractured right leg, knee"
2023-10-11,Colts,,• Anthony Richardson,placed on ir with sprained ac joint in right shoulder
2023-10-11,Dolphins,,• De'Von Achane,placed on ir with knee injury
2023-10-11,Jets,,• Alijah Vera-Tucker,placed on ir with torn achilles tendon
2023-10-11,Vikings,,• Justin Jefferson,placed on ir with right hamstring injury
2023-10-11,Vikings,,• Nick Mullens,placed on ir with back injury
2023-10-12,Cowboys,,• Peyton Hendershot,placed on ir with ankle injury
2023-10-13,Bears,,• Equanimeous St. Brown,placed on ir with hamstring injury
2023-10-13,Bears,,• Khalil Herbert,placed on ir with ankle injury
2023-10-13,Eagles,,• Justin Evans (b. 1995-08-26),placed on ir with knee injury
2023-10-14,Eagles,,• Quez Watkins,placed on ir with hamstring injury
2023-10-14,Giants,,• Azeez Ojulari,placed on ir with ankle injury
2023-10-14,Jaguars,,• Christian Braswell,placed on ir with hamstring injury (out for season)
2023-10-14,Jets,,• Justin Hardee,placed on ir recovering from surgery on hamstring
2023-10-14,Lions,,• Emmanuel Moseley,placed on ir with torn acl in right knee
2023-10-14,Lions,,• Zonovan Knight / Bam Knight,placed on ir with shoulder injury
2023-10-14,Panthers,,• Ian Thomas (c),placed on ir with calf injury
2023-10-14,Patriots,,• Matthew Judon / Matt Judon,placed on ir with biceps/elbow injury
2023-10-14,Patriots,,• Tyrone Wheatley Jr.,placed on ir with knee injury
2023-10-14,Saints,,• Adam Prentice,placed on ir with knee injury
2023-10-14,Seahawks,,• Coby Bryant,placed on ir with toe injury
2023-10-16,Cowboys,,• C.J. Goodwin,placed on ir with torn pectoral muscle
2023-10-16,Cowboys,,• Leighton Vander Esch,"placed on ir with concussion, neck injury"
2023-10-17,Browns,,• Michael Dunn,placed on ir with calf injury
2023-10-17,Giants,,• Joshua Ezeudu,placed on ir with right toe injury
2023-10-18,Chargers,,• Raheem Layne,placed on ir with torn acl in knee
2023-10-18,Raiders,,• Roderic Teamer,placed on ir with hamstring injury
2023-10-18,Rams,,• Ronnie Rivers,placed on ir with sprained pcl in knee
2023-10-18,Texans,,• Eric Murray,placed on ir with knee injury
2023-10-18,Vikings,,• Marcus Davenport,placed on ir with sprained left ankle
2023-10-19,Giants,,• Shane Lemieux,placed on ir with torn biceps
2023-10-20,Bills,,• Damien Harris,"placed on ir with concussion, neck injury"
2023-10-20,Dolphins,,• Christopher Brooks / Chris Brooks (b),placed on ir with ankle injury
2023-10-21,Broncos,,• Greg Dulcich,placed on ir with hamstring injury
2023-10-21,Patriots,,• Riley Reiff,placed on ir with knee injury
2023-10-21,Rams,,• Kyren Williams,placed on ir with ankle injury
2023-10-21,Steelers,,• Pat Freiermuth,placed on ir with hamstring injury
2023-10-24,Cardinals,,• Zach Ertz,placed on ir with strained quadriceps
2023-10-24,Dolphins,,• Isaiah Wynn,placed on ir with quadriceps injury
2023-10-24,Giants,,• Eric Gray,placed on ir with calf injury
2023-10-24,Giants,,• Matt Peart,placed on ir with shoulder injury
2023-10-24,Panthers,,• Giovanni Ricci,placed on ir with shoulder injury
2023-10-24,Panthers,,• Jeremy Chinn,placed on ir with quadriceps injury
2023-10-24,Panthers,,• Yetur Gross-Matos,placed on ir with hamstring injury
2023-10-25,Packers,,• Darnell Savage,placed on ir with calf injury
2023-10-25,Packers,,• Eric Stokes (Jamane),placed on ir with hamstring injury
2023-10-25,Titans,,• Taylor Stallworth,placed on ir with undisclosed
2023-10-26,Bills,,• Dawson Knox,placed on ir recovering from surgery on wrist
2023-10-26,Seahawks,,• Uchenna Nwosu,placed on ir recovering from surgery to repair pectoral injury
2023-10-28,Bengals,,• Chase Brown (b. 2000-03-21),placed on ir with hamstring injury
2023-10-28,Broncos,,• Brandon Johnson (b. 1998-07-26),placed on ir with hamstring injury
2023-10-28,Cardinals,,• Elijah Wilkinson,placed on ir with neck injury
2023-10-28,Chiefs,,• Nick Bolton,placed on ir recovering from surgery on wrist
2023-10-28,Commanders,,• Cody Barton,placed on ir with ankle injury
2023-10-28,Commanders,,• Saahdiq Charles,placed on ir with calf injury
2023-10-28,Giants,,• Gary Brightwell,placed on ir with hamstring injury
2023-10-30,Raiders,,• Kana'i Mauga,placed on ir with knee injury
2023-10-31,Falcons,,• Grady Jarrett,placed on ir with torn acl in knee
2023-10-31,Jets,,• Al Woods (Joseph),placed on ir with torn achilles tendon
2023-10-31,Jets,,• Connor McGovern (b. 1993-04-27),placed on ir with dislocated kneecap
2023-10-31,Jets,,• Wes Schweitzer,placed on ir with calf injury
2023-10-31,Lions,,• Scott Daly,placed on ir with surgery on knee
2023-10-31,Patriots,,• Kendrick Bourne,placed on ir with torn acl in right knee
2023-10-31,Texans,,• Jarrett Patterson,placed on ir with ankle / lower leg injury
2023-10-31,Texans,,• Teagan Quitoriano,placed on ir with groin injury
2023-10-31,Vikings,,• Kirk Cousins,placed on ir with torn right achilles tendon
2023-11-01,Falcons,,• LaCale London,placed on ir with knee injury
2023-11-02,Bills,,• Kaiir Elam,placed on ir with ankle injury
2023-11-03,Bengals,,• Tycen Anderson,placed on ir with left knee injury
2023-11-03,Giants,,• Graham Gano,placed on ir with surgery on left knee
2023-11-03,Panthers,,• Claudin Cherelus,placed on ir with knee injury
2023-11-03,Patriots,,• Calvin Anderson,placed on ir with illness
2023-11-04,Giants,,• Darren Waller,placed on ir with hamstring injury
2023-11-04,Giants,,• Tyrod Taylor,placed on ir with rib injury
2023-11-04,Panthers,,• Justin Houston,placed on ir with hamstring injury
2023-11-06,Chargers,,• Joshua Palmer / Josh Palmer,placed on ir with knee injury
2023-11-06,Seahawks,,• Drake Thomas,placed on ir with knee injury
2023-11-06,Steelers,,• Cole Holcomb,placed on ir with surgery on knee (out for season)
2023-11-07,Browns,,• Cameron Mitchell,placed on ir with hamstring / shoulder injury
2023-11-07,Browns,,• Jedrick Wills Jr.,placed on ir with sprained mcl in knee
2023-11-07,Cardinals,,• Bobby Price,placed on ir with undisclosed
2023-11-07,Commanders,,• Ricky Stromberg,placed on ir with knee injury
2023-11-07,Panthers,,• Chandler Wooten,placed on ir with ankle injury
2023-11-07,Panthers,,• Luiji Vilain,placed on ir with knee injury
2023-11-07,Texans,,• Hassan Ridgeway,placed on ir with torn right achilles tendon (out for season)
2023-11-07,Texans,,• M.J. Stewart,placed on ir with shoulder injury
2023-11-08,Giants,,• Daniel Jones,placed on ir with torn acl in right knee
2023-11-08,Vikings,,• Cam Akers,placed on ir with torn left achilles tendon
2023-11-11,49ers,,• Drake Jackson,placed on ir with knee injury
2023-11-11,Texans,,• Ka'imi Fairbairn,placed on ir with quadriceps injury
2023-11-11,Titans,,• Nicholas Petit-Frere,placed on ir with shoulder injury
2023-11-14,Lions,,• Halapoulivaati Vaitai,placed on ir with back injury
2023-11-14,Steelers,,• Kwon Alexander,placed on ir with torn left achilles tendon (out for season)
2023-11-14,Vikings,,• Jordan Hicks (b. 1992-06-27),placed on ir with bruised shin
2023-11-15,49ers,,• Nick Zakelj,placed on ir with torn biceps
2023-11-15,Browns,,• Deshaun Watson,placed on ir with fracture in right shoulder
2023-11-15,Chargers,,• Chris Rumph II,placed on ir with fractured foot
2023-11-15,Titans,,• Chance Campbell,placed on ir with undisclosed injury
2023-11-16,Eagles,,• Nakobe Dean,placed on ir with lisfranc injury in foot (surgery)
2023-11-18,Cowboys,,• Viliami Fehoko Jr.,placed on ir with knee injury
2023-11-18,Jaguars,,• Jamal Agnew,"placed on ir with shoulder, ribs injuries / various injuries"
2023-11-18,Steelers,,• Keanu Neal,placed on ir with rib injury
2023-11-18,Texans,,• Grayland Arnold,placed on ir with calf injury
2023-11-20,Commanders,,• Efe Obada,placed on ir with fractured right leg
2023-11-20,Steelers,,• Elijah Riley,placed on ir with ankle injury
2023-11-20,Vikings,,• Dean Lowry,placed on ir with torn pectoral muscle
2023-11-21,49ers,,• Talanoa Hufanga,placed on ir with torn acl in right knee
2023-11-21,Browns,,• Rodney McLeod Jr.,placed on ir with torn biceps
2023-11-21,Cardinals,,• Kyzir White,placed on ir with torn biceps
2023-11-21,Cardinals,,• Leki Fotu,placed on ir with hand injury
2023-11-21,Chargers,,• Tanner Muse,placed on ir with knee injury
2023-11-21,Dolphins,,• Salvon Ahmed,placed on ir with foot injury
2023-11-21,Saints,,• Michael Thomas (William),placed on ir with knee injury
2023-11-22,Buccaneers,,• Rakim Jarrett,placed on ir with undisclosed
2023-11-22,Chargers,,• Joey Bosa,placed on ir with sprained foot
2023-11-22,Commanders,,• De'Jon Harris,placed on ir with quadriceps injury
2023-11-22,Packers,,• Emanuel Wilson,placed on ir with shoulder injury
2023-11-22,Packers,,• Luke Musgrave,placed on ir with lacerated kidney
2023-11-22,Panthers,,• Austin Corbett,placed on ir with knee injury
2023-11-22,Panthers,,• Dicaprio Bootle,placed on ir with knee injury
2023-11-23,Seahawks,,• Jerrick Reed II,placed on ir with torn acl in knee
2023-11-25,Bengals,,• Joe Burrow,placed on ir with right wrist injury (surgery)
2023-11-25,Chiefs,,• Mecole Hardman,placed on ir with thumb injury
2023-11-25,Ravens,,• Mark Andrews,placed on ir recovering from surgery on left ankle
2023-11-25,Saints,,• Marshon Lattimore,placed on ir with ankle injury
2023-11-25,Titans,,• Chris Hubbard,placed on ir with biceps injury
2023-11-27,49ers,,• George Odum,placed on ir with torn biceps
2023-11-27,Jaguars,,• Cam Robinson,placed on ir with left knee injury
2023-11-28,Dolphins,,• Jaelan Phillips,placed on ir with torn right achilles tendon (out for season)
2023-11-28,Rams,,• Duke Shelley,placed on ir with hamstring injury
2023-11-29,Panthers,,• Chandler Zavala,placed on ir with knee injury
2023-11-29,Texans,,• Tytus Howard,placed on ir with surgery on knee
2023-11-30,Panthers,,• Laviska Shenault Jr.,placed on ir with ankle injury
2023-11-30,Seahawks,,• Phil Haynes,placed on ir with toe injury
2023-12-01,Buccaneers,,• Mike Greene (b. 1999-05-03),placed on ir with calf injury
2023-12-04,Bengals,,• Cam Taylor-Britt,"placed on ir with ankle, quadriceps injuries"
2023-12-05,Lions,,• Alim McNeill,placed on ir with sprained knee
2023-12-05,Texans,,• Nathaniel Dell / Tank Dell,placed on ir with fractured fibula in leg
2023-12-06,Cowboys,,• Sean McKeon,placed on ir with ankle injury
2023-12-06,Jets,,• C.J. Uzomah,placed on ir with mcl injury in knee
2023-12-06,Saints,,• Malcolm Roach,placed on ir with knee injury
2023-12-06,Saints,,• Marcus Maye,placed on ir with shoulder injury
2023-12-08,Jaguars,,• Christian Kirk (Davon),placed on ir with core muscle injury
2023-12-08,Titans,,• Joe Jones (Edwin),placed on ir with finger injury
2023-12-08,Titans,,• Ryan Stonehouse,placed on ir with surgery on knee (out for season)
2023-12-09,49ers,,• Ray-Ray McCloud,placed on ir with rib injury
2023-12-09,Chargers,,• Zack Bailey,placed on ir with back injury
2023-12-09,Chiefs,,• Bryan Cook (b),placed on ir with ankle injury
2023-12-09,Dolphins,,• Jerome Baker,placed on ir with knee injury
2023-12-09,Jets,,• Wes Schweitzer,placed on ir with calf injury
2023-12-09,Saints,,• Nick Saldiveri,placed on ir with shoulder injury
2023-12-12,Browns,,• Dawand Jones,placed on ir with surgery on knee (out for season)
2023-12-12,Browns,,• Maurice Hurst Jr. / Maurice Hurst II (Roy),placed on ir with torn pectoral muscle
2023-12-12,Raiders,,• Kana'i Mauga,placed on ir with knee injury
2023-12-12,Rams,,• Alex Ward,placed on ir with stinger in neck
2023-12-12,Rams,,• Hunter Long,placed on ir with mcl injury in knee (surgery) (out for season)
2023-12-12,Chargers,,• Justin Herbert,placed on ir recovering from surgery to repair fractured right index finger (out for season)
2023-12-13,Bears,,• Yannick Ngakoue,placed on ir with fractured ankle
2023-12-13,Browns,,• Grant Delpit,placed on ir with groin injury
2023-12-13,Dolphins,,• Connor Williams,placed on ir with torn acl in left knee (out for season)
2023-12-13,Ravens,,• Devin Duvernay,placed on ir with back injury
2023-12-13,Titans,,• Kristian Fulton,placed on ir with hamstring injury
2023-12-13,Titans,,• Kyle Peko,placed on ir with calf injury
2023-12-14,Commanders,,• Jamin Davis,placed on ir with surgery on shoulder
2023-12-15,Commanders,,• Curtis Hodges,placed on ir with back injury
2023-12-15,Panthers,,• Hayden Hurst,placed on ir with concussion
2023-12-15,Panthers,,• Justin McCray,placed on ir with calf injury
2023-12-16,Falcons,,• Kentavius Street,placed on ir with pectoral injury
2023-12-16,Jets,,• Zaire Barnes,placed on ir with hamstring injury
2023-12-16,Texans,,• Tavierre Thomas,placed on ir with hamstring injury
2023-12-18,Bengals,,• D.J. Ivey,placed on ir with knee injury
2023-12-18,Bengals,,• D.J. Reader,placed on ir with quadriceps injury
2023-12-18,Chargers,,• Will Clapp,placed on ir with knee injury
2023-12-18,Chiefs,,• Skyy Moore,placed on ir with knee injury
2023-12-18,Patriots,,• Cole Strange,placed on ir with knee injury
2023-12-19,Jets,,• Quinton Jefferson,placed on ir with hip injury
2023-12-19,Ravens,,• Keaton Mitchell,placed on ir with torn acl in knee (out for season)
2023-12-20,49ers,,• Kalia Davis,placed on ir with high ankle sprain
2023-12-20,Cardinals,,• Geoff Swaim,placed on ir with calf injury
2023-12-20,Cardinals,,• Josh Woods,placed on ir with undisclosed injury
2023-12-20,Titans,,• Nick Westbrook-Ikhine / Nick Westbrook,placed on ir with undisclosed
2023-12-21,Bills,,• Jordan Phillips,placed on ir recovering from surgery on wrist
2023-12-21,Giants,,• Randy Bullock,placed on ir with hamstring injury
2023-12-22,Titans,,• Amani Hooker,placed on ir with knee injury
2023-12-23,Falcons,,• (Alton) Keith Smith,placed on ir with ankle injury
2023-12-23,Patriots,,• Conor McDermott,placed on ir with concussion
2023-12-23,Titans,,• Jack Gibbens,placed on ir with back injury
2023-12-23,Titans,,• Jeffery Simmons,placed on ir with knee injury
2023-12-23,Titans,,• Luke Gifford,placed on ir with hamstring injury
2023-12-24,Chiefs,,• Jerick McKinnon,placed on ir with groin injury
2023-12-24,Giants,,• Evan Neal,placed on ir with ankle injury
2023-12-26,Browns,,• Dorian Thompson-Robinson,placed on ir with hip injury
2023-12-26,Colts,,• Julian Blackmon,placed on ir with shoulder injury
2023-12-26,Jaguars,,• Daniel Thomas,placed on ir with fractured left forearm
2023-12-26,Texans,,• Jimmie Ward,placed on ir with quadriceps injury
2023-12-27,Jets,,• Duane Brown,placed on ir with back injury
2023-12-27,Panthers,,• Amare Barno,placed on ir with knee injury
2023-12-27,Patriots,,• Rhamondre Stevenson,placed on ir with ankle injury
2023-12-27,Raiders,,• Jesper Horsted,placed on ir with hamstring injury
2023-12-27,Vikings,,• D.J. Wonnum,placed on ir with quadriceps injury
2023-12-27,Vikings,,• T.J. Hockenson,"placed on ir with torn acl, mcl in knee"
2023-12-28,Commanders,,• Chris Rodriguez Jr.,placed on ir with ankle injury
2023-12-28,Commanders,,• Christopher Rodriguez Jr.,placed on ir
2023-12-29,Cardinals,,• Jonathan Ledbetter,placed on ir with knee injury
2023-12-29,Cardinals,,• Marquise Brown,placed on ir with heel injury
2023-12-30,Commanders,,• Percy Butler,placed on ir with wrist injury
2023-12-30,Commanders,,• Tyler Larsen,placed on ir with knee injury
2023-12-30,Eagles,,• Albert Okwuegbunam,placed on ir with hamstring injury
2023-12-30,Giants,,• Lawrence Cager,placed on ir with groin injury
2023-12-30,Packers,,• Eric Stokes (Jamane),placed on ir with hamstring injury
2023-12-30,Patriots,,• JuJu Smith-Schuster,placed on ir with ankle injury
2023-12-30,Ravens,,• Jalyn Armour-Davis,placed on ir with concussion
2023-12-30,Saints,,• Ryan Ramczyk,placed on ir with knee injury
2023-12-30,Seahawks,,• D'Wayne Eskridge / Dee Eskridge,placed on ir with rib injury
2023-12-30,Seahawks,,• Jamal Adams,placed on ir with knee injury
2023-12-30,Titans,,• Josh Whyle,placed on ir with knee injury
2023-12-30,Vikings,,• Troy Dye,placed on ir with wrist injury
2023-12-30,Washington,,• Charles Leno Jr.,placed on ir with calf injury
2024-01-01,Packers,,• Samori Toure,placed on ir with knee injury
2024-01-02,Giants,,• Tyre Phillips,placed on ir with torn right quadriceps
2024-01-02,Panthers,,• Jonathan Mingo,placed on ir with foot injury
2024-01-02,Rams,,• Shaun Jolly,placed on ir with undisclosed injury
2024-01-03,Cowboys,,• Deuce Vaughn,placed on ir with ankle injury
2024-01-04,Broncos,,• Delarrin Turner-Yell,placed on ir with torn acl in knee
2024-01-05,Browns,,• Anthony Walker Jr.,placed on ir with knee injury
2024-01-05,Cardinals,,• D.J. Humphries,placed on ir with torn acl in knee
2024-01-05,Cardinals,,• Dante Stills,placed on ir with knee injury
2024-01-05,Commanders,,• Christian Holmes,placed on ir with concussion
2024-01-05,Commanders,,• Kendall Fuller,placed on ir with knee injury
2024-01-05,Commanders,,• Tariq Castro-Fields,placed on ir with shoulder injury
2024-01-05,Ravens,,• Daryl Worley,placed on ir with shoulder injury
2024-01-05,Saints,,• Nephi Sewell,placed on ir with surgery on knee to repair torn acl (out for season)
2024-01-06,49ers,,• Ross Dwelley,placed on ir with ankle injury
2024-01-06,Bears,,• Lucas Patrick,placed on ir with calf injury
2024-01-06,Broncos,,• Mike McGlinchey,placed on ir with rib injury
2024-01-06,Chargers,,• Justin Hollins,placed on ir with shoulder injury
2024-01-06,Dolphins,,• Bradley Chubb,placed on ir with torn acl in knee
2024-01-06,Giants,,• Jason Pinnock,placed on ir with toe injury
2024-01-06,Jaguars,,• Jamal Agnew,placed on ir with fractured lower leg
2024-01-06,Jets,,• Jake Hanson,placed on ir with concussion
2024-01-06,Jets,,• Jeremy Ruckert,placed on ir with concussion
2024-01-06,Jets,,• Zach Wilson (Kapono),placed on ir with concussion
2024-01-06,Packers,,• Johnathan Ford / Rudy Ford,placed on ir with hamstring injury
2024-01-06,Patriots,,• Hunter Henry,placed on ir with knee injury
2024-01-06,Raiders,,• Michael Mayer,placed on ir with toe injury
2024-01-06,Titans,,• Colton Dowell,placed on ir with torn acl in knee
2024-01-06,Vikings,,• Jalen Nailor,placed on ir with concussion
2024-01-09,Dolphins,,• Andrew Van Ginkel,placed on ir with foot injury (out for season)
2024-01-09,Dolphins,,• Cameron Goode,placed on ir with patellar injury (out for season)
2024-01-09,Dolphins,,• Jerome Baker,placed on ir recovering from surgery on wrist (out for season)
2024-01-10,Steelers,,• Trenton Thompson (b. 1997-12-18),placed on ir with neck injury
2024-01-13,Lions,,• James Mitchell,placed on ir with surgery on hand (out for season)
2024-01-13,Lions,,• Jerry Jacobs (b. 1997-09-26),placed on ir with hamstring injury
2024-01-15,Ravens,,• Damarion Williams,placed on ir with undisclosed injury
2024-01-15,Texans,,• Noah Brown,placed on ir with shoulder injury
2024-01-17,Chiefs,,• Cam Jones,placed on ir with chest injury
2024-01-20,49ers,,• Clelin Ferrell,placed on ir with knee injury
2024-01-24,Lions,,• Brock Wright,placed on ir with forearm injury
2024-01-27,Chiefs,,• Derrick Nnadi,placed on ir with triceps injury
2024-02-07,Chiefs,,• Charles Omenihu,placed on ir with torn acl in knee
2024-02-10,Chiefs,,• Joe Thuney,placed on ir with pectoral injury
2024-05-03,Eagles,,• Le'Raven Clark,placed on ir with undisclosed injury
2024-05-07,Packers,,• Thyrick Pitts,placed on ir
2024-05-13,Giants,,• Deon Jackson,placed on ir
2024-05-13,Panthers,,• Ilm Manning,placed on ir
2024-05-13,Panthers,,• Raequan Williams,placed on ir
2024-05-13,Panthers,,• Spencer Brown (b. 1998-11-13),placed on ir
2024-05-16,Jaguars,,• Wayne Ruby Jr.,placed on ir
2024-05-22,Steelers,,• Keilahn Harris,placed on ir
2024-05-23,Falcons,,• Tucker Fisk,placed on ir
2024-05-29,Texans,,• Marcus Haynes,placed on ir
2024-05-30,Jets,,• Markese Stepp,placed on ir
2024-05-31,Giants,,• Gary Brightwell,placed on ir
2024-06-03,Buccaneers,,• Deven Thompkins,placed on ir
2024-06-04,Steelers,,• Luqman Barcoo / Luq Barcoo,placed on ir
2024-06-06,Colts,,• Daniel Scott,placed on ir with torn achilles tendon
2024-06-06,Jaguars,,• David White Jr.,placed on ir
2024-06-11,Lions,,• Craig James (b. 1996-04-29),placed on ir
2024-06-12,Seahawks,,• Buddha Jones,placed on ir
2024-06-14,Jaguars,,• Chandler Brewer,placed on ir with undisclosed injury
2024-06-18,Giants,,• Chase Cota,placed on ir
2024-07-20,Packers,,• Alex McGough,placed on ir
2024-07-23,Dolphins,,• Tahj Washington,placed on ir with undisclosed injury
2024-07-23,Texans,,• Jared Wayne,placed on ir
2024-07-24,Cardinals,,• Carter O'Donnell,placed on ir
2024-07-25,Lions,,• Matt Farniok,placed on ir
2024-07-25,Vikings,,• Mekhi Blackmon,placed on ir with torn acl in knee
2024-07-26,Panthers,,• Cam Sims,placed on ir
2024-07-26,Panthers,,• Popo Aumavae,placed on ir
2024-07-26,Raiders,,• Jacob Johanning / Jake Johanning,placed on ir
2024-07-26,Rams,,• Derion Kendrick,placed on ir with torn acl in knee
2024-07-27,Lions,,• Michael Badgley / Mike Badgley,placed on ir with hamstring injury
2024-07-28,Saints,,• Justin Herron,placed on ir with knee injury
2024-07-29,Browns,,• Brian Allen (b. 1995-10-11),placed on ir with calf injury
2024-07-30,Ravens,,• Malik Hamm,placed on ir with knee injury
2024-07-31,Raiders,,• Darien Butler,placed on ir
2024-08-01,Broncos,,• Quinn Bailey,placed on ir with leg injury
2024-08-01,Browns,,• Charlie Thomas III,placed on ir with knee injury
2024-08-01,Lions,,• Netane Muti,placed on ir with upper body injury
2024-08-01,Panthers,,• Daewood Davis,placed on ir
2024-08-01,Panthers,,• Stephen Sullivan,placed on ir with quadriceps injury
2024-08-02,Buccaneers,,• Iosua Opeta / Sua Opeta,placed on ir with torn acl in knee
2024-08-02,Saints,,• Tommy Hudson,placed on ir
2024-08-02,Steelers,,• David Perales,placed on ir
2024-08-03,Cowboys,,• Corey Crooms,placed on ir
2024-08-03,Jets,,• Marcus Riley (b),placed on ir
2024-08-03,Patriots,,• Tyrone Wheatley Jr.,placed on ir
2024-08-03,Texans,,• Charlie Heck,placed on ir
2024-08-04,Eagles,,• McCallan Castles,placed on ir
2024-08-04,Panthers,,• Curtis Hodges,placed on ir
2024-08-04,Saints,,• Jermaine Jackson,placed on ir
2024-08-04,Texans,,• Jaylon Thomas,placed on ir
2024-08-05,49ers,,• Pat Elflein,placed on ir with calf injury
2024-08-05,Bills,,• David Ugwoegbu,placed on ir
2024-08-05,Cardinals,,• B.J. Ojulari,placed on ir with torn acl in knee (out for season)
2024-08-05,Jaguars,,• Josh Pederson,placed on ir
2024-08-05,Panthers,,• Kemoko Turay,placed on ir
2024-08-05,Patriots,,• Jake Andrews,placed on ir with undisclosed
2024-08-06,49ers,,• Malik Turner,placed on ir with undisclosed
2024-08-06,Giants,,• Jashaun Corbin,placed on ir
2024-08-06,Panthers,,• Devin Carter,placed on ir
2024-08-06,Saints,,• Chandler Brewer,placed on ir with undisclosed
2024-08-07,Bengals,,• Cameron Sample / Cam Sample,placed on ir with torn achilles tendon (out for season)
2024-08-07,Broncos,,• Ronnie Perkins,placed on ir
2024-08-07,Colts,,• Wesley French,placed on ir with surgery on ankle
2024-08-07,Commanders,,• Alex Akingbulu,placed on ir
2024-08-07,Cowboys,,• Sam Williams (Degarrick),"placed on ir with torn acl, mcl in knee (out for season)"
2024-08-07,Jaguars,,• Gregory Junior,placed on ir
2024-08-07,Panthers,,• J.D. DiRenzo,placed on ir
2024-08-07,Raiders,,• Tomari Fox,placed on ir
2024-08-07,Seahawks,,• Joshua Onujiogu / Josh Onujiogu,placed on ir
2024-08-08,49ers,,• Terique Owens,placed on ir
2024-08-08,Buccaneers,,• Silas Dzansi,placed on ir with knee injury
2024-08-08,Jets,,• Hamze El-Zayat,placed on ir
2024-08-08,Packers,,• Don Callis,placed on ir
2024-08-08,Packers,,• Rory Starkey,placed on ir
2024-08-08,Seahawks,,• Marcus Simms,placed on ir
2024-08-08,Steelers,,• Tyler Murray,placed on ir
2024-08-08,Falcons,,• Rondale Moore,placed on ir with knee injury (out for season)
2024-08-09,49ers,,• Austin Bryant,placed on ir with foot injury
2024-08-09,Jaguars,,• De'Shaan Dixon,placed on ir
2024-08-09,Steelers,,• Nathan Meadors / Nate Meadors,placed on ir
2024-08-10,Dolphins,,• Kion Smith,placed on ir with torn acl in knee
2024-08-10,Seahawks,,• Matthew Gotel / Matt Gotel,placed on ir
2024-08-10,Steelers,,• Breiden Fehoko,placed on ir with shoulder injury
2024-08-11,Falcons,,• Bralen Trice,placed on ir with torn acl in knee
2024-08-11,Falcons,,• Harrison Hand,placed on ir with knee injury
2024-08-11,Lions,,• Nate Lynn,placed on ir with shoulder injury
2024-08-12,Dolphins,,• Cameron Brown / Cam Brown (a),placed on ir with undisclosed injury
2024-08-12,Dolphins,,• Grayson Murphy,placed on ir with knee injury
2024-08-12,Jets,,• Jimmy Ciarlo,placed on ir
2024-08-12,Lions,,• Connor Galvin,placed on ir
2024-08-12,Panthers,,• Deven Thompkins,placed on ir
2024-08-13,49ers,,• Frank Darby,placed on ir
2024-08-13,Bills,,• Chase Claypool,placed on ir with toe injury
2024-08-13,Bills,,• Shane Buechele,placed on ir with neck injury (out for season)
2024-08-13,Browns,,• Vincent Gray,placed on ir
2024-08-13,Colts,,• Trent Pennix,placed on ir
2024-08-13,Falcons,,• Robert Burns (b. 1998-09-25),placed on ir
2024-08-13,Jets,,• Myles Jones,placed on ir
2024-08-13,Lions,,• Antoine Green,placed on ir
2024-08-13,Patriots,,• John Morgan III,placed on ir
2024-08-13,Steelers,,• Kalon Barnes,placed on ir
2024-08-13,Raiders,,• Keelan Doss,placed on ir
2024-08-14,Bills,,• Bryan Thompson,placed on ir
2024-08-14,Lions,,• DaRon Gilbert,placed on ir
2024-08-14,Steelers,,• Tarik Black,placed on ir
2024-08-14,Vikings,,• Jabril Cox,placed on ir
2024-08-15,Colts,,• Ethan Fernea,placed on ir
2024-08-15,Cowboys,,• Shaka Toney,placed on ir
2024-08-15,Falcons,,• Jakeem Grant,placed on ir with hamstring injury
2024-08-15,Giants,,• Elijah Riley,placed on ir with concussion
2024-08-15,Lions,,• Morice Norris Jr.,placed on ir
2024-08-15,Seahawks,,• Nathan Pickering,placed on ir
2024-08-15,Steelers,,• Grayland Arnold,placed on ir with calf injury
2024-08-16,Panthers,,• Nash Jensen,placed on ir
2024-08-16,Titans,,• Marlon Davidson,placed on ir with biceps injury
2024-08-16,Vikings,,• J.J. McCarthy,placed on ir recovering from surgery on knee (out for season)
2024-08-17,Browns,,• Brady Breeze,placed on ir
2024-08-17,Eagles,,• Tyler Hall,placed on ir with undisclosed
2024-08-17,Giants,,• Tyree Jackson,placed on ir
2024-08-18,Eagles,,• Mekhi Garner,placed on ir
2024-08-18,Jets,,• Malik Taylor,placed on ir with undisclosed injury
2024-08-19,Bengals,,• Chris Evans,placed on ir with torn patellar tendon in knee
2024-08-19,Bengals,,• D'Ante Smith,placed on ir with patellar injury
2024-08-19,Browns,,• Hakeem Adeniji,placed on ir with knee injury
2024-08-19,Colts,,• Ryan Coll (a),placed on ir with shoulder injury
2024-08-19,Cowboys,,• Earl Bostick Jr.,placed on ir with surgery on right leg
2024-08-19,Dolphins,,• Sean Harlow,placed on ir with undisclosed injury
2024-08-19,Dolphins,,• Willie Snead IV,placed on ir with undisclosed injury
2024-08-19,Giants,,• Yodny Cajuste,placed on ir with undisclosed injury
2024-08-19,Panthers,,• Anthony Brown (Shaquille),placed on ir with thumb injury
2024-08-19,Panthers,,• Jake Luton,placed on ir with undisclosed injury
2024-08-20,Chiefs,,• McKade Mettauer,placed on ir
2024-08-20,Colts,,• Josh Sills,placed on ir
2024-08-20,Dolphins,,• Ezekiel Vandenburgh / Zeke Vandenburgh,placed on ir
2024-08-20,Giants,,• Ryder Anderson,placed on ir
2024-08-20,Lions,,• Malik Jefferson,placed on ir with undisclosed injury
2024-08-20,Lions,,• Tre'Quan Smith,placed on ir with undisclosed injury
2024-08-20,Panthers,,• Lamar Jackson (b. 1998-04-13),placed on ir
2024-08-20,Panthers,,• Tayvion Robinson,placed on ir
2024-08-20,Patriots,,• JaQuae Jackson,placed on ir with knee injury
2024-08-20,Steelers,,• Nate Herbig,placed on ir with torn rotator cuff in shoulder
2024-08-20,Titans,,• Garret Wallow,placed on ir with torn pectoral muscle
2024-08-21,Bears,,• Freddie Swain,placed on ir with undisclosed injury
2024-08-21,Commanders,,• Ben Nikkel,placed on ir
2024-08-21,Commanders,,• Keandre Jones,placed on ir
2024-08-21,Giants,,• Dennis Houston,placed on ir
2024-08-21,Packers,,• Jarveon Howard,placed on ir
2024-08-21,Texans,,• Dalton Keene (b. 1999-04-14),placed on ir with knee injury
2024-08-22,Browns,,• Brandon Bouyer-Randle,placed on ir
2024-08-22,Chiefs,,• Jaaron Hayek,placed on ir
2024-08-22,Raiders,,• Jeff Foreman,placed on ir
2024-08-22,Saints,,• Sincere Haynesworth,placed on ir
2024-08-22,Vikings,,• Jeremy Flax,placed on ir
2024-08-22,Vikings,,• NaJee Thompson,placed on ir
2024-08-23,49ers,,• Tayler Hawkins,placed on ir
2024-08-23,Panthers,,• Badara Traore,placed on ir
2024-08-23,Vikings,,• Trey Knox,placed on ir
2024-08-24,Bears,,• Ian Wheeler,placed on ir with torn acl in knee
2024-08-24,Bears,,• Nsimba Webster,placed on ir with groin injury
2024-08-25,Bills,,• Dee Delaney,placed on ir with knee injury
2024-08-25,Bills,,• Terrell Burgess,placed on ir with hamstring injury
2024-08-25,Dolphins,,• Anthony Schwartz,placed on ir with left knee injury
2024-08-27,49ers,,• Elijah Mitchell (b),placed on ir with hamstring injury
2024-08-27,49ers,,• Kalia Davis,placed on ir with knee injury
2024-08-27,Bears,,• Dante Pettis,placed on ir with undisclosed injury
2024-08-27,Bears,,• Jacob Martin / Jake Martin,placed on ir
2024-08-27,Bears,,• Larry Borom,placed on ir
2024-08-27,Bengals,,• Brad Robbins,placed on ir
2024-08-27,Bengals,,• Myles Murphy (a),placed on ir
2024-08-27,Bills,,• Darrynton Evans,placed on ir with hamstring injury
2024-08-27,Bills,,• Matt Milano,placed on ir
2024-08-27,Bills,,• Travis Clayton,placed on ir with right shoulder injury
2024-08-27,Broncos,,• Damarri Mathis,placed on ir
2024-08-27,Browns,,• Luke Wypler,placed on ir with fractured right ankle
2024-08-27,Buccaneers,,• Chase Edmonds,placed on ir with knee injury
2024-08-27,Buccaneers,,• Rakim Jarrett,placed on ir with undisclosed injury
2024-08-27,Cardinals,,• Christian Jones (b),placed on ir
2024-08-27,Cardinals,,• Darius Robinson,placed on ir
2024-08-27,Cardinals,,• Tony Jones Jr.,placed on ir with shoulder injury
2024-08-27,Chargers,,• Bucky Williams,placed on ir with undisclosed injury
2024-08-27,Chargers,,• Chris Collins (b),placed on ir with undisclosed injury
2024-08-27,Chargers,,• Chris Rumph II,placed on ir with foot injury
2024-08-27,Chargers,,• Nick Niemann,placed on ir with undisclosed injury
2024-08-27,Chargers,,• Tyler McLellan,placed on ir with leg injury
2024-08-27,Colts,,• Cameron McGrone,placed on ir
2024-08-27,Colts,,• Jelani Woods,placed on ir with toe injury
2024-08-27,Colts,,• Juwann Winfree,placed on ir with undisclosed injury
2024-08-27,Colts,,• Samson Ebukam,placed on ir with torn achilles tendon
2024-08-27,Commanders,,• Jordan Magee,placed on ir with knee injury
2024-08-27,Commanders,,• Norell Pollard,placed on ir with undisclosed injury
2024-08-27,Commanders,,• Taylor Stallworth,placed on ir with hamstring injury
2024-08-27,Cowboys,,• DaRon Bland,placed on ir with foot injury
2024-08-27,Cowboys,,• Nathan Thomas,placed on ir with undisclosed injury
2024-08-27,Dolphins,,• Cam Smith (Marquise Jani'),placed on ir with hamstring injury
2024-08-27,Dolphins,,• River Cracraft,placed on ir with upper body injury
2024-08-27,Dolphins,,• Wyatt Ray,placed on ir with undisclosed injury
2024-08-27,Eagles,,• Ainias Smith,placed on ir with ankle injury
2024-08-27,Eagles,,• Albert Okwuegbunam,placed on ir with core muscle injury
2024-08-27,Falcons,,• DeMarcco Hellams,placed on ir
2024-08-27,Giants,,• Isaiah McKenzie,placed on ir with various injuries
2024-08-27,Giants,,• Matthew Adams / Matt Adams,placed on ir
2024-08-27,Jaguars,,• Andrew Wingard,placed on ir with knee injury
2024-08-27,Jaguars,,• Keilan Robinson,placed on ir with toe injury
2024-08-27,Jets,,• Kenny Yeboah,placed on ir with groin injury
2024-08-27,Jets,,• Leki Fotu,placed on ir with undisclosed injury
2024-08-27,Lions,,• Brodric Martin,placed on ir
2024-08-27,Lions,,• Emmanuel Moseley,placed on ir with pectoral injury
2024-08-27,Packers,,• A.J. Dillon,placed on ir with neck injury
2024-08-27,Packers,,• Jonathan Ford,placed on ir
2024-08-27,Panthers,,• Cam Gill,placed on ir with right foot injury
2024-08-27,Panthers,,• Dane Jackson,placed on ir with hamstring injury
2024-08-27,Panthers,,• Sam Franklin Jr.,placed on ir
2024-08-27,Panthers,,• Tae Davis (Marquez),placed on ir with foot injury
2024-08-27,Patriots,,• Armon Watts,placed on ir with undisclosed injury
2024-08-27,Patriots,,• Marte Mapu,placed on ir with undisclosed injury
2024-08-27,Raiders,,• Trey Taylor,placed on ir with knee injury
2024-08-27,Rams,,• K.T. Leveston,placed on ir with ankle injury
2024-08-27,Rams,,• Larrell Murchison,placed on ir with arm injury
2024-08-27,Rams,,• Tre'Vius Hodges-Tomlinson / Tre Tomlinson,placed on ir with undisclosed injury
2024-08-27,Rams,,• Tyler Davis,placed on ir with shoulder injury
2024-08-27,Ravens,,• Arthur Maulet,placed on ir with undisclosed injury
2024-08-27,Ravens,,• Christian Matthew,placed on ir with undisclosed injury
2024-08-27,Ravens,,• Deion Jennings,placed on ir with undisclosed injury
2024-08-27,Ravens,,• Isaiah Washington,placed on ir with undisclosed injury
2024-08-27,Ravens,,• Owen Wright,placed on ir with undisclosed injury
2024-08-27,Ravens,,• Trayvon Mullen,placed on ir with undisclosed injury
2024-08-27,Saints,,• Camron Peterson,placed on ir with undisclosed injury
2024-08-27,Saints,,• Kendre Miller,placed on ir with hamstring injury
2024-08-27,Saints,,• Kevin Rader,placed on ir with undisclosed injury
2024-08-27,Saints,,• Rejzohn Wright,placed on ir with undisclosed injury
2024-08-27,Steelers,,• Dylan Cook,placed on ir with foot injury
2024-08-27,Steelers,,• Jeremiah Moon,placed on ir with undisclosed injury
2024-08-27,Steelers,,• Julius Welschof,placed on ir with knee injury
2024-08-27,Steelers,,• Ryan Watts,placed on ir with stinger
2024-08-27,Texans,,• Brandon Hill,placed on ir with surgery on knee
2024-08-27,Texans,,• Case Keenum,placed on ir with foot injury
2024-08-27,Texans,,• Christian Harris,placed on ir
2024-08-27,Texans,,• Kurt Hinish,placed on ir
2024-08-27,Titans,,• Chance Campbell,placed on ir with torn acl in knee
2024-08-27,Titans,,• Lachavious Simmons,placed on ir
2024-08-27,Titans,,• T.K. McLendon Jr.,placed on ir with turf toe
2024-08-27,Vikings,,• Dalton Risner,placed on ir with back injury
2024-08-27,Vikings,,• Gabriel Murphy,placed on ir with undisclosed injury
2024-08-27,Vikings,,• Jordan Kunaszyk,placed on ir with undisclosed injury
2024-08-27,Patriots,,• Calvin Anderson,placed on ir with undisclosed injury
2024-08-28,Bears,,• Douglas Coleman III,placed on ir
2024-08-28,Bengals,,• Lance Robinson,placed on ir
2024-08-28,Broncos,,• Durell Nchami,placed on ir
2024-08-28,Browns,,• Chase Williams (b),placed on ir
2024-08-28,Buccaneers,,• Kalen DeLoach,placed on ir
2024-08-28,Buccaneers,,• Lwal Uguak,placed on ir
2024-08-28,Buccaneers,,• Shaun Peterson Jr.,placed on ir
2024-08-28,Chiefs,,• Tyree Gillespie,placed on ir
2024-08-28,Commanders,,• Alex Taylor / Armani Taylor-Prioleau,placed on ir
2024-08-28,Commanders,,• Ricky Stromberg,placed on ir
2024-08-28,Cowboys,,• David Durden,placed on ir
2024-08-28,Cowboys,,• Durrell Johnson,placed on ir
2024-08-28,Cowboys,,• Viliami Fehoko Jr.,placed on ir
2024-08-28,Dolphins,,• Braylon Sanders,placed on ir
2024-08-28,Dolphins,,• Christopher Brooks / Chris Brooks (b),placed on ir
2024-08-28,Dolphins,,• Ryan Hayes,placed on ir
2024-08-28,Eagles,,• Jacob Harris,placed on ir
2024-08-28,Eagles,,• Joseph Ngata,placed on ir
2024-08-28,Falcons,,• Camilo Eifler / Milo Eifler,placed on ir
2024-08-28,Falcons,,• Josh Thompson (b. 1998-10-20),placed on ir
2024-08-28,Giants,,• Jalen Mayfield,placed on ir
2024-08-28,Giants,,• Jonathan Sutherland,placed on ir
2024-08-28,Giants,,• Mario Goodrich,placed on ir
2024-08-28,Giants,,• Ovie Oghoufo,placed on ir
2024-08-28,Giants,,• Timmy Horne,placed on ir
2024-08-28,Jaguars,,• Patrick Murtagh,placed on ir
2024-08-28,Lions,,• David Bada,placed on ir
2024-08-28,Packers,,• Alonzo Davis / L.J. Davis,placed on ir
2024-08-28,Packers,,• Ralen Goforth,placed on ir
2024-08-28,Panthers,,• Tyler Smith (b),placed on ir
2024-08-28,Raiders,,• Brandon Facyson,placed on ir
2024-08-28,Raiders,,• Corey Luciano,placed on ir
2024-08-28,Raiders,,• Elerson Smith,placed on ir
2024-08-28,Raiders,,• Ron Stone Jr.,placed on ir
2024-08-28,Rams,,• Anthony Goodlow,placed on ir
2024-08-28,Saints,,• Trajan Jeffcoat,placed on ir
2024-08-28,Seahawks,,• Jack Westover,placed on ir
2024-08-28,Texans,,• Jawhar Jordan,placed on ir
2024-08-28,Texans,,• Pheldarius Payne,placed on ir
2024-08-28,Texans,,• Teagan Quitoriano,placed on ir
2024-08-28,Titans,,• JoJo Domann,placed on ir
2024-08-28,Titans,,• Kyle Philips,placed on ir
2024-08-28,Titans,,• Tre'Shaun Harrison,placed on ir
2024-08-28,Vikings,,• Malik Knowles,placed on ir
2024-08-29,49ers,,• Ambry Thomas,placed on ir
2024-08-29,49ers,,• Jon Feliciano,placed on ir (out for season)
2024-08-29,Bengals,,• McKinnley Jackson,placed on ir with knee injury
2024-08-29,Cardinals,,• Elijah Jones,placed on ir with heel injury
2024-08-29,Cowboys,,• Chuma Edoga,placed on ir with toe injury
2024-08-29,Dolphins,,• Patrick McMorris,placed on ir with foot injury
2024-08-29,Eagles,,• James Bradberry,placed on ir with lower leg injury
2024-08-29,Giants,,• Austin Schlottmann,placed on ir with leg injury
2024-08-29,Giants,,• Dyontae Johnson,placed on ir with ankle injury
2024-08-29,Lions,,• John Cominsky,placed on ir
2024-08-29,Packers,,• Nate McCrary,placed on ir
2024-08-29,Panthers,,• Jaden Crumedy,placed on ir with high ankle sprain
2024-08-29,Rams,,• Conor McDermott,placed on ir
2024-08-29,Titans,,• Cedric Gray,placed on ir with shoulder injury
2024-08-29,Bears,,• Patrick Scales,placed on ir recovering from surgery on back
2024-09-04,Panthers,,• Messiah Swinson,placed on ir
2024-09-05,Buccaneers,,• Earnest Brown IV,placed on ir with ribcage injury
2024-09-05,Rams,,• Darious Williams,placed on ir with hamstring injury
2024-09-05,Ravens,,• Rasheen Ali,placed on ir with neck injury
2024-09-07,Chargers,,• D.J. Chark,placed on ir with hip injury
2024-09-07,Commanders,,• Marcus Mariota,placed on ir with pectoral muscle injury
2024-09-07,Jaguars,,• Brian Thomas Jr.,placed on ir with calf injury
2024-09-07,Jets,,• Wes Schweitzer,placed on ir with hand injury
2024-09-07,Raiders,,• Malcolm Koonce,placed on ir with knee injury
2024-09-07,Steelers,,• Logan Lee,placed on ir with calf injury
2024-09-09,Jets,,• Zaire Barnes,placed on ir with ankle injury
2024-09-10,Buccaneers,,• Bryce Hall,placed on ir with ankle injury
2024-09-10,Colts,,• Julius Brents / JuJu Brents,placed on ir with knee injury
2024-09-10,Panthers,,• Derrick Brown,placed on ir with knee injury
2024-09-10,Steelers,,• Cameron Johnston,placed on ir with knee injury
2024-09-11,Broncos,,• Audric Estime,placed on ir with ankle injury
2024-09-11,Browns,,• Juan Thornhill,placed on ir with calf injury
2024-09-11,Browns,,• Maurice Hurst Jr. / Maurice Hurst II (Roy),placed on ir with ankle injury
2024-09-11,Browns,,• Mohamoud Diabate,placed on ir with hip injury
2024-09-11,Browns,,• Tony Fields II,placed on ir with ankle injury
2024-09-11,Cardinals,,• Jonah Williams (b. 1997-11-17),placed on ir with knee injury
2024-09-11,Rams,,• Joe Noteboom,placed on ir with ankle injury
2024-09-11,Rams,,• Puka Nacua,placed on ir with strained pcl in knee
2024-09-11,Rams,,• Steve Avila,placed on ir with knee injury
2024-09-11,Texans,,• Jeff Okudah,placed on ir with hip injury
2024-09-12,Browns,,• Myles Harden,placed on ir with shin injury
2024-09-12,Jaguars,,• Tyson Campbell,placed on ir with hamstring injury
2024-09-13,Chiefs,,• Marquise Brown,placed on ir with surgery on shoulder
2024-09-14,49ers,,• Christian McCaffrey,"placed on ir with achilles, calf injuries"
2024-09-14,Bears,,• Ryan Bates,"placed on ir with elbow, shoulder injuries"
2024-09-14,Giants,,• Gunner Olszewski,placed on ir with groin injury
2024-09-16,Falcons,,• Nate Landman,placed on ir with calf injury
2024-09-17,Browns,,• David Bell,placed on ir with hip injury
2024-09-17,Colts,,• DeForest Buckner,placed on ir with ankle injury
2024-09-17,Dolphins,,• Tua Tagovailoa,placed on ir with concussion
2024-09-17,Giants,,• Graham Gano,placed on ir with hamstring injury
2024-09-17,Packers,,• MarShawn Lloyd,placed on ir with ankle injury
2024-09-17,Steelers,,• Tyler Matakevich,placed on ir with hamstring injury
2024-09-18,Broncos,,• Mike McGlinchey,placed on ir with knee injury
2024-09-18,Chiefs,,• Isiah Pacheco,placed on ir with fractured fibula in leg
2024-09-18,Cowboys,,• Jordan Phillips,placed on ir with wrist injury
2024-09-18,Patriots,,• Oshane Ximines,placed on ir with knee injury
2024-09-18,Rams,,• John Johnson III,placed on ir with fractured shoulder
2024-09-18,Rams,,• Jonah Jackson,placed on ir with shoulder injury
2024-09-18,Steelers,,• Ben Skowronek,placed on ir with shoulder injury
2024-09-18,Texans,,• Brevin Jordan,placed on ir with torn acl in knee (out for season)
2024-09-18,Vikings,,• Nick Muse,placed on ir with hand injury
2024-09-19,Jets,,• Jermaine Johnson II,placed on ir with torn achilles tendon
2024-09-19,Patriots,,• Chukwuma Okorafor / Chuks Okorafor,placed on ir
2024-09-21,Bears,,• Travis Homer,placed on ir with finger injury
2024-09-21,Broncos,,• Baron Browning,placed on ir with foot injury
2024-09-21,Dolphins,,• Grant DuBose,placed on ir with shoulder injury
2024-09-21,Seahawks,,• George Fant,placed on ir with knee injury
2024-09-21,Steelers,,• Troy Fautanu,placed on ir with knee injury
2024-09-24,Buccaneers,,• Evan Deckers,placed on ir with hamstring injury
2024-09-24,Eagles,,• Britain Covey,placed on ir with shoulder injury
2024-09-24,Falcons,,• Drew Dalman,placed on ir with ankle injury
2024-09-24,Lions,,• Derrick Barnes (Danta),placed on ir with knee injury
2024-09-24,Lions,,• Marcus Davenport,placed on ir with triceps injury
2024-09-24,Panthers,,• Adam Thielen,placed on ir with hamstring injury
2024-09-24,Panthers,,• Jordan Fuller,placed on ir with hamstring injury
2024-09-24,Raiders,,• Marcus Epps,placed on ir with torn acl in knee (out for season)
2024-09-24,Steelers,,• Cory Trice Jr.,placed on ir with hamstring injury
2024-09-25,Broncos,,• Alex Singleton,placed on ir with torn acl in knee
2024-09-25,Browns,,• Wyatt Teller,placed on ir with knee injury
2024-09-25,Cardinals,,• Justin Jones (Maurice),placed on ir with triceps injury
2024-09-25,Patriots,,• Ja'Whaun Bentley,placed on ir with pectoral injury
2024-09-25,Saints,,• Erik McCoy,placed on ir with surgery on groin
2024-09-26,Bills,,• Tylan Grable,placed on ir with groin injury
2024-09-27,Titans,,• Chidobe Awuzie,placed on ir with groin injury
2024-09-28,49ers,,• Curtis Robinson,placed on ir with torn acl in knee (out for season)
2024-09-28,49ers,,• Javon Hargrave,placed on ir with torn pectoral muscle (out for season)
2024-09-28,Bears,,• Stephen Carlson,placed on ir with fractured clavicle
2024-09-28,Bengals,,• Trent Brown,placed on ir with torn patellar tendon in knee (out for season)
2024-09-28,Jaguars,,• Foyesade Oluokun / Foye Oluokun,placed on ir with foot injury
2024-09-28,Lions,,• Ifeatu Melifonwu,placed on ir with ankle injury
2024-09-28,Patriots,,• Alex Austin,placed on ir with ankle injury
2024-09-28,Ravens,,• Jalyn Armour-Davis,placed on ir with hamstring injury
2024-10-01,Buccaneers,,• SirVocea Dennis,placed on ir
2024-10-01,Chargers,,• Nick Niemann,placed on ir
2024-10-01,Colts,,• Tyquan Lewis,placed on ir
2024-10-01,Cowboys,,• Demarcus Lawrence,placed on ir
2024-10-01,Steelers,,• James Daniels (b. 1997-09-13),placed on ir
2024-10-02,Commanders,,• Jamison Crowder,placed on ir with calf injury
2024-10-03,Chiefs,,• Rashee Rice,placed on ir with knee injury
2024-10-03,Dolphins,,• Jaelan Phillips,placed on ir with knee injury (out for season)
2024-10-04,Patriots,,• Caedan Wallace,placed on ir with ankle injury
2024-10-04,Patriots,,• David Andrews,placed on ir recovering from surgery on shoulder (out for season)
2024-10-05,49ers,,• Yetur Gross-Matos,placed on ir with knee injury
2024-10-05,Broncos,,• Tyler Badie,placed on ir with back injury
2024-10-05,Browns,,• Alex Wright,placed on ir recovering from surgery on triceps (out for season)
2024-10-05,Cowboys,,• Brandin Cooks,placed on ir with infection in knee
2024-10-05,Panthers,,• Shaq Thompson,placed on ir recovering from surgery to repair torn achilles tendon (out for season)
2024-10-05,Raiders,,• Luke Masterson,placed on ir with knee injury
2024-10-05,Rams,,• Larrell Murchison,placed on ir with foot injury
2024-10-05,Texans,,• Jerry Hughes,placed on ir with hip injury
2024-10-07,Buccaneers,,• Markees Watts,placed on ir with quadriceps injury
2024-10-07,Colts,,• Will Fries,placed on ir with fractured tibia in leg
2024-10-07,Saints,,• Shane Lemieux,placed on ir with ankle injury
2024-10-08,Bengals,,• Daxton Hill / Dax Hill,placed on ir with torn acl in knee (out for season)
2024-10-08,Bengals,,• Jaxson Kirkland,placed on ir with biceps injury (out for season)
2024-10-08,Cardinals,,• Will Hernandez,placed on ir with knee injury (out for season)
2024-10-08,Texans,,• British Brooks,placed on ir with knee injury
2024-10-09,49ers,,• Talanoa Hufanga,placed on ir with wrist injury
2024-10-09,Browns,,• Charley Hughlett,placed on ir with rib injury
2024-10-09,Cowboys,,• Marshawn Kneeland,placed on ir with knee injury
2024-10-09,Jaguars,,• Devin Duvernay,placed on ir with hamstring injury
2024-10-09,Raiders,,• Christian Wilkins,placed on ir with surgery on foot
2024-10-09,Texans,,• Nico Collins,placed on ir with hamstring injury
2024-10-10,Seahawks,,• Uchenna Nwosu,placed on ir with thigh injury
2024-10-11,Packers,,• Luke Musgrave,placed on ir with ankle injury
2024-10-12,Broncos,,• Josh Reynolds,placed on ir with surgery on finger
2024-10-12,Broncos,,• Luke Wattenberg,placed on ir with ankle injury
2024-10-12,Browns,,• James Hudson,placed on ir with shoulder injury
2024-10-12,Chargers,,• Asante Samuel Jr.,placed on ir with shoulder injury
2024-10-12,Chargers,,• Gus Edwards,placed on ir with ankle injury
2024-10-12,Giants,,• Kayvon Thibodeaux,placed on ir with fractured wrist
2024-10-12,Panthers,,• Austin Corbett,placed on ir with biceps injury (out for season)
2024-10-12,Saints,,• Will Harris (Jamahl),placed on ir with hamstring injury
2024-10-12,Steelers,,• DeMarvin Leal,placed on ir with neck injury
2024-10-15,Browns,,• Nick Harris (b),placed on ir with ankle injury
2024-10-15,Cardinals,,• Bilal Nichols,placed on ir with neck injury
2024-10-15,Cardinals,,• Matt Prater,placed on ir with knee injury
2024-10-15,Falcons,,• Micah Abernathy,placed on ir with knee injury
2024-10-15,Jets,,• Chuck Clark,placed on ir with ankle injury
2024-10-15,Lions,,• Aidan Hutchinson,placed on ir recovering from surgery on lower leg to repair fracture (out for season)
2024-10-15,Lions,,• Kyle Peko,placed on ir with pectoral injury
2024-10-15,Seahawks,,• Artie Burns,placed on ir with toe injury
2024-10-16,Commanders,,• Javontae Jean-Baptiste,placed on ir with ankle injury
2024-10-16,Giants,,• Andrew Thomas,placed on ir with surgery on foot
2024-10-16,Washington,,• Jonathan Allen,placed on ir with torn pectoral muscle
2024-10-17,Saints,,• Rashid Shaheed,placed on ir with surgery on knee
2024-10-17,Seahawks,,• Rayshawn Jenkins,placed on ir with hand injury
2024-10-18,Eagles,,• Jordan Mailata,placed on ir with hamstring injury
2024-10-19,49ers,,• Matthew Wright,"placed on ir with various injuries / back, shoulder injuries"
2024-10-19,Falcons,,• Lorenzo Carter,placed on ir with concussion
2024-10-19,Ravens,,• Deonte Harty / Deonte Harris,placed on ir with knee injury
2024-10-19,Titans,,• Treylon Burks,placed on ir with left knee injury
2024-10-21,Buccaneers,,• Jamel Dean,placed on ir with hamstring injury
2024-10-21,Buccaneers,,• Kameron Johnson,placed on ir with ankle injury
2024-10-21,Chargers,,• Deane Leonard,placed on ir with hamstring injury
2024-10-21,Dolphins,,• Braxton Berrios,placed on ir with knee injury
2024-10-22,Browns,,• Deshaun Watson,placed on ir with torn achilles tendon (out for season)
2024-10-22,Chiefs,,• Jaylen Watson,placed on ir with surgery on ankle
2024-10-22,Raiders,,• Aidan O'Connell,placed on ir with fractured right thumb
2024-10-22,Saints,,• Paulson Adebo,placed on ir with leg injury
2024-10-22,Steelers,,• Montravius Adams,placed on ir with knee injury
2024-10-23,49ers,,• Brandon Aiyuk,"placed on ir with torn acl, mcl in knee (out for season)"
2024-10-23,Buccaneers,,• Chris Godwin,placed on ir with surgery on ankle
2024-10-23,Jets,,• Xavier Newman-Johnson,placed on ir with neck injury
2024-10-23,Seahawks,,• Stone Forsythe,placed on ir with hand injury
2024-10-24,Chiefs,,• Skyy Moore,placed on ir with core muscle injury
2024-10-24,Rams,,• Troy Reeder,placed on ir with hamstring injury
2024-10-25,Bills,,• DeWayne Carter,placed on ir with surgery on wrist
2024-10-25,Cardinals,,• Dennis Gardeck,placed on ir with knee injury
2024-10-25,Dolphins,,• Tyler Huntley,placed on ir with right shoulder injury
2024-10-25,Eagles,,• Byron Young (b. 2000-11-10),placed on ir with hamstring injury
2024-10-25,Vikings,,• Christian Darrisaw,"placed on ir with torn acl, mcl in knee"
2024-10-26,Colts,,• Jaylon Carlies,placed on ir with fibula injury
2024-10-26,Cowboys,,• John Stephens Jr.,placed on ir with torn acl in knee (out for season)
2024-10-26,Panthers,,• Nick Scott,placed on ir with hamstring injury
2024-10-26,Ravens,,• T.J. Tampa,placed on ir with ankle injury
2024-10-26,Titans,,• Jaelyn Duncan,placed on ir with hamstring injury
2024-10-28,Chiefs,,• Jody Fortson Jr. / Joe Fortson,placed on ir
2024-10-28,Chiefs,,• Joseph Fortson,placed on ir with knee injury
2024-10-28,Colts,,• Trevor Denbow,placed on ir with knee injury
2024-10-28,Steelers,,• Roman Wilson,placed on ir with hamstring injury
2024-10-29,Bears,,• Bill Murray (b. 1997-07-03),placed on ir with pectoral injury
2024-10-29,Browns,,• Tony Brown (Mendell),placed on ir with foot injury
2024-10-29,Texans,,• Stefon Diggs,placed on ir with torn acl in right knee
2024-10-30,Cowboys,,• Amani Oruwariye,placed on ir with back injury
2024-10-30,Jets,,• Greg Zuerlein,placed on ir with left knee injury
2024-10-30,Ravens,,• Michael Pierce,placed on ir with calf injury
2024-10-31,Jets,,• Allen Lazard,placed on ir with chest injury
2024-10-31,Jets,,• Leki Fotu,placed on ir with knee injury
2024-11-01,Falcons,,• Ruke Orhorhoro,placed on ir with ankle injury
2024-11-02,Browns,,• Jeremiah Owusu-Koramoah,placed on ir with neck injury
2024-11-02,Chargers,,• Brenden Rice,placed on ir with shoulder injury
2024-11-02,Chiefs,,• Jared Wiley,placed on ir with torn acl in knee (out for season)
2024-11-02,Giants,,• Greg Joseph,placed on ir with oblique injury
2024-11-02,Jaguars,,• Christian Kirk (Davon),placed on ir with fractured sternum (out for season)
2024-11-02,Saints,,• Bub Means,placed on ir with high ankle sprain
2024-11-02,Saints,,• Kendre Miller,placed on ir with hamstring injury
2024-11-02,Seahawks,,• Cameron Young (Colette),placed on ir with knee injury
2024-11-02,Titans,,• Andrew Rupcich,placed on ir with torn triceps
2024-11-02,Vikings,,• Taki Taimani,placed on ir with ankle injury
2024-11-04,Jaguars,,• Cooper Hodges,placed on ir with knee injury
2024-11-05,Bengals,,• Erick All,placed on ir with torn acl in knee (out for season)
2024-11-05,Bengals,,• Zack Moss,placed on ir with neck injury
2024-11-05,Bills,,• Dawuane Smoot,placed on ir with surgery on wrist
2024-11-05,Colts,,• Ryan Kelly,placed on ir with leg injury
2024-11-05,Vikings,,• Andrew DePaola,placed on ir with hand injury
2024-11-05,Vikings,,• Will Reichard,placed on ir with strained quadriceps
2024-11-06,Chargers,,• Junior Colson,placed on ir with ankle injury
2024-11-06,Chargers,,• Simi Fehoko,placed on ir with elbow injury
2024-11-06,Titans,,• Lloyd Cushenberry III,placed on ir with achilles injury
2024-11-06,Titans,,• Quandre Diggs,placed on ir with foot injury
2024-11-07,Bears,,• Andrew Billings,placed on ir with surgery to repair torn pectoral muscle
2024-11-07,Bears,,• Jaylon Jones (Terrell),placed on ir with shoulder injury
2024-11-08,Texans,,• Kenyon Green,placed on ir with shoulder injury (out for season)
2024-11-09,Bills,,• Baylon Spector,placed on ir with calf injury
2024-11-09,Commanders,,• Colson Yankoff,placed on ir with hamstring injury
2024-11-09,Lions,,• Jalen Reeves-Maybin,placed on ir with neck injury
2024-11-09,Saints,,• Chris Olave,placed on ir with concussion
2024-11-11,Dolphins,,• Austin Jackson,placed on ir with knee injury (out for season)
2024-11-11,Seahawks,,• K'Von Wallace,placed on ir with ankle injury
2024-11-12,Dolphins,,• Tanner Conner,placed on ir with knee injury
2024-11-13,Seahawks,,• George Fant,placed on ir with knee injury
2024-11-14,Bears,,• Jaquan Brisker,placed on ir with concussion
2024-11-15,Chiefs,,• Harrison Butker,placed on ir with surgery on left knee
2024-11-16,49ers,,• Darrell Luter Jr.,placed on ir with pelvic injury
2024-11-16,49ers,,• Mitch Wishnowsky,placed on ir with back injury
2024-11-16,Browns,,• Michael Hall Jr. / Mike Hall Jr.,placed on ir with knee injury
2024-11-16,Falcons,,• James Smith-Williams,placed on ir with tibia injury
2024-11-16,Falcons,,• Ta'Quon Graham,placed on ir with pectoral muscle injury
2024-11-16,Packers,,• Jordan Morgan,placed on ir with shoulder injury
2024-11-16,Steelers,,• C.J. Henderson,placed on ir with neck injury
2024-11-18,Cowboys,,• Dak Prescott,placed on ir recovering from surgery to repair torn hamstring (out for season)
2024-11-18,Lions,,• Alex Anzalone,placed on ir with fractured forearm
2024-11-18,Panthers,,• Ian Thomas (c),placed on ir with calf injury
2024-11-19,Bengals,,• D.J. Turner II (JuanDrago),placed on ir
2024-11-19,Browns,,• Dawand Jones,placed on ir with fractured ankle (surgery) (out for season)
2024-11-19,Jaguars,,• Gabriel Davis / Gabe Davis,placed on ir with torn meniscus in knee (out for season)
2024-11-19,Lions,,• Ezekiel Turner / Zeke Turner,placed on ir with fractured clavicle
2024-11-19,Lions,,• Ifeatu Melifonwu,placed on ir with finger injury
2024-11-19,Patriots,,• Curtis Jacobs,placed on ir with head injury
2024-11-22,Eagles,,• Bryce Huff,placed on ir with wrist injury
2024-11-23,49ers,,• Tatum Bethune,placed on ir with knee injury
2024-11-23,Cowboys,,• Markquese Bell,placed on ir with dislocated shoulder (out for season)
2024-11-23,Lions,,• Ennis Rakestraw Jr.,placed on ir with hamstring injury
2024-11-23,Panthers,,• Miles Sanders,placed on ir with ankle injury
2024-11-23,Titans,,• Jack Gibbens,placed on ir with ankle injury
2024-11-23,Titans,,• L'Jarius Sneed,placed on ir with quadriceps injury
2024-11-25,Chargers,,• Hayden Hurst,placed on ir with hip injury
2024-11-26,Chiefs,,• Peyton Hendershot,placed on ir with calf injury
2024-11-26,Commanders,,• Austin Seibert,placed on ir with right hip injury
2024-11-26,Eagles,,• Brandon Graham,placed on ir with triceps injury
2024-11-26,Giants,,• Azeez Ojulari,placed on ir with toe injury
2024-11-26,Vikings,,• Ivan Pace Jr.,placed on ir with hamstring injury
2024-11-27,Chargers,,• Eli Apple,placed on ir with hamstring injury
2024-11-27,Cowboys,,• Asim Richards,placed on ir with ankle injury
2024-11-27,Cowboys,,• Caelen Carson,placed on ir with shoulder injury
2024-11-27,Giants,,• Armon Watts,placed on ir with shoulder injury
2024-11-27,Lions,,• Kalif Raymond,placed on ir with foot injury
2024-11-27,Seahawks,,• Anthony Bradford,placed on ir with ankle injury
2024-11-27,Texans,,• Ka'Dar Hollman,placed on ir with knee injury
2024-11-28,Dolphins,,• Tyus Bowser,placed on ir with knee injury
2024-11-28,Raiders,,• Gardner Minshew II,placed on ir with fractured clavicle (out for season)
2024-11-28,Raiders,,• Jakorian Bennett,placed on ir with shoulder injury
2024-11-28,Texans,,• Teagan Quitoriano,placed on ir with knee injury
2024-11-29,Buccaneers,,• Jordan Whitehead,placed on ir with pectoral injury
2024-11-30,Browns,,• Geoff Swaim,placed on ir with concussion
2024-11-30,Chargers,,• Alohi Gilman,placed on ir with hamstring injury
2024-11-30,Chargers,,• J.K. Dobbins,placed on ir with sprained knee
2024-11-30,Commanders,,• Austin Ekeler,placed on ir with concussion
2024-11-30,Eagles,,• Ben VanSumeren,placed on ir with knee injury
2024-11-30,Jets,,• Tyron Smith,placed on ir with neck injury
2024-11-30,Lions,,• Malcolm Rodriguez,placed on ir with torn acl in knee (out for season)
2024-11-30,Lions,,• Mekhi Wingo,placed on ir with knee injury (out for season)
2024-11-30,Ravens,,• Arthur Maulet,placed on ir with calf injury
2024-11-30,Ravens,,• Charlie Kolar,placed on ir with fractured arm
2024-12-02,Giants,,• Dexter Lawrence,placed on ir with dislocated elbow
2024-12-02,Giants,,• Theo Johnson,placed on ir with foot injury
2024-12-03,49ers,,• Christian McCaffrey,placed on ir with knee injury
2024-12-03,Raiders,,• D.J. Turner (b. 1997-01-18),placed on ir with knee injury
2024-12-04,49ers,,• Kevin Givens,placed on ir with torn pectoral muscle (out for season)
2024-12-04,Bengals,,• Evan McPherson,placed on ir with groin injury
2024-12-04,Chiefs,,• Spencer Shrader,placed on ir with hamstring injury
2024-12-04,Dolphins,,• Blake Ferguson,placed on ir
2024-12-04,Dolphins,,• Cam Smith (Marquise Jani'),placed on ir with shoulder injury
2024-12-04,Jaguars,,• Trevor Lawrence,placed on ir with concussion
2024-12-06,Bengals,,• Logan Wilson,placed on ir with surgery on knee (out for season)
2024-12-06,Buccaneers,,• Troy Hill (b. 1991-08-29),placed on ir with various injuries
2024-12-06,Saints,,• Taysom Hill,placed on ir with torn acl in knee (out for season)
2024-12-07,49ers,,• George Odum,placed on ir with knee injury
2024-12-07,49ers,,• Jordan Mason,placed on ir with ankle injury
2024-12-07,Browns,,• Jedrick Wills Jr.,placed on ir with knee injury
2024-12-07,Browns,,• Maurice Hurst Jr. / Maurice Hurst II (Roy),placed on ir with ankle injury
2024-12-07,Chiefs,,• Mecole Hardman,placed on ir with knee injury (out for season)
2024-12-07,Eagles,,• Dallas Goedert,placed on ir with knee injury
2024-12-07,Giants,,• D.J. Davidson,placed on ir
2024-12-07,Jets,,• Clint Mosley Jr. / C.J. Mosley,placed on ir with neck injury
2024-12-07,Saints,,• Nick Saldiveri,placed on ir with knee injury
2024-12-07,Titans,,• Logan Bruss,placed on ir with torn acl in knee
2024-12-07,Bills,,• Zach Davidson,placed on ir with shoulder injury
2024-12-09,Cowboys,,• Josh Butler,placed on ir with knee injury
2024-12-09,Cowboys,,• Zack Martin,placed on ir recovering from surgery on ankle (out for season)
2024-12-10,Browns,,• Greg Newsome II,placed on ir with hamstring injury
2024-12-10,Giants,,• Tre Hawkins III,placed on ir with fractured back
2024-12-10,Panthers,,• Jonathon Brooks,placed on ir with torn acl in knee (out for season)
2024-12-10,Raiders,,• Zamir White,placed on ir with quadriceps injury
2024-12-11,Bears,,• DeAndre Carter,placed on ir with hamstring injury
2024-12-11,Falcons,,• Jase McClellan,placed on ir with knee injury
2024-12-11,Giants,,• Tyler Nubin,placed on ir with surgery on ankle
2024-12-11,Jets,,• Irvin Charles,placed on ir with torn acl in knee
2024-12-12,49ers,,• Ben Bartch,placed on ir with ankle injury
2024-12-13,Patriots,,• Jaquelin Roy,placed on ir with foot injury
2024-12-13,Texans,,• Jalen Pitre,placed on ir with shoulder injury
2024-12-14,Bengals,,• Joe Bachie,placed on ir with adductor injury
2024-12-14,Cardinals,,• Blake Gillikin,placed on ir with foot injury
2024-12-14,Cardinals,,• Emari Demercado,placed on ir with back injury
2024-12-14,Chargers,,• Jalen Reagor,placed on ir with finger injury
2024-12-14,Commanders,,• Noah Brown,placed on ir with with kidney injury
2024-12-14,Cowboys,,• DeMarvion Overshown,"placed on ir with torn acl, mcl, pcl in right knee (out for season)"
2024-12-14,Giants,,• Jon Runyan Jr.,placed on ir with ankle injury
2024-12-14,Jaguars,,• Evan Engram,placed on ir recovering from surgery on shoulder to repair torn labrum (out for season)
2024-12-14,Jets,,• Kene Nwangwu,placed on ir with hand injury
2024-12-14,Saints,,• D'Marco Jackson,placed on ir with ankle injury
2024-12-14,Seahawks,,• Jerrick Reed II,placed on ir with quadriceps injury
2024-12-14,Steelers,,• Calvin Anderson,placed on ir with groin injury
2024-12-16,Falcons,,• Troy Andersen,placed on ir with knee injury
2024-12-17,Dolphins,,• Grant DuBose,placed on ir with head injury
2024-12-17,Lions,,• Alim McNeill,placed on ir with torn acl in knee (out for season)
2024-12-17,Lions,,• Carlton Davis,placed on ir with fractured jaw
2024-12-17,Lions,,• Khalil Dorsey,placed on ir with fractured leg (out for season)
2024-12-17,Panthers,,• Claudin Cherelus,placed on ir with toe injury
2024-12-17,Panthers,,• Trevin Wallace,placed on ir with shoulder injury
2024-12-17,Rams,,• Nick Hampton,placed on ir recovering from surgery to repair torn pectoral muscle (out for season)
2024-12-18,Browns,,• Nick Chubb,placed on ir with surgery on foot (out for season)
2024-12-18,Falcons,,• Younghoe Koo,placed on ir with hip injury
2024-12-18,Jets,,• Jalen Mills,placed on ir with clavicle injury
2024-12-18,Raiders,,• Maxx Crosby,placed on ir with ankle injury
2024-12-18,Raiders,,• Sincere McCormick,placed on ir with ankle injury
2024-12-20,Cardinals,,• Jesse Luketa,placed on ir with thigh injury
2024-12-21,Bears,,• Ryan Bates,placed on ir with concussion
2024-12-21,Cowboys,,• Trevon Diggs,placed on ir with surgery on knee (out for season)
2024-12-21,Giants,,• Bobby Okereke,placed on ir with back injury
2024-12-21,Giants,,• Patrick Johnson (a),placed on ir with knee injury
2024-12-21,Seahawks,,• Trevis Gipson,placed on ir with ankle injury
2024-12-23,Bears,,• Braxton Jones,placed on ir with surgery on ankle (out for season)
2024-12-23,Chargers,,• Marcus Maye,placed on ir with ankle injury
2024-12-23,Chiefs,,• Jack Cochrane,placed on ir with fractured ankle
2024-12-23,Texans,,• Jimmie Ward,placed on ir with surgery on foot
2024-12-23,Texans,,• Nathaniel Dell / Tank Dell,"placed on ir with surgery on left knee to repair torn acl, torn lcl, torn mcl, dislocated kneecap, meniscus injury (out for season)"
2024-12-24,Bills,,• Baylon Spector,placed on ir with calf injury
2024-12-24,Cardinals,,• Paris Johnson Jr.,placed on ir with knee injury
2024-12-24,Jets,,• Olumuyiwa Fashanu / Olu Fashanu,placed on ir with surgery on foot
2024-12-24,Lions,,• Jonah Williams (b. 1995-08-17),placed on ir with knee injury
2024-12-25,49ers,,• Jaylon Moore (b. 1998-01-09),placed on ir with quadriceps injury
2024-12-25,Titans,,• Kenneth Murray Jr.,placed on ir with wrist injury
2024-12-26,49ers,,• Trent Williams,placed on ir with ankle injury
2024-12-26,Browns,,• Shelby Harris,placed on ir with elbow injury
2024-12-26,Buccaneers,,• Christian Izien,placed on ir with pectoral injury
2024-12-26,Seahawks,,• Kenneth Walker III (b. 2000-10-20),placed on ir with ankle injury
2024-12-27,Patriots,,• Marcus Jones Jr.,placed on ir with hip injury
2024-12-28,Cowboys,,• Amani Oruwariye,placed on ir with foot injury
2024-12-28,Cowboys,,• CeeDee Lamb,placed on ir with shoulder injury
2024-12-28,Dolphins,,• Kendall Fuller,placed on ir with knee injury
2024-12-28,Eagles,,• Britain Covey,placed on ir with neck injury
2024-12-28,Falcons,,• Antonio Hamilton,placed on ir with quadriceps injury
2024-12-28,Giants,,• Raheem Layne,placed on ir with torn meniscus in knee
2024-12-28,Panthers,,• Chau Smith-Wade,placed on ir with illness
2024-12-28,Panthers,,• Chuba Hubbard,placed on ir with calf injury
2024-12-28,Saints,,• Erik McCoy,placed on ir with elbow injury
2024-12-28,Saints,,• Lucas Patrick,placed on ir with knee injury
2024-12-30,49ers,,• Aaron Banks,placed on ir with mcl injury in knee
2024-12-30,Cardinals,,• Joey Blount,placed on ir with rib injury
2024-12-30,Jets,,• Chuck Clark,placed on ir with undisclosed injury
2024-12-31,49ers,,• Dre Greenlaw,placed on ir with calf injury
2024-12-31,Browns,,• Cedric Tillman (b),placed on ir with concussion
2024-12-31,Cardinals,,• Trey Benson,placed on ir with ankle injury
2024-12-31,Jets,,• Greg Zuerlein,placed on ir with knee injury
2024-12-31,Saints,,• Jaylan Ford,placed on ir with fractured fibula in leg
2025-01-01,Cardinals,,• James Conner,placed on ir with knee injury
2025-01-01,Chargers,,• Elijah Molden,placed on ir with fractured fibula in leg (out for season)
2025-01-01,Dolphins,,• Kendall Lamm,placed on ir with back injury
2025-01-01,Eagles,,• C.J. Uzomah,placed on ir with abdominal injury
2025-01-03,Browns,,• David Njoku,placed on ir with knee injury
2025-01-03,Browns,,• Jerome Ford,placed on ir with ankle injury
2025-01-03,Browns,,• Pierre Strong Jr.,placed on ir with concussion
2025-01-03,Giants,,• Armon Watts,placed on ir with knee injury
2025-01-03,Packers,,• MarShawn Lloyd,placed on ir
2025-01-03,Ravens,,• Jalyn Armour-Davis,placed on ir with hamstring injury
2025-01-03,Seahawks,,• Brady Russell,placed on ir with foot injury
2025-01-04,49ers,,• Demetrius Flannigan-Fowles,placed on ir with calf injury
2025-01-04,49ers,,• Spencer Burford,placed on ir with calf injury
2025-01-04,Cardinals,,• Jackson Barton,placed on ir with ankle injury
2025-01-04,Commanders,,• Tyler Owens,placed on ir with ankle injury
2025-01-04,Cowboys,,• Kemon Hall,placed on ir with hamstring injury
2025-01-04,Jets,,• Ahmad Gardner / Sauce Gardner,placed on ir with hamstring injury
2025-01-04,Packers,,• Jaire Alexander,placed on ir with knee injury
2025-01-04,Panthers,,• Amare Barno,placed on ir with shoulder injury
2025-01-04,Patriots,,• Ben Brown (c),placed on ir with concussion
2025-01-04,Patriots,,• Ja'Lynn Polk,placed on ir with shoulder injury
2025-01-04,Patriots,,• Jabrill Peppers,placed on ir with hamstring injury
2025-01-04,Seahawks,,• Abraham Lucas,placed on ir with various injuries
2025-01-04,Seahawks,,• Josh Jobe,placed on ir with knee injury
2025-01-04,Texans,,• Jamal Hill,placed on ir with hamstring injury
2025-01-04,Titans,,• Otis Reese,placed on ir with ankle injury
2025-01-07,Rams,,• Blake Corum,placed on ir with forearm injury
2025-01-10,Chargers,,• Ja'Sir Taylor,placed on ir with rib injury
2025-01-10,Chiefs,,• Marlon Tuipulotu,placed on ir with undisclosed injury
2025-01-10,Eagles,,• Jack Driscoll,placed on ir with ankle injury
2025-01-14,Eagles,,• Nakobe Dean,placed on ir
2025-01-14,Texans,,• Cade Stover,placed on ir with fractured clavicle
2025-01-18,Commanders,,• Jordan Magee,placed on ir with hamstring injury
2025-02-08,Eagles,,• Nick Gates,placed on ir with groin injury
