Date,Team,Acquired,Relinquished,Notes
2020-01-01,Eagles,,• Brandon Brooks,placed on IR with separated right shoulder
2020-01-03,Vikings,,• Mike Hughes (b. 1997-02-11),placed on IR with neck injury
2020-01-06,Redskins,• Cassanova McKinzy,,activated from practice squad IR
2020-01-07,Chiefs,,• Juan Thornhill,placed on IR with torn ACL in knee
2020-01-07,Ravens,,• Antoine Wesley,placed on practice squad IR with undisclosed injury
2020-01-08,Ravens,,• Parker Ehinger,placed on IR with shoulder injury
2020-01-08,Seahawks,,• Mychal Kendricks,placed on IR with torn ACL in knee
2020-01-10,49ers,,• Kentavius Street,placed on IR with knee injury
2020-01-10,49ers,• Kwon Alexander,,activated from IR
2020-01-10,Vikings,,• Mackensie Alexander,placed on IR with knee injury
2020-01-10,Broncos,• Dymonte Thomas,,activated from IR
2020-01-13,Falcons,• Alex Gray (b. 1991-05-01),,activated from IR
2020-01-13,Falcons,• Ra'Shede Hageman,,activated from IR
2020-01-18,Packers,• Raven Greene,,activated from IR
2020-02-03,49ers,• Andrew Lauderdale,,activated from IR
2020-02-03,49ers,• D.J. Jones (Oliver),,activated from IR
2020-02-03,49ers,• Damontre Moore,,activated from IR
2020-02-03,49ers,• Garrett Celek,,activated from IR
2020-02-03,49ers,• Jalen Hurd,,activated from IR
2020-02-03,49ers,• Jason Verrett,,activated from IR
2020-02-03,49ers,• Jerick McKinnon,,activated from IR
2020-02-03,49ers,• Jullian Taylor,,activated from IR
2020-02-03,49ers,• Kentavius Street,,activated from IR
2020-02-03,49ers,• Marquise Goodwin,,activated from IR
2020-02-03,49ers,• Ronald Blair,,activated from IR
2020-02-03,49ers,• Shawn Poindexter,,activated from IR
2020-02-03,49ers,• Shon Coleman,,activated from IR
2020-02-03,49ers,• Tim Harris Jr.,,activated from IR
2020-02-03,49ers,• Trent Taylor,,activated from IR
2020-02-03,49ers,• Weston Richburg,,activated from IR
2020-02-03,Bears,• Adam Shaheen,,activated from IR
2020-02-03,Bears,• Ben Braunecker,,activated from IR
2020-02-03,Bears,• Danny Trevathan,,activated from IR
2020-02-03,Bears,• Josh Simmons,,activated from IR
2020-02-03,Bears,• Kyle Long,,activated from IR
2020-02-03,Bears,• Roquan Smith,,activated from IR
2020-02-03,Bears,• Sherrick McManis,,activated from IR
2020-02-03,Bears,• T.J. Clemmings,,activated from IR
2020-02-03,Bears,• Trey Burton,,activated from IR
2020-02-03,Bengals,• A.J. Green (Adriel Jeremiah),,activated from IR
2020-02-03,Bengals,• Alex Redmond,,activated from IR
2020-02-03,Bengals,• Auden Tate,,activated from IR
2020-02-03,Bengals,• Brandon Wilson,,activated from IR
2020-02-03,Bengals,• Dre Kirkpatrick,,activated from IR
2020-02-03,Bengals,• Drew Sample,,activated from IR
2020-02-03,Bengals,• Kerry Wynn,,activated from IR
2020-02-03,Bengals,• Niles Scott,,activated from IR
2020-02-03,Bengals,• O'Shea Dugas,,activated from IR
2020-02-03,Bengals,• Renell Wren,,activated from IR
2020-02-03,Bengals,• Rodney Anderson,,activated from IR
2020-02-03,Bengals,• Ryan Glasgow,,activated from IR
2020-02-03,Bengals,• William Jackson III,,activated from IR
2020-02-03,Bills,• Harrison Phillips,,activated from IR
2020-02-03,Bills,• Jason Croom,,activated from IR
2020-02-03,Bills,• LaAdrian Waddle,,activated from IR
2020-02-03,Bills,• Maurice Alexander,,activated from IR
2020-02-03,Bills,• Mike Love (b. 1994-01-22),,activated from IR
2020-02-03,Bills,• Vosean Joseph,,activated from IR
2020-02-03,Broncos,• Adam Gotsis,,activated from IR
2020-02-03,Broncos,• Andy Janovich,,activated from IR
2020-02-03,Broncos,• Austin Fort,,activated from IR
2020-02-03,Broncos,• Billy Winn,,activated from IR
2020-02-03,Broncos,• Bradley Chubb,,activated from IR
2020-02-03,Broncos,• Bryce Callahan,,activated from IR
2020-02-03,Broncos,• Corey Nelson,,activated from IR
2020-02-03,Broncos,• Cyrus Jones,,activated from reserve/non-football injury list / non-football illness list
2020-02-03,Broncos,• De'Vante Bausby / DeVante Bausby,,activated from IR
2020-02-03,Broncos,• Derek Wolfe,,activated from IR
2020-02-03,Broncos,• Horace Richardson,,activated from IR
2020-02-03,Broncos,• Jake Butt,,activated from IR
2020-02-03,Broncos,• Joe Flacco,,activated from IR
2020-02-03,Broncos,• Juwann Winfree,,activated from IR
2020-02-03,Broncos,• Nico Falah,,activated from IR
2020-02-03,Broncos,• Theo Riddick,,activated from IR
2020-02-03,Browns,• Christian Kirksey,,activated from IR
2020-02-03,Browns,• D.J. Montgomery,,activated from IR
2020-02-03,Browns,• Daniel Ekuale,,activated from IR
2020-02-03,Browns,• Dontrell Hilliard,,activated from IR
2020-02-03,Browns,• Drew Stanton,,activated from IR
2020-02-03,Browns,• Morgan Burnett,,activated from IR
2020-02-03,Browns,• Robert Jackson Jr.,,activated from IR
2020-02-03,Browns,• Willie Harvey,,activated from IR
2020-02-03,Buccaneers,• Antony Auclair,,activated from IR
2020-02-03,Buccaneers,• Blaine Gabbert,,activated from IR
2020-02-03,Buccaneers,• Bryant Mitchell,,activated from IR
2020-02-03,Buccaneers,• D'Cota Dixon,,activated from IR
2020-02-03,Buccaneers,• Jack Cichy,,activated from IR
2020-02-03,Buccaneers,• Jordan Whitehead,,activated from IR
2020-02-03,Buccaneers,• Justin Evans (b. 1995-08-26),,activated from IR
2020-02-03,Buccaneers,• Kendell Beckwith,,activated from reserve/non-football injury list
2020-02-03,Buccaneers,• Michael Liedtke / Mike Liedtke,,activated from IR
2020-02-03,Buccaneers,• Mike Evans (Lynn),,activated from IR
2020-02-03,Buccaneers,• Orion Stewart,,activated from IR
2020-02-03,Buccaneers,• Scotty Miller,,activated from IR
2020-02-03,Buccaneers,• T.J. Logan,,activated from IR
2020-02-03,Buccaneers,• Zack Bailey,,activated from IR
2020-02-03,Cardinals,• Brandon Williams (b. 1992-09-09),,activated from IR
2020-02-03,Cardinals,• Brett Toth,,activated from reserve/non-football injury list
2020-02-03,Cardinals,• Brooks Reed,,activated from IR
2020-02-03,Cardinals,• Clinton McDonald,,activated from IR
2020-02-03,Cardinals,• D.J. Foster,,activated from IR
2020-02-03,Cardinals,• Darrell Daniels,,activated from IR
2020-02-03,Cardinals,• Hakeem Butler,,activated from IR
2020-02-03,Cardinals,• Johnnie Dixon,,activated from practice squad IR
2020-02-03,Cardinals,• Jonathan Bullard,,activated from IR
2020-02-03,Cardinals,• Jordan Mills,,activated from IR
2020-02-03,Cardinals,• Kevin Peterson (Lamont),,activated from IR
2020-02-03,Cardinals,• Marcus Gilbert (Christopher),,activated from IR
2020-02-03,Cardinals,• Robert Alford,,activated from IR
2020-02-03,Cardinals,• Rodney Gunter,,activated from IR
2020-02-03,Cardinals,• Tanner Vallejo,,activated from IR
2020-02-03,Cardinals,• William Sweet,,activated from IR
2020-02-03,Cardinals,• Zach Allen,,activated from IR
2020-02-03,Chargers,• Andrew Vollert,,activated from IR
2020-02-03,Chargers,• Cortez Broughton,,activated from reserve/non-football injury list
2020-02-03,Chargers,• Dylan Cantrell,,activated from IR
2020-02-03,Chargers,• Forrest Lamp,,activated from IR
2020-02-03,Chargers,• Geremy Davis,,activated from IR
2020-02-03,Chargers,• Koda Martin,,activated from IR
2020-02-03,Chargers,• Mike Pouncey,,activated from IR
2020-02-03,Chargers,• Nasir Adderley,,activated from IR
2020-02-03,Chargers,• Sean Culkin,,activated from IR
2020-02-03,Chargers,• Travis Benjamin,,activated from IR
2020-02-03,Chiefs,,,activated from reserve/non-football injury list with undisclosed injury
2020-02-03,Chiefs,• Alex Okafor,,activated from IR
2020-02-03,Chiefs,• Breeland Speaks,,activated from IR
2020-02-03,Chiefs,• Darius Harris,,activated from reserve/non-football injury list
2020-02-03,Chiefs,• Darrel Williams,,activated from IR
2020-02-03,Chiefs,• David Wells,,activated from IR
2020-02-03,Chiefs,• Emmanuel Ogbah,,activated from IR
2020-02-03,Chiefs,• Felton Davis,,activated from IR
2020-02-03,Chiefs,• Greg Senat,,activated from IR
2020-02-03,Chiefs,• John Lovett (b. 1996-04-25),,activated from IR
2020-02-03,Chiefs,• Juan Thornhill,,activated from IR
2020-02-03,Chiefs,• Keith Reaser,,activated from IR
2020-02-03,Chiefs,• Marcus Kemp,,activated from IR
2020-02-03,Chiefs,• Martinas Rankin,,activated from IR
2020-02-03,Chiefs,• Spencer Ware,,activated from IR
2020-02-03,Chiefs,• Tim Ward,,activated from reserve/non-football injury list
2020-02-03,Colts,• Adam Vinatieri,,activated from IR
2020-02-03,Colts,• Billy Brown (b. 1993-03-20),,activated from IR
2020-02-03,Colts,• Chester Rogers,,activated from IR
2020-02-03,Colts,• Daurice Fountain,,activated from IR
2020-02-03,Colts,• Devin Funchess,,activated from IR
2020-02-03,Colts,• Eric Ebron,,activated from IR
2020-02-03,Colts,• Isaiah Johnson (Nathan),,activated from IR
2020-02-03,Colts,• Iseoluwapo Jegede / Jegs Jegede,,activated from IR
2020-02-03,Colts,• Javon Patterson,,activated from IR
2020-02-03,Colts,• Kai Nacua,,activated from IR
2020-02-03,Colts,• Kemoko Turay,,activated from IR
2020-02-03,Colts,• Parris Campbell,,activated from IR
2020-02-03,Colts,• Rolan Milligan,,activated from IR
2020-02-03,Colts,• Steve Ishmael,,activated from IR
2020-02-03,Cowboys,• Adam Redmond,,activated from IR
2020-02-03,Cowboys,• Anthony Brown (Shaquille),,activated from IR
2020-02-03,Cowboys,• Cedrick Wilson Jr. / Ced Wilson,,activated from IR
2020-02-03,Cowboys,• Chris Westry,,activated from IR
2020-02-03,Cowboys,• Cody Wichmann,,activated from IR
2020-02-03,Cowboys,• Connor McGovern (b. 1997-11-03),,activated from IR
2020-02-03,Cowboys,• Connor Williams,,activated from IR
2020-02-03,Cowboys,• Daniel Ross,,activated from IR
2020-02-03,Cowboys,• Jalen Jelks,,activated from IR
2020-02-03,Cowboys,• Jon'Vea Johnson,,activated from IR
2020-02-03,Cowboys,• Kavon Frazier,,activated from IR
2020-02-03,Cowboys,• Lance Lenoir,,activated from IR
2020-02-03,Cowboys,• Leighton Vander Esch,,activated from IR
2020-02-03,Cowboys,• Luke Gifford,,activated from IR
2020-02-03,Cowboys,• Noah Brown,,activated from reserve/physically unable to perform list
2020-02-03,Cowboys,• Tyrone Crawford,,activated from IR
2020-02-03,Cowboys,• Xavier Su'a-Filo,,activated from IR
2020-02-03,Dolphins,• Aqib Talib,,activated from IR
2020-02-03,Dolphins,• Bobby McCain,,activated from IR
2020-02-03,Dolphins,• Chase Allen (b. 1993-08-29),,activated from IR
2020-02-03,Dolphins,• Cordrea Tankersley,,activated from reserve/physically unable to perform list
2020-02-03,Dolphins,• Danny Isidora,,activated from IR
2020-02-03,Dolphins,• Gary Jennings,,activated from IR
2020-02-03,Dolphins,• Gerald Willis,,activated from IR
2020-02-03,Dolphins,• Jakeem Grant,,activated from IR
2020-02-03,Dolphins,• James Crawford,,activated from IR
2020-02-03,Dolphins,• Jonathan Ledbetter,,activated from IR
2020-02-03,Dolphins,• Kalen Ballage,,activated from IR
2020-02-03,Dolphins,• Kendarius Webster / Ken Webster,,activated from IR
2020-02-03,Dolphins,• Kendrick Norton,,activated from reserve/non-football injury list
2020-02-03,Dolphins,• Mike Hull (Thomas),,activated from reserve/physically unable to perform list
2020-02-03,Dolphins,• Myles Gaskin,,activated from IR
2020-02-03,Dolphins,• Preston Williams,,activated from IR
2020-02-03,Dolphins,• Raekwon McMillan,,activated from IR
2020-02-03,Dolphins,• Reshad Jones,,activated from IR
2020-02-03,Dolphins,• Ricardo Louis,,activated from IR
2020-02-03,Dolphins,• Ryan Lewis,,activated from IR
2020-02-03,Dolphins,• Xavien Howard,,activated from IR
2020-02-03,Eagles,• Alshon Jeffery,,activated from IR
2020-02-03,Eagles,• Brandon Brooks,,activated from IR
2020-02-03,Eagles,• Corey Clement,,activated from IR
2020-02-03,Eagles,• Daeshon Hall,,activated from IR
2020-02-03,Eagles,• Darren Sproles,,activated from IR
2020-02-03,Eagles,• DeSean Jackson,,activated from IR
2020-02-03,Eagles,• Hassan Ridgeway,,activated from IR
2020-02-03,Eagles,• Joe Ostman,,activated from IR
2020-02-03,Eagles,• Johnathan Ford / Rudy Ford,,activated from IR
2020-02-03,Eagles,• Jordan Mailata,,activated from IR
2020-02-03,Eagles,• Kamu Grugier-Hill,,activated from IR
2020-02-03,Eagles,• Malik Jackson (Barron),,activated from IR
2020-02-03,Eagles,• Ronald Darby,,activated from IR
2020-02-03,Falcons,• (Benjamin) Michael Bennett,,activated from IR
2020-02-03,Falcons,• Calvin Ridley,,activated from IR
2020-02-03,Falcons,• Desmond Trufant,,activated from IR
2020-02-03,Falcons,• Ito Smith,,activated from IR
2020-02-03,Falcons,• J.J. Wilcox,,activated from IR
2020-02-03,Falcons,• James Carpenter,,activated from IR
2020-02-03,Falcons,• Johnathan Cyprien,,activated from IR
2020-02-03,Falcons,• Keanu Neal,,activated from IR
2020-02-03,Falcons,• Kurt Benkert,,activated from IR
2020-02-03,Falcons,• Matt Bosher,,activated from IR
2020-02-03,Falcons,• Matt Simms,,activated from IR
2020-02-03,Falcons,• Steven Means,,activated from IR
2020-02-03,Falcons,• Takkarist McKinley / Takk McKinley,,activated from IR
2020-02-03,Giants,• Amba Etta-Tawo,,activated from IR
2020-02-03,Giants,• Chris Peace,,activated from IR
2020-02-03,Giants,• Corey Coleman,,activated from IR
2020-02-03,Giants,• Evan Engram,,activated from IR
2020-02-03,Giants,• George Asafo-Adjei,,activated from IR
2020-02-03,Giants,• Isaiah Searight,,activated from IR
2020-02-03,Giants,• Jabrill Peppers,,activated from IR
2020-02-03,Giants,• Mark McLaurin,,activated from IR
2020-02-03,Giants,• Nate Harvey,,activated from IR
2020-02-03,Giants,• Rhett Ellison,,activated from IR
2020-02-03,Giants,• Russell Shepard,,activated from IR
2020-02-03,Giants,• Ryan Connelly,,activated from IR
2020-02-03,Giants,• Scott Simonson,,activated from IR
2020-02-03,Giants,• Zak DeOssie,,activated from IR
2020-02-03,Jaguars,• Ben Ijalana,,activated from IR
2020-02-03,Jaguars,• Brandon Thomas,,activated from IR
2020-02-03,Jaguars,• Brian Price (Keith),,activated from practice squad IR
2020-02-03,Jaguars,• D.J. Alexander,,activated from IR
2020-02-03,Jaguars,• Devante Mays,,activated from IR
2020-02-03,Jaguars,• Donnell Greene,,activated from IR
2020-02-03,Jaguars,• Geoff Swaim,,activated from IR
2020-02-03,Jaguars,• Jake Ryan,,activated from IR
2020-02-03,Jaguars,• James O'Shaughnessy,,activated from IR
2020-02-03,Jaguars,• James Onwualu,,activated from IR
2020-02-03,Jaguars,• Josh Oliver,,activated from IR
2020-02-03,Jaguars,• K.C. McDermott,,activated from IR
2020-02-03,Jaguars,• Lerentee McCray,,activated from IR
2020-02-03,Jaguars,• Marcell Dareus,,activated from IR
2020-02-03,Jaguars,• Marqise Lee,,activated from IR
2020-02-03,Jaguars,• Michael Walker (b. 1996-10-29),,activated from IR
2020-02-03,Jaguars,• Myles Jack,,activated from IR
2020-02-03,Jaguars,• Najee Goode,,activated from IR
2020-02-03,Jaguars,• Quincy Williams,,activated from IR
2020-02-03,Jaguars,• Taj McGowan,,activated from IR
2020-02-03,Jets,• Albert McClellan,,activated from IR
2020-02-03,Jets,• Alex Lewis (b. 1992-04-21),,activated from IR
2020-02-03,Jets,• Avery Williamson,,activated from IR
2020-02-03,Jets,• Blake Cashman,,activated from IR
2020-02-03,Jets,• Brian Winters,,activated from IR
2020-02-03,Jets,• Charles Tapper,,activated from IR
2020-02-03,Jets,• Chris Herndon,,activated from IR
2020-02-03,Jets,• Chuma Edoga,,activated from IR
2020-02-03,Jets,• Clint Mosley Jr. / C.J. Mosley,,activated from IR
2020-02-03,Jets,• Jalin Moore,,activated from reserve/non-football injury list
2020-02-03,Jets,• Jeff Smith (Alan),,activated from IR
2020-02-03,Jets,• John Franklin-Myers,,activated from IR
2020-02-03,Jets,• Joshua Bellamy / Josh Bellamy,,activated from IR
2020-02-03,Jets,• Kyron Brown,,activated from IR
2020-02-03,Jets,• Quincy Enunwa,,activated from IR
2020-02-03,Jets,• Rontez Miles,,activated from IR
2020-02-03,Jets,• Ryan Griffin (Francis),,activated from IR
2020-02-03,Jets,• Ryan Kalil,,activated from IR
2020-02-03,Jets,• Tom Compton,,activated from IR
2020-02-03,Jets,• Trenton Cannon,,activated from IR
2020-02-03,Jets,• Trevor Siemian,,activated from IR
2020-02-03,Jets,• Trumaine Johnson (Monte),,activated from IR
2020-02-03,Lions,• Da'Shawn Hand,,activated from IR
2020-02-03,Lions,• Darius Kilgo,,activated from IR
2020-02-03,Lions,• Jahlani Tavai,,activated from IR
2020-02-03,Lions,• Jarrad Davis,,activated from IR
2020-02-03,Lions,• Jeff Driskel,,activated from IR
2020-02-03,Lions,• Jermaine Kearse,,activated from IR
2020-02-03,Lions,• Joe Dahl,,activated from IR
2020-02-03,Lions,• Kenny Wiggins,,activated from IR
2020-02-03,Lions,• Kevin Strong,,activated from IR
2020-02-03,Lions,• Marvin Hall,,activated from IR
2020-02-03,Lions,• Marvin Jones Jr.,,activated from IR
2020-02-03,Lions,• Matthew Stafford,,activated from IR
2020-02-03,Lions,• Mike Daniels,,activated from IR
2020-02-03,Lions,• Nick Bawden,,activated from IR
2020-02-03,Lions,• T.J. Hockenson,,activated from IR
2020-02-03,Packers,• Cole Madison,,activated from IR
2020-02-03,Packers,• Curtis Bolton,,activated from IR
2020-02-03,Packers,• Equanimeous St. Brown,,activated from IR
2020-02-03,Packers,• Greg Roberts (b. 1996-03-21),,activated from reserve/physically unable to perform list
2020-02-03,Packers,• Jason Spriggs,,activated from IR
2020-02-03,Packers,• Lane Taylor,,activated from IR
2020-02-03,Packers,• Malcolm Johnson (Jamaine),,activated from IR
2020-02-03,Packers,• Yosh Nijman,,activated from IR
2020-02-03,Panthers,• Brandon Greene,,activated from IR
2020-02-03,Panthers,• Cam Newton (Jerrell),,activated from IR
2020-02-03,Panthers,• Dillon Gordon,,activated from IR
2020-02-03,Panthers,• Dontari Poe,,activated from IR
2020-02-03,Panthers,• Garrett McGhin,,activated from IR
2020-02-03,Panthers,• Graham Gano,,activated from IR
2020-02-03,Panthers,• Greg Little,,activated from IR
2020-02-03,Panthers,• Greg Van Roten,,activated from IR
2020-02-03,Panthers,• Jordan Scarlett,,activated from IR
2020-02-03,Panthers,• Kawann Short,,activated from IR
2020-02-03,Panthers,• Kitt O'Brien,,activated from IR
2020-02-03,Panthers,• Natrell Jamerson,,activated from IR
2020-02-03,Patriots,• Brandon King (b. 1993-06-08),,activated from IR
2020-02-03,Patriots,• D'Angelo Ross,,activated from IR
2020-02-03,Patriots,• David Andrews,,activated from IR
2020-02-03,Patriots,• Derek Rivers,,activated from IR
2020-02-03,Patriots,• Gunner Olszewski,,activated from IR
2020-02-03,Patriots,• Hjalte Froholdt,,activated from IR
2020-02-03,Patriots,• Jakob Johnson,,activated from IR
2020-02-03,Patriots,• James Develin,,activated from IR
2020-02-03,Patriots,• Keionta Davis,,activated from IR
2020-02-03,Patriots,• Malik Gant,,activated from IR
2020-02-03,Patriots,• Stephen Gostkowski,,activated from IR
2020-02-03,Patriots,• Yodny Cajuste,,activated from reserve/non-football injury list
2020-02-03,Raiders,• Arden Key,,activated from IR
2020-02-03,Raiders,• Cameron Hunt,,activated from IR
2020-02-03,Raiders,• D.J. Killings,,activated from IR
2020-02-03,Raiders,• Dwayne Harris,,activated from IR
2020-02-03,Raiders,• Foster Moreau,,activated from IR
2020-02-03,Raiders,• Isaiah Crowell,,activated from IR
2020-02-03,Raiders,• Johnathan Abram,,activated from IR
2020-02-03,Raiders,• Jordan Devey,,activated from IR
2020-02-03,Raiders,• Karl Joseph,,activated from IR
2020-02-03,Raiders,• Makinton Dorleant,,activated from IR
2020-02-03,Raiders,• Marquel Lee,,activated from IR
2020-02-03,Raiders,• Nathan Peterman,,activated from IR
2020-02-03,Raiders,• Nick Nelson,,activated from IR
2020-02-03,Raiders,• Trent Brown,,activated from IR
2020-02-03,Rams,• Bruce Natson / JoJo Natson Jr.,,activated from IR
2020-02-03,Rams,• Bryce Hager,,activated from IR
2020-02-03,Rams,• Darrell Henderson,,activated from IR
2020-02-03,Rams,• Joe Noteboom,,activated from IR
2020-02-03,Rams,• John Johnson III,,activated from IR
2020-02-03,Rams,• Josh Carraway,,activated from IR
2020-02-03,Rams,• Justin Lawler,,activated from IR
2020-02-03,Rams,• Micah Kiser,,activated from IR
2020-02-03,Ravens,• Daylon Mack,,activated from IR
2020-02-03,Ravens,• DeShon Elliott,,activated from IR
2020-02-03,Ravens,• Fish Smithson,,activated from IR
2020-02-03,Ravens,• Matt Skura,,activated from IR
2020-02-03,Ravens,• Otaro Alaka,,activated from IR
2020-02-03,Ravens,• Parker Ehinger,,activated from IR
2020-02-03,Ravens,• Pernell McPhee,,activated from IR
2020-02-03,Ravens,• Randin Crecelius,,activated from IR
2020-02-03,Ravens,• Tavon Young,,activated from IR
2020-02-03,Ravens,• Tony Jefferson,,activated from IR
2020-02-03,Redskins,• Alex Smith (D.),,activated from reserve/physically unable to perform list
2020-02-03,Redskins,• Brandon Scherff,,activated from IR
2020-02-03,Redskins,• Bryce Love,,activated from reserve/non-football injury list
2020-02-03,Redskins,• Caleb Brantley,,activated from IR
2020-02-03,Redskins,• Danny Johnson (b. 1995-11-17),,activated from IR
2020-02-03,Redskins,• Derrius Guice,,activated from IR
2020-02-03,Redskins,• Deshazor Everett,,activated from IR
2020-02-03,Redskins,• Dominique Rodgers-Cromartie,,activated from IR
2020-02-03,Redskins,• Fabian Moreau,,activated from IR
2020-02-03,Redskins,• Greg Stroman,,activated from IR
2020-02-03,Redskins,• Jerome Cunningham,,activated from IR
2020-02-03,Redskins,• Jimmy Moreland,,activated from IR
2020-02-03,Redskins,• Jordan Brailford,,activated from IR
2020-02-03,Redskins,• Jordan Reed,,activated from IR
2020-02-03,Redskins,• Josh Woodrum,,activated from IR
2020-02-03,Redskins,• Montae Nicholson,,activated from IR
2020-02-03,Redskins,• Myles Humphrey,,activated from IR
2020-02-03,Redskins,• Paul Richardson Jr.,,activated from IR
2020-02-03,Redskins,• Quinton Dunbar,,activated from IR
2020-02-03,Redskins,• Reuben Foster,,activated from IR
2020-02-03,Redskins,• Ryan Kerrigan,,activated from IR
2020-02-03,Redskins,• Trent Williams,,activated from reserve/non-football injury list
2020-02-03,Redskins,• Trey Quinn,,activated from IR
2020-02-03,Redskins,• Vernon Davis,,activated from IR
2020-02-03,Saints,• Alex Anzalone,,activated from IR
2020-02-03,Saints,• Austin Carr,,activated from IR
2020-02-03,Saints,• Cameron Tom,,activated from IR
2020-02-03,Saints,• Chase Hansen,,activated from reserve/non-football injury list
2020-02-03,Saints,• Colton Jumper,,activated from IR
2020-02-03,Saints,• Garrett Griffin,,activated from IR
2020-02-03,Saints,• Jason Vander Laan,,activated from IR
2020-02-03,Saints,• Johnson Bademosi,,activated from IR
2020-02-03,Saints,• Josh Martin,,activated from IR
2020-02-03,Saints,• Kaden Elliss,,activated from IR
2020-02-03,Saints,• Keith Kirkwood,,activated from IR
2020-02-03,Saints,• Krishawn Hogan,,activated from IR
2020-02-03,Saints,• Marcus Davenport,,activated from IR
2020-02-03,Saints,• Saquan Hampton,,activated from IR
2020-02-03,Saints,• Sheldon Rankins,,activated from IR
2020-02-03,Seahawks,• Adam Choice,,activated from IR
2020-02-03,Seahawks,• C.J. Prosise,,activated from IR
2020-02-03,Seahawks,• Chris Carson,,activated from IR
2020-02-03,Seahawks,• Demarcus Christmas,,activated from reserve/physically unable to perform list
2020-02-03,Seahawks,• Demetrius Knox,,activated from IR
2020-02-03,Seahawks,• Ed Dickson,,activated from IR
2020-02-03,Seahawks,• Emmanuel Ellerbee,,activated from IR
2020-02-03,Seahawks,• Ethan Pocic,,activated from IR
2020-02-03,Seahawks,• Jeremy Boykins,,activated from IR
2020-02-03,Seahawks,• Jordan Simmons,,activated from IR
2020-02-03,Seahawks,• Justin Britt (b. 1991-05-29),,activated from IR
2020-02-03,Seahawks,• Justin Johnson,,activated from IR
2020-02-03,Seahawks,• Kalan Reed,,activated from IR
2020-02-03,Seahawks,• Mychal Kendricks,,activated from IR
2020-02-03,Seahawks,• Nazair Jones,,activated from IR
2020-02-03,Seahawks,• Neiko Thorpe,,activated from IR
2020-02-03,Seahawks,• Rashaad Penny,,activated from IR
2020-02-03,Seahawks,• Tedric Thompson,,activated from IR
2020-02-03,Seahawks,• Will Dissly,,activated from IR
2020-02-03,Steelers,• Ben Roethlisberger,,activated from IR
2020-02-03,Steelers,• Lavon Hooks,,activated from IR
2020-02-03,Steelers,• Leterrius Walton / L.T. Walton,,activated from IR
2020-02-03,Steelers,• Mason Rudolph,,activated from IR
2020-02-03,Steelers,• Roosevelt Nix (Delbert),,activated from IR
2020-02-03,Steelers,• Ryan Shazier,,activated from physically unable to perform list
2020-02-03,Steelers,• Ryan Switzer,,activated from IR
2020-02-03,Steelers,• Sean Davis,,activated from IR
2020-02-03,Steelers,• Stephon Tuitt,,activated from IR
2020-02-03,Steelers,• Ulysees Gilbert III,,activated from IR
2020-02-03,Texans,• Chris Landrum,,activated from IR
2020-02-03,Texans,• David Steinmetz,,activated from IR
2020-02-03,Texans,• Duke Ejiofor,,activated from IR
2020-02-03,Texans,• Dylan Cole,,activated from IR
2020-02-03,Texans,• Ira Savage-Lewis / Ira Lewis,,activated from IR
2020-02-03,Texans,• Isaac Whitney,,activated from IR
2020-02-03,Texans,• Joe Webb,,activated from IR
2020-02-03,Texans,• Kahale Warring,,activated from IR
2020-02-03,Texans,• Lamar Miller,,activated from IR
2020-02-03,Texans,• Phillip Gaines,,activated from IR
2020-02-03,Texans,• Senio Kelemete,,activated from IR
2020-02-03,Texans,• Tashaun Gipson,,activated from IR
2020-02-03,Texans,• Tytus Howard,,activated from IR
2020-02-03,Titans,• Cameron Batson,,activated from IR
2020-02-03,Titans,• Cameron Wake,,activated from IR
2020-02-03,Titans,• Chris Milton,,activated from IR
2020-02-03,Titans,• D'Andre Walker,,activated from IR
2020-02-03,Titans,• David Fluellen,,activated from IR
2020-02-03,Titans,• Delanie Walker,,activated from IR
2020-02-03,Titans,• Jordan Williams (Cornell),,activated from IR
2020-02-03,Titans,• Logan Woodside,,activated from practice squad IR
2020-02-03,Titans,• Malcolm Butler,,activated from IR
2020-02-03,Titans,• Ryan Succop,,activated from IR
2020-02-03,Vikings,• Armon Watts,,activated from IR
2020-02-03,Vikings,• Ben Gedeon,,activated from IR
2020-02-03,Vikings,• Brett Jones,,activated from IR
2020-02-03,Vikings,• Chad Beebe,,activated from IR
2020-02-03,Vikings,• Christian Jones (a),,activated from IR
2020-02-03,Vikings,• David Morgan II,,activated from reserve/physically unable to perform list
2020-02-03,Vikings,• Mackensie Alexander,,activated from IR
2020-02-03,Vikings,• Mike Hughes (b. 1997-02-11),,activated from IR
2020-02-03,Browns,• Lo Falemaka,,activated from IR
2020-04-22,Dolphins,,• Jonathan Ledbetter,placed on reserve/non-football injury list
2020-05-05,Jets,,• Joshua Bellamy / Josh Bellamy,placed on reserve/physically unable to perform list with shoulder injury
2020-05-05,Jets,,• Quincy Enunwa,placed on reserve/physically unable to perform list with neck injury
2020-05-06,Jets,,• Jalin Moore,placed on reserve/non-football injury list with ankle injury
2020-05-06,Jets,,• Kyron Brown,placed on reserve/physically unable to perform list with quadriceps injury
2020-05-19,Raiders,,• Nick Nelson,placed on reserve/physically unable to perform list with knee injury
2020-05-26,Saints,,• Noah Spence,placed on reserve/non-football injury list with torn ACL in knee
2020-05-28,Raiders,,• Nick O'Leary,placed on reserve/non-football injury list
2020-07-26,Bengals,,• Kendall Futrell,placed on reserve/COVID-19 list
2020-07-26,Browns,,• Dontrell Hilliard,placed on reserve/COVID-19 list
2020-07-26,Browns,,• Jovante Moffatt,placed on reserve/COVID-19 list
2020-07-26,Chiefs,,• Aleva Hifo,placed on reserve/COVID-19 list
2020-07-26,Cowboys,,• Jon'Vea Johnson,placed on reserve/COVID-19 list
2020-07-26,Ravens,,• Nigel Warrior,placed on reserve/COVID-19 list
2020-07-27,49ers,,• Richie James,placed on reserve/COVID-19 list
2020-07-27,Bears,,• Artavis Pierce,placed on reserve/COVID-19 list
2020-07-27,Bills,,• Isiah Brown / Ike Brown (c),placed on reserve/COVID-19 list
2020-07-27,Buccaneers,,• Ke'Shawn Vaughn,placed on reserve/COVID-19 list
2020-07-27,Colts,,• Jackson Porter,placed on reserve/COVID-19 list
2020-07-27,Colts,,• Julian Blackmon,placed on active/non-football injury list
2020-07-27,Colts,,• Malik Henry,placed on reserve/COVID-19 list
2020-07-27,Dolphins,,• Benito Jones,placed on reserve/COVID-19 list
2020-07-27,Dolphins,,• Blake Ferguson,placed on reserve/COVID-19 list
2020-07-27,Dolphins,,• Cordrea Tankersley,placed on reserve/COVID-19 list
2020-07-27,Eagles,,• Daeshon Hall,placed on reserve/physically unable to perform list with knee injury
2020-07-27,Jaguars,,• Davon Hamilton,placed on reserve/COVID-19 list
2020-07-27,Jaguars,,• Josiah Scott,placed on reserve/COVID-19 list
2020-07-27,Jaguars,,• Luqman Barcoo / Luq Barcoo,placed on reserve/COVID-19 list
2020-07-27,Jaguars,,• Tre'Vour Wallace-Simms,placed on reserve/COVID-19 list
2020-07-27,Steelers,,• Arrion Springs,placed on reserve/COVID-19 list
2020-07-27,Vikings,,• Blake Brandel,placed on reserve/COVID-19 list
2020-07-27,Vikings,,• Brian Cole II,placed on reserve/COVID-19 list
2020-07-27,Vikings,,• Justin Jefferson,placed on reserve/COVID-19 list
2020-07-27,Vikings,,• Tyler Higby,placed on reserve/COVID-19 list
2020-07-27,Washington,,• Alex Smith (D.),placed on physically unable to perform list recovering from right leg injury
2020-07-27,Washington,,• Emanuel Hall,placed on reserve/non-football injury list with Achilles injury
2020-07-27,Washington,,• Reuben Foster,placed on physically unable to perform list
2020-07-28,49ers,,• D.J. Reed,placed on active/non-football injury list
2020-07-28,49ers,,• Deebo Samuel,placed on active/non-football injury list
2020-07-28,49ers,,• Jullian Taylor,placed on active/physically unable to perform list
2020-07-28,49ers,,• Kentavius Street,placed on active/physically unable to perform list
2020-07-28,49ers,,• Ronald Blair,placed on active/physically unable to perform list
2020-07-28,49ers,,• Shawn Poindexter,placed on active/physically unable to perform list
2020-07-28,49ers,,• Weston Richburg,placed on active/physically unable to perform list
2020-07-28,Bills,,• Tommy Sweeney,placed on active/physically unable to perform list
2020-07-28,Buccaneers,,• Justin Evans (b. 1995-08-26),placed on active/physically unable to perform list
2020-07-28,Colts,,• Iseoluwapo Jegede / Jegs Jegede,placed on active/physically unable to perform list
2020-07-28,Colts,,• Kemoko Turay,placed on active/physically unable to perform list
2020-07-28,Colts,,• Mo Alie-Cox,placed on active/physically unable to perform list
2020-07-28,Dolphins,,• Calvin Munson,placed on active/non-football injury list
2020-07-28,Dolphins,,• Xavien Howard,placed on active/physically unable to perform list
2020-07-28,Falcons,,• Jaylinn Hawkins,placed on reserve/COVID-19 list
2020-07-28,Giants,,• Alex Tanney,placed on active/non-football illness list
2020-07-28,Giants,,• David Sills V,placed on reserve/COVID-19 list
2020-07-28,Jaguars,,• Jawaan Taylor,placed on reserve/COVID-19 list
2020-07-28,Jaguars,,• Ryan Pope,placed on reserve/COVID-19 list
2020-07-28,Jets,,• Bryce Hall,placed on reserve/COVID-19 list
2020-07-28,Jets,,• Shyheim Carter,placed on reserve/COVID-19 list
2020-07-28,Packers,,• Greg Roberts (b. 1996-03-21),placed on reserve/COVID-19 list
2020-07-28,Panthers,,• Greg Little,placed on active/physically unable to perform list
2020-07-28,Panthers,,• Michael Palardy,placed on reserve/non-football injury list with torn ACL kn knee
2020-07-28,Texans,,• Ira Savage-Lewis / Ira Lewis,placed on reserve/non-football injury list with back injury
2020-07-28,Titans,,• Corey Davis (Damon),placed on active/physically unable to perform list
2020-07-28,Titans,,• Isaiah Wilson,placed on reserve/COVID-19 list
2020-07-28,Titans,,• Jayon Brown,placed on active/physically unable to perform list
2020-07-28,Vikings,,• Nevelle Clarke,placed on active/non-football injury list
2020-07-28,Vikings,,• Quartney Davis,placed on active/non-football injury list
2020-07-29,Bears,,• Eric Saubert,placed on reserve/COVID-19 list
2020-07-29,Bears,,• Tre Roberson,placed on reserve/non-football injury list with fractured foot
2020-07-29,Bills,,• Cole Beasley,placed on active/non-football injury list
2020-07-29,Bills,,• D'haquille Williams / Duke Williams (b),placed on reserve/COVID-19 list
2020-07-29,Bills,,• Vincent Taylor,placed on reserve/COVID-19 list
2020-07-29,Browns,,• Pharaoh Brown,placed on active/physically unable to perform list
2020-07-29,Browns,,• Trevon Young,placed on IR
2020-07-29,Dolphins,• Benito Jones,,activated from reserve/COVID-19 list
2020-07-29,Eagles,,• Jordan Mailata,placed on reserve/COVID-19 list
2020-07-29,Eagles,,• Lane Johnson,placed on reserve/COVID-19 list
2020-07-29,Eagles,,• Nathan Gerry / Nate Gerry,placed on reserve/COVID-19 list
2020-07-29,Falcons,,• (Alton) Keith Smith,placed on reserve/COVID-19 list
2020-07-29,Falcons,,• Jamal Carter,placed on reserve/COVID-19 list
2020-07-29,Jets,,• Ahmad Gooden,placed on reserve/COVID-19 list
2020-07-29,Lions,,• Amani Oruwariye,placed on reserve/COVID-19 list
2020-07-29,Lions,,• Arryn Siposs,placed on reserve/COVID-19 list
2020-07-29,Lions,,• Jalen Elliott,placed on reserve/COVID-19 list
2020-07-29,Lions,,• Kenny Golladay,placed on reserve/COVID-19 list
2020-07-29,Lions,,• T.J. Hockenson,placed on reserve/COVID-19 list
2020-07-29,Steelers,,• Justin Layne,placed on reserve/COVID-19 list
2020-07-29,Vikings,,• Cameron Smith / Cam Smith,placed on reserve/COVID-19 list
2020-07-29,Vikings,,• Ifeadi Odenigbo,placed on reserve/COVID-19 list
2020-07-29,Vikings,,• Olisaemeka Udoh / Oli Udoh,placed on reserve/COVID-19 list
2020-07-29,Washington,,• Logan Thomas,placed on reserve/COVID-19 list
2020-07-30,49ers,,• Jeff Wilson Jr.,placed on reserve/COVID-19 list
2020-07-30,Bears,,• John Jenkins,placed on reserve/COVID-19 list
2020-07-30,Bills,,• Dane Jackson,placed on reserve/COVID-19 list
2020-07-30,Bills,,• Siran Neal,placed on reserve/COVID-19 list
2020-07-30,Broncos,,• Andrew Beck,placed on reserve/COVID-19 list
2020-07-30,Browns,,• Jamie Gillan,placed on reserve/COVID-19 list
2020-07-30,Jaguars,,• Charles Jones II,placed on reserve/COVID-19 list
2020-07-30,Jaguars,,• Parry Nickerson,placed on reserve/COVID-19 list
2020-07-30,Jaguars,• Josiah Scott,,activated from reserve/COVID-19 list
2020-07-30,Lions,,• Isaac Nauta,placed on reserve/COVID-19 list
2020-07-30,Lions,,• Justin Coleman,placed on reserve/COVID-19 list
2020-07-30,Packers,,• Jace Sternberger,placed on reserve/COVID-19 list
2020-07-30,Packers,,• Mason Crosby,placed on reserve/COVID-19 list
2020-07-30,Packers,,• Treyvon Hester,placed on reserve/COVID-19 list
2020-07-30,Raiders,,• Devontae Booker,placed on reserve/COVID-19 list
2020-07-30,Vikings,,• Anthony Barr,placed on reserve/COVID-19 list
2020-07-31,Buccaneers,,• Aca'Cedric Ware,placed on reserve/COVID-19 list
2020-07-31,Buccaneers,,• Raymond Calais,placed on reserve/COVID-19 list
2020-07-31,Dolphins,,• Jerome Baker,placed on reserve/COVID-19 list
2020-07-31,Dolphins,,• Zach Sieler,placed on reserve/COVID-19 list
2020-07-31,Falcons,,• Danny Etling,placed on reserve/COVID-19 list
2020-07-31,Falcons,,• Tyeler Davison,placed on reserve/COVID-19 list
2020-07-31,Jaguars,• Luqman Barcoo / Luq Barcoo,,activated from reserve/COVID-19 list
2020-07-31,Rams,,• Michael Hoecht / Mike Hoecht,placed on reserve/COVID-19 list
2020-07-31,Rams,,• Terrell Lewis,placed on reserve/COVID-19 list
2020-07-31,Texans,,• Dylan Cole,placed on active/physically unable to perform list
2020-07-31,Texans,,• Gareon Conley,placed on active/physically unable to perform list
2020-07-31,Vikings,• Blake Brandel,,activated from reserve/COVID-19 list
2020-07-31,Chiefs,• Aleva Hifo,,activated from reserve/COVID-19 list
2020-08-01,Cowboys,,• Saivion Smith,placed on reserve/COVID-19 list
2020-08-01,Jaguars,,• D.J. Hayden,placed on active/physically unable to perform list
2020-08-01,Jaguars,,• James O'Shaughnessy,placed on active/physically unable to perform list
2020-08-01,Lions,,• Matthew Stafford,placed on reserve/COVID-19 list
2020-08-01,Saints,,• Johnson Bademosi,placed on active/physically unable to perform list
2020-08-01,Saints,,• Kiko Alonso,placed on active/physically unable to perform list
2020-08-02,Bears,• Artavis Pierce,,activated from reserve/COVID-19 list
2020-08-02,Browns,,• J'Mon Moore,placed on active/non-football injury list
2020-08-02,Browns,,• Jarvis Landry,placed on active/physically unable to perform list
2020-08-02,Cardinals,,• Marcus Gilbert (Christopher),placed on non-football injury list
2020-08-02,Cardinals,,• Maxx Williams,placed on non-football injury list
2020-08-02,Chargers,,• Damion Square,placed on non-football injury list
2020-08-02,Colts,,• T.Y. Hilton,placed on non-football injury list
2020-08-02,Cowboys,,• Azur Kamara,placed on IR with undisclosed injury
2020-08-02,Dolphins,,• Ereck Flowers,placed on reserve/COVID-19 list
2020-08-02,Dolphins,• Blake Ferguson,,activated from reserve/COVID-19 list
2020-08-02,Falcons,,• Foyesade Oluokun / Foye Oluokun,placed on reserve/COVID-19 list
2020-08-02,Giants,,• Leonard Williams (Austin),placed on non-football injury list
2020-08-02,Jaguars,,• Andrew Wingard,placed on reserve/COVID-19 list
2020-08-02,Jaguars,,• Gardner Minshew II,placed on reserve/COVID-19 list
2020-08-02,Jaguars,,• Michael Walker (b. 1996-10-29),placed on reserve/COVID-19 list
2020-08-02,Jaguars,,• Ryquell Armstead,placed on reserve/COVID-19 list
2020-08-02,Jaguars,• Charles Jones II,,activated from reserve/COVID-19 list
2020-08-02,Jaguars,• Davon Hamilton,,activated from reserve/COVID-19 list
2020-08-02,Jaguars,• Jawaan Taylor,,activated from reserve/COVID-19 list
2020-08-02,Lions,,• Austin Bryant,placed on active/physically unable to perform list
2020-08-02,Lions,,• Romeo Okwara,placed on active/physically unable to perform list
2020-08-02,Panthers,,• Jason Ferris,placed on IR with undisclosed injury
2020-08-02,Patriots,,• Brandon King (b. 1993-06-08),placed on active/physically unable to perform list
2020-08-02,Patriots,,• Mohamed Sanu,placed on active/physically unable to perform list
2020-08-02,Patriots,,• Sony Michel,placed on active/physically unable to perform list
2020-08-02,Rams,• Michael Hoecht / Mike Hoecht,,activated from reserve/COVID-19 list
2020-08-02,Ravens,,• Matt Skura,placed on active/physically unable to perform list
2020-08-02,Seahawks,,• Emmanuel Ellerbee,placed on IR with undisclosed injury
2020-08-02,Steelers,,• James Washington (Edward),placed on reserve/COVID-19 list
2020-08-02,Steelers,,• Jaylen Samuels (b. 1996-07-20),placed on reserve/COVID-19 list
2020-08-03,49ers,,• D.J. Reed,placed on reserve/non-football injury list with pectoral injury
2020-08-03,49ers,• Richie James,,activated from reserve/COVID-19 list
2020-08-03,Bears,• Eric Saubert,,activated from reserve/COVID-19 list
2020-08-03,Bears,• John Jenkins,,activated from reserve/COVID-19 list
2020-08-03,Browns,,• Garrett Gilbert,placed on reserve/COVID-19 list
2020-08-03,Browns,,• Karl Joseph,placed on active/physically unable to perform list with foot injury
2020-08-03,Browns,• Jamie Gillan,,activated from reserve/COVID-19 list
2020-08-03,Dolphins,,• Malcolm Perry,placed on reserve/COVID-19 list
2020-08-03,Dolphins,• Jerome Baker,,activated from reserve/COVID-19 list
2020-08-03,Giants,,• Tae Crowder,placed on active/non-football injury list
2020-08-03,Giants,• Alex Tanney,,activated from active/non-football illness list
2020-08-03,Lions,• Isaac Nauta,,activated from reserve/COVID-19 list
2020-08-03,Packers,,• Hunter Bradley,placed on reserve/COVID-19 list
2020-08-03,Titans,• Isaiah Wilson,,activated from reserve/COVID-19 list
2020-08-03,Vikings,,• Ben Gedeon,placed on physically unable to perform list
2020-08-03,Vikings,• Anthony Barr,,activated from reserve/COVID-19 list
2020-08-03,Vikings,• Ifeadi Odenigbo,,activated from reserve/COVID-19 list
2020-08-03,Jets,• Quincy Enunwa,,activated from reserve/physically unable to perform list with neck injury
2020-08-03,Steelers,• Arrion Springs,,activated from reserve/COVID-19 list
2020-08-04,49ers,,• Richie James,placed on active/non-football injury list
2020-08-04,49ers,• Jeff Wilson Jr.,,activated from reserve/COVID-19 list
2020-08-04,49ers,• Kentavius Street,,activated from active/physically unable to perform list
2020-08-04,49ers,• Shawn Poindexter,,activated from active/physically unable to perform list
2020-08-04,Bengals,,• Xavier Su'a-Filo,placed on active/physically unable to perform list
2020-08-04,Bills,• Vincent Taylor,,activated from reserve/COVID-19 list
2020-08-04,Browns,,• Ja'Marcus Bradley,placed on reserve/COVID-19 list
2020-08-04,Browns,• Dontrell Hilliard,,activated from reserve/COVID-19 list
2020-08-04,Browns,• Jovante Moffatt,,activated from reserve/COVID-19 list
2020-08-04,Eagles,,• Brandon Brooks,placed on active/physically unable to perform list
2020-08-04,Giants,,• Josiah Tauaefa,placed on reserve/COVID-19 list
2020-08-04,Giants,• David Sills V,,activated from reserve/COVID-19 list
2020-08-04,Jaguars,• Andrew Wingard,,activated from reserve/COVID-19 list
2020-08-04,Jaguars,• Gardner Minshew II,,activated from reserve/COVID-19 list
2020-08-04,Lions,• Justin Coleman,,activated from reserve/COVID-19 list
2020-08-04,Lions,• Matthew Stafford,,activated from reserve/COVID-19 list
2020-08-04,Raiders,• Devontae Booker,,activated from reserve/COVID-19 list
2020-08-04,Vikings,,• Armon Watts,placed on reserve/COVID-19 list
2020-08-04,Vikings,• Brian Cole II,,activated from reserve/COVID-19 list
2020-08-04,Vikings,• Justin Jefferson,,activated from reserve/COVID-19 list
2020-08-04,Dolphins,• Cordrea Tankersley,,activated from reserve/COVID-19 list
2020-08-05,Bills,• Isiah Brown / Ike Brown (c),,activated from reserve/COVID-19 list
2020-08-05,Bills,• Siran Neal,,activated from reserve/COVID-19 list
2020-08-05,Browns,• Garrett Gilbert,,activated from reserve/COVID-19 list
2020-08-05,Dolphins,,• Davon Godchaux,placed on reserve/COVID-19 list
2020-08-05,Falcons,• Danny Etling,,activated from reserve/COVID-19 list
2020-08-05,Falcons,• Foyesade Oluokun / Foye Oluokun,,activated from reserve/COVID-19 list
2020-08-05,Falcons,• Jaylinn Hawkins,,activated from reserve/COVID-19 list
2020-08-05,Falcons,• Tyeler Davison,,activated from reserve/COVID-19 list
2020-08-05,Giants,• Josiah Tauaefa,,activated from reserve/COVID-19 list
2020-08-05,Jaguars,• Parry Nickerson,,activated from reserve/COVID-19 list
2020-08-05,Jets,,• James Burgess Jr.,placed on reserve/COVID-19 list
2020-08-05,Lions,• Kenny Golladay,,activated from reserve/COVID-19 list
2020-08-05,Ravens,• Nigel Warrior,,activated from reserve/COVID-19 list
2020-08-05,Titans,• Jayon Brown,,activated from active/physically unable to perform list
2020-08-06,Bengals,• Kendall Futrell,,activated from reserve/COVID-19 list
2020-08-06,Bills,• Dane Jackson,,activated from reserve/COVID-19 list
2020-08-06,Buccaneers,• Raymond Calais,,activated from reserve/COVID-19 list
2020-08-06,Dolphins,,• Benito Jones,placed on reserve/COVID-19 list
2020-08-06,Dolphins,,• Brandon Jones (b. 1998-04-02),placed on reserve/COVID-19 list
2020-08-06,Dolphins,,• Kirk Merritt,placed on reserve/COVID-19 list
2020-08-06,Dolphins,,• Raekwon Davis,placed on reserve/COVID-19 list
2020-08-06,Dolphins,,• Shaq Lawson,placed on reserve/COVID-19 list
2020-08-06,Dolphins,,• Solomon Kindley,placed on reserve/COVID-19 list
2020-08-06,Dolphins,• Malcolm Perry,,activated from reserve/COVID-19 list
2020-08-06,Dolphins,• Zach Sieler,,activated from reserve/COVID-19 list
2020-08-06,Raiders,,• Maxx Crosby,placed on reserve/COVID-19 list
2020-08-06,Raiders,,• Rod Smith (b. 1992-01-10),placed on reserve/COVID-19 list
2020-08-06,Ravens,,• Jacob Breeland / Jake Breeland,placed on reserve/non-football injury list with knee injury
2020-08-06,Saints,,• Kaden Elliss,placed on reserve/COVID-19 list
2020-08-06,Saints,,• Zach Wood,placed on reserve/COVID-19 list
2020-08-06,Vikings,• Armon Watts,,activated from reserve/COVID-19 list
2020-08-06,Buccaneers,• Aca'Cedric Ware,,activated from reserve/COVID-19 list
2020-08-07,Browns,• Ja'Marcus Bradley,,activated from reserve/COVID-19 list
2020-08-07,Dolphins,• Brandon Jones (b. 1998-04-02),,activated from reserve/COVID-19 list
2020-08-07,Dolphins,• Davon Godchaux,,activated from reserve/COVID-19 list
2020-08-07,Dolphins,• Shaq Lawson,,activated from reserve/COVID-19 list
2020-08-07,Jaguars,• Michael Walker (b. 1996-10-29),,activated from reserve/COVID-19 list
2020-08-07,Saints,• Kaden Elliss,,activated from reserve/COVID-19 list
2020-08-07,Steelers,• James Washington (Edward),,activated from reserve/COVID-19 list
2020-08-07,Titans,,• Jack Crawford,placed on reserve/COVID-19 list
2020-08-08,Bengals,,• Renell Wren,placed on non-football injury list
2020-08-08,Bengals,• Xavier Su'a-Filo,,activated from active/physically unable to perform list
2020-08-08,Browns,• J'Mon Moore,,activated from active/non-football injury list
2020-08-08,Browns,• Jarvis Landry,,activated from active/physically unable to perform list
2020-08-08,Browns,• Karl Joseph,,activated from active/physically unable to perform list
2020-08-08,Browns,• Pharaoh Brown,,activated from active/physically unable to perform list
2020-08-08,Dolphins,• Benito Jones,,activated from reserve/COVID-19 list
2020-08-08,Dolphins,• Kirk Merritt,,activated from reserve/COVID-19 list
2020-08-08,Dolphins,• Raekwon Davis,,activated from reserve/COVID-19 list
2020-08-08,Dolphins,• Solomon Kindley,,activated from reserve/COVID-19 list
2020-08-08,Jaguars,,• Rodney Gunter,placed on active/non-football injury list
2020-08-08,Lions,• Amani Oruwariye,,activated from reserve/COVID-19 list
2020-08-08,Lions,• Arryn Siposs,,activated from reserve/COVID-19 list
2020-08-08,Lions,• T.J. Hockenson,,activated from reserve/COVID-19 list
2020-08-08,Rams,,• A'Shawn Robinson,placed on active/non-football injury list
2020-08-09,Bills,• D'haquille Williams / Duke Williams (b),,activated from reserve/COVID-19 list
2020-08-09,Buccaneers,• Ke'Shawn Vaughn,,activated from reserve/COVID-19 list
2020-08-09,Cowboys,• Jon'Vea Johnson,,activated from reserve/COVID-19 list
2020-08-09,Cowboys,• Saivion Smith,,activated from reserve/COVID-19 list
2020-08-09,Dolphins,• Calvin Munson,,activated from active/non-football injury list
2020-08-09,Eagles,• Nathan Gerry / Nate Gerry,,activated from reserve/COVID-19 list
2020-08-09,Falcons,,• Chris Cooper (b. 1994-03-17),placed on reserve/COVID-19 list
2020-08-09,Giants,• Tae Crowder,,activated from active/non-football injury list
2020-08-09,Jaguars,,• Brian Price (Keith),placed on IR with knee injury
2020-08-09,Jaguars,,• Dontavius Russell,placed on IR with hip injury
2020-08-09,Saints,• Zach Wood,,activated from reserve/COVID-19 list
2020-08-09,Seahawks,,• John Ursua,placed on reserve/COVID-19 list
2020-08-09,Washington,• Logan Thomas,,activated from reserve/COVID-19 list
2020-08-09,Washington,• Reuben Foster,,activated from physically unable to perform list
2020-08-09,Vikings,• Tyler Higby,,activated from reserve/COVID-19 list
2020-08-10,Texans,• Gareon Conley,,activated from active/physically unable to perform list
2020-08-10,Titans,,• Josh Smith (a),placed on reserve/COVID-19 list
2020-08-10,Vikings,• Cameron Smith / Cam Smith,,activated from reserve/COVID-19 list
2020-08-11,Buccaneers,,• Travis Jonsen,placed on IR with quadriceps injury
2020-08-11,Colts,• Jackson Porter,,activated from reserve/COVID-19 list
2020-08-11,Dolphins,,• Xavien Howard,placed on reserve/COVID-19 list
2020-08-11,Eagles,• Lane Johnson,,activated from reserve/COVID-19 list
2020-08-11,Falcons,• Chris Cooper (b. 1994-03-17),,activated from reserve/COVID-19 list
2020-08-11,Patriots,,• Brandon King (b. 1993-06-08),placed on reserve/physically unable to perform list with left quadriceps injury
2020-08-11,Steelers,• Justin Layne,,activated from reserve/COVID-19 list
2020-08-11,Titans,,• Vic Beasley Jr.,placed on non-football injury list
2020-08-11,Vikings,,• Cameron Smith / Cam Smith,placed on reserve/non-football injury list with heart surgery
2020-08-12,Bengals,,• John Ross III,placed on reserve/COVID-19 list
2020-08-12,Bills,• Cole Beasley,,activated from active/non-football injury list
2020-08-12,Colts,• T.Y. Hilton,,activated from non-football injury list
2020-08-12,Jaguars,• James O'Shaughnessy,,activated from active/physically unable to perform list
2020-08-12,Seahawks,• John Ursua,,activated from reserve/COVID-19 list
2020-08-12,Titans,,• Reggie Gilbert,placed on IR with knee injury
2020-08-12,Buccaneers,• Travis Jonsen,,activated from IR
2020-08-12,Colts,• Malik Henry,,activated from reserve/COVID-19 list
2020-08-13,Broncos,,• Jonathan Harris,placed on reserve/non-football injury list
2020-08-13,Eagles,• Jordan Mailata,,activated from reserve/COVID-19 list
2020-08-13,Jets,• James Burgess Jr.,,activated from reserve/COVID-19 list
2020-08-13,Steelers,• Jaylen Samuels (b. 1996-07-20),,activated from reserve/COVID-19 list
2020-08-13,Vikings,• Olisaemeka Udoh / Oli Udoh,,activated from reserve/COVID-19 list
2020-08-14,Lions,• Jalen Elliott,,activated from reserve/COVID-19 list
2020-08-14,Raiders,• Maxx Crosby,,activated from reserve/COVID-19 list
2020-08-14,Rams,• Terrell Lewis,,activated from reserve/COVID-19 list
2020-08-14,Saints,,• Deonte Harris / Deonte Harty,placed on reserve/COVID-19 list
2020-08-15,Dolphins,,• Brandin Bryant,placed on reserve/COVID-19 list
2020-08-15,Dolphins,• Ereck Flowers,,activated from reserve/COVID-19 list
2020-08-15,Falcons,• (Alton) Keith Smith,,activated from reserve/COVID-19 list
2020-08-15,Jets,• Shyheim Carter,,activated from reserve/COVID-19 list
2020-08-15,Packers,• Mason Crosby,,activated from reserve/COVID-19 list
2020-08-15,Jets,• Ahmad Gooden,,activated from reserve/COVID-19 list
2020-08-16,49ers,,• Chris Thompson Jr.,placed on IR with undisclosed injury
2020-08-16,Chiefs,,• Alex Brown (b. 1996-08-30),placed on IR with torn ACL in knee
2020-08-16,Dolphins,• Brandin Bryant,,activated from reserve/COVID-19 list
2020-08-16,Patriots,,• Quincy Adeboyejo,placed on IR with undisclosed injury
2020-08-16,Ravens,• Matt Skura,,activated from active/physically unable to perform list
2020-08-16,Saints,• Deonte Harris / Deonte Harty,,activated from reserve/COVID-19 list
2020-08-16,Texans,• Kenny Stills,,activated from non-football injury list
2020-08-16,Washington,• Alex Smith (D.),,activated from physically unable to perform list
2020-08-16,Panthers,• Jason Ferris,,activated from IR
2020-08-17,Bengals,• Bryce Sterk,,activated from reserve/COVID-19 list
2020-08-17,Bills,,• Niles Scott,placed on IR with undisclosed injury
2020-08-17,Broncos,• Andrew Beck,,activated from reserve/COVID-19 list
2020-08-17,Packers,• Jace Sternberger,,activated from reserve/COVID-19 list
2020-08-17,Packers,• Treyvon Hester,,activated from reserve/COVID-19 list
2020-08-17,Raiders,• Rod Smith (b. 1992-01-10),,activated from reserve/COVID-19 list
2020-08-17,Ravens,,• Iman Lewis-Marshall / Iman Marshall,"placed on IR with torn ACL, MCL in right knee"
2020-08-17,Titans,• Corey Davis (Damon),,activated from active/physically unable to perform list
2020-08-17,Jaguars,• Brian Price (Keith),,activated from IR
2020-08-18,Falcons,• Jamal Carter,,activated from reserve/COVID-19 list
2020-08-18,Vikings,,• Quentin Poling,placed on IR with undisclosed injury
2020-08-19,Browns,,• George Obinna,placed on IR with triceps injury
2020-08-19,Dolphins,,• Sam Eguavoen,placed on reserve/COVID-19 list
2020-08-19,Dolphins,,• Vince Biegel,placed on IR with torn left Achilles tendon
2020-08-19,Giants,,• Cody Core,placed on IR with torn Achilles tendon
2020-08-19,Packers,• Greg Roberts (b. 1996-03-21),,activated from reserve/COVID-19 list
2020-08-19,Packers,• Hunter Bradley,,activated from reserve/COVID-19 list
2020-08-20,49ers,,• Jalen Hurd,placed on IR with torn ACL in knee
2020-08-20,Bears,,• Artie Burns,placed on IR with torn ACL in left knee
2020-08-20,Dolphins,• Sam Eguavoen,,activated from reserve/COVID-19 list
2020-08-20,Jaguars,,• Josh Oliver,placed on IR with fractured left foot
2020-08-20,Jaguars,• Ryquell Armstead,,activated from reserve/COVID-19 list
2020-08-20,Jaguars,• Tre'Vour Wallace-Simms,,activated from reserve/COVID-19 list
2020-08-20,Lions,,• Jashon Cornell,placed on IR with torn left Achilles tendon
2020-08-20,Saints,,• Tino Ellis,placed on IR with undisclosed injury
2020-08-20,Titans,• Jack Crawford,,activated from reserve/COVID-19 list
2020-08-21,Bears,,• Darion Clark,placed on IR with shoulder injury
2020-08-21,Cardinals,,• Robert Alford,placed on IR with torn pectoral muscle
2020-08-21,Colts,• Mo Alie-Cox,,activated from active/physically unable to perform list
2020-08-21,Texans,,• Duke Ejiofor,placed on IR with torn ACL in knee
2020-08-22,Ravens,,• Antoine Wesley,placed on IR with shoulder injury
2020-08-22,Titans,• Josh Smith (a),,activated from reserve/COVID-19 list
2020-08-23,Bengals,,• Renell Wren,placed on IR with right quadriceps injury
2020-08-23,Bengals,• John Ross III,,activated from reserve/COVID-19 list
2020-08-23,Buccaneers,,• John Franklin III,placed on IR with leg/knee injury
2020-08-23,Buccaneers,,• T.J. Logan,placed on IR with right knee injury
2020-08-23,Colts,,• Andrew Donnal,placed on IR with undisclosed injury
2020-08-23,Jaguars,,• Charles Jones II,"placed on IR with foot, quadriceps injuries"
2020-08-23,Steelers,,• Dax Raymond,placed on IR with ankle injury
2020-08-23,Washington,,• Thaddeus Moss,placed on IR with undisclosed injury
2020-08-24,Browns,,• Casey Dunn,placed on IR with foot injury
2020-08-24,Colts,,• Ian Bunting,placed on IR with leg injury
2020-08-24,Saints,,• Johnson Bademosi,placed on IR with foot injury
2020-08-25,Browns,,• Grant Delpit,placed on IR with torn right Achilles tendon
2020-08-25,Colts,,• Chad Williams (b. 1994-10-19),placed on IR with undisclosed injury
2020-08-25,Raiders,,• Nick Usher,placed on IR with undisclosed injury
2020-08-25,Bills,• Niles Scott,,activated from IR
2020-08-26,Bears,,• Darion Clark,placed on IR with shoulder injury
2020-08-26,Eagles,,• Joshua Perkins / Josh Perkins,placed on IR with upper body injury
2020-08-26,Eagles,,• Robert Davis (Jamal),placed on IR with lower body injury
2020-08-26,Panthers,,• Omar Bayless,placed on IR recovering from surgery on knee to remove loose cartilage
2020-08-26,Patriots,• Sony Michel,,activated from active/physically unable to perform list
2020-08-26,Saints,• Tino Ellis,,activated from IR
2020-08-27,Colts,,• Bruce Anderson III,placed on IR with undisclosed injury
2020-08-27,Dolphins,• Xavien Howard,,activated from reserve/COVID-19 list
2020-08-27,Jets,• Bryce Hall,,activated from reserve/COVID-19 list
2020-08-27,Panthers,,• Derrek Thomas,placed on IR with undisclosed injury
2020-08-27,Browns,,• Curtis Weaver,placed on IR with foot injury
2020-08-28,49ers,,• Jonathan Kongbo,placed on IR with groin injury
2020-08-28,Chiefs,,• Emmanuel Smith,placed on IR with hamstring injury
2020-08-28,Steelers,,• Anthony Johnson (b. 1997),placed on IR with knee injury
2020-08-29,Falcons,,• Steven Means,placed on reserve/COVID-19 list
2020-08-30,49ers,,• J.J. Nelson,placed on IR with knee injury
2020-08-30,Panthers,,• Derrek Thomas,placed on reserve/COVID-19 list
2020-08-30,Saints,,• Dwayne Washington,placed on reserve/COVID-19 list
2020-08-30,Saints,,• Jalen Dalton,placed on IR with triceps injury
2020-08-30,Seahawks,,• Branden Jackson,placed on IR with spine injury / concussion
2020-08-30,Seahawks,,• Eli Mencer,placed on IR with undisclosed injury
2020-08-30,Browns,• Casey Dunn,,activated from IR
2020-08-30,Steelers,• Dax Raymond,,activated from IR
2020-08-31,49ers,,• Fred Warner,placed on reserve/COVID-19 list
2020-08-31,Bears,,• Michael Joseph,placed on IR with undisclosed injury
2020-08-31,Broncos,,• Justin Strnad,placed on IR with surgery on dislocated wrist
2020-08-31,Colts,• Julian Blackmon,,activated from active/non-football injury list
2020-08-31,Jaguars,• Ryan Pope,,activated from reserve/COVID-19 list
2020-08-31,Lions,,• Nick Bawden,placed on IR with undisclosed injury
2020-08-31,Ravens,,• DeAndrew White,placed on IR with undisclosed injury
2020-09-01,Panthers,,• Chris Reed (b. 1992-07-22),placed on reserve/COVID-19 list
2020-09-01,Raiders,,• Tyrell Williams,placed on IR with surgery on right shoulder to repair torn labrum
2020-09-01,Seahawks,,• Patrick Carr,placed on IR with knee injury
2020-09-01,Colts,• Andrew Donnal,,activated from IR
2020-09-01,Colts,• Ian Bunting,,activated from IR
2020-09-01,Jaguars,• Charles Jones II,,activated from IR
2020-09-01,Raiders,• Nick Nelson,,activated from reserve/physically unable to perform list
2020-09-02,Vikings,,• Kenny Willekes,placed on IR with leg injury
2020-09-02,Colts,• Chad Williams (b. 1994-10-19),,activated from IR
2020-09-02,Vikings,• Quentin Poling,,activated from IR
2020-09-03,49ers,,• Tavon Austin,placed on IR with knee injury
2020-09-03,49ers,• Richie James,,activated from active/non-football injury list
2020-09-03,Cowboys,,• Mitch Hyatt,placed on IR with right knee injury
2020-09-03,Cowboys,,• Wyatt Miller,placed on IR with undisclosed injury
2020-09-03,Eagles,,• Andre Dillard,placed on IR with torn biceps
2020-09-03,Giants,,• Jaquarius Landrews,placed on IR with neck injury
2020-09-03,Giants,,• Rysen John,placed on IR with hamstring injury
2020-09-03,Panthers,,• Tommylee Lewis,placed on IR with hamstring injury
2020-09-03,Eagles,• Robert Davis (Jamal),,activated from IR
2020-09-03,Raiders,• Nick Usher,,activated from IR
2020-09-04,Bills,,• Patrick DiMarco,placed on IR with neck injury
2020-09-04,Bills,• Tommy Sweeney,,activated from active/physically unable to perform list
2020-09-04,Giants,,• David Sills V,placed on IR with fractured right foot
2020-09-04,Jaguars,,• Ryquell Armstead,placed on reserve/COVID-19 list
2020-09-04,Patriots,,• Michael Barnett,placed on IR with undisclosed injury
2020-09-04,49ers,• Jonathan Kongbo,,activated from IR
2020-09-04,Chiefs,• Emmanuel Smith,,activated from IR
2020-09-04,Cowboys,• Wyatt Miller,,activated from IR
2020-09-04,Panthers,• Tommylee Lewis,,activated from IR
2020-09-04,Steelers,• Anthony Johnson (b. 1997),,activated from IR
2020-09-05,49ers,,• Jullian Taylor,placed on reserve/physically unable to perform list with knee injury
2020-09-05,49ers,,• Ronald Blair,placed on reserve/physically unable to perform list with knee injury
2020-09-05,49ers,,• Weston Richburg,placed on reserve/physically unable to perform list with knee injury
2020-09-05,Bills,,• Tommy Sweeney,placed on reserve/physically unable to perform list with foot injury
2020-09-05,Broncos,,• Austin Fort,placed on IR recovering from surgery on knee
2020-09-05,Buccaneers,,• Justin Evans (b. 1995-08-26),placed on reserve/physically unable to perform list with foot injury
2020-09-05,Chargers,,• Derwin James Jr.,placed on IR with torn meniscus in right knee
2020-09-05,Chiefs,,• Martinas Rankin,placed on reserve/physically unable to perform list with patella injury in knee
2020-09-05,Colts,,• Kemoko Turay,placed on reserve/physically unable to perform list with ankle injury
2020-09-05,Eagles,,• Brandon Brooks,placed on reserve/physically unable to perform list with torn Achilles tendon
2020-09-05,Jaguars,,• Tramaine Brock,placed on IR with hamstring injury
2020-09-05,Jets,,• Bryce Hall,placed on reserve/non-football injury list with ankle injury
2020-09-05,Lions,,• Austin Bryant,placed on reserve/physically unable to perform list
2020-09-05,Packers,,• Curtis Bolton,placed on reserve/physically unable to perform list with knee injury
2020-09-05,Packers,,• Patrick Taylor,placed on reserve/non-football injury list with foot injury
2020-09-05,Packers,,• Simon Stepaniak,placed on reserve/non-football injury list with torn ACL in knee
2020-09-05,Raiders,,• Eric Kush,placed on IR with undisclosed injury
2020-09-05,Rams,,• A'Shawn Robinson,placed on reserve/non-football injury list with cardiovascular condition
2020-09-05,Rams,,• Travin Howard,placed on IR with knee injury
2020-09-05,Ravens,,• DeAndrew White,placed on IR
2020-09-05,Saints,,• Anthony Lanier II,placed on IR with undisclosed injury
2020-09-05,Saints,,• Kiko Alonso,placed on reserve/physically unable to perform list with knee injury
2020-09-05,Seahawks,,• Colby Parkinson,placed on reserve/non-football injury list with foot injury
2020-09-05,Seahawks,,• D.J. Reed,placed on reserve/non-football injury list with pectoral injury
2020-09-05,Seahawks,,• Darrell Taylor,placed on reserve/non-football injury list with leg injury
2020-09-05,Seahawks,,• Rashaad Penny,placed on reserve/physically unable to perform list with knee injury
2020-09-05,Vikings,,• Ben Gedeon,placed on reserve/physically unable to perform list with concussion
2020-09-05,Washington,,• Jordan Veasy,placed on IR with undisclosed injury
2020-09-05,Washington,,• Kelvin Harmon,placed on reserve/non-football injury list with torn ACL in knee
2020-09-05,Washington,,• Michael Liedtke / Mike Liedtke,placed on IR with shoulder injury
2020-09-05,Washington,,• Reuben Foster,placed on IR with knee injury
2020-09-05,Washington,,• Ryan Bee,placed on IR with undisclosed injury
2020-09-05,Washington,,• Simeon Thomas,placed on IR with undisclosed injury
2020-09-06,49ers,,• Ross Reynolds,placed on IR with knee injury
2020-09-06,Bears,,• Isaiah Irving,placed on IR with undisclosed injury
2020-09-06,Bills,,• Isaiah Hodgins,placed on IR with shoulder injury
2020-09-06,Bills,,• Jon Feliciano,placed on IR with torn pectoral muscle
2020-09-06,Broncos,,• Troy Fumagalli,placed on IR with abdominal injury
2020-09-06,Browns,,• Alex Taylor / Armani Taylor-Prioleau,placed on IR with undisclosed injury
2020-09-06,Buccaneers,,• John Hurst,placed on IR with ankle injury
2020-09-06,Buccaneers,,• John Molchon,placed on IR with undisclosed injury
2020-09-06,Cardinals,,• Brett Toth,placed on IR with hamstring injury
2020-09-06,Cardinals,,• Johnnie Dixon,placed on IR with undisclosed injury
2020-09-06,Colts,,• Sheldon Day,placed on IR with knee injury
2020-09-06,Dolphins,,• Nate Brooks (b. 1996-09-05),placed on IR with undisclosed injury
2020-09-06,Eagles,,• Quez Watkins,placed on IR with upper body injury
2020-09-06,Eagles,,• Will Parks,placed on IR with hamstring injury
2020-09-06,Giants,,• David Mayo,placed on IR with torn meniscus in left knee
2020-09-06,Giants,,• Montre Hartage,placed on IR with hamstring injury
2020-09-06,Giants,,• Xavier McKinney,placed on IR with fractured left foot
2020-09-06,Jaguars,,• Michael Walker (b. 1996-10-29),placed on IR with knee injury
2020-09-06,Lions,,• Dan Skipper,placed on IR with undisclosed injury
2020-09-06,Lions,,• Mike Ford Jr.,placed on IR with ankle injury
2020-09-06,Packers,,• Treyvon Hester,placed on IR with undisclosed injury
2020-09-06,Packers,,• Will Sunderland,placed on IR with undisclosed injury
2020-09-06,Rams,,• Justin Lawler,placed on IR with undisclosed injury
2020-09-06,Saints,,• Saquan Hampton,placed on IR with undisclosed injury
2020-09-06,Titans,,• Dane Cruikshank,placed on IR with undisclosed injury
2020-09-06,Titans,,• Isaiah Wilson,placed on reserve/COVID-19 list
2020-09-06,Vikings,,• Myles Dorn,placed on IR with undisclosed injury
2020-09-06,49ers,• J.J. Nelson,,activated from IR
2020-09-06,Giants,• Rysen John,,activated from IR
2020-09-06,Raiders,• Eric Kush,,activated from IR
2020-09-07,Bengals,,• Trae Waynes,placed on IR with torn pectoral muscle
2020-09-07,Colts,,• Trey Burton,placed on IR with calf injury
2020-09-07,Cowboys,,• La'el Collins,placed on IR with hip injury
2020-09-07,Cowboys,,• Sean Lee,placed on IR with pelvis injury / sports hernia
2020-09-07,Cowboys,,• Ventell Bryant,placed on IR with knee injury
2020-09-07,Jets,,• Cameron Clark / Cameron Clarke,placed on IR with knee injury / shoulder injury
2020-09-07,Jets,,• Jabari Zuniga,placed on IR with quadriceps injury
2020-09-07,Jets,,• Jeff Smith (Alan),placed on IR with shoulder injury
2020-09-07,Jets,,• Patrick Onwuasor,placed on IR with knee injury
2020-09-07,Jets,,• Vyncint Smith,placed on IR with core muscle injury (surgery)
2020-09-07,Lions,,• Bo Scarbrough,placed on IR with undisclosed injury
2020-09-07,Packers,,• Kabion Ento,placed on IR with fractured foot
2020-09-07,Packers,,• Kamal Martin,placed on IR with knee injury
2020-09-07,Panthers,,• Eli Apple,placed on IR with ankle/foot injury
2020-09-07,Panthers,,• Keith Kirkwood,placed on IR with fractured clavicle
2020-09-07,Patriots,,• Beau Allen,placed on IR with undisclosed injury
2020-09-07,Patriots,,• Damien Harris,placed on IR with hand injury
2020-09-07,Raiders,,• Marcus Mariota,placed on IR with strained pectoral muscle
2020-09-07,Raiders,,• Tanner Muse,placed on IR with toe injury
2020-09-07,Seahawks,,• Phil Haynes,placed on IR with hip injury / sports hernia
2020-09-07,Texans,,• Gareon Conley,placed on IR with ankle injury
2020-09-07,Texans,,• Isaiah Coulter,placed on IR with neck injury
2020-09-07,Bears,• Isaiah Irving,,activated from IR
2020-09-07,Cardinals,• Johnnie Dixon,,activated from IR
2020-09-08,Bears,,• Eddy Pineiro,placed on IR with groin injury
2020-09-08,Falcons,• Steven Means,,activated from reserve/COVID-19 list
2020-09-08,Jaguars,,• Quincy Williams,placed on IR with core muscle injury
2020-09-08,Bills,• Patrick DiMarco,,activated from IR
2020-09-08,Broncos,• Troy Fumagalli,,activated from IR
2020-09-08,Jaguars,• Tramaine Brock,,activated from IR
2020-09-08,Jets,• Joshua Bellamy / Josh Bellamy,,activated from reserve/physically unable to perform list
2020-09-08,Panthers,• Derrek Thomas,,activated from reserve/COVID-19 list
2020-09-08,Titans,• Reggie Gilbert,,activated from IR
2020-09-09,49ers,• Fred Warner,,activated from reserve/COVID-19 list
2020-09-09,Panthers,,• Natrell Jamerson,placed on reserve/practice squad COVID-19 list
2020-09-09,Rams,,• Terrell Lewis,placed on reserve/non-football injury list with knee injury
2020-09-09,Saints,,• Blake Gillikin,placed on IR with back injury
2020-09-09,Vikings,,• Danielle Hunter,placed on IR with undisclosed injury
2020-09-09,Jaguars,• Michael Walker (b. 1996-10-29),,activated from IR
2020-09-09,Packers,• Will Sunderland,,activated from IR
2020-09-10,Jaguars,,• Devine Ozigbo,placed on IR with hamstring injury
2020-09-10,Jets,,• Donte Moncrief,placed on practice squad IR with undisclosed injury
2020-09-10,Patriots,,• Yodny Cajuste,placed on IR with knee injury
2020-09-10,Giants,• Montre Hartage,,activated from IR
2020-09-10,Packers,• Treyvon Hester,,activated from IR
2020-09-11,Cardinals,,• Keesean Johnson,placed on reserve/COVID-19 list
2020-09-11,Dolphins,• Nate Brooks (b. 1996-09-05),,activated from IR
2020-09-11,Saints,• Anthony Lanier II,,activated from IR
2020-09-12,49ers,,• Deebo Samuel,placed on IR with foot injury
2020-09-12,Bills,,• Josh Norman (Ricardo),placed on IR with hamstring injury
2020-09-12,Patriots,,• Gunner Olszewski,placed on IR with foot injury
2020-09-14,Browns,,• David Njoku,placed on IR with knee injury
2020-09-14,Cardinals,,• Kentrell Brice,placed on practice squad IR with ankle injury
2020-09-14,Dolphins,,• Kylan Johnson,placed on practice squad IR with undisclosed injury
2020-09-14,Jaguars,,• Jarrod Wilson,placed on IR with hamstring injury
2020-09-14,Titans,,• Adoree' Jackson,placed on IR with knee injury
2020-09-14,49ers,• Ross Reynolds,,activated from IR
2020-09-14,Lions,• Dan Skipper,,activated from IR
2020-09-14,Saints,• Saquan Hampton,,activated from IR
2020-09-14,Washington,• Simeon Thomas,,activated from IR
2020-09-15,Bengals,,• Xavier Su'a-Filo,placed on IR with left ankle injury
2020-09-15,Broncos,,• Von Miller,placed on IR with ankle injury
2020-09-15,Chargers,,• Drue Tranquill,placed on IR with knee injury / left ankle injury
2020-09-15,Cowboys,,• Blake Jarwin,placed on IR with torn ACL in knee
2020-09-15,Cowboys,,• Cameron Erving,placed on IR with sprained MCL in knee
2020-09-15,Cowboys,,• Leighton Vander Esch,placed on IR with fractured collarbone
2020-09-15,Eagles,,• Craig James (b. 1996-04-29),placed on IR with thigh injury
2020-09-15,Eagles,,• Vinny Curry,placed on IR with hamstring injury
2020-09-15,Jets,,• Blake Cashman,placed on IR with groin injury
2020-09-15,Jets,,• Denzel Mims,placed on IR with hamstring injury
2020-09-15,Jets,,• Le'Veon Bell,placed on IR with hamstring injury
2020-09-15,Lions,,• Justin Coleman,placed on IR with hamstring injury
2020-09-15,Ravens,,• Kristian Welch,placed on practice squad IR with undisclosed injury
2020-09-15,Texans,,• Kahale Warring,placed on IR with undisclosed injury
2020-09-16,49ers,,• Richard Sherman,placed on IR with calf injury
2020-09-16,49ers,,• Tim Harris Jr.,placed on practice squad IR with undisclosed injury
2020-09-16,Broncos,,• A.J. Bouye,placed on IR with dislocated right shoulder
2020-09-16,Colts,,• Marlon Mack,placed on IR with torn right Achilles tendon
2020-09-16,Steelers,,• Zach Banner,placed on IR with torn ACL in right knee
2020-09-16,Browns,• Alex Taylor / Armani Taylor-Prioleau,,activated from IR
2020-09-16,Washington,• Ryan Bee,,activated from IR
2020-09-17,Cardinals,,• Jalen Thompson,placed on IR with ankle injury
2020-09-17,Chargers,,• Mike Pouncey,placed on IR with hip injury (surgery)
2020-09-17,Saints,• Dwayne Washington,,activated from reserve/COVID-19 list
2020-09-17,Vikings,,• Pat Elflein,placed on IR with thumb injury
2020-09-18,49ers,,• Richie James,placed on IR with hamstring injury
2020-09-18,Bengals,,• C.J. Uzomah,placed on IR with torn right Achilles tendon
2020-09-18,Buccaneers,,• Antony Auclair,placed on IR with calf injury
2020-09-18,Steelers,,• Stefen Wisniewski,placed on IR with chest injury
2020-09-19,Buccaneers,,• Chris Godwin,placed on IR
2020-09-19,Chiefs,,• Khalen Saunders,placed on IR with dislocated elbow
2020-09-19,Cowboys,,• Anthony Brown (Shaquille),placed on IR with rib injury
2020-09-19,Lions,,• Joe Dahl,placed on IR with groin injury
2020-09-19,Packers,,• Equanimeous St. Brown,placed on IR with knee injury
2020-09-19,Raiders,,• Marcell Ateman,placed on practice squad IR with undisclosed injury
2020-09-21,Broncos,,• Courtland Sutton,placed on IR with torn ACL in knee
2020-09-21,Broncos,,• Dre'Mont Jones,placed on IR with knee injury
2020-09-21,Cardinals,,• Maxx Williams,placed on IR with ankle injury
2020-09-21,Vikings,,• Anthony Barr,placed on IR with torn pectoral muscle
2020-09-21,Cardinals,• Keesean Johnson,,activated from reserve/COVID-19 list
2020-09-21,Cardinals,,• D.J. Foster,placed on practice squad IR with quadriceps injury
2020-09-22,Colts,,• Malik Hooker,placed on IR with torn Achilles tendon
2020-09-22,Colts,,• Parris Campbell,placed on IR with torn PCL in knee
2020-09-22,Eagles,,• Isaac Seumalo,placed on IR with knee injury
2020-09-22,Giants,,• Saquon Barkley,placed on IR with torn ACL in right knee
2020-09-22,Jets,,• Arthur Maulet,placed on IR with groin injury
2020-09-22,Packers,,• Lane Taylor,placed on IR with knee injury
2020-09-22,Ravens,,• Xavier Grimble,placed on practice squad IR with undisclosed injury
2020-09-22,Seahawks,,• Phillip Dorsett II,placed on IR with foot injury
2020-09-22,Washington,,• Brandon Scherff,placed on IR with sprained MCL in knee
2020-09-23,49ers,,• Nick Bosa,placed on IR with torn ACL in left knee
2020-09-23,49ers,,• Solomon Thomas,placed on IR with torn ACL in left knee
2020-09-23,Bills,,• Evan Boehm,placed on practice squad IR with undisclosed injury
2020-09-23,Broncos,,• DeMarcus Walker,placed on IR with calf injury
2020-09-23,Broncos,,• Mark Barron,placed on IR with hamstring injury
2020-09-23,Giants,,• Sterling Shepard,placed on IR with turf toe
2020-09-23,Jaguars,,• Josh Lambo,placed on IR with left hip injury
2020-09-23,Panthers,,• Christian McCaffrey,placed on IR with right high ankle sprain
2020-09-23,Panthers,• Chris Reed (b. 1992-07-22),,activated from reserve/COVID-19 list
2020-09-23,Raiders,,• Richie Incognito,placed on IR with Achilles injury
2020-09-23,Seahawks,,• Bruce Irvin,placed on IR with torn ACL in knee
2020-09-23,Seahawks,,• Marquise Blair,placed on IR with torn ACL in right knee
2020-09-23,Titans,,• Senorise Perry,placed on IR with knee injury
2020-09-24,Bears,,• John Jenkins,placed on IR with torn ligament in thumb
2020-09-24,Cardinals,,• Justin Johnson,placed on practice squad IR with undisclosed injury
2020-09-24,Rams,,• Joe Noteboom,placed on IR with calf injury
2020-09-24,Titans,,• Greg Mabin,placed on reserve/practice squad COVID-19 list
2020-09-24,Vikings,,• Troy Dye,placed on IR with sprained mid-foot
2020-09-25,Seahawks,,• Rasheem Green,placed on IR with neck injury
2020-09-25,Seahawks,• Eli Mencer,,activated from IR
2020-09-26,49ers,,• Tevin Coleman,placed on IR with knee injury
2020-09-26,Chargers,,• Asmar Bilal,placed on IR with calf injury
2020-09-26,Chargers,,• Justin Jones (Maurice),placed on IR with shoulder injury
2020-09-26,Chargers,,• Melvin Ingram,placed on IR with knee injury
2020-09-26,Colts,,• Matthew Adams / Matt Adams,placed on IR with ankle injury
2020-09-26,Cowboys,,• Chidobe Awuzie,placed on IR with hamstring injury
2020-09-26,Falcons,,• A.J. Terrell,placed on reserve/COVID-19 list
2020-09-26,Patriots,,• David Andrews,placed on IR with hand injury
2020-09-26,Patriots,,• Joshua Uche / Josh Uche,placed on IR with ankle/foot injury
2020-09-26,Saints,,• Ty Montgomery,placed on IR with hamstring injury
2020-09-28,Broncos,,• Austin Calitro,placed on IR with hamstring injury
2020-09-28,Broncos,,• Jurrell Casey,placed on IR with biceps injury
2020-09-28,Browns,,• Bruce Natson / JoJo Natson Jr.,placed on IR with torn ACL in knee
2020-09-28,Jaguars,,• Leon Jacobs,placed on IR with torn ACL in knee
2020-09-28,Ravens,,• Tavon Young,placed on IR with torn ACL in left knee
2020-09-28,Texans,,• A.J. Moore Jr.,placed on IR with hamstring injury
2020-09-29,Bears,,• Tarik Cohen,placed on IR with torn ACL in right knee
2020-09-29,Broncos,,• Elijah Wilkinson,placed on IR with fractured tibula in leg
2020-09-29,Chargers,,• Chris Harris Jr.,placed on IR with foot injury
2020-09-29,Eagles,,• Dallas Goedert,placed on IR with fractured ankle
2020-09-29,Falcons,,• Darqueze Dennard,placed on IR with hamstring injury
2020-09-29,Jaguars,,• Brandon Wright,placed on IR with groin injury
2020-09-29,Panthers,• Natrell Jamerson,,activated from practice squad IR
2020-09-29,Titans,,• Beau Brinkley,placed on reserve/COVID-19 list
2020-09-29,Titans,,• DaQuan Jones,placed on reserve/COVID-19 list
2020-09-29,Titans,,• Tommy Hudson,placed on reserve/practice squad COVID-19 list
2020-09-29,Washington,,• Matthew Ioannidis / Matt Ioannidis,placed on IR with torn left biceps
2020-09-29,Colts,• Bruce Anderson III,,activated from IR
2020-09-29,Seahawks,• Emmanuel Ellerbee,,activated from IR
2020-09-30,49ers,,• Mark Nzeocha,placed on IR with quadriceps injury
2020-09-30,Chiefs,,• L'Jarius Sneed,placed on IR with fractured collarbone
2020-09-30,Eagles,,• Jalen Reagor,placed on IR with thumb injury
2020-09-30,Giants,,• Brandon Williams (b. 1992-09-09),placed on IR with groin injury
2020-09-30,Saints,,• Lil'Jordan Humphrey,placed on practice squad IR with undisclosed injury
2020-09-30,Titans,,• Kamalei Correa,placed on reserve/COVID-19 list
2020-09-30,Jaguars,• Brandon Wright,,activated from IR
2020-10-01,Jets,• Jeff Smith (Alan),,activated from IR
2020-10-01,Titans,,• Kristian Fulton,placed on reserve/COVID-19 list
2020-10-02,Raiders,,• Damon Arnette,placed on IR with thumb injury
2020-10-02,Raiders,,• Daniel Ross,placed on IR with foot injury
2020-10-02,Redskins,,• Bryce Love,placed on IR with knee injury (out for season)
2020-10-02,Titans,,• Adam Humphries,placed on reserve/COVID-19 list
2020-10-02,Titans,,• Cameron Batson,placed on reserve/practice squad COVID-19 list
2020-10-03,49ers,,• Dee Ford,placed on IR with back injury
2020-10-03,49ers,,• Jordan Reed,placed on IR with knee injury
2020-10-03,49ers,• Deebo Samuel,,activated from IR
2020-10-03,Bengals,,• Mike Daniels,placed on IR with elbow injury
2020-10-03,Bills,• Josh Norman (Ricardo),,activated from IR
2020-10-03,Chiefs,,• Jordan Ta'amu / Jordan Ta'amu-Perifanos,placed on reserve/practice squad COVID-19 list
2020-10-03,Colts,,• Michael Pittman Jr.,placed on IR with calf injury
2020-10-03,Colts,• Trey Burton,,activated from IR
2020-10-03,Eagles,,• Jason Peters,placed on IR with foot injury
2020-10-03,Eagles,,• Trevor Williams,placed on IR with rib injury
2020-10-03,Packers,,• Allen Lazard,placed on IR with core muscle injury
2020-10-03,Packers,,• Christian Kirksey,placed on IR with pectoral injury
2020-10-03,Panthers,• Eli Apple,,activated from IR
2020-10-03,Patriots,,• Cam Newton (Jerrell),placed on reserve/COVID-19 list
2020-10-03,Saints,,• Chase Hansen,placed on IR with hip injury
2020-10-03,Titans,,• Jeffery Simmons,placed on reserve/COVID-19 list
2020-10-05,Browns,,• Nick Chubb,placed on IR with strained MCL in right knee
2020-10-05,Patriots,,• Cody Davis,placed on IR with rib injury
2020-10-05,Patriots,,• Sony Michel,placed on IR with quadriceps injury
2020-10-05,Patriots,• Damien Harris,,activated from IR
2020-10-05,Patriots,• Gunner Olszewski,,activated from IR
2020-10-05,Titans,,• Khari Blasingame,placed on reserve/COVID-19 list
2020-10-06,Browns,,• Khadarel Hodge,placed on IR with hamstring injury
2020-10-06,Buccaneers,,• O.J. Howard,placed on IR with torn Achilles tendon
2020-10-06,Lions,,• Kerrith Whyte,placed on practice squad IR with undisclosed injury
2020-10-06,Panthers,,• Reggie Bonnafon,placed on practice squad IR with ankle injury
2020-10-06,Patriots,,• Bill Murray (b. 1997-07-03),placed on reserve/practice squad COVID-19 list
2020-10-06,Raiders,,• Maurice Hurst Jr.  / Maurice Hurst II (Roy),placed on reserve/COVID-19 list
2020-10-06,Ravens,• Kristian Welch,,activated from practice squad IR
2020-10-06,Cardinals,• Brett Toth,,activated from IR
2020-10-06,Packers,• Curtis Bolton,,activated from reserve/physically unable to perform list
2020-10-06,Washington,• Jordan Veasy,,activated from IR
2020-10-07,Bills,,• Levi Wallace,placed on IR with ankle injury
2020-10-07,Cardinals,• Kentrell Brice,,activated from practice squad IR
2020-10-07,Falcons,,• Damontae Kazee,placed on IR with torn left Achilles tendon
2020-10-07,Jaguars,,• D.J. Hayden,placed on IR with hamstring injury
2020-10-07,Jets,,• Lawrence Cager,placed on practice squad IR with hamstring injury
2020-10-07,Jets,• Donte Moncrief,,activated from practice squad IR
2020-10-07,Patriots,,• Stephon Gilmore,placed on reserve/COVID-19 list
2020-10-07,Seahawks,,• Neiko Thorpe,placed on IR with sports hernia
2020-10-07,Titans,,• Corey Davis (Damon),placed on reserve/COVID-19 list
2020-10-07,49ers,• Tim Harris Jr.,,activated from practice squad IR
2020-10-08,Eagles,,• Johnathan Ford / Rudy Ford,placed on IR with hamstring injury
2020-10-08,Eagles,,• T.J. Edwards,placed on IR with hamstring injury
2020-10-08,Falcons,• A.J. Terrell,,activated from reserve/COVID-19 list
2020-10-08,Titans,,• Breon Borders,placed on reserve/practice squad COVID-19 list
2020-10-08,Titans,,• MyCole Pruitt,placed on reserve/COVID-19 list
2020-10-09,Chargers,,• Austin Ekeler,placed on IR with hamstring injury
2020-10-09,Dolphins,,• Austin Jackson,placed on IR with left ankle/foot injury
2020-10-09,Giants,,• Oshane Ximines,placed on IR with shoulder injury
2020-10-09,Jaguars,,• Aldrick Rosas,placed on practice squad IR with undisclosed injury
2020-10-09,Washington,,• Steven Sims Jr.,placed on IR with toe injury
2020-10-09,Bears,,• Devante Bond,placed on practice squad IR with undisclosed injury
2020-10-10,49ers,,• Ezekiel Ansah / Ziggy Ansah,placed on IR with biceps injury
2020-10-10,49ers,,• K'Waun Williams,placed on IR with knee injury
2020-10-10,Bears,,• Badara Traore,placed on reserve/practice squad COVID-19 list
2020-10-10,Broncos,,• LeVante Bellamy,placed on IR with knee injury
2020-10-10,Browns,• David Njoku,,activated from IR
2020-10-10,Chiefs,,• Michael Danna / Mike Danna,placed on IR with hamsting injury
2020-10-10,Cowboys,,• Joe Looney,placed on IR with knee injury
2020-10-10,Cowboys,,• Tyron Smith,placed on IR with neck injury
2020-10-10,Cowboys,• Anthony Brown (Shaquille),,activated from IR
2020-10-10,Eagles,• Craig James (b. 1996-04-29),,activated from IR
2020-10-10,Eagles,• Quez Watkins,,activated from IR
2020-10-10,Jaguars,• Jarrod Wilson,,activated from IR
2020-10-10,Jaguars,• Quincy Williams,,activated from IR
2020-10-10,Jets,• Le'Veon Bell,,activated from IR
2020-10-10,Rams,• Terrell Lewis,,activated from reserve/non-football injury list
2020-10-10,Titans,• Greg Mabin,,activated from practice squad IR
2020-10-10,Titans,• Isaiah Wilson,,activated from reserve/COVID-19 list
2020-10-12,Bengals,,• D.J. Reader,placed on IR with left quadriceps injury
2020-10-12,Bills,,• Del'Shawn Phillips,placed on IR with quadriceps injury
2020-10-12,Browns,,• Greedy Williams,placed on IR with shoulder injury
2020-10-12,Buccaneers,,• Jack Cichy,placed on IR with hamstring injury
2020-10-12,Buccaneers,,• Vita Vea,placed on IR with fractured leg
2020-10-12,Chargers,,• Frederick Smith Jr.,placed on practice squad IR with undisclosed injury
2020-10-12,Chargers,,• T.J. Smith,placed on practice squad IR with undisclosed injury
2020-10-12,Jaguars,,• Andrew Wingard,placed on IR with strained abdominal
2020-10-12,Patriots,,• Byron Cowart,placed on reserve/COVID-19 list
2020-10-12,Ravens,,• Otaro Alaka,placed on IR with knee injury
2020-10-12,Titans,• Beau Brinkley,,activated from reserve/COVID-19 list
2020-10-12,Titans,• DaQuan Jones,,activated from reserve/COVID-19 list
2020-10-12,Bills,• Evan Boehm,,activated from practice squad IR
2020-10-13,Chiefs,,• Anthony Sherman,placed on reserve/COVID-19 list
2020-10-13,Falcons,,• Marlon Davidson,placed on reserve/COVID-19 list
2020-10-13,Jets,,• Chris Hogan,placed on IR with ankle injury
2020-10-13,Packers,,• Jake Hanson,placed on practice squad IR with undisclosed injury (out for season)
2020-10-13,Packers,,• Josiah Deguara,placed on IR with torn ACL in knee
2020-10-13,Rams,,• Jordan Fuller,placed on IR with shoulder injury
2020-10-13,Texans,,• Benardrick McKinney,placed on IR with shoulder injury
2020-10-13,Titans,• Kamalei Correa,,activated from reserve/COVID-19 list
2020-10-13,Titans,• Kristian Fulton,,activated from reserve/COVID-19 list
2020-10-14,Bears,,• James Daniels (b. 1997-09-13),placed on IR with pectoral injury
2020-10-14,Patriots,• Cam Newton (Jerrell),,activated from reserve/COVID-19 list
2020-10-14,Titans,• Adam Humphries,,activated from reserve/COVID-19 list
2020-10-14,Titans,• Cameron Batson,,activated from practice squad IR
2020-10-15,Bengals,,• Sam Hubbard,placed on IR with left elbow injury
2020-10-15,Cardinals,,• Chandler Jones (James),placed on IR with biceps injury
2020-10-15,Panthers,,• Kawann Short,placed on IR with surgery on right shoulder
2020-10-15,Patriots,• Bill Murray (b. 1997-07-03),,activated from practice squad IR
2020-10-15,Patriots,• Stephon Gilmore,,activated from reserve/COVID-19 list
2020-10-15,Titans,,• Darrynton Evans,placed on IR with hamstring injury
2020-10-15,Titans,• Jeffery Simmons,,activated from reserve/COVID-19 list
2020-10-16,Bears,• John Jenkins,,activated from IR
2020-10-16,Dolphins,,• Davon Godchaux,placed on IR with biceps injury
2020-10-16,Eagles,,• Matt Pryor,placed on reserve/COVID-19 list
2020-10-16,Giants,• David Mayo,,activated from IR
2020-10-16,Lions,,• Hunter Bryant,placed on IR with concussion
2020-10-16,Panthers,,• Tyler Larsen,placed on reserve/COVID-19 list
2020-10-16,Panthers,,• Yetur Gross-Matos,placed on IR with ankle injury
2020-10-16,Patriots,,• James Ferentz,placed on reserve/COVID-19 list
2020-10-16,Titans,• Khari Blasingame,,activated from reserve/COVID-19 list
2020-10-16,Washington,,• Greg Stroman,placed on IR with foot injury
2020-10-16,Washington,• Brandon Scherff,,activated from IR
2020-10-17,49ers,• Richie James,,activated from IR
2020-10-17,Cardinals,,• J.R. Sweezy,placed on IR with elbow injury
2020-10-17,Cardinals,,• Rashard Lawrence,placed on IR with calf injury
2020-10-17,Chiefs,,• Kelechi Osemele,placed on IR with knee injury
2020-10-17,Eagles,• Vinny Curry,,activated from IR
2020-10-17,Eagles,• Will Parks,,activated from IR
2020-10-17,Falcons,,• John Cominsky,placed on reserve/COVID-19 list
2020-10-17,Giants,,• Brandon Williams (b. 1992-09-09),placed on reserve/COVID-19 list
2020-10-17,Jaguars,,• Austen Pleasants,placed on reserve/practice squad COVID-19 list
2020-10-17,Jaguars,,• Ben Ellefson,placed on reserve/practice squad COVID-19 list
2020-10-17,Jaguars,,• Doug Middleton,placed on reserve/practice squad COVID-19 list
2020-10-17,Jaguars,,• Jared Hilbers,placed on reserve/practice squad COVID-19 list
2020-10-17,Jaguars,,• Joe Giles-Harris,placed on reserve/practice squad COVID-19 list
2020-10-17,Jaguars,,• Josh Hammond,placed on reserve/practice squad COVID-19 list
2020-10-17,Jaguars,,• Josh Nurse,placed on reserve/practice squad COVID-19 list
2020-10-17,Jaguars,,• K.C. McDermott,placed on reserve/practice squad COVID-19 list
2020-10-17,Jaguars,,• Nate Evans,placed on reserve/practice squad COVID-19 list
2020-10-17,Jaguars,,• Nathan Cottrell,placed on reserve/practice squad COVID-19 list
2020-10-17,Jaguars,,• Terry Godwin,placed on reserve/practice squad COVID-19 list
2020-10-17,Jaguars,,• Trey Quinn,placed on reserve/practice squad COVID-19 list
2020-10-17,Jets,• Blake Cashman,,activated from IR
2020-10-17,Jets,• Vyncint Smith,,activated from IR
2020-10-17,Lions,• Joe Dahl,,activated from IR
2020-10-17,Packers,• Equanimeous St. Brown,,activated from IR
2020-10-17,Panthers,• Keith Kirkwood,,activated from IR
2020-10-17,Patriots,,• Derek Rivers,placed on reserve/COVID-19 list
2020-10-17,Patriots,,• Shaquille Mason / Shaq Mason,placed on reserve/COVID-19 list
2020-10-17,Patriots,,• Sony Michel,placed on reserve/COVID-19 list
2020-10-17,Colts,• Sheldon Day,,activated from IR
2020-10-17,Jaguars,,• Josh Mauro,placed on reserve/COVID-19 list
2020-10-19,Buccaneers,• John Hurst,,activated from IR
2020-10-19,Cowboys,,• Dak Prescott,placed on IR with fractured right ankle
2020-10-19,Cowboys,,• Trysten Hill,placed on IR with torn ACL in knee
2020-10-19,Cowboys,• Leighton Vander Esch,,activated from IR
2020-10-19,Giants,,• Lorenzo Carter,placed on IR with torn Achilles tendon
2020-10-19,Panthers,,• Michael Schofield,placed on reserve/COVID-19 list
2020-10-19,Raiders,,• Damon Arnette,placed on reserve/COVID-19 list
2020-10-19,Raiders,• Maurice Hurst Jr.  / Maurice Hurst II (Roy),,activated from reserve/COVID-19 list
2020-10-19,Titans,,• Taylor Lewan,placed on IR with torn ACL in knee
2020-10-19,Titans,• Corey Davis (Damon),,activated from reserve/COVID-19 list
2020-10-20,49ers,,• Ben Garland,placed on IR with calf injury
2020-10-20,Cardinals,• D.J. Foster,,activated from practice squad IR
2020-10-20,Cardinals,• Justin Johnson,,activated from practice squad IR
2020-10-20,Giants,,• Tae Crowder,placed on IR with hamstring injury
2020-10-20,Jets,,• Frankie Luvu,placed on IR with groin injury
2020-10-20,Packers,,• Parry Nickerson,placed on IR with hamstring injury
2020-10-20,Panthers,,• Juston Burris,placed on IR with rib injury
2020-10-20,Panthers,,• Keith Kirkwood,placed on IR with left clavicle injury
2020-10-20,Raiders,• Marcus Mariota,,activated from IR
2020-10-20,Rams,,• Ogbonnia Okoronkwo / Obo Okoronkwo,placed on IR with elbow injury
2020-10-20,Titans,• Breon Borders,,activated from practice squad IR
2020-10-20,Titans,• MyCole Pruitt,,activated from reserve/COVID-19 list
2020-10-20,Cowboys,• Ventell Bryant,,activated from IR
2020-10-20,Eagles,• Trevor Williams,,activated from IR
2020-10-21,Chiefs,• Jordan Ta'amu / Jordan Ta'amu-Perifanos,,activated from practice squad IR
2020-10-21,Eagles,,• Matt Pryor,placed on reserve/COVID-19 list
2020-10-21,Eagles,• Matt Pryor,,activated from reserve/COVID-19 list
2020-10-21,Lions,,• Julian Okwara,placed on IR with right leg injury
2020-10-21,Panthers,,• Joey Slye,placed on reserve/COVID-19 list
2020-10-21,Panthers,,• Trenton Scott / Trent Scott,placed on reserve/COVID-19 list
2020-10-21,Patriots,,• Jermaine Eluemunor,placed on IR with ankle injury
2020-10-21,Patriots,• Byron Cowart,,activated from reserve/COVID-19 list
2020-10-21,Patriots,• Derek Rivers,,activated from reserve/COVID-19 list
2020-10-21,Patriots,• Shaquille Mason / Shaq Mason,,activated from reserve/COVID-19 list
2020-10-21,Raiders,,• Trent Brown,placed on reserve/COVID-19 list
2020-10-21,Raiders,• Marcell Ateman,,activated from practice squad IR
2020-10-21,Seahawks,,• Delano Hill,placed on IR with back injury
2020-10-22,Eagles,,• Zach Ertz,placed on IR with ankle injury
2020-10-22,Giants,• Brandon Williams (b. 1992-09-09),,activated from reserve/COVID-19 list
2020-10-22,Giants,• Sterling Shepard,,activated from IR
2020-10-22,Jaguars,,• Abry Jones,placed on IR with ankle injury
2020-10-22,Jaguars,• Austen Pleasants,,activated from practice squad IR
2020-10-22,Jaguars,• Doug Middleton,,activated from practice squad IR
2020-10-22,Jaguars,• Jared Hilbers,,activated from practice squad IR
2020-10-22,Jaguars,• Joe Giles-Harris,,activated from practice squad IR
2020-10-22,Jaguars,• Josh Hammond,,activated from practice squad IR
2020-10-22,Jaguars,• Josh Lambo,,activated from IR
2020-10-22,Jaguars,• Josh Nurse,,activated from practice squad IR
2020-10-22,Jaguars,• Nate Evans,,activated from practice squad IR
2020-10-22,Jaguars,• Nathan Cottrell,,activated from practice squad IR
2020-10-22,Jaguars,• Terry Godwin,,activated from practice squad IR
2020-10-22,Jaguars,• Trey Quinn,,activated from practice squad IR
2020-10-22,Raiders,,• Denzelle Good,placed on reserve/COVID-19 list
2020-10-22,Raiders,,• Gabe Jackson,placed on reserve/COVID-19 list
2020-10-22,Raiders,,• Johnathan Abram,placed on reserve/COVID-19 list
2020-10-22,Raiders,,• Kolton Miller,placed on reserve/COVID-19 list
2020-10-22,Raiders,,• Rodney Hudson,placed on reserve/COVID-19 list
2020-10-22,Ravens,,• Anthony Averett,placed on IR with shoulder injury
2020-10-22,Vikings,,• George Iloka,placed on IR with torn ACL in knee
2020-10-22,Jaguars,• Ben Ellefson,,activated from practice squad IR
2020-10-22,Jaguars,• Josh Mauro,,activated from reserve/COVID-19 list
2020-10-23,Bears,• Badara Traore,,activated from practice squad IR
2020-10-23,Panthers,,• Rasul Douglas,placed on reserve/COVID-19 list
2020-10-23,Panthers,• Joey Slye,,activated from reserve/COVID-19 list
2020-10-23,Panthers,• Trenton Scott / Trent Scott,,activated from reserve/COVID-19 list
2020-10-23,Saints,,• Bennie Fowler,placed on IR with shoulder injury
2020-10-23,Saints,,• Emmanuel Sanders,placed on reserve/COVID-19 list
2020-10-23,Saints,,• Ken Crawley,placed on reserve/COVID-19 list
2020-10-23,Steelers,,• Devin Bush Jr.,placed on IR with torn ACL in right knee
2020-10-23,Eagles,• Daeshon Hall,,activated from reserve/physically unable to perform list with knee injury
2020-10-24,49ers,,• Jauan Jennings,placed on practice squad IR with undisclosed injury
2020-10-24,49ers,,• Raheem Mostert,placed on IR with ankle injury
2020-10-24,Bears,,• Michael Joseph,placed on reserve/COVID-19 list
2020-10-24,Bengals,,• Torry McTyer,placed on practice squad IR with knee injury
2020-10-24,Bengals,• Mike Daniels,,activated from IR
2020-10-24,Bills,,• Dawson Knox,placed on reserve/COVID-19 list
2020-10-24,Bills,,• Lee Smith (b. 1987-11-21),placed on reserve/COVID-19 list
2020-10-24,Bills,,• Nate Becker,placed on reserve/practice squad COVID-19 list
2020-10-24,Bills,,• Tommy Sweeney,placed on reserve/COVID-19 list
2020-10-24,Bills,,• Tyrel Dodson,placed on IR with hamstring injury
2020-10-24,Broncos,• A.J. Bouye,,activated from IR
2020-10-24,Broncos,• DeMarcus Walker,,activated from IR
2020-10-24,Broncos,• Dre'Mont Jones,,activated from IR
2020-10-24,Chargers,• Justin Jones (Maurice),,activated from IR
2020-10-24,Chargers,• Melvin Ingram,,activated from IR
2020-10-24,Chiefs,,• Alex Okafor,placed on IR with hamstring injury
2020-10-24,Chiefs,• Khalen Saunders,,activated from IR
2020-10-24,Cowboys,,• Brandon Knight,placed on IR with knee injury
2020-10-24,Cowboys,,• Rashard Robinson,placed on practice squad IR with undisclosed injury
2020-10-24,Cowboys,• Cameron Erving,,activated from IR
2020-10-24,Jaguars,,• Chris Thompson (b. 1990-10-20),placed on reserve/COVID-19 list
2020-10-24,Jaguars,• Devine Ozigbo,,activated from IR
2020-10-24,Jets,• Cameron Clark / Cameron Clarke,,activated from IR
2020-10-24,Jets,• Denzel Mims,,activated from IR
2020-10-24,Lions,• Bo Scarbrough,,activated from IR
2020-10-24,Lions,• Mike Ford Jr.,,activated from IR
2020-10-24,Packers,• Kamal Martin,,activated from IR
2020-10-24,Patriots,• David Andrews,,activated from IR
2020-10-24,Raiders,• Denzelle Good,,activated from reserve/COVID-19 list
2020-10-24,Raiders,• Gabe Jackson,,activated from reserve/COVID-19 list
2020-10-24,Raiders,• Kolton Miller,,activated from reserve/COVID-19 list
2020-10-24,Raiders,• Rodney Hudson,,activated from reserve/COVID-19 list
2020-10-24,Titans,• Dane Cruikshank,,activated from IR
2020-10-24,Washington,,• Antonio Gandy-Golden,placed on IR with hamstring injury
2020-10-24,Washington,,• Saahdiq Charles,placed on IR with knee injury
2020-10-26,Eagles,,• DeSean Jackson,placed on IR with ankle injury
2020-10-26,Eagles,,• Hassan Ridgeway,placed on IR with biceps injury
2020-10-26,Falcons,• Marlon Davidson,,activated from reserve/COVID-19 list
2020-10-26,Jaguars,,• Dede Westbrook,placed on IR with torn ACL in left knee
2020-10-26,Raiders,• Johnathan Abram,,activated from reserve/COVID-19 list
2020-10-27,Bills,• Jon Feliciano,,activated from IR
2020-10-27,Broncos,,• Derrek Tuszka,placed on IR with hamstring injury
2020-10-27,Broncos,,• Mike Purcell,placed on IR with fractured foot
2020-10-27,Browns,,• Odell Beckham Jr.,placed on IR with torn ACL in left knee
2020-10-27,Cardinals,,• Isaiah Irving,placed on IR with neck injury
2020-10-27,Cardinals,,• Zach Allen,placed on IR with ankle injury
2020-10-27,Raiders,,• D.J. White,placed on practice squad IR with undisclosed injury
2020-10-27,Raiders,,• Robert Davis (Jamal),placed on practice squad IR with undisclosed injury
2020-10-27,Washington,,• Landon Collins,placed on IR with torn left Achilles tendon
2020-10-27,49ers,• Tavon Austin,,activated from IR
2020-10-28,Jets,,• Kyle Phillips,placed on IR with ankle injury
2020-10-28,Jets,• Jabari Zuniga,,activated from IR
2020-10-28,Jets,• Lawrence Cager,,activated from practice squad IR
2020-10-28,Patriots,,• Brandon Copeland (b. 1991-07-02),placed on IR with torn pectoral muscle
2020-10-28,Patriots,,• Jake Burt,placed on practice squad IR with undisclosed injury
2020-10-28,Patriots,• James Ferentz,,activated from reserve/COVID-19 list
2020-10-28,Rams,,• Donte' Deayon / Dont'e Deayon / Donte Deayon,placed on practice squad IR with undisclosed injury
2020-10-28,Rams,,• Terrell Burgess,placed on IR with fractured ankle
2020-10-28,Saints,• Ken Crawley,,activated from reserve/COVID-19 list
2020-10-28,Texans,,• Max Scharping,placed on reserve/COVID-19 list
2020-10-28,Texans,• Isaiah Coulter,,activated from IR
2020-10-28,Vikings,,• Cameron Dantzler,placed on reserve/COVID-19 list
2020-10-29,Chargers,,• Virgil Green,placed on IR with ankle injury
2020-10-29,Giants,,• Will Hernandez,placed on reserve/COVID-19 list
2020-10-29,Jaguars,• Aldrick Rosas,,activated from practice squad IR
2020-10-29,Chargers,,• Ryan Groy,placed on IL with triceps injury
2020-10-29,Chargers,,• Ryan Groy,placed on reserve/COVID-19 list
2020-10-30,Bills,• Lee Smith (b. 1987-11-21),,activated from reserve/COVID-19 list
2020-10-30,Broncos,,• Graham Glasgow,placed on reserve/COVID-19 list
2020-10-30,Buccaneers,• John Molchon,,activated from IR
2020-10-30,Chargers,,• Trey Pipkins III,placed on reserve/COVID-19 list
2020-10-30,Eagles,,• Genard Avery,placed on IR with elbow injury
2020-10-30,Eagles,,• Nathan Gerry / Nate Gerry,placed on IR with ankle injury
2020-10-30,Falcons,• John Cominsky,,activated from reserve/COVID-19 list
2020-10-30,Jaguars,• Chris Thompson (b. 1990-10-20),,activated from reserve/COVID-19 list
2020-10-30,Raiders,• Damon Arnette,,activated from reserve/COVID-19 list
2020-10-30,Raiders,• Trent Brown,,activated from reserve/COVID-19 list
2020-10-30,Titans,• Tommy Hudson,,activated from practice squad IR
2020-10-30,Vikings,,• Mike Hughes (b. 1997-02-11),placed on IR with neck injury
2020-10-30,Vikings,,• Todd Davis,placed on reserve/COVID-19 list
2020-10-31,49ers,,• Jeff Wilson Jr.,placed on IR with ankle injury
2020-10-31,49ers,• K'Waun Williams,,activated from IR
2020-10-31,49ers,• Tevin Coleman,,activated from IR
2020-10-31,Bengals,• Deion Calhoun / Shaq Calhoun,,activated from physically unable to perform list
2020-10-31,Bills,,• Cameron Lewis / Cam Lewis,placed on IR with wrist injury
2020-10-31,Bills,• Levi Wallace,,activated from IR
2020-10-31,Broncos,,• Andrew Beck,placed on IR with hamstring injury
2020-10-31,Broncos,• Austin Calitro,,activated from IR
2020-10-31,Browns,• Khadarel Hodge,,activated from IR
2020-10-31,Buccaneers,• Antony Auclair,,activated from IR
2020-10-31,Chargers,• Trey Pipkins III,,activated from reserve/COVID-19 list
2020-10-31,Chiefs,• Michael Danna / Mike Danna,,activated from IR
2020-10-31,Colts,• Michael Pittman Jr.,,activated from IR
2020-10-31,Cowboys,• Joe Looney,,activated from IR
2020-10-31,Cowboys,• Sean Lee,,activated from IR
2020-10-31,Eagles,• Dallas Goedert,,activated from IR
2020-10-31,Eagles,• Jalen Reagor,,activated from IR
2020-10-31,Eagles,• Jason Peters,,activated from IR
2020-10-31,Eagles,• Johnathan Ford / Rudy Ford,,activated from IR
2020-10-31,Eagles,• T.J. Edwards,,activated from IR
2020-10-31,Jets,,• Bradley McDougald,placed on IR with shoulder injury
2020-10-31,Jets,• Arthur Maulet,,activated from IR
2020-10-31,Lions,• Justin Coleman,,activated from IR
2020-10-31,Patriots,,• Julian Edelman,placed on IR with knee injury
2020-10-31,Patriots,,• Justin Herron,placed on IR with ankle injury
2020-10-31,Patriots,• Cody Davis,,activated from IR
2020-10-31,Patriots,• Joshua Uche / Josh Uche,,activated from IR
2020-10-31,Patriots,• Sony Michel,,activated from reserve/COVID-19 list
2020-10-31,Rams,• A'Shawn Robinson,,activated from reserve/non-football injury list
2020-10-31,Seahawks,• Colby Parkinson,,activated from reserve/non-football injury list
2020-10-31,Seahawks,• D.J. Reed,,activated from reserve/non-football injury list
2020-10-31,Steelers,,• Chris Wormley,placed on IR with knee injury
2020-10-31,Titans,,• Kristian Fulton,placed on IR with knee injury
2020-10-31,Vikings,• Cameron Dantzler,,activated from reserve/COVID-19 list
2020-10-31,Vikings,• Troy Dye,,activated from IR
2020-11-02,Bills,• Nate Becker,,activated from practice squad IR
2020-11-02,Cardinals,,• Byron Murphy Jr.,placed on reserve/COVID-19 list
2020-11-02,Cardinals,,• Devon Kennard,placed on reserve/COVID-19 list
2020-11-02,Cardinals,,• Maxx Williams,placed on reserve/COVID-19 list
2020-11-02,Lions,,• Trey Flowers,placed on IR with undisclosed injury
2020-11-02,Packers,,• A.J. Dillon,placed on reserve/COVID-19 list
2020-11-02,Ravens,,• Marlon Humphrey,placed on reserve/COVID-19 list
2020-11-02,Panthers,• Rasul Douglas,,activated from reserve/COVID-19 list
2020-11-03,Bears,,• Bobby Massie,placed on IR with knee injury (out for season)
2020-11-03,Bears,,• Germain Ifedi,placed on reserve/COVID-19 list
2020-11-03,Bears,,• Jason Spriggs,placed on reserve/COVID-19 list
2020-11-03,Broncos,,• Jake Butt,placed on IR with hamstring injury
2020-11-03,Cowboys,,• Aaron Parker,placed on practice squad IR with undisclosed injury
2020-11-03,Cowboys,,• Andy Dalton,placed on reserve/COVID-19 list
2020-11-03,Jets,,• D.J. Montgomery,placed on practice squad IR with undisclosed injury
2020-11-03,Lions,,• Jarrad Davis,placed on reserve/COVID-19 list
2020-11-03,Packers,,• Jamaal Williams,placed on reserve/COVID-19 list
2020-11-03,Packers,,• Kamal Martin,placed on reserve/COVID-19 list
2020-11-03,Patriots,,• Devin Asiasi,placed on IR with undisclosed injury
2020-11-03,Ravens,,• DeShon Elliott,placed on reserve/COVID-19 list
2020-11-03,Ravens,,• Eli Wolf,placed on practice squad IR with undisclosed injury
2020-11-03,Ravens,,• L.J. Fort,placed on reserve/COVID-19 list
2020-11-03,Ravens,,• Malik Harrison,placed on reserve/COVID-19 list
2020-11-03,Ravens,,• Matthew Judon / Matt Judon,placed on reserve/COVID-19 list
2020-11-03,Ravens,,• Patrick Queen,placed on reserve/COVID-19 list
2020-11-03,Ravens,,• Ronnie Stanley,placed on IR with ankle injury
2020-11-03,Ravens,,• Terrell Bonds,placed on reserve/practice squad COVID-19 list
2020-11-03,Ravens,,• Tyre Phillips,placed on IR with ankle injury
2020-11-03,Ravens,,• Tyre Phillips,placed on reserve/COVID-19 list
2020-11-03,Ravens,,• Tyus Bowser,placed on reserve/COVID-19 list
2020-11-03,Ravens,• Xavier Grimble,,activated from practice squad IR
2020-11-03,49ers,• Jullian Taylor,,activated from reserve/physically unable to perform list
2020-11-04,49ers,,• Brandon Aiyuk,placed on reserve/COVID-19 list
2020-11-04,49ers,,• Deebo Samuel,placed on reserve/COVID-19 list
2020-11-04,49ers,,• Kendrick Bourne,placed on reserve/COVID-19 list
2020-11-04,49ers,,• Trent Williams,placed on reserve/COVID-19 list
2020-11-04,Bears,• Michael Joseph,,activated from reserve/COVID-19 list
2020-11-04,Broncos,,• Darrin Paulo,placed on reserve/practice squad COVID-19 list
2020-11-04,Broncos,,• Shelby Harris,placed on reserve/COVID-19 list
2020-11-04,Browns,,• Jordan Franks,placed on practice squad IR with undisclosed injury
2020-11-04,Buccaneers,,• William Gholston,placed on reserve/COVID-19 list
2020-11-04,Cardinals,• Jalen Thompson,,activated from IR
2020-11-04,Chiefs,• Anthony Sherman,,activated from reserve/COVID-19 list
2020-11-04,Giants,,• Adrian Colbert,placed on IR with shoulder injury
2020-11-04,Jaguars,• K.C. McDermott,,activated from practice squad IR
2020-11-04,Lions,,• Matthew Stafford,placed on reserve/COVID-19 list
2020-11-04,Saints,,• Marcus Willoughby,placed on practice squad IR with undisclosed injury
2020-11-04,Saints,• Emmanuel Sanders,,activated from reserve/COVID-19 list
2020-11-04,Steelers,,• Ulysees Gilbert III,placed on IR with back injury
2020-11-04,Steelers,• Stefen Wisniewski,,activated from IR
2020-11-04,Panthers,• Michael Schofield,,activated from reserve/COVID-19 list
2020-11-04,Panthers,• Tyler Larsen,,activated from reserve/COVID-19 list
2020-11-05,49ers,,• George Kittle,placed on IR with fractured foot
2020-11-05,49ers,,• Jimmy Garoppolo,placed on IR with ankle injury
2020-11-05,49ers,• Jordan Reed,,activated from IR
2020-11-05,Bills,• Dawson Knox,,activated from reserve/COVID-19 list
2020-11-05,Chiefs,,• Chris Jones (Deshun),placed on reserve/COVID-19 list
2020-11-05,Dolphins,,• Myles Gaskin,placed on IR with knee injury
2020-11-05,Eagles,,• Marcus Epps,placed on reserve/COVID-19 list
2020-11-05,Lions,,• Jalen Elliott,placed on reserve/practice squad COVID-19 list
2020-11-05,Raiders,,• Trent Brown,placed on reserve/COVID-19 list
2020-11-05,Ravens,• Matthew Judon / Matt Judon,,activated from reserve/COVID-19 list
2020-11-05,Texans,,• Dylan Cole,placed on reserve/COVID-19 list
2020-11-05,Texans,,• Jacob Martin / Jake Martin,placed on reserve/COVID-19 list
2020-11-05,Texans,,• Whitney Mercilus,placed on reserve/COVID-19 list
2020-11-06,49ers,• Brandon Aiyuk,,activated from reserve/COVID-19 list
2020-11-06,49ers,• Deebo Samuel,,activated from reserve/COVID-19 list
2020-11-06,49ers,• Kendrick Bourne,,activated from reserve/COVID-19 list
2020-11-06,49ers,• Trent Williams,,activated from reserve/COVID-19 list
2020-11-06,Bears,,• Cody Whitehair,placed on reserve/COVID-19 list
2020-11-06,Bears,• Germain Ifedi,,activated from reserve/COVID-19 list
2020-11-06,Bengals,,• Fred Johnson,placed on reserve/COVID-19 list
2020-11-06,Bengals,,• Trae Waynes,placed on reserve/COVID-19 list
2020-11-06,Broncos,,• Patrick Morris,placed on practice squad IR with undisclosed injury (out for season)
2020-11-06,Chiefs,• Chris Jones (Deshun),,activated from reserve/COVID-19 list
2020-11-06,Dolphins,,• Lynn Bowden Jr.,placed on reserve/COVID-19 list
2020-11-06,Giants,,• Ryan Lewis,placed on IR with hamstring injury
2020-11-06,Packers,,• Jordan Love,placed on reserve/COVID-19 list
2020-11-06,Packers,,• Krys Barnes,placed on reserve/COVID-19 list
2020-11-06,Saints,,• Justin Hardee,placed on IR with groin injury
2020-11-06,Saints,,• Sheldon Rankins,placed on IR with knee injury
2020-11-06,Saints,• Ty Montgomery,,activated from IR
2020-11-06,Vikings,,• Mark Fields II,placed on IR with chest/lung injury
2020-11-07,Bengals,,• Jordan Evans,placed on reserve/COVID-19 list
2020-11-07,Bengals,,• Mackensie Alexander,placed on reserve/COVID-19 list
2020-11-07,Bills,,• Matt Milano,placed on IR with pectoral injury
2020-11-07,Bills,• Del'Shawn Phillips,,activated from IR
2020-11-07,Broncos,,• Jurrell Casey,placed on reserve/COVID-19 list
2020-11-07,Buccaneers,• William Gholston,,activated from reserve/COVID-19 list
2020-11-07,Cardinals,• Maxx Williams,,activated from IR
2020-11-07,Chargers,,• Brandon Facyson,placed on reserve/COVID-19 list
2020-11-07,Colts,,• Ashton Dulin,placed on IR with knee injury
2020-11-07,Colts,• Matthew Adams / Matt Adams,,activated from IR
2020-11-07,Cowboys,,• Chris Jones (b. 1989-07-21),placed on IR with core muscle injury
2020-11-07,Dolphins,• Austin Jackson,,activated from IR
2020-11-07,Falcons,,• Jordan Miller (b. 1997-02-08),placed on IR with oblique injury
2020-11-07,Falcons,• Darqueze Dennard,,activated from IR
2020-11-07,Giants,• Brandon Williams (b. 1992-09-09),,activated from IR
2020-11-07,Jaguars,,• Shaquille Quarterman / Shaq Quarterman,placed on IR with knee injury
2020-11-07,Lions,,• Darryl Roberts,"placed on IR with hip, groin injury"
2020-11-07,Lions,• Austin Bryant,,activated from reserve/physically unable to perform list
2020-11-07,Lions,• Matthew Stafford,,activated from reserve/COVID-19 list
2020-11-07,Panthers,• Christian McCaffrey,,activated from IR
2020-11-07,Panthers,• Yetur Gross-Matos,,activated from IR
2020-11-07,Raiders,• Daniel Ross,,activated from IR
2020-11-07,Ravens,,• Chris Moore (b. 1993-06-16),placed on IR with thigh injury
2020-11-07,Ravens,• DeShon Elliott,,activated from reserve/COVID-19 list
2020-11-07,Ravens,• L.J. Fort,,activated from reserve/COVID-19 list
2020-11-07,Ravens,• Malik Harrison,,activated from reserve/COVID-19 list
2020-11-07,Ravens,• Patrick Queen,,activated from reserve/COVID-19 list
2020-11-07,Ravens,• Tyus Bowser,,activated from reserve/COVID-19 list
2020-11-07,Seahawks,• Rasheem Green,,activated from IR
2020-11-07,Titans,,• Brett Kern,placed on IR with wrist injury
2020-11-07,Titans,,• Tucker McCann,placed on practice squad IR
2020-11-07,Titans,,• Tye Smith,placed on IR with shoulder injury
2020-11-07,Washington,• Steven Sims Jr.,,activated from IR
2020-11-07,Ravens,• Terrell Bonds,,activated from practice squad IR
2020-11-07,Jaguars,,• Josh Nurse,placed on IR
2020-11-08,Bears,,• Deon Bush,placed on reserve/COVID-19 list
2020-11-08,Bears,,• Lachavious Simmons,placed on reserve/COVID-19 list
2020-11-08,Browns,,• Baker Mayfield,placed on reserve/COVID-19 list
2020-11-09,49ers,,• Kendrick Bourne,placed on reserve/COVID-19 list
2020-11-09,Bears,• Jason Spriggs,,activated from reserve/COVID-19 list
2020-11-09,Bears,• Michael Joseph,,activated from IR
2020-11-09,Bengals,,• Margus Hunt,placed on reserve/COVID-19 list
2020-11-09,Jaguars,,• Josh Lambo,placed on IR with hip injury
2020-11-09,Jets,,• Trevon Wesco,placed on IR with ankle injury
2020-11-09,Jets,• Bryce Hall,,activated from reserve/non-football injury list
2020-11-09,Lions,,• Tony McRae,placed on IR with knee injury
2020-11-09,Lions,• Jarrad Davis,,activated from reserve/COVID-19 list
2020-11-09,Packers,• Jamaal Williams,,activated from reserve/COVID-19 list
2020-11-09,Packers,• Kamal Martin,,activated from reserve/COVID-19 list
2020-11-09,Steelers,,• Vance McDonald,placed on reserve/COVID-19 list
2020-11-09,Texans,,• Brennan Scarlett,placed on IR with fractured forearm
2020-11-09,Texans,,• Davin Bellamy,placed on practice squad IR with undisclosed injury
2020-11-09,Texans,,• Kyle Emanuel,placed on IR with concussion
2020-11-10,Broncos,,• Albert Okwuegbunam,placed on IR with torn ACL in right knee
2020-11-10,Browns,,• Ryan Switzer,placed on practice squad IR with undisclosed injury
2020-11-10,Chiefs,,• Braxton Hoyett,placed on reserve/practice squad COVID-19 list
2020-11-10,Chiefs,• Martinas Rankin,,activated from reserve/physically unable to perform list
2020-11-10,Cowboys,• Chidobe Awuzie,,activated from IR
2020-11-10,Giants,• Will Hernandez,,activated from reserve/COVID-19 list
2020-11-10,Lions,• Jalen Elliott,,activated from practice squad IR
2020-11-10,Packers,• Jordan Love,,activated from reserve/COVID-19 list
2020-11-10,Panthers,• Reggie Bonnafon,,activated from practice squad IR
2020-11-10,Patriots,,• Dalton Keene (b. 1999-04-14),placed on IR with knee injury
2020-11-10,Ravens,,• Khalil Dorsey,placed on IR with dislocated shoulder
2020-11-10,Steelers,,• Ben Roethlisberger,placed on reserve/COVID-19 list
2020-11-10,Steelers,,• Jaylen Samuels (b. 1996-07-20),placed on reserve/COVID-19 list
2020-11-10,Steelers,,• Jerald Hawkins,placed on reserve/COVID-19 list
2020-11-10,Steelers,,• Vince Williams (Jerard),placed on reserve/COVID-19 list
2020-11-10,Texans,• Dylan Cole,,activated from reserve/COVID-19 list
2020-11-10,Texans,• Max Scharping,,activated from reserve/COVID-19 list
2020-11-10,Texans,• Whitney Mercilus,,activated from reserve/COVID-19 list
2020-11-10,Vikings,,• Austin Cutting,placed on reserve/COVID-19 list
2020-11-10,Vikings,• Todd Davis,,activated from reserve/COVID-19 list
2020-11-10,Vikings,• Ben Gedeon,,activated from reserve/physically unable to perform list
2020-11-10,Vikings,,• Holton Hill,placed on IR with foot injury
2020-11-11,49ers,,• Jaquiski Tartt,placed on IR with turf toe
2020-11-11,Bengals,,• Brian Allen (b. 1993-10-10),placed on reserve/practice squad COVID-19 list
2020-11-11,Bengals,,• Winston Rose,placed on reserve/practice squad COVID-19 list
2020-11-11,Bengals,• Jordan Evans,,activated from reserve/COVID-19 list
2020-11-11,Bengals,• Mackensie Alexander,,activated from reserve/COVID-19 list
2020-11-11,Bills,• Tommy Sweeney,,activated from reserve/COVID-19 list
2020-11-11,Broncos,• Graham Glasgow,,activated from reserve/COVID-19 list
2020-11-11,Browns,• Baker Mayfield,,activated from reserve/COVID-19 list
2020-11-11,Cardinals,,• Kevin Peterson (Lamont),placed on IR with concussion
2020-11-11,Cardinals,• Byron Murphy Jr.,,activated from reserve/COVID-19 list
2020-11-11,Cardinals,• Devon Kennard,,activated from reserve/COVID-19 list
2020-11-11,Chiefs,,• Mecole Hardman,placed on reserve/COVID-19 list
2020-11-11,Colts,,• Matthew Adams / Matt Adams,placed on reserve/COVID-19 list
2020-11-11,Cowboys,,• Tyrone Crawford,placed on reserve/COVID-19 list
2020-11-11,Dolphins,,• Preston Williams,placed on IR with foot injury
2020-11-11,Packers,,• Dexter Williams,placed on practice squad IR with undisclosed injury
2020-11-11,Panthers,,• Adarius Taylor,placed on IR with groin injury
2020-11-11,Ravens,• Marlon Humphrey,,activated from reserve/COVID-19 list
2020-11-11,Titans,,• Dane Cruikshank,placed on IR with groin injury
2020-11-11,Titans,• Adoree' Jackson,,activated from IR
2020-11-12,Bears,• Deon Bush,,activated from reserve/COVID-19 list
2020-11-12,Dolphins,,• Christian Wilkins,placed on reserve/COVID-19 list
2020-11-12,Dolphins,,• Kyle Van Noy,placed on reserve/COVID-19 list
2020-11-12,Dolphins,,• Matt Cole,placed on reserve/practice squad COVID-19 list
2020-11-12,Dolphins,• Lynn Bowden Jr.,,activated from reserve/COVID-19 list
2020-11-12,Jets,,• Ross Travis,placed on reserve/practice squad COVID-19 list
2020-11-12,Raiders,,• Cory Littleton,placed on reserve/COVID-19 list
2020-11-12,Ravens,,• Iman Lewis-Marshall / Iman Marshall,placed on reserve/COVID-19 list
2020-11-13,49ers,• Kendrick Bourne,,activated from reserve/COVID-19 list
2020-11-13,Bears,,• Roy Robertson-Harris,placed on IR with shoulder injury
2020-11-13,Browns,,• Chris Hubbard,placed on reserve/COVID-19 list
2020-11-13,Cowboys,,• Walter Palmore,placed on reserve/practice squad COVID-19 list
2020-11-13,Giants,,• Devonta Freeman,placed on IR with ankle injury
2020-11-13,Panthers,,• Reggie Bonnafon,placed on IR with ankle injury
2020-11-13,Panthers,,• Stephen Weatherly,placed on IR with finger injury
2020-11-13,Patriots,,• Caleb Benenoch,placed on practice squad IR with undisclosed injury
2020-11-13,Saints,• Chase Hansen,,activated from IR
2020-11-13,Vikings,• Pat Elflein,,activated from IR
2020-11-13,Bills,,• Del'Shawn Phillips,placed on IR with quadriceps injury
2020-11-14,Bengals,,• Darius Phillips,placed on IR with groin injury
2020-11-14,Bengals,,• John Ross III,placed on IR with foot injury
2020-11-14,Bengals,• Sam Hubbard,,activated from IR
2020-11-14,Bills,,• Dean Marlowe,placed on reserve/COVID-19 list
2020-11-14,Bills,,• Josh Norman (Ricardo),placed on reserve/COVID-19 list
2020-11-14,Bills,,• Levi Wallace,placed on reserve/COVID-19 list
2020-11-14,Bills,,• Tyler Kroft,placed on reserve/COVID-19 list
2020-11-14,Browns,• Nick Chubb,,activated from IR
2020-11-14,Buccaneers,,• Cyril Grayson,placed on reserve/practice squad COVID-19 list
2020-11-14,Buccaneers,,• Jaydon Mickens,placed on reserve/COVID-19 list
2020-11-14,Cardinals,,• Josh Jones (b. 1997-06-22),placed on IR with chest injury
2020-11-14,Cardinals,,• Leki Fotu,placed on IR with ankle injury
2020-11-14,Cardinals,• J.R. Sweezy,,activated from IR
2020-11-14,Chargers,,• Justin Jackson (b. 1996-04-22),placed on IR with knee injury
2020-11-14,Dolphins,• Kyle Van Noy,,activated from reserve/COVID-19 list
2020-11-14,Falcons,,• Dante Fowler Jr.,placed on reserve/COVID-19 list
2020-11-14,Jaguars,• Andrew Wingard,,activated from IR
2020-11-14,Packers,,• John Lovett (b. 1996-04-25),placed on IR with knee injury
2020-11-14,Packers,• Christian Kirksey,,activated from IR
2020-11-14,Panthers,• Juston Burris,,activated from IR
2020-11-14,Patriots,,• Shilique Calhoun,placed on IR with knee injury
2020-11-14,Patriots,• Jermaine Eluemunor,,activated from IR
2020-11-14,Raiders,• Damon Arnette,,activated from IR
2020-11-14,Rams,• Joe Noteboom,,activated from IR
2020-11-14,Rams,• Jordan Fuller,,activated from IR
2020-11-14,Seahawks,,• Bryan Mone,placed on IR with ankle injury
2020-11-14,Seahawks,• Neiko Thorpe,,activated from IR
2020-11-14,Steelers,,• Kevin Dotson,placed on reserve/COVID-19 list
2020-11-14,Steelers,• Ben Roethlisberger,,activated from reserve/COVID-19 list
2020-11-14,Steelers,• Jaylen Samuels (b. 1996-07-20),,activated from reserve/COVID-19 list
2020-11-14,Steelers,• Jerald Hawkins,,activated from reserve/COVID-19 list
2020-11-14,Steelers,• Vince Williams (Jerard),,activated from reserve/COVID-19 list
2020-11-14,Texans,,• David Johnson (Jerome),placed on IR with concussion
2020-11-14,Texans,,• Dylan Cole,placed on IR with back injury
2020-11-14,Texans,• A.J. Moore Jr.,,activated from IR
2020-11-14,Vikings,• Austin Cutting,,activated from reserve/COVID-19 list
2020-11-16,49ers,,• Arik Armstead,placed on reserve/COVID-19 list
2020-11-16,Bears,• Cody Whitehair,,activated from reserve/COVID-19 list
2020-11-16,Bengals,• Brian Allen (b. 1993-10-10),,activated from practice squad IR
2020-11-16,Browns,,• Andy Janovich,placed on reserve/COVID-19 list
2020-11-16,Chiefs,,• Eric Fisher,placed on reserve/COVID-19 list
2020-11-16,Chiefs,,• Martinas Rankin,placed on reserve/COVID-19 list
2020-11-16,Chiefs,,• Mitchell Schwartz,placed on reserve/COVID-19 list
2020-11-16,Colts,• Matthew Adams / Matt Adams,,activated from reserve/COVID-19 list
2020-11-16,Eagles,,• Craig James (b. 1996-04-29),placed on IR with shoulder injury
2020-11-16,Jaguars,,• Chris Thompson (b. 1990-10-20),placed on IR with back injury
2020-11-16,Titans,,• David Long Jr. (b. 1998-10-12),placed on reserve/COVID-19 list
2020-11-16,Vikings,,• Dru Samia,placed on reserve/COVID-19 list
2020-11-16,Washington,,• Kyle Allen,placed on IR with dislocated left ankle
2020-11-16,Cowboys,• Andy Dalton,,activated from reserve/COVID-19 list
2020-11-17,49ers,,• JaMycal Hasty,placed on IR with fractured collarbone
2020-11-17,49ers,,• Jared Mayden,placed on practice squad IR with quadriceps injury
2020-11-17,49ers,,• Johnathan Cyprien,placed on IR with hamstring injury
2020-11-17,Colts,• Kemoko Turay,,activated from reserve/physically unable to perform list
2020-11-17,Falcons,,• Laquon Treadwell,placed on reserve/practice squad COVID-19 list
2020-11-17,Giants,,• Graham Gano,placed on reserve/COVID-19 list
2020-11-17,Jets,,• Brian Poole,"placed on IR with shoulder, knee injury"
2020-11-17,Packers,• Allen Lazard,,activated from IR
2020-11-17,Raiders,,• Clelin Ferrell,placed on reserve/COVID-19 list
2020-11-17,Raiders,,• Lamarcus Joyner,placed on reserve/COVID-19 list
2020-11-17,Rams,,• Andrew Whitworth,placed on IR with knee injury
2020-11-17,Rams,,• Kai Forbath,placed on IR with ankle injury (out for season)
2020-11-17,Rams,,• Taylor Rapp,placed on IR with sprained MCL in knee
2020-11-17,Ravens,,• Nick Boyle,placed on IR with left knee injury
2020-11-17,Ravens,,• Terrell Bonds,placed on IR with knee injury
2020-11-17,Texans,• Jacob Martin / Jake Martin,,activated from reserve/COVID-19 list
2020-11-17,Washington,,• Matthew Ioannidis / Matt Ioannidis,placed on reserve/COVID-19 list
2020-11-17,Chiefs,• Braxton Hoyett,,activated from practice squad IR
2020-11-18,49ers,,• Javon Kinlaw,placed on reserve/COVID-19 list
2020-11-18,Bengals,,• Freedom Akinmoladun,placed on reserve/practice squad COVID-19 list
2020-11-18,Bengals,,• Trayvon Henderson,placed on reserve/practice squad COVID-19 list
2020-11-18,Bengals,• Trae Waynes,,activated from reserve/COVID-19 list
2020-11-18,Broncos,• Darrin Paulo,,activated from practice squad IR
2020-11-18,Browns,,• Charley Hughlett,placed on reserve/COVID-19 list
2020-11-18,Browns,,• Cody Parkey,placed on reserve/COVID-19 list
2020-11-18,Browns,,• Jack Conklin,placed on reserve/COVID-19 list
2020-11-18,Cowboys,,• Trevon Diggs,placed on IR with foot injury
2020-11-18,Cowboys,• Rashard Robinson,,activated from practice squad IR
2020-11-18,Cowboys,• Tyrone Crawford,,activated from reserve/COVID-19 list
2020-11-18,Dolphins,• Kylan Johnson,,activated from practice squad IR
2020-11-18,Giants,,• Casey Kreiter,placed on reserve/COVID-19 list
2020-11-18,Giants,,• Riley Dixon,placed on reserve/COVID-19 list
2020-11-18,Jets,• Patrick Onwuasor,,activated from IR
2020-11-18,Patriots,• Jake Burt,,activated from practice squad IR
2020-11-18,Raiders,,• Arden Key,placed on reserve/COVID-19 list
2020-11-18,Raiders,,• David Irving,placed on reserve/practice squad COVID-19 list
2020-11-18,Raiders,,• Isaiah Johnson (b. 1995-12-20),placed on reserve/COVID-19 list
2020-11-18,Raiders,,• Johnathan Abram,placed on reserve/COVID-19 list
2020-11-18,Raiders,,• Johnathan Hankins,placed on reserve/COVID-19 list
2020-11-18,Raiders,,• Kendal Vickers,placed on reserve/COVID-19 list
2020-11-18,Raiders,,• Maliek Collins,placed on reserve/COVID-19 list
2020-11-18,Rams,,• J.J. Koski,placed on reserve/practice squad COVID-19 list
2020-11-18,Rams,,• Jake Gervase,placed on reserve/practice squad COVID-19 list
2020-11-18,Rams,,• Kendall Blanton,placed on reserve/practice squad COVID-19 list
2020-11-18,Seahawks,,• Neiko Thorpe,placed on IR with core muscle injury
2020-11-18,Titans,• Senorise Perry,,activated from IR
2020-11-18,Eagles,• Marcus Epps,,activated from reserve/COVID-19 list
2020-11-19,49ers,,• Hroniss Grasu,placed on reserve/COVID-19 list
2020-11-19,49ers,,• Joe Walker (b. 1992-12-11),placed on reserve/COVID-19 list
2020-11-19,Bears,,• Dwayne Harris,placed on IR with torn triceps muscle
2020-11-19,Bills,• Dean Marlowe,,activated from reserve/COVID-19 list
2020-11-19,Bills,• Levi Wallace,,activated from reserve/COVID-19 list
2020-11-19,Bills,• Tyler Kroft,,activated from reserve/COVID-19 list
2020-11-19,Buccaneers,• Cyril Grayson,,activated from practice squad IR
2020-11-19,Cardinals,,• Corey Peters,placed on IR with knee injury
2020-11-19,Cardinals,,• Jordan Phillips,placed on IR with hamstring injury
2020-11-19,Chiefs,• Eric Fisher,,activated from reserve/COVID-19 list
2020-11-19,Chiefs,• Mitchell Schwartz,,activated from reserve/COVID-19 list
2020-11-19,Eagles,,• Corey Clement,placed on reserve/COVID-19 list
2020-11-19,Eagles,,• Deontay Burnett,placed on reserve/practice squad COVID-19 list
2020-11-19,Eagles,,• J.J. Arcega-Whiteside,placed on reserve/COVID-19 list
2020-11-19,Eagles,,• Vinny Curry,placed on reserve/COVID-19 list
2020-11-19,Jaguars,,• C.J. Henderson,placed on IR with groin injury
2020-11-19,Seahawks,,• Quinton Dunbar,placed on IR with knee injury
2020-11-19,Vikings,,• C.J. Ham,placed on reserve/COVID-19 list
2020-11-19,Washington,,• Geron Christian,placed on IR with knee injury
2020-11-20,49ers,,• Brandon Aiyuk,placed on reserve/COVID-19 list
2020-11-20,49ers,,• Daniel Helm,placed on practice squad IR with COVID-10 coronavirus
2020-11-20,49ers,,• Trent Williams,placed on reserve/COVID-19 list
2020-11-20,Bears,• Lachavious Simmons,,activated from reserve/COVID-19 list
2020-11-20,Bengals,,• Stanley Morgan Jr.,placed on reserve/practice squad COVID-19 list
2020-11-20,Bengals,• Fred Johnson,,activated from reserve/COVID-19 list
2020-11-20,Bengals,• Margus Hunt,,activated from reserve/COVID-19 list
2020-11-20,Broncos,• Jurrell Casey,,activated from reserve/COVID-19 list
2020-11-20,Browns,,• Myles Garrett,placed on reserve/COVID-19 list
2020-11-20,Buccaneers,,• T.J. Logan,placed on reserve/COVID-19 list
2020-11-20,Colts,,• Denico Autry,placed on reserve/COVID-19 list
2020-11-20,Eagles,• Isaac Seumalo,,activated from IR
2020-11-20,Giants,,• Dante Pettis,placed on reserve/COVID-19 list
2020-11-20,Giants,,• Kaden Smith,placed on reserve/COVID-19 list
2020-11-20,Giants,,• Matt Peart,placed on reserve/COVID-19 list
2020-11-20,Raiders,• Lamarcus Joyner,,activated from reserve/COVID-19 list
2020-11-20,Ravens,,• Trace McSorley,placed on reserve/COVID-19 list
2020-11-20,Saints,,• Drew Brees,placed on IR with fractured ribs
2020-11-21,Bengals,,• Joe Mixon,placed on IR with right foot injury
2020-11-21,Bengals,• Trayvon Henderson,,activated from practice squad IR
2020-11-21,Broncos,• Elijah Wilkinson,,activated from IR
2020-11-21,Browns,• Cody Parkey,,activated from reserve/COVID-19 list
2020-11-21,Browns,• Jack Conklin,,activated from reserve/COVID-19 list
2020-11-21,Chargers,,• Kyzir White,placed on reserve/COVID-19 list
2020-11-21,Chiefs,,• Mitchell Schwartz,placed on IR with back injury
2020-11-21,Chiefs,,• Taco Charlton,placed on IR with ankle injury
2020-11-21,Chiefs,• Alex Okafor,,activated from IR
2020-11-21,Chiefs,• L'Jarius Sneed,,activated from IR
2020-11-21,Chiefs,• Mecole Hardman,,activated from reserve/COVID-19 list
2020-11-21,Cowboys,,• Tyler Biadasz,placed on IR with hamstring injury
2020-11-21,Cowboys,• Brandon Knight,,activated from IR
2020-11-21,Jaguars,• D.J. Hayden,,activated from IR
2020-11-21,Jets,,• Blessuan Austin / Bless Austin,placed on IR with neck injury
2020-11-21,Jets,• Frankie Luvu,,activated from IR
2020-11-21,Patriots,• Sony Michel,,activated from IR
2020-11-21,Raiders,,• Theo Riddick,placed on reserve/COVID-19 list
2020-11-21,Raiders,• Arden Key,,activated from reserve/COVID-19 list
2020-11-21,Raiders,• Isaiah Johnson (b. 1995-12-20),,activated from reserve/COVID-19 list
2020-11-21,Raiders,• Johnathan Abram,,activated from reserve/COVID-19 list
2020-11-21,Raiders,• Johnathan Hankins,,activated from reserve/COVID-19 list
2020-11-21,Raiders,• Kendal Vickers,,activated from reserve/COVID-19 list
2020-11-21,Raiders,• Maliek Collins,,activated from reserve/COVID-19 list
2020-11-21,Steelers,• Chris Wormley,,activated from IR
2020-11-21,Texans,,• Michael Thomas (b. 1990-03-17),placed on IR with shoulder injury
2020-11-21,Titans,,• Jadeveon Clowney,placed on IR with knee injury
2020-11-21,Titans,,• Kareem Orr,placed on IR with groin injury / non-football illness list
2020-11-21,Vikings,• C.J. Ham,,activated from reserve/COVID-19 list
2020-11-21,Raiders,• David Irving,,activated from practice squad IR
2020-11-22,Raiders,,• Lamarcus Joyner,placed on reserve/COVID-19 list
2020-11-23,49ers,,• D.J. Jones (Oliver),placed on reserve/COVID-19 list
2020-11-23,49ers,,• Jordan Willis,placed on reserve/COVID-19 list
2020-11-23,Bears,,• Eddie Jackson (b. 1993-12-10),placed on reserve/COVID-19 list
2020-11-23,Bengals,,• Joe Burrow,"placed on IR with torn ACL, MCL in left knee"
2020-11-23,Bills,,• Tommy Sweeney,placed on reserve/COVID-19 list
2020-11-23,Dolphins,,• Jesse Davis,placed on reserve/COVID-19 list
2020-11-23,Giants,• Casey Kreiter,,activated from reserve/COVID-19 list
2020-11-23,Giants,• Riley Dixon,,activated from reserve/COVID-19 list
2020-11-23,Jets,• Ross Travis,,activated from practice squad IR
2020-11-23,Rams,• Kendall Blanton,,activated from practice squad IR
2020-11-23,Ravens,,• Brandon Williams (James),placed on reserve/COVID-19 list
2020-11-23,Ravens,,• J.K. Dobbins,placed on reserve/COVID-19 list
2020-11-23,Ravens,,• Mark Ingram II / Mark Ingram Jr.,placed on reserve/COVID-19 list
2020-11-23,Seahawks,,• Bo Scarbrough,placed on practice squad IR with hamstring injury
2020-11-23,Seahawks,,• Greg Olsen,placed on IR with ruptured fascia in left foot
2020-11-23,Seahawks,,• Stephen Sullivan,placed on practice squad IR with undisclosed injury
2020-11-23,Texans,• Kahale Warring,,activated from IR
2020-11-23,Vikings,,• Adam Thielen,placed on reserve/COVID-19 list
2020-11-23,Washington,,• Javon Leake,placed on practice squad IR
2020-11-23,49ers,• Kiko Alonso,,activated from reserve/physically unable to perform list
2020-11-23,Chiefs,• Martinas Rankin,,activated from reserve/COVID-19 list
2020-11-24,Bills,• Josh Norman (Ricardo),,activated from reserve/COVID-19 list
2020-11-24,Broncos,• LeVante Bellamy,,activated from IR
2020-11-24,Browns,,• Joe Jackson (b. 1996-12-20),placed on reserve/COVID-19 list
2020-11-24,Cardinals,,• Deionte Thompson,placed on reserve/COVID-19 list
2020-11-24,Chiefs,,• Byron Pringle,placed on IR with ankle injury
2020-11-24,Eagles,,• Cre'Von LeBlanc,placed on IR with ankle injury
2020-11-24,Jaguars,,• Chase McLaughlin,placed on reserve/COVID-19 list
2020-11-24,Jaguars,,• D.J. Hayden,placed on IR with hamstring injury
2020-11-24,Jaguars,,• Daniel Thomas,placed on IR with arm injury
2020-11-24,Jaguars,,• Josh Hines-Allen / Josh Allen (b. 1997-07-13),placed on IR with knee injury
2020-11-24,Jets,,• La'Mical Perine,placed on IR with ankle injury
2020-11-24,Jets,,• Sam Ficken,placed on IR with groin injury
2020-11-24,Ravens,,• Pernell McPhee,placed on reserve/COVID-19 list
2020-11-24,Steelers,,• Zach Gentry,placed on IR with knee injury
2020-11-24,Titans,,• Jayon Brown,placed on IR with left elbow injury
2020-11-24,Titans,,• Ty Sambrailo,placed on IR with undisclosed injury
2020-11-24,Steelers,• Vance McDonald,,activated from reserve/COVID-19 list
2020-11-25,49ers,• Arik Armstead,,activated from reserve/COVID-19 list
2020-11-25,49ers,• Hroniss Grasu,,activated from reserve/COVID-19 list
2020-11-25,Bengals,,• Auden Tate,placed on reserve/COVID-19 list
2020-11-25,Bengals,,• B.J. Finney,placed on reserve/COVID-19 list
2020-11-25,Bengals,• Winston Rose,,activated from practice squad IR
2020-11-25,Broncos,• Mark Barron,,activated from IR
2020-11-25,Browns,,• Sione Takitaki,placed on reserve/COVID-19 list
2020-11-25,Colts,,• DeForest Buckner,placed on reserve/COVID-19 list
2020-11-25,Dolphins,• Christian Wilkins,,activated from reserve/COVID-19 list
2020-11-25,Falcons,• Dante Fowler Jr.,,activated from reserve/COVID-19 list
2020-11-25,Lions,,• Halapoulivaati Vaitai,placed on IR with foot injury
2020-11-25,Packers,,• James Burgess Jr.,placed on IR with hamstring injury
2020-11-25,Packers,,• Montravius Adams,placed on IR with toe injury
2020-11-25,Rams,• Donte' Deayon / Dont'e Deayon / Donte Deayon,,activated from practice squad IR
2020-11-25,Rams,• J.J. Koski,,activated from practice squad IR
2020-11-25,Ravens,,• Calais Campbell,placed on reserve/COVID-19 list
2020-11-25,Ravens,,• Matt Skura,placed on reserve/COVID-19 list
2020-11-25,Ravens,,• Patrick Mekari,placed on reserve/COVID-19 list
2020-11-25,Texans,,• P.J. Hall,placed on IR with torn pectoral muscle
2020-11-25,Texans,,• Randall Cobb,placed on IR with toe injury
2020-11-25,Vikings,• Dru Samia,,activated from reserve/COVID-19 list
2020-11-25,Chargers,• Brandon Facyson,,activated from reserve/COVID-19 list
2020-11-25,Raiders,• Cory Littleton,,activated from reserve/COVID-19 list
2020-11-26,Broncos,,• Jeff Driskel,placed on reserve/COVID-19 list
2020-11-26,Browns,,• Porter Gustin,placed on reserve/COVID-19 list
2020-11-26,Browns,• Chris Hubbard,,activated from reserve/COVID-19 list
2020-11-26,Cardinals,,• Larry Fitzgerald,placed on reserve/COVID-19 list
2020-11-26,Dolphins,• Jesse Davis,,activated from reserve/COVID-19 list
2020-11-26,Dolphins,• Matt Cole,,activated from practice squad IR
2020-11-26,Jaguars,,• Chris Claybrooks,placed on IR with core muscle injury
2020-11-26,Rams,,• Micah Kiser,placed on IR with knee injury
2020-11-26,Rams,,• Micah Kiser,placed on reserve/COVID-19 list
2020-11-26,Ravens,,• Jihad Ward,placed on reserve/COVID-19 list
2020-11-26,Steelers,,• Trey Edmunds,placed on IR with hamstring injury
2020-11-26,Steelers,,• Trey Edmunds,placed on reserve/COVID-19 list
2020-11-26,Raiders,• Clelin Ferrell,,activated from reserve/COVID-19 list
2020-11-27,49ers,• Javon Kinlaw,,activated from reserve/COVID-19 list
2020-11-27,Bears,• Eddie Jackson (b. 1993-12-10),,activated from reserve/COVID-19 list
2020-11-27,Broncos,,• Diontae Spencer,placed on reserve/COVID-19 list
2020-11-27,Cardinals,,• Trent Sherfield,placed on reserve/COVID-19 list
2020-11-27,Chargers,,• Melvin Ingram,placed on IR with knee injury
2020-11-27,Chargers,• Chris Harris Jr.,,activated from IR
2020-11-27,Eagles,• Corey Clement,,activated from reserve/COVID-19 list
2020-11-27,Eagles,• Vinny Curry,,activated from reserve/COVID-19 list
2020-11-27,Jets,,• Lamar Jackson (b. 1998-04-13),placed on reserve/COVID-19 list
2020-11-27,Ravens,,• Morgan Cox,placed on reserve/COVID-19 list
2020-11-27,Ravens,,• Nnamdi Madubuike / Justin Madubuike,placed on reserve/COVID-19 list
2020-11-27,Ravens,,• Patrick Ricard,placed on reserve/COVID-19 list
2020-11-27,Steelers,,• Isaiah Buggs,placed on reserve/COVID-19 list
2020-11-27,Steelers,,• Jerald Hawkins,placed on reserve/COVID-19 list
2020-11-27,Steelers,,• Stephon Tuitt,placed on reserve/COVID-19 list
2020-11-27,Raiders,,• Takkarist McKinley / Takk McKinley,placed on IR with groin injury
2020-11-28,49ers,• Jeff Wilson Jr.,,activated from IR
2020-11-28,49ers,• Joe Walker (b. 1992-12-11),,activated from reserve/COVID-19 list
2020-11-28,49ers,• Raheem Mostert,,activated from IR
2020-11-28,49ers,• Richard Sherman,,activated from IR
2020-11-28,49ers,• Trent Williams,,activated from reserve/COVID-19 list
2020-11-28,Bengals,• Auden Tate,,activated from reserve/COVID-19 list
2020-11-28,Bengals,• B.J. Finney,,activated from reserve/COVID-19 list
2020-11-28,Bills,,• Cody Ford,"placed on IR with ankle, knee injuries"
2020-11-28,Bills,,• John Brown (b. 1990-04-03),placed on IR with ankle injury
2020-11-28,Broncos,,• Brett Rypien,placed on reserve/COVID-19 list
2020-11-28,Broncos,,• Drew Lock,placed on reserve/COVID-19 list
2020-11-28,Buccaneers,,• A.Q. Shipley,placed on IR with neck injury
2020-11-28,Buccaneers,,• Vita Vea,placed on reserve/COVID-19 list
2020-11-28,Buccaneers,• Jack Cichy,,activated from IR
2020-11-28,Cardinals,,• Darrell Daniels,placed on IR with ankle injury
2020-11-28,Cardinals,,• Josh Mauro,placed on IR with hamstring injury
2020-11-28,Cardinals,• Zach Allen,,activated from IR
2020-11-28,Chargers,• Austin Ekeler,,activated from IR
2020-11-28,Colts,,• Jonathan Taylor,placed on reserve/COVID-19 list
2020-11-28,Colts,• Ashton Dulin,,activated from IR
2020-11-28,Eagles,,• Iosua Opeta / Sua Opeta,placed on IR with bulging disc in back
2020-11-28,Giants,• Graham Gano,,activated from reserve/COVID-19 list
2020-11-28,Giants,• Tae Crowder,,activated from IR
2020-11-28,Giants,• Xavier McKinney,,activated from IR
2020-11-28,Jaguars,,• Andrew Norwell,placed on IR with forearm injury
2020-11-28,Jets,,• Patrick Onwuasor,placed on IR with hamstring injury
2020-11-28,Panthers,,• Ishmael Hyman,placed on practice squad IR with undisclosed injury
2020-11-28,Patriots,,• Carl Davis,placed on IR with concussion
2020-11-28,Patriots,,• Isaiah Wynn,placed on IR with knee injury
2020-11-28,Patriots,,• Jake Burt,placed on practice squad IR with undisclosed injury
2020-11-28,Patriots,,• Rex Burkhead,placed on IR with knee injury
2020-11-28,Patriots,• Justin Herron,,activated from IR
2020-11-28,Rams,• Jake Gervase,,activated from practice squad IR
2020-11-28,Ravens,,• Broderick Washington Jr.,placed on reserve/COVID-19 list
2020-11-28,Ravens,,• D.J. Fluker,placed on reserve/COVID-19 list
2020-11-28,Ravens,,• Jaylon Ferguson,placed on reserve/COVID-19 list
2020-11-28,Ravens,,• Khalil Dorsey,placed on reserve/COVID-19 list
2020-11-28,Ravens,,• Tavon Young,placed on reserve/COVID-19 list
2020-11-28,Ravens,,• Will Holden,placed on reserve/practice squad COVID-19 list
2020-11-28,Saints,,• Terron Armstead,placed on reserve/COVID-19 list
2020-11-28,Steelers,,• James Conner,placed on reserve/COVID-19 list
2020-11-28,Titans,,• Chris Jackson (D'Wayne ),placed on reserve/COVID-19 list
2020-11-28,Titans,• Brett Kern,,activated from IR
2020-11-28,Titans,• David Long Jr. (b. 1998-10-12),,activated from reserve/COVID-19 list
2020-11-28,Titans,• Tye Smith,,activated from IR
2020-11-28,Washington,• Matthew Ioannidis / Matt Ioannidis,,activated from reserve/COVID-19 list
2020-11-29,Ravens,,• Mark Andrews,placed on reserve/COVID-19 list
2020-11-29,Ravens,,• Matthew Judon / Matt Judon,placed on reserve/COVID-19 list
2020-11-29,Ravens,,• Willie Snead IV,placed on reserve/COVID-19 list
2020-11-29,Saints,,• Derrick Kelly,placed on reserve/COVID-19 list
2020-11-30,Broncos,,• Blake Bortles,placed on reserve/COVID-19 list
2020-11-30,Browns,• Andy Janovich,,activated from reserve/COVID-19 list
2020-11-30,Buccaneers,,• Benning Potoa'e,placed on reserve/practice squad COVID-19 list
2020-11-30,Buccaneers,• Jaydon Mickens,,activated from reserve/COVID-19 list
2020-11-30,Buccaneers,• T.J. Logan,,activated from reserve/COVID-19 list
2020-11-30,Eagles,• Genard Avery,,activated from IR
2020-11-30,Jaguars,,• Trey Quinn,placed on practice squad IR with hamstring injury
2020-11-30,Jaguars,• Chase McLaughlin,,activated from reserve/COVID-19 list
2020-11-30,Panthers,,• Yetur Gross-Matos,placed on reserve/COVID-19 list
2020-11-30,Patriots,,• Julian Edelman,placed on reserve/COVID-19 list
2020-11-30,Ravens,,• Terrell Bonds,placed on reserve/COVID-19 list
2020-11-30,Ravens,• Broderick Washington Jr.,,activated from reserve/COVID-19 list
2020-11-30,Ravens,• D.J. Fluker,,activated from reserve/COVID-19 list
2020-11-30,Ravens,• Iman Lewis-Marshall / Iman Marshall,,activated from reserve/COVID-19 list
2020-11-30,Ravens,• Jaylon Ferguson,,activated from reserve/COVID-19 list
2020-11-30,Ravens,• Tyre Phillips,,activated from IR
2020-11-30,Steelers,• Isaiah Buggs,,activated from reserve/COVID-19 list
2020-11-30,Steelers,• Kevin Dotson,,activated from reserve/COVID-19 list
2020-11-30,Steelers,,• Kevin Dotson,placed on exempt/COVID-19 list
2020-12-01,49ers,,• Jamar Taylor,placed on IR with torn ACL in left knee
2020-12-01,49ers,,• Kendarius Webster / Ken Webster,placed on IR with hamstring injury
2020-12-01,Broncos,• Blake Bortles,,activated from reserve/COVID-19 list
2020-12-01,Broncos,• Brett Rypien,,activated from reserve/COVID-19 list
2020-12-01,Broncos,• Drew Lock,,activated from reserve/COVID-19 list
2020-12-01,Browns,,• Ronnie Harrison Jr.,placed on IR with shoulder injury
2020-12-01,Browns,• Myles Garrett,,activated from reserve/COVID-19 list
2020-12-01,Cardinals,• Rashard Lawrence,,activated from IR
2020-12-01,Cowboys,• Walter Palmore,,activated from practice squad IR
2020-12-01,Falcons,,• Olamide Zaccheaus,placed on IR with toe injury
2020-12-01,Giants,,• Kyler Fackrell,placed on IR with calf injury
2020-12-01,Giants,• Dante Pettis,,activated from reserve/COVID-19 list
2020-12-01,Giants,• Kaden Smith,,activated from reserve/COVID-19 list
2020-12-01,Giants,• Matt Peart,,activated from reserve/COVID-19 list
2020-12-01,Ravens,• Brandon Williams (James),,activated from reserve/COVID-19 list
2020-12-01,Ravens,• Khalil Dorsey,,activated from reserve/COVID-19 list
2020-12-01,Ravens,• Tavon Young,,activated from reserve/COVID-19 list
2020-12-01,Ravens,• Trace McSorley,,activated from reserve/COVID-19 list
2020-12-01,Steelers,• Kevin Dotson,,activated from on exempt/COVID-19 list
2020-12-01,Falcons,• Laquon Treadwell,,activated from practice squad IR
2020-12-02,49ers,• Brandon Aiyuk,,activated from reserve/COVID-19 list
2020-12-02,49ers,• D.J. Jones (Oliver),,activated from reserve/COVID-19 list
2020-12-02,Bengals,,• Auden Tate,placed on IR with shoulder injury
2020-12-02,Bengals,• Freedom Akinmoladun,,activated from practice squad IR
2020-12-02,Bengals,• Stanley Morgan Jr.,,activated from practice squad IR
2020-12-02,Bengals,• Xavier Su'a-Filo,,activated from IR
2020-12-02,Broncos,,• Bryce Callahan,placed on IR with right foot injury
2020-12-02,Broncos,• Shelby Harris,,activated from reserve/COVID-19 list
2020-12-02,Cardinals,• Trent Sherfield,,activated from reserve/COVID-19 list
2020-12-02,Chargers,,• Jeff Cotton,placed on practice squad IR with undisclosed injury
2020-12-02,Eagles,,• Lane Johnson,placed on IR with ankle injury
2020-12-02,Eagles,• J.J. Arcega-Whiteside,,activated from reserve/COVID-19 list
2020-12-02,Eagles,• Zach Ertz,,activated from IR
2020-12-02,Jets,• D.J. Montgomery,,activated from practice squad IR
2020-12-02,Lions,,• Danny Shelton,placed on IR with knee injury
2020-12-02,Lions,,• Desmond Trufant,placed on IR with hamstring injury
2020-12-02,Lions,• Hunter Bryant,,activated from IR
2020-12-02,Ravens,,• Geno Stone,placed on reserve/COVID-19 list
2020-12-02,Steelers,,• Maurkice Pouncey,placed on reserve/COVID-19 list
2020-12-02,Vikings,• Adam Thielen,,activated from reserve/COVID-19 list
2020-12-02,Washington,• Javon Leake,,activated from practice squad IR
2020-12-02,49ers,• Jordan Willis,,activated from reserve/COVID-19 list
2020-12-02,Colts,• Jonathan Taylor,,activated from reserve/COVID-19 list
2020-12-02,Packers,• Krys Barnes,,activated from reserve/COVID-19 list
2020-12-02,Raiders,• Lamarcus Joyner,,activated from reserve/COVID-19 list
2020-12-02,Raiders,• Theo Riddick,,activated from reserve/COVID-19 list
2020-12-02,Raiders,• Trent Brown,,activated from reserve/COVID-19 list
2020-12-03,Broncos,,• Darius Kilgo,placed on reserve/practice squad COVID-19 list
2020-12-03,Cardinals,• Deionte Thompson,,activated from reserve/COVID-19 list
2020-12-03,Eagles,• Deontay Burnett,,activated from practice squad IR
2020-12-03,Jets,,• Blake Cashman,placed on IR with hamstring injury
2020-12-03,Raiders,,• Nick Bowers,placed on reserve/practice squad COVID-19 list
2020-12-03,Raiders,,• Tanner Muse,placed on reserve/COVID-19 list
2020-12-03,Steelers,,• Bud Dupree,placed on IR with torn ACL in left knee
2020-12-03,49ers,• Daniel Helm,,activated from practice squad IR
2020-12-03,Colts,• Denico Autry,,activated from reserve/COVID-19 list
2020-12-04,Browns,• Joe Jackson (b. 1996-12-20),,activated from reserve/COVID-19 list
2020-12-04,Browns,• Sione Takitaki,,activated from reserve/COVID-19 list
2020-12-04,Dolphins,,• Matt Breida,placed on reserve/COVID-19 list
2020-12-04,Jets,,• Alex Lewis (b. 1992-04-21),placed on reserve/non-football injury / non-football illness list
2020-12-04,Panthers,,• Bruce Hector,placed on reserve/practice squad COVID-19 list
2020-12-04,Raiders,,• Maliek Collins,"placed on IR with ankle, hamstring injury"
2020-12-04,Raiders,• Robert Davis (Jamal),,activated from practice squad IR
2020-12-04,Ravens,,• Robert Griffin III,placed on IR with hamstring injury
2020-12-04,Ravens,,• Sean Culkin,placed on practice squad IR with undisclosed injury
2020-12-04,Ravens,• J.K. Dobbins,,activated from reserve/COVID-19 list
2020-12-04,Ravens,• Matt Skura,,activated from reserve/COVID-19 list
2020-12-04,Ravens,• Patrick Mekari,,activated from reserve/COVID-19 list
2020-12-04,Ravens,• Pernell McPhee,,activated from reserve/COVID-19 list
2020-12-04,Colts,• DeForest Buckner,,activated from reserve/COVID-19 list
2020-12-05,Bengals,,• Tony Brown (Mendell),placed on IR with hamstring injury
2020-12-05,Broncos,• Andrew Beck,,activated from IR
2020-12-05,Buccaneers,• Benning Potoa'e,,activated from practice squad IR
2020-12-05,Buccaneers,• Vita Vea,,activated from reserve/COVID-19 list
2020-12-05,Cardinals,• Josh Jones (b. 1997-06-22),,activated from IR
2020-12-05,Cardinals,• Leki Fotu,,activated from IR
2020-12-05,Chargers,• Asmar Bilal,,activated from IR
2020-12-05,Chiefs,,• Dorian O'Daniel,placed on IR with ankle injury
2020-12-05,Colts,,• Noah Togiai,placed on IR with knee injury
2020-12-05,Dolphins,• Myles Gaskin,,activated from IR
2020-12-05,Giants,,• Devonta Freeman,placed on reserve/COVID-19 list
2020-12-05,Jaguars,,• Ben Ellefson,placed on IR with knee injury
2020-12-05,Jaguars,,• Davon Hamilton,placed on IR with knee injury
2020-12-05,Jaguars,• Shaquille Quarterman / Shaq Quarterman,,activated from IR
2020-12-05,Lions,• Darryl Roberts,,activated from IR
2020-12-05,Packers,,• Corey Linsley,placed on IR with knee injury
2020-12-05,Patriots,• Dalton Keene (b. 1999-04-14),,activated from IR
2020-12-05,Rams,• Ogbonnia Okoronkwo / Obo Okoronkwo,,activated from IR
2020-12-05,Ravens,• Calais Campbell,,activated from reserve/COVID-19 list
2020-12-05,Ravens,• Jihad Ward,,activated from reserve/COVID-19 list
2020-12-05,Ravens,• Mark Ingram II / Mark Ingram Jr.,,activated from reserve/COVID-19 list
2020-12-05,Saints,,• Marquez Callaway,placed on IR with knee injury
2020-12-05,Saints,• Sheldon Rankins,,activated from IR
2020-12-05,Seahawks,,• Bryan Mone,placed on reserve/COVID-19 list
2020-12-05,Seahawks,,• Tre Flowers,placed on IR with hamstring injury
2020-12-05,Texans,,• Cullen Gillaspia,placed on IR with back injury
2020-12-05,Texans,• David Johnson (Jerome),,activated from IR
2020-12-05,Texans,• Kyle Emanuel,,activated from IR
2020-12-05,Jets,• Chris Hogan,,activated from IR
2020-12-05,Steelers,• Stephon Tuitt,,activated from reserve/COVID-19 list
2020-12-06,Bengals,,• Amani Bledsoe,placed on reserve/COVID-19 list
2020-12-07,Bears,,• LaCale London,placed on reserve/practice squad COVID-19 list
2020-12-07,Bears,,• Manti Te'o,placed on reserve/practice squad COVID-19 list
2020-12-07,Bills,• Matt Milano,,activated from IR
2020-12-07,Cowboys,,• Steven Parker,placed on IR with ankle injury
2020-12-07,Cowboys,,• Zack Martin,placed on IR with calf injury
2020-12-07,Jets,• Lamar Jackson (b. 1998-04-13),,activated from reserve/COVID-19 list
2020-12-07,Panthers,,• Curtis Samuel,placed on reserve/COVID-19 list
2020-12-07,Panthers,,• D.J. Moore (Jr.),placed on reserve/COVID-19 list
2020-12-07,Panthers,,• Derrick Brown,placed on reserve/COVID-19 list
2020-12-07,Panthers,,• Greg Little,placed on reserve/COVID-19 list
2020-12-07,Panthers,,• Ishmael Hyman,placed on reserve/practice squad COVID-19 list
2020-12-07,Panthers,,• Michael Palardy,placed on reserve/COVID-19 list
2020-12-07,Panthers,,• Shaq Thompson,placed on reserve/COVID-19 list
2020-12-07,Panthers,,• Zach Kerr,placed on reserve/COVID-19 list
2020-12-07,Ravens,• Morgan Cox,,activated from reserve/COVID-19 list
2020-12-07,Ravens,• Nnamdi Madubuike / Justin Madubuike,,activated from reserve/COVID-19 list
2020-12-07,Ravens,• Patrick Ricard,,activated from reserve/COVID-19 list
2020-12-07,Steelers,• Jerald Hawkins,,activated from reserve/COVID-19 list
2020-12-07,Titans,• Darrynton Evans,,activated from IR
2020-12-08,Bears,,• Thomas Ives,placed on reserve/practice squad COVID-19 list
2020-12-08,Browns,,• Taywan Taylor,placed on IR with neck injury
2020-12-08,Browns,,• Wyatt Teller,placed on reserve/COVID-19 list
2020-12-08,Browns,• Porter Gustin,,activated from reserve/COVID-19 list
2020-12-08,Browns,• Ryan Switzer,,activated from practice squad IR
2020-12-08,Chargers,,• Trey Pipkins III,placed on reserve/COVID-19 list
2020-12-08,Ravens,• Anthony Averett,,activated from IR
2020-12-08,Titans,,• Adam Humphries,placed on IR with concussion
2020-12-08,Titans,,• Trevor Daniel,placed on reserve/practice squad COVID-19 list
2020-12-08,Vikings,,• Brandon Dillon,placed on practice squad IR with ankle injury
2020-12-08,Cardinals,• Larry Fitzgerald,,activated from reserve/COVID-19 list
2020-12-08,Vikings,• Holton Hill,,activated from IR
2020-12-09,Bears,• Devante Bond,,activated from practice squad IR
2020-12-09,Bengals,• Darius Phillips,,activated from IR
2020-12-09,Broncos,,• Essang Bassey,placed on IR with torn ACL in knee
2020-12-09,Chargers,• Frederick Smith Jr.,,activated from practice squad IR
2020-12-09,Chargers,• T.J. Smith,,activated from practice squad IR
2020-12-09,Colts,,• Le'Raven Clark,placed on IR with torn Achilles tendon
2020-12-09,Dolphins,,• Jamal Perry,placed on reserve/COVID-19 list
2020-12-09,Eagles,,• Davion Taylor,placed on IR with knee injury (out for season)
2020-12-09,Packers,,• Billy Winn,placed on IR with triceps injury
2020-12-09,Packers,,• Raven Greene,placed on IR with shoulder injury
2020-12-09,Packers,,• Tyler Ervin,placed on IR with foot injury
2020-12-09,Packers,• Simon Stepaniak,,activated from reserve/non-football injury list
2020-12-09,Panthers,• Greg Little,,activated from reserve/COVID-19 list
2020-12-09,Raiders,• Nick Bowers,,activated from practice squad IR
2020-12-09,Rams,,• Jonah Williams (b. 1995-08-17),placed on IR with right knee injury
2020-12-09,Ravens,• Mark Andrews,,activated from reserve/COVID-19 list
2020-12-09,Ravens,• Matthew Judon / Matt Judon,,activated from reserve/COVID-19 list
2020-12-09,Ravens,• Will Holden,,activated from practice squad IR
2020-12-09,Saints,• Derrick Kelly,,activated from reserve/COVID-19 list
2020-12-09,Saints,• Lil'Jordan Humphrey,,activated from practice squad IR
2020-12-09,Saints,• Terron Armstead,,activated from reserve/COVID-19 list
2020-12-09,Texans,• Brennan Scarlett,,activated from reserve/COVID-19 list
2020-12-09,Washington,,• Temarrick Hemingway,placed on IR with dislocated wrist
2020-12-09,Chargers,• Kyzir White,,activated from reserve/COVID-19 list
2020-12-09,Steelers,• James Conner,,activated from reserve/COVID-19 list
2020-12-10,Bears,,• DeAndre Carter,placed on reserve/COVID-19 list
2020-12-10,Broncos,• Diontae Spencer,,activated from reserve/COVID-19 list
2020-12-10,Cowboys,,• Chidobe Awuzie,placed on reserve/COVID-19 list
2020-12-10,Cowboys,• Aaron Parker,,activated from practice squad IR
2020-12-10,Panthers,• Yetur Gross-Matos,,activated from reserve/COVID-19 list
2020-12-10,Patriots,,• Ryan Izzo,"placed on IR with hamsring, hand, neck injuries"
2020-12-10,Patriots,• Devin Asiasi,,activated from IR
2020-12-10,Patriots,• Julian Edelman,,activated from reserve/COVID-19 list
2020-12-10,Ravens,,• Dez Bryant,placed on reserve/COVID-19 list
2020-12-10,Ravens,• Eli Wolf,,activated from practice squad IR
2020-12-10,Steelers,,• Vince Williams (Jerard),placed on reserve/COVID-19 list
2020-12-10,Titans,• Chris Jackson (D'Wayne ),,activated from reserve/COVID-19 list
2020-12-10,Packers,• A.J. Dillon,,activated from reserve/COVID-19 list
2020-12-10,Ravens,• Willie Snead IV,,activated from reserve/COVID-19 list
2020-12-11,Cowboys,,• Cameron Erving,placed on IR with knee injury
2020-12-11,Giants,,• Madre Harper,placed on IR with knee injury
2020-12-11,Panthers,• Curtis Samuel,,activated from reserve/COVID-19 list
2020-12-11,Panthers,• Derrick Brown,,activated from reserve/COVID-19 list
2020-12-11,Panthers,• Michael Palardy,,activated from reserve/COVID-19 list
2020-12-11,Panthers,• Shaq Thompson,,activated from reserve/COVID-19 list
2020-12-11,Texans,,• David Johnson (Jerome),placed on reserve/COVID-19 list
2020-12-11,Steelers,• Maurkice Pouncey,,activated from reserve/COVID-19 list
2020-12-12,49ers,,• Tom Compton,placed on IR with concussion
2020-12-12,Bills,• Tyrel Dodson,,activated from IR
2020-12-12,Broncos,• Derrek Tuszka,,activated from IR
2020-12-12,Cardinals,,• Johnathan Joseph,placed on IR with neck injury
2020-12-12,Cardinals,• Jordan Phillips,,activated from IR
2020-12-12,Cardinals,• Kevin Peterson (Lamont),,activated from IR
2020-12-12,Chargers,• Justin Jackson (b. 1996-04-22),,activated from IR
2020-12-12,Cowboys,• Tyler Biadasz,,activated from IR
2020-12-12,Dolphins,,• Myles Gaskin,placed on reserve/COVID-19 list
2020-12-12,Eagles,,• Jason Peters,placed on IR with toe injury
2020-12-12,Jets,,• Ashtyn Davis,placed on IR with foot injury
2020-12-12,Jets,,• Bennett Jackson,placed on IR with hamstring injury
2020-12-12,Jets,,• Greg Van Roten,placed on IR with toe injury
2020-12-12,Jets,,• Ryan Griffin (Francis),placed on IR
2020-12-12,Jets,• Blessuan Austin / Bless Austin,,activated from IR
2020-12-12,Jets,• Trevon Wesco,,activated from IR
2020-12-12,Lions,,• Da'Shawn Hand,placed on IR with groin injury
2020-12-12,Lions,,• Everson Griffen,placed on reserve/COVID-19 list
2020-12-12,Panthers,• Adarius Taylor,,activated from IR
2020-12-12,Raiders,,• Jeff Heath,placed on IR with concussion
2020-12-12,Rams,,• Jachai Polite,placed on reserve/practice squad COVID-19 list
2020-12-12,Rams,,• Landis Durham,placed on IR
2020-12-12,Saints,,• Patrick Robinson (b. 1987-09-07),placed on IR with hamstring injury
2020-12-12,Saints,• Justin Hardee,,activated from IR
2020-12-12,Steelers,,• Robert Spillane,placed on IR with knee injury
2020-12-12,Steelers,• Ulysees Gilbert III,,activated from IR
2020-12-12,Titans,,• Breon Borders,placed on IR with hip injury
2020-12-12,Titans,• Kareem Orr,,activated from IR
2020-12-12,Washington,,• (Orlando) Ryan Anderson,placed on IR with knee injury
2020-12-13,Browns,• Wyatt Teller,,activated from reserve/COVID-19 list
2020-12-13,Colts,,• Jordan Glasgow,placed on reserve/COVID-19 list
2020-12-13,Rams,• Jonah Williams (b. 1995-08-17),,activated from physically unable to perform list
2020-12-14,Broncos,,• Brandon McManus,placed on reserve/COVID-19 list
2020-12-14,Rams,,• Kendall Blanton,placed on reserve/practice squad COVID-19 list
2020-12-14,Steelers,,• Matt Feiler,placed on IR with pectoral injury
2020-12-14,Giants,• Jaquarius Landrews,,activated from IR
2020-12-15,Buccaneers,,• Bradley Pinion,placed on reserve/COVID-19 list
2020-12-15,Buccaneers,,• Ryan Succop,placed on reserve/COVID-19 list
2020-12-15,Buccaneers,,• Zach Triner,placed on reserve/COVID-19 list
2020-12-15,Chargers,,• Derwin James Jr.,placed on reserve/COVID-19 list
2020-12-15,Dolphins,,• Kirk Merritt,placed on reserve/practice squad COVID-19 list
2020-12-15,Jaguars,,• Ben Bartch,placed on reserve/COVID-19 list
2020-12-15,Packers,,• Delontae Scott,placed on practice squad IR with undisclosed injury (out for season)
2020-12-15,Packers,• Dexter Williams,,activated from practice squad IR
2020-12-15,Panthers,• Bruce Hector,,activated from practice squad IR
2020-12-15,Raiders,,• Henry Ruggs III,placed on reserve/COVID-19 list
2020-12-15,Ravens,,• Trace McSorley,placed on IR with knee injury
2020-12-15,Ravens,• Terrell Bonds,,activated from reserve/COVID-19 list
2020-12-15,Titans,,• Tuzar Skipper,placed on practice squad IR with undisclosed injury
2020-12-15,Titans,• Kristian Fulton,,activated from IR
2020-12-15,Vikings,,• Kris Boyd,placed on IR with shoulder injury
2020-12-15,Vikings,• Mark Fields II,,activated from IR
2020-12-15,49ers,• Johnathan Cyprien,,activated from IR
2020-12-15,Ravens,• Dez Bryant,,activated from reserve/COVID-19 list
2020-12-16,49ers,,• Colton McKivitz,placed on reserve/COVID-19 list
2020-12-16,Bengals,,• Geno Atkins,placed on IR with right shoulder injury
2020-12-16,Bengals,• Amani Bledsoe,,activated from reserve/COVID-19 list
2020-12-16,Broncos,,• Duke Dawson,placed on IR with torn ACL in knee
2020-12-16,Broncos,,• Kevin Toliver II,placed on IR with torn ACL in knee
2020-12-16,Broncos,• Darius Kilgo,,activated from practice squad IR
2020-12-16,Broncos,• Jeff Driskel,,activated from reserve/COVID-19 list
2020-12-16,Buccaneers,,• Ronald Jones II,placed on reserve/COVID-19 list
2020-12-16,Colts,,• Ibraheim Campbell,placed on reserve/practice squad COVID-19 list
2020-12-16,Cowboys,• Chidobe Awuzie,,activated from reserve/COVID-19 list
2020-12-16,Dolphins,• Matt Breida,,activated from reserve/COVID-19 list
2020-12-16,Eagles,,• Rodney McLeod Jr.,placed on IR with torn ACL in knee
2020-12-16,Jaguars,,• Brandon Linder,placed on IR with ankle injury
2020-12-16,Jaguars,,• Tre Herndon,placed on reserve/COVID-19 list
2020-12-16,Jets,,• Jordan Jenkins,placed on IR with shoulder injury
2020-12-16,Jets,,• Saquan Hampton,placed on IR with Achilles injury
2020-12-16,Lions,,• Jeff Okudah,placed on IR with core muscle / groin injury
2020-12-16,Rams,• Kendall Blanton,,activated from practice squad IR
2020-12-16,Ravens,,• James Proche,placed on reserve/COVID-19 list
2020-12-16,Ravens,,• Marquise Brown,placed on reserve/COVID-19 list
2020-12-16,Ravens,,• Miles Boykin,placed on reserve/COVID-19 list
2020-12-16,Seahawks,• Bryan Mone,,activated from reserve/COVID-19 list
2020-12-16,Texans,,• Brandon Dunn,placed on IR with pelvic fracture
2020-12-16,Texans,,• Justin Reid,placed on IR with thumb injury
2020-12-16,Texans,• David Johnson (Jerome),,activated from reserve/COVID-19 list
2020-12-16,Panthers,• D.J. Moore (Jr.),,activated from reserve/COVID-19 list
2020-12-17,49ers,,• Austin Walter,placed on reserve/COVID-19 list
2020-12-17,49ers,,• Shawn Poindexter,placed on practice squad IR with undisclosed injury
2020-12-17,Dolphins,,• Tyshun Render,placed on reserve/practice squad COVID-19 list
2020-12-17,Giants,,• James Bradberry,placed on reserve/COVID-19 list
2020-12-17,Giants,,• Jason Garrett,offensive coordinator tested positive for COVID-19 (missed game)
2020-12-17,Giants,• Devonta Freeman,,activated from reserve/COVID-19 list
2020-12-17,Jets,,• Folorunso Fatukasi / Foley Fatukasi,placed on reserve/COVID-19 list
2020-12-17,Panthers,,• Greg Little,placed on IR with ankle injury
2020-12-17,Redskins,,• Deshazor Everett,placed on IR with pectoral injury
2020-12-17,Texans,,• Hjalte Froholdt,placed on reserve/COVID-19 list
2020-12-18,Bears,• LaCale London,,activated from practice squad IR
2020-12-18,Buccaneers,,• Donovan Smith,placed on reserve/COVID-19 list
2020-12-18,Buccaneers,• Bradley Pinion,,activated from reserve/COVID-19 list
2020-12-18,Buccaneers,• Ryan Succop,,activated from reserve/COVID-19 list
2020-12-18,Buccaneers,• Zach Triner,,activated from reserve/COVID-19 list
2020-12-18,Dolphins,,• Jonathan Hubbard,placed on reserve/practice squad COVID-19 list
2020-12-18,Dolphins,• Jamal Perry,,activated from reserve/COVID-19 list
2020-12-18,Dolphins,• Kirk Merritt,,activated from practice squad IR
2020-12-18,Eagles,,• Avonte Maddox,placed on IR with knee injury
2020-12-18,Eagles,,• Jack Driscoll,placed on IR with sprained MCL in knee
2020-12-18,Jaguars,,• Josh Hammond,placed on reserve/practice squad COVID-19 list
2020-12-18,Jaguars,,• Josh Nurse,placed on reserve/practice squad COVID-19 list
2020-12-18,Jaguars,,• Terry Godwin,placed on reserve/practice squad COVID-19 list
2020-12-18,Raiders,,• Daryl Worley,placed on reserve/COVID-19 list
2020-12-18,Raiders,,• Derek Carr (Dallas),placed on IR
2020-12-18,Rams,,• Bobby Evans,placed on reserve/COVID-19 list
2020-12-18,Rams,,• Nick Scott,placed on reserve/COVID-19 list
2020-12-19,49ers,,• Charlie Woerner,placed on reserve/COVID-19 list
2020-12-19,49ers,• Mark Nzeocha,,activated from IR
2020-12-19,Bears,• Manti Te'o,,activated from practice squad IR
2020-12-19,Cardinals,,• Jordan Phillips,placed on IR with hamstring injury
2020-12-19,Cardinals,,• Zane Gonzalez,placed on IR with back injury
2020-12-19,Cardinals,• Darrell Daniels,,activated from IR
2020-12-19,Chiefs,• Byron Pringle,,activated from IR
2020-12-19,Cowboys,,• Deante Burton,placed on IR with shoulder injury
2020-12-19,Cowboys,,• Justin March-Lillard / Justin March,placed on IR with undisclosed injury
2020-12-19,Cowboys,,• Saivion Smith,placed on practice squad IR with undisclosed injury
2020-12-19,Cowboys,• Trevon Diggs,,activated from IR
2020-12-19,Giants,• Adrian Colbert,,activated from IR
2020-12-19,Jaguars,• Andrew Norwell,,activated from IR
2020-12-19,Jaguars,• Chris Claybrooks,,activated from IR
2020-12-19,Jaguars,• Tre Herndon,,activated from reserve/COVID-19 list
2020-12-19,Jets,• Sam Ficken,,activated from IR
2020-12-19,Lions,,• Da'Shawn Hand,placed on IR with ankle injury
2020-12-19,Lions,• Halapoulivaati Vaitai,,activated from IR
2020-12-19,Patriots,• Shilique Calhoun,,activated from IR
2020-12-19,Raiders,,• Isaiah Johnson (b. 1995-12-20),placed on reserve/COVID-19 list
2020-12-19,Ravens,• James Proche,,activated from reserve/COVID-19 list
2020-12-19,Ravens,• Marquise Brown,,activated from reserve/COVID-19 list
2020-12-19,Ravens,• Miles Boykin,,activated from reserve/COVID-19 list
2020-12-19,Saints,,• Deonte Harris / Deonte Harty,placed on IR with neck injury
2020-12-19,Saints,,• Michael Thomas (William),placed on IR with ankle injury
2020-12-19,Saints,• Drew Brees,,activated from IR
2020-12-19,Seahawks,,• Jamarco Jones,placed on IR with groin injury
2020-12-19,Seahawks,,• Travis Homer,placed on IR with knee injury
2020-12-19,Seahawks,• Rashaad Penny,,activated from reserve/physically unable to perform list
2020-12-19,Texans,• Brennan Scarlett,,activated from IR
2020-12-19,Titans,,• Cody Hollister,placed on reserve/practice squad COVID-19 list
2020-12-19,Titans,,• Kalif Raymond,placed on reserve/COVID-19 list
2020-12-19,Titans,• Trevor Daniel,,activated from practice squad IR
2020-12-20,Saints,,• Jameis Winston,placed on reserve/COVID-19 list
2020-12-21,Bengals,,• Brian Allen (b. 1993-10-10),placed on reserve/practice squad COVID-19 list
2020-12-21,Buccaneers,,• Cyril Grayson,placed on practice squad IR with undisclosed injury
2020-12-21,Cardinals,,• Robert Alford,placed on reserve/COVID-19 list
2020-12-21,Giants,• James Bradberry,,activated from reserve/COVID-19 list
2020-12-21,Jaguars,,• Logan Cooke,placed on reserve/COVID-19 list
2020-12-21,Raiders,,• Erik Harris,placed on reserve/COVID-19 list
2020-12-21,Rams,,• Eric Banks,placed on reserve/practice squad COVID-19 list
2020-12-21,Ravens,,• Davontae Harris,placed on IR with thigh injury
2020-12-21,Ravens,• Chris Moore (b. 1993-06-16),,activated from IR
2020-12-21,Washington,,• Shaun Dion Hamilton,placed on IR with elbow injury
2020-12-21,Chargers,• Trey Pipkins III,,activated from reserve/COVID-19 list
2020-12-21,Ravens,• Geno Stone,,activated from reserve/COVID-19 list
2020-12-22,49ers,,• Josh Johnson (Javon),placed on reserve/practice squad COVID-19 list
2020-12-22,49ers,,• Kevin White (Romone),placed on reserve/practice squad COVID-19 list
2020-12-22,Bears,• DeAndre Carter,,activated from reserve/COVID-19 list
2020-12-22,Bears,• Thomas Ives,,activated from practice squad IR
2020-12-22,Browns,,• Chris Hubbard,placed on IR with torn ligaments in right knee
2020-12-22,Browns,,• Elijah Benton,placed on reserve/practice squad COVID-19 list
2020-12-22,Buccaneers,• Donovan Smith,,activated from reserve/COVID-19 list
2020-12-22,Cardinals,,• A.J. Richardson,placed on practice squad IR with groin injury (out for season)
2020-12-22,Chiefs,,• Anthony Hitchens,placed on reserve/COVID-19 list
2020-12-22,Falcons,,• Austin Edwards,placed on reserve/practice squad COVID-19 list
2020-12-22,Jets,,• Harvey Langi,placed on IR with neck injury
2020-12-22,Jets,• Folorunso Fatukasi / Foley Fatukasi,,activated from reserve/COVID-19 list
2020-12-22,Lions,,• Anthony Pittman,placed on reserve/practice squad COVID-19 list
2020-12-22,Lions,• Julian Okwara,,activated from IR
2020-12-22,Panthers,,• Dennis Daley,placed on IR with concussion
2020-12-22,Panthers,• Ishmael Hyman,,activated from practice squad IR
2020-12-22,Raiders,,• David Irving,placed on reserve/practice squad COVID-19 list
2020-12-22,Raiders,• Tanner Muse,,activated from reserve/COVID-19 list
2020-12-22,Rams,,• Derrick Moncrief,placed on reserve/practice squad COVID-19 list
2020-12-22,Rams,,• JuJu Hughes,placed on reserve/COVID-19 list
2020-12-22,Rams,,• Marquise Copeland,placed on reserve/practice squad COVID-19 list
2020-12-22,Rams,• Jachai Polite,,activated from practice squad IR
2020-12-22,Rams,• Nick Scott,,activated from reserve/COVID-19 list
2020-12-22,Buccaneers,• Justin Evans (b. 1995-08-26),,activated from reserve/physically unable to perform list with foot injury
2020-12-22,Falcons,• Jordan Miller (b. 1997-02-08),,activated from IR
2020-12-22,Panthers,• Zach Kerr,,activated from reserve/COVID-19 list
2020-12-23,49ers,,• Chase Harrell,placed on reserve/practice squad COVID-19 list
2020-12-23,49ers,,• Josh Hokit,placed on reserve/practice squad COVID-19 list
2020-12-23,49ers,,• Trent Taylor,placed on reserve/COVID-19 list
2020-12-23,Bears,,• Reggie Davis (b. 1995-11-22),placed on practice squad IR with undisclosed injury
2020-12-23,Broncos,• Brandon McManus,,activated from reserve/COVID-19 list
2020-12-23,Chargers,,• Kyzir White,placed on IR with undisclosed injury
2020-12-23,Colts,,• Joey Hunt,placed on reserve/practice squad COVID-19 list
2020-12-23,Dolphins,• Jonathan Hubbard,,activated from practice squad IR
2020-12-23,Dolphins,• Myles Gaskin,,activated from reserve/COVID-19 list
2020-12-23,Jaguars,• Josh Hammond,,activated from practice squad IR
2020-12-23,Jaguars,• Josh Nurse,,activated from practice squad IR
2020-12-23,Jets,,• Quinnen Williams,placed on IR with concussion / neck injury
2020-12-23,Jets,,• Ryan Griffin (Francis),placed on reserve/COVID-19 list
2020-12-23,Patriots,,• Stephon Gilmore,placed on IR with torn quadriceps
2020-12-23,Raiders,,• Nick Kwiatkoski,placed on reserve/COVID-19 list (out for season)
2020-12-23,Raiders,• Isaiah Johnson (b. 1995-12-20),,activated from reserve/COVID-19 list
2020-12-23,Texans,,• Tytus Howard,placed on IR with concussion
2020-12-23,Lions,• Everson Griffen,,activated from reserve/COVID-19 list
2020-12-23,Steelers,• Vince Williams (Jerard),,activated from reserve/COVID-19 list
2020-12-24,Browns,,• Jedrick Wills Jr.,placed on reserve/COVID-19 list
2020-12-24,Browns,,• Ryan Switzer,placed on reserve/practice squad COVID-19 list
2020-12-24,Chargers,,• Hunter Henry,placed on reserve/COVID-19 list
2020-12-24,Colts,,• Rob Windsor,placed on reserve/practice squad COVID-19 list
2020-12-24,Raiders,,• Nicholas Morrow,placed on reserve/COVID-19 list
2020-12-24,Raiders,• Henry Ruggs III,,activated from reserve/COVID-19 list
2020-12-24,Saints,,• Keith Washington Jr.,placed on reserve/practice squad COVID-19 list
2020-12-24,Saints,,• Tre'Quan Smith,placed on IR with ankle injury
2020-12-24,Saints,• Jameis Winston,,activated from reserve/COVID-19 list
2020-12-24,Saints,• Marquez Callaway,,activated from IR
2020-12-24,Seahawks,,• Phil Haynes,placed on IR with groin injury
2020-12-24,Titans,,• Chris Milton,placed on IR with knee injury
2020-12-25,49ers,,• Nick Mullens,placed on IR with right elbow injury
2020-12-25,49ers,,• Raheem Mostert,placed on IR with ankle injury
2020-12-25,49ers,• Colton McKivitz,,activated from reserve/COVID-19 list
2020-12-25,49ers,• George Kittle,,activated from IR
2020-12-25,Cardinals,,• Dennis Gardeck,placed on IR with knee injury
2020-12-25,Colts,,• Braden Smith,placed on reserve/COVID-19 list
2020-12-25,Patriots,,• Isaiah Mack,placed on reserve/practice squad COVID-19 list
2020-12-25,Steelers,,• Ulysees Gilbert III,placed on IR with ankle injury
2020-12-25,Texans,,• Whitney Mercilus,placed on reserve/COVID-19 list
2020-12-25,Titans,• Kalif Raymond,,activated from reserve/COVID-19 list
2020-12-26,Bengals,• Tony Brown (Mendell),,activated from IR
2020-12-26,Broncos,,• Phillip Lindsay,"placed on IR with hip, knee injury"
2020-12-26,Browns,,• B.J. Goodson,placed on reserve/COVID-19 list
2020-12-26,Browns,,• Donovan Peoples-Jones,placed on reserve/COVID-19 list
2020-12-26,Browns,,• Jacob Phillips,placed on reserve/COVID-19 list
2020-12-26,Browns,,• Jarvis Landry,placed on reserve/COVID-19 list
2020-12-26,Browns,,• Khadarel Hodge,placed on reserve/COVID-19 list
2020-12-26,Browns,,• Rashard Higgins,placed on reserve/COVID-19 list
2020-12-26,Browns,• Jedrick Wills Jr.,,activated from reserve/COVID-19 list
2020-12-26,Chargers,,• Uchenna Nwosu,placed on IR with knee injury
2020-12-26,Chiefs,,• Emmanuel Smith,placed on practice squad IR with undisclosed injury
2020-12-26,Cowboys,,• Antwaun Woods,placed on IR with ankle injury
2020-12-26,Cowboys,,• Chris Westry,placed on practice squad IR with knee injury
2020-12-26,Eagles,,• Josh Sweat,placed on IR with wrist injury
2020-12-26,Eagles,,• Kevon Seymour,placed on IR with knee injury
2020-12-26,Eagles,• DeSean Jackson,,activated from IR
2020-12-26,Jaguars,,• Sidney Jones IV,placed on IR with Achilles injury
2020-12-26,Jets,• La'Mical Perine,,activated from IR
2020-12-26,Packers,• Corey Linsley,,activated from IR
2020-12-26,Patriots,,• Jordan Thomas (Malik),placed on reserve/COVID-19 list
2020-12-26,Raiders,• Maliek Collins,,activated from IR
2020-12-26,Rams,• Derrick Moncrief,,activated from practice squad IR
2020-12-26,Rams,• JuJu Hughes,,activated from reserve/COVID-19 list
2020-12-26,Rams,• Marquise Copeland,,activated from practice squad IR
2020-12-26,Seahawks,• Bryan Mone,,activated from IR
2020-12-26,Seahawks,• Greg Olsen,,activated from IR
2020-12-26,Washington,• Antonio Gandy-Golden,,activated from IR
2020-12-27,Texans,,• Eric Murray,placed on reserve/COVID-19 list
2020-12-28,49ers,,• Hroniss Grasu,placed on reserve/COVID-19 list
2020-12-28,49ers,,• Taybor Pepper,placed on reserve/COVID-19 list
2020-12-28,49ers,• Austin Walter,,activated from reserve/COVID-19 list
2020-12-28,49ers,• Josh Hokit,,activated from practice squad IR
2020-12-28,Bills,,• Christian Wade,placed on reserve/practice squad COVID-19 list
2020-12-28,Bills,,• Josh Thomas (b. 1996-11-19),placed on reserve/practice squad COVID-19 list
2020-12-28,Bills,,• T.J. Yeldon,placed on reserve/COVID-19 list
2020-12-28,Cardinals,,• Kylie Fitts,placed on IR with hand injury
2020-12-28,Cardinals,• Robert Alford,,activated from reserve/COVID-19 list
2020-12-28,Panthers,,• Trenton Scott / Trent Scott,placed on IR with shoulder injury
2020-12-28,Saints,,• Kwon Alexander,placed on IR with torn right Achilles tendon
2020-12-28,Titans,,• Stephen Gostkowski,placed on reserve/COVID-19 list
2020-12-28,Bills,• John Brown (b. 1990-04-03),,activated from IR
2020-12-28,Bills,,• John Brown (b. 1990-04-03),placed on reserve/COVID-19 list
2020-12-29,49ers,• Charlie Woerner,,activated from reserve/COVID-19 list
2020-12-29,Browns,,• Andrew Sendejo,placed on reserve/COVID-19 list
2020-12-29,Browns,,• Harrison Bryant,placed on reserve/COVID-19 list
2020-12-29,Browns,,• Karl Joseph,placed on reserve/COVID-19 list
2020-12-29,Buccaneers,• Ronald Jones II,,activated from reserve/COVID-19 list
2020-12-29,Colts,• Ibraheim Campbell,,activated from practice squad IR
2020-12-29,Colts,• Rob Windsor,,activated from practice squad IR
2020-12-29,Jets,• Ryan Griffin (Francis),,activated from reserve/COVID-19 list
2020-12-29,Lions,,• Alexander Myres / Alex Myres,placed on practice squad IR with undisclosed injury
2020-12-29,Raiders,• David Irving,,activated from practice squad IR
2020-12-29,Raiders,• Nicholas Morrow,,activated from reserve/COVID-19 list
2020-12-29,Rams,,• Cooper Kupp,placed on reserve/COVID-19 list
2020-12-29,Rams,,• Darrell Henderson,placed on IR with ankle injury
2020-12-29,Rams,• Bobby Evans,,activated from reserve/COVID-19 list
2020-12-29,Steelers,,• Jarron Jones,placed on practice squad IR with undisclosed injury
2020-12-29,Titans,,• Brett Kern,placed on reserve/COVID-19 list
2020-12-29,Vikings,,• Brandon Dillon,placed on practice squad IR with COVID-10 coronavirus (out for season)
2020-12-29,Vikings,,• Kyle Rudolph,placed on IR with foot injury
2020-12-29,Colts,• Jordan Glasgow,,activated from reserve/COVID-19 list
2020-12-30,49ers,,• Robbie Gould,placed on reserve/COVID-19 list
2020-12-30,Bears,,• Badara Traore,placed on practice squad IR with undisclosed injury
2020-12-30,Browns,,• Javon Patterson,placed on reserve/practice squad COVID-19 list
2020-12-30,Browns,• Ronnie Harrison Jr.,,activated from IR
2020-12-30,Browns,• Ryan Switzer,,activated from practice squad IR
2020-12-30,Buccaneers,,• Kenjon Barner,placed on IR with groin injury
2020-12-30,Chargers,• Ryan Groy,,activated from reserve/COVID-19 list
2020-12-30,Dolphins,• Tyshun Render,,activated from practice squad IR
2020-12-30,Giants,,• David Sills V,placed on reserve/COVID-19 list
2020-12-30,Jaguars,• Terry Godwin,,activated from practice squad IR
2020-12-30,Jets,,• Frank Gore (Sr.),"placed on IR with chest, lung injury"
2020-12-30,Jets,,• Josh Andrews,placed on IR with groin/thigh injury
2020-12-30,Jets,,• La'Mical Perine,placed on reserve/COVID-19 list
2020-12-30,Raiders,,• Clelin Ferrell,placed on IR with shoulder injury
2020-12-30,Raiders,,• Jalen Richard,placed on reserve/COVID-19 list (out for season)
2020-12-30,Raiders,• Daryl Worley,,activated from reserve/COVID-19 list
2020-12-30,Rams,• Eric Banks,,activated from practice squad IR
2020-12-30,Rams,• Micah Kiser,,activated from IR
2020-12-30,Ravens,,• Sam Koch,placed on reserve/COVID-19 list
2020-12-30,Saints,,• Chauncey Gardner-Johnson / C.J. Gardner-Johnson,placed on reserve/COVID-19 list
2020-12-30,Titans,• Cody Hollister,,activated from practice squad IR
2020-12-30,Vikings,,• Riley Reiff,placed on reserve/COVID-19 list
2020-12-30,Colts,• Braden Smith,,activated from reserve/COVID-19 list
2020-12-30,Patriots,• Jordan Thomas (Malik),,activated from reserve/COVID-19 list
2020-12-31,49ers,• Josh Johnson (Javon),,activated from practice squad IR
2020-12-31,49ers,• Kevin White (Romone),,activated from practice squad IR
2020-12-31,Bengals,,• B.J. Finney,placed on reserve/non-football injury list with abdominal injury
2020-12-31,Broncos,,• Shelby Harris,placed on IR with knee injury
2020-12-31,Broncos,• Jake Butt,,activated from IR
2020-12-31,Browns,,• Denzel Ward,placed on reserve/COVID-19 list
2020-12-31,Browns,,• Malcolm Smith,placed on reserve/COVID-19 list
2020-12-31,Browns,• Donovan Peoples-Jones,,activated from reserve/COVID-19 list
2020-12-31,Browns,• Jacob Phillips,,activated from reserve/COVID-19 list
2020-12-31,Browns,• Jarvis Landry,,activated from reserve/COVID-19 list
2020-12-31,Browns,• Khadarel Hodge,,activated from reserve/COVID-19 list
2020-12-31,Browns,• Rashard Higgins,,activated from reserve/COVID-19 list
2020-12-31,Cardinals,,• Chris Banjo,placed on reserve/COVID-19 list
2020-12-31,Chargers,,• Keenan Allen,placed on reserve/COVID-19 list
2020-12-31,Dolphins,,• Elandon Roberts,placed on IR with knee injury
2020-12-31,Dolphins,,• Ryan Fitzpatrick,placed on reserve/COVID-19 list
2020-12-31,Eagles,,• Jalen Mills,placed on reserve/COVID-19 list
2020-12-31,Falcons,,• Alex Mack,placed on reserve/COVID-19 list
2020-12-31,Jaguars,• Logan Cooke,,activated from reserve/COVID-19 list
2020-12-31,Patriots,,• Joshua Uche / Josh Uche,placed on IR with foot injury
2020-12-31,Patriots,,• Tashawn Bower,placed on IR with neck injury
2020-12-31,Rams,,• Michael Brockers,placed on reserve/COVID-19 list
2020-12-31,Ravens,• Terrell Bonds,,activated from IR
2021-01-01,49ers,,• Jordan Willis,placed on IR with ankle injury
2021-01-01,49ers,,• Trent Williams,placed on IR with elbow injury
2021-01-01,Bengals,• Brian Allen (b. 1993-10-10),,activated from practice squad IR
2021-01-01,Bills,• Christian Wade,,activated from practice squad IR
2021-01-01,Bills,• John Brown (b. 1990-04-03),,activated from reserve/COVID-19 list
2021-01-01,Bills,• Josh Thomas (b. 1996-11-19),,activated from practice squad IR
2021-01-01,Buccaneers,,• Devin White,placed on reserve/COVID-19 list
2021-01-01,Buccaneers,,• Shaquil Barrett / Shaq Barrett,placed on reserve/COVID-19 list
2021-01-01,Buccaneers,,• Steve McLendon,placed on reserve/COVID-19 list
2021-01-01,Chargers,,• Casey Hayward Jr.,placed on IR with hamstring injury
2021-01-01,Chargers,,• Malik Jefferson,placed on IR with shoulder injury
2021-01-01,Colts,,• Anthony Castonzo,placed on IR with ankle injury (out for season)
2021-01-01,Cowboys,,• Darian Thompson,placed on reserve/COVID-19 list
2021-01-01,Cowboys,,• Justin Hamilton (b. 1993-07-27),placed on reserve/COVID-19 list
2021-01-01,Eagles,,• Duke Riley,placed on IR with biceps injury
2021-01-01,Eagles,,• Shaun Bradley,placed on IR with neck injury
2021-01-01,Raiders,• Erik Harris,,activated from reserve/COVID-19 list
2021-01-01,Saints,,• Alvin Kamara,placed on reserve/COVID-19 list
2021-01-01,Colts,• Joey Hunt,,activated from practice squad IR
2021-01-02,49ers,• Tom Compton,,activated from IR
2021-01-02,Bengals,,• Mike Daniels,placed on reserve/COVID-19 list
2021-01-02,Bills,,• Tyler Kroft,placed on reserve/COVID-19 list
2021-01-02,Broncos,,• K.J. Hamler,placed on IR with concussion
2021-01-02,Browns,,• Kevin Johnson (b. 1992-08-05),placed on reserve/COVID-19 list
2021-01-02,Browns,• Karl Joseph,,activated from reserve/COVID-19 list
2021-01-02,Cardinals,,• Christian Kirk (Davon),placed on reserve/COVID-19 list
2021-01-02,Colts,• Noah Togiai,,activated from IR
2021-01-02,Cowboys,,• Justin March-Lillard / Justin March,placed on reserve/COVID-19 list
2021-01-02,Cowboys,• Steven Parker,,activated from IR
2021-01-02,Cowboys,• Zack Martin,,activated from IR
2021-01-02,Giants,,• Elijhaa Penny / Eli Penny,placed on IR with illness
2021-01-02,Giants,• Kyler Fackrell,,activated from IR
2021-01-02,Giants,• Madre Harper,,activated from IR
2021-01-02,Jaguars,,• Collin Johnson,placed on IR with hamstring injury
2021-01-02,Jets,• Greg Van Roten,,activated from IR
2021-01-02,Lions,• Anthony Pittman,,activated from practice squad IR
2021-01-02,Lions,• Danny Shelton,,activated from IR
2021-01-02,Packers,,• David Bakhtiari,placed on IR with torn ACL in knee
2021-01-02,Panthers,,• Troy Pride Jr.,placed on IR with hip injury
2021-01-02,Patriots,,• Damien Harris,placed on IR with ankle injury
2021-01-02,Raiders,• Jeff Heath,,activated from IR
2021-01-02,Saints,,• D.J. Swearinger,placed on reserve/COVID-19 list
2021-01-02,Saints,,• Dwayne Washington,placed on reserve/COVID-19 list
2021-01-02,Saints,,• Latavius Murray,placed on reserve/COVID-19 list
2021-01-02,Saints,,• Michael Burton,placed on reserve/COVID-19 list
2021-01-02,Seahawks,,• Brandon Shell,placed on reserve/COVID-19 list
2021-01-02,Seahawks,,• Damarious Randall,placed on reserve/COVID-19 list
2021-01-02,Seahawks,• Tre Flowers,,activated from IR
2021-01-02,Steelers,,• Cassius Marsh,placed on reserve/COVID-19 list
2021-01-02,Steelers,,• Eric Ebron,placed on reserve/COVID-19 list
2021-01-02,Steelers,,• Joe Haden,placed on reserve/COVID-19 list
2021-01-02,Texans,,• Brent Qvale,placed on IR with concussion
2021-01-02,Titans,• Brett Kern,,activated from reserve/COVID-19 list
2021-01-03,Colts,,• Jordan Wilkins,placed on reserve/COVID-19 list
2021-01-03,Eagles,,• Adrian Killins Jr.,placed on practice squad IR with COVID-10 coronavirus
2021-01-03,Eagles,,• Nickell Robey-Coleman,placed on reserve/COVID-19 list
2021-01-03,Titans,,• Teair Tart,placed on reserve/COVID-19 list
2021-01-04,Bills,• Tyler Kroft,,activated from reserve/COVID-19 list
2021-01-04,Patriots,• Isaiah Mack,,activated from practice squad IR
2021-01-05,Browns,,• Joel Bitonio,placed on reserve/COVID-19 list
2021-01-05,Browns,,• Khadarel Hodge,placed on reserve/COVID-19 list
2021-01-05,Browns,,• Nick Harris (b),placed on IR with knee injury
2021-01-05,Browns,,• Olivier Vernon,placed on IR with ruptured Achilles tendon
2021-01-05,Cardinals,• Chris Banjo,,activated from reserve/COVID-19 list
2021-01-05,Jaguars,• Ben Bartch,,activated from reserve/COVID-19 list
2021-01-05,Ravens,• Sean Culkin,,activated from practice squad IR
2021-01-05,Seahawks,• Brandon Shell,,activated from reserve/COVID-19 list
2021-01-05,Rams,• Kai Forbath,,activated from IR
2021-01-06,49ers,• Trent Taylor,,activated from reserve/COVID-19 list
2021-01-06,Bills,• T.J. Yeldon,,activated from reserve/COVID-19 list
2021-01-06,Browns,• B.J. Goodson,,activated from reserve/COVID-19 list
2021-01-06,Browns,• Elijah Benton,,activated from practice squad IR
2021-01-06,Buccaneers,• Shaquil Barrett / Shaq Barrett,,activated from reserve/COVID-19 list
2021-01-06,Chiefs,,• Michael Danna / Mike Danna,placed on reserve/COVID-19 list
2021-01-06,Falcons,• Austin Edwards,,activated from practice squad IR
2021-01-06,Rams,• Cooper Kupp,,activated from reserve/COVID-19 list
2021-01-06,Saints,,• Nick Easton,placed on IR (with concussion?)
2021-01-06,Saints,• Dwayne Washington,,activated from reserve/COVID-19 list
2021-01-06,Saints,• Keith Washington Jr.,,activated from practice squad IR
2021-01-06,Saints,• Latavius Murray,,activated from reserve/COVID-19 list
2021-01-06,Saints,• Michael Burton,,activated from reserve/COVID-19 list
2021-01-06,Seahawks,,• Jayson Stanley,placed on IR with hamstring injury
2021-01-06,Seahawks,• Damarious Randall,,activated from reserve/COVID-19 list
2021-01-06,Titans,• Tuzar Skipper,,activated from practice squad IR
2021-01-06,49ers,• Chase Harrell,,activated from practice squad IR
2021-01-06,Eagles,• Kevon Seymour,,activated from IR
2021-01-07,Browns,,• Montrel Meander,placed on practice squad IR with COVID-10 coronavirus
2021-01-07,Browns,,• Ronnie Harrison Jr.,placed on reserve/COVID-19 list
2021-01-07,Browns,• Andrew Sendejo,,activated from reserve/COVID-19 list
2021-01-07,Chargers,• Derwin James Jr.,,activated from reserve/COVID-19 list
2021-01-07,Chargers,• Hunter Henry,,activated from reserve/COVID-19 list
2021-01-07,Chargers,• Keenan Allen,,activated from reserve/COVID-19 list
2021-01-07,Giants,• David Sills V,,activated from reserve/COVID-19 list
2021-01-07,Rams,• Andrew Whitworth,,activated from IR
2021-01-07,Titans,,• Aaron Brewer (Jamal),placed on reserve/COVID-19 list
2021-01-07,Titans,• Stephen Gostkowski,,activated from reserve/COVID-19 list
2021-01-07,Steelers,• Cassius Marsh,,activated from reserve/COVID-19 list
2021-01-07,Steelers,• Eric Ebron,,activated from reserve/COVID-19 list
2021-01-07,Steelers,,• Cassius Marsh,placed on exempt/COVID-19 list
2021-01-08,Browns,,• Jovante Moffatt,placed on reserve/COVID-19 list
2021-01-08,Browns,• Javon Patterson,,activated from practice squad IR
2021-01-08,Rams,,• Raymond Calais,placed on IR with undisclosed injury
2021-01-08,Rams,• Michael Brockers,,activated from reserve/COVID-19 list
2021-01-08,Saints,• Chauncey Gardner-Johnson / C.J. Gardner-Johnson,,activated from reserve/COVID-19 list
2021-01-09,Browns,• Harrison Bryant,,activated from reserve/COVID-19 list
2021-01-09,Browns,• Jovante Moffatt,,activated from reserve/COVID-19 list
2021-01-09,Browns,• Malcolm Smith,,activated from reserve/COVID-19 list
2021-01-09,Browns,• Montrel Meander,,activated from practice squad IR
2021-01-09,Browns,• Ronnie Harrison Jr.,,activated from reserve/COVID-19 list
2021-01-09,Ravens,,• Ben Bredeson,placed on IR with knee injury
2021-01-09,Ravens,• Sam Koch,,activated from reserve/COVID-19 list
2021-01-09,Saints,,• Nick Easton,placed on IR with concussion
2021-01-09,Saints,• Alvin Kamara,,activated from reserve/COVID-19 list
2021-01-09,Saints,• Deonte Harris / Deonte Harty,,activated from IR
2021-01-09,Saints,• Michael Thomas (William),,activated from IR
2021-01-09,Saints,• Patrick Robinson (b. 1987-09-07),,activated from IR
2021-01-09,Seahawks,,• Jonathan Bullard,placed on reserve/COVID-19 list
2021-01-09,Steelers,• Matt Feiler,,activated from IR
2021-01-09,Steelers,• Robert Spillane,,activated from IR
2021-01-11,Buccaneers,,• Kevin Minter,placed on reserve/COVID-19 list
2021-01-11,Buccaneers,• Devin White,,activated from reserve/COVID-19 list
2021-01-11,Buccaneers,• Steve McLendon,,activated from reserve/COVID-19 list
2021-01-11,Chiefs,• Anthony Hitchens,,activated from reserve/COVID-19 list
2021-01-11,Chiefs,• Michael Danna / Mike Danna,,activated from reserve/COVID-19 list
2021-01-11,Dolphins,• Ryan Fitzpatrick,,activated from reserve/COVID-19 list
2021-01-11,Saints,• D.J. Swearinger,,activated from reserve/COVID-19 list
2021-01-11,Washington,• Shaun Dion Hamilton,,activated from IR
2021-01-12,Bengals,• Mike Daniels,,activated from reserve/COVID-19 list
2021-01-12,Bills,,• Zack Moss,placed on IR with ankle injury
2021-01-12,Browns,,• A.J. Green III (Alvin J.),placed on practice squad IR with hamstring injury
2021-01-12,Browns,,• Michael Dunn,placed on IR with calf injury
2021-01-12,Browns,,• Robert Jackson Jr.,placed on IR with hamstring injury
2021-01-12,Chiefs,,• Deandre Baker,placed on practice squad IR with fractured left leg
2021-01-12,Packers,,• Simon Stepaniak,placed on IR with knee injury
2021-01-12,Ravens,,• Parker Ehinger,placed on practice squad IR with undisclosed injury
2021-01-12,Colts,• Anthony Castonzo,,activated from IR
2021-01-13,Browns,• Denzel Ward,,activated from reserve/COVID-19 list
2021-01-13,Browns,• Kevin Johnson (b. 1992-08-05),,activated from reserve/COVID-19 list
2021-01-13,Cardinals,• Christian Kirk (Davon),,activated from reserve/COVID-19 list
2021-01-13,Falcons,• Alex Mack,,activated from reserve/COVID-19 list
2021-01-13,Packers,,• Jared Veldheer,placed on reserve/COVID-19 list
2021-01-13,Texans,• Eric Murray,,activated from reserve/COVID-19 list
2021-01-13,Texans,• Hjalte Froholdt,,activated from reserve/COVID-19 list
2021-01-13,Texans,• Whitney Mercilus,,activated from reserve/COVID-19 list
2021-01-14,49ers,• Hroniss Grasu,,activated from reserve/COVID-19 list
2021-01-14,49ers,• Robbie Gould,,activated from reserve/COVID-19 list
2021-01-14,Browns,• Khadarel Hodge,,activated from reserve/COVID-19 list
2021-01-15,Browns,• Joel Bitonio,,activated from reserve/COVID-19 list
2021-01-15,Buccaneers,,• Alex Cappa,placed on IR with fractured ankle
2021-01-15,Saints,,• Will Clapp,placed on reserve/COVID-19 list
2021-01-16,Chiefs,,• Deon Yelder,placed on IR with groin injury
2021-01-16,Chiefs,• Dorian O'Daniel,,activated from IR
2021-01-16,Saints,,• Will Clapp,placed on IR
2021-01-16,Saints,• Tre'Quan Smith,,activated from IR
2021-01-18,Steelers,• Joe Haden,,activated from reserve/COVID-19 list
2021-01-18,Titans,• Aaron Brewer (Jamal),,activated from reserve/COVID-19 list
2021-01-18,Titans,• Teair Tart,,activated from reserve/COVID-19 list
2021-01-18,Ravens,• Robert Griffin III,,activated from IR
2021-01-19,Buccaneers,,• Jack Cichy,placed on IR with fractured left arm
2021-01-19,Bills,• Del'Shawn Phillips,,activated from IR
2021-01-20,Buccaneers,• Kevin Minter,,activated from reserve/COVID-19 list
2021-01-20,Colts,• Jordan Wilkins,,activated from reserve/COVID-19 list
2021-01-20,Eagles,• Nickell Robey-Coleman,,activated from reserve/COVID-19 list
2021-01-21,Seahawks,• Jonathan Bullard,,activated from reserve/COVID-19 list
2021-01-22,Buccaneers,• Vita Vea,,activated from IR
2021-01-28,Eagles,• Jalen Mills,,activated from reserve/COVID-19 list
2021-01-29,Buccaneers,• Cyril Grayson,,activated from practice squad IR
2021-02-01,Chiefs,,• Daniel Kilgore,placed on reserve/COVID-19 list
2021-02-01,Chiefs,,• Demarcus Robinson,placed on reserve/COVID-19 list
2021-02-01,Cowboys,• Darian Thompson,,activated from reserve/COVID-19 list
2021-02-01,Cowboys,• Justin Hamilton (b. 1993-07-27),,activated from reserve/COVID-19 list
2021-02-01,Cowboys,• Justin March-Lillard / Justin March,,activated from reserve/COVID-19 list
2021-02-02,49ers,• Taybor Pepper,,activated from reserve/COVID-19 list
2021-02-04,Saints,• Will Clapp,,activated from reserve/COVID-19 list
2021-02-05,Chiefs,• Demarcus Robinson,,activated from reserve/COVID-19 list
2021-02-06,Chiefs,,• Eric Fisher,placed on IR with Achilles injury
2021-02-06,Chiefs,,• Willie Gay Jr.,"placed on IR with ankle, knee injuries"
2021-02-06,Chiefs,• Daniel Kilgore,,activated from reserve/COVID-19 list
2021-02-06,Chiefs,• Deon Yelder,,activated from IR
2021-02-10,49ers,• Ben Garland,,activated from IR
2021-02-10,49ers,• Dee Ford,,activated from IR
2021-02-10,49ers,• Ezekiel Ansah / Ziggy Ansah,,activated from IR
2021-02-10,49ers,• Jalen Hurd,,activated from IR
2021-02-10,49ers,• Jamar Taylor,,activated from IR
2021-02-10,49ers,• JaMycal Hasty,,activated from IR
2021-02-10,49ers,• Jaquiski Tartt,,activated from IR
2021-02-10,49ers,• Jordan Willis,,activated from IR
2021-02-10,49ers,• Kendarius Webster / Ken Webster,,activated from IR
2021-02-10,49ers,• Nick Bosa,,activated from IR
2021-02-10,49ers,• Nick Mullens,,activated from IR
2021-02-10,49ers,• Raheem Mostert,,activated from IR
2021-02-10,49ers,• Ronald Blair,,activated from reserve/physically unable to perform list
2021-02-10,49ers,• Solomon Thomas,,activated from IR
2021-02-10,49ers,• Trent Williams,,activated from IR
2021-02-10,Bears,• Artie Burns,,activated from IR
2021-02-10,Bears,• Darion Clark,,activated from IR
2021-02-10,Bears,• Dwayne Harris,,activated from IR
2021-02-10,Bears,• Eddy Pineiro,,activated from IR
2021-02-10,Bears,• James Daniels (b. 1997-09-13),,activated from IR
2021-02-10,Bears,• Roy Robertson-Harris,,activated from IR
2021-02-10,Bears,• Tarik Cohen,,activated from IR
2021-02-10,Bears,• Tre Roberson,,activated from reserve/non-football injury list
2021-02-10,Bengals,• Auden Tate,,activated from IR
2021-02-10,Bengals,• B.J. Finney,,activated from reserve/non-football injury list
2021-02-10,Bengals,• C.J. Uzomah,,activated from IR
2021-02-10,Bengals,• D.J. Reader,,activated from IR
2021-02-10,Bengals,• Geno Atkins,,activated from IR
2021-02-10,Bengals,• Joe Burrow,,activated from IR
2021-02-10,Bengals,• Joe Mixon,,activated from IR
2021-02-10,Bengals,• John Ross III,,activated from IR
2021-02-10,Bengals,• Renell Wren,,activated from IR
2021-02-10,Bengals,• Trae Waynes,,activated from IR
2021-02-10,Bills,• Cameron Lewis / Cam Lewis,,activated from IR
2021-02-10,Bills,• Cody Ford,,activated from IR
2021-02-10,Bills,• Tommy Sweeney,,activated from reserve/physically unable to perform list
2021-02-10,Bills,• Zack Moss,,activated from IR
2021-02-10,Broncos,• Albert Okwuegbunam,,activated from IR
2021-02-10,Broncos,• Austin Fort,,activated from IR
2021-02-10,Broncos,• Bryce Callahan,,activated from IR
2021-02-10,Broncos,• Courtland Sutton,,activated from IR
2021-02-10,Broncos,• Duke Dawson,,activated from IR
2021-02-10,Broncos,• Essang Bassey,,activated from IR
2021-02-10,Broncos,• Jonathan Harris,,activated from reserve/non-football injury list
2021-02-10,Broncos,• Jurrell Casey,,activated from IR
2021-02-10,Broncos,• K.J. Hamler,,activated from IR
2021-02-10,Broncos,• Kevin Toliver II,,activated from IR
2021-02-10,Broncos,• Mike Purcell,,activated from IR
2021-02-10,Broncos,• Phillip Lindsay,,activated from IR
2021-02-10,Broncos,• Shelby Harris,,activated from IR
2021-02-10,Broncos,• Von Miller,,activated from IR
2021-02-10,Browns,• Bruce Natson / JoJo Natson Jr.,,activated from IR
2021-02-10,Browns,• Chris Hubbard,,activated from IR
2021-02-10,Browns,• Curtis Weaver,,activated from IR
2021-02-10,Browns,• George Obinna,,activated from IR
2021-02-10,Browns,• Grant Delpit,,activated from IR
2021-02-10,Browns,• Greedy Williams,,activated from IR
2021-02-10,Browns,• Michael Dunn,,activated from IR
2021-02-10,Browns,• Nick Harris (b),,activated from IR
2021-02-10,Browns,• Odell Beckham Jr.,,activated from IR
2021-02-10,Browns,• Olivier Vernon,,activated from IR
2021-02-10,Browns,• Robert Jackson Jr.,,activated from IR
2021-02-10,Browns,• Taywan Taylor,,activated from IR
2021-02-10,Browns,• Trevon Young,,activated from IR
2021-02-10,Buccaneers,• A.Q. Shipley,,activated from IR
2021-02-10,Buccaneers,• Alex Cappa,,activated from IR
2021-02-10,Buccaneers,• Jack Cichy,,activated from IR
2021-02-10,Buccaneers,• John Franklin III,,activated from IR
2021-02-10,Buccaneers,• O.J. Howard,,activated from IR
2021-02-10,Buccaneers,• T.J. Logan,,activated from IR
2021-02-10,Cardinals,• Chandler Jones (James),,activated from IR
2021-02-10,Cardinals,• Corey Peters,,activated from IR
2021-02-10,Cardinals,• Dennis Gardeck,,activated from IR
2021-02-10,Cardinals,• Isaiah Irving,,activated from IR
2021-02-10,Cardinals,• Johnathan Joseph,,activated from IR
2021-02-10,Cardinals,• Jordan Phillips,,activated from IR
2021-02-10,Cardinals,• Kylie Fitts,,activated from IR
2021-02-10,Cardinals,• Robert Alford,,activated from IR
2021-02-10,Cardinals,• Zane Gonzalez,,activated from IR
2021-02-10,Chargers,• Casey Hayward Jr.,,activated from IR
2021-02-10,Chargers,• Derwin James Jr.,,activated from IR
2021-02-10,Chargers,• Drue Tranquill,,activated from IR
2021-02-10,Chargers,• Kyzir White,,activated from IR
2021-02-10,Chargers,• Malik Jefferson,,activated from IR
2021-02-10,Chargers,• Melvin Ingram,,activated from IR
2021-02-10,Chargers,• Mike Pouncey,,activated from IR
2021-02-10,Chargers,• Ryan Groy,,activated from IR
2021-02-10,Chargers,• Uchenna Nwosu,,activated from IR
2021-02-10,Chargers,• Virgil Green,,activated from IR
2021-02-10,Chiefs,• Alex Brown (b. 1996-08-30),,activated from IR
2021-02-10,Chiefs,• Eric Fisher,,activated from IR
2021-02-10,Chiefs,• Kelechi Osemele,,activated from IR
2021-02-10,Chiefs,• Mitchell Schwartz,,activated from IR
2021-02-10,Chiefs,• Taco Charlton,,activated from IR
2021-02-10,Chiefs,• Willie Gay Jr.,,activated from IR
2021-02-10,Colts,• Le'Raven Clark,,activated from IR
2021-02-10,Colts,• Malik Hooker,,activated from IR
2021-02-10,Colts,• Marlon Mack,,activated from IR
2021-02-10,Colts,• Parris Campbell,,activated from IR
2021-02-10,Cowboys,• Antwaun Woods,,activated from IR
2021-02-10,Cowboys,• Azur Kamara,,activated from IR
2021-02-10,Cowboys,• Blake Jarwin,,activated from IR
2021-02-10,Cowboys,• Cameron Erving,,activated from IR
2021-02-10,Cowboys,• Chris Jones (b. 1989-07-21),,activated from IR
2021-02-10,Cowboys,• Dak Prescott,,activated from IR
2021-02-10,Cowboys,• Deante Burton,,activated from IR
2021-02-10,Cowboys,• Justin March-Lillard / Justin March,,activated from IR
2021-02-10,Cowboys,• La'el Collins,,activated from IR
2021-02-10,Cowboys,• Mitch Hyatt,,activated from IR
2021-02-10,Cowboys,• Trysten Hill,,activated from IR
2021-02-10,Cowboys,• Tyron Smith,,activated from IR
2021-02-10,Dolphins,• Davon Godchaux,,activated from IR
2021-02-10,Dolphins,• Elandon Roberts,,activated from IR
2021-02-10,Dolphins,• Preston Williams,,activated from IR
2021-02-10,Dolphins,• Vince Biegel,,activated from IR
2021-02-10,Eagles,• Andre Dillard,,activated from IR
2021-02-10,Eagles,• Avonte Maddox,,activated from IR
2021-02-10,Eagles,• Brandon Brooks,,activated from reserve/physically unable to perform list
2021-02-10,Eagles,• Craig James (b. 1996-04-29),,activated from IR
2021-02-10,Eagles,• Cre'Von LeBlanc,,activated from IR
2021-02-10,Eagles,• Duke Riley,,activated from IR
2021-02-10,Eagles,• Hassan Ridgeway,,activated from IR
2021-02-10,Eagles,• Iosua Opeta / Sua Opeta,,activated from IR
2021-02-10,Eagles,• Jack Driscoll,,activated from IR
2021-02-10,Eagles,• Jason Peters,,activated from IR
2021-02-10,Eagles,• Josh Sweat,,activated from IR
2021-02-10,Eagles,• Joshua Perkins / Josh Perkins,,activated from IR
2021-02-10,Eagles,• Lane Johnson,,activated from IR
2021-02-10,Eagles,• Nathan Gerry / Nate Gerry,,activated from IR
2021-02-10,Eagles,• Rodney McLeod Jr.,,activated from IR
2021-02-10,Eagles,• Shaun Bradley,,activated from IR
2021-02-10,Falcons,• Damontae Kazee,,activated from IR
2021-02-10,Falcons,• Olamide Zaccheaus,,activated from IR
2021-02-10,Giants,• Cody Core,,activated from IR
2021-02-10,Giants,• David Sills V,,activated from IR
2021-02-10,Giants,• Elijhaa Penny / Eli Penny,,activated from IR
2021-02-10,Giants,• Lorenzo Carter,,activated from IR
2021-02-10,Giants,• Ryan Lewis,,activated from IR
2021-02-10,Giants,• Saquon Barkley,,activated from IR
2021-02-10,Jaguars,• Ben Ellefson,,activated from IR
2021-02-10,Jaguars,• Brandon Linder,,activated from IR
2021-02-10,Jaguars,• C.J. Henderson,,activated from IR
2021-02-10,Jaguars,• Chris Thompson (b. 1990-10-20),,activated from IR
2021-02-10,Jaguars,• Collin Johnson,,activated from IR
2021-02-10,Jaguars,• D.J. Hayden,,activated from IR
2021-02-10,Jaguars,• Daniel Thomas,,activated from IR
2021-02-10,Jaguars,• Davon Hamilton,,activated from IR
2021-02-10,Jaguars,• Dede Westbrook,,activated from IR
2021-02-10,Jaguars,• Dontavius Russell,,activated from IR
2021-02-10,Jaguars,• Josh Hines-Allen / Josh Allen (b. 1997-07-13),,activated from IR
2021-02-10,Jaguars,• Josh Lambo,,activated from IR
2021-02-10,Jaguars,• Josh Oliver,,activated from IR
2021-02-10,Jaguars,• Leon Jacobs,,activated from IR
2021-02-10,Jaguars,• Sidney Jones IV,,activated from IR
2021-02-10,Jets,• Alex Lewis (b. 1992-04-21),,activated from reserve/non-football injury / non-football illness list
2021-02-10,Jets,• Ashtyn Davis,,activated from IR
2021-02-10,Jets,• Bennett Jackson,,activated from IR
2021-02-10,Jets,• Blake Cashman,,activated from IR
2021-02-10,Jets,• Bradley McDougald,,activated from IR
2021-02-10,Jets,• Brian Poole,,activated from IR
2021-02-10,Jets,• Harvey Langi,,activated from IR
2021-02-10,Jets,• Jordan Jenkins,,activated from IR
2021-02-10,Jets,• Josh Andrews,,activated from IR
2021-02-10,Jets,• Kyle Phillips,,activated from IR
2021-02-10,Jets,• Kyron Brown,,activated from reserve/physically unable to perform list
2021-02-10,Jets,• Patrick Onwuasor,,activated from IR
2021-02-10,Jets,• placed on IR with chest• lung injury,,activated from IR
2021-02-10,Jets,• Quinnen Williams,,activated from IR
2021-02-10,Jets,• Saquan Hampton,,activated from IR
2021-02-10,Lions,• Da'Shawn Hand,,activated from IR
2021-02-10,Lions,• Desmond Trufant,,activated from IR
2021-02-10,Lions,• Jashon Cornell,,activated from IR
2021-02-10,Lions,• Jeff Okudah,,activated from IR
2021-02-10,Lions,• Nick Bawden,,activated from IR
2021-02-10,Lions,• Tony McRae,,activated from IR
2021-02-10,Lions,• Trey Flowers,,activated from IR
2021-02-10,Packers,• Billy Winn,,activated from IR
2021-02-10,Packers,• David Bakhtiari,,activated from IR
2021-02-10,Packers,• John Lovett (b. 1996-04-25),,activated from IR
2021-02-10,Packers,• Josiah Deguara,,activated from IR
2021-02-10,Packers,• Lane Taylor,,activated from IR
2021-02-10,Packers,• Montravius Adams,,activated from IR
2021-02-10,Packers,• Patrick Taylor,,activated from reserve/non-football injury list
2021-02-10,Packers,• Raven Greene,,activated from IR
2021-02-10,Packers,• Simon Stepaniak,,activated from IR
2021-02-10,Packers,• Tyler Ervin,,activated from IR
2021-02-10,Panthers,• Dennis Daley,,activated from IR
2021-02-10,Panthers,• Greg Little,,activated from IR
2021-02-10,Panthers,• Kawann Short,,activated from IR
2021-02-10,Panthers,• Keith Kirkwood,,activated from IR
2021-02-10,Panthers,• Omar Bayless,,activated from IR
2021-02-10,Panthers,• Reggie Bonnafon,,activated from IR
2021-02-10,Panthers,• Stephen Weatherly,,activated from IR
2021-02-10,Panthers,• Trenton Scott / Trent Scott,,activated from IR
2021-02-10,Panthers,• Troy Pride Jr.,,activated from IR
2021-02-10,Patriots,• Brandon Copeland (b. 1991-07-02),,activated from IR
2021-02-10,Patriots,• Brandon King (b. 1993-06-08),,activated from reserve/physically unable to perform list
2021-02-10,Patriots,• Damien Harris,,activated from IR
2021-02-10,Patriots,• Isaiah Wynn,,activated from IR
2021-02-10,Patriots,• Joshua Uche / Josh Uche,,activated from IR
2021-02-10,Patriots,• Michael Barnett,,activated from IR
2021-02-10,Patriots,• Quincy Adeboyejo,,activated from IR
2021-02-10,Patriots,• Rex Burkhead,,activated from IR
2021-02-10,Patriots,• Ryan Izzo,,activated from IR
2021-02-10,Patriots,• Stephon Gilmore,,activated from IR
2021-02-10,Patriots,• Tashawn Bower,,activated from IR
2021-02-10,Patriots,• Yodny Cajuste,,activated from IR
2021-02-10,Raiders,• Clelin Ferrell,,activated from IR
2021-02-10,Raiders,• Richie Incognito,,activated from IR
2021-02-10,Raiders,• Tanner Muse,,activated from IR
2021-02-10,Raiders,• Tyrell Williams,,activated from IR
2021-02-10,Rams,• Darrell Henderson,,activated from IR
2021-02-10,Rams,• Jonah Williams (b. 1995-08-17),,activated from IR
2021-02-10,Rams,• Justin Lawler,,activated from IR
2021-02-10,Rams,• Raymond Calais,,activated from IR
2021-02-10,Rams,• Taylor Rapp,,activated from IR
2021-02-10,Rams,• Terrell Burgess,,activated from IR
2021-02-10,Rams,• Travin Howard,,activated from IR
2021-02-10,Ravens,• Antoine Wesley,,activated from IR
2021-02-10,Ravens,• Ben Bredeson,,activated from IR
2021-02-10,Ravens,• DeAndrew White,,activated from IR
2021-02-10,Ravens,• Iman Lewis-Marshall / Iman Marshall,,activated from IR
2021-02-10,Ravens,• Jacob Breeland / Jake Breeland,,activated from reserve/non-football injury list
2021-02-10,Ravens,• Khalil Dorsey,,activated from IR
2021-02-10,Ravens,• Nick Boyle,,activated from IR
2021-02-10,Ravens,• Otaro Alaka,,activated from IR
2021-02-10,Ravens,• Ronnie Stanley,,activated from IR
2021-02-10,Ravens,• Tavon Young,,activated from IR
2021-02-10,Ravens,• Trace McSorley,,activated from IR
2021-02-10,Redskins,• Deshazor Everett,,activated from IR
2021-02-10,Saints,• Bennie Fowler,,activated from IR
2021-02-10,Saints,• Blake Gillikin,,activated from IR
2021-02-10,Saints,• Jalen Dalton,,activated from IR
2021-02-10,Saints,• Johnson Bademosi,,activated from IR
2021-02-10,Saints,• Kwon Alexander,,activated from IR
2021-02-10,Saints,• Nick Easton,,activated from IR
2021-02-10,Seahawks,• Branden Jackson,,activated from IR
2021-02-10,Seahawks,• Bruce Irvin,,activated from IR
2021-02-10,Seahawks,• Darrell Taylor,,activated from reserve/non-football injury list
2021-02-10,Seahawks,• Delano Hill,,activated from IR
2021-02-10,Seahawks,• Jamarco Jones,,activated from IR
2021-02-10,Seahawks,• Jayson Stanley,,activated from IR
2021-02-10,Seahawks,• Marquise Blair,,activated from IR
2021-02-10,Seahawks,• Neiko Thorpe,,activated from IR
2021-02-10,Seahawks,• Patrick Carr,,activated from IR
2021-02-10,Seahawks,• Phil Haynes,,activated from IR
2021-02-10,Seahawks,• Phillip Dorsett II,,activated from IR
2021-02-10,Seahawks,• Quinton Dunbar,,activated from IR
2021-02-10,Seahawks,• Travis Homer,,activated from IR
2021-02-10,Steelers,• Bud Dupree,,activated from IR
2021-02-10,Steelers,• Devin Bush Jr.,,activated from IR
2021-02-10,Steelers,• Ulysees Gilbert III,,activated from IR
2021-02-10,Steelers,• Zach Banner,,activated from IR
2021-02-10,Steelers,• Zach Gentry,,activated from IR
2021-02-10,Texans,,,activated from IR
2021-02-10,Texans,• Benardrick McKinney,,activated from IR
2021-02-10,Texans,• Brandon Dunn,,activated from IR
2021-02-10,Texans,• Brent Qvale,,activated from IR
2021-02-10,Texans,• Cullen Gillaspia,,activated from IR
2021-02-10,Texans,• Duke Ejiofor,,activated from IR
2021-02-10,Texans,• Dylan Cole,,activated from IR
2021-02-10,Texans,• Justin Reid,,activated from IR
2021-02-10,Texans,• Michael Thomas (b. 1990-03-17),,activated from IR
2021-02-10,Texans,• P.J. Hall,,activated from IR
2021-02-10,Texans,• Randall Cobb,,activated from IR
2021-02-10,Texans,• Tytus Howard,,activated from IR
2021-02-10,Titans,• Adam Humphries,,activated from IR
2021-02-10,Titans,• Breon Borders,,activated from IR
2021-02-10,Titans,• Chris Milton,,activated from IR
2021-02-10,Titans,• Dane Cruikshank,,activated from IR
2021-02-10,Titans,• Jadeveon Clowney,,activated from IR
2021-02-10,Titans,• Jayon Brown,,activated from IR
2021-02-10,Titans,• Taylor Lewan,,activated from IR
2021-02-10,Titans,• Ty Sambrailo,,activated from IR
2021-02-10,Vikings,• Anthony Barr,,activated from IR
2021-02-10,Vikings,• Cameron Smith / Cam Smith,,activated from reserve/non-football injury list
2021-02-10,Vikings,• Danielle Hunter,,activated from IR
2021-02-10,Vikings,• George Iloka,,activated from IR
2021-02-10,Vikings,• Kenny Willekes,,activated from IR
2021-02-10,Vikings,• Kris Boyd,,activated from IR
2021-02-10,Vikings,• Kyle Rudolph,,activated from IR
2021-02-10,Vikings,• Mike Hughes (b. 1997-02-11),,activated from IR
2021-02-10,Vikings,• Myles Dorn,,activated from IR
2021-02-10,Washington,• (Orlando) Ryan Anderson,,activated from IR
2021-02-10,Washington,• Emanuel Hall,,activated from reserve/non-football injury list
2021-02-10,Washington,• Geron Christian,,activated from IR
2021-02-10,Washington,• Greg Stroman,,activated from IR
2021-02-10,Washington,• Kelvin Harmon,,activated from reserve/non-football injury list
2021-02-10,Washington,• Kyle Allen,,activated from IR
2021-02-10,Washington,• Landon Collins,,activated from IR
2021-02-10,Washington,• Matthew Ioannidis / Matt Ioannidis,,activated from IR
2021-02-10,Washington,• Reuben Foster,,activated from IR
2021-02-10,Washington,• Saahdiq Charles,,activated from IR
2021-02-10,Washington,• Temarrick Hemingway,,activated from IR
2021-02-10,Washington,• Thaddeus Moss,,activated from IR
2021-04-29,Lions,,• Hunter Bryant,placed on reserve/non-football injury list with undisclosed
2021-05-07,Broncos,,• Ja'Wuan James,placed on reserve/non-football injury list with Achilles injury
2021-05-10,Jets,,• Saquan Hampton,placed on reserve/physically unable to perform list with Achilles injury
2021-05-19,Broncos,,• DaeSean Hamilton,placed on reserve/non-football injury list with torn ACL in knee
2021-05-26,Raiders,,• Kamaal Seymour,placed on reserve/non-football injury list with Achilles injury
2021-05-27,Lions,,• Joel Heath,placed on IR with torn ACL in knee
2021-05-27,Seahawks,,• Marcus Webb (a),placed on IR with undisclosed injury
2021-06-02,Ravens,,• Donte Sylencieux,placed on IR with undisclosed
2021-06-02,Ravens,,• Xavier Kelly,placed on IR with Achilles injury
2021-06-03,Jaguars,,• Terry Godwin,placed on IR with undisclosed
2021-06-04,Cardinals,,• Krishawn Hogan,placed on IR with undisclosed injury
2021-06-04,Washington,,• Dylan Cantrell,placed on IR with undisclosed injury
2021-06-07,Titans,,• Anthony McKinney (b),placed on IR with undisclosed injury
2021-06-10,Eagles,,• Trevon Grimes,placed on IR with knee injury
2021-06-10,Jets,,• Parker Ferguson,placed on IR with undisclosed injury
2021-06-14,49ers,,• Justin Skule,placed on IR with torn ACL in knee
2021-06-14,Cowboys,,• Stephen Guidry,placed on IR with undisclosed injury
2021-06-21,Broncos,,• Natrez Patrick,placed on IR with leg injury
2021-06-22,Bills,,• Bryan Cox Jr.,placed on IR with Achilles injury
2021-07-06,Steelers,,• Demarcus Christmas,placed on IR with undisclosed injury
2021-07-20,Jaguars,,• Dylan Moses,placed on non-football injury list
2021-07-21,Patriots,,• Cameron McGrone,placed on non-football injury list
2021-07-21,Patriots,,• Joshuah Bledsoe,placed on non-football injury list
2021-07-21,Patriots,,• Rhamondre Stevenson,placed on non-football injury list
2021-07-21,Ravens,,• Ben Cleveland,placed on non-football injury list
2021-07-21,Ravens,,• Jacob Breeland / Jake Breeland,placed on non-football injury list
2021-07-22,Buccaneers,,• Chris Wilcox,placed on physically unable to perform list
2021-07-22,Buccaneers,,• John Franklin III,placed on physically unable to perform list
2021-07-22,Cardinals,,• Dennis Gardeck,placed on physically unable to perform list
2021-07-22,Cowboys,,• Amari Cooper,placed on physically unable to perform list
2021-07-22,Cowboys,,• Chauncey Golston,placed on physically unable to perform list
2021-07-22,Cowboys,,• Demarcus Lawrence,placed on physically unable to perform list
2021-07-22,Cowboys,,• Greg Zuerlein,placed on physically unable to perform list
2021-07-22,Cowboys,,• Mitch Hyatt,placed on physically unable to perform list
2021-07-22,Cowboys,,• T.J. Vasher,placed on non-football injury list
2021-07-22,Cowboys,,• Trysten Hill,placed on physically unable to perform list
2021-07-22,Giants,,• (Orlando) Ryan Anderson,placed on non-football injury list
2021-07-22,Giants,,• Aaron Robinson,placed on physically unable to perform list
2021-07-22,Giants,,• Jonotthan Harrison,placed on non-football injury list
2021-07-22,Giants,,• Kadarius Toney,placed on reserve/COVID-19 list
2021-07-22,Giants,,• Kyle Rudolph,placed on physically unable to perform list
2021-07-22,Giants,,• Matt Peart,placed on physically unable to perform list
2021-07-22,Giants,,• Oshane Ximines,placed on physically unable to perform list
2021-07-22,Giants,,• Sandro Platzgummer,placed on non-football injury list
2021-07-22,Giants,,• Saquon Barkley,placed on physically unable to perform list
2021-07-22,Giants,,• Taquan Mizzell,placed on IR with hamstring injury
2021-07-22,Jaguars,,• Jake Luton,placed on reserve/COVID-19 list
2021-07-22,Patriots,,• Brandon King (b. 1993-06-08),placed on physically unable to perform list
2021-07-22,Patriots,,• Byron Cowart,placed on physically unable to perform list
2021-07-22,Patriots,,• Chase Winovich,placed on physically unable to perform list
2021-07-22,Patriots,,• Dalton Keene (b. 1999-04-14),placed on physically unable to perform list
2021-07-22,Patriots,,• Devin Smith (b. 1992-03-03),placed on physically unable to perform list
2021-07-22,Patriots,,• Jarrett Stidham,placed on physically unable to perform list
2021-07-22,Patriots,,• Stephon Gilmore,placed on physically unable to perform list
2021-07-22,Patriots,,• Terez Hall,placed on physically unable to perform list
2021-07-22,Ravens,,• Iman Lewis-Marshall / Iman Marshall,placed on physically unable to perform list
2021-07-22,Ravens,,• Ja'Wuan James,placed on non-football injury list
2021-07-22,Ravens,,• Nick Boyle,placed on physically unable to perform list
2021-07-22,Ravens,,• Otaro Alaka,placed on physically unable to perform list
2021-07-22,Ravens,,• Ronnie Stanley,placed on physically unable to perform list
2021-07-23,Buccaneers,,• Curtis Riley,placed on IR with Achilles injury
2021-07-23,Buccaneers,,• Jordan Whitehead,placed on reserve/COVID-19 list
2021-07-23,Cardinals,,• Lorenzo Burns,placed on reserve/COVID-19 list
2021-07-23,Jaguars,,• C.J. Henderson,placed on reserve/COVID-19 list
2021-07-23,Jaguars,,• Leon Jacobs,placed on physically unable to perform list
2021-07-23,Jaguars,,• Luqman Barcoo / Luq Barcoo,placed on reserve/COVID-19 list
2021-07-23,Jets,,• Ashtyn Davis,placed on physically unable to perform list
2021-07-23,Jets,,• Folorunso Fatukasi / Foley Fatukasi,placed on non-football injury list
2021-07-23,Jets,,• Jonathan Marshall,placed on physically unable to perform list
2021-07-23,Jets,,• Kyle Phillips,placed on physically unable to perform list
2021-07-23,Jets,,• Marcus Maye,placed on non-football injury list
2021-07-23,Jets,,• Quinnen Williams,placed on physically unable to perform list
2021-07-23,Jets,,• Vinny Curry,placed on non-football injury list
2021-07-23,Packers,,• Isaiah McDuffie,placed on non-football injury list
2021-07-23,Packers,,• Josiah Deguara,placed on physically unable to perform list
2021-07-24,Broncos,,• Baron Browning,placed on physically unable to perform list
2021-07-24,Broncos,,• Duke Dawson,placed on physically unable to perform list
2021-07-24,Broncos,,• Essang Bassey,placed on physically unable to perform list
2021-07-24,Buccaneers,,• Cameron Brate,placed on physically unable to perform list
2021-07-24,Buccaneers,,• Justin Watson (b),placed on physically unable to perform list
2021-07-24,Chiefs,,• Armani Watts,placed on physically unable to perform list
2021-07-24,Chiefs,,• Malik Herring,placed on non-football injury list
2021-07-24,Jaguars,,• Chris Claybrooks,placed on reserve/COVID-19 list
2021-07-24,Packers,,• Patrick Taylor,placed on physically unable to perform list
2021-07-24,Packers,,• Ray Wilborn,placed on reserve/COVID-19 list
2021-07-24,Titans,,• Aaron Brewer (Jamal),placed on non-football injury list
2021-07-24,Titans,,• Bud Dupree,placed on physically unable to perform list
2021-07-24,Titans,,• Caleb Farley,placed on non-football injury list
2021-07-24,Titans,,• Jeremy McNichols,placed on physically unable to perform list
2021-07-24,Titans,,• Ty Sambrailo,placed on physically unable to perform list
2021-07-25,Bears,,• Dazz Newsome,placed on physically unable to perform list
2021-07-25,Bears,,• Tarik Cohen,placed on physically unable to perform list
2021-07-25,Bengals,,• Cameron Sample / Cam Sample,placed on non-football injury list
2021-07-25,Bengals,,• Drue Chrisman,placed on non-football injury list
2021-07-25,Bengals,,• Hakeem Adeniji,placed on non-football injury list
2021-07-25,Bengals,,• Pooka Williams Jr.,placed on non-football illness list
2021-07-25,Bengals,,• Renell Wren,placed on physically unable to perform list
2021-07-25,Bengals,,• Riley Lees,placed on physically unable to perform list
2021-07-25,Bengals,,• Wyatt Hubert,placed on non-football injury list
2021-07-25,Browns,,• Jeremiah Owusu-Koramoah,placed on reserve/COVID-19 list
2021-07-25,Colts,,• Dayo Odeyingbo,placed on non-football injury list
2021-07-25,Colts,,• Eric Fisher,placed on physically unable to perform list
2021-07-25,Colts,,• Rob Windsor,placed on IR with surgery on hip
2021-07-25,Colts,,• Rob Windsor,placed on reserve/COVID-19 list
2021-07-25,Lions,,• Austin Bryant,placed on physically unable to perform list
2021-07-25,Lions,,• Evan Heim,placed on reserve/COVID-19 list
2021-07-25,Lions,,• Javon McKinley,placed on non-football injury list
2021-07-25,Raiders,,• Darius Stills,placed on non-football injury list
2021-07-25,Raiders,,• Devery Hamilton,placed on non-football illness list
2021-07-25,Raiders,,• Divine Deablo,placed on physically unable to perform list
2021-07-25,Raiders,,• Isaiah Johnson (b. 1995-12-20),placed on physically unable to perform list
2021-07-26,Broncos,,• Jamar Johnson,placed on reserve/COVID-19 list
2021-07-26,Broncos,,• Kary Vincent Jr.,placed on reserve/COVID-19 list
2021-07-26,Chiefs,,• James Winchester,placed on reserve/COVID-19 list
2021-07-26,Rams,,• Chatarius Atwell / Tutu Atwell (b),placed on reserve/COVID-19 list
2021-07-26,Saints,,• Derrick Kelly,placed on non-football injury list
2021-07-26,Saints,,• Michael Thomas (William),placed on physically unable to perform list
2021-07-26,Texans,,• Lane Taylor,placed on physically unable to perform list
2021-07-26,Texans,,• Marcus Cannon,placed on physically unable to perform list
2021-07-26,Vikings,,• Riley Patterson,placed on physically unable to perform list
2021-07-27,49ers,,• Emmanuel Moseley,placed on reserve/COVID-19 list
2021-07-27,49ers,,• Jeff Wilson Jr.,placed on physically unable to perform list
2021-07-27,49ers,,• Tarvarius Moore,placed on physically unable to perform list
2021-07-27,Bengals,• Renell Wren,,activated from physically unable to perform list
2021-07-27,Bengals,• Riley Lees,,activated from physically unable to perform list
2021-07-27,Cardinals,,• Shawn Williams (b. 1991-05-13),placed on non-football injury list
2021-07-27,Chargers,,• John Hurst,placed on physically unable to perform list
2021-07-27,Chargers,,• Justin Jackson (b. 1996-04-22),placed on reserve/COVID-19 list
2021-07-27,Chiefs,,• Chris Finke,placed on IR with undisclosed injury
2021-07-27,Chiefs,,• Kyle Long,placed on physically unable to perform list
2021-07-27,Chiefs,,• Nick Keizer,placed on non-football injury list
2021-07-27,Cowboys,,• Mitch Hyatt,placed on IR with knee injury
2021-07-27,Falcons,,• John Atkins,placed on reserve/COVID-19 list
2021-07-27,Falcons,,• Kobe Jones,placed on reserve/COVID-19 list
2021-07-27,Falcons,,• Lee Smith (b. 1987-11-21),placed on reserve/COVID-19 list
2021-07-27,Falcons,,• Willie Wright (b. 1996-02-25),placed on reserve/COVID-19 list
2021-07-27,Giants,,• Blake Martinez,placed on reserve/COVID-19 list
2021-07-27,Giants,,• Joshua Kalu,placed on reserve/COVID-19 list
2021-07-27,Giants,• Kadarius Toney,,activated from reserve/COVID-19 list
2021-07-27,Jets,,• George Fant,placed on reserve/COVID-19 list
2021-07-27,Jets,• Folorunso Fatukasi / Foley Fatukasi,,activated from non-football injury list
2021-07-27,Jets,• Jonathan Marshall,,activated from physically unable to perform list
2021-07-27,Jets,• Marcus Maye,,activated from non-football injury list
2021-07-27,Packers,,• David Bakhtiari,placed on physically unable to perform list
2021-07-27,Packers,,• Henry Black,placed on non-football injury list
2021-07-27,Packers,,• Kevin King,placed on non-football injury list
2021-07-27,Packers,,• Kingsley Keke,placed on non-football injury list
2021-07-27,Packers,,• Tipa Galeai,placed on non-football injury list
2021-07-27,Packers,,• Will Redmond,placed on non-football injury list
2021-07-27,Packers,,• Za'Darius Smith,placed on non-football injury list
2021-07-27,Panthers,,• Delano Hill,placed on physically unable to perform list
2021-07-27,Panthers,,• Frankie Luvu,placed on reserve/COVID-19 list
2021-07-27,Patriots,,• Devin Asiasi,placed on reserve/COVID-19 list
2021-07-27,Patriots,,• Kyle Van Noy,placed on physically unable to perform list
2021-07-27,Patriots,,• Trent Brown,placed on physically unable to perform list
2021-07-27,Ravens,,• Gus Edwards,placed on reserve/COVID-19 list
2021-07-27,Redskins,,• Deshazor Everett,placed on non-football illness list
2021-07-27,Texans,,• Cornell Armstrong,placed on non-football injury list
2021-07-27,Texans,,• DeMarcus Walker,placed on non-football injury list
2021-07-27,Texans,,• Geron Christian,placed on reserve/COVID-19 list
2021-07-27,Texans,,• Greg Howell / Buddy Howell,placed on reserve/COVID-19 list
2021-07-27,Texans,,• Lonnie Johnson Jr.,placed on non-football injury list
2021-07-27,Texans,,• Pharaoh Brown,placed on non-football injury list
2021-07-27,Texans,,• Taywan Taylor,placed on reserve/COVID-19 list
2021-07-27,Vikings,,• Jaylen Twyman,placed on reserve/non-football injury list with gunshot wounds
2021-07-27,Washington,,• Cornelius Lucas,placed on reserve/COVID-19 list
2021-07-27,Washington,,• Curtis Samuel,placed on physically unable to perform list
2021-07-27,Washington,,• Devaroe Lawrence,placed on non-football injury list
2021-07-27,Washington,,• Greg Stroman,placed on physically unable to perform list
2021-07-27,Washington,,• Tim Settle,placed on non-football illness list
2021-07-28,49ers,,• Jaquiski Tartt,placed on reserve/COVID-19 list
2021-07-28,49ers,,• Jauan Jennings,placed on reserve/COVID-19 list
2021-07-28,Bears,,• Eddie Jackson (b. 1993-12-10),placed on non-football injury list
2021-07-28,Bears,,• Germain Ifedi,placed on physically unable to perform list
2021-07-28,Bengals,,• Larry Ogunjobi,placed on physically unable to perform list
2021-07-28,Bills,,• Dion Dawkins,placed on reserve/COVID-19 list
2021-07-28,Bills,,• Ike Boettger,placed on reserve/COVID-19 list
2021-07-28,Bills,,• Jerry Hughes,placed on non-football injury list
2021-07-28,Cardinals,,• Deion Calhoun / Shaq Calhoun,placed on reserve/COVID-19 list
2021-07-28,Cardinals,,• J.J. Watt,placed on physically unable to perform list
2021-07-28,Cardinals,,• Rico Gafford,placed on reserve/COVID-19 list
2021-07-28,Chiefs,,• Darwin Thompson,placed on reserve/COVID-19 list
2021-07-28,Colts,,• Al-Quadin Muhammad,placed on reserve/COVID-19 list
2021-07-28,Colts,,• Travis Carrie / T.J. Carrie,placed on reserve/COVID-19 list
2021-07-28,Colts,,• Xavier Rhodes,placed on reserve/COVID-19 list
2021-07-28,Dolphins,,• D.J. Fluker,placed on physically unable to perform list
2021-07-28,Dolphins,,• DeVante Parker,placed on physically unable to perform list
2021-07-28,Dolphins,,• Elandon Roberts,placed on physically unable to perform list
2021-07-28,Dolphins,,• Larnel Coleman,placed on reserve/COVID-19 list
2021-07-28,Dolphins,,• Preston Williams,placed on physically unable to perform list
2021-07-28,Eagles,,• Alex Singleton,placed on reserve/COVID-19 list
2021-07-28,Eagles,,• Andrew Adams,placed on reserve/COVID-19 list
2021-07-28,Eagles,,• Landon Dickerson,placed on non-football injury list
2021-07-28,Eagles,,• Le'Raven Clark,placed on physically unable to perform list
2021-07-28,Eagles,,• Matt Leo (a),placed on reserve/COVID-19 list
2021-07-28,Eagles,,• Rodney McLeod Jr.,placed on physically unable to perform list
2021-07-28,Falcons,,• 5/10/2018,placed on physically unable to perform list
2021-07-28,Falcons,,• Dante Fowler Jr.,placed on reserve/COVID-19 list
2021-07-28,Falcons,,• Kaleb McGary,placed on physically unable to perform list
2021-07-28,Falcons,,• Matt Gono,placed on physically unable to perform list
2021-07-28,Giants,,• Reggie Ragland,placed on non-football injury list
2021-07-28,Giants,,• Rysen John,placed on reserve/COVID-19 list
2021-07-28,Giants,• Sandro Platzgummer,,activated from non-football injury list
2021-07-28,Jaguars,,• Aldrick Rosas,placed on non-football injury list
2021-07-28,Jaguars,,• Jamal Agnew,placed on non-football injury list
2021-07-28,Jaguars,,• Taven Bryan,placed on non-football injury list
2021-07-28,Jaguars,• Luqman Barcoo / Luq Barcoo,,activated from reserve/COVID-19 list
2021-07-28,Lions,,• Evan Brown,placed on non-football injury list
2021-07-28,Lions,,• Jalen Reeves-Maybin,placed on reserve/COVID-19 list
2021-07-28,Lions,• Javon McKinley,,activated from non-football injury list
2021-07-28,Packers,,• Dominique Dafney,placed on physically unable to perform list
2021-07-28,Packers,• Tipa Galeai,,activated from non-football injury list
2021-07-28,Panthers,,• Delano Hill,placed on reserve/COVID-19 list
2021-07-28,Panthers,,• Phil Hoskins,placed on physically unable to perform list
2021-07-28,Panthers,,• Stephen Sullivan,placed on reserve/COVID-19 list
2021-07-28,Patriots,• Kyle Van Noy,,activated from physically unable to perform list
2021-07-28,Patriots,• Trent Brown,,activated from physically unable to perform list
2021-07-28,Raiders,,• Jalen Richard,placed on reserve/COVID-19 list
2021-07-28,Raiders,,• Kenyan Drake,placed on non-football injury list
2021-07-28,Raiders,,• Theo Riddick,placed on reserve/COVID-19 list
2021-07-28,Rams,,• Cam Akers,placed on non-football injury list
2021-07-28,Ravens,,• Anthony Averett,placed on non-football injury list
2021-07-28,Ravens,,• Lamar Jackson (Demeatrice),placed on reserve/COVID-19 list
2021-07-28,Seahawks,,• D'Wayne Eskridge / Dee Eskridge,placed on physically unable to perform list
2021-07-28,Seahawks,,• Pier-Olivier Lestage,placed on non-football injury list
2021-07-28,Seahawks,,• Travis Homer,placed on physically unable to perform list
2021-07-28,Titans,,• Chris Jones (b. 1995-08-13),placed on reserve/COVID-19 list
2021-07-28,Washington,,• Jalen Jelks,placed on IR with undisclosed injury
2021-07-29,Cardinals,,• Andy Isabella,placed on reserve/COVID-19 list
2021-07-29,Cardinals,,• Isaac Whitney,placed on reserve/COVID-19 list
2021-07-29,Cardinals,,• Justin Pugh,placed on reserve/COVID-19 list
2021-07-29,Cardinals,,• Keesean Johnson,placed on reserve/COVID-19 list
2021-07-29,Cardinals,,• Kelvin Beachum,placed on reserve/COVID-19 list
2021-07-29,Cardinals,,• Rodney Hudson,placed on reserve/COVID-19 list
2021-07-29,Chargers,• Justin Jackson (b. 1996-04-22),,activated from reserve/COVID-19 list
2021-07-29,Dolphins,,• D.J. Fluker,placed on IR with surgery on knee
2021-07-29,Jaguars,• Jake Luton,,activated from reserve/COVID-19 list
2021-07-29,Panthers,• Frankie Luvu,,activated from reserve/COVID-19 list
2021-07-29,Saints,,• P.J. Williams,placed on non-football injury list
2021-07-29,Saints,,• Wil Lutz,placed on non-football injury list
2021-07-29,Titans,,• Bud Dupree,placed on reserve/COVID-19 list
2021-07-29,Washington,,• Chris Miller (b. 1997-10-06),placed on reserve/COVID-19 list
2021-07-29,Washington,,• Curtis Samuel,placed on reserve/COVID-19 list
2021-07-29,Washington,,• Matthew Ioannidis / Matt Ioannidis,placed on reserve/COVID-19 list
2021-07-29,Washington,• Tim Settle,,activated from non-football illness list
2021-07-30,Buccaneers,• Jordan Whitehead,,activated from reserve/COVID-19 list
2021-07-30,Chiefs,• James Winchester,,activated from reserve/COVID-19 list
2021-07-30,Colts,,• Julie'n Davenport / Julien Davenport,placed on reserve/COVID-19 list
2021-07-30,Dolphins,• Larnel Coleman,,activated from reserve/COVID-19 list
2021-07-30,Falcons,• Lee Smith (b. 1987-11-21),,activated from reserve/COVID-19 list
2021-07-30,Panthers,• Phil Hoskins,,activated from physically unable to perform list
2021-07-30,Patriots,• Rhamondre Stevenson,,activated from non-football injury list
2021-07-30,Raiders,• Darius Stills,,activated from non-football injury list
2021-07-30,Raiders,• Kenyan Drake,,activated from non-football injury list
2021-07-30,Saints,• Derrick Kelly,,activated from non-football injury list
2021-07-30,Saints,• P.J. Williams,,activated from non-football injury list
2021-07-30,Washington,• Devaroe Lawrence,,activated from non-football injury list
2021-07-31,Broncos,• Kary Vincent Jr.,,activated from reserve/COVID-19 list
2021-07-31,Giants,• Matt Peart,,activated from physically unable to perform list
2021-07-31,Packers,• Henry Black,,activated from physically unable to perform list
2021-07-31,Patriots,• Brandon King (b. 1993-06-08),,activated from physically unable to perform list
2021-07-31,Raiders,,• Daniel Carlson,placed on reserve/COVID-19 list
2021-07-31,Steelers,,• Dax Raymond,placed on IR with undisclosed injury
2021-07-31,Titans,,• Brandon Kemp,placed on IR with undisclosed injury
2021-07-31,Titans,,• Elijah Nkansah,placed on IR with undisclosed injury
2021-07-31,Titans,• Bud Dupree,,activated from reserve/COVID-19 list
2021-07-31,Washington,,• Brandon Scherff,placed on reserve/COVID-19 list
2021-07-31,Washington,,• David Sharpe,placed on reserve/COVID-19 list
2021-08-01,Dolphins,,• Adam Shaheen,placed on reserve/COVID-19 list
2021-08-01,Dolphins,,• Cethan Carter,placed on reserve/COVID-19 list
2021-08-01,Dolphins,,• Mike Gesicki,placed on reserve/COVID-19 list
2021-08-01,Falcons,• Kobe Jones,,activated from reserve/COVID-19 list
2021-08-01,Ravens,• Otaro Alaka,,activated from physically unable to perform list
2021-08-01,Titans,,• Briley Moore,placed on IR with torn ACL in knee
2021-08-01,Vikings,,• Kellen Mond,placed on reserve/COVID-19 list
2021-08-01,Vikings,,• Kirk Cousins,placed on reserve/COVID-19 list
2021-08-01,Vikings,,• Nate Stanley,placed on reserve/COVID-19 list
2021-08-01,Washington,,• Da'Ron Payne / Daron Payne,placed on reserve/COVID-19 list
2021-08-02,Bears,• Dazz Newsome,,activated from physically unable to perform list
2021-08-02,Bengals,• Cameron Sample / Cam Sample,,activated from non-football injury list
2021-08-02,Buccaneers,• Chris Wilcox,,activated from physically unable to perform list
2021-08-02,Cardinals,• Andy Isabella,,activated from reserve/COVID-19 list
2021-08-02,Cardinals,• Isaac Whitney,,activated from reserve/COVID-19 list
2021-08-02,Cardinals,• Justin Pugh,,activated from reserve/COVID-19 list
2021-08-02,Cardinals,• Keesean Johnson,,activated from reserve/COVID-19 list
2021-08-02,Cardinals,• Kelvin Beachum,,activated from reserve/COVID-19 list
2021-08-02,Cardinals,• Rodney Hudson,,activated from reserve/COVID-19 list
2021-08-02,Chiefs,• Armani Watts,,activated from physically unable to perform list
2021-08-02,Colts,• Travis Carrie / T.J. Carrie,,activated from reserve/COVID-19 list
2021-08-02,Dolphins,,• Preston Williams,placed on reserve/COVID-19 list
2021-08-02,Dolphins,• DeVante Parker,,activated from physically unable to perform list
2021-08-02,Giants,• Jonotthan Harrison,,activated from non-football injury list
2021-08-02,Jaguars,,• C.J. Beathard,placed on reserve/COVID-19 list
2021-08-02,Jaguars,,• Jarrod Wilson,placed on reserve/COVID-19 list
2021-08-02,Jaguars,• Jamal Agnew,,activated from non-football injury list
2021-08-02,Lions,• Evan Heim,,activated from reserve/COVID-19 list
2021-08-02,Packers,• Patrick Taylor,,activated from physically unable to perform list
2021-08-02,Raiders,• Jalen Richard,,activated from reserve/COVID-19 list
2021-08-02,Saints,,• Dylan Soehner,placed on IR with undisclosed injury
2021-08-02,Texans,• DeMarcus Walker,,activated from non-football injury list
2021-08-02,Titans,• Caleb Farley,,activated from non-football injury list
2021-08-02,Titans,• Jeremy McNichols,,activated from physically unable to perform list
2021-08-02,Titans,• Ty Sambrailo,,activated from physically unable to perform list
2021-08-02,Vikings,,• Myron Mitchell,placed on reserve/COVID-19 list
2021-08-02,Vikings,,• Olabisi Johnson,placed on IR with torn ACL in knee
2021-08-03,Bears,,• Christian Jones (b. 1991-02-18),placed on reserve/COVID-19 list
2021-08-03,Bears,,• Eddie Goldman,placed on reserve/COVID-19 list
2021-08-03,Bears,,• Elijah Wilkinson,placed on reserve/COVID-19 list
2021-08-03,Bears,,• Patrick Scales,placed on reserve/COVID-19 list
2021-08-03,Broncos,,• K.J. Hamler,placed on reserve/COVID-19 list
2021-08-03,Browns,• Jeremiah Owusu-Koramoah,,activated from reserve/COVID-19 list
2021-08-03,Falcons,• John Atkins,,activated from reserve/COVID-19 list
2021-08-03,Giants,,• Derrick Dillon,placed on IR with undisclosed injury
2021-08-03,Giants,• Blake Martinez,,activated from reserve/COVID-19 list
2021-08-03,Giants,• Joshua Kalu,,activated from reserve/COVID-19 list
2021-08-03,Jaguars,,• Taven Bryan,placed on reserve/COVID-19 list
2021-08-03,Jaguars,• Chris Claybrooks,,activated from reserve/COVID-19 list
2021-08-03,Jaguars,• Jarrod Wilson,,activated from reserve/COVID-19 list
2021-08-03,Washington,• Chris Miller (b. 1997-10-06),,activated from reserve/COVID-19 list
2021-08-03,Washington,• Cornelius Lucas,,activated from reserve/COVID-19 list
2021-08-03,Washington,• Matthew Ioannidis / Matt Ioannidis,,activated from reserve/COVID-19 list
2021-08-04,Broncos,• K.J. Hamler,,activated from reserve/COVID-19 list
2021-08-04,Chiefs,• Darwin Thompson,,activated from reserve/COVID-19 list
2021-08-04,Eagles,• Andrew Adams,,activated from reserve/COVID-19 list
2021-08-04,Falcons,,• Sterling Hofrichter,placed on IR with undisclosed injury
2021-08-04,Giants,,• Mike Weber Jr.,placed on IR with hip flexor injury
2021-08-04,Packers,• Ray Wilborn,,activated from reserve/COVID-19 list
2021-08-04,Rams,• Chatarius Atwell / Tutu Atwell (b),,activated from reserve/COVID-19 list
2021-08-04,Saints,,• Keith Washington Jr.,placed on IR with wrist injury
2021-08-05,49ers,,• Tim Harris Jr.,placed on IR with groin injury
2021-08-05,Bills,• Ike Boettger,,activated from reserve/COVID-19 list
2021-08-05,Broncos,,• Cody Conway,placed on IR with torn ACL in knee
2021-08-05,Cardinals,• Lorenzo Burns,,activated from reserve/COVID-19 list
2021-08-05,Dolphins,• Adam Shaheen,,activated from reserve/COVID-19 list
2021-08-05,Dolphins,• Cethan Carter,,activated from reserve/COVID-19 list
2021-08-05,Dolphins,• Preston Williams,,activated from reserve/COVID-19 list
2021-08-05,Eagles,,• Nathan Meadors / Nate Meadors,placed on IR with hamstring injury
2021-08-05,Falcons,,• Jaeden Graham,placed on IR with knee injury
2021-08-05,Jets,,• Brendon White,placed on IR with undisclosed injury
2021-08-05,Rams,,• Jamil Demby,placed on IR with undisclosed injury
2021-08-05,Steelers,,• Anthony Coyle,placed on IR with shoulder injury
2021-08-05,Steelers,,• DeMarkus Acy,placed on IR with torn ACL in knee
2021-08-05,Titans,,• Greg Mabin,placed on IR with undisclosed injury
2021-08-05,Titans,,• Spencer Pulley,placed on IR with undisclosed injury
2021-08-05,Vikings,• Kirk Cousins,,activated from reserve/COVID-19 list
2021-08-05,Vikings,• Nate Stanley,,activated from reserve/COVID-19 list
2021-08-05,Washington,• Brandon Scherff,,activated from reserve/COVID-19 list
2021-08-05,Washington,• Da'Ron Payne / Daron Payne,,activated from reserve/COVID-19 list
2021-08-06,49ers,• Emmanuel Moseley,,activated from reserve/COVID-19 list
2021-08-06,49ers,• Jauan Jennings,,activated from reserve/COVID-19 list
2021-08-06,Broncos,• Jamar Johnson,,activated from reserve/COVID-19 list
2021-08-06,Chiefs,• Nick Keizer,,activated from non-football injury list
2021-08-06,Colts,,• J.J. Nelson,placed on IR with groin injury
2021-08-06,Colts,• Al-Quadin Muhammad,,activated from reserve/COVID-19 list
2021-08-06,Colts,• Julie'n Davenport / Julien Davenport,,activated from reserve/COVID-19 list
2021-08-06,Colts,• Xavier Rhodes,,activated from reserve/COVID-19 list
2021-08-06,Falcons,• Dante Fowler Jr.,,activated from reserve/COVID-19 list
2021-08-06,Jaguars,,• Daniel Thomas,placed on reserve/COVID-19 list
2021-08-06,Jaguars,• C.J. Beathard,,activated from reserve/COVID-19 list
2021-08-06,Jaguars,• C.J. Henderson,,activated from reserve/COVID-19 list
2021-08-06,Jets,• George Fant,,activated from reserve/COVID-19 list
2021-08-06,Rams,,• Dayan Lake,placed on IR with undisclosed injury
2021-08-06,Ravens,• Gus Edwards,,activated from reserve/COVID-19 list
2021-08-06,Ravens,• Lamar Jackson (Demeatrice),,activated from reserve/COVID-19 list
2021-08-06,Seahawks,• Pier-Olivier Lestage,,activated from non-football injury list
2021-08-06,Titans,• Chris Jones (b. 1995-08-13),,activated from reserve/COVID-19 list
2021-08-06,49ers,• Jaquiski Tartt,,activated from reserve/COVID-19 list
2021-08-06,49ers,,• Jaquiski Tartt,placed on physically unable to perform list
2021-08-07,Browns,,• Tre Harbison,placed on IR with concussion
2021-08-07,Chiefs,,• Darryl Williams (b. 1997-06-10),placed on reserve/COVID-19 list
2021-08-07,Eagles,• Alex Singleton,,activated from reserve/COVID-19 list
2021-08-07,Falcons,,• Jeff Badet,placed on IR with undisclosed injury
2021-08-07,Giants,,• Levine Toilolo,placed on IR with Achilles tendon injury
2021-08-07,Lions,,• Nick Williams (b. 1990-02-21),placed on reserve/COVID-19 list
2021-08-07,Patriots,,• Dalton Keene (b. 1999-04-14),placed on IR with knee injury
2021-08-07,Patriots,,• Raekwon McMillan,placed on IR with torn ACL in knee
2021-08-07,Patriots,• Devin Asiasi,,activated from reserve/COVID-19 list
2021-08-07,Titans,,• Cody Hollister,placed on IR with ankle injury
2021-08-08,Cardinals,,• Xavier Williams,placed on IR with right foot injury
2021-08-08,Cardinals,• Deion Calhoun / Shaq Calhoun,,activated from reserve/COVID-19 list
2021-08-08,Cardinals,• Rico Gafford,,activated from reserve/COVID-19 list
2021-08-09,Bears,• Christian Jones (b. 1991-02-18),,activated from reserve/COVID-19 list
2021-08-09,Bears,• Elijah Wilkinson,,activated from reserve/COVID-19 list
2021-08-09,Bears,• Patrick Scales,,activated from reserve/COVID-19 list
2021-08-09,Buccaneers,• Cameron Brate,,activated from physically unable to perform list
2021-08-09,Cardinals,,• Bruno Labelle,placed on IR with undisclosed injury
2021-08-09,Colts,,• Gary Jennings,placed on IR with undisclosed injury
2021-08-09,Eagles,• Matt Leo (a),,activated from reserve/COVID-19 list
2021-08-09,Falcons,,• Deadrin Senat,placed on IR with undisclosed injury
2021-08-09,Falcons,• Kaleb McGary,,activated from physically unable to perform list
2021-08-09,Falcons,• Willie Wright (b. 1996-02-25),,activated from reserve/COVID-19 list
2021-08-09,Giants,• Oshane Ximines,,activated from physically unable to perform list
2021-08-09,Giants,• Saquon Barkley,,activated from physically unable to perform list
2021-08-09,Lions,• Jalen Reeves-Maybin,,activated from reserve/COVID-19 list
2021-08-09,Packers,• Dominique Dafney,,activated from physically unable to perform list
2021-08-09,Panthers,,• Austin Larkin,placed on IR with undisclosed injury
2021-08-09,Panthers,• Stephen Sullivan,,activated from reserve/COVID-19 list
2021-08-09,Ravens,• Ronnie Stanley,,activated from physically unable to perform list
2021-08-09,Texans,• Greg Howell / Buddy Howell,,activated from reserve/COVID-19 list
2021-08-09,Texans,• Taywan Taylor,,activated from reserve/COVID-19 list
2021-08-09,Washington,• Curtis Samuel,,activated from reserve/COVID-19 list
2021-08-09,Giants,• (Orlando) Ryan Anderson,,activated from non-football injury list
2021-08-10,Bears,• Eddie Jackson (b. 1993-12-10),,activated from non-football injury list
2021-08-10,Bengals,• Larry Ogunjobi,,activated from physically unable to perform list
2021-08-10,Bills,,• Marquel Lee,placed on reserve/COVID-19 list
2021-08-10,Bills,• Jerry Hughes,,activated from non-football injury list
2021-08-10,Chargers,• John Hurst,,activated from physically unable to perform list
2021-08-10,Chiefs,• Darryl Williams (b. 1997-06-10),,activated from reserve/COVID-19 list
2021-08-10,Cowboys,• Amari Cooper,,activated from physically unable to perform list
2021-08-10,Dolphins,• Mike Gesicki,,activated from reserve/COVID-19 list
2021-08-10,Eagles,,• Obi Melifonwu,placed on IR with undisclosed injury
2021-08-10,Giants,• Rysen John,,activated from reserve/COVID-19 list
2021-08-10,Jets,,• Teton Saltes,placed on IR with knee injury
2021-08-10,Steelers,,• Calvin Taylor Jr.,placed on IR with undisclosed injury
2021-08-10,Texans,• Geron Christian,,activated from reserve/COVID-19 list
2021-08-10,Vikings,• Kellen Mond,,activated from reserve/COVID-19 list
2021-08-11,Cardinals,,• Andy Isabella,placed on reserve/COVID-19 list
2021-08-11,Eagles,,• Michael Walker (b. 1996-10-29),placed on IR with right let/foot injury
2021-08-11,Raiders,,• Trey Quinn,placed on IR with undisclosed injury
2021-08-11,Raiders,• Divine Deablo,,activated from physically unable to perform list
2021-08-11,Texans,,• Bradley Roby,placed on reserve/COVID-19 list
2021-08-11,Titans,,• Donnie Ernsberger,placed on IR with undisclosed injury
2021-08-11,Vikings,• Myron Mitchell,,activated from reserve/COVID-19 list
2021-08-11,49ers,• Tim Harris Jr.,,activated from IR
2021-08-11,Giants,• Derrick Dillon,,activated from IR
2021-08-11,Panthers,• Delano Hill,,activated from reserve/COVID-19 list
2021-08-12,49ers,,• Tony Jefferson,placed on IR with groin injury
2021-08-12,Bills,• Dion Dawkins,,activated from reserve/COVID-19 list
2021-08-12,Cardinals,,• Charles Washington (b. 1993-03-10),placed on reserve/COVID-19 list
2021-08-12,Cardinals,,• Darrell Daniels,placed on reserve/COVID-19 list
2021-08-12,Cardinals,,• James Conner,placed on reserve/COVID-19 list
2021-08-12,Cardinals,,• Leki Fotu,placed on reserve/COVID-19 list
2021-08-12,Jets,,• Alex Lewis (b. 1992-04-21),placed on IR
2021-08-12,Lions,,• Michael Warren II / Mike Warren II,placed on IR with undisclosed injury
2021-08-12,Packers,• Isaiah McDuffie,,activated from non-football injury list
2021-08-12,Packers,• Kevin King,,activated from non-football injury list
2021-08-12,Packers,• Kingsley Keke,,activated from non-football injury list
2021-08-12,Saints,,• Jalen McCleskey,placed on IR with hamstring injury
2021-08-12,Colts,• Gary Jennings,,activated from IR
2021-08-12,Jets,• Brendon White,,activated from IR
2021-08-13,Bears,• Eddie Goldman,,activated from reserve/COVID-19 list
2021-08-13,Buccaneers,,• Sam Renner,placed on IR with undisclosed injury
2021-08-13,Packers,,• Randy Ramsey,placed on IR with ankle injury
2021-08-13,Texans,,• Laremy Tunsil,placed on reserve/COVID-19 list
2021-08-13,Texans,,• Roderick Johnson,placed on reserve/COVID-19 list
2021-08-13,Texans,,• Tytus Howard,placed on reserve/COVID-19 list
2021-08-13,Titans,,• Adam Coon,placed on IR with undisclosed injury
2021-08-13,Titans,• Donnie Ernsberger,,activated from IR
2021-08-13,Eagles,• Nathan Meadors / Nate Meadors,,activated from IR
2021-08-13,Giants,• Mike Weber Jr.,,activated from IR
2021-08-13,Saints,• Keith Washington Jr.,,activated from IR
2021-08-14,Bears,,• Thomas Ives,placed on IR with glute injury
2021-08-14,Eagles,• Le'Raven Clark,,activated from physically unable to perform list
2021-08-14,Saints,,• Quentin Poling,placed on IR with undisclosed injury
2021-08-14,Steelers,• Calvin Taylor Jr.,,activated from IR
2021-08-15,Jaguars,• Taven Bryan,,activated from reserve/COVID-19 list
2021-08-15,Patriots,• Chase Winovich,,activated from physically unable to perform list
2021-08-15,Titans,,• B.J. Bello,placed on IR with ankle injury
2021-08-16,Broncos,• Baron Browning,,activated from physically unable to perform list
2021-08-16,Browns,,• Ryan Switzer,placed on IR with foot injury
2021-08-16,Browns,,• Stephen Carlson,placed on IR with knee injury
2021-08-16,Cardinals,• Charles Washington (b. 1993-03-10),,activated from reserve/COVID-19 list
2021-08-16,Cardinals,• Darrell Daniels,,activated from reserve/COVID-19 list
2021-08-16,Cardinals,• James Conner,,activated from reserve/COVID-19 list
2021-08-16,Cardinals,• Leki Fotu,,activated from reserve/COVID-19 list
2021-08-16,Falcons,,• J'Mon Moore,placed on IR with undisclosed injury
2021-08-16,Giants,,• Joshua Kalu,placed on IR with torn pectoral muscle
2021-08-16,Giants,,• Kyle Murphy (b. 1998-05-18),placed on IR with ankle injury
2021-08-16,Giants,,• T.J. Brunson,placed on IR with torn ACL in knee
2021-08-16,Jets,• Quinnen Williams,,activated from physically unable to perform list
2021-08-16,Lions,,• Evan Boehm,placed on IR with undisclosed injury
2021-08-16,Packers,• Will Redmond,,activated from non-football injury list
2021-08-16,Packers,• Za'Darius Smith,,activated from non-football injury list
2021-08-16,Raiders,• Daniel Carlson,,activated from reserve/COVID-19 list
2021-08-16,Ravens,,• Iman Lewis-Marshall / Iman Marshall,placed on IR with knee injury
2021-08-16,Ravens,,• Khalil Dorsey,placed on IR with undisclosed injury
2021-08-16,Saints,,• KeiVarae Russell,placed on reserve/COVID-19 list
2021-08-16,Saints,,• Kyle Murphy (Neil),placed on IR with undisclosed injury
2021-08-16,Texans,• Bradley Roby,,activated from reserve/COVID-19 list
2021-08-16,Titans,,• Kevin Peterson (Lamont),placed on IR with undisclosed injury
2021-08-16,Cardinals,• Xavier Williams,,activated from IR
2021-08-16,Lions,• Michael Warren II / Mike Warren II,,activated from IR
2021-08-16,Rams,• Dayan Lake,,activated from IR
2021-08-17,Browns,,• Kiondre Thomas,placed on IR with hamstring injury
2021-08-17,Buccaneers,,• Sadarius Hutcherson,placed on IR with torn ACL in knee
2021-08-17,Chiefs,,• Elijah McGuire,placed on IR with ankle injury
2021-08-17,Colts,,• Damontre Moore,placed on IR with undisclosed injury
2021-08-17,Cowboys,,• Reggie Robinson II,placed on IR with toe injury
2021-08-17,Cowboys,,• Sewo Olonilua,placed on IR with neck injury
2021-08-17,Dolphins,,• Allen Hurns,placed on IR with wrist injury
2021-08-17,Giants,,• Clayton Thorson,placed on IR with concussion
2021-08-17,Jaguars,,• Daniel Ross,placed on IR with undisclosed injury
2021-08-17,Jets,,• Cameron Clark / Cameron Clarke,placed on IR with back/spine injury (out for season)
2021-08-17,Lions,,• Charlie Taumoepeau,placed on reserve/non-football injury list with neck injury
2021-08-17,Lions,,• Shaun Dion Hamilton,placed on IR with undisclosed injury
2021-08-17,Panthers,,• Troy Pride Jr.,placed on IR with knee injury
2021-08-17,Patriots,,• Marvin Hall,placed on IR with undisclosed injury
2021-08-17,Saints,,• Brett Maher,placed on IR with undisclosed injury
2021-08-17,Seahawks,• D'Wayne Eskridge / Dee Eskridge,,activated from physically unable to perform list
2021-08-17,Texans,,• Dontrell Hilliard,placed on IR with undisclosed injury
2021-08-17,Titans,,• Maurice Smith (Bernard),placed on IR with undisclosed injury
2021-08-17,Titans,,• Tedric Thompson,placed on IR with leg injury
2021-08-17,Titans,,• Trevon Coley,placed on IR with foot injury
2021-08-17,Vikings,,• Blake Proehl,placed on IR with knee injury
2021-08-17,Vikings,,• Riley Patterson,placed on IR with undisclosed injury
2021-08-17,Falcons,• Jeff Badet,,activated from IR
2021-08-17,Titans,• Cody Hollister,,activated from IR
2021-08-17,Chiefs,,• Chad Williams (b. 1994-10-19),placed on IR with undisclosed injury
2021-08-18,49ers,,• Austin Watkins Jr.,placed on IR with fractured foot
2021-08-18,Bears,,• Ledarius Mack,placed on IR with undisclosed injury
2021-08-18,Bears,,• Michael Joseph,placed on IR with undisclosed injury
2021-08-18,Broncos,,• DeVontres Dukes,placed on IR with undisclosed injury
2021-08-18,Broncos,,• Deyon Sizer,placed on IR with hamstring injury
2021-08-18,Broncos,,• LeVante Bellamy,placed on IR with ankle injury
2021-08-18,Buccaneers,,• Donell Stanley,placed on IR with undisclosed injury
2021-08-18,Buccaneers,,• John Franklin III,placed on reserve/physically unable to perform list with knee injury
2021-08-18,Cardinals,,• Justin Pugh,placed on reserve/COVID-19 list
2021-08-18,Chiefs,,• Antonio Callaway,placed on IR with knee injury
2021-08-18,Chiefs,,• Evan Baylis,placed on IR with ankle injury
2021-08-18,Colts,,• Nick Nelson,placed on IR with undisclosed injury
2021-08-18,Colts,,• Quartney Davis,placed on IR with shoulder injury
2021-08-18,Cowboys,,• Anthony Hines III,placed on IR with undisclosed injury
2021-08-18,Dolphins,,• Jaytlin Askew,placed on IR with quadriceps injury
2021-08-18,Dolphins,,• Sam Eguavoen,placed on reserve/COVID-19 list
2021-08-18,Eagles,,• Casey Tucker,placed on IR with biceps injury
2021-08-18,Eagles,,• Kerryon Johnson,placed on IR with knee injury
2021-08-18,Eagles,,• Luke Juriga,placed on IR with undisclosed injury
2021-08-18,Giants,,• Jarren Williams,placed on IR with quadriceps injury
2021-08-18,Jaguars,,• Josh Imatorbhebhe,placed on IR with undisclosed injury
2021-08-18,Jaguars,,• Tim Jones (b. 1998-05-15),placed on IR with undisclosed injury
2021-08-18,Jets,,• Austin Walter,placed on IR with undisclosed injury
2021-08-18,Jets,,• Michael Dwumfour,placed on IR with undisclosed injury
2021-08-18,Packers,,• DeAndre Thompkins,placed on IR with shoulder injury
2021-08-18,Packers,,• Isaac Nauta,placed on IR with chest injury
2021-08-18,Panthers,,• Matt Kaskey,placed on IR with foot injury
2021-08-18,Panthers,,• Mike Panasiuk,placed on IR with undisclosed injury
2021-08-18,Panthers,,• Nate Hall,placed on IR with undisclosed injury
2021-08-18,Patriots,,• Troy Fumagalli,placed on IR with undisclosed injury
2021-08-18,Texans,• Tytus Howard,,activated from reserve/COVID-19 list
2021-08-18,Jets,• Alex Lewis (b. 1992-04-21),,activated from IR
2021-08-18,Texans,• Roderick Johnson,,activated from reserve/COVID-19 list
2021-08-19,Bills,• Marquel Lee,,activated from reserve/COVID-19 list
2021-08-19,Buccaneers,,• Raven Greene,placed on IR with undisclosed injury
2021-08-19,Cardinals,,• Jordan Phillips,placed on reserve/COVID-19 list
2021-08-19,Dolphins,• Elandon Roberts,,activated from physically unable to perform list
2021-08-19,Dolphins,• Preston Williams,,activated from physically unable to perform list
2021-08-19,Jaguars,• Daniel Thomas,,activated from reserve/COVID-19 list
2021-08-19,Lions,• Nick Williams (b. 1990-02-21),,activated from reserve/COVID-19 list
2021-08-19,Saints,,• Adonis Alexander,placed on IR with undisclosed injury
2021-08-19,Saints,,• Michael Brown / Mike Brown (b. 1994-09-19),placed on IR with undisclosed injury
2021-08-19,Titans,,• Brent Qvale,placed on IR with undisclosed injury
2021-08-19,Broncos,• Deyon Sizer,,activated from IR
2021-08-19,Jaguars,• Daniel Ross,,activated from IR
2021-08-19,Texans,• Dontrell Hilliard,,activated from IR
2021-08-20,Chargers,,• Nasir Adderley,placed on reserve/COVID-19 list
2021-08-20,Chargers,,• Ryan Smith (b. 1993-09-07),placed on reserve/COVID-19 list
2021-08-20,Cowboys,,• Hunter Niswander,placed on IR with back injury
2021-08-20,Dolphins,• Sam Eguavoen,,activated from reserve/COVID-19 list
2021-08-20,Falcons,,• Ryan Becker,placed on IR with undisclosed injury
2021-08-20,Jets,,• Zane Lewis,placed on IR with torn patella tendon in knee
2021-08-20,Bears,• Thomas Ives,,activated from IR
2021-08-20,Saints,• Michael Brown / Mike Brown (b. 1994-09-19),,activated from IR
2021-08-20,Titans,• Tedric Thompson,,activated from IR
2021-08-21,Dolphins,,• Kylan Johnson,placed on reserve/COVID-19 list
2021-08-21,Eagles,,• Jason Croom,placed on IR with patella tendon in right knee injury
2021-08-21,Rams,,• Corey Bojorquez,placed on reserve/COVID-19 list
2021-08-21,Rams,,• Johnny Hekker,placed on reserve/COVID-19 list
2021-08-21,Saints,,• Tommylee Lewis,placed on IR with undisclosed injury
2021-08-21,Eagles,• Luke Juriga,,activated from IR
2021-08-21,Giants,• Jarren Williams,,activated from IR
2021-08-21,Saints,• Adonis Alexander,,activated from IR
2021-08-21,Saints,• Brett Maher,,activated from IR
2021-08-21,Saints,• Jalen McCleskey,,activated from IR
2021-08-21,Saints,• Quentin Poling,,activated from IR
2021-08-22,Bengals,• Drue Chrisman,,activated from non-football injury list
2021-08-22,Saints,• Tommylee Lewis,,activated from IR
2021-08-23,Bears,,• Austin Calitro,placed on IR with hamstring injury / hand injury
2021-08-23,Bears,• Germain Ifedi,,activated from physically unable to perform list
2021-08-23,Bills,,• Forrest Lamp,placed on IR with calf injury
2021-08-23,Broncos,,• Brett Jones,placed on IR with biceps injury
2021-08-23,Browns,,• Cody Parkey,placed on IR with quadriceps injury
2021-08-23,Browns,,• Connor Davis,placed on IR with shoulder injury
2021-08-23,Browns,,• Montrel Meander,placed on IR with ruptured Achilles tendon
2021-08-23,Cardinals,• Andy Isabella,,activated from reserve/COVID-19 list
2021-08-23,Cardinals,• Dennis Gardeck,,activated from physically unable to perform list
2021-08-23,Cardinals,• J.J. Watt,,activated from physically unable to perform list
2021-08-23,Cowboys,,• Carlos Watkins,placed on reserve/COVID-19 list
2021-08-23,Cowboys,,• CeeDee Lamb,placed on reserve/COVID-19 list
2021-08-23,Cowboys,,• Israel Mukuamu,placed on reserve/COVID-19 list
2021-08-23,Cowboys,,• Malik Hooker,placed on reserve/COVID-19 list
2021-08-23,Jaguars,,• Josh Hines-Allen / Josh Allen (b. 1997-07-13),placed on reserve/COVID-19 list
2021-08-23,Jets,,• Carl Lawson,placed on IR with ruptured Achilles tendon
2021-08-23,Ravens,,• L.J. Fort,placed on IR with torn ACL in knee
2021-08-23,Seahawks,,• Ben Burr-Kirven,placed on IR with torn ACL in knee
2021-08-23,Seahawks,,• John Ursua,placed on IR with torn ACL in knee
2021-08-23,Titans,,• Anthony Rush,placed on reserve/COVID-19 list
2021-08-23,Vikings,,• Janarius Robinson,placed on IR with undisclosed injury
2021-08-23,Washington,• David Sharpe,,activated from reserve/COVID-19 list
2021-08-23,49ers,• Tony Jefferson,,activated from IR
2021-08-23,Bears,• Ledarius Mack,,activated from IR
2021-08-23,Lions,• Evan Boehm,,activated from IR
2021-08-23,Bears,,• Isaiah Coulter,placed on IR with hamstring injury
2021-08-24,49ers,,• Mychal Kendricks,placed on IR with turf toe
2021-08-24,Bears,,• Jordan Lucas,placed on IR with quadriceps injury
2021-08-24,Bears,,• Mike Pennel,placed on IR with groin injury
2021-08-24,Bengals,,• Donnie Lewis Jr.,placed on IR with hamstring injury
2021-08-24,Bills,,• Cole Beasley,placed on reserve/COVID-19 list
2021-08-24,Bills,,• D'haquille Williams / Duke Williams (b),placed on IR with hamstring injury
2021-08-24,Bills,,• Gabriel Davis / Gabe Davis,placed on reserve/COVID-19 list
2021-08-24,Bills,,• Star Lotulelei,placed on reserve/COVID-19 list
2021-08-24,Bills,,• Vernon Butler,placed on reserve/COVID-19 list
2021-08-24,Broncos,,• Adrian Killins Jr.,placed on IR with ankle injury
2021-08-24,Browns,,• Alex Taylor / Armani Taylor-Prioleau,placed on IR with ankle injury
2021-08-24,Buccaneers,,• Ryan Succop,placed on reserve/COVID-19 list
2021-08-24,Buccaneers,,• Troymaine Pope,placed on IR with undisclosed injury
2021-08-24,Cardinals,,• Jack Crawford,placed on IR with undisclosed injury
2021-08-24,Chargers,• Nasir Adderley,,activated from reserve/COVID-19 list
2021-08-24,Colts,,• Skai Moore,placed on IR with undisclosed injury
2021-08-24,Dolphins,,• Lynn Bowden Jr.,placed on IR with hamstring injury
2021-08-24,Falcons,,• A.J. McCarron,placed on IR with torn ACL in right knee
2021-08-24,Giants,,• Quincy Wilson (b. 1996-08-16),placed on IR with ankle injury
2021-08-24,Giants,,• Rysen John,placed on IR with ankle injury
2021-08-24,Jaguars,,• Travis Etienne,placed on IR with Lisfranc injury in left foot
2021-08-24,Jets,,• Corey Ballentine,placed on IR with knee injury
2021-08-24,Jets,,• Vinny Curry,placed on reserve/non-football injury list with blood clots
2021-08-24,Packers,,• Will Redmond,placed on IR with toe injury
2021-08-24,Patriots,,• Marcus Martin (b. 1993-11-29),placed on IR with undisclosed injury
2021-08-24,Raiders,,• Darron Lee,placed on IR with undisclosed injury
2021-08-24,Rams,,• Raymond Calais,placed on IR with foot injury
2021-08-24,Rams,• Corey Bojorquez,,activated from reserve/COVID-19 list
2021-08-24,Saints,,• Brian Poole,placed on IR with undisclosed injury
2021-08-24,Saints,,• Ethan Greenidge,placed on IR with arm injury
2021-08-24,Saints,,• Jalen Dalton,placed on IR with torn triceps
2021-08-24,Seahawks,• Travis Homer,,activated from physically unable to perform list
2021-08-24,Titans,,• Jeremy McNichols,placed on reserve/COVID-19 list
2021-08-24,Titans,,• Nick Dzubnar,placed on reserve/COVID-19 list
2021-08-24,Titans,,• Paul Adams (b. 1996-05-17),placed on IR with wrist injury
2021-08-24,Titans,,• Ross Reynolds,placed on IR with undisclosed injury
2021-08-24,Titans,,• Tucker McCann,placed on IR with undisclosed injury
2021-08-24,Vikings,,• Jordon Scott,placed on IR with undisclosed injury
2021-08-24,Browns,• Cody Parkey,,activated from IR
2021-08-24,Eagles,• Casey Tucker,,activated from IR
2021-08-24,Falcons,• J'Mon Moore,,activated from IR
2021-08-24,Titans,• Kevin Peterson (Lamont),,activated from IR
2021-08-25,49ers,• Jaquiski Tartt,,activated from reserve/COVID-19 list
2021-08-25,49ers,• Tegray Scales,,activated from reserve/COVID-19 list
2021-08-25,Buccaneers,,• Chidi Okeke,placed on IR with undisclosed injury
2021-08-25,Cardinals,,• Jamell Garcia-Williams,placed on IR with undisclosed injury
2021-08-25,Chargers,,• Chris Okoye,placed on IR with undisclosed injury
2021-08-25,Chargers,,• Damon Lloyd,placed on IR with undisclosed injury
2021-08-25,Colts,,• Noah Togiai,placed on IR with undisclosed injury
2021-08-25,Cowboys,,• Connor Williams,placed on reserve/COVID-19 list
2021-08-25,Cowboys,,• Damontae Kazee,placed on reserve/COVID-19 list
2021-08-25,Cowboys,,• Rico Dowdle,placed on IR with hip injury
2021-08-25,Cowboys,• Greg Zuerlein,,activated from physically unable to perform list
2021-08-25,Cowboys,• Israel Mukuamu,,activated from reserve/COVID-19 list
2021-08-25,Dolphins,,• Robert Foster,placed on IR with undisclosed injury
2021-08-25,Eagles,,• Joe Ostman,placed on IR with undisclosed injury
2021-08-25,Giants,,• Cole Hikutini,placed on IR with hip injury
2021-08-25,Giants,,• Montre Hartage,placed on IR with undisclosed injury
2021-08-25,Giants,• Kyle Rudolph,,activated from physically unable to perform list
2021-08-25,Packers,,• Devin Funchess,placed on IR with hamstring injury
2021-08-25,Raiders,,• Darius Stills,placed on IR with undisclosed injury
2021-08-25,Saints,,• Marcus Willoughby,placed on IR with undisclosed injury
2021-08-25,Steelers,,• Antoine Brooks Jr.,placed on IR with undisclosed injury
2021-08-25,Texans,,• Taywan Taylor,placed on IR with undisclosed injury
2021-08-25,Titans,,• Harold Landry III,placed on reserve/COVID-19 list
2021-08-25,Washington,,• Rick Leonard,placed on IR with undisclosed injury
2021-08-25,49ers,• Austin Watkins Jr.,,activated from IR
2021-08-25,Bears,• Austin Calitro,,activated from IR
2021-08-25,Colts,• Damontre Moore,,activated from IR
2021-08-25,Giants,• Clayton Thorson,,activated from IR
2021-08-25,Packers,• DeAndre Thompkins,,activated from IR
2021-08-25,Packers,• Isaac Nauta,,activated from IR
2021-08-25,Panthers,• Nate Hall,,activated from IR
2021-08-25,Patriots,• Marvin Hall,,activated from IR
2021-08-25,Saints,• Kyle Murphy (Neil),,activated from IR
2021-08-25,Titans,• Maurice Smith (Bernard),,activated from IR
2021-08-25,Vikings,• Riley Patterson,,activated from IR
2021-08-26,Cardinals,,• Robert Alford,placed on reserve/COVID-19 list
2021-08-26,Colts,,• Eric Fisher,placed on reserve/COVID-19 list
2021-08-26,Colts,,• Quenton Nelson,placed on reserve/COVID-19 list
2021-08-26,Saints,• KeiVarae Russell,,activated from reserve/COVID-19 list
2021-08-26,Titans,,• Geoff Swaim,placed on reserve/COVID-19 list
2021-08-26,Titans,,• Justin March-Lillard / Justin March,placed on reserve/COVID-19 list
2021-08-26,Titans,,• Kyle Peko,placed on IR with undisclosed injury
2021-08-26,Titans,,• Ryan Tannehill,placed on reserve/COVID-19 list
2021-08-26,Titans,• Aaron Brewer (Jamal),,activated from non-football injury list
2021-08-26,Bears,• Michael Joseph,,activated from IR
2021-08-26,Bills,• D'haquille Williams / Duke Williams (b),,activated from IR
2021-08-26,Bills,• Forrest Lamp,,activated from IR
2021-08-26,Broncos,• DeVontres Dukes,,activated from IR
2021-08-26,Buccaneers,• John Franklin III,,activated from reserve/physically unable to perform list with knee injury
2021-08-26,Chiefs,• Antonio Callaway,,activated from IR
2021-08-26,Chiefs,• Elijah McGuire,,activated from IR
2021-08-26,Chiefs,• Evan Baylis,,activated from IR
2021-08-26,Cowboys,• Anthony Hines III,,activated from IR
2021-08-26,Eagles,• Kerryon Johnson,,activated from IR
2021-08-26,Falcons,• Sterling Hofrichter,,activated from IR
2021-08-26,Jaguars,• Josh Imatorbhebhe,,activated from IR
2021-08-26,Jaguars,• Tim Jones (b. 1998-05-15),,activated from IR
2021-08-26,Jets,• Austin Walter,,activated from IR
2021-08-26,Jets,• Michael Dwumfour,,activated from IR
2021-08-26,Raiders,• Darius Stills,,activated from IR
2021-08-26,Raiders,• Trey Quinn,,activated from IR
2021-08-27,Bills,,• Treyvon Hester,placed on IR with back injury
2021-08-27,Bills,• Cole Beasley,,activated from reserve/COVID-19 list
2021-08-27,Bills,• Gabriel Davis / Gabe Davis,,activated from reserve/COVID-19 list
2021-08-27,Bills,• Star Lotulelei,,activated from reserve/COVID-19 list
2021-08-27,Bills,• Vernon Butler,,activated from reserve/COVID-19 list
2021-08-27,Buccaneers,,• Earl Watford,placed on reserve/COVID-19 list
2021-08-27,Buccaneers,,• Nick Leverett,placed on reserve/COVID-19 list
2021-08-27,Cowboys,• Malik Hooker,,activated from reserve/COVID-19 list
2021-08-27,Jaguars,,• A.J. Cann,placed on reserve/COVID-19 list
2021-08-27,Saints,,• Bryce Thompson,placed on IR with undisclosed injury
2021-08-27,Titans,• Anthony Rush,,activated from reserve/COVID-19 list
2021-08-27,Buccaneers,• Raven Greene,,activated from IR
2021-08-27,Packers,• Devin Funchess,,activated from IR
2021-08-28,Buccaneers,,• Ndamukong Suh,placed on reserve/COVID-19 list
2021-08-28,Dolphins,,• Vince Biegel,placed on IR with Achilles injury
2021-08-28,Titans,,• Racey McMath,placed on reserve/COVID-19 list
2021-08-28,Titans,• Paul Adams (b. 1996-05-17),,activated from IR
2021-08-29,Titans,,• Ben Jones (1989-07-02),placed on reserve/COVID-19 list
2021-08-29,Titans,,• Brian Hill (b. 1995-11-09),placed on IR with undisclosed injury
2021-08-30,Cardinals,,• Darqueze Dennard,placed on IR with undisclosed injury
2021-08-30,Cardinals,• Jordan Phillips,,activated from reserve/COVID-19 list
2021-08-30,Colts,,• Carson Wentz,placed on reserve/COVID-19 list
2021-08-30,Colts,,• Ryan Kelly,placed on reserve/COVID-19 list
2021-08-30,Colts,,• Sam Tevi,placed on IR with torn ACL in knee
2021-08-30,Colts,,• Zach Pascal,placed on reserve/COVID-19 list
2021-08-30,Colts,• Quenton Nelson,,activated from reserve/COVID-19 list
2021-08-30,Eagles,• Landon Dickerson,,activated from non-football injury list
2021-08-30,Eagles,• Rodney McLeod Jr.,,activated from physically unable to perform list
2021-08-30,Jaguars,• Josh Hines-Allen / Josh Allen (b. 1997-07-13),,activated from reserve/COVID-19 list
2021-08-30,Jets,• Ashtyn Davis,,activated from physically unable to perform list
2021-08-30,Ravens,,• J.K. Dobbins,placed on IR with torn ACL in left knee
2021-08-30,Ravens,• Nick Boyle,,activated from physically unable to perform list
2021-08-30,Texans,• Laremy Tunsil,,activated from reserve/COVID-19 list
2021-08-30,Titans,,• Nate Davis (Matthew Eugene),placed on reserve/COVID-19 list
2021-08-30,Buccaneers,• Chidi Okeke,,activated from IR
2021-08-30,Dolphins,• Robert Foster,,activated from IR
2021-08-30,Raiders,• Darron Lee,,activated from IR
2021-08-30,Titans,• Brent Qvale,,activated from IR
2021-08-30,Titans,• Ross Reynolds,,activated from IR
2021-08-31,49ers,,• Jeff Wilson Jr.,placed on reserve/physically unable to perform list with knee injury
2021-08-31,49ers,,• Shon Coleman,placed on IR with triceps injury
2021-08-31,49ers,,• Tarvarius Moore,placed on reserve/physically unable to perform list with Achilles injury
2021-08-31,Bears,,• Tarik Cohen,placed on reserve/physically unable to perform list recovering from surgery on right knee to repair torn ACL
2021-08-31,Bengals,,• Hakeem Adeniji,placed on reserve/non-football injury list with pectoral injury
2021-08-31,Bengals,,• Joseph Ossai,placed on IR with knee injury
2021-08-31,Bengals,,• Wyatt Hubert,placed on reserve/non-football injury list with pectoral injury
2021-08-31,Broncos,,• Duke Dawson,placed on reserve/physically unable to perform list with knee injury
2021-08-31,Broncos,,• Essang Bassey,placed on reserve/physically unable to perform list recovering from surgery on knee to repair torn ACL
2021-08-31,Browns,,• Drew Forbes,placed on IR with knee injury
2021-08-31,Browns,,• Greg Senat,placed on IR with knee injury
2021-08-31,Buccaneers,,• Justin Watson (b),placed on reserve/physically unable to perform list with knee injury
2021-08-31,Chiefs,,• Kyle Long,placed on reserve/physically unable to perform list with knee injury
2021-08-31,Chiefs,,• Malik Herring,placed on reserve/non-football injury list with torn ACL in knee
2021-08-31,Colts,,• Dayo Odeyingbo,placed on reserve/non-football injury list with Achilles injury
2021-08-31,Cowboys,,• Noah Brown,placed on reserve/COVID-19 list
2021-08-31,Cowboys,,• T.J. Vasher,placed on reserve/non-football injury list with knee injury
2021-08-31,Cowboys,,• Trysten Hill,placed on reserve/physically unable to perform list with knee injury
2021-08-31,Cowboys,• Chauncey Golston,,activated from physically unable to perform list
2021-08-31,Dolphins,,• Larnel Coleman,placed on IR with knee injury
2021-08-31,Eagles,,• Blake Countess,placed on IR with undisclosed injury
2021-08-31,Eagles,,• T.Y. McGill,placed on reserve/COVID-19 list
2021-08-31,Falcons,,• Matt Gono,placed on reserve/physically unable to perform list with neck injury
2021-08-31,Falcons,,• Parker Hesse,placed on reserve/COVID-19 list
2021-08-31,Giants,,• Aaron Robinson,placed on reserve/physically unable to perform list with core muscle injury
2021-08-31,Giants,,• Ted Larsen,placed on IR with knee injury
2021-08-31,Jaguars,,• Dylan Moses,placed on reserve/non-football injury list with knee injury
2021-08-31,Jaguars,,• Josh Jones (b. 1994-09-20),placed on IR with undisclosed injury
2021-08-31,Jets,,• Kyle Phillips,placed on reserve/physically unable to perform list with ankle injury
2021-08-31,Packers,,• David Bakhtiari,placed on reserve/physically unable to perform list recovering from surgery on knee to repair torn ACL
2021-08-31,Panthers,,• Thomas Fletcher,placed on IR with hip injury
2021-08-31,Patriots,,• Anfernee Jennings,placed on IR with undisclosed injury
2021-08-31,Patriots,,• Byron Cowart,placed on reserve/physically unable to perform list with undisclosed injury
2021-08-31,Patriots,,• Cameron McGrone,placed on reserve/non-football injury list with knee injury
2021-08-31,Patriots,,• Jarrett Stidham,placed on reserve/physically unable to perform list with back injury
2021-08-31,Patriots,,• Joshuah Bledsoe,placed on reserve/non-football injury list with wrist injury
2021-08-31,Patriots,,• Stephon Gilmore,placed on reserve/physically unable to perform list with quadriceps injury
2021-08-31,Patriots,,• Terez Hall,placed on reserve/physically unable to perform list with undisclosed injury
2021-08-31,Rams,,• Cam Akers,placed on reserve/non-football injury list with Achilles injury
2021-08-31,Rams,,• Coleman Shelton,placed on reserve/COVID-19 list
2021-08-31,Ravens,,• Ja'Wuan James,placed on reserve/non-football injury list with Achilles injury
2021-08-31,Saints,,• Michael Thomas (William),placed on reserve/physically unable to perform list with surgery on ankle
2021-08-31,Steelers,,• Joshua Dobbs / Josh Dobbs,placed on IR with toe injury
2021-08-31,Texans,• Marcus Cannon,,activated from physically unable to perform list
2021-08-31,Browns,• Alex Taylor / Armani Taylor-Prioleau,,activated from IR
2021-08-31,Steelers,• Antoine Brooks Jr.,,activated from IR
2021-09-01,49ers,,• Richie James,placed on IR with knee injury
2021-09-01,Bears,,• LaCale London,placed on IR with elbow injury
2021-09-01,Bears,,• Tre Roberson,placed on IR with concussion
2021-09-01,Browns,,• Jacob Phillips,placed on IR with biceps injury
2021-09-01,Buccaneers,,• Brad Seaton,placed on IR with undisclosed injury
2021-09-01,Cardinals,,• Marcus Henry (b. 1993-02-11),placed on IR with undisclosed injury
2021-09-01,Chargers,,• Cole Mazza,placed on IR with shoulder injury
2021-09-01,Chargers,,• Tyree St. Louis,placed on IR with undisclosed injury
2021-09-01,Chiefs,,• Tyrann Mathieu,placed on reserve/COVID-19 list
2021-09-01,Colts,,• Andrew Vollert,placed on IR with ankle injury
2021-09-01,Colts,,• Jordan Thomas (Malik),placed on IR with undisclosed injury
2021-09-01,Falcons,,• Dom Maggio,placed on IR with undisclosed injury
2021-09-01,Giants,,• Alex Bachman,placed on IR with undisclosed injury
2021-09-01,Giants,,• Austin Mack,placed on IR with hamstring injury
2021-09-01,Lions,,• Dan Skipper,placed on IR with leg injury
2021-09-01,Lions,,• Tyrell Crosby,placed on IR with undisclosed injury
2021-09-01,Panthers,,• Darius Clark,placed on IR with knee injury
2021-09-01,Patriots,,• Nick Thurman,placed on IR with undisclosed injury
2021-09-01,Raiders,,• Alex Ellis,placed on IR with undisclosed injury
2021-09-01,Raiders,,• Asmar Bilal,placed on IR with undisclosed injury
2021-09-01,Rams,,• Xavier Jones,placed on IR with ankle injury
2021-09-01,Ravens,,• Aaron Crawford,placed on IR with undisclosed injury
2021-09-01,Ravens,,• Deon Cain,placed on IR with head injury
2021-09-01,Ravens,,• Mario Ojemudia,placed on IR with undisclosed injury
2021-09-01,Ravens,,• Otaro Alaka,placed on IR with undisclosed injury
2021-09-01,Texans,,• Cornell Armstrong,placed on IR with undisclosed injury
2021-09-01,Texans,,• Tae Davis (Marquez),placed on IR with undisclosed injury
2021-09-01,Titans,,• Chandon Herring,placed on IR with undisclosed injury
2021-09-01,Titans,,• Cole Banwart,placed on reserve/COVID-19 list
2021-09-01,Vikings,,• Chad Beebe,placed on IR with foot injury
2021-09-01,Vikings,,• Dru Samia,placed on IR with hamstring injury
2021-09-01,Vikings,,• Luther Kirk,placed on IR with undisclosed injury
2021-09-01,Vikings,,• Nate Stanley,placed on IR with undisclosed injury
2021-09-01,Washington,,• Jimmy Moreland,placed on IR with undisclosed injury
2021-09-01,Bears,• Jordan Lucas,,activated from IR
2021-09-01,Jaguars,• Josh Jones (b. 1994-09-20),,activated from IR
2021-09-01,Panthers,,• Reggie Bonnafon,placed on IR with undisclosed injury
2021-09-01,Saints,• Bryce Thompson,,activated from IR
2021-09-01,Saints,• Marcus Willoughby,,activated from IR
2021-09-02,49ers,,• Davontae Harris,placed on IR with hamstring injury
2021-09-02,49ers,,• Maurice Hurst Jr.  / Maurice Hurst II (Roy),placed on IR with ankle injury
2021-09-02,Bears,,• Danny Trevathan,placed on IR with knee injury
2021-09-02,Bears,,• Teven Jenkins,placed on IR with surgery on back
2021-09-02,Bengals,,• Khalid Kareem,placed on IR with shoulder injury
2021-09-02,Bills,,• Marquez Stevenson,placed on IR with foot injury
2021-09-02,Broncos,,• Michael Ojemudia,placed on IR with hamstring injury
2021-09-02,Broncos,,• Mike Boone,placed on IR with quadriceps injury
2021-09-02,Buccaneers,,• John Molchon,placed on IR with leg injury
2021-09-02,Buccaneers,• Ryan Succop,,activated from reserve/COVID-19 list
2021-09-02,Cardinals,,• Jordan Phillips,placed on IR with undisclosed injury
2021-09-02,Cardinals,• Justin Pugh,,activated from reserve/COVID-19 list
2021-09-02,Chiefs,,• Willie Gay Jr.,placed on IR with toe injury
2021-09-02,Colts,,• Dezmon Patmon,placed on IR with foot injury
2021-09-02,Colts,,• Sam Ehlinger,placed on IR with sprained knee
2021-09-02,Colts,,• T.Y. Hilton,placed on IR with surgery on neck
2021-09-02,Colts,• Carson Wentz,,activated from reserve/COVID-19 list
2021-09-02,Colts,• Ryan Kelly,,activated from reserve/COVID-19 list
2021-09-02,Colts,• Zach Pascal,,activated from reserve/COVID-19 list
2021-09-02,Cowboys,,• Francis Bernard,placed on IR with hamstring injury
2021-09-02,Cowboys,,• Josh Ball,placed on IR with ankle injury
2021-09-02,Cowboys,,• Kelvin Joseph,placed on IR with groin injury
2021-09-02,Cowboys,,• Malik Turner,placed on IR with foot injury
2021-09-02,Cowboys,,• Neville Gallimore,placed on IR with dislocated elbow
2021-09-02,Cowboys,,• Sean McKeon,placed on IR with ankle injury
2021-09-02,Cowboys,• Carlos Watkins,,activated from reserve/COVID-19 list
2021-09-02,Cowboys,• CeeDee Lamb,,activated from reserve/COVID-19 list
2021-09-02,Cowboys,• Damontae Kazee,,activated from reserve/COVID-19 list
2021-09-02,Eagles,,• Jack Driscoll,placed on IR with strained pectoral muscle
2021-09-02,Eagles,,• Josiah Scott,placed on IR with hamstring injury
2021-09-02,Eagles,,• Tyree Jackson,placed on IR with back injury
2021-09-02,Falcons,,• Josh Andrews,placed on IR with fractured hand
2021-09-02,Giants,,• Elerson Smith,placed on IR with hamstring injury
2021-09-02,Giants,,• John Ross III,placed on IR with hamstring injury
2021-09-02,Jaguars,,• Tavon Austin,placed on IR with quadriceps injury
2021-09-02,Jets,,• Ashtyn Davis,placed on IR with undisclosed injury
2021-09-02,Jets,,• Conor McDermott,placed on IR with knee injury
2021-09-02,Jets,,• Jarrad Davis,placed on IR with ankle injury
2021-09-02,Lions,,• Da'Shawn Hand,placed on IR with groin injury
2021-09-02,Lions,,• Tim Boyle,placed on IR recovering from surgery on thumb to repair fracture
2021-09-02,Patriots,,• N'Keal Harry,placed on IR with shoulder injury
2021-09-02,Raiders,,• Jalen Richard,placed on IR with foot/leg injury
2021-09-02,Raiders,,• Javin White,placed on IR with knee injury
2021-09-02,Raiders,,• Keisean Nixon,placed on IR with leg injury
2021-09-02,Raiders,,• Nicholas Morrow,placed on IR with foot injury
2021-09-02,Rams,,• Chris Garrett,placed on reserve/COVID-19 list
2021-09-02,Rams,,• Ogbonnia Okoronkwo / Obo Okoronkwo,placed on IR with stinger in shoulder
2021-09-02,Rams,,• Tremayne Anchrum,placed on IR with ankle/knee injury
2021-09-02,Rams,• Johnny Hekker,,activated from reserve/COVID-19 list
2021-09-02,Ravens,,• Miles Boykin,placed on IR with hamstring injury
2021-09-02,Ravens,,• Rashod Bateman,placed on IR with surgery on groin
2021-09-02,Seahawks,,• Cedric Ogbuehi,placed on IR with strained biceps
2021-09-02,Steelers,,• Anthony McFarland Jr.,placed on IR with undisclosed injury
2021-09-02,Steelers,,• Stephon Tuitt,placed on IR with undisclosed injury
2021-09-02,Steelers,,• Zach Banner,placed on IR with knee injury
2021-09-02,Texans,,• A.J. Moore Jr.,placed on IR with hamstring injury
2021-09-02,Titans,,• Daniel Munyer,placed on IR with ankle injury
2021-09-02,Titans,,• Darrynton Evans,placed on IR with knee injury
2021-09-02,Titans,,• Marcus Johnson (b. 1994-08-05),placed on IR with undisclosed injury
2021-09-02,Titans,• Nick Dzubnar,,activated from reserve/COVID-19 list
2021-09-02,Vikings,,• Dan Chisena,placed on IR with undisclosed injury
2021-09-02,Vikings,,• Irv Smith Jr.,placed on IR with torn meniscus in knee
2021-09-02,Vikings,,• Kene Nwangwu,placed on IR with knee injury
2021-09-02,Washington,,• Darrick Forrest,placed on IR with hamstring injury
2021-09-02,49ers,• Mychal Kendricks,,activated from IR
2021-09-02,Buccaneers,• Troymaine Pope,,activated from IR
2021-09-02,Cardinals,• Jamell Garcia-Williams,,activated from IR
2021-09-02,Chargers,• Chris Okoye,,activated from IR
2021-09-02,Colts,• Noah Togiai,,activated from IR
2021-09-02,Giants,• Alex Bachman,,activated from IR
2021-09-02,Giants,• Cole Hikutini,,activated from IR
2021-09-02,Giants,• Montre Hartage,,activated from IR
2021-09-02,Patriots,• Marcus Martin (b. 1993-11-29),,activated from IR
2021-09-02,Titans,• Brian Hill (b. 1995-11-09),,activated from IR
2021-09-02,Washington,• Rick Leonard,,activated from IR
2021-09-03,Buccaneers,,• Cam Gill,placed on IR with undisclosed injury
2021-09-03,Buccaneers,• Nick Leverett,,activated from reserve/COVID-19 list
2021-09-03,Cardinals,• Robert Alford,,activated from reserve/COVID-19 list
2021-09-03,Chargers,• Ryan Smith (b. 1993-09-07),,activated from reserve/COVID-19 list
2021-09-03,Jets,,• Jamison Crowder,placed on reserve/COVID-19 list
2021-09-03,Titans,,• Brady Breeze,placed on IR with ankle injury
2021-09-03,Titans,• Harold Landry III,,activated from reserve/COVID-19 list
2021-09-03,Titans,• Racey McMath,,activated from reserve/COVID-19 list
2021-09-03,Texans,• Taywan Taylor,,activated from IR
2021-09-04,Buccaneers,• Earl Watford,,activated from reserve/COVID-19 list
2021-09-04,Titans,• Jeremy McNichols,,activated from reserve/COVID-19 list
2021-09-04,Titans,• Ryan Tannehill,,activated from reserve/COVID-19 list
2021-09-05,Buccaneers,,• Earl Watford,placed on IR with undisclosed injury
2021-09-06,Buccaneers,• Ndamukong Suh,,activated from reserve/COVID-19 list
2021-09-06,Colts,• Eric Fisher,,activated from reserve/COVID-19 list
2021-09-06,Cowboys,,• Brandon Knight,placed on reserve/COVID-19 list
2021-09-06,Cowboys,,• Zack Martin,placed on reserve/COVID-19 list
2021-09-06,Cowboys,• Connor Williams,,activated from reserve/COVID-19 list
2021-09-06,Dolphins,,• Adam Shaheen,placed on reserve/COVID-19 list
2021-09-06,Dolphins,,• Austin Jackson,placed on reserve/COVID-19 list
2021-09-06,Jaguars,• A.J. Cann,,activated from reserve/COVID-19 list
2021-09-06,Panthers,,• John Miller (b. 1993-08-12),placed on reserve/COVID-19 list
2021-09-06,Saints,,• Nick Vannett,placed on IR with right leg injury
2021-09-06,Saints,,• Wil Lutz,placed on IR with core muscle injury
2021-09-06,Saints,,• Will Clapp,placed on IR with undisclosed injury
2021-09-06,Texans,,• Charlie Heck,placed on reserve/COVID-19 list
2021-09-06,Titans,• Geoff Swaim,,activated from reserve/COVID-19 list
2021-09-06,Titans,• Justin March-Lillard / Justin March,,activated from reserve/COVID-19 list
2021-09-06,Titans,• Kyle Peko,,activated from IR
2021-09-07,Chargers,,• Ryan Smith (b. 1993-09-07),placed on IR with core muscle injury / placed on reserve/COVID-19 list
2021-09-07,Dolphins,,• Adam Pankey,placed on practice squad IR with undisclosed injury
2021-09-07,Seahawks,,• Colby Parkinson,placed on IR with foot injury
2021-09-07,Seahawks,,• Nigel Warrior,placed on IR with leg injury
2021-09-07,Seahawks,,• Tre Brown,placed on IR with sprained knee
2021-09-07,Steelers,,• Rico Bussey,placed on practice squad IR with undisclosed injury
2021-09-07,Titans,,• Brady Breeze,placed on reserve/COVID-19 list
2021-09-07,Dolphins,• Jaytlin Askew,,activated from IR
2021-09-07,Dolphins,• Vince Biegel,,activated from IR
2021-09-07,Giants,• Austin Mack,,activated from IR
2021-09-08,Cowboys,• Noah Brown,,activated from reserve/COVID-19 list
2021-09-08,Falcons,,• Kendall Sheffield,placed on IR with undisclosed injury
2021-09-08,Texans,,• Ka'imi Fairbairn,placed on IR with leg injury
2021-09-08,Titans,• Ben Jones (1989-07-02),,activated from reserve/COVID-19 list
2021-09-08,Titans,• Nate Davis (Matthew Eugene),,activated from reserve/COVID-19 list
2021-09-08,Bills,• Treyvon Hester,,activated from IR
2021-09-09,Falcons,• Parker Hesse,,activated from reserve/COVID-19 list
2021-09-09,Ravens,,• Justice Hill,placed on IR with Achilles injury
2021-09-09,Browns,• Greg Senat,,activated from IR
2021-09-09,Cardinals,• Darqueze Dennard,,activated from IR
2021-09-09,Eagles,• Blake Countess,,activated from IR
2021-09-09,Giants,• Ted Larsen,,activated from IR
2021-09-09,Titans,• Cole Banwart,,activated from reserve/COVID-19 list
2021-09-10,Cardinals,,• Antoine Wesley,placed on reserve/COVID-19 list
2021-09-10,Falcons,,• George Obinna,placed on practice squad IR with undisclosed injury
2021-09-10,Rams,• Coleman Shelton,,activated from reserve/COVID-19 list
2021-09-10,Ravens,,• Gus Edwards,placed on IR with torn ACL in knee
2021-09-10,Ravens,,• Marcus Peters (b. 1993-01-09),placed on IR with torn ACL in knee
2021-09-10,Ravens,,• Nick Boyle,placed on IR with knee injury
2021-09-10,Saints,,• Ken Crawley,placed on IR with hamstring injury
2021-09-10,Saints,,• Tre'Quan Smith,placed on IR with hamstring injury
2021-09-10,Washington,,• Curtis Samuel,placed on IR with groin injury
2021-09-10,49ers,• Shon Coleman,,activated from IR
2021-09-11,49ers,,• Jalen Hurd,placed on IR with knee injury
2021-09-11,Cardinals,,• Dennis Gardeck,placed on IR with knee/hand injury
2021-09-11,Chiefs,• Tyrann Mathieu,,activated from reserve/COVID-19 list
2021-09-11,Dolphins,• Austin Jackson,,activated from reserve/COVID-19 list
2021-09-11,Jets,,• Sharrod Neasman,placed on IR with hamstring injury
2021-09-11,Lions,,• Taylor Decker,placed on IR with surgery on finger
2021-09-11,Patriots,,• Malcolm Perry,placed on IR with foot injury
2021-09-11,Titans,,• Sam Ficken,placed on IR with right groin injury
2021-09-13,Buccaneers,,• Sean Murphy-Bunting / Sean Bunting,placed on IR with dislocated right elbow
2021-09-13,Buccaneers,,• Zach Triner,placed on IR with torn tendon in left hand/finger
2021-09-13,Cowboys,,• Darian Thompson,placed on practice squad IR with hamstring injury
2021-09-13,Cowboys,,• Deante Burton,placed on practice squad IR with undisclosed injury
2021-09-13,Cowboys,,• Michael Gallup,placed on IR with strained left calf
2021-09-13,Cowboys,,• Randy Gregory,placed on reserve/COVID-19 list
2021-09-13,Cowboys,• Brandon Knight,,activated from reserve/COVID-19 list
2021-09-13,Cowboys,• Zack Martin,,activated from reserve/COVID-19 list
2021-09-13,Lions,,• Jeff Okudah,placed on IR with torn Achilles tendon
2021-09-13,Panthers,,• Myles Hartsfield,placed on IR with surgery on wrist
2021-09-13,Eagles,• T.Y. McGill,,activated from reserve/COVID-19 list
2021-09-14,49ers,,• Jason Verrett,placed on IR with torn ACL in knee
2021-09-14,49ers,,• Raheem Mostert,placed on IR with chipped cartilage in knee
2021-09-14,Broncos,,• Jerry Jeudy,placed on IR with high ankle sprain
2021-09-14,Broncos,,• Ronald Darby,placed on IR with hamstring injury
2021-09-14,Dolphins,,• Raekwon Davis,placed on IR with left knee injury
2021-09-14,Eagles,,• Le'Raven Clark,placed on practice squad IR with undisclosed injury
2021-09-14,Ravens,,• Tyre Phillips,placed on IR with left knee injury
2021-09-14,Saints,,• Michael Thomas (William),placed on reserve/COVID-19 list
2021-09-14,Washington,,• Ryan Fitzpatrick,placed on IR with hip subluxation
2021-09-14,Bengals,• Donnie Lewis Jr.,,activated from IR
2021-09-14,Buccaneers,• Earl Watford,,activated from IR
2021-09-14,Cardinals,• Bruno Labelle,,activated from IR
2021-09-14,Eagles,• Obi Melifonwu,,activated from IR
2021-09-15,Bengals,,• Ricardo Allen,"placed on IR with fractured hand, hamstring injury"
2021-09-15,Chargers,,• Joe Reed,placed on practice squad IR with undisclosed injury
2021-09-15,Dolphins,• Adam Shaheen,,activated from reserve/COVID-19 list
2021-09-15,Jets,,• Blake Cashman,placed on IR with hamstring injury
2021-09-15,Jets,,• Braden Mann,placed on IR with knee injury
2021-09-15,Jets,,• Lamarcus Joyner,placed on IR with torn triceps
2021-09-15,Jets,,• Mekhi Becton,placed on IR with dislocated kneecap
2021-09-15,Raiders,,• Denzelle Good,placed on IR with torn ACL in knee
2021-09-15,Raiders,,• Gerald McCoy,placed on IR with right knee injury
2021-09-15,Seahawks,,• Ethan Pocic,placed on IR with sprained knee
2021-09-15,Texans,,• Vincent Taylor,placed on IR with surgery on ankle
2021-09-15,Titans,,• Amani Hooker,placed on IR with foot injury
2021-09-15,Jets,• Corey Ballentine,,activated from IR
2021-09-15,Panthers,• John Miller (b. 1993-08-12),,activated from reserve/COVID-19 list
2021-09-15,Panthers,,• John Miller (b. 1993-08-12),placed on exempt/COVID-19 list
2021-09-16,Cowboys,,• Demarcus Lawrence,placed on IR with fractured foot
2021-09-16,Giants,,• Shane Lemieux,placed on IR with knee injury
2021-09-16,Jets,• Jamison Crowder,,activated from reserve/COVID-19 list
2021-09-16,Panthers,• John Miller (b. 1993-08-12),,activated from exempt/COVID-19 list
2021-09-16,Texans,,• Kevin Pierre-Louis,placed on IR with hamstring/thigh injury
2021-09-16,Texans,• Charlie Heck,,activated from reserve/COVID-19 list
2021-09-16,Titans,• Brady Breeze,,activated from reserve/COVID-19 list
2021-09-17,Browns,,• Anthony Walker Jr.,placed on IR with hamstring injury
2021-09-17,Chargers,,• Bryan Bulaga,placed on IR with back injury
2021-09-17,Cowboys,,• Osirus Mitchell,placed on practice squad IR with foot injury
2021-09-17,Packers,,• Za'Darius Smith,placed on IR with back injury
2021-09-17,Ravens,,• Chris Westry,placed on IR with knee injury
2021-09-17,Saints,,• Kwon Alexander,placed on IR with elbow injury
2021-09-17,Saints,,• Marcus Davenport,placed on IR with shoulder injury
2021-09-18,49ers,,• Dre Greenlaw,placed on IR with groin injury
2021-09-18,Bears,,• Larry Borom,placed on IR with ankle injury
2021-09-18,Patriots,,• Quinn Nordin,placed on IR with abdominal injury
2021-09-18,Raiders,,• Marcus Mariota,placed on IR with quadriceps injury
2021-09-18,Saints,,• Chase Hansen,placed on IR with groin injury
2021-09-20,Bengals,,• Keaton Sutherland,placed on reserve/COVID-19 list
2021-09-20,Buccaneers,,• Kevin Minter,placed on reserve/COVID-19 list
2021-09-20,Buccaneers,,• Travis Jonsen,placed on reserve/COVID-19 list
2021-09-20,Eagles,,• Zach Ertz,placed on reserve/COVID-19 list
2021-09-20,Jaguars,,• Walker Little,placed on reserve/COVID-19 list
2021-09-20,Steelers,,• Tyson Alualu,placed on IR with fractured ankle
2021-09-21,Broncos,,• Josey Jewell,placed on IR with torn pectoral muscle
2021-09-21,Browns,,• Jarvis Landry,placed on IR with knee injury
2021-09-21,Eagles,,• Brandon Brooks,placed on IR with strained pectoral
2021-09-21,Eagles,,• Brandon Graham,placed on IR with ruptured Achilles tendon
2021-09-21,Giants,,• Nick Gates,placed on IR with fractured tibia in leg
2021-09-21,Panthers,,• Pat Elflein,placed on IR with hamstring injury
2021-09-21,Rams,• Chris Garrett,,activated from reserve/COVID-19 list
2021-09-21,Texans,,• Nico Collins,placed on IR with shoulder injury
2021-09-21,Texans,,• Tyrod Taylor,placed on IR with hamstring injury
2021-09-21,Cardinals,• Antoine Wesley,,activated from reserve/COVID-19 list
2021-09-21,Cardinals,,• Antoine Wesley,placed on exempt/COVID-19 list
2021-09-22,Broncos,,• Bradley Chubb,placed on IR with surgery on left ankle
2021-09-22,Buccaneers,,• Antonio Brown (Tavaris),placed on reserve/COVID-19 list
2021-09-22,Cowboys,,• Keanu Neal,placed on reserve/COVID-19 list
2021-09-22,Jaguars,,• James O'Shaughnessy,placed on IR with high ankle sprain
2021-09-22,Lions,,• Ifeatu Melifonwu,placed on IR with thigh injury
2021-09-22,Vikings,,• Harrison Hand,placed on reserve/COVID-19 list
2021-09-23,Cardinals,• Antoine Wesley,,activated from exempt/COVID-19 list
2021-09-23,Cowboys,• Randy Gregory,,activated from reserve/COVID-19 list
2021-09-23,Falcons,,• Caleb Huntley,placed on practice squad IR with undisclosed injury
2021-09-23,Jets,,• Ronald Blair,placed on practice squad IR with undisclosed injury
2021-09-23,Lions,,• Austin Seibert,placed on reserve/COVID-19 list
2021-09-23,Lions,,• Tyrell Williams,placed on IR with concussion
2021-09-24,Colts,,• Jordan Glasgow,placed on IR with concussion
2021-09-24,Cowboys,,• Bradlee Anae,placed on reserve/COVID-19 list
2021-09-24,Ravens,,• Brandon Williams (James),placed on reserve/COVID-19 list
2021-09-24,Ravens,,• Jaylon Ferguson,placed on reserve/COVID-19 list
2021-09-24,Ravens,,• Justin Houston,placed on reserve/COVID-19 list
2021-09-24,Ravens,,• Nnamdi Madubuike / Justin Madubuike,placed on reserve/COVID-19 list
2021-09-24,Vikings,• Harrison Hand,,activated from reserve/COVID-19 list
2021-09-25,49ers,,• JaMycal Hasty,placed on IR with high ankle sprain
2021-09-25,49ers,,• Kevin Givens,placed on IR with ankle injury
2021-09-25,Cardinals,,• Joshua Miles / Josh Miles,placed on IR with ankle injury
2021-09-25,Dolphins,,• Tua Tagovailoa,placed on IR with fractured ribs
2021-09-25,Eagles,• Zach Ertz,,activated from reserve/COVID-19 list
2021-09-25,Giants,,• Cameron Brown / Cam Brown (a),placed on IR with hamstring injury
2021-09-25,Lions,,• Kevin Strong,"placed on IR with concussion, thigh injury"
2021-09-25,Packers,,• Dominique Dafney,placed on IR with hip injury
2021-09-25,Raiders,,• Richie Incognito,placed on IR with calf injury
2021-09-25,Saints,• Michael Thomas (William),,activated from reserve/COVID-19 list
2021-09-27,Panthers,,• Jaycee Horn,placed on IR with fractured right foot
2021-09-27,Ravens,,• Daelin Hayes,placed on IR with ankle injury
2021-09-28,Broncos,,• Jonas Griffith,placed on IR with hamstring injury
2021-09-28,Broncos,,• K.J. Hamler,placed on IR with torn ACL in left knee
2021-09-28,Buccaneers,• Kevin Minter,,activated from reserve/COVID-19 list
2021-09-28,Eagles,,• Isaac Seumalo,placed on IR with Lisfranc injury in foot
2021-09-28,Eagles,,• K'Von Wallace,placed on IR with partially separated shoulder
2021-09-28,Packers,,• Tyler Lancaster,placed on reserve/COVID-19 list
2021-09-28,Panthers,,• Juston Burris,placed on IR with groin injury
2021-09-28,Rams,,• Justin Hollins,placed on IR with partially torn pectoral muscle
2021-09-28,Ravens,• Brandon Williams (James),,activated from reserve/COVID-19 list
2021-09-28,Titans,,• Derick Roberson,placed on IR with knee injury
2021-09-28,Titans,,• Rashad Weaver,placed on IR with fractured fibula in right leg
2021-09-28,Jets,• Saquan Hampton,,activated from physically unable to perform list
2021-09-29,Browns,,• Tim Harris Jr.,placed on reserve/COVID-19 list
2021-09-29,Buccaneers,,• Scotty Miller,placed on IR with turf toe
2021-09-29,Cardinals,,• Charles Washington (b. 1993-03-10),placed on IR with hamstring injury
2021-09-29,Cardinals,,• Josh Doctson,placed on reserve/COVID-19 list
2021-09-29,Colts,,• Travis Carrie / T.J. Carrie,placed on IR with undisclosed injury
2021-09-29,Giants,,• Blake Martinez,placed on IR with torn ACL in left knee
2021-09-29,Ravens,• Justin Houston,,activated from reserve/COVID-19 list
2021-09-29,Ravens,• Nnamdi Madubuike / Justin Madubuike,,activated from reserve/COVID-19 list
2021-09-29,Seahawks,,• Gerald Everett,placed on reserve/COVID-19 list
2021-09-29,Dolphins,• Adam Pankey,,activated from practice squad IR
2021-09-30,Bengals,,• Thaddeus Moss,"placed on practice squad IR with head, neck injuries"
2021-09-30,Buccaneers,• Antonio Brown (Tavaris),,activated from reserve/COVID-19 list
2021-09-30,Buccaneers,• Travis Jonsen,,activated from reserve/COVID-19 list
2021-09-30,Jaguars,• Tavon Austin,,activated from IR
2021-10-01,Bengals,• Keaton Sutherland,,activated from reserve/COVID-19 list
2021-10-01,Browns,,• Ja'Marcus Bradley,placed on practice squad IR with hamstring injury
2021-10-01,Patriots,,• James White (Calvin),placed on IR with hip injury
2021-10-01,Texans,,• Ross Blacklock,placed on reserve/COVID-19 list
2021-10-01,Texans,,• Zach Cunningham,placed on reserve/COVID-19 list
2021-10-01,Titans,,• Larrell Murchison,placed on IR with elbow injury
2021-10-01,Washington,• Curtis Samuel,,activated from IR
2021-10-02,49ers,• Maurice Hurst Jr.  / Maurice Hurst II (Roy),,activated from IR
2021-10-02,Cardinals,• Dennis Gardeck,,activated from IR
2021-10-02,Colts,,• Quenton Nelson,"placed on IR with ankle, knee injuries"
2021-10-02,Cowboys,• Malik Turner,,activated from IR
2021-10-02,Dolphins,,• Michael Deiter,"placed on IR with foot, quadriceps injuries"
2021-10-02,Eagles,• Jack Driscoll,,activated from IR
2021-10-02,Eagles,• Josiah Scott,,activated from IR
2021-10-02,Giants,• John Ross III,,activated from IR
2021-10-02,Jets,• Ashtyn Davis,,activated from IR
2021-10-02,Jets,• Sharrod Neasman,,activated from IR
2021-10-02,Packers,,• Marquez Valdes-Scantling,placed on IR with hamstring injury
2021-10-02,Patriots,• N'Keal Harry,,activated from IR
2021-10-02,Rams,• Ogbonnia Okoronkwo / Obo Okoronkwo,,activated from IR
2021-10-02,Ravens,,• Derek Wolfe,"placed on IR with back, hip injuries"
2021-10-02,Saints,• Will Clapp,,activated from IR
2021-10-02,Seahawks,,• Rashaad Penny,placed on IR with calf injury
2021-10-02,Seahawks,• Cedric Ogbuehi,,activated from IR
2021-10-02,Seahawks,• Colby Parkinson,,activated from IR
2021-10-02,Texans,• A.J. Moore Jr.,,activated from IR
2021-10-02,Texans,• Ka'imi Fairbairn,,activated from IR
2021-10-04,Chargers,,• Justin Jones (Maurice),placed on IR with calf injury
2021-10-04,Chargers,,• Kenneth Murray Jr.,placed on IR with ankle injury
2021-10-04,Jaguars,,• A.J. Cann,placed on IR with knee injury
2021-10-04,Jaguars,,• D.J. Chark,placed on IR with fractured left ankle
2021-10-04,Vikings,,• Cameron Dantzler,placed on reserve/COVID-19 list
2021-10-04,Jaguars,• Walker Little,,activated from reserve/COVID-19 list
2021-10-04,Jaguars,,• Walker Little,placed on exempt/COVID-19 list
2021-10-05,Browns,,• Nick Harris (b),placed on IR with hamstring injury
2021-10-05,Cardinals,• Josh Doctson,,activated from reserve/COVID-19 list
2021-10-05,Chiefs,,• Joshua Kaindoh,placed on IR with left ankle injury
2021-10-05,Chiefs,,• Willie Gay Jr.,placed on IR
2021-10-05,Eagles,,• Iosua Opeta / Sua Opeta,placed on reserve/COVID-19 list
2021-10-05,Falcons,,• Cameron Nizialek,placed on IR with hamstring injury
2021-10-05,Falcons,• Isaiah Oliver,,placed on IR with knee injury
2021-10-05,Jets,,• Hamsah Nasirildeen,placed on IR with undisclosed injury
2021-10-05,Lions,,• Romeo Okwara,placed on IR with torn left Achilles tendon
2021-10-05,Patriots,,• Isaiah Wynn,placed on reserve/COVID-19 list
2021-10-05,Patriots,,• Mike Onwenu,placed on reserve/COVID-19 list
2021-10-05,Redskins,,• Jonathan Bostic / Jon Bostic (b),placed on IR with pectoral injury
2021-10-05,Vikings,,• Harrison Hand,placed on reserve/COVID-19 list
2021-10-05,Washington,,• Torry McTyer,placed on IR with torn ACL in knee
2021-10-05,Eagles,• Michael Walker (b. 1996-10-29),,activated from IR
2021-10-05,Titans,• Tucker McCann,,activated from IR
2021-10-06,49ers,,• Robbie Gould,placed on IR with groin injury
2021-10-06,Cardinals,,• Darrell Daniels,placed on reserve/COVID-19 list
2021-10-06,Cowboys,• Bradlee Anae,,activated from reserve/COVID-19 list
2021-10-06,Cowboys,• Keanu Neal,,activated from reserve/COVID-19 list
2021-10-06,Dolphins,,• Will Fuller V,placed on IR with fractured finger
2021-10-06,Eagles,• Le'Raven Clark,,activated from practice squad IR
2021-10-06,Jaguars,• Walker Little,,activated from exempt/COVID-19 list
2021-10-06,Lions,,• Frank Ragnow,placed on IR with toe injury
2021-10-06,Lions,,• Frank Ragnow,placed on reserve/COVID-19 list
2021-10-06,Patriots,,• Henry Anderson (Wyatt),placed on IR with torn pectoral muscle
2021-10-06,Saints,,• Tony Jones Jr.,placed on IR with sprained right ankle
2021-10-06,Texans,• Zach Cunningham,,activated from reserve/COVID-19 list
2021-10-06,Vikings,• Dan Chisena,,activated from IR
2021-10-06,Washington,,• Logan Thomas,placed on IR with hamstring injury
2021-10-06,Lions,• Austin Seibert,,activated from reserve/COVID-19 list
2021-10-06,Lions,,• Austin Seibert,placed on exempt/COVID-19 list
2021-10-07,Buccaneers,,• Carlton Davis,placed on IR with quadriceps injury
2021-10-07,Packers,,• Chauncey Rivers,placed on IR with torn ACL in knee
2021-10-07,Seahawks,,• D'Wayne Eskridge / Dee Eskridge,placed on IR with concussion
2021-10-08,Cardinals,,• Justin Murray,placed on IR with back injury
2021-10-08,Jaguars,,• Badara Traore,placed on practice squad IR with undisclosed injury
2021-10-08,Lions,• Austin Seibert,,activated from exempt/COVID-19 list
2021-10-08,Titans,,• Aaron Brewer (Jamal),placed on IR with knee injury
2021-10-08,Titans,,• Jayon Brown,placed on IR with knee injury
2021-10-08,Titans,,• Racey McMath,placed on IR with quadriceps injury
2021-10-08,Titans,,• Tommy Hudson,placed on IR with ankle injury
2021-10-09,49ers,,• George Kittle,placed on IR with calf injury
2021-10-09,Bears,,• David Montgomery,placed on IR with sprained left knee
2021-10-09,Bears,• Danny Trevathan,,activated from IR
2021-10-09,Bengals,,• Xavier Su'a-Filo,placed on IR with knee injury
2021-10-09,Bengals,• Ricardo Allen,,activated from IR
2021-10-09,Broncos,,• Albert Okwuegbunam,placed on IR with hamstring injury
2021-10-09,Broncos,• Ronald Darby,,activated from IR
2021-10-09,Browns,• Anthony Walker Jr.,,activated from IR
2021-10-09,Buccaneers,• Cam Gill,,activated from IR
2021-10-09,Chargers,• Ryan Smith (b. 1993-09-07),,activated from IR
2021-10-09,Chiefs,• Willie Gay Jr.,,activated from IR
2021-10-09,Dolphins,• Raekwon Davis,,activated from IR
2021-10-09,Falcons,• Kendall Sheffield,,activated from IR
2021-10-09,Giants,,• Jonotthan Harrison,placed on practice squad IR with undisclosed injury
2021-10-09,Jets,• Blake Cashman,,activated from IR
2021-10-09,Packers,,• Jaire Alexander,placed on IR with shoulder injury
2021-10-09,Packers,• Tyler Lancaster,,activated from reserve/COVID-19 list
2021-10-09,Patriots,,• Trent Brown,placed on IR with right calf injury
2021-10-09,Raiders,,• Damon Arnette,placed on IR with groin injury
2021-10-09,Raiders,,• Derek Carrier,placed on IR with pectoral injury
2021-10-09,Raiders,,• Trayvon Mullen,placed on IR with toe injury
2021-10-09,Raiders,• Jalen Richard,,activated from IR
2021-10-09,Raiders,• Keisean Nixon,,activated from IR
2021-10-09,Texans,,• Marcus Cannon,placed on IR with back injury
2021-10-09,Titans,• Marcus Johnson (b. 1994-08-05),,activated from IR
2021-10-11,49ers,• Davontae Harris,,activated from IR
2021-10-11,Bengals,,• Jackson Carman,placed on reserve/COVID-19 list
2021-10-11,Bengals,,• Jordan Evans,placed on IR with torn ACL in left knee
2021-10-11,Bengals,,• Samaje Perine,placed on reserve/COVID-19 list
2021-10-11,Ravens,• Miles Boykin,,activated from IR
2021-10-11,Seahawks,• Gerald Everett,,activated from reserve/COVID-19 list
2021-10-11,Seahawks,,• Gerald Everett,placed on exempt/COVID-19 list
2021-10-12,Bengals,,• Trae Waynes,placed on IR with right hamstring injury
2021-10-12,Browns,,• Andy Janovich,placed on IR with hamstring injury
2021-10-12,Browns,,• Chris Hubbard,placed on IR with triceps injury
2021-10-12,Browns,,• M.J. Stewart,placed on IR with hamstring injury
2021-10-12,Browns,• Tim Harris Jr.,,activated from reserve/COVID-19 list
2021-10-12,Cardinals,,• Chandler Jones (James),placed on reserve/COVID-19 list
2021-10-12,Chargers,,• Oday Aboushi,placed on IR with torn ACL in left knee
2021-10-12,Chiefs,,• Clyde Edwards-Helaire,placed on IR with sprained MCL in right knee
2021-10-12,Eagles,,• Dallas Goedert,placed on reserve/COVID-19 list
2021-10-12,Jaguars,,• Brandon Linder,"placed on IR with sprained MCL in knee, ankle injury"
2021-10-12,Lions,,• Quintez Cephus,placed on IR with fractured collarbone
2021-10-12,Rams,,• Darious Williams,placed on IR with ankle injury
2021-10-12,Rams,• Tremayne Anchrum,,activated from IR
2021-10-12,Ravens,,• Ben Cleveland,placed on IR with knee injury
2021-10-12,Titans,,• Brett Kern,placed on reserve/COVID-19 list
2021-10-12,Cardinals,• Darrell Daniels,,activated from reserve/COVID-19 list
2021-10-12,Saints,• Brian Poole,,activated from IR
2021-10-12,Cardinals,,• Darrell Daniels,placed on exempt/COVID-19 list
2021-10-12,Colts,,• Ibraheim Campbell,placed on practice squad IR with undisclosed injury
2021-10-12,Panthers,,• Austen Pleasants,placed on IR
2021-10-13,Bears,,• Germain Ifedi,placed on IR with knee injury
2021-10-13,Bears,,• Jeremiah Attaochu,placed on IR with torn pectoral muscle
2021-10-13,Cardinals,,• Ezekiel Turner / Zeke Turner,placed on IR with shoulder injury
2021-10-13,Cardinals,,• Maxx Williams,placed on IR with right knee injury
2021-10-13,Cardinals,• Darrell Daniels,,activated from exempt/COVID-19 list
2021-10-13,Seahawks,• Gerald Everett,,activated from exempt/COVID-19 list
2021-10-13,Washington,,• Darryl Roberts,placed on IR with quadriceps injury
2021-10-13,Ravens,• Jaylon Ferguson,,activated from reserve/COVID-19 list
2021-10-13,Ravens,,• Jaylon Ferguson,placed on exempt/COVID-19 list
2021-10-14,Bears,,• Damien Williams,placed on reserve/COVID-19 list
2021-10-14,Giants,,• Rodarius Williams,placed on IR with torn ACL in right knee
2021-10-14,Panthers,,• Joseph Charlton,placed on IR with back injury
2021-10-14,Patriots,• Mike Onwenu,,activated from reserve/COVID-19 list
2021-10-14,Vikings,• Cameron Dantzler,,activated from reserve/COVID-19 list
2021-10-15,Bengals,• Jackson Carman,,activated from reserve/COVID-19 list
2021-10-15,Giants,,• Justin Hilliard,placed on IR with ankle injury
2021-10-15,Lions,,• Corey Ballentine,placed on IR with hamstring injury
2021-10-15,Packers,,• Malik Taylor,placed on reserve/COVID-19 list
2021-10-15,Seahawks,• Ethan Pocic,,activated from IR
2021-10-15,Seahawks,• Tre Brown,,activated from IR
2021-10-15,Washington,,• Jared Norris,placed on IR with shoulder injury
2021-10-16,Bengals,,• D'Ante Smith,placed on IR with torn meniscus in right knee
2021-10-16,Broncos,,• Mike Ford Jr.,placed on IR with knee injury
2021-10-16,Broncos,• Mike Boone,,activated from IR
2021-10-16,Cardinals,,• Rodney Hudson,"placed on IR with ribs, shoulder injuries"
2021-10-16,Cardinals,,• Zach Allen,placed on reserve/COVID-19 list
2021-10-16,Cardinals,• Jordan Phillips,,activated from IR
2021-10-16,Cardinals,• Joshua Miles / Josh Miles,,activated from IR
2021-10-16,Colts,,• Rodrigo Blankenship,placed on IR with right hip injury
2021-10-16,Colts,• T.Y. Hilton,,activated from IR
2021-10-16,Dolphins,• Tua Tagovailoa,,activated from IR
2021-10-16,Giants,• Cameron Brown / Cam Brown (a),,activated from IR
2021-10-16,Panthers,,• Christian McCaffrey,placed on IR with hamstring injury
2021-10-16,Panthers,,• Deonte Brown,placed on IR with knee injury
2021-10-16,Patriots,• Isaiah Wynn,,activated from reserve/COVID-19 list
2021-10-16,Raiders,• Marcus Mariota,,activated from IR
2021-10-16,Ravens,• Jaylon Ferguson,,activated from exempt/COVID-19 list
2021-10-16,Ravens,• Rashod Bateman,,activated from IR
2021-10-16,Ravens,• Tyre Phillips,,activated from IR
2021-10-16,Seahawks,,• Chris Carson,placed on IR with neck injury
2021-10-16,Seahawks,,• Russell Wilson,placed on IR surgery on right middle finger
2021-10-16,Steelers,,• JuJu Smith-Schuster,placed on IR with surgery on shoulder
2021-10-16,Steelers,• Zach Banner,,activated from IR
2021-10-16,Texans,,• Laremy Tunsil,placed on IR with thumb injury
2021-10-16,Texans,• Nico Collins,,activated from IR
2021-10-16,Browns,• Connor Davis,,activated from IR
2021-10-17,Cardinals,,• Corey Peters,placed on reserve/COVID-19 list
2021-10-18,Buccaneers,• John Molchon,,activated from IR
2021-10-18,Eagles,• Iosua Opeta / Sua Opeta,,activated from reserve/COVID-19 list
2021-10-18,Falcons,,• Kaleb McGary,placed on reserve/COVID-19 list
2021-10-18,Falcons,• Josh Andrews,,activated from IR
2021-10-18,Titans,,• Kristian Fulton,placed on IR with hamstring injury
2021-10-18,Titans,• Amani Hooker,,activated from IR
2021-10-18,Vikings,,• Patrick Peterson,placed on IR with right hamstring injury
2021-10-19,Bears,,• Deon Bush,placed on IR with quadriceps injury
2021-10-19,Bears,,• Robert Quinn,placed on reserve/COVID-19 list
2021-10-19,Broncos,,• Alexander Johnson / A.J. Johnson,placed on IR with torn pectoral muscle
2021-10-19,Broncos,,• Andre Mintze,placed on IR with hamstring injury
2021-10-19,Browns,,• Jeremiah Owusu-Koramoah,placed on IR with ankle injury
2021-10-19,Browns,,• Kareem Hunt,placed on IR with calf injury
2021-10-19,Browns,• Ja'Marcus Bradley,,activated from IR
2021-10-19,Colts,,• Jordan Lucas,placed on practice squad IR with undisclosed injury
2021-10-19,Colts,,• Marvell Tell III,placed on practice squad IR with undisclosed injury
2021-10-19,Colts,,• Parris Campbell,placed on IR with foot injury
2021-10-19,Colts,• Sam Ehlinger,,activated from IR
2021-10-19,Giants,,• Andrew Thomas,placed on IR with left ankle / foot injury
2021-10-19,Giants,,• C.J. Board,placed on IR with fractured left arm
2021-10-19,Panthers,,• Brandon Zylstra,placed on IR with hamstring injury
2021-10-19,Patriots,,• Chase Winovich,placed on IR with hamstring injury
2021-10-19,Rams,,• Jake Funk,placed on IR with torn hamstring
2021-10-19,Rams,,• Johnny Mundt,placed on IR with torn ACL in knee
2021-10-19,Ravens,,• Ronnie Stanley,placed on IR with ankle injury
2021-10-19,Titans,,• Caleb Farley,placed on IR with torn ACL in left knee
2021-10-19,Titans,,• Cameron Batson,placed on IR with torn ACL in right knee
2021-10-19,Titans,• Brady Breeze,,activated from IR
2021-10-19,Vikings,• Kene Nwangwu,,activated from IR
2021-10-20,Raiders,,• Roderic Teamer,placed on IR with shoulder injury
2021-10-20,Texans,• Ross Blacklock,,activated from reserve/COVID-19 list
2021-10-21,Bengals,• Samaje Perine,,activated from reserve/COVID-19 list
2021-10-21,Browns,• Jarvis Landry,,activated from IR
2021-10-21,Eagles,• Dallas Goedert,,activated from reserve/COVID-19 list
2021-10-21,Texans,,• Terrence Brooks,placed on IR with lung contusion
2021-10-21,Vikings,• Harrison Hand,,activated from reserve/COVID-19 list
2021-10-21,Vikings,,• Harrison Hand,placed on exempt/COVID-19 list
2021-10-22,Bears,,• Jimmy Graham,placed on reserve/COVID-19 list
2021-10-22,Cardinals,,• Kylie Fitts,placed on IR with concussion
2021-10-22,Falcons,,• Dante Fowler Jr.,placed on IR with knee injury
2021-10-22,Titans,• Brett Kern,,activated from reserve/COVID-19 list
2021-10-22,Buccaneers,• Brad Seaton,,activated from IR
2021-10-23,49ers,• JaMycal Hasty,,activated from IR
2021-10-23,Bears,• Damien Williams,,activated from reserve/COVID-19 list
2021-10-23,Broncos,,• Micah Kiser,placed on IR with groin injury
2021-10-23,Chiefs,,• Jody Fortson Jr. / Joe Fortson,placed on IR with Achilles injury
2021-10-23,Colts,,• Julian Blackmon,placed on IR with torn Achilles tendon
2021-10-23,Colts,• Quenton Nelson,,activated from IR
2021-10-23,Packers,,• Josh Myers,placed on IR with knee injury
2021-10-23,Patriots,,• Jonathan Jones,placed on IR with shoulder injury
2021-10-23,Raiders,,• Nick Bowers,placed on IR with neck injury
2021-10-23,Texans,• Kevin Pierre-Louis,,activated from IR
2021-10-23,Titans,• Darrynton Evans,,activated from IR
2021-10-23,Titans,• Larrell Murchison,,activated from IR
2021-10-23,Vikings,• Harrison Hand,,activated from exemptCOVID-19 list
2021-10-24,Bears,,• Caleb Johnson (b. 1998-07-28),placed on reserve/COVID-19 list
2021-10-24,Bears,,• Elijah Wilkinson,placed on reserve/COVID-19 list
2021-10-25,Cowboys,• Deante Burton,,activated from practice squad IR
2021-10-25,Falcons,• Kaleb McGary,,activated from reserve/COVID-19 list
2021-10-25,Lions,,• Logan Stenberg,placed on IR with undisclosed
2021-10-25,Packers,,• Davante Adams,placed on reserve/COVID-19 list
2021-10-25,Raiders,,• Ha Ha Clinton-Dix,placed on reserve/practice squad COVID-19 list
2021-10-25,Saints,• Kwon Alexander,,activated from IR
2021-10-25,Saints,• Marcus Davenport,,activated from IR
2021-10-25,Saints,• Tre'Quan Smith,,activated from IR
2021-10-25,Seahawks,• Rashaad Penny,,activated from IR
2021-10-25,Cardinals,• Chandler Jones (James),,activated from reserve/COVID-19 list
2021-10-25,Cardinals,• Zach Allen,,activated from reserve/COVID-19 list
2021-10-25,Cardinals,,• Chandler Jones (James),placed on exempt/COVID-19 list
2021-10-25,Cardinals,,• Zach Allen,placed on exempt/COVID-19 list
2021-10-26,Bengals,• Thaddeus Moss,,activated from practice squad IR
2021-10-26,Broncos,,• Netane Muti,placed on reserve/COVID-19 list
2021-10-26,Cowboys,,• Brent Urban,placed on IR with triceps injury
2021-10-26,Cowboys,,• Maurice Canady,placed on IR with concussion
2021-10-26,Dolphins,,• Jason McCourty,placed on IR with foot injury
2021-10-26,Dolphins,,• Malcolm Brown,placed on IR with quadriceps injury
2021-10-26,Giants,,• Jabrill Peppers,placed on IR with torn ACL in right knee
2021-10-26,Jets,,• Blake Cashman,placed on IR with groin / hamstring injury
2021-10-26,Jets,,• Jamien Sherwood,placed on IR with torn Achilles tendon
2021-10-26,Packers,,• Allen Lazard,placed on reserve/COVID-19 list
2021-10-26,Panthers,,• John Miller (b. 1993-08-12),placed on IR with ankle injury
2021-10-26,Patriots,,• Harvey Langi,placed on IR with sprained MCL in knee
2021-10-26,Packers,• Malik Taylor,,activated from reserve/COVID-19 list
2021-10-26,Packers,,• Malik Taylor,placed on exempt/COVID-19 list
2021-10-27,Cardinals,• Chandler Jones (James),,activated from exempt/COVID-19 list
2021-10-27,Cardinals,• Zach Allen,,activated from exempt/COVID-19 list
2021-10-27,Saints,,• Ken Crawley,placed on reserve/COVID-19 list
2021-10-27,Saints,,• Lil'Jordan Humphrey,placed on reserve/COVID-19 list
2021-10-27,Steelers,,• Carlos Davis (b. 1996-08-22),placed on IR with knee injury
2021-10-27,Steelers,• Anthony McFarland Jr.,,activated from IR
2021-10-27,Panthers,,• Devin Smith (b. 1992-03-03),placed on IR
2021-10-28,Bears,• Caleb Johnson (b. 1998-07-28),,activated from reserve/COVID-19 list
2021-10-28,Jets,• Ronald Blair,,activated from IR
2021-10-28,Packers,• Dominique Dafney,,activated from IR
2021-10-28,Packers,• Malik Taylor,,activated from exempt/COVID-19 list
2021-10-28,Panthers,,• Daviyon Nixon,placed on IR with knee injury
2021-10-28,Vikings,,• Ben Ellefson,"placed on IR with foot, knee injuries"
2021-10-29,Bears,,• Germain Ifedi,placed on reserve/COVID-19 list
2021-10-29,Bears,• Elijah Wilkinson,,activated from reserve/COVID-19 list
2021-10-29,Bears,• Robert Quinn,,activated from reserve/COVID-19 list
2021-10-29,Jaguars,,• Jay Tufele,placed on IR with fractured hand
2021-10-29,Panthers,,• Frank Herron,placed on practice squad IR with undisclosed injury
2021-10-29,Titans,,• Darrynton Evans,placed on IR with knee injury
2021-10-29,Cardinals,• Corey Peters,,activated from reserve/COVID-19 list
2021-10-29,Cardinals,,• Corey Peters,placed on exempt/COVID-19 list
2021-10-30,49ers,,• Jaquiski Tartt,placed on IR with knee injury
2021-10-30,49ers,,• Javon Kinlaw,placed on IR with knee injury
2021-10-30,49ers,• Kevin Givens,,activated from IR
2021-10-30,Bears,• Larry Borom,,activated from IR
2021-10-30,Bengals,• Khalid Kareem,,activated from IR
2021-10-30,Broncos,• Albert Okwuegbunam,,activated from IR
2021-10-30,Broncos,• Jerry Jeudy,,activated from IR
2021-10-30,Broncos,• Jonas Griffith,,activated from IR
2021-10-30,Chargers,• Justin Jones (Maurice),,activated from IR
2021-10-30,Colts,• Dayo Odeyingbo,,activated from reserve/non-football injury list
2021-10-30,Colts,• Jordan Glasgow,,activated from IR
2021-10-30,Cowboys,• Kelvin Joseph,,activated from IR
2021-10-30,Eagles,,• Miles Sanders,"placed on IR with ankle, foot injuries"
2021-10-30,Eagles,• K'Von Wallace,,activated from IR
2021-10-30,Jets,• Jarrad Davis,,activated from IR
2021-10-30,Lions,• Da'Shawn Hand,,activated from IR
2021-10-30,Panthers,,• Darryl Johnson Jr.,placed on IR with hamstring injury
2021-10-30,Panthers,• Stephon Gilmore,,activated from reserve/physically unable to perform list
2021-10-30,Saints,,• Andrus Peat,placed on IR with torn pectoral muscle
2021-10-30,Texans,,• Justin Britt (b. 1991-05-29),placed on IR with knee injury
2021-11-01,Colts,,• Tyquan Lewis,placed on IR with torn patellar tendon in knee
2021-11-01,Giants,,• Carter Coughlin,placed on IR with ankle injury
2021-11-01,Giants,• Aaron Robinson,,activated from reserve/physically unable to perform list
2021-11-01,Jaguars,• Badara Traore,,activated from practice squad IR
2021-11-01,Packers,,• Kylin Hill,placed on IR with torn ACL in right knee
2021-11-01,Packers,,• Robert Tonyan,placed on IR with torn ACL in left knee
2021-11-01,Packers,• Allen Lazard,,activated from reserve/COVID-19 list
2021-11-01,Raiders,• Ha Ha Clinton-Dix,,activated from practice squad IR
2021-11-01,Raiders,• Javin White,,activated from IR
2021-11-01,Ravens,,• Andre Smith (Dewayne),placed on practice squad IR with undisclosed injury
2021-11-01,Ravens,,• Malik Harrison,placed on non-football injury list with gunshot wound in left calf
2021-11-01,Titans,,• Derrick Henry,placed on IR with right foot injury
2021-11-01,Titans,• Daniel Munyer,,activated from IR
2021-11-01,Bears,• Jimmy Graham,,activated from reserve/COVID-19 list
2021-11-01,Colts,• J.J. Nelson,,activated from IR
2021-11-01,Bears,,• Jimmy Graham,placed on exempt/COVID-19 list
2021-11-02,49ers,,• Kai Nacua,placed on practice squad IR with undisclosed injury
2021-11-02,Bills,,• Jake Fromm,placed on reserve/practice squad COVID-19 list
2021-11-02,Bills,,• Tanner Gentry,placed on reserve/practice squad COVID-19 list
2021-11-02,Broncos,,• Noah Fant,placed on reserve/COVID-19 list
2021-11-02,Cardinals,• Corey Peters,,activated from reserve/COVID-19 list
2021-11-02,Cowboys,,• Jabril Cox,placed on IR with torn ACL in right knee
2021-11-02,Jets,,• LaRoy Reynolds,placed on practice squad IR with undisclosed injury
2021-11-02,Lions,• Kevin Strong,,activated from IR
2021-11-02,Lions,• Taylor Decker,,activated from IR
2021-11-02,Packers,,• Kurt Benkert,placed on reserve/practice squad COVID-19 list
2021-11-02,Rams,,• Chatarius Atwell / Tutu Atwell (b),placed on IR with surgery on shoulder
2021-11-02,Rams,,• Travin Howard,placed on IR with hamstring injury
2021-11-02,Vikings,,• Danielle Hunter,placed on IR with torn pectoral muscle
2021-11-02,Washington,,• Chase Roullier,placed on IR with fractured fibula in left leg
2021-11-02,Washington,• Darrick Forrest,,activated from IR
2021-11-03,Bears,• Jimmy Graham,,activated from exempt/COVID-19 list
2021-11-03,Broncos,,• Bryce Callahan,placed on IR with knee injury
2021-11-03,Cardinals,,• A.J. Green (Adriel Jeremiah),placed on reserve/COVID-19 list
2021-11-03,Cardinals,,• Demetrius Harris,placed on reserve/COVID-19 list
2021-11-03,Cowboys,• Sean McKeon,,activated from IR
2021-11-03,Giants,,• Saquon Barkley,placed on reserve/COVID-19 list
2021-11-03,Giants,,• Xavier McKinney,placed on reserve/COVID-19 list
2021-11-03,Packers,,• Aaron Rodgers,placed on reserve/COVID-19 list
2021-11-03,Packers,,• Isaac Yiadom,placed on reserve/COVID-19 list
2021-11-03,Panthers,• Pat Elflein,,activated from IR
2021-11-04,Bengals,• Hakeem Adeniji,,activated from reserve/non-football injury list
2021-11-04,Colts,,• Khari Willis,placed on IR with calf injury
2021-11-04,Colts,• Dezmon Patmon,,activated from IR
2021-11-04,Giants,,• Gary Brightwell,placed on reserve/COVID-19 list
2021-11-04,Jets,,• Bryce Huff,placed on IR with back injury
2021-11-04,Jets,• Hamsah Nasirildeen,,activated from IR
2021-11-04,Vikings,,• Garrett Bradbury,placed on reserve/COVID-19 list
2021-11-04,Packers,• Davante Adams,,activated from reserve/COVID-19 list
2021-11-04,Packers,,• Davante Adams,placed on exempt/COVID-19 list
2021-11-05,Browns,,• Bryan Mills,placed on reserve/practice squad COVID-19 list
2021-11-05,Dolphins,,• DeVante Parker,placed on IR with hamstring injury
2021-11-05,Giants,,• Dante Pettis,placed on IR with left shoulder injury
2021-11-05,Giants,• Xavier McKinney,,activated from reserve/COVID-19 list
2021-11-05,Packers,• Davante Adams,,activated from exempt/COVID-19 list
2021-11-05,Rams,,• Sebastian Joseph / Sebastian Joseph-Day,placed on IR with torn pectoral muscle
2021-11-05,Vikings,,• Dakota Dozier,placed on reserve/practice squad COVID-19 list
2021-11-05,Giants,• Saquon Barkley,,activated from reserve/COVID-19 list
2021-11-05,Lions,• Tyrell Williams,,activated from IR
2021-11-06,49ers,,• Dee Ford,placed on IR with back injury
2021-11-06,49ers,• George Kittle,,activated from IR
2021-11-06,49ers,• Jeff Wilson Jr.,,activated from reserve/physically unable to perform list
2021-11-06,49ers,• Robbie Gould,,activated from IR
2021-11-06,Bills,,• Jon Feliciano,placed on IR with calf injury
2021-11-06,Bills,,• Mitchell Trubisky / Mitch Trubisky,placed on reserve/COVID-19 list
2021-11-06,Broncos,• Mike Ford Jr.,,activated from IR
2021-11-06,Browns,,• Jack Conklin,placed on IR with elbow injury
2021-11-06,Browns,• Andy Janovich,,activated from IR
2021-11-06,Browns,• Nick Harris (b),,activated from IR
2021-11-06,Cardinals,,• J.J. Watt,placed on IR with shoulder injury
2021-11-06,Cardinals,,• Rashard Lawrence,placed on IR with calf injury
2021-11-06,Cardinals,• Rodney Hudson,,activated from IR
2021-11-06,Cowboys,,• Blake Jarwin,placed on IR with hip injury
2021-11-06,Cowboys,• Francis Bernard,,activated from IR
2021-11-06,Eagles,• Tyree Jackson,,activated from IR
2021-11-06,Giants,• Elerson Smith,,activated from IR
2021-11-06,Packers,• Marquez Valdes-Scantling,,activated from IR
2021-11-06,Panthers,• Christian McCaffrey,,activated from IR
2021-11-06,Panthers,• Myles Hartsfield,,activated from IR
2021-11-06,Rams,• Darious Williams,,activated from IR
2021-11-06,Saints,,• Jameis Winston,"placed on IR with torn ACL, MCL in left knee"
2021-11-06,Texans,,• Christian Kirksey,placed on IR with thumb injury
2021-11-06,Texans,• Tyrod Taylor,,activated from IR
2021-11-06,Titans,,• Khari Blasingame,placed on IR with knee injury
2021-11-06,Titans,• Aaron Brewer (Jamal),,activated from IR
2021-11-06,Titans,• Jayon Brown,,activated from IR
2021-11-07,Vikings,,• Harrison Smith (J.),placed on reserve/COVID-19 list
2021-11-08,Bears,• David Montgomery,,activated from IR
2021-11-08,Bears,• Germain Ifedi,,activated from reserve/COVID-19 list
2021-11-08,Broncos,,• Drew Lock,placed on reserve/COVID-19 list
2021-11-08,Broncos,• Duke Dawson,,activated from reserve/physically unable to perform list
2021-11-08,Browns,,• John Kelly Jr.,placed on reserve/COVID-19 list
2021-11-08,Browns,,• Lawrence Cager,placed on reserve/practice squad COVID-19 list
2021-11-08,Falcons,• Caleb Huntley,,activated from practice squad IR
2021-11-08,Lions,,• Javon McKinley,placed on practice squad IR with undisclosed injury
2021-11-08,Panthers,,• Aaron Parker,placed on practice squad IR with undisclosed injury
2021-11-08,Panthers,,• Cameron Erving,placed on IR with calf injury
2021-11-08,Panthers,,• Matt Paradis,placed on IR with torn ACL in left knee
2021-11-08,Ravens,,• DeShon Elliott,"placed on IR with torn pectoral, triceps muscles"
2021-11-08,Ravens,• Nick Boyle,,activated from IR
2021-11-08,Saints,• Chase Hansen,,activated from IR
2021-11-08,Vikings,,• Ryan Connelly,placed on reserve/COVID-19 list
2021-11-08,Vikings,,• Timon Parris,placed on reserve/practice squad COVID-19 list
2021-11-08,Falcons,• Deadrin Senat,,activated from IR
2021-11-08,Falcons,• Ryan Becker,,activated from IR
2021-11-08,Raiders,• Damon Arnette,,activated from IR
2021-11-09,Bengals,,• Akeem Davis-Gaither,placed on IR with left foot injury
2021-11-09,Bengals,,• Brandon Wilson,placed on IR with torn ACL in left knee
2021-11-09,Bengals,,• Markus Bailey,placed on reserve/COVID-19 list
2021-11-09,Bills,,• Jake Kumerow,placed on reserve/COVID-19 list
2021-11-09,Broncos,,• Graham Glasgow,placed on IR with fractured left ankle
2021-11-09,Broncos,,• Justin Strnad,placed on reserve/COVID-19 list
2021-11-09,Broncos,,• Michael Ojemudia,placed on reserve/COVID-19 list
2021-11-09,Browns,,• Demetric Felton,placed on reserve/COVID-19 list
2021-11-09,Browns,,• Nick Chubb,placed on reserve/COVID-19 list
2021-11-09,Cowboys,,• Greg Zuerlein,placed on reserve/COVID-19 list
2021-11-09,Jets,,• Denzel Mims,placed on reserve/COVID-19 list
2021-11-09,Jets,,• Marcus Maye,placed on IR with torn right Achilles tendon
2021-11-09,Jets,,• Tyler Kroft,placed on IR with chest injury / lung laceration
2021-11-09,Patriots,• Jarrett Stidham,,activated from reserve/physically unable to perform list
2021-11-09,Rams,,• Jacob Harris,"placed on IR with torn ACL, MCL in knee"
2021-11-09,Texans,,• Scottie Phillips,placed on IR with leg injury
2021-11-09,Washington,,• Saahdiq Charles,placed on reserve/COVID-19 list
2021-11-09,Broncos,• Netane Muti,,activated from reserve/COVID-19 list
2021-11-09,Falcons,• Cameron Nizialek,,activated from IR
2021-11-09,Broncos,,• Netane Muti,placed on exempt/COVID-19 list
2021-11-10,49ers,,• Mike McGlinchey,placed on IR with torn quadriceps
2021-11-10,Bengals,,• Chidobe Awuzie,placed on reserve/COVID-19 list
2021-11-10,Browns,,• Nick Harris (b),placed on reserve/COVID-19 list
2021-11-10,Dolphins,,• Greg Mancz,placed on IR with ankle injury
2021-11-10,Lions,,• Jashon Cornell,placed on reserve/non-football injury list with illness
2021-11-10,Packers,• David Bakhtiari,,activated from reserve/physically unable to perform list
2021-11-10,Raiders,,• Darius Philon,placed on IR with ankle injury
2021-11-10,Saints,• Ken Crawley,,activated from reserve/COVID-19 list
2021-11-10,Saints,• Lil'Jordan Humphrey,,activated from reserve/COVID-19 list
2021-11-10,Broncos,• Noah Fant,,activated from reserve/COVID-19 list
2021-11-10,Cardinals,• Demetrius Harris,,activated from reserve/COVID-19 list
2021-11-10,Broncos,,• Noah Fant,placed on exempt/COVID-19 list
2021-11-10,Cardinals,,• Demetrius Harris,placed on exempt/COVID-19 list
2021-11-11,Bills,,• Justin Zimmer,placed on IR with surgery on knee
2021-11-11,Bills,• Jake Fromm,,activated from practice squad IR
2021-11-11,Bills,• Tanner Gentry,,activated from reserve/practice squad COVID-19 list
2021-11-11,Broncos,• Netane Muti,,activated from exempt/COVID-19 list
2021-11-11,Broncos,• Noah Fant,,activated from exempt/COVID-19 list
2021-11-11,Cardinals,,• David Wells,placed on IR with hand injury
2021-11-11,Cardinals,• Demetrius Harris,,activated from exempt/COVID-19 list
2021-11-11,Chargers,,• Drue Tranquill,placed on reserve/COVID-19 list
2021-11-11,Cowboys,,• Randy Gregory,placed on IR with calf injury
2021-11-11,Jets,,• Jason Pinnock,placed on reserve/COVID-19 list
2021-11-11,Raiders,,• Jeff Badet,placed on practice squad IR with undisclosed injury
2021-11-11,Ravens,• Chris Westry,,activated from IR
2021-11-11,Saints,,• Payton Turner,placed on IR with shoulder injury
2021-11-11,Saints,• Nick Vannett,,activated from IR
2021-11-11,Titans,,• Aaron Brewer (Jamal),placed on IR with fractured forearm
2021-11-11,49ers,• Jalen Hurd,,activated from IR
2021-11-11,Cardinals,• A.J. Green (Adriel Jeremiah),,activated from reserve/COVID-19 list
2021-11-11,Cardinals,,• A.J. Green (Adriel Jeremiah),placed on exempt/COVID-19 list
2021-11-12,Broncos,,• Austin Schlottmann,placed on reserve/COVID-19 list
2021-11-12,Buccaneers,,• Rashard Robinson,placed on IR with hamstring injury
2021-11-12,Cardinals,,• Kyle Nelson,placed on practice squad IR with undisclosed injury
2021-11-12,Cardinals,• A.J. Green (Adriel Jeremiah),,activated from exempt/COVID-19 list
2021-11-12,Panthers,,• Sam Darnold,placed on IR with right shoulder injury
2021-11-12,Seahawks,,• Marquise Blair,placed on IR with knee injury
2021-11-12,Seahawks,• D'Wayne Eskridge / Dee Eskridge,,activated from IR
2021-11-12,Seahawks,• Russell Wilson,,activated from IR
2021-11-12,Vikings,,• Kenny Willekes,placed on reserve/COVID-19 list
2021-11-13,Bengals,• Chidobe Awuzie,,activated from reserve/COVID-19 list
2021-11-13,Broncos,,• Duke Dawson,placed on practice squad IR with undisclosed injury
2021-11-13,Broncos,,• Pita Taumoepenu,placed on reserve/practice squad COVID-19 list
2021-11-13,Broncos,• Essang Bassey,,activated from reserve/physically unable to perform list
2021-11-13,Browns,• Jeremiah Owusu-Koramoah,,activated from IR
2021-11-13,Browns,• M.J. Stewart,,activated from IR
2021-11-13,Cardinals,,• Chase Edmonds,placed on IR with high ankle sprain
2021-11-13,Chargers,,• Ryan Smith (b. 1993-09-07),placed on IR with knee injury
2021-11-13,Chargers,• Kenneth Murray Jr.,,activated from IR
2021-11-13,Chiefs,,• Mike Remmers,placed on IR with knee injury
2021-11-13,Colts,• Travis Carrie / T.J. Carrie,,activated from IR
2021-11-13,Cowboys,• Michael Gallup,,activated from IR
2021-11-13,Cowboys,• Trysten Hill,,activated from reserve/physically unable to perform list
2021-11-13,Falcons,,• Steven Means,placed on IR with knee injury
2021-11-13,Falcons,• Dante Fowler Jr.,,activated from IR
2021-11-13,Jets,,• Chuma Edoga,placed on IR with knee injury
2021-11-13,Jets,• Braden Mann,,activated from IR
2021-11-13,Jets,• Conor McDermott,,activated from IR
2021-11-13,Lions,,• Austin Seibert,placed on IR with right hip injury
2021-11-13,Packers,• Aaron Rodgers,,activated from reserve/COVID-19 list
2021-11-13,Packers,• Isaac Yiadom,,activated from reserve/COVID-19 list
2021-11-13,Panthers,• Brandon Zylstra,,activated from IR
2021-11-13,Panthers,• Juston Burris,,activated from IR
2021-11-13,Patriots,,• Jamie Collins,placed on IR with ankle injury
2021-11-13,Patriots,• Trent Brown,,activated from IR
2021-11-13,Saints,,• Chauncey Gardner-Johnson / C.J. Gardner-Johnson,placed on IR with foot injury
2021-11-13,Saints,• Ken Crawley,,activated from IR
2021-11-13,Steelers,,• Ben Roethlisberger,placed on reserve/COVID-19 list
2021-11-13,Titans,,• Dane Cruikshank,placed on IR with knee injury
2021-11-13,Titans,,• Julio Jones,placed on IR with hamstring injury
2021-11-13,Titans,• Kristian Fulton,,activated from IR
2021-11-13,Vikings,,• Michael Pierce,placed on IR with elbow injury
2021-11-13,Washington,,• Montez Sweat,placed on IR with fractured jaw
2021-11-14,Bills,,• Star Lotulelei,placed on reserve/COVID-19 list
2021-11-15,49ers,,• Mohamed Sanu,placed on IR with knee injury
2021-11-15,49ers,,• Tavon Wilson,placed on IR with foot injury
2021-11-15,Bengals,,• Mitchell Wilcox,placed on reserve/COVID-19 list
2021-11-15,Bills,• Mitchell Trubisky / Mitch Trubisky,,activated from reserve/COVID-19 list
2021-11-15,Giants,• Gary Brightwell,,activated from reserve/COVID-19 list
2021-11-15,Jaguars,,• Lorenzo Burns,placed on practice squad IR with undisclosed injury
2021-11-15,Packers,• Kurt Benkert,,activated from reserve/practice squad COVID-19 list
2021-11-15,Steelers,,• Minkah Fitzpatrick,placed on reserve/COVID-19 list
2021-11-15,Vikings,,• Jake Bargas,placed on reserve/practice squad COVID-19 list
2021-11-15,Jets,• Jason Pinnock,,activated from reserve/COVID-19 list
2021-11-15,Jets,,• Jason Pinnock,placed on exempt/COVID-19 list
2021-11-16,Chargers,,• Jerry Tillery,placed on reserve/COVID-19 list
2021-11-16,Chargers,,• Joey Bosa,placed on reserve/COVID-19 list
2021-11-16,Cowboys,• Osirus Mitchell,,activated from practice squad IR
2021-11-16,Dolphins,,• Greg Little,placed on IR with undisclosed
2021-11-16,Falcons,,• Josh Andrews,placed on reserve/COVID-19 list
2021-11-16,Jets,,• Brandin Echols,placed on IR with quadriceps/thigh injury
2021-11-16,Jets,,• Noah Dawkins,placed on practice squad IR with undisclosed injury
2021-11-16,Jets,• Jason Pinnock,,activated from exempt/COVID-19 list
2021-11-16,Packers,,• Whitney Mercilus,placed on IR with torn biceps
2021-11-16,Titans,• Derick Roberson,,activated from IR
2021-11-16,Vikings,,• Josh Metellus,placed on reserve/COVID-19 list
2021-11-16,Vikings,• Garrett Bradbury,,activated from reserve/COVID-19 list
2021-11-16,Vikings,• Timon Parris,,activated from practice squad IR
2021-11-16,Washington,,• Chase Young,placed on IR with torn ACL in right knee
2021-11-16,Washington,• Saahdiq Charles,,activated from reserve/COVID-19 list
2021-11-17,Browns,• Lawrence Cager,,activated from practice squad IR
2021-11-17,Buccaneers,,• Richard Sherman,placed on IR with calf injury
2021-11-17,Chargers,,• Christian Covington,placed on reserve/COVID-19 list
2021-11-17,Jets,• Kyle Phillips,,activated from reserve/physically unable to perform list
2021-11-17,Patriots,,• Joshua Uche / Josh Uche,placed on IR with ankle injury
2021-11-17,Patriots,• Chase Winovich,,activated from IR
2021-11-17,Raiders,,• Tyree Gillespie,placed on IR with hamstring injury
2021-11-17,Vikings,• Harrison Smith (J.),,activated from reserve/COVID-19 list
2021-11-17,Browns,• Bryan Mills,,activated from practice squad IR
2021-11-17,Patriots,• Malcolm Perry,,activated from IR
2021-11-18,49ers,,• Darrion Daniels,placed on practice squad IR with undisclosed injury
2021-11-18,Bengals,• Markus Bailey,,activated from reserve/COVID-19 list
2021-11-18,Bills,,• Spencer Brown (b. 1998-02-28),placed on reserve/COVID-19 list
2021-11-18,Bills,• Jake Kumerow,,activated from reserve/COVID-19 list
2021-11-18,Browns,• John Kelly Jr.,,activated from reserve/COVID-19 list
2021-11-18,Chiefs,,• Marcus Kemp,placed on reserve/COVID-19 list
2021-11-18,Cowboys,• Greg Zuerlein,,activated from reserve/COVID-19 list
2021-11-18,Falcons,,• Daren Bates,placed on IR with groin injury
2021-11-18,Falcons,,• Hayden Hurst,placed on IR with ankle injury
2021-11-18,Lions,• Corey Ballentine,,activated from IR
2021-11-18,Vikings,• Ryan Connelly,,activated from reserve/COVID-19 list
2021-11-19,Bears,,• Danny Trevathan,placed on IR with knee injury
2021-11-19,Bears,,• Khalil Mack,placed on IR with surgery on left foot
2021-11-19,Browns,• Demetric Felton,,activated from reserve/COVID-19 list
2021-11-19,Browns,• Nick Chubb,,activated from reserve/COVID-19 list
2021-11-19,Cowboys,,• Amari Cooper,placed on reserve/COVID-19 list
2021-11-19,Giants,,• Logan Ryan,placed on reserve/COVID-19 list
2021-11-19,Lions,• Tim Boyle,,activated from IR
2021-11-19,Vikings,• Kenny Willekes,,activated from practice squad IR
2021-11-20,49ers,• Jaquiski Tartt,,activated from IR
2021-11-20,Bears,• Deon Bush,,activated from IR
2021-11-20,Broncos,• Justin Strnad,,activated from reserve/COVID-19 list
2021-11-20,Broncos,• Michael Ojemudia,,activated from reserve/COVID-19 list
2021-11-20,Cardinals,,• Tanner Vallejo,placed on IR with knee injury
2021-11-20,Chargers,• Drue Tranquill,,activated from reserve/COVID-19 list
2021-11-20,Chargers,• Joey Bosa,,activated from reserve/COVID-19 list
2021-11-20,Chiefs,• Clyde Edwards-Helaire,,activated from IR
2021-11-20,Eagles,,• Jack Anderson (b),placed on IR with hamstring injury
2021-11-20,Eagles,• Miles Sanders,,activated from IR
2021-11-20,Panthers,,• Stantley Thomas-Oliver,placed on IR with toe injury
2021-11-20,Panthers,• John Miller (b. 1993-08-12),,activated from IR
2021-11-20,Raiders,,• Alec Ingold,placed on IR with knee injury
2021-11-20,Raiders,• Roderic Teamer,,activated from IR
2021-11-20,Ravens,,• Pernell McPhee,placed on IR with knee injury
2021-11-20,Ravens,• Ben Cleveland,,activated from IR
2021-11-20,Saints,,• Malcolm Roach,placed on IR with knee injury
2021-11-20,Saints,• Tony Jones Jr.,,activated from IR
2021-11-20,Steelers,,• Kevin Dotson,placed on IR with ankle injury
2021-11-20,Steelers,• Ben Roethlisberger,,activated from reserve/COVID-19 list
2021-11-20,Texans,,• Hardy Nickerson Jr. (William Lindsay),placed on IR with concussion
2021-11-20,Texans,• Terrence Brooks,,activated from IR
2021-11-20,Titans,,• Bud Dupree,placed on IR with abdominal injury
2021-11-20,Titans,• Tommy Hudson,,activated from IR
2021-11-20,Vikings,• Patrick Peterson,,activated from IR
2021-11-20,Broncos,• Drew Lock,,activated from reserve/COVID-19 list
2021-11-20,Broncos,,• Drew Lock,placed on exempt/COVID-19 list
2021-11-22,Broncos,,• Garett Bolles,placed on reserve/COVID-19 list
2021-11-22,Browns,• Nick Harris (b),,activated from reserve/COVID-19 list
2021-11-22,Buccaneers,• Sean Murphy-Bunting / Sean Bunting,,activated from IR
2021-11-22,Buccaneers,• Zach Triner,,activated from IR
2021-11-22,Chargers,,• Linval Joseph,placed on reserve/COVID-19 list
2021-11-22,Cowboys,,• Robert Foster,placed on reserve/practice squad COVID-19 list
2021-11-22,Cowboys,,• T.J. Vasher,placed on reserve/COVID-19 list
2021-11-22,Falcons,,• Dustin Colquitt,placed on reserve/COVID-19 list
2021-11-22,Giants,• Andrew Thomas,,activated from IR
2021-11-22,Jaguars,,• Jamal Agnew,placed on IR with hip injury
2021-11-22,Raiders,,• Jordan Brown,placed on reserve/practice squad COVID-19 list
2021-11-22,Titans,,• Joe Jones (Edwin),placed on reserve/COVID-19 list
2021-11-22,Packers,• Will Redmond,,activated from IR
2021-11-23,Bears,,• Duke Shelley,placed on IR with hamstring injury
2021-11-23,Broncos,• Drew Lock,,activated from exempt/COVID-19 list
2021-11-23,Broncos,• Pita Taumoepenu,,activated from practice squad IR
2021-11-23,Buccaneers,• Scotty Miller,,activated from IR
2021-11-23,Dolphins,,• Brennan Scarlett,placed on IR with knee injury
2021-11-23,Dolphins,,• Jamal Perry,placed on IR with knee injury
2021-11-23,Dolphins,,• Jomal Wiltz,placed on IR
2021-11-23,Jets,,• Joe Flacco,placed on reserve/COVID-19 list
2021-11-23,Jets,,• Mike White (b. 1995-03-25),placed on reserve/COVID-19 list
2021-11-23,Lions,,• Da'Shawn Hand,placed on IR with groin injury
2021-11-23,Packers,,• Elgton Jenkins,placed on IR with torn ACL in knee
2021-11-23,Saints,,• Adam Trautman,placed on IR with sprained MCL in knee
2021-11-23,Saints,,• Landon Young,placed on IR with foot injury
2021-11-23,Steelers,,• Ray-Ray McCloud,placed on reserve/COVID-19 list
2021-11-23,Titans,,• Chris Jackson (D'Wayne ),placed on IR with foot injury
2021-11-23,Titans,,• Marcus Johnson (b. 1994-08-05),placed on IR with hamstring injury
2021-11-23,Vikings,,• Dalvin Tomlinson,placed on reserve/COVID-19 list
2021-11-23,Vikings,• Dakota Dozier,,activated from practice squad IR
2021-11-24,Cowboys,,• Donovan Wilson,placed on IR with chest / shoulder injury
2021-11-24,Eagles,,• Davion Taylor,placed on IR with knee injury
2021-11-24,Jets,• LaRoy Reynolds,,activated from practice squad IR
2021-11-24,Lions,,• A.J. Parker,placed on IR with ankle injury
2021-11-24,Packers,,• Jonathan Garvin,placed on reserve/COVID-19 list
2021-11-24,Panthers,• Frank Herron,,activated from practice squad IR
2021-11-24,Rams,,• Robert Woods (Thomas),placed on IR with torn ACL in knee
2021-11-24,Titans,,• Logan Woodside,placed on reserve/COVID-19 list
2021-11-24,Broncos,• Austin Schlottmann,,activated from reserve/COVID-19 list
2021-11-24,Broncos,,• Austin Schlottmann,placed on exempt/COVID-19 list
2021-11-25,Bengals,• Mitchell Wilcox,,activated from reserve/COVID-19 list
2021-11-25,Bills,• Marquez Stevenson,,activated from IR
2021-11-25,Chargers,• Jerry Tillery,,activated from reserve/COVID-19 list
2021-11-25,Giants,,• Nate Ebner,placed on IR with ankle / knee injury
2021-11-25,Vikings,• Jake Bargas,,activated from practice squad IR
2021-11-25,Steelers,• Minkah Fitzpatrick,,activated from reserve/COVID-19 list
2021-11-25,Steelers,,• Minkah Fitzpatrick,placed on exempt/COVID-19 list
2021-11-26,Bears,,• Elijah Wilkinson,placed on reserve/COVID-19 list
2021-11-26,Broncos,• Austin Schlottmann,,activated from exempt/COVID-19 list
2021-11-26,Chargers,,• Mark Webb,placed on IR with knee injury
2021-11-26,Chargers,• Christian Covington,,activated from reserve/COVID-19 list
2021-11-26,Cowboys,,• Blake Jarwin,placed on reserve/COVID-19 list
2021-11-26,Steelers,• Minkah Fitzpatrick,,activated from exempt/COVID-19 list
2021-11-26,Titans,,• Austin Fort,placed on reserve/practice squad COVID-19 list
2021-11-26,Vikings,• Josh Metellus,,activated from reserve/COVID-19 list
2021-11-26,Vikings,,• Josh Metellus,placed on exempt/COVID-19 list
2021-11-27,49ers,• Dre Greenlaw,,activated from IR
2021-11-27,Broncos,• Bradley Chubb,,activated from IR
2021-11-27,Browns,• Jack Conklin,,activated from IR
2021-11-27,Browns,• Kareem Hunt,,activated from IR
2021-11-27,Dolphins,,• Elijah Campbell,"placed on IR with knee, toe injuries"
2021-11-27,Jaguars,• Brandon Linder,,activated from IR
2021-11-27,Jaguars,• James O'Shaughnessy,,activated from IR
2021-11-27,Jets,,• Michael Carter (b. 1999-05-07),placed on IR with high ankle sprain
2021-11-27,Ravens,,• Ar'Darius Washington,placed on IR with fractured foot
2021-11-27,Ravens,• Malik Harrison,,activated from IR
2021-11-27,Steelers,,• Eric Ebron,placed on IR with knee injury
2021-11-27,Steelers,,• J.C. Hassenauer,placed on IR with pectoral injury
2021-11-27,Texans,,• Jordan Jenkins,placed on IR with knee injury
2021-11-27,Titans,,• A.J. Brown,placed on IR with chest injury
2021-11-27,Titans,• Khari Blasingame,,activated from IR
2021-11-27,Vikings,• Josh Metellus,,activated from exempt/COVID-19 list
2021-11-28,Cowboys,,• Terence Steele,placed on reserve/COVID-19 list
2021-11-29,Browns,,• Charley Hughlett,placed on reserve/COVID-19 list
2021-11-29,Browns,,• Johnny Stanton,placed on reserve/practice squad COVID-19 list
2021-11-29,Cowboys,• Darian Thompson,,activated from practice squad IR
2021-11-29,Giants,,• Kyle Murphy (b. 1998-05-18),placed on reserve/COVID-19 list
2021-11-29,Lions,• Ifeatu Melifonwu,,activated from IR
2021-11-29,Patriots,,• J.J. Taylor,placed on reserve/COVID-19 list
2021-11-29,Patriots,• Quinn Nordin,,activated from IR
2021-11-29,Raiders,,• Trent Sieg,placed on reserve/COVID-19 list
2021-11-29,Raiders,• Jordan Brown,,activated from practice squad IR
2021-11-29,Ravens,,• Kevon Seymour,placed on reserve/COVID-19 list
2021-11-29,Seahawks,,• Jamarco Jones,placed on IR with back injury
2021-11-29,Seahawks,,• Tre Brown,placed on IR with knee injury
2021-11-29,Seahawks,• Nigel Warrior,,activated from IR
2021-11-29,Steelers,,• T.J. Watt,placed on reserve/COVID-19 list
2021-11-29,Titans,,• Kevin Byard,placed on reserve/COVID-19 list
2021-11-29,Titans,• Joe Jones (Edwin),,activated from reserve/COVID-19 list
2021-11-29,Vikings,,• Patrick Peterson,placed on reserve/COVID-19 list
2021-11-29,Washington,,• Samuel Cosmi / Sam Cosmi,placed on IR with hip injury
2021-11-29,Washington,• Logan Thomas,,activated from IR
2021-11-29,Chiefs,• Marcus Kemp,,activated from reserve/COVID-19 list
2021-11-29,Jets,• Joe Flacco,,activated from reserve/COVID-19 list
2021-11-29,Chiefs,,• Marcus Kemp,placed on exempt/COVID-19 list
2021-11-29,Jets,,• Joe Flacco,placed on exempt/COVID-19 list
2021-11-30,49ers,,• Devin Funchess,placed on practice squad IR with undisclosed injury
2021-11-30,49ers,• Kai Nacua,,activated from practice squad IR
2021-11-30,Bills,,• Tommy Doyle,placed on reserve/COVID-19 list
2021-11-30,Bills,,• Tre'Davious White,placed on IR with torn ACL in left knee
2021-11-30,Bills,• Spencer Brown (b. 1998-02-28),,activated from reserve/COVID-19 list
2021-11-30,Bills,• Star Lotulelei,,activated from reserve/COVID-19 list
2021-11-30,Browns,,• Jack Conklin,placed on IR with torn patellar tendon in right knee
2021-11-30,Cardinals,,• Jonathan Ward,placed on reserve/COVID-19 list
2021-11-30,Chiefs,,• Jerick McKinnon,placed on IR with hamstring injury
2021-11-30,Chiefs,,• Khalen Saunders,placed on IR with knee injury
2021-11-30,Chiefs,• Kyle Long,,activated from reserve/physically unable to perform list
2021-11-30,Cowboys,,• Nahshon Wright,placed on reserve/COVID-19 list
2021-11-30,Eagles,,• Jack Driscoll,placed on IR with high ankle sprain
2021-11-30,Falcons,• Josh Andrews,,activated from reserve/COVID-19 list
2021-11-30,Giants,,• Darnay Holmes,placed on IR with ribs injury
2021-11-30,Giants,• Logan Ryan,,activated from reserve/COVID-19 list
2021-11-30,Jaguars,,• Dan Arnold,placed on IR with sprained MCL in right knee
2021-11-30,Jets,,• Keelan Cole,placed on reserve/COVID-19 list
2021-11-30,Jets,• Joe Flacco,,activated from exempt/COVID-19 list
2021-11-30,Packers,,• De'Vondre Campbell,placed on reserve/COVID-19 list
2021-11-30,Panthers,,• Christian McCaffrey,placed on IR with ankle injury
2021-11-30,Panthers,,• Donte Jackson,placed on IR with groin injury
2021-11-30,Panthers,• Deonte Brown,,activated from IR
2021-11-30,Titans,,• Monty Rice,placed on IR with ankle injury
2021-11-30,Washington,,• Joey Slye,placed on IR with hamstring injury
2021-11-30,Lions,• Da'Shawn Hand,,activated from IR
2021-12-01,Broncos,,• Brett Jones,placed on reserve/COVID-19 list
2021-12-01,Buccaneers,,• Aaron Stinnie,placed on IR with knee injury
2021-12-01,Chiefs,• Marcus Kemp,,activated from exempt/COVID-19 list
2021-12-01,Cowboys,• Amari Cooper,,activated from reserve/COVID-19 list
2021-12-01,Patriots,,• Kyle Dugger,placed on reserve/COVID-19 list
2021-12-01,Ravens,,• Jake Verity,placed on practice squad IR with undisclosed injury
2021-12-01,Steelers,,• Joe Haeg,placed on reserve/COVID-19 list
2021-12-01,Vikings,,• Olabisi Johnson,placed on reserve/COVID-19 list
2021-12-01,Jets,• Denzel Mims,,activated from reserve/COVID-19 list
2021-12-01,Steelers,• Ray-Ray McCloud,,activated from reserve/COVID-19 list
2021-12-01,Jets,,• Denzel Mims,placed on exempt/COVID-19 list
2021-12-01,Steelers,,• Ray-Ray McCloud,placed on exempt/COVID-19 list
2021-12-02,49ers,,• Doug Middleton,placed on practice squad IR with undisclosed injury
2021-12-02,Broncos,,• Calvin Anderson,"placed on IR with ankle, knee injuries"
2021-12-02,Cowboys,• Demarcus Lawrence,,activated from IR
2021-12-02,Saints,,• Tanoh Kpassagnon,placed on IR with ankle injury
2021-12-02,Steelers,,• Robert Spillane,placed on reserve/COVID-19 list
2021-12-02,Steelers,• Ray-Ray McCloud,,activated from exempt/COVID-19 list
2021-12-02,Washington,,• Benjamin St-Juste,placed on IR with concussion
2021-12-02,Washington,• Darryl Roberts,,activated from IR
2021-12-02,Broncos,• Garett Bolles,,activated from reserve/COVID-19 list
2021-12-02,Vikings,• Dalvin Tomlinson,,activated from reserve/COVID-19 list
2021-12-02,Broncos,,• Garett Bolles,placed on exempt/COVID-19 list
2021-12-02,Vikings,,• Dalvin Tomlinson,placed on exempt/COVID-19 list
2021-12-03,Broncos,• Garett Bolles,,activated from exempt/COVID-19 list
2021-12-03,Buccaneers,• Carlton Davis,,activated from IR
2021-12-03,Giants,,• Kaden Smith,placed on IR with knee injury
2021-12-03,Giants,,• Trent Harris,placed on IR with ankle injury
2021-12-03,Vikings,• Dalvin Tomlinson,,activated from exempt/COVID-19 list
2021-12-04,49ers,,• Trey Sermon,placed on IR with ankle injury
2021-12-04,Bears,• Teven Jenkins,,activated from IR
2021-12-04,Bengals,,• Auden Tate,placed on IR with right calf injury
2021-12-04,Cardinals,,• James Wiggins,placed on IR with knee injury
2021-12-04,Colts,,• Ryan Kelly,placed on reserve/COVID-19 list
2021-12-04,Colts,• Khari Willis,,activated from IR
2021-12-04,Dolphins,• DeVante Parker,,activated from IR
2021-12-04,Dolphins,• Michael Deiter,,activated from IR
2021-12-04,Falcons,• Steven Means,,activated from IR
2021-12-04,Jaguars,• Jay Tufele,,activated from IR
2021-12-04,Jets,• Denzel Mims,,activated from exempt/COVID-19 list
2021-12-04,Lions,,• Trey Flowers,placed on IR with knee injury
2021-12-04,Packers,• Jonathan Garvin,,activated from reserve/COVID-19 list
2021-12-04,Panthers,,• Frankie Luvu,placed on reserve/COVID-19 list
2021-12-04,Rams,,• Greg Howell / Buddy Howell,placed on IR with thigh injury
2021-12-04,Steelers,• Carlos Davis (b. 1996-08-22),,activated from IR
2021-12-04,Steelers,• T.J. Watt,,activated from reserve/COVID-19 list
2021-12-04,Texans,,• Danny Amendola,placed on IR with knee injury
2021-12-04,Texans,,• DeMarcus Walker,placed on IR with hamstring injury
2021-12-04,Texans,• Christian Kirksey,,activated from IR
2021-12-04,Texans,• Justin Britt (b. 1991-05-29),,activated from IR
2021-12-04,Titans,• Logan Woodside,,activated from reserve/COVID-19 list
2021-12-04,Vikings,• Michael Pierce,,activated from IR
2021-12-05,Raiders,,• Jalen Richard,placed on reserve/COVID-19 list
2021-12-06,Bills,,• A.J. Klein,placed on reserve/COVID-19 list
2021-12-06,Browns,,• Stephen Carlson,placed on reserve/COVID-19 list
2021-12-06,Buccaneers,,• Zach Triner,placed on reserve/COVID-19 list
2021-12-06,Chargers,,• Keenan Allen,placed on reserve/COVID-19 list
2021-12-06,Giants,,• Wes Martin,placed on reserve/COVID-19 list
2021-12-06,Jets,,• Blake Cashman,placed on reserve/COVID-19 list
2021-12-06,Lions,,• Evan Brown,placed on reserve/COVID-19 list
2021-12-06,Packers,,• Jordan Love,placed on reserve/COVID-19 list
2021-12-06,Panthers,,• Trenton Scott / Trent Scott,placed on reserve/COVID-19 list
2021-12-06,Patriots,• Jamie Collins,,activated from IR
2021-12-06,Saints,,• Cameron Jordan,placed on reserve/COVID-19 list
2021-12-06,Saints,• Malcolm Roach,,activated from IR
2021-12-06,Titans,• Austin Fort,,activated from practice squad IR
2021-12-06,Falcons,• Dustin Colquitt,,activated from reserve/COVID-19 list
2021-12-06,Steelers,• Robert Spillane,,activated from reserve/COVID-19 list
2021-12-06,Steelers,,• Robert Spillane,placed on exempt/COVID-19 list
2021-12-07,Bills,• Tommy Doyle,,activated from reserve/COVID-19 list
2021-12-07,Browns,,• David Njoku,placed on reserve/COVID-19 list
2021-12-07,Browns,• Charley Hughlett,,activated from reserve/COVID-19 list
2021-12-07,Browns,• Johnny Stanton,,activated from practice squad IR
2021-12-07,Cowboys,• Blake Jarwin,,activated from reserve/COVID-19 list
2021-12-07,Cowboys,• Robert Foster,,activated from practice squad IR
2021-12-07,Cowboys,• T.J. Vasher,,activated from reserve/COVID-19 list
2021-12-07,Cowboys,• Terence Steele,,activated from reserve/COVID-19 list
2021-12-07,Giants,,• Ka'Dar Hollman,placed on practice squad IR with undisclosed injury
2021-12-07,Jets,,• Corey Davis (Damon),placed on IR with core muscle injury (surgery)
2021-12-07,Panthers,• Darryl Johnson Jr.,,activated from IR
2021-12-07,Steelers,• Robert Spillane,,activated from exempt/COVID-19 list
2021-12-07,Titans,• Kevin Byard,,activated from reserve/COVID-19 list
2021-12-07,Washington,,• Khaleke Hudson,placed on IR with ankle injury
2021-12-07,Broncos,• LeVante Bellamy,,activated from IR
2021-12-07,Vikings,• Patrick Peterson,,activated from reserve/COVID-19 list
2021-12-07,Vikings,,• Patrick Peterson,placed on exempt/COVID-19 list
2021-12-08,Chargers,,• Chris Harris Jr.,placed on reserve/COVID-19 list
2021-12-08,Chargers,,• Mike Williams (K.),placed on reserve/COVID-19 list
2021-12-08,Dolphins,,• Patrick Laird,placed on IR with sprained MCL in knee
2021-12-08,Jaguars,• Lorenzo Burns,,activated from practice squad IR
2021-12-08,Raiders,,• Kenyan Drake,placed on IR with surgery on right ankle to repair fracture
2021-12-08,Raiders,,• Nick Kwiatkoski,placed on IR with ankle injury
2021-12-08,Ravens,,• Marlon Humphrey,placed on IR with torn pectoral muscle
2021-12-08,Ravens,• Kevon Seymour,,activated from reserve/COVID-19 list
2021-12-08,Saints,,• Mark Ingram II / Mark Ingram Jr.,placed on reserve/COVID-19 list
2021-12-08,Titans,,• Jamal Carter,placed on practice squad IR with undisclosed injury
2021-12-08,Vikings,• Patrick Peterson,,activated from exempt/COVID-19 list
2021-12-08,Washington,,• Logan Thomas,placed on IR with knee injury
2021-12-08,Washington,,• Montez Sweat,placed on reserve/COVID-19 list
2021-12-08,Chargers,• Linval Joseph,,activated from reserve/COVID-19 list
2021-12-08,Chargers,,• Linval Joseph,placed on exempt/COVID-19 list
2021-12-09,Browns,,• Anthony Walker Jr.,placed on reserve/COVID-19 list
2021-12-09,Browns,,• Jamie Gillan,placed on reserve/COVID-19 list
2021-12-09,Chargers,,• Scott Quessenberry,placed on reserve/COVID-19 list
2021-12-09,Cowboys,,• Noah Brown,placed on IR with groin injury
2021-12-09,Lions,,• Bobby Price,placed on reserve/COVID-19 list
2021-12-09,Raiders,• Trent Sieg,,activated from reserve/COVID-19 list
2021-12-09,Saints,,• Ty Montgomery,placed on reserve/COVID-19 list
2021-12-09,Cardinals,• Jonathan Ward,,activated from reserve/COVID-19 list
2021-12-09,Jets,• Keelan Cole,,activated from reserve/COVID-19 list
2021-12-09,Cardinals,,• Jonathan Ward,placed on exempt/COVID-19 list
2021-12-09,Jets,,• Keelan Cole,placed on exempt/COVID-19 list
2021-12-10,Bears,,• Cassius Marsh,placed on IR with knee injury
2021-12-10,Broncos,,• Mike Boone,placed on reserve/COVID-19 list
2021-12-10,Broncos,,• P.J. Locke,placed on reserve/COVID-19 list
2021-12-10,Buccaneers,• Richard Sherman,,activated from IR
2021-12-10,Buccaneers,• Zach Triner,,activated from reserve/COVID-19 list
2021-12-10,Cardinals,• Jonathan Ward,,activated from exempt/COVID-19 list
2021-12-10,Chargers,• Linval Joseph,,activated from exempt/COVID-19 list
2021-12-10,Chiefs,,• Jody Fortson Jr. / Joe Fortson,placed on reserve/COVID-19 list
2021-12-10,Dolphins,,• Myles Gaskin,placed on reserve/COVID-19 list
2021-12-10,Jets,,• Jeff Smith (Alan),placed on reserve/COVID-19 list
2021-12-10,Jets,• Keelan Cole,,activated from exempt/COVID-19 list
2021-12-10,Lions,,• Jamaal Williams,placed on reserve/COVID-19 list
2021-12-10,Lions,,• Tracy Walker III / Trey Walker,placed on reserve/COVID-19 list
2021-12-10,Washington,,• Khaleke Hudson,placed on reserve/COVID-19 list
2021-12-10,Packers,• De'Vondre Campbell,,activated from reserve/COVID-19 list
2021-12-10,Packers,,• De'Vondre Campbell,placed on exempt/COVID-19 list
2021-12-11,49ers,,• Emmanuel Moseley,placed on IR with high ankle sprain
2021-12-11,49ers,,• Trenton Cannon,placed on IR with concussion
2021-12-11,Bills,• Jon Feliciano,,activated from IR
2021-12-11,Broncos,,• Malik Reed,placed on reserve/COVID-19 list
2021-12-11,Broncos,• Bryce Callahan,,activated from IR
2021-12-11,Broncos,• Micah Kiser,,activated from IR
2021-12-11,Broncos,• Michael Ojemudia,,activated from IR
2021-12-11,Browns,• Jacob Phillips,,activated from IR
2021-12-11,Chargers,,• Kyler Fackrell,placed on IR with knee injury
2021-12-11,Chargers,• Chris Harris Jr.,,activated from reserve/COVID-19 list
2021-12-11,Chargers,• Mike Williams (K.),,activated from reserve/COVID-19 list
2021-12-11,Chiefs,,• Chris Lammons,placed on IR with ankle injury
2021-12-11,Cowboys,• Neville Gallimore,,activated from IR
2021-12-11,Cowboys,• Randy Gregory,,activated from IR
2021-12-11,Dolphins,,• Salvon Ahmed,placed on reserve/COVID-19 list
2021-12-11,Falcons,• Hayden Hurst,,activated from IR
2021-12-11,Jets,,• Elijah Moore,placed on IR with quadriceps injury
2021-12-11,Jets,• Brandin Echols,,activated from IR
2021-12-11,Lions,,• Ifeatu Melifonwu,placed on reserve/COVID-19 list
2021-12-11,Lions,,• Mark Gilbert,placed on reserve/COVID-19 list
2021-12-11,Lions,,• Tavante Beckett,placed on reserve/practice squad COVID-19 list
2021-12-11,Packers,,• Randall Cobb,placed on IR with core injury
2021-12-11,Packers,• De'Vondre Campbell,,activated from exempt/COVID-19 list
2021-12-11,Panthers,• Cameron Erving,,activated from IR
2021-12-11,Panthers,• Frankie Luvu,,activated from reserve/COVID-19 list
2021-12-11,Raiders,• Darius Philon,,activated from IR
2021-12-11,Raiders,• Trayvon Mullen,,activated from IR
2021-12-11,Rams,,• Darrell Henderson,placed on reserve/COVID-19 list
2021-12-11,Rams,,• Robert Rochell,placed on IR with chest injury
2021-12-11,Saints,• Chauncey Gardner-Johnson / C.J. Gardner-Johnson,,activated from IR
2021-12-11,Seahawks,,• Jamal Adams,placed on IR with shoulder injury
2021-12-11,Texans,,• Jaylen Samuels (b. 1996-07-20),placed on reserve/practice squad COVID-19 list
2021-12-11,Titans,,• Tommy Hudson,placed on IR with ankle injury
2021-12-11,Titans,• Dane Cruikshank,,activated from IR
2021-12-11,Titans,• Julio Jones,,activated from IR
2021-12-11,Titans,• Racey McMath,,activated from IR
2021-12-11,Washington,,• Darryl Roberts,placed on reserve/COVID-19 list
2021-12-11,Washington,,• James Smith-Williams,placed on reserve/COVID-19 list
2021-12-11,Washington,,• Wes Schweitzer,placed on IR with ankle injury
2021-12-12,Rams,,• Donte' Deayon / Dont'e Deayon / Donte Deayon,placed on reserve/COVID-19 list
2021-12-12,Rams,,• Rob Havenstein,placed on reserve/COVID-19 list
2021-12-12,Texans,,• David Johnson (Jerome),placed on reserve/COVID-19 list
2021-12-12,Washington,,• Casey Toohill,placed on reserve/COVID-19 list
2021-12-13,Bears,,• Mario Edwards Jr.,placed on reserve/COVID-19 list
2021-12-13,Bengals,,• Clay Johnston,placed on reserve/COVID-19 list
2021-12-13,Bills,,• Tyrel Dodson,placed on reserve/COVID-19 list
2021-12-13,Broncos,,• Seth Williams (b. 2000-04-10),placed on reserve/practice squad COVID-19 list
2021-12-13,Broncos,• Brett Jones,,activated from reserve/COVID-19 list
2021-12-13,Cardinals,• Rashard Lawrence,,activated from IR
2021-12-13,Chargers,,• Rashawn Slater,placed on reserve/COVID-19 list
2021-12-13,Chiefs,,• Josh Gordon,placed on reserve/COVID-19 list
2021-12-13,Colts,,• Zaire Franklin,placed on reserve/COVID-19 list
2021-12-13,Cowboys,,• Cedrick Wilson Jr. / Ced Wilson,placed on reserve/COVID-19 list
2021-12-13,Cowboys,• Nahshon Wright,,activated from reserve/COVID-19 list
2021-12-13,Dolphins,,• Jevon Holland,placed on reserve/COVID-19 list
2021-12-13,Dolphins,,• Phillip Lindsay,placed on reserve/COVID-19 list
2021-12-13,Eagles,,• Jason Huntley,placed on reserve/practice squad COVID-19 list
2021-12-13,Eagles,,• Quez Watkins,placed on reserve/COVID-19 list
2021-12-13,Falcons,,• Cornell Armstrong,placed on reserve/practice squad COVID-19 list
2021-12-13,Falcons,,• Emmanuel Ellerbee,placed on reserve/COVID-19 list
2021-12-13,Falcons,,• Quinton Bell,placed on reserve/practice squad COVID-19 list
2021-12-13,Giants,,• Kadarius Toney,placed on reserve/COVID-19 list
2021-12-13,Giants,• Kyle Murphy (b. 1998-05-18),,activated from reserve/COVID-19 list
2021-12-13,Jets,,• Justin Hardee,placed on reserve/COVID-19 list
2021-12-13,Lions,,• Jerry Jacobs (b. 1997-09-26),placed on IR with torn ACL in left knee
2021-12-13,Patriots,,• Dalton Keene (b. 1999-04-14),placed on reserve/COVID-19 list
2021-12-13,Rams,,• Jalen Ramsey,placed on reserve/COVID-19 list
2021-12-13,Rams,,• Tyler Higbee,placed on reserve/COVID-19 list
2021-12-13,Rams,• Justin Hollins,,activated from IR
2021-12-13,Ravens,,• Binjimen Victor / Ben Victor,placed on reserve/practice squad COVID-19 list
2021-12-13,Steelers,,• Linden Stephens,placed on reserve/practice squad COVID-19 list
2021-12-13,Texans,,• Kamu Grugier-Hill,placed on reserve/COVID-19 list
2021-12-13,Texans,• David Johnson (Jerome),,activated from reserve/COVID-19 list
2021-12-13,Titans,,• Jamal Carter,placed on reserve/practice squad COVID-19 list
2021-12-13,Titans,• Aaron Brewer (Jamal),,activated from IR
2021-12-13,Vikings,,• Alexander Mattison,placed on reserve/COVID-19 list
2021-12-13,Vikings,,• Dan Chisena,placed on reserve/COVID-19 list
2021-12-13,Vikings,,• Kyle Hinton,placed on reserve/practice squad COVID-19 list
2021-12-13,Vikings,,• Ryan Connelly,placed on IR with knee injury
2021-12-13,Vikings,• Olabisi Johnson,,activated from reserve/COVID-19 list
2021-12-13,Washington,,• David Mayo,placed on reserve/COVID-19 list
2021-12-13,Washington,,• Jonathan Allen,placed on reserve/COVID-19 list
2021-12-13,Washington,,• Temarrick Hemingway,placed on reserve/practice squad COVID-19 list
2021-12-13,Steelers,• Joe Haeg,,activated from reserve/COVID-19 list
2021-12-13,Lions,,• Corey Ballentine,placed on reserve/practice squad COVID-19 list
2021-12-13,Steelers,,• Joe Haeg,placed on exempt/COVID-19 list
2021-12-13,Washington,,• William Bradley-King / Will Bradley-King,placed on reserve/practice squad COVID-19 list
2021-12-14,Bears,,• Artie Burns,placed on reserve/COVID-19 list
2021-12-14,Bears,,• Eddie Goldman,placed on reserve/COVID-19 list
2021-12-14,Bears,,• Sam Kamara,placed on reserve/practice squad COVID-19 list
2021-12-14,Bengals,,• Darius Phillips,placed on IR with left shoulder injury
2021-12-14,Browns,,• Austin Hooper,placed on reserve/COVID-19 list
2021-12-14,Browns,,• Bruce Natson / JoJo Natson Jr.,placed on reserve/practice squad COVID-19 list
2021-12-14,Browns,,• Drew Forbes,placed on reserve/COVID-19 list
2021-12-14,Browns,,• Jarvis Landry,placed on reserve/COVID-19 list
2021-12-14,Browns,,• Jedrick Wills Jr.,placed on reserve/COVID-19 list
2021-12-14,Browns,,• Ross Travis,placed on reserve/practice squad COVID-19 list
2021-12-14,Browns,,• Takkarist McKinley / Takk McKinley,placed on reserve/COVID-19 list
2021-12-14,Browns,,• Wyatt Teller,placed on reserve/COVID-19 list
2021-12-14,Buccaneers,,• Giovani Bernard,"placed on IR with hip, knee injuries"
2021-12-14,Chargers,• Keenan Allen,,activated from reserve/COVID-19 list
2021-12-14,Chiefs,,• Chris Jones (Deshun),placed on reserve/COVID-19 list
2021-12-14,Colts,• Ryan Kelly,,activated from reserve/COVID-19 list
2021-12-14,Lions,,• Nickell Robey-Coleman,placed on reserve/practice squad COVID-19 list
2021-12-14,Panthers,,• Christian McCaffrey,placed on reserve/COVID-19 list
2021-12-14,Panthers,• Trenton Scott / Trent Scott,,activated from reserve/COVID-19 list
2021-12-14,Patriots,,• Alex Redmond,placed on practice squad IR with undisclosed injury
2021-12-14,Patriots,• Joshuah Bledsoe,,activated from reserve/non-football injury list
2021-12-14,Patriots,• Kyle Dugger,,activated from reserve/COVID-19 list
2021-12-14,Raiders,• Jalen Richard,,activated from reserve/COVID-19 list
2021-12-14,Rams,,• Alaric Jackson / A.J. Jackson,placed on reserve/COVID-19 list
2021-12-14,Rams,,• Brycen Hopkins,placed on reserve/COVID-19 list
2021-12-14,Rams,,• Jonah Williams (b. 1995-08-17),placed on reserve/practice squad COVID-19 list
2021-12-14,Rams,,• JuJu Hughes,placed on reserve/COVID-19 list
2021-12-14,Rams,,• Odell Beckham Jr.,placed on reserve/COVID-19 list
2021-12-14,Rams,,• Sebastian Joseph / Sebastian Joseph-Day,placed on reserve/COVID-19 list
2021-12-14,Rams,,• Terrell Burgess,placed on reserve/COVID-19 list
2021-12-14,Rams,• Tyler Higbee,,activated from reserve/COVID-19 list
2021-12-14,Ravens,,• Trystan Colon-Castillo,placed on reserve/COVID-19 list
2021-12-14,Titans,,• Dez Fitzpatrick,placed on reserve/COVID-19 list
2021-12-14,Vikings,,• Asim Rose Jr. / A.J. Rose Jr.,placed on reserve/practice squad COVID-19 list
2021-12-14,Vikings,,• Danielle Hunter,placed on reserve/COVID-19 list
2021-12-14,Vikings,,• Dede Westbrook,placed on reserve/COVID-19 list
2021-12-14,Vikings,,• Trishton Jackson,placed on reserve/practice squad COVID-19 list
2021-12-14,Washington,,• Kendall Fuller,placed on reserve/COVID-19 list
2021-12-14,Washington,,• Tim Settle,placed on reserve/COVID-19 list
2021-12-14,Washington,• Darryl Roberts,,activated from reserve/COVID-19 list
2021-12-15,Bears,,• Larry Borom,placed on reserve/COVID-19 list
2021-12-15,Bills,• A.J. Klein,,activated from reserve/COVID-19 list
2021-12-15,Browns,,• Baker Mayfield,placed on reserve/COVID-19 list
2021-12-15,Browns,,• Ifeadi Odenigbo,placed on reserve/COVID-19 list
2021-12-15,Browns,,• John Johnson III,placed on reserve/COVID-19 list
2021-12-15,Browns,,• Malik McDowell,placed on reserve/COVID-19 list
2021-12-15,Browns,,• Nathan Meadors / Nate Meadors,placed on reserve/practice squad COVID-19 list
2021-12-15,Browns,,• Troy Hill (b. 1991-08-29),placed on reserve/COVID-19 list
2021-12-15,Chiefs,,• Willie Gay Jr.,placed on reserve/COVID-19 list
2021-12-15,Giants,,• Aaron Robinson,placed on reserve/COVID-19 list
2021-12-15,Giants,,• Cameron Brown / Cam Brown (a),placed on reserve/COVID-19 list
2021-12-15,Giants,,• John Ross III,placed on reserve/COVID-19 list
2021-12-15,Giants,,• Oshane Ximines,placed on reserve/COVID-19 list
2021-12-15,Giants,,• Xavier McKinney,placed on reserve/COVID-19 list
2021-12-15,Lions,• Evan Brown,,activated from reserve/COVID-19 list
2021-12-15,Lions,• Javon McKinley,,activated from practice squad IR
2021-12-15,Patriots,,• Yasir Durant,placed on reserve/COVID-19 list
2021-12-15,Rams,,• Jared Pinkney,placed on reserve/practice squad COVID-19 list
2021-12-15,Rams,,• Johnny Mundt,placed on reserve/COVID-19 list
2021-12-15,Rams,,• Jordan Fuller,placed on reserve/COVID-19 list
2021-12-15,Rams,,• Justin Hollins,placed on reserve/COVID-19 list
2021-12-15,Rams,,• Tyler Hall,placed on reserve/practice squad COVID-19 list
2021-12-15,Saints,• Ty Montgomery,,activated from reserve/COVID-19 list
2021-12-15,Seahawks,,• Gavin Heslop,"placed on IR with fractured tibia, fibula in left leg"
2021-12-15,Steelers,,• B.J. Finney,placed on IR with back injury
2021-12-15,Steelers,,• Montravius Adams,placed on reserve/COVID-19 list
2021-12-15,Steelers,• Joe Haeg,,activated from exempt/COVID-19 list
2021-12-15,Texans,,• A.J. Moore Jr.,placed on reserve/COVID-19 list
2021-12-15,Texans,,• Christian Kirksey,placed on reserve/COVID-19 list
2021-12-15,Texans,,• Davion Davis,placed on IR with fractured left leg
2021-12-15,Texans,,• DeMarcus Walker,placed on reserve/COVID-19 list
2021-12-15,Washington,,• Cam Sims,placed on reserve/COVID-19 list
2021-12-15,Washington,,• Camilo Eifler / Milo Eifler,placed on reserve/COVID-19 list
2021-12-15,Washington,,• Cornelius Lucas,placed on reserve/COVID-19 list
2021-12-15,Washington,,• Darrick Forrest,placed on reserve/COVID-19 list
2021-12-15,Washington,,• Kyle Allen,placed on reserve/COVID-19 list
2021-12-15,Washington,,• Matthew Ioannidis / Matt Ioannidis,placed on reserve/COVID-19 list
2021-12-15,Washington,,• Sammis Reyes / Sammie Reyes,placed on reserve/COVID-19 list
2021-12-15,Washington,,• Troy Apke,placed on reserve/COVID-19 list
2021-12-15,Packers,• Jordan Love,,activated from reserve/COVID-19 list
2021-12-15,Packers,,• Jordan Love,placed on exempt/COVID-19 list
2021-12-16,Bears,,• Allen Robinson II,placed on reserve/COVID-19 list
2021-12-16,Bears,,• Eddie Jackson (b. 1993-12-10),placed on reserve/COVID-19 list
2021-12-16,Bears,,• Isaiah Coulter,placed on reserve/practice squad COVID-19 list
2021-12-16,Bears,,• Jesse James (Dylan),placed on reserve/COVID-19 list
2021-12-16,Bears,,• Joel Iyiegbuniwe / Iggy Iyiegbuniwe,placed on reserve/COVID-19 list
2021-12-16,Bears,,• Ryan Nall,placed on reserve/COVID-19 list
2021-12-16,Bengals,,• Chidobe Awuzie,placed on reserve/COVID-19 list
2021-12-16,Bengals,,• Riley Reiff,placed on IR with left ankle injury
2021-12-16,Browns,,• Ronnie Harrison Jr.,placed on reserve/COVID-19 list
2021-12-16,Browns,• David Njoku,,activated from reserve/COVID-19 list
2021-12-16,Browns,• Stephen Carlson,,activated from reserve/COVID-19 list
2021-12-16,Cardinals,,• Rodney Hudson,placed on reserve/COVID-19 list
2021-12-16,Chargers,• Scott Quessenberry,,activated from reserve/COVID-19 list
2021-12-16,Dolphins,,• Gerrid Doaks,placed on reserve/practice squad COVID-19 list
2021-12-16,Dolphins,,• Jaylen Waddle,placed on reserve/COVID-19 list
2021-12-16,Giants,,• Adoree' Jackson,placed on reserve/COVID-19 list
2021-12-16,Giants,• Wes Martin,,activated from reserve/COVID-19 list
2021-12-16,Jets,,• Elijah Moore,placed on reserve/COVID-19 list
2021-12-16,Jets,,• Hamsah Nasirildeen,placed on reserve/COVID-19 list
2021-12-16,Jets,• Noah Dawkins,,activated from practice squad IR
2021-12-16,Lions,,• Jalen Elliott,placed on reserve/COVID-19 list
2021-12-16,Packers,,• Kenny Clark (Duane),placed on reserve/COVID-19 list
2021-12-16,Packers,• Jordan Love,,activated from exempt/COVID-19 list
2021-12-16,Patriots,,• Ronnie Perkins,placed on IR with ankle injury
2021-12-16,Rams,,• Antoine Brooks Jr.,placed on reserve/COVID-19 list
2021-12-16,Rams,,• Bobby Evans,placed on reserve/COVID-19 list
2021-12-16,Rams,,• Christian Rozeboom,placed on reserve/COVID-19 list
2021-12-16,Rams,,• Jake Gervase,placed on reserve/practice squad COVID-19 list
2021-12-16,Rams,,• Kareem Orr,placed on reserve/practice squad COVID-19 list
2021-12-16,Rams,,• Ogbonnia Okoronkwo / Obo Okoronkwo,placed on reserve/COVID-19 list
2021-12-16,Rams,,• Tremayne Anchrum,placed on reserve/COVID-19 list
2021-12-16,Rams,,• Troy Reeder,placed on reserve/COVID-19 list
2021-12-16,Rams,,• Von Miller,placed on reserve/COVID-19 list
2021-12-16,Ravens,,• Chuck Clark,placed on reserve/COVID-19 list
2021-12-16,Ravens,,• Nate McCrary,placed on reserve/practice squad COVID-19 list
2021-12-16,Saints,• Cameron Jordan,,activated from reserve/COVID-19 list
2021-12-16,Seahawks,,• Alex Collins,placed on reserve/COVID-19 list
2021-12-16,Seahawks,,• Tyler Lockett,placed on reserve/COVID-19 list
2021-12-16,Texans,,• Cre'Von LeBlanc,placed on reserve/practice squad COVID-19 list
2021-12-16,Texans,,• Terrance Mitchell,placed on reserve/COVID-19 list
2021-12-16,Texans,,• Terrence Brooks,placed on reserve/COVID-19 list
2021-12-16,Washington,,• Kamren Curl,placed on reserve/COVID-19 list
2021-12-16,Washington,,• Keith Ismael,placed on reserve/COVID-19 list
2021-12-16,Washington,,• Tyler Larsen,placed on reserve/COVID-19 list
2021-12-17,Bears,,• Andy Dalton,placed on reserve/COVID-19 list
2021-12-17,Bears,,• Duke Shelley,placed on reserve/COVID-19 list
2021-12-17,Bills,,• Dion Dawkins,placed on reserve/COVID-19 list
2021-12-17,Browns,,• A.J. Green III (Alvin J.),placed on reserve/COVID-19 list
2021-12-17,Browns,,• Case Keenum,placed on reserve/COVID-19 list
2021-12-17,Browns,,• Grant Delpit,placed on reserve/COVID-19 list
2021-12-17,Browns,,• Jacob Phillips,placed on reserve/COVID-19 list
2021-12-17,Browns,,• Kareem Hunt,placed on reserve/COVID-19 list
2021-12-17,Browns,,• Mack Wilson,placed on reserve/COVID-19 list
2021-12-17,Browns,,• Tony Fields II,placed on reserve/COVID-19 list
2021-12-17,Browns,• Anthony Walker Jr.,,activated from reserve/COVID-19 list
2021-12-17,Chiefs,,• Gehrig Dieter,placed on reserve/practice squad COVID-19 list
2021-12-17,Cowboys,• Cedrick Wilson Jr. / Ced Wilson,,activated from reserve/COVID-19 list
2021-12-17,Dolphins,• Myles Gaskin,,activated from reserve/COVID-19 list
2021-12-17,Dolphins,• Salvon Ahmed,,activated from reserve/COVID-19 list
2021-12-17,Giants,,• J.R. Reed,placed on reserve/COVID-19 list
2021-12-17,Giants,,• Natrell Jamerson,placed on reserve/practice squad COVID-19 list
2021-12-17,Lions,,• T.J. Hockenson,placed on IR recovering from surgery on left thumb
2021-12-17,Lions,• Tavante Beckett,,activated from practice squad IR
2021-12-17,Panthers,,• Matt Barkley,placed on reserve/COVID-19 list
2021-12-17,Rams,,• Grant Haley,placed on reserve/practice squad COVID-19 list
2021-12-17,Rams,,• Jamil Demby,placed on reserve/COVID-19 list
2021-12-17,Rams,,• Justin Lawler,placed on reserve/practice squad COVID-19 list
2021-12-17,Rams,,• Tyler Higbee,placed on reserve/COVID-19 list
2021-12-17,Ravens,,• Jaylon Moore (b. 1997-07-01),placed on reserve/practice squad COVID-19 list
2021-12-17,Saints,• Mark Ingram II / Mark Ingram Jr.,,activated from reserve/COVID-19 list
2021-12-17,Texans,,• Justin McCray,placed on reserve/COVID-19 list
2021-12-17,Washington,,• Daniel Wise,placed on reserve/COVID-19 list
2021-12-17,Washington,,• Taylor Heinicke,placed on reserve/COVID-19 list
2021-12-17,Washington,,• Wendell Smallwood,placed on reserve/practice squad COVID-19 list
2021-12-17,Washington,• Keith Ismael,,activated from reserve/COVID-19 list
2021-12-17,Bears,• Elijah Wilkinson,,activated from reserve/COVID-19 list
2021-12-17,Bears,,• Elijah Wilkinson,placed on exempt/COVID-19 list
2021-12-18,Bears,• Eddie Goldman,,activated from reserve/COVID-19 list
2021-12-18,Bengals,• D'Ante Smith,,activated from IR
2021-12-18,Bengals,• Trae Waynes,,activated from IR
2021-12-18,Broncos,• P.J. Locke,,activated from reserve/COVID-19 list
2021-12-18,Browns,,• James Hudson,placed on reserve/COVID-19 list
2021-12-18,Browns,• Takkarist McKinley / Takk McKinley,,activated from reserve/COVID-19 list
2021-12-18,Buccaneers,,• Breshad Perriman,placed on reserve/COVID-19 list
2021-12-18,Cardinals,,• DeAndre Hopkins,placed on IR with knee injury
2021-12-18,Cardinals,,• Robert Alford,placed on IR with pectoral injury
2021-12-18,Cardinals,• Charles Washington (b. 1993-03-10),,activated from IR
2021-12-18,Cardinals,• Chase Edmonds,,activated from IR
2021-12-18,Colts,,• Antwaun Woods,placed on IR with calf injury
2021-12-18,Colts,• Zaire Franklin,,activated from reserve/COVID-19 list
2021-12-18,Cowboys,,• Osa Odighizuwa,placed on reserve/COVID-19 list
2021-12-18,Cowboys,,• Trysten Hill,placed on reserve/COVID-19 list
2021-12-18,Dolphins,• Greg Mancz,,activated from IR
2021-12-18,Dolphins,• Jevon Holland,,activated from reserve/COVID-19 list
2021-12-18,Falcons,,• Erik Harris,placed on IR with chest / pectoral injury
2021-12-18,Giants,• Xavier McKinney,,activated from reserve/COVID-19 list
2021-12-18,Jets,,• Folorunso Fatukasi / Foley Fatukasi,placed on reserve/COVID-19 list
2021-12-18,Jets,,• Noah Dawkins,placed on reserve/practice squad COVID-19 list
2021-12-18,Jets,• Bryce Huff,,activated from IR
2021-12-18,Jets,• Chuma Edoga,,activated from IR
2021-12-18,Jets,• Michael Carter (b. 1999-05-07),,activated from IR
2021-12-18,Jets,• Tyler Kroft,,activated from IR
2021-12-18,Lions,• A.J. Parker,,activated from IR
2021-12-18,Lions,• Bobby Price,,activated from reserve/COVID-19 list
2021-12-18,Lions,• Ifeatu Melifonwu,,activated from reserve/COVID-19 list
2021-12-18,Lions,• Tracy Walker III / Trey Walker,,activated from reserve/COVID-19 list
2021-12-18,Panthers,,• Derrick Brown,placed on reserve/COVID-19 list
2021-12-18,Panthers,• Stantley Thomas-Oliver,,activated from IR
2021-12-18,Rams,,• Joe Noteboom,placed on reserve/COVID-19 list
2021-12-18,Rams,,• Robert Rochell,placed on reserve/COVID-19 list
2021-12-18,Rams,• Alaric Jackson / A.J. Jackson,,activated from reserve/COVID-19 list
2021-12-18,Rams,• Brycen Hopkins,,activated from reserve/COVID-19 list
2021-12-18,Rams,• Darrell Henderson,,activated from reserve/COVID-19 list
2021-12-18,Rams,• Donte' Deayon / Dont'e Deayon / Donte Deayon,,activated from reserve/COVID-19 list
2021-12-18,Rams,• Justin Hollins,,activated from reserve/COVID-19 list
2021-12-18,Rams,• Odell Beckham Jr.,,activated from reserve/COVID-19 list
2021-12-18,Ravens,,• Chris Westry,placed on reserve/COVID-19 list
2021-12-18,Ravens,,• Sammy Watkins,placed on reserve/COVID-19 list
2021-12-18,Saints,,• Garrett Griffin,placed on IR with hamstring / knee injury
2021-12-18,Saints,• Adam Trautman,,activated from IR
2021-12-18,Texans,,• Jonathan Greenard,placed on reserve/COVID-19 list
2021-12-18,Texans,,• Lane Taylor,placed on reserve/COVID-19 list
2021-12-18,Texans,• Jordan Jenkins,,activated from IR
2021-12-18,Titans,,• Tory Carter,placed on IR with ankle injury
2021-12-18,Titans,• Bud Dupree,,activated from IR
2021-12-18,Washington,• Casey Toohill,,activated from reserve/COVID-19 list
2021-12-18,Washington,• James Smith-Williams,,activated from reserve/COVID-19 list
2021-12-18,Washington,• Jonathan Allen,,activated from reserve/COVID-19 list
2021-12-18,Washington,• Khaleke Hudson,,activated from reserve/COVID-19 list
2021-12-18,Washington,• Montez Sweat,,activated from reserve/COVID-19 list
2021-12-18,Giants,• Quincy Wilson (b. 1996-08-16),,activated from IR
2021-12-19,Bears,,• Jaylon Johnson,placed on reserve/COVID-19 list
2021-12-19,Bears,,• Tashaun Gipson,placed on reserve/COVID-19 list
2021-12-19,Bills,,• Jon Feliciano,placed on reserve/COVID-19 list
2021-12-19,Browns,,• Jadeveon Clowney,placed on reserve/COVID-19 list
2021-12-19,Browns,• Wyatt Teller,,activated from reserve/COVID-19 list
2021-12-19,Eagles,,• Landon Dickerson,placed on reserve/COVID-19 list
2021-12-19,Eagles,• Jason Huntley,,activated from practice squad IR
2021-12-19,Eagles,• Quez Watkins,,activated from reserve/COVID-19 list
2021-12-19,Rams,• Grant Haley,,activated from reserve/COVID-19 list
2021-12-19,Rams,• Jalen Ramsey,,activated from reserve/COVID-19 list
2021-12-19,Ravens,,• Jimmy Smith (b),placed on reserve/COVID-19 list
2021-12-19,Seahawks,,• Brandon Shell,placed on reserve/COVID-19 list
2021-12-19,Seahawks,,• D.J. Reed,placed on reserve/COVID-19 list
2021-12-19,Seahawks,,• Kerry Hyder,placed on reserve/COVID-19 list
2021-12-19,Seahawks,,• Michael Jackson / Mike Jackson (b. 1997-01-10),placed on reserve/practice squad COVID-19 list
2021-12-19,Seahawks,,• Pier-Olivier Lestage,placed on reserve/practice squad COVID-19 list
2021-12-19,Seahawks,,• Travis Homer,placed on reserve/COVID-19 list
2021-12-19,Washington,• Cam Sims,,activated from reserve/COVID-19 list
2021-12-19,Washington,• Daniel Wise,,activated from reserve/COVID-19 list
2021-12-19,Rams,• Kareem Orr,,activated from practice squad IR
2021-12-20,Bears,,• Deandre Houston-Carson,placed on IR with fractured forearm
2021-12-20,Bears,• Elijah Wilkinson,,activated from exempt/COVID-19 list
2021-12-20,Bears,• Germain Ifedi,,activated from IR
2021-12-20,Bills,,• A.J. Epenesa,placed on reserve/COVID-19 list
2021-12-20,Bills,,• Bobby Hart,placed on reserve/practice squad COVID-19 list
2021-12-20,Bills,,• Mike Love (b. 1994-01-22),placed on reserve/practice squad COVID-19 list
2021-12-20,Browns,• John Johnson III,,activated from reserve/COVID-19 list
2021-12-20,Cardinals,• David Wells,,activated from IR
2021-12-20,Chargers,,• Andre Roberts,placed on reserve/COVID-19 list
2021-12-20,Chargers,,• Chris Rumph II,placed on reserve/COVID-19 list
2021-12-20,Chargers,,• Corey Linsley,placed on reserve/COVID-19 list
2021-12-20,Chargers,,• Joey Bosa,placed on reserve/COVID-19 list
2021-12-20,Chargers,,• Kemon Hall,placed on reserve/COVID-19 list
2021-12-20,Chargers,,• Tevaughn Campbell,placed on reserve/COVID-19 list
2021-12-20,Chargers,,• Trey Marshall,placed on reserve/COVID-19 list
2021-12-20,Chargers,• Rashawn Slater,,activated from reserve/COVID-19 list
2021-12-20,Chiefs,,• Charvarius Ward,placed on reserve/COVID-19 list
2021-12-20,Chiefs,,• Harrison Butker,placed on reserve/COVID-19 list
2021-12-20,Chiefs,,• Travis Kelce,placed on reserve/COVID-19 list
2021-12-20,Chiefs,• Jody Fortson Jr. / Joe Fortson,,activated from reserve/COVID-19 list
2021-12-20,Dolphins,,• Justin Coleman,placed on reserve/COVID-19 list
2021-12-20,Dolphins,• Jaylen Waddle,,activated from reserve/COVID-19 list
2021-12-20,Dolphins,• Phillip Lindsay,,activated from reserve/COVID-19 list
2021-12-20,Eagles,,• Andre Dillard,placed on reserve/COVID-19 list
2021-12-20,Giants,,• Daniel Jones,placed on IR with neck injury
2021-12-20,Giants,,• Keion Crossen,placed on reserve/COVID-19 list
2021-12-20,Giants,,• Sterling Shepard,placed on IR with quadriceps injury / torn left Achilles
2021-12-20,Jets,,• John Franklin-Myers,placed on reserve/COVID-19 list
2021-12-20,Jets,,• Lamar Jackson (b. 1998-04-13),placed on reserve/practice squad COVID-19 list
2021-12-20,Jets,,• Sharrod Neasman,placed on reserve/COVID-19 list
2021-12-20,Jets,,• Tanzel Smart,placed on reserve/practice squad COVID-19 list
2021-12-20,Lions,,• Alex Anzalone,placed on IR with right shoulder injury
2021-12-20,Lions,,• Jared Goff,placed on reserve/COVID-19 list
2021-12-20,Lions,,• Matt Nelson,placed on reserve/COVID-19 list
2021-12-20,Lions,,• Quintez Cephus,placed on reserve/COVID-19 list
2021-12-20,Lions,• Jamaal Williams,,activated from reserve/COVID-19 list
2021-12-20,Lions,• Mark Gilbert,,activated from reserve/COVID-19 list
2021-12-20,Patriots,,• Cameron McGrone,placed on reserve/COVID-19 list
2021-12-20,Patriots,,• Harvey Langi,placed on reserve/COVID-19 list
2021-12-20,Patriots,,• Kendrick Bourne,placed on reserve/COVID-19 list
2021-12-20,Patriots,,• Ronnie Perkins,placed on reserve/COVID-19 list
2021-12-20,Raiders,,• Nate Hobbs,placed on reserve/COVID-19 list
2021-12-20,Raiders,,• Trayvon Mullen,placed on IR with toe injury
2021-12-20,Raiders,• Nick Bowers,,activated from IR
2021-12-20,Rams,• Bobby Evans,,activated from reserve/COVID-19 list
2021-12-20,Rams,• Robert Rochell,,activated from reserve/COVID-19 list
2021-12-20,Rams,• Tremayne Anchrum,,activated from reserve/COVID-19 list
2021-12-20,Rams,• Troy Reeder,,activated from reserve/COVID-19 list
2021-12-20,Ravens,,• Justin Houston,placed on reserve/COVID-19 list
2021-12-20,Ravens,• Pernell McPhee,,activated from IR
2021-12-20,Seahawks,,• Bryan Mone,placed on reserve/COVID-19 list
2021-12-20,Steelers,,• Malcolm Pridgeon,placed on reserve/practice squad COVID-19 list
2021-12-20,Steelers,• Linden Stephens,,activated from practice squad IR
2021-12-20,Texans,,• Derek Rivers,placed on reserve/COVID-19 list
2021-12-20,Texans,,• Jacob Martin / Jake Martin,placed on reserve/COVID-19 list
2021-12-20,Texans,,• Maliek Collins,placed on reserve/COVID-19 list
2021-12-20,Titans,,• Elijah Molden,placed on reserve/COVID-19 list
2021-12-20,Washington,,• Brandon Scherff,placed on reserve/COVID-19 list
2021-12-20,Washington,• Matthew Ioannidis / Matt Ioannidis,,activated from reserve/COVID-19 list
2021-12-20,Washington,• Montez Sweat,,activated from IR
2021-12-20,Washington,• Samuel Cosmi / Sam Cosmi,,activated from IR
2021-12-20,Falcons,• Emmanuel Ellerbee,,activated from reserve/COVID-19 list
2021-12-20,Falcons,,• Emmanuel Ellerbee,placed on IR with knee injury
2021-12-20,Jets,,• Vyncint Smith,placed on reserve/practice squad COVID-19 list
2021-12-21,Bears,,• Bilal Nichols,placed on reserve/COVID-19 list
2021-12-21,Bears,• Duke Shelley,,activated from reserve/COVID-19 list
2021-12-21,Bengals,,• Joe Bachie,placed on IR with torn ACL in left knee
2021-12-21,Bengals,• Clay Johnston,,activated from reserve/COVID-19 list
2021-12-21,Bills,,• Cole Beasley,placed on reserve/COVID-19 list
2021-12-21,Broncos,,• Andrew Beck,placed on IR with elbow injury
2021-12-21,Broncos,• Seth Williams (b. 2000-04-10),,activated from practice squad IR
2021-12-21,Browns,,• Takkarist McKinley / Takk McKinley,placed on IR with torn left Achilles tendon
2021-12-21,Buccaneers,,• Chris Godwin,placed on IR with torn ACL in right knee
2021-12-21,Buccaneers,,• Patrick O'Connor / Pat O'Connor,"placed on IR with torn MCL, PCL in knee"
2021-12-21,Chargers,,• Chase Daniel,placed on reserve/COVID-19 list
2021-12-21,Chargers,,• Joe Gaziano,placed on reserve/COVID-19 list
2021-12-21,Chiefs,,• Armani Watts,placed on reserve/COVID-19 list
2021-12-21,Chiefs,,• Blake Bell,placed on reserve/COVID-19 list
2021-12-21,Chiefs,,• Darius Harris,placed on reserve/practice squad COVID-19 list
2021-12-21,Chiefs,,• Daurice Fountain,placed on reserve/practice squad COVID-19 list
2021-12-21,Chiefs,,• Kyle Long,placed on reserve/COVID-19 list
2021-12-21,Chiefs,,• Lucas Niang,placed on reserve/COVID-19 list
2021-12-21,Chiefs,,• Nick Bolton,placed on reserve/COVID-19 list
2021-12-21,Chiefs,,• Rashad Fenton,placed on reserve/COVID-19 list
2021-12-21,Chiefs,,• Tyreek Hill,placed on reserve/COVID-19 list
2021-12-21,Eagles,• Jack Anderson (b),,activated from IR
2021-12-21,Falcons,• Cornell Armstrong,,activated from practice squad IR
2021-12-21,Falcons,• Quinton Bell,,activated from practice squad IR
2021-12-21,Jaguars,,• Carlos Hyde,placed on IR with concussion
2021-12-21,Jaguars,,• Rayshawn Jenkins,placed on IR with fractured ankle
2021-12-21,Jets,,• Alijah Vera-Tucker,placed on reserve/COVID-19 list
2021-12-21,Jets,,• Michael Carter II,placed on reserve/COVID-19 list
2021-12-21,Jets,,• Ryan Griffin (Francis),placed on IR with knee injury
2021-12-21,Jets,• Mike White (b. 1995-03-25),,activated from reserve/COVID-19 list
2021-12-21,Packers,,• Marquez Valdes-Scantling,placed on reserve/COVID-19 list
2021-12-21,Panthers,,• A.J. Bouye,placed on IR with foot injury
2021-12-21,Patriots,• Dalton Keene (b. 1999-04-14),,activated from reserve/COVID-19 list
2021-12-21,Rams,• Christian Rozeboom,,activated from reserve/COVID-19 list
2021-12-21,Rams,• Jake Funk,,activated from IR
2021-12-21,Rams,• Travin Howard,,activated from IR
2021-12-21,Rams,• Von Miller,,activated from reserve/COVID-19 list
2021-12-21,Ravens,,• Kevin Toliver II,placed on reserve/practice squad COVID-19 list
2021-12-21,Ravens,,• Pernell McPhee,placed on reserve/COVID-19 list
2021-12-21,Ravens,• Binjimen Victor / Ben Victor,,activated from practice squad IR
2021-12-21,Saints,,• Juwan Johnson,placed on reserve/COVID-19 list
2021-12-21,Seahawks,,• Ryan Izzo,placed on reserve/practice squad COVID-19 list
2021-12-21,Texans,,• Jaleel Johnson,placed on reserve/COVID-19 list
2021-12-21,Vikings,• Danielle Hunter,,activated from reserve/COVID-19 list
2021-12-21,Vikings,• Dede Westbrook,,activated from reserve/COVID-19 list
2021-12-21,Vikings,• Trishton Jackson,,activated from practice squad IR
2021-12-21,Washington,,• J.D. McKissic,placed on IR with concussion / neck injury
2021-12-21,Washington,• Sammis Reyes / Sammie Reyes,,activated from reserve/COVID-19 list
2021-12-21,Washington,• Tim Settle,,activated from reserve/COVID-19 list
2021-12-21,Washington,• Troy Apke,,activated from reserve/COVID-19 list
2021-12-21,Bears,• Artie Burns,,activated from reserve/COVID-19 list
2021-12-21,Broncos,• Mike Boone,,activated from reserve/COVID-19 list
2021-12-21,Panthers,• Matt Kaskey,,activated from IR
2021-12-21,Vikings,• Asim Rose Jr. / A.J. Rose Jr.,,activated from practice squad IR
2021-12-21,Bears,,• Artie Burns,placed on exempt/COVID-19 list
2021-12-21,Broncos,,• Mike Boone,placed on exempt/COVID-19 list
2021-12-22,Bears,,• Jesper Horsted,placed on reserve/COVID-19 list
2021-12-22,Bears,• Artie Burns,,activated from exempt/COVID-19 list
2021-12-22,Bears,• Sam Kamara,,activated from practice squad IR
2021-12-22,Bills,,• Quintin Morris,placed on reserve/practice squad COVID-19 list
2021-12-22,Browns,,• Greg Newsome II,placed on reserve/COVID-19 list
2021-12-22,Browns,• Austin Hooper,,activated from reserve/COVID-19 list
2021-12-22,Browns,• Bruce Natson / JoJo Natson Jr.,,activated from practice squad IR
2021-12-22,Browns,• Jacob Phillips,,activated from reserve/COVID-19 list
2021-12-22,Cardinals,,• Andy Lee (P.),placed on reserve/COVID-19 list
2021-12-22,Chargers,,• Austin Ekeler,placed on reserve/COVID-19 list
2021-12-22,Chargers,,• Jalen Guyton,placed on reserve/COVID-19 list
2021-12-22,Chiefs,,• Mike Remmers,placed on reserve/COVID-19 list
2021-12-22,Chiefs,• Josh Gordon,,activated from reserve/COVID-19 list
2021-12-22,Chiefs,• Willie Gay Jr.,,activated from reserve/COVID-19 list
2021-12-22,Colts,,• Farrod Green,placed on reserve/practice squad COVID-19 list
2021-12-22,Colts,,• Kemoko Turay,placed on reserve/COVID-19 list
2021-12-22,Colts,,• Rock Ya-Sin,placed on reserve/COVID-19 list
2021-12-22,Dolphins,,• Lynn Bowden Jr.,placed on reserve/COVID-19 list
2021-12-22,Dolphins,,• Robert Jones (e),placed on reserve/COVID-19 list
2021-12-22,Eagles,,• Le'Raven Clark,placed on reserve/COVID-19 list
2021-12-22,Jaguars,,• Travis Etienne,placed on reserve/COVID-19 list
2021-12-22,Jets,,• Ashtyn Davis,placed on reserve/COVID-19 list
2021-12-22,Jets,,• Hamilcar Rashed Jr.,placed on reserve/practice squad COVID-19 list
2021-12-22,Jets,,• Jonathan Marshall,placed on reserve/COVID-19 list
2021-12-22,Jets,,• Kenny Yeboah,placed on reserve/COVID-19 list
2021-12-22,Lions,,• Chris Williamson,placed on reserve/practice squad COVID-19 list
2021-12-22,Lions,• Jalen Elliott,,activated from reserve/COVID-19 list
2021-12-22,Panthers,,• Azur Kamara,placed on reserve/COVID-19 list
2021-12-22,Panthers,,• Sam Franklin Jr.,placed on reserve/COVID-19 list
2021-12-22,Panthers,,• Zane Gonzalez,placed on IR with quadriceps injury
2021-12-22,Panthers,• Christian McCaffrey,,activated from reserve/COVID-19 list
2021-12-22,Patriots,• J.J. Taylor,,activated from reserve/COVID-19 list
2021-12-22,Raiders,,• Brandon Facyson,placed on reserve/COVID-19 list
2021-12-22,Rams,,• Javian Hawkins,placed on reserve/practice squad COVID-19 list
2021-12-22,Rams,,• Warren Jackson,placed on reserve/practice squad COVID-19 list
2021-12-22,Rams,• Jamil Demby,,activated from reserve/COVID-19 list
2021-12-22,Rams,• Jared Pinkney,,activated from practice squad IR
2021-12-22,Rams,• Jonah Williams (b. 1995-08-17),,activated from practice squad IR
2021-12-22,Rams,• Ogbonnia Okoronkwo / Obo Okoronkwo,,activated from reserve/COVID-19 list
2021-12-22,Rams,• Rob Havenstein,,activated from reserve/COVID-19 list
2021-12-22,Rams,• Sebastian Joseph / Sebastian Joseph-Day,,activated from reserve/COVID-19 list
2021-12-22,Rams,• Terrell Burgess,,activated from reserve/COVID-19 list
2021-12-22,Rams,• Tyler Hall,,activated from practice squad IR
2021-12-22,Ravens,,• Chris Board,placed on reserve/COVID-19 list
2021-12-22,Ravens,,• David Sharpe,placed on reserve/practice squad COVID-19 list
2021-12-22,Ravens,,• Geno Stone,placed on reserve/COVID-19 list
2021-12-22,Ravens,,• Kristian Welch,placed on reserve/COVID-19 list
2021-12-22,Ravens,,• Nnamdi Madubuike / Justin Madubuike,placed on reserve/COVID-19 list
2021-12-22,Saints,,• Adam Trautman,placed on reserve/COVID-19 list
2021-12-22,Seahawks,,• Will Dissly,placed on reserve/COVID-19 list
2021-12-22,Seahawks,• Alex Collins,,activated from reserve/COVID-19 list
2021-12-22,Steelers,,• Devin Bush Jr.,placed on reserve/COVID-19 list
2021-12-22,Steelers,,• Marcus Allen (Deshawn),placed on reserve/COVID-19 list
2021-12-22,Steelers,,• Zach Banner,placed on reserve/COVID-19 list
2021-12-22,Texans,,• Brandin Cooks,placed on reserve/COVID-19 list
2021-12-22,Texans,,• Eric Wilson (Andre),placed on reserve/COVID-19 list
2021-12-22,Texans,,• Jeff Driskel,placed on IR with fractured collarbone
2021-12-22,Texans,,• Ka'imi Fairbairn,placed on reserve/COVID-19 list
2021-12-22,Texans,,• Tae Davis (Marquez),placed on reserve/COVID-19 list
2021-12-22,Texans,• DeMarcus Walker,,activated from reserve/COVID-19 list
2021-12-22,Titans,,• Rodger Saffold,placed on reserve/COVID-19 list
2021-12-22,Vikings,• Alexander Mattison,,activated from reserve/COVID-19 list
2021-12-22,Washington,,• Cole Holcomb,placed on reserve/COVID-19 list
2021-12-22,Washington,• Cornelius Lucas,,activated from reserve/COVID-19 list
2021-12-22,Washington,• William Bradley-King / Will Bradley-King,,activated from practice squad IR
2021-12-22,Bears,• Eddie Jackson (b. 1993-12-10),,activated from reserve/COVID-19 list
2021-12-22,Bears,• Larry Borom,,activated from reserve/COVID-19 list
2021-12-22,Broncos,• Malik Reed,,activated from reserve/COVID-19 list
2021-12-22,Browns,• Jamie Gillan,,activated from reserve/COVID-19 list
2021-12-22,Bears,,• Eddie Jackson (b. 1993-12-10),placed on exempt/COVID-19 list
2021-12-22,Bears,,• Larry Borom,placed on exempt/COVID-19 list
2021-12-22,Broncos,,• Malik Reed,placed on exempt/COVID-19 list
2021-12-23,Bears,,• Akiem Hicks,placed on reserve/COVID-19 list
2021-12-23,Bears,• Eddie Jackson (b. 1993-12-10),,activated from reserve/COVID-19 list
2021-12-23,Bears,• Larry Borom,,activated from reserve/COVID-19 list
2021-12-23,Bills,• Tyrel Dodson,,activated from reserve/COVID-19 list
2021-12-23,Broncos,,• Drew Himmelman,placed on reserve/practice squad COVID-19 list
2021-12-23,Broncos,,• Lloyd Cushenberry III,placed on reserve/COVID-19 list
2021-12-23,Broncos,• Mike Boone,,activated from exempt/COVID-19 list
2021-12-23,Browns,,• J.C. Tretter,placed on reserve/COVID-19 list
2021-12-23,Browns,• Grant Delpit,,activated from reserve/COVID-19 list
2021-12-23,Browns,• James Hudson,,activated from reserve/COVID-19 list
2021-12-23,Buccaneers,,• Jaelon Darden,placed on reserve/COVID-19 list
2021-12-23,Buccaneers,,• Lavonte David,placed on IR with sprained foot
2021-12-23,Buccaneers,,• Leonard Fournette,placed on IR with hamstring injury
2021-12-23,Buccaneers,,• Rakeem Nunez-Roches,placed on reserve/COVID-19 list
2021-12-23,Chargers,,• Tristan Vizcaino,placed on reserve/practice squad COVID-19 list
2021-12-23,Chiefs,• Charvarius Ward,,activated from reserve/COVID-19 list
2021-12-23,Chiefs,• Chris Jones (Deshun),,activated from reserve/COVID-19 list
2021-12-23,Colts,,• Mark Glowinski,placed on reserve/COVID-19 list
2021-12-23,Cowboys,,• JaQuan Hardy,placed on reserve/practice squad COVID-19 list
2021-12-23,Cowboys,,• Malik Hooker,placed on reserve/COVID-19 list
2021-12-23,Cowboys,• Osa Odighizuwa,,activated from reserve/COVID-19 list
2021-12-23,Dolphins,,• Cethan Carter,placed on reserve/COVID-19 list
2021-12-23,Dolphins,,• Duke Riley,placed on reserve/COVID-19 list
2021-12-23,Dolphins,,• Greg Mancz,placed on reserve/COVID-19 list
2021-12-23,Eagles,,• Ryan Kerrigan,placed on reserve/COVID-19 list
2021-12-23,Falcons,,• Marlon Davidson,placed on reserve/COVID-19 list
2021-12-23,Giants,,• Jonotthan Harrison,placed on reserve/practice squad COVID-19 list
2021-12-23,Giants,• Kadarius Toney,,activated from reserve/COVID-19 list
2021-12-23,Jets,,• Joe Flacco,placed on reserve/COVID-19 list
2021-12-23,Jets,,• Laurent Duvernay-Tardif,placed on reserve/COVID-19 list
2021-12-23,Lions,,• Trinity Benson,placed on reserve/COVID-19 list
2021-12-23,Lions,• Corey Ballentine,,activated from practice squad IR
2021-12-23,Lions,• Nickell Robey-Coleman,,activated from practice squad IR
2021-12-23,Panthers,,• Austin Larkin,placed on reserve/practice squad COVID-19 list
2021-12-23,Panthers,,• Dennis Daley,placed on reserve/COVID-19 list
2021-12-23,Panthers,,• Pat Elflein,placed on reserve/COVID-19 list
2021-12-23,Raiders,,• Jermaine Eluemunor,placed on reserve/COVID-19 list
2021-12-23,Raiders,,• Roderic Teamer,placed on reserve/COVID-19 list
2021-12-23,Rams,• Antoine Brooks Jr.,,activated from reserve/COVID-19 list
2021-12-23,Rams,• Jake Gervase,,activated from practice squad IR
2021-12-23,Rams,• Johnny Mundt,,activated from reserve/COVID-19 list
2021-12-23,Rams,• JuJu Hughes,,activated from reserve/COVID-19 list
2021-12-23,Ravens,,• Chris Streveler,placed on reserve/practice squad COVID-19 list
2021-12-23,Ravens,,• Josh Oliver,placed on reserve/COVID-19 list
2021-12-23,Saints,,• Christian Ringo,placed on reserve/COVID-19 list
2021-12-23,Saints,,• Jalyn Holmes,placed on reserve/COVID-19 list
2021-12-23,Saints,,• James Carpenter,placed on reserve/COVID-19 list
2021-12-23,Saints,,• Jeff Heath,placed on reserve/COVID-19 list
2021-12-23,Saints,,• Jordan Mills,placed on reserve/COVID-19 list
2021-12-23,Saints,,• Kaden Elliss,placed on reserve/COVID-19 list
2021-12-23,Saints,,• Malcolm Jenkins,placed on reserve/COVID-19 list
2021-12-23,Saints,,• Taysom Hill,placed on reserve/COVID-19 list
2021-12-23,Saints,,• Trevor Siemian,placed on reserve/COVID-19 list
2021-12-23,Seahawks,• Tyler Lockett,,activated from reserve/COVID-19 list
2021-12-23,Steelers,,• Anthony McFarland Jr.,placed on reserve/COVID-19 list
2021-12-23,Texans,,• Eric Murray,placed on reserve/COVID-19 list
2021-12-23,Texans,,• Jordan Jenkins,placed on reserve/COVID-19 list
2021-12-23,Texans,,• Justin Britt (b. 1991-05-29),placed on reserve/COVID-19 list
2021-12-23,Texans,,• Lonnie Johnson Jr.,placed on reserve/COVID-19 list
2021-12-23,Texans,,• Roy Lopez,placed on reserve/COVID-19 list
2021-12-23,Texans,,• Tytus Howard,placed on reserve/COVID-19 list
2021-12-23,Texans,• Jaylen Samuels (b. 1996-07-20),,activated from practice squad IR
2021-12-23,Titans,,• Kendall Lamm,placed on reserve/COVID-19 list
2021-12-23,Titans,• A.J. Brown,,activated from IR
2021-12-23,Titans,• Chris Jackson (D'Wayne ),,activated from IR
2021-12-23,Vikings,,• Dalvin Cook,placed on reserve/COVID-19 list
2021-12-23,Vikings,,• Tye Smith,placed on reserve/practice squad COVID-19 list
2021-12-23,Vikings,• Dan Chisena,,activated from reserve/COVID-19 list
2021-12-23,Vikings,• Kyle Hinton,,activated from practice squad IR
2021-12-23,Washington,,• Zack Bailey,placed on reserve/practice squad COVID-19 list
2021-12-23,Washington,• Darrick Forrest,,activated from reserve/COVID-19 list
2021-12-23,Washington,• David Mayo,,activated from reserve/COVID-19 list
2021-12-23,Washington,• Taylor Heinicke,,activated from reserve/COVID-19 list
2021-12-23,Washington,• Temarrick Hemingway,,activated from practice squad IR
2021-12-23,Bears,• Andy Dalton,,activated from reserve/COVID-19 list
2021-12-23,Bears,• Mario Edwards Jr.,,activated from reserve/COVID-19 list
2021-12-23,Packers,• Kenny Clark (Duane),,activated from reserve/COVID-19 list
2021-12-23,Bears,,• Andy Dalton,placed on exempt/COVID-19 list
2021-12-23,Bears,,• Mario Edwards Jr.,placed on exempt/COVID-19 list
2021-12-23,Packers,,• Kenny Clark (Duane),placed on exempt/COVID-19 list
2021-12-24,Bears,• Bilal Nichols,,activated from reserve/COVID-19 list
2021-12-24,Bears,• Mario Edwards Jr.,,activated from exempt/COVID-19 list
2021-12-24,Bengals,,• Mike Thomas (Davonta),placed on reserve/COVID-19 list
2021-12-24,Bills,,• Cody Ford,placed on reserve/COVID-19 list
2021-12-24,Bills,,• Gabriel Davis / Gabe Davis,placed on reserve/COVID-19 list
2021-12-24,Bills,,• Tre'Davious White,placed on reserve/COVID-19 list
2021-12-24,Broncos,,• Barrington Wade,placed on reserve/practice squad COVID-19 list
2021-12-24,Broncos,• Malik Reed,,activated from exempt/COVID-19 list
2021-12-24,Browns,,• Chase McLaughlin,placed on reserve/COVID-19 list
2021-12-24,Browns,,• Jordan Elliott,placed on reserve/COVID-19 list
2021-12-24,Browns,,• Tedric Thompson,placed on reserve/practice squad COVID-19 list
2021-12-24,Browns,• A.J. Green III (Alvin J.),,activated from reserve/COVID-19 list
2021-12-24,Browns,• Baker Mayfield,,activated from reserve/COVID-19 list
2021-12-24,Browns,• Case Keenum,,activated from reserve/COVID-19 list
2021-12-24,Browns,• Ifeadi Odenigbo,,activated from reserve/COVID-19 list
2021-12-24,Browns,• Jarvis Landry,,activated from reserve/COVID-19 list
2021-12-24,Buccaneers,• Justin Watson (b),,activated from reserve/physically unable to perform list
2021-12-24,Buccaneers,• Rashard Robinson,,activated from IR
2021-12-24,Chargers,,• Cole Christiansen,placed on reserve/practice squad COVID-19 list
2021-12-24,Chargers,,• Justin Jones (Maurice),placed on reserve/COVID-19 list
2021-12-24,Chiefs,,• Tommy Townsend,placed on reserve/COVID-19 list
2021-12-24,Chiefs,• Blake Bell,,activated from reserve/COVID-19 list
2021-12-24,Colts,,• Quenton Nelson,placed on reserve/COVID-19 list
2021-12-24,Cowboys,,• Jourdan Lewis,placed on reserve/COVID-19 list
2021-12-24,Cowboys,,• Simi Fehoko,placed on reserve/COVID-19 list
2021-12-24,Dolphins,• Gerrid Doaks,,activated from practice squad IR
2021-12-24,Eagles,• Landon Dickerson,,activated from reserve/COVID-19 list
2021-12-24,Giants,• J.R. Reed,,activated from reserve/COVID-19 list
2021-12-24,Giants,• Oshane Ximines,,activated from reserve/COVID-19 list
2021-12-24,Jaguars,,• Ben Bartch,placed on reserve/COVID-19 list
2021-12-24,Jaguars,,• Josh Hines-Allen / Josh Allen (b. 1997-07-13),placed on reserve/COVID-19 list
2021-12-24,Jaguars,,• Laviska Shenault Jr.,placed on reserve/COVID-19 list
2021-12-24,Jets,,• Ryan Griffin (Francis),placed on reserve/COVID-19 list
2021-12-24,Jets,• Jeff Smith (Alan),,activated from reserve/COVID-19 list
2021-12-24,Jets,• Justin Hardee,,activated from reserve/COVID-19 list
2021-12-24,Packers,,• Chauncey Rivers,placed on reserve/COVID-19 list
2021-12-24,Packers,,• Malik Taylor,placed on IR with shoulder injury
2021-12-24,Packers,,• Ty Summers,placed on IR with hamstring injury
2021-12-24,Packers,• Kenny Clark (Duane),,activated from exempt/COVID-19 list
2021-12-24,Patriots,,• Rhamondre Stevenson,placed on reserve/COVID-19 list
2021-12-24,Rams,• Jordan Fuller,,activated from reserve/COVID-19 list
2021-12-24,Rams,• Tyler Higbee,,activated from reserve/COVID-19 list
2021-12-24,Ravens,• Chuck Clark,,activated from reserve/COVID-19 list
2021-12-24,Ravens,• Nate McCrary,,activated from practice squad IR
2021-12-24,Ravens,• Trystan Colon-Castillo,,activated from reserve/COVID-19 list
2021-12-24,Saints,,• Demario Davis,placed on reserve/COVID-19 list
2021-12-24,Saints,,• Dwayne Washington,placed on reserve/COVID-19 list
2021-12-24,Saints,,• J.T. Gray,placed on reserve/COVID-19 list
2021-12-24,Saints,,• Ryan Ramczyk,placed on reserve/COVID-19 list
2021-12-24,Seahawks,• Pier-Olivier Lestage,,activated from practice squad IR
2021-12-24,Seahawks,• Travis Homer,,activated from reserve/COVID-19 list
2021-12-24,Steelers,,• Isaiah Buggs,placed on reserve/COVID-19 list
2021-12-24,Titans,,• Taylor Lewan,placed on reserve/COVID-19 list
2021-12-24,Titans,• Dez Fitzpatrick,,activated from reserve/COVID-19 list
2021-12-24,Titans,• Jamal Carter,,activated from practice squad IR
2021-12-24,Vikings,,• Mason Cole,placed on IR with elbow injury
2021-12-24,Washington,,• Daniel Wise,placed on IR with knee injury
2021-12-24,Washington,,• Landon Collins,placed on IR with foot injury
2021-12-24,Washington,,• Nate Orchard,placed on reserve/COVID-19 list
2021-12-24,Washington,• Camilo Eifler / Milo Eifler,,activated from reserve/COVID-19 list
2021-12-24,Washington,• Kamren Curl,,activated from reserve/COVID-19 list
2021-12-24,Washington,• Kendall Fuller,,activated from reserve/COVID-19 list
2021-12-24,Washington,• Kyle Allen,,activated from reserve/COVID-19 list
2021-12-24,Bears,• Andy Dalton,,activated from exempt/COVID-19 list
2021-12-24,Bills,• Bobby Hart,,activated from practice squad IR
2021-12-24,Browns,• Ross Travis,,activated from practice squad IR
2021-12-24,Steelers,• Montravius Adams,,activated from reserve/COVID-19 list
2021-12-24,Steelers,,• Montravius Adams,placed on exempt/COVID-19 list
2021-12-25,Bears,• Duke Shelley,,activated from IR
2021-12-25,Bengals,,• D.J. Reader,placed on reserve/COVID-19 list
2021-12-25,Bengals,,• Wyatt Ray,placed on reserve/COVID-19 list
2021-12-25,Bengals,• Chidobe Awuzie,,activated from reserve/COVID-19 list
2021-12-25,Bills,• Dion Dawkins,,activated from reserve/COVID-19 list
2021-12-25,Chargers,,• Donald Parham Jr.,placed on IR with concussion
2021-12-25,Chargers,,• Mike Williams (K.),placed on reserve/COVID-19 list
2021-12-25,Chiefs,• Lucas Niang,,activated from reserve/COVID-19 list
2021-12-25,Chiefs,• Nick Bolton,,activated from reserve/COVID-19 list
2021-12-25,Chiefs,• Travis Kelce,,activated from reserve/COVID-19 list
2021-12-25,Chiefs,• Tyreek Hill,,activated from reserve/COVID-19 list
2021-12-25,Colts,,• Darius Leonard / Shaquille Leonard / Shaq Leonard,placed on reserve/COVID-19 list
2021-12-25,Colts,,• Khari Willis,placed on reserve/COVID-19 list
2021-12-25,Colts,,• Zach Pascal,placed on reserve/COVID-19 list
2021-12-25,Cowboys,• Donovan Wilson,,activated from IR
2021-12-25,Cowboys,• Maurice Canady,,activated from IR
2021-12-25,Eagles,,• Shaun Bradley,placed on reserve/COVID-19 list
2021-12-25,Falcons,• Daren Bates,,activated from IR
2021-12-25,Giants,,• Danny Shelton,placed on reserve/COVID-19 list
2021-12-25,Giants,,• Nate Solder,placed on reserve/COVID-19 list
2021-12-25,Giants,• Aaron Robinson,,activated from reserve/COVID-19 list
2021-12-25,Giants,• Cameron Brown / Cam Brown (a),,activated from reserve/COVID-19 list
2021-12-25,Giants,• Natrell Jamerson,,activated from practice squad IR
2021-12-25,Jaguars,,• Jordan Smith,placed on reserve/COVID-19 list
2021-12-25,Jets,,• Jabari Zuniga,placed on reserve/practice squad COVID-19 list
2021-12-25,Lions,,• Amani Oruwariye,placed on IR with thumb injury
2021-12-25,Packers,,• Kevin King,placed on reserve/COVID-19 list
2021-12-25,Packers,,• La'Darius Hamilton / LaDarius Hamilton / Ladarius Hamilton,placed on reserve/practice squad COVID-19 list
2021-12-25,Packers,,• Shemar Jean-Charles,placed on reserve/COVID-19 list
2021-12-25,Panthers,,• Rashaan Melvin,placed on reserve/COVID-19 list
2021-12-25,Panthers,• Derrick Brown,,activated from reserve/COVID-19 list
2021-12-25,Panthers,• Sam Darnold,,activated from IR
2021-12-25,Patriots,,• Deatrich Wise Jr.,placed on reserve/COVID-19 list
2021-12-25,Patriots,• Joshua Uche / Josh Uche,,activated from IR
2021-12-25,Patriots,• Kendrick Bourne,,activated from reserve/COVID-19 list
2021-12-25,Raiders,,• Johnathan Abram,placed on IR with shoulder injury
2021-12-25,Raiders,• Nate Hobbs,,activated from reserve/COVID-19 list
2021-12-25,Raiders,• Tyree Gillespie,,activated from IR
2021-12-25,Rams,,• Andrew Whitworth,placed on reserve/COVID-19 list
2021-12-25,Rams,• Cam Akers,,activated from reserve/non-football injury list
2021-12-25,Rams,• Greg Howell / Buddy Howell,,activated from IR
2021-12-25,Ravens,,• Justice Hill,placed on reserve/COVID-19 list
2021-12-25,Ravens,,• Tyler Huntley,placed on reserve/COVID-19 list
2021-12-25,Ravens,• Daelin Hayes,,activated from IR
2021-12-25,Ravens,• Sammy Watkins,,activated from reserve/COVID-19 list
2021-12-25,Saints,,• Carl Granderson,placed on reserve/COVID-19 list
2021-12-25,Seahawks,,• Blessuan Austin / Bless Austin,placed on reserve/COVID-19 list
2021-12-25,Seahawks,• Kerry Hyder,,activated from reserve/COVID-19 list
2021-12-25,Steelers,,• Steven Sims Jr.,placed on reserve/practice squad COVID-19 list
2021-12-25,Steelers,• J.C. Hassenauer,,activated from IR
2021-12-25,Steelers,• Montravius Adams,,activated from exempt/COVID-19 list
2021-12-25,Texans,• Christian Kirksey,,activated from reserve/COVID-19 list
2021-12-25,Texans,• Danny Amendola,,activated from IR
2021-12-25,Texans,• DeMarcus Walker,,activated from IR
2021-12-25,Texans,• Jacob Martin / Jake Martin,,activated from reserve/COVID-19 list
2021-12-25,Texans,• Justin McCray,,activated from reserve/COVID-19 list
2021-12-25,Texans,• Terrance Mitchell,,activated from reserve/COVID-19 list
2021-12-25,Texans,• Terrence Brooks,,activated from reserve/COVID-19 list
2021-12-25,Titans,,• Nate Davis (Matthew Eugene),placed on reserve/COVID-19 list
2021-12-25,Washington,• Joey Slye,,activated from IR
2021-12-25,Washington,• Wendell Smallwood,,activated from practice squad IR
2021-12-26,Browns,,• Alex Taylor / Armani Taylor-Prioleau,placed on reserve/COVID-19 list
2021-12-26,Dolphins,,• Albert Wilson,placed on reserve/COVID-19 list
2021-12-26,Dolphins,,• Solomon Kindley,placed on reserve/COVID-19 list
2021-12-26,Falcons,,• Tyeler Davison,placed on reserve/COVID-19 list
2021-12-26,Jaguars,,• Myles Jack,placed on reserve/COVID-19 list
2021-12-26,Jets,,• Quinnen Williams,placed on reserve/COVID-19 list
2021-12-26,Panthers,,• Brandon Zylstra,placed on reserve/COVID-19 list
2021-12-26,Raiders,,• Bryan Edwards,placed on reserve/COVID-19 list
2021-12-26,Raiders,,• Marcus Mariota,placed on reserve/COVID-19 list
2021-12-26,Saints,,• Deonte Harris / Deonte Harty,placed on reserve/COVID-19 list
2021-12-26,Saints,,• Jerald Hawkins,placed on reserve/practice squad COVID-19 list
2021-12-26,Saints,,• KeiVarae Russell,placed on reserve/practice squad COVID-19 list
2021-12-26,Saints,,• Kwon Alexander,placed on reserve/COVID-19 list
2021-12-26,Saints,,• Malcolm Roach,placed on reserve/practice squad COVID-19 list
2021-12-26,Vikings,,• Rashod Hill,placed on reserve/COVID-19 list
2021-12-26,Vikings,,• Sean Mannion,placed on reserve/COVID-19 list
2021-12-27,49ers,,• Mitch Wishnowsky,placed on reserve/COVID-19 list
2021-12-27,Bengals,,• Brandon Allen,placed on reserve/COVID-19 list
2021-12-27,Bengals,,• Darius Phillips,placed on reserve/COVID-19 list
2021-12-27,Bills,,• Cameron Lewis / Cam Lewis,placed on reserve/COVID-19 list
2021-12-27,Bills,,• Ike Boettger,placed on IR with torn Achilles tendon
2021-12-27,Broncos,,• Andre Mintze,placed on reserve/COVID-19 list
2021-12-27,Broncos,,• Jonathan Harris,placed on reserve/practice squad COVID-19 list
2021-12-27,Broncos,,• Mike Purcell,placed on reserve/COVID-19 list
2021-12-27,Browns,,• Elijah Lee,placed on reserve/COVID-19 list
2021-12-27,Browns,• Drew Forbes,,activated from reserve/COVID-19 list
2021-12-27,Browns,• Jadeveon Clowney,,activated from reserve/COVID-19 list
2021-12-27,Browns,• Jedrick Wills Jr.,,activated from reserve/COVID-19 list
2021-12-27,Browns,• Kareem Hunt,,activated from reserve/COVID-19 list
2021-12-27,Browns,• Mack Wilson,,activated from reserve/COVID-19 list
2021-12-27,Browns,• Malik McDowell,,activated from reserve/COVID-19 list
2021-12-27,Browns,• Nathan Meadors / Nate Meadors,,activated from practice squad IR
2021-12-27,Browns,• Ronnie Harrison Jr.,,activated from reserve/COVID-19 list
2021-12-27,Browns,• Troy Hill (b. 1991-08-29),,activated from reserve/COVID-19 list
2021-12-27,Buccaneers,,• Mike Evans (Lynn),placed on reserve/COVID-19 list
2021-12-27,Buccaneers,• Breshad Perriman,,activated from reserve/COVID-19 list
2021-12-27,Cardinals,,• Markus Golden,placed on reserve/COVID-19 list
2021-12-27,Cardinals,,• Sean Harlow,placed on reserve/COVID-19 list
2021-12-27,Chargers,,• Alohi Gilman,placed on reserve/COVID-19 list
2021-12-27,Chargers,,• Chris Harris Jr.,placed on reserve/COVID-19 list
2021-12-27,Chargers,,• Michael Davis (b. 1995-01-06),placed on reserve/COVID-19 list
2021-12-27,Chargers,,• Nasir Adderley,placed on reserve/COVID-19 list
2021-12-27,Chargers,,• Senio Kelemete,placed on reserve/COVID-19 list
2021-12-27,Chargers,• Austin Ekeler,,activated from reserve/COVID-19 list
2021-12-27,Chargers,• Joe Gaziano,,activated from reserve/COVID-19 list
2021-12-27,Chargers,• Tevaughn Campbell,,activated from reserve/COVID-19 list
2021-12-27,Chiefs,• Gehrig Dieter,,activated from practice squad IR
2021-12-27,Chiefs,• Kyle Long,,activated from reserve/COVID-19 list
2021-12-27,Colts,,• Braden Smith,placed on reserve/COVID-19 list
2021-12-27,Colts,,• Chris Wilcox,placed on reserve/practice squad COVID-19 list
2021-12-27,Colts,,• Jahleel Addae,placed on reserve/COVID-19 list
2021-12-27,Colts,,• Malik Jefferson,placed on reserve/COVID-19 list
2021-12-27,Colts,,• Marlon Mack,placed on reserve/COVID-19 list
2021-12-27,Colts,,• Travis Carrie / T.J. Carrie,placed on reserve/COVID-19 list
2021-12-27,Cowboys,,• Aviante Collins,placed on reserve/practice squad COVID-19 list
2021-12-27,Cowboys,,• Brandon Smith (b. 1998-12-10),placed on reserve/practice squad COVID-19 list
2021-12-27,Cowboys,,• Francis Bernard,placed on reserve/COVID-19 list
2021-12-27,Cowboys,,• Isaac Alarcon,placed on reserve/practice squad COVID-19 list
2021-12-27,Dolphins,,• Allen Hurns,placed on reserve/COVID-19 list
2021-12-27,Eagles,,• Andre Chachere,placed on reserve/COVID-19 list
2021-12-27,Eagles,,• Derek Barnett,placed on reserve/COVID-19 list
2021-12-27,Eagles,,• Noah Togiai,placed on reserve/practice squad COVID-19 list
2021-12-27,Eagles,,• Tarron Jackson,placed on reserve/COVID-19 list
2021-12-27,Falcons,,• Brandon Copeland (b. 1991-07-02),placed on reserve/COVID-19 list
2021-12-27,Falcons,,• Dorian Etheridge,placed on reserve/practice squad COVID-19 list
2021-12-27,Falcons,,• James Vaughters,placed on reserve/COVID-19 list
2021-12-27,Falcons,,• Tajae Sharpe,placed on reserve/COVID-19 list
2021-12-27,Giants,,• Julian Love,placed on reserve/COVID-19 list
2021-12-27,Giants,,• Ka'Dar Hollman,placed on reserve/practice squad COVID-19 list
2021-12-27,Jaguars,,• Andrew Norwell,placed on reserve/COVID-19 list
2021-12-27,Jaguars,,• Brandon Linder,placed on reserve/COVID-19 list
2021-12-27,Jaguars,,• Chris Manhertz,placed on reserve/COVID-19 list
2021-12-27,Jaguars,,• Dan Arnold,placed on reserve/COVID-19 list
2021-12-27,Jaguars,,• Davon Hamilton,placed on reserve/COVID-19 list
2021-12-27,Jaguars,,• James Robinson (b. 1998-08-09),placed on IR with torn left Achilles tendon
2021-12-27,Jaguars,,• Jared Hocker,placed on reserve/practice squad COVID-19 list
2021-12-27,Jaguars,,• Jihad Ward,placed on reserve/COVID-19 list
2021-12-27,Jaguars,,• K'Lavon Chaisson,placed on reserve/COVID-19 list
2021-12-27,Jaguars,,• Lerentee McCray,placed on reserve/COVID-19 list
2021-12-27,Jaguars,,• Luke Farrell,placed on reserve/COVID-19 list
2021-12-27,Jaguars,,• Malcom Brown,placed on reserve/COVID-19 list
2021-12-27,Jets,,• Bryce Hall,placed on reserve/COVID-19 list
2021-12-27,Jets,,• Connor McGovern (b. 1993-04-27),placed on IR with knee injury
2021-12-27,Jets,,• Trevon Wesco,placed on IR with knee injury
2021-12-27,Jets,,• Tyler Kroft,placed on reserve/COVID-19 list
2021-12-27,Lions,,• Josh Reynolds,placed on reserve/COVID-19 list
2021-12-27,Lions,,• Steven Montez,placed on reserve/practice squad COVID-19 list
2021-12-27,Lions,• Jared Goff,,activated from reserve/COVID-19 list
2021-12-27,Packers,,• Amari Rodgers,placed on reserve/COVID-19 list
2021-12-27,Packers,,• Ben Braden,placed on reserve/COVID-19 list
2021-12-27,Packers,,• R.J. McIntosh,placed on reserve/practice squad COVID-19 list
2021-12-27,Packers,,• Tipa Galeai,placed on reserve/COVID-19 list
2021-12-27,Packers,,• Ty Summers,placed on reserve/COVID-19 list
2021-12-27,Panthers,,• Brian Burns,placed on reserve/COVID-19 list
2021-12-27,Panthers,,• Daviyon Nixon,placed on reserve/COVID-19 list
2021-12-27,Panthers,,• Marquis Haynes,placed on reserve/COVID-19 list
2021-12-27,Panthers,,• Matt Paradis,placed on reserve/COVID-19 list
2021-12-27,Panthers,,• Phil Hoskins,placed on reserve/COVID-19 list
2021-12-27,Panthers,,• Shaq Thompson,placed on reserve/COVID-19 list
2021-12-27,Panthers,• Matt Barkley,,activated from reserve/COVID-19 list
2021-12-27,Patriots,,• Ja'Whaun Bentley,placed on reserve/COVID-19 list
2021-12-27,Patriots,,• Matthew Judon / Matt Judon,placed on reserve/COVID-19 list
2021-12-27,Raiders,,• Casey Hayward Jr.,placed on reserve/COVID-19 list
2021-12-27,Raiders,,• Cory Littleton,placed on reserve/COVID-19 list
2021-12-27,Raiders,,• Darius Philon,placed on reserve/COVID-19 list
2021-12-27,Raiders,,• Denzel Perryman,placed on reserve/COVID-19 list
2021-12-27,Raiders,,• K.J. Wright,placed on reserve/COVID-19 list
2021-12-27,Raiders,,• Patrick Onwuasor,placed on reserve/COVID-19 list
2021-12-27,Ravens,• Jaylon Moore (b. 1997-07-01),,activated from practice squad IR
2021-12-27,Ravens,• Jimmy Smith (b),,activated from reserve/COVID-19 list
2021-12-27,Ravens,• Pernell McPhee,,activated from reserve/COVID-19 list
2021-12-27,Saints,,• Kevin White (Romone),placed on reserve/practice squad COVID-19 list
2021-12-27,Saints,,• Landon Young,placed on reserve/COVID-19 list
2021-12-27,Seahawks,,• L.J. Collier,placed on reserve/COVID-19 list
2021-12-27,Seahawks,• Ryan Izzo,,activated from practice squad IR
2021-12-27,Steelers,,• Anthony Miller (b. 1994-10-09),placed on reserve/practice squad COVID-19 list
2021-12-27,Steelers,,• Karl Joseph,placed on reserve/practice squad COVID-19 list
2021-12-27,Texans,,• David Johnson (Jerome),placed on reserve/COVID-19 list
2021-12-27,Texans,,• Neville Hewitt,placed on reserve/COVID-19 list
2021-12-27,Titans,,• Bud Dupree,placed on reserve/COVID-19 list
2021-12-27,Titans,,• Buster Skrine,placed on reserve/COVID-19 list
2021-12-27,Titans,,• Caleb Farley,placed on reserve/COVID-19 list
2021-12-27,Titans,,• Julio Jones,placed on reserve/COVID-19 list
2021-12-27,Titans,,• Nick Westbrook-Ikhine / Nick Westbrook,placed on reserve/COVID-19 list
2021-12-27,Titans,• Elijah Molden,,activated from reserve/COVID-19 list
2021-12-27,Titans,• Rodger Saffold,,activated from reserve/COVID-19 list
2021-12-27,Vikings,,• Olisaemeka Udoh / Oli Udoh,placed on reserve/COVID-19 list
2021-12-27,Washington,• Brandon Scherff,,activated from reserve/COVID-19 list
2021-12-27,Washington,• Cole Holcomb,,activated from reserve/COVID-19 list
2021-12-27,Bears,• Allen Robinson II,,activated from reserve/COVID-19 list
2021-12-27,Bears,• Jaylon Johnson,,activated from reserve/COVID-19 list
2021-12-27,Bears,• Jesse James (Dylan),,activated from reserve/COVID-19 list
2021-12-27,Bears,• Ryan Nall,,activated from reserve/COVID-19 list
2021-12-27,Bears,• Tashaun Gipson,,activated from reserve/COVID-19 list
2021-12-27,Cardinals,• Rodney Hudson,,activated from reserve/COVID-19 list
2021-12-27,Washington,• Tyler Larsen,,activated from reserve/COVID-19 list
2021-12-27,Bears,,• Allen Robinson II,placed on exempt/COVID-19 list
2021-12-27,Bears,,• Jaylon Johnson,placed on exempt/COVID-19 list
2021-12-27,Bears,,• Jesse James (Dylan),placed on exempt/COVID-19 list
2021-12-27,Bears,,• Ryan Nall,placed on exempt/COVID-19 list
2021-12-27,Bears,,• Tashaun Gipson,placed on exempt/COVID-19 list
2021-12-27,Cardinals,,• Rodney Hudson,placed on exempt/COVID-19 list
2021-12-27,Chargers,,• Andrew Brown,placed on reserve/practice squad COVID-19 list
2021-12-27,Chargers,,• Emeke Egbule,placed on reserve/practice squad COVID-19 list
2021-12-27,Jets,,• LaRoy Reynolds,placed on reserve/practice squad COVID-19 list
2021-12-27,Lions,,• Shane Zylstra,placed on practice squad IR with undisclosed injury
2021-12-27,Ravens,,• Tony Jefferson,placed on reserve/practice squad COVID-19 list
2021-12-27,Texans,,• Paul Quessenberry,placed on reserve/practice squad COVID-19 list
2021-12-27,Washington,,• Tyler Larsen,placed on IR with Achilles injury
2021-12-28,Bears,• Isaiah Coulter,,activated from practice squad IR
2021-12-28,Bengals,,• Auden Tate,placed on reserve/COVID-19 list
2021-12-28,Bills,• Mike Love (b. 1994-01-22),,activated from practice squad IR
2021-12-28,Broncos,,• DeShawn Williams,placed on IR with hyperextended left elbow
2021-12-28,Buccaneers,,• Jamel Dean,placed on reserve/COVID-19 list
2021-12-28,Buccaneers,,• Sean Murphy-Bunting / Sean Bunting,placed on reserve/COVID-19 list
2021-12-28,Cardinals,,• Breon Borders,placed on reserve/COVID-19 list
2021-12-28,Cardinals,,• Javon Hagan,placed on reserve/practice squad COVID-19 list
2021-12-28,Chargers,,• Davontae Harris,placed on reserve/COVID-19 list
2021-12-28,Chargers,,• Dustin Hopkins,placed on reserve/COVID-19 list
2021-12-28,Chargers,,• Matt Overton,placed on reserve/COVID-19 list
2021-12-28,Chargers,,• Trey Pipkins III,placed on reserve/COVID-19 list
2021-12-28,Chargers,• Andre Roberts,,activated from reserve/COVID-19 list
2021-12-28,Chargers,• Chase Daniel,,activated from reserve/COVID-19 list
2021-12-28,Chargers,• Chris Rumph II,,activated from reserve/COVID-19 list
2021-12-28,Chargers,• Justin Jones (Maurice),,activated from reserve/COVID-19 list
2021-12-28,Chargers,• Senio Kelemete,,activated from reserve/COVID-19 list
2021-12-28,Chiefs,• Daurice Fountain,,activated from practice squad IR
2021-12-28,Colts,,• Carson Wentz,placed on reserve/COVID-19 list
2021-12-28,Cowboys,,• Hunter Niswander,placed on reserve/COVID-19 list
2021-12-28,Dolphins,,• Adam Butler,placed on reserve/COVID-19 list
2021-12-28,Dolphins,,• Brandon Jones (b. 1998-04-02),placed on reserve/COVID-19 list
2021-12-28,Dolphins,,• Durval Queiroz Neto / Durval Neto / Durval Queiroz,placed on reserve/practice squad COVID-19 list
2021-12-28,Dolphins,,• John Jenkins,placed on reserve/COVID-19 list
2021-12-28,Dolphins,,• Preston Williams,placed on reserve/COVID-19 list
2021-12-28,Eagles,,• John Hightower,placed on reserve/practice squad COVID-19 list
2021-12-28,Falcons,,• Feleipe Franks,placed on reserve/COVID-19 list
2021-12-28,Falcons,,• Richie Grant,placed on reserve/COVID-19 list
2021-12-28,Jaguars,,• Damien Wilson,placed on reserve/COVID-19 list
2021-12-28,Jaguars,,• Jacob Hollister,placed on reserve/COVID-19 list
2021-12-28,Jaguars,,• Jay Tufele,placed on reserve/COVID-19 list
2021-12-28,Jaguars,,• Logan Cooke,placed on IR with right knee injury
2021-12-28,Jets,,• Isaiah Williams (a),placed on reserve/practice squad COVID-19 list
2021-12-28,Jets,,• Jarrad Davis,placed on reserve/COVID-19 list
2021-12-28,Lions,,• Brock Wright,placed on reserve/COVID-19 list
2021-12-28,Lions,,• Josh Woods,placed on IR with neck injury
2021-12-28,Lions,• Jashon Cornell,,activated from reserve/non-football injury list
2021-12-28,Packers,,• Marcedes Lewis,placed on reserve/COVID-19 list
2021-12-28,Packers,,• Oren Burks,placed on reserve/COVID-19 list
2021-12-28,Panthers,,• Sam Tecklenburg,placed on reserve/COVID-19 list
2021-12-28,Panthers,• Azur Kamara,,activated from reserve/COVID-19 list
2021-12-28,Panthers,• Sam Franklin Jr.,,activated from reserve/COVID-19 list
2021-12-28,Patriots,,• Brandon King (b. 1993-06-08),placed on reserve/COVID-19 list
2021-12-28,Patriots,,• Brian Hoyer,placed on reserve/COVID-19 list
2021-12-28,Patriots,,• Joshua Uche / Josh Uche,placed on reserve/COVID-19 list
2021-12-28,Patriots,• Cameron McGrone,,activated from reserve/COVID-19 list
2021-12-28,Patriots,• Ronnie Perkins,,activated from reserve/COVID-19 list
2021-12-28,Patriots,• Yasir Durant,,activated from reserve/COVID-19 list
2021-12-28,Raiders,,• Will Compton,placed on reserve/COVID-19 list
2021-12-28,Rams,,• Darrell Henderson,placed on IR with sprained MCL in right knee
2021-12-28,Rams,,• Ernest Jones (IV),placed on IR with left high ankle sprain
2021-12-28,Rams,• Javian Hawkins,,activated from practice squad IR
2021-12-28,Rams,• Joe Noteboom,,activated from reserve/COVID-19 list
2021-12-28,Rams,• Justin Lawler,,activated from practice squad IR
2021-12-28,Rams,• Warren Jackson,,activated from practice squad IR
2021-12-28,Ravens,,• Ar'Darius Washington,placed on reserve/COVID-19 list
2021-12-28,Ravens,,• Tyus Bowser,placed on reserve/COVID-19 list
2021-12-28,Ravens,• Chris Westry,,activated from reserve/COVID-19 list
2021-12-28,Saints,,• Wil Lutz,placed on reserve/COVID-19 list
2021-12-28,Saints,• Juwan Johnson,,activated from reserve/COVID-19 list
2021-12-28,Saints,• Malcolm Jenkins,,activated from reserve/COVID-19 list
2021-12-28,Seahawks,• Brandon Shell,,activated from reserve/COVID-19 list
2021-12-28,Seahawks,• Will Dissly,,activated from reserve/COVID-19 list
2021-12-28,Steelers,• Malcolm Pridgeon,,activated from practice squad IR
2021-12-28,Titans,,• Cody Hollister,placed on reserve/practice squad COVID-19 list
2021-12-28,Titans,,• Denico Autry,placed on reserve/COVID-19 list
2021-12-28,Titans,,• Jayon Brown,placed on reserve/COVID-19 list
2021-12-28,Lions,• Chris Williamson,,activated from practice squad IR
2021-12-28,Dolphins,,• Jordan Scarlett,placed on practice squad IR with undisclosed injury
2021-12-28,Dolphins,,• Tommylee Lewis,placed on practice squad IR with undisclosed injury
2021-12-28,Saints,,• Deonte Harris / Deonte Harty,placed on reserve/COVID-19 list
2021-12-29,Bears,,• Jalen Tabor / Teez Tabor,placed on IR with ankle injury
2021-12-29,Bears,,• Xavier Crawford,placed on IR with concussion
2021-12-29,Bears,• Allen Robinson II,,activated from exempt/COVID-19 list
2021-12-29,Bears,• Jaylon Johnson,,activated from exempt/COVID-19 list
2021-12-29,Bears,• Jesse James (Dylan),,activated from exempt/COVID-19 list
2021-12-29,Bears,• Ryan Nall,,activated from exempt/COVID-19 list
2021-12-29,Bears,• Tashaun Gipson,,activated from exempt/COVID-19 list
2021-12-29,Bengals,,• Germaine Pratt,placed on reserve/COVID-19 list
2021-12-29,Bengals,• Mike Thomas (Davonta),,activated from reserve/COVID-19 list
2021-12-29,Bills,• A.J. Epenesa,,activated from reserve/COVID-19 list
2021-12-29,Bills,• Cole Beasley,,activated from reserve/COVID-19 list
2021-12-29,Bills,• Gabriel Davis / Gabe Davis,,activated from reserve/COVID-19 list
2021-12-29,Bills,• Jon Feliciano,,activated from reserve/COVID-19 list
2021-12-29,Broncos,,• Caden Sterns,placed on reserve/COVID-19 list
2021-12-29,Broncos,,• Calvin Anderson,placed on reserve/COVID-19 list
2021-12-29,Broncos,,• Tim Patrick,placed on reserve/COVID-19 list
2021-12-29,Broncos,,• Tyrie Cleveland,placed on reserve/practice squad COVID-19 list
2021-12-29,Browns,,• Nick Mullens,placed on reserve/practice squad COVID-19 list
2021-12-29,Cardinals,,• Devon Kennard,placed on reserve/COVID-19 list
2021-12-29,Cardinals,• Andy Lee (P.),,activated from reserve/COVID-19 list
2021-12-29,Cardinals,• Rodney Hudson,,activated from exempt/COVID-19 list
2021-12-29,Chargers,,• Kenneth Murray Jr.,placed on reserve/COVID-19 list
2021-12-29,Chargers,,• Storm Norton,placed on reserve/COVID-19 list
2021-12-29,Chargers,• Cole Christiansen,,activated from practice squad IR
2021-12-29,Chargers,• Corey Linsley,,activated from reserve/COVID-19 list
2021-12-29,Chargers,• Jalen Guyton,,activated from reserve/COVID-19 list
2021-12-29,Chargers,• Joey Bosa,,activated from reserve/COVID-19 list
2021-12-29,Chargers,• Kemon Hall,,activated from reserve/COVID-19 list
2021-12-29,Chargers,• Trey Marshall,,activated from reserve/COVID-19 list
2021-12-29,Chargers,• Tristan Vizcaino,,activated from practice squad IR
2021-12-29,Chiefs,• Armani Watts,,activated from reserve/COVID-19 list
2021-12-29,Chiefs,• Darius Harris,,activated from practice squad IR
2021-12-29,Chiefs,• Harrison Butker,,activated from reserve/COVID-19 list
2021-12-29,Chiefs,• Rashad Fenton,,activated from reserve/COVID-19 list
2021-12-29,Chiefs,• Tommy Townsend,,activated from reserve/COVID-19 list
2021-12-29,Colts,,• Eli Wolf,placed on reserve/practice squad COVID-19 list
2021-12-29,Colts,,• James Morgan,placed on reserve/practice squad COVID-19 list
2021-12-29,Colts,• Farrod Green,,activated from practice squad IR
2021-12-29,Colts,• Kemoko Turay,,activated from reserve/COVID-19 list
2021-12-29,Colts,• Mark Glowinski,,activated from reserve/COVID-19 list
2021-12-29,Colts,• Quenton Nelson,,activated from reserve/COVID-19 list
2021-12-29,Colts,• Rock Ya-Sin,,activated from reserve/COVID-19 list
2021-12-29,Cowboys,• Brandon Smith (b. 1998-12-10),,activated from practice squad IR
2021-12-29,Cowboys,• JaQuan Hardy,,activated from practice squad IR
2021-12-29,Cowboys,• Malik Hooker,,activated from reserve/COVID-19 list
2021-12-29,Cowboys,• Trysten Hill,,activated from reserve/COVID-19 list
2021-12-29,Dolphins,,• Spencer Pulley,placed on reserve/practice squad COVID-19 list
2021-12-29,Dolphins,• Cethan Carter,,activated from reserve/COVID-19 list
2021-12-29,Dolphins,• Duke Riley,,activated from reserve/COVID-19 list
2021-12-29,Dolphins,• Greg Mancz,,activated from reserve/COVID-19 list
2021-12-29,Dolphins,• Justin Coleman,,activated from reserve/COVID-19 list
2021-12-29,Dolphins,• Lynn Bowden Jr.,,activated from reserve/COVID-19 list
2021-12-29,Dolphins,• Robert Jones (e),,activated from reserve/COVID-19 list
2021-12-29,Eagles,• Andre Dillard,,activated from reserve/COVID-19 list
2021-12-29,Eagles,• Le'Raven Clark,,activated from reserve/COVID-19 list
2021-12-29,Eagles,• Ryan Kerrigan,,activated from reserve/COVID-19 list
2021-12-29,Eagles,• Tarron Jackson,,activated from reserve/COVID-19 list
2021-12-29,Falcons,,• Hayden Hurst,placed on reserve/COVID-19 list
2021-12-29,Falcons,,• Jaylinn Hawkins,placed on reserve/COVID-19 list
2021-12-29,Falcons,,• Jonathan Bullard,placed on reserve/COVID-19 list
2021-12-29,Falcons,,• Willie Beavers,placed on reserve/practice squad COVID-19 list
2021-12-29,Giants,,• Dexter Lawrence,placed on reserve/COVID-19 list
2021-12-29,Giants,• Adoree' Jackson,,activated from reserve/COVID-19 list
2021-12-29,Giants,• John Ross III,,activated from reserve/COVID-19 list
2021-12-29,Giants,• Keion Crossen,,activated from reserve/COVID-19 list
2021-12-29,Jaguars,,• Cam Robinson,placed on reserve/COVID-19 list
2021-12-29,Jaguars,,• Dylan Moses,placed on reserve/COVID-19 list
2021-12-29,Jaguars,,• Jaydon Mickens,placed on reserve/COVID-19 list
2021-12-29,Jaguars,,• Johnathan Ford / Rudy Ford,placed on reserve/COVID-19 list
2021-12-29,Jaguars,,• Josh Hammond,placed on reserve/practice squad COVID-19 list
2021-12-29,Jets,,• Kendarius Webster / Ken Webster,placed on reserve/practice squad COVID-19 list
2021-12-29,Jets,• Folorunso Fatukasi / Foley Fatukasi,,activated from reserve/COVID-19 list
2021-12-29,Jets,• Hamsah Nasirildeen,,activated from reserve/COVID-19 list
2021-12-29,Jets,• Joe Flacco,,activated from reserve/COVID-19 list
2021-12-29,Jets,• Jonathan Marshall,,activated from reserve/COVID-19 list
2021-12-29,Jets,• Kenny Yeboah,,activated from reserve/COVID-19 list
2021-12-29,Jets,• Lamar Jackson (b. 1998-04-13),,activated from practice squad IR
2021-12-29,Jets,• Michael Carter II,,activated from reserve/COVID-19 list
2021-12-29,Jets,• Noah Dawkins,,activated from practice squad IR
2021-12-29,Jets,• Tanzel Smart,,activated from practice squad IR
2021-12-29,Lions,,• Geronimo Allison,placed on reserve/practice squad COVID-19 list
2021-12-29,Lions,,• Halapoulivaati Vaitai,placed on reserve/COVID-19 list
2021-12-29,Lions,,• Michael Brockers,placed on reserve/COVID-19 list
2021-12-29,Lions,• Matt Nelson,,activated from reserve/COVID-19 list
2021-12-29,Lions,• Quintez Cephus,,activated from reserve/COVID-19 list
2021-12-29,Lions,• Trinity Benson,,activated from reserve/COVID-19 list
2021-12-29,Packers,,• Corey Bojorquez,placed on reserve/COVID-19 list
2021-12-29,Packers,,• Henry Black,placed on reserve/COVID-19 list
2021-12-29,Packers,,• Kingsley Keke,placed on reserve/COVID-19 list
2021-12-29,Packers,,• Tyler Davis,placed on reserve/COVID-19 list
2021-12-29,Packers,• Jaire Alexander,,activated from IR
2021-12-29,Panthers,,• Haason Reddick,placed on reserve/COVID-19 list
2021-12-29,Panthers,,• Phillip Walker / P.J. Walker,placed on reserve/COVID-19 list
2021-12-29,Panthers,• Austin Larkin,,activated from practice squad IR
2021-12-29,Panthers,• Dennis Daley,,activated from reserve/COVID-19 list
2021-12-29,Panthers,• Pat Elflein,,activated from reserve/COVID-19 list
2021-12-29,Patriots,• Harvey Langi,,activated from reserve/COVID-19 list
2021-12-29,Patriots,• Rhamondre Stevenson,,activated from reserve/COVID-19 list
2021-12-29,Raiders,,• Darren Waller,placed on reserve/COVID-19 list
2021-12-29,Raiders,,• Jeremiah Poutasi,placed on reserve/practice squad COVID-19 list
2021-12-29,Raiders,,• Kendal Vickers,placed on reserve/COVID-19 list
2021-12-29,Raiders,,• Lester Cotton,placed on reserve/practice squad COVID-19 list
2021-12-29,Raiders,• Brandon Facyson,,activated from reserve/COVID-19 list
2021-12-29,Raiders,• Jermaine Eluemunor,,activated from reserve/COVID-19 list
2021-12-29,Raiders,• Roderic Teamer,,activated from reserve/COVID-19 list
2021-12-29,Rams,,• Raymond Calais,placed on reserve/COVID-19 list
2021-12-29,Ravens,• Chris Board,,activated from reserve/COVID-19 list
2021-12-29,Ravens,• Chris Streveler,,activated from reserve/COVID-19 list
2021-12-29,Ravens,• David Sharpe,,activated from reserve/COVID-19 list
2021-12-29,Ravens,• Geno Stone,,activated from reserve/COVID-19 list
2021-12-29,Ravens,• Justin Houston,,activated from reserve/COVID-19 list
2021-12-29,Ravens,• Kristian Welch,,activated from reserve/COVID-19 list
2021-12-29,Ravens,• Tyus Bowser,,activated from reserve/COVID-19 list
2021-12-29,Saints,,• Marcus Williams (Alan),placed on reserve/COVID-19 list
2021-12-29,Saints,• Adam Trautman,,activated from reserve/COVID-19 list
2021-12-29,Saints,• Christian Ringo,,activated from reserve/COVID-19 list
2021-12-29,Saints,• Demario Davis,,activated from reserve/COVID-19 list
2021-12-29,Saints,• J.T. Gray,,activated from reserve/COVID-19 list
2021-12-29,Saints,• James Carpenter,,activated from reserve/COVID-19 list
2021-12-29,Saints,• Jeff Heath,,activated from reserve/COVID-19 list
2021-12-29,Saints,• Jordan Mills,,activated from reserve/COVID-19 list
2021-12-29,Saints,• Kaden Elliss,,activated from reserve/COVID-19 list
2021-12-29,Saints,• Kwon Alexander,,activated from reserve/COVID-19 list
2021-12-29,Saints,• Taysom Hill,,activated from reserve/COVID-19 list
2021-12-29,Saints,• Trevor Siemian,,activated from reserve/COVID-19 list
2021-12-29,Seahawks,,• Adrian Peterson (Lewis),placed on practice squad IR with back injury
2021-12-29,Seahawks,• Bryan Mone,,activated from reserve/COVID-19 list
2021-12-29,Seahawks,• D.J. Reed,,activated from reserve/COVID-19 list
2021-12-29,Seahawks,• Michael Jackson / Mike Jackson (b. 1997-01-10),,activated from practice squad IR
2021-12-29,Steelers,,• Tyler Vaughns,placed on reserve/practice squad COVID-19 list
2021-12-29,Steelers,• Rico Bussey,,activated from practice squad IR
2021-12-29,Texans,,• Chris Moore (b. 1993-06-16),placed on reserve/COVID-19 list
2021-12-29,Texans,,• Cole Toner,placed on IR with illness
2021-12-29,Texans,,• Dominik Eberle,placed on reserve/practice squad COVID-19 list
2021-12-29,Texans,,• Phillip Dorsett II,placed on IR with ankle/foot injury
2021-12-29,Texans,,• Ron'Dell Carter,placed on reserve/COVID-19 list
2021-12-29,Texans,• Brandin Cooks,,activated from reserve/COVID-19 list
2021-12-29,Texans,• Cre'Von LeBlanc,,activated from practice squad IR
2021-12-29,Texans,• Derek Rivers,,activated from reserve/COVID-19 list
2021-12-29,Texans,• Eric Murray,,activated from reserve/COVID-19 list
2021-12-29,Texans,• Eric Wilson (Andre),,activated from reserve/COVID-19 list
2021-12-29,Texans,• Jaleel Johnson,,activated from reserve/COVID-19 list
2021-12-29,Texans,• Jonathan Greenard,,activated from reserve/COVID-19 list
2021-12-29,Texans,• Jordan Jenkins,,activated from reserve/COVID-19 list
2021-12-29,Texans,• Justin Britt (b. 1991-05-29),,activated from reserve/COVID-19 list
2021-12-29,Texans,• Ka'imi Fairbairn,,activated from reserve/COVID-19 list
2021-12-29,Texans,• Kamu Grugier-Hill,,activated from reserve/COVID-19 list
2021-12-29,Texans,• Lane Taylor,,activated from reserve/COVID-19 list
2021-12-29,Texans,• Neville Hewitt,,activated from reserve/COVID-19 list
2021-12-29,Texans,• Roy Lopez,,activated from reserve/COVID-19 list
2021-12-29,Titans,,• Briean Boddy-Calhoun,placed on reserve/practice squad COVID-19 list
2021-12-29,Titans,• Taylor Lewan,,activated from reserve/COVID-19 list
2021-12-29,Vikings,,• Adam Thielen,placed on IR with left ankle injury
2021-12-29,Vikings,,• Patrick Jones II,placed on reserve/COVID-19 list
2021-12-29,Vikings,• Dalvin Cook,,activated from reserve/COVID-19 list
2021-12-29,Vikings,• Tye Smith,,activated from practice squad IR
2021-12-29,Washington,,• Beau Benzschawel,placed on reserve/practice squad COVID-19 list
2021-12-29,Washington,,• Darryl Roberts,placed on reserve/COVID-19 list
2021-12-29,Washington,,• David Steinmetz,placed on reserve/practice squad COVID-19 list
2021-12-29,Broncos,• Lloyd Cushenberry III,,activated from reserve/COVID-19 list
2021-12-29,Packers,• Marquez Valdes-Scantling,,activated from reserve/COVID-19 list
2021-12-29,Broncos,,• Lloyd Cushenberry III,placed on exempt/COVID-19 list
2021-12-29,Packers,,• Jayson Stanley,placed on reserve/practice squad COVID-19 list
2021-12-29,Packers,,• Marquez Valdes-Scantling,placed on exempt/COVID-19 list
2021-12-30,Bengals,• D.J. Reader,,activated from reserve/COVID-19 list
2021-12-30,Bengals,• Wyatt Ray,,activated from reserve/COVID-19 list
2021-12-30,Bills,• Cameron Lewis / Cam Lewis,,activated from reserve/COVID-19 list
2021-12-30,Bills,• Cody Ford,,activated from reserve/COVID-19 list
2021-12-30,Bills,• Quintin Morris,,activated from reserve/practice squad COVID-19 list
2021-12-30,Broncos,,• Bobby Massie,placed on reserve/COVID-19 list
2021-12-30,Broncos,,• Bryce Callahan,placed on reserve/COVID-19 list
2021-12-30,Broncos,,• Mike Ford Jr.,placed on reserve/COVID-19 list
2021-12-30,Broncos,,• Stephen Weatherly,placed on reserve/COVID-19 list
2021-12-30,Broncos,• Lloyd Cushenberry III,,activated from exempt/COVID-19 list
2021-12-30,Browns,• Chase McLaughlin,,activated from reserve/COVID-19 list
2021-12-30,Browns,• Greg Newsome II,,activated from reserve/COVID-19 list
2021-12-30,Browns,• J.C. Tretter,,activated from reserve/COVID-19 list
2021-12-30,Browns,• Jordan Elliott,,activated from reserve/COVID-19 list
2021-12-30,Buccaneers,• Rakeem Nunez-Roches,,activated from reserve/COVID-19 list
2021-12-30,Cardinals,,• D.J. Humphries,placed on reserve/COVID-19 list
2021-12-30,Chargers,• Emeke Egbule,,activated from practice squad IR
2021-12-30,Chargers,• Michael Davis (b. 1995-01-06),,activated from reserve/COVID-19 list
2021-12-30,Chargers,• Mike Williams (K.),,activated from reserve/COVID-19 list
2021-12-30,Colts,• Darius Leonard / Shaquille Leonard / Shaq Leonard,,activated from reserve/COVID-19 list
2021-12-30,Colts,• Khari Willis,,activated from reserve/COVID-19 list
2021-12-30,Colts,• Zach Pascal,,activated from reserve/COVID-19 list
2021-12-30,Cowboys,,• Kyron Brown,placed on reserve/practice squad COVID-19 list
2021-12-30,Cowboys,,• Tyler Coyle,placed on reserve/practice squad COVID-19 list
2021-12-30,Cowboys,• Jourdan Lewis,,activated from reserve/COVID-19 list
2021-12-30,Eagles,• Shaun Bradley,,activated from reserve/COVID-19 list
2021-12-30,Falcons,,• Jason Spriggs,placed on reserve/COVID-19 list
2021-12-30,Giants,,• Darius Slayton,placed on reserve/COVID-19 list
2021-12-30,Giants,,• Gary Brightwell,placed on IR with neck injury (out for season)
2021-12-30,Giants,,• Korey Cunningham,placed on reserve/COVID-19 list
2021-12-30,Giants,,• Matt Peart,placed on IR with torn ACL in left knee
2021-12-30,Giants,,• Omari Cobb,placed on reserve/practice squad COVID-19 list
2021-12-30,Giants,• Nate Solder,,activated from reserve/COVID-19 list
2021-12-30,Jaguars,,• Andrew Wingard,placed on reserve/COVID-19 list
2021-12-30,Jaguars,,• B.J. Emmons,placed on reserve/practice squad COVID-19 list
2021-12-30,Jaguars,,• Will Richardson,placed on IR with finger injury
2021-12-30,Jets,,• Tevin Coleman,placed on reserve/COVID-19 list
2021-12-30,Jets,,• Zane Lewis,placed on reserve/COVID-19 list
2021-12-30,Jets,• Alijah Vera-Tucker,,activated from reserve/COVID-19 list
2021-12-30,Jets,• Ashtyn Davis,,activated from reserve/COVID-19 list
2021-12-30,Jets,• Hamilcar Rashed Jr.,,activated from practice squad IR
2021-12-30,Jets,• John Franklin-Myers,,activated from reserve/COVID-19 list
2021-12-30,Jets,• Laurent Duvernay-Tardif,,activated from reserve/COVID-19 list
2021-12-30,Jets,• Vyncint Smith,,activated from practice squad IR
2021-12-30,Lions,,• Kalif Raymond,placed on reserve/COVID-19 list
2021-12-30,Packers,,• Elgton Jenkins,placed on reserve/COVID-19 list
2021-12-30,Packers,,• Randy Ramsey,placed on reserve/COVID-19 list
2021-12-30,Packers,• Marquez Valdes-Scantling,,activated from exempt/COVID-19 list
2021-12-30,Panthers,,• Darryl Johnson Jr.,placed on reserve/COVID-19 list
2021-12-30,Panthers,,• Frank Herron,placed on reserve/practice squad COVID-19 list
2021-12-30,Panthers,,• Kenny Robinson,placed on reserve/COVID-19 list
2021-12-30,Panthers,,• Reggie Bonnafon,placed on reserve/practice squad COVID-19 list
2021-12-30,Panthers,• Rashaan Melvin,,activated from reserve/COVID-19 list
2021-12-30,Patriots,,• Joshuah Bledsoe,placed on IR with calf injury
2021-12-30,Patriots,,• Yodny Cajuste,placed on reserve/COVID-19 list
2021-12-30,Patriots,• Deatrich Wise Jr.,,activated from reserve/COVID-19 list
2021-12-30,Raiders,,• Carl Nassib,placed on reserve/COVID-19 list
2021-12-30,Raiders,,• Jordan Simmons,placed on reserve/COVID-19 list
2021-12-30,Raiders,• Bryan Edwards,,activated from reserve/COVID-19 list
2021-12-30,Rams,• Andrew Whitworth,,activated from reserve/COVID-19 list
2021-12-30,Ravens,,• Nate McCrary,placed on practice squad IR with undisclosed injury
2021-12-30,Ravens,,• Tyre Phillips,placed on IR with knee injury
2021-12-30,Ravens,• Nnamdi Madubuike / Justin Madubuike,,activated from reserve/COVID-19 list
2021-12-30,Ravens,• Tony Jefferson,,activated from practice squad IR
2021-12-30,Ravens,• Tyler Huntley,,activated from reserve/COVID-19 list
2021-12-30,Redskins,,• Tress Way,placed on reserve/COVID-19 list
2021-12-30,Saints,,• Erik McCoy,placed on reserve/COVID-19 list
2021-12-30,Saints,• Carl Granderson,,activated from reserve/COVID-19 list
2021-12-30,Saints,• Jalyn Holmes,,activated from reserve/COVID-19 list
2021-12-30,Seahawks,,• Damien Lewis,placed on reserve/COVID-19 list
2021-12-30,Steelers,,• Arthur Maulet,placed on reserve/COVID-19 list
2021-12-30,Texans,,• Danny Amendola,placed on reserve/COVID-19 list
2021-12-30,Texans,• A.J. Moore Jr.,,activated from reserve/COVID-19 list
2021-12-30,Texans,• Tae Davis (Marquez),,activated from reserve/COVID-19 list
2021-12-30,Titans,• Caleb Farley,,activated from reserve/COVID-19 list
2021-12-30,Titans,• Nate Davis (Matthew Eugene),,activated from reserve/COVID-19 list
2021-12-30,Vikings,,• Nick Vigil,placed on reserve/COVID-19 list
2021-12-30,Washington,,• Kyle Shurmur,placed on reserve/practice squad COVID-19 list
2021-12-30,Washington,,• Samuel Cosmi / Sam Cosmi,placed on reserve/COVID-19 list
2021-12-30,Washington,• Nate Orchard,,activated from reserve/COVID-19 list
2021-12-30,Washington,• Zack Bailey,,activated from practice squad IR
2021-12-30,Packers,• Kevin King,,activated from reserve/COVID-19 list
2021-12-30,Packers,• Shemar Jean-Charles,,activated from reserve/COVID-19 list
2021-12-30,Steelers,• Marcus Allen (Deshawn),,activated from reserve/COVID-19 list
2021-12-30,Packers,,• Kevin King,placed on exempt/COVID-19 list
2021-12-30,Packers,,• Shemar Jean-Charles,placed on exempt/COVID-19 list
2021-12-30,Steelers,,• Marcus Allen (Deshawn),placed on exempt/COVID-19 list
2021-12-31,Bears,• Akiem Hicks,,activated from reserve/COVID-19 list
2021-12-31,Bengals,,• Trae Waynes,placed on reserve/COVID-19 list
2021-12-31,Bengals,,• Trenton Irwin,placed on reserve/COVID-19 list
2021-12-31,Bills,• Tre'Davious White,,activated from reserve/COVID-19 list
2021-12-31,Broncos,,• Baron Browning,placed on reserve/COVID-19 list
2021-12-31,Broncos,,• Bradley Chubb,placed on reserve/COVID-19 list
2021-12-31,Broncos,,• Jerry Jeudy,placed on reserve/COVID-19 list
2021-12-31,Broncos,,• Jonathon Cooper,placed on reserve/COVID-19 list
2021-12-31,Broncos,,• McTelvin Agim,placed on reserve/COVID-19 list
2021-12-31,Broncos,• Barrington Wade,,activated from practice squad IR
2021-12-31,Broncos,• Drew Himmelman,,activated from practice squad IR
2021-12-31,Browns,,• John Kelly Jr.,placed on practice squad IR with ankle injury
2021-12-31,Buccaneers,,• Bradley Pinion,placed on reserve/COVID-19 list
2021-12-31,Buccaneers,• Mike Evans (Lynn),,activated from reserve/COVID-19 list
2021-12-31,Cardinals,• Sean Harlow,,activated from reserve/COVID-19 list
2021-12-31,Chargers,,• Damon Lloyd,placed on reserve/COVID-19 list
2021-12-31,Chargers,,• Jared Cook,placed on reserve/COVID-19 list
2021-12-31,Colts,,• Luke Rhodes,placed on reserve/COVID-19 list
2021-12-31,Colts,• Jahleel Addae,,activated from reserve/COVID-19 list
2021-12-31,Colts,• Marlon Mack,,activated from reserve/COVID-19 list
2021-12-31,Cowboys,,• Keanu Neal,placed on reserve/COVID-19 list
2021-12-31,Cowboys,,• Quinton Bohanna,placed on reserve/COVID-19 list
2021-12-31,Dolphins,• Albert Wilson,,activated from reserve/COVID-19 list
2021-12-31,Dolphins,• Allen Hurns,,activated from reserve/COVID-19 list
2021-12-31,Dolphins,• Solomon Kindley,,activated from reserve/COVID-19 list
2021-12-31,Eagles,,• Keesean Johnson,placed on reserve/practice squad COVID-19 list
2021-12-31,Falcons,• Tyeler Davison,,activated from reserve/COVID-19 list
2021-12-31,Giants,• Jonotthan Harrison,,activated from practice squad IR (COVID)
2021-12-31,Jaguars,,• Shaquill Griffin,placed on reserve/COVID-19 list
2021-12-31,Jaguars,• Damien Wilson,,activated from reserve/COVID-19 list
2021-12-31,Jaguars,• Jordan Smith,,activated from reserve/COVID-19 list
2021-12-31,Jaguars,• Josh Hines-Allen / Josh Allen (b. 1997-07-13),,activated from reserve/COVID-19 list
2021-12-31,Jaguars,• Laviska Shenault Jr.,,activated from reserve/COVID-19 list
2021-12-31,Jaguars,• Luke Farrell,,activated from reserve/COVID-19 list
2021-12-31,Jaguars,• Myles Jack,,activated from reserve/COVID-19 list
2021-12-31,Jaguars,• Travis Etienne,,activated from reserve/COVID-19 list
2021-12-31,Packers,,• J.J. Molson,placed on reserve/practice squad COVID-19 list
2021-12-31,Packers,,• Ray Wilborn,placed on reserve/practice squad COVID-19 list
2021-12-31,Packers,• Henry Black,,activated from reserve/COVID-19 list
2021-12-31,Packers,• Kevin King,,activated from exempt/COVID-19 list
2021-12-31,Packers,• La'Darius Hamilton / LaDarius Hamilton / Ladarius Hamilton,,activated from reserve/practice squad COVID-19 list
2021-12-31,Packers,• Shemar Jean-Charles,,activated from exempt/COVID-19 list
2021-12-31,Packers,• Tipa Galeai,,activated from reserve/COVID-19 list
2021-12-31,Panthers,,• Jaycee Horn,placed on reserve/COVID-19 list
2021-12-31,Panthers,,• Tommy Tremble,placed on reserve/COVID-19 list
2021-12-31,Panthers,• Brandon Zylstra,,activated from reserve/COVID-19 list
2021-12-31,Panthers,• Kenny Robinson,,activated from reserve/COVID-19 list
2021-12-31,Raiders,• K.J. Wright,,activated from reserve/COVID-19 list
2021-12-31,Raiders,• Marcus Mariota,,activated from reserve/COVID-19 list
2021-12-31,Saints,,• Chase Hansen,placed on reserve/practice squad COVID-19 list
2021-12-31,Saints,,• Dylan Mabin,placed on reserve/practice squad COVID-19 list
2021-12-31,Saints,,• Ethan Wolf,placed on reserve/practice squad COVID-19 list
2021-12-31,Saints,• Deonte Harris / Deonte Harty,,activated from reserve/COVID-19 list
2021-12-31,Saints,• Dwayne Washington,,activated from reserve/COVID-19 list
2021-12-31,Saints,• Jerald Hawkins,,activated from practice squad IR
2021-12-31,Saints,• KeiVarae Russell,,activated from practice squad IR
2021-12-31,Seahawks,• L.J. Collier,,activated from reserve/COVID-19 list
2021-12-31,Steelers,,• Chris Wormley,placed on reserve/COVID-19 list
2021-12-31,Steelers,,• Daniel Archibong,placed on reserve/practice squad COVID-19 list
2021-12-31,Steelers,,• Joe Schobert,placed on reserve/COVID-19 list
2021-12-31,Steelers,• Marcus Allen (Deshawn),,activated from exempt/COVID-19 list
2021-12-31,Texans,,• Antony Auclair,placed on reserve/COVID-19 list
2021-12-31,Texans,,• Kevin Pierre-Louis,placed on reserve/COVID-19 list
2021-12-31,Texans,• Maliek Collins,,activated from reserve/COVID-19 list
2021-12-31,Titans,• Nick Westbrook-Ikhine / Nick Westbrook,,activated from reserve/COVID-19 list
2021-12-31,Vikings,,• Kirk Cousins,placed on reserve/COVID-19 list
2021-12-31,Vikings,• Rashod Hill,,activated from reserve/COVID-19 list
2021-12-31,Vikings,• Sean Mannion,,activated from reserve/COVID-19 list
2021-12-31,Washington,,• Antonio Gibson (b. 1998-06-23),placed on reserve/COVID-19 list
2021-12-31,Washington,,• Ereck Flowers,placed on reserve/COVID-19 list
2022-01-01,49ers,• Mitch Wishnowsky,,activated from reserve/COVID-19 list
2022-01-01,Bengals,,• Scotty Washington,placed on reserve/practice squad COVID-19 list
2022-01-01,Bengals,• Brandon Allen,,activated from reserve/COVID-19 list
2022-01-01,Bengals,• Germaine Pratt,,activated from reserve/COVID-19 list
2022-01-01,Broncos,• Andre Mintze,,activated from reserve/COVID-19 list
2022-01-01,Broncos,• Andre Mintze,,activated from IR
2022-01-01,Browns,,• Miller Forristall,placed on practice squad IR with undisclosed injury
2022-01-01,Buccaneers,• Jamel Dean,,activated from reserve/COVID-19 list
2022-01-01,Buccaneers,• Sean Murphy-Bunting / Sean Bunting,,activated from reserve/COVID-19 list
2022-01-01,Cardinals,• Tanner Vallejo,,activated from IR
2022-01-01,Chargers,• Alohi Gilman,,activated from reserve/COVID-19 list
2022-01-01,Chargers,• Chris Harris Jr.,,activated from reserve/COVID-19 list
2022-01-01,Chargers,• Davontae Harris,,activated from reserve/COVID-19 list
2022-01-01,Chargers,• Dustin Hopkins,,activated from reserve/COVID-19 list
2022-01-01,Chargers,• Matt Overton,,activated from reserve/COVID-19 list
2022-01-01,Chargers,• Nasir Adderley,,activated from reserve/COVID-19 list
2022-01-01,Chargers,• Storm Norton,,activated from reserve/COVID-19 list
2022-01-01,Chargers,• Trey Pipkins III,,activated from reserve/COVID-19 list
2022-01-01,Chiefs,• Jerick McKinnon,,activated from IR
2022-01-01,Colts,• Braden Smith,,activated from reserve/COVID-19 list
2022-01-01,Colts,• Carson Wentz,,activated from reserve/COVID-19 list
2022-01-01,Colts,• Chris Wilcox,,activated from practice squad IR
2022-01-01,Colts,• Travis Carrie / T.J. Carrie,,activated from reserve/COVID-19 list
2022-01-01,Cowboys,• Aviante Collins,,activated from practice squad IR
2022-01-01,Cowboys,• Noah Brown,,activated from IR
2022-01-01,Cowboys,• Simi Fehoko,,activated from reserve/COVID-19 list
2022-01-01,Dolphins,,• Noah Igbinoghene,placed on reserve/COVID-19 list
2022-01-01,Dolphins,,• Sheldrick Redwine,placed on reserve/COVID-19 list
2022-01-01,Dolphins,• Adam Butler,,activated from reserve/COVID-19 list
2022-01-01,Dolphins,• Brandon Jones (b. 1998-04-02),,activated from reserve/COVID-19 list
2022-01-01,Dolphins,• Brennan Scarlett,,activated from IR
2022-01-01,Eagles,,• Craig James (b. 1996-04-29),placed on reserve/practice squad COVID-19 list
2022-01-01,Eagles,• Derek Barnett,,activated from reserve/COVID-19 list
2022-01-01,Falcons,• Brandon Copeland (b. 1991-07-02),,activated from reserve/COVID-19 list
2022-01-01,Falcons,• Feleipe Franks,,activated from reserve/COVID-19 list
2022-01-01,Falcons,• Richie Grant,,activated from reserve/COVID-19 list
2022-01-01,Giants,,• Dante Pettis,placed on reserve/COVID-19 list
2022-01-01,Giants,• Julian Love,,activated from reserve/COVID-19 list
2022-01-01,Jaguars,,• Dawuane Smoot,placed on reserve/COVID-19 list
2022-01-01,Jaguars,• Andrew Norwell,,activated from reserve/COVID-19 list
2022-01-01,Jaguars,• Chris Manhertz,,activated from reserve/COVID-19 list
2022-01-01,Jaguars,• Davon Hamilton,,activated from reserve/COVID-19 list
2022-01-01,Jaguars,• Jihad Ward,,activated from reserve/COVID-19 list
2022-01-01,Jaguars,• Malcom Brown,,activated from reserve/COVID-19 list
2022-01-01,Jets,• Bryce Hall,,activated from reserve/COVID-19 list
2022-01-01,Lions,• Steven Montez,,activated from practice squad IR
2022-01-01,Packers,• Ben Braden,,activated from reserve/COVID-19 list
2022-01-01,Packers,• Corey Bojorquez,,activated from reserve/COVID-19 list
2022-01-01,Packers,• Marcedes Lewis,,activated from reserve/COVID-19 list
2022-01-01,Packers,• Oren Burks,,activated from reserve/COVID-19 list
2022-01-01,Packers,• R.J. McIntosh,,activated from practice squad IR
2022-01-01,Packers,• Ty Summers,,activated from reserve/COVID-19 list
2022-01-01,Packers,• Tyler Davis,,activated from reserve/COVID-19 list
2022-01-01,Panthers,• Brian Burns,,activated from reserve/COVID-19 list
2022-01-01,Panthers,• Marquis Haynes,,activated from reserve/COVID-19 list
2022-01-01,Panthers,• Shaq Thompson,,activated from reserve/COVID-19 list
2022-01-01,Patriots,• Brandon King (b. 1993-06-08),,activated from reserve/COVID-19 list
2022-01-01,Patriots,• Brian Hoyer,,activated from reserve/COVID-19 list
2022-01-01,Patriots,• Ja'Whaun Bentley,,activated from reserve/COVID-19 list
2022-01-01,Patriots,• Joshua Uche / Josh Uche,,activated from reserve/COVID-19 list
2022-01-01,Patriots,• Matthew Judon / Matt Judon,,activated from reserve/COVID-19 list
2022-01-01,Raiders,• Casey Hayward Jr.,,activated from reserve/COVID-19 list
2022-01-01,Raiders,• Cory Littleton,,activated from reserve/COVID-19 list
2022-01-01,Raiders,• Darius Philon,,activated from reserve/COVID-19 list
2022-01-01,Raiders,• Denzel Perryman,,activated from reserve/COVID-19 list
2022-01-01,Ravens,,• Daelin Hayes,placed on IR with knee injury
2022-01-01,Ravens,,• Mazzi Wilkins,placed on reserve/practice squad COVID-19 list
2022-01-01,Saints,,• Nick Vannett,placed on reserve/COVID-19 list
2022-01-01,Saints,• Erik McCoy,,activated from reserve/COVID-19 list
2022-01-01,Saints,• Malcolm Roach,,activated from practice squad IR
2022-01-01,Saints,• Marcus Williams (Alan),,activated from reserve/COVID-19 list
2022-01-01,Seahawks,,• Jon Rhattigan,placed on IR with knee injury
2022-01-01,Seahawks,,• Sidney Jones IV,placed on reserve/COVID-19 list
2022-01-01,Seahawks,• Jamarco Jones,,activated from IR
2022-01-01,Steelers,• Karl Joseph,,activated from practice squad IR
2022-01-01,Titans,• Bud Dupree,,activated from reserve/COVID-19 list
2022-01-01,Titans,• Buster Skrine,,activated from reserve/COVID-19 list
2022-01-01,Titans,• Cody Hollister,,activated from practice squad IR
2022-01-01,Titans,• Denico Autry,,activated from reserve/COVID-19 list
2022-01-01,Vikings,• Olisaemeka Udoh / Oli Udoh,,activated from reserve/COVID-19 list
2022-01-01,Broncos,• Jonathan Harris,,activated from practice squad IR
2022-01-01,Steelers,• Isaiah Buggs,,activated from reserve/COVID-19 list
2022-01-01,Steelers,,• Isaiah Buggs,placed on exempt/COVID-19 list
2022-01-02,Jets,,• Kyle Phillips,placed on reserve/COVID-19 list
2022-01-02,Packers,,• Jaire Alexander,placed on reserve/COVID-19 list
2022-01-03,49ers,,• K'Waun Williams,placed on reserve/COVID-19 list
2022-01-03,49ers,,• Raheem Mostert,placed on reserve/COVID-19 list
2022-01-03,Bengals,,• Jordan Evans,placed on reserve/COVID-19 list
2022-01-03,Bengals,• Auden Tate,,activated from reserve/COVID-19 list
2022-01-03,Bengals,• Darius Phillips,,activated from reserve/COVID-19 list
2022-01-03,Broncos,,• Brandon McManus,placed on reserve/COVID-19 list
2022-01-03,Broncos,,• Sam Martin,placed on reserve/COVID-19 list
2022-01-03,Chargers,• Andrew Brown,,activated from practice squad IR
2022-01-03,Chargers,• Kenneth Murray Jr.,,activated from reserve/COVID-19 list
2022-01-03,Chiefs,• Mike Remmers,,activated from reserve/COVID-19 list
2022-01-03,Colts,• Eli Wolf,,activated from practice squad IR
2022-01-03,Colts,• James Morgan,,activated from practice squad IR
2022-01-03,Colts,• Malik Jefferson,,activated from reserve/COVID-19 list
2022-01-03,Dolphins,• Durval Queiroz Neto / Durval Neto / Durval Queiroz,,activated from practice squad IR
2022-01-03,Dolphins,• John Jenkins,,activated from reserve/COVID-19 list
2022-01-03,Dolphins,• Preston Williams,,activated from reserve/COVID-19 list
2022-01-03,Dolphins,• Spencer Pulley,,activated from practice squad IR
2022-01-03,Eagles,,• Alex Singleton,placed on reserve/COVID-19 list
2022-01-03,Eagles,,• Avonte Maddox,placed on reserve/COVID-19 list
2022-01-03,Eagles,,• Boston Scott,placed on reserve/COVID-19 list
2022-01-03,Eagles,,• Fletcher Cox,placed on reserve/COVID-19 list
2022-01-03,Eagles,,• Genard Avery,placed on reserve/COVID-19 list
2022-01-03,Eagles,,• Jack Stoll,placed on reserve/COVID-19 list
2022-01-03,Eagles,,• Jason Kelce,placed on reserve/COVID-19 list
2022-01-03,Eagles,,• Jordan Howard,placed on reserve/COVID-19 list
2022-01-03,Eagles,,• Marcus Epps,placed on reserve/COVID-19 list
2022-01-03,Eagles,,• Nate Herbig,placed on reserve/COVID-19 list
2022-01-03,Eagles,,• Rodney McLeod Jr.,placed on reserve/COVID-19 list
2022-01-03,Eagles,• Andre Chachere,,activated from reserve/COVID-19 list
2022-01-03,Lions,,• Austin Bryant,placed on reserve/COVID-19 list
2022-01-03,Lions,,• Penei Sewell,placed on reserve/COVID-19 list
2022-01-03,Lions,,• Rodney Smith Jr.,placed on reserve/practice squad COVID-19 list
2022-01-03,Lions,,• Taylor Decker,placed on reserve/COVID-19 list
2022-01-03,Lions,• Brock Wright,,activated from reserve/COVID-19 list
2022-01-03,Lions,• Halapoulivaati Vaitai,,activated from reserve/COVID-19 list
2022-01-03,Lions,• Josh Reynolds,,activated from reserve/COVID-19 list
2022-01-03,Lions,• Michael Brockers,,activated from reserve/COVID-19 list
2022-01-03,Packers,,• Darnell Savage,placed on reserve/COVID-19 list
2022-01-03,Packers,,• Dennis Kelly,placed on reserve/COVID-19 list
2022-01-03,Packers,• Chauncey Rivers,,activated from reserve/COVID-19 list
2022-01-03,Panthers,• Matt Paradis,,activated from reserve/COVID-19 list
2022-01-03,Panthers,• Sam Tecklenburg,,activated from reserve/COVID-19 list
2022-01-03,Patriots,,• Myles Bryant,placed on reserve/COVID-19 list
2022-01-03,Patriots,,• Will Sherman (b. 1999-05-27),placed on reserve/practice squad COVID-19 list
2022-01-03,Raiders,• Jeremiah Poutasi,,activated from practice squad IR
2022-01-03,Raiders,• Lester Cotton,,activated from practice squad IR
2022-01-03,Raiders,• Patrick Onwuasor,,activated from reserve/COVID-19 list
2022-01-03,Raiders,• Will Compton,,activated from reserve/COVID-19 list
2022-01-03,Rams,• Raymond Calais,,activated from reserve/COVID-19 list
2022-01-03,Saints,,• Jalen Dalton,placed on reserve/COVID-19 list
2022-01-03,Saints,• Landon Young,,activated from reserve/COVID-19 list
2022-01-03,Saints,• Wil Lutz,,activated from reserve/COVID-19 list
2022-01-03,Steelers,,• Damion Willis,placed on reserve/practice squad COVID-19 list
2022-01-03,Steelers,• Isaiah Buggs,,activated from exempt/COVID-19 list
2022-01-03,Texans,,• Grayland Arnold,placed on IR with ankle injury
2022-01-03,Texans,,• Jonathan Owens,placed on IR with fractured wrist
2022-01-03,Texans,,• Justin Reid,placed on reserve/COVID-19 list
2022-01-03,Titans,,• MyCole Pruitt,placed on IR with surgery on ankle
2022-01-03,Titans,,• Paul Adams (b. 1996-05-17),placed on reserve/practice squad COVID-19 list
2022-01-03,Titans,• Briean Boddy-Calhoun,,activated from practice squad IR
2022-01-03,Titans,• Jayon Brown,,activated from reserve/COVID-19 list
2022-01-03,Titans,• Julio Jones,,activated from reserve/COVID-19 list
2022-01-03,Vikings,,• Brian O'Neill (b),placed on reserve/COVID-19 list
2022-01-03,Vikings,,• Camryn Bynum,placed on reserve/COVID-19 list
2022-01-03,Vikings,,• Christian Darrisaw,placed on reserve/COVID-19 list
2022-01-03,Vikings,,• Eric Kendricks,placed on reserve/COVID-19 list
2022-01-03,Vikings,,• Ezra Cleveland,placed on reserve/COVID-19 list
2022-01-03,Vikings,• Patrick Jones II,,activated from reserve/COVID-19 list
2022-01-03,Washington,• Beau Benzschawel,,activated from practice squad IR
2022-01-03,Washington,• Darryl Roberts,,activated from reserve/COVID-19 list
2022-01-03,Washington,• David Steinmetz,,activated from practice squad IR
2022-01-03,Washington,• Samuel Cosmi / Sam Cosmi,,activated from reserve/COVID-19 list
2022-01-03,Bears,• Jesper Horsted,,activated from reserve/COVID-19 list
2022-01-03,Bears,• Joel Iyiegbuniwe / Iggy Iyiegbuniwe,,activated from reserve/COVID-19 list
2022-01-03,Packers,• Amari Rodgers,,activated from reserve/COVID-19 list
2022-01-03,Packers,• Kingsley Keke,,activated from reserve/COVID-19 list
2022-01-03,Titans,• Kendall Lamm,,activated from reserve/COVID-19 list
2022-01-03,Bears,,• Jesper Horsted,placed on exempt/COVID-19 list
2022-01-03,Bears,,• Joel Iyiegbuniwe / Iggy Iyiegbuniwe,placed on exempt/COVID-19 list
2022-01-03,Packers,,• Amari Rodgers,placed on exempt/COVID-19 list
2022-01-03,Packers,,• David Moore (b. 1995-01-15),placed on reserve/practice squad COVID-19 list
2022-01-03,Packers,,• Kingsley Keke,placed on exempt/COVID-19 list
2022-01-03,Titans,,• Kendall Lamm,placed on exempt/COVID-19 list
2022-01-04,49ers,,• Dontae Johnson,placed on reserve/COVID-19 list
2022-01-04,49ers,,• Jimmie Ward,placed on reserve/COVID-19 list
2022-01-04,Bengals,,• Akeem Davis-Gaither,placed on reserve/COVID-19 list
2022-01-04,Bengals,,• Mason Schreck,placed on practice squad IR with undisclosed injury
2022-01-04,Bengals,,• Quinton Spain,placed on reserve/COVID-19 list
2022-01-04,Bengals,,• Trey Hendrickson,placed on reserve/COVID-19 list
2022-01-04,Bengals,,• Trey Hopkins,placed on reserve/COVID-19 list
2022-01-04,Bengals,,• Vonn Bell,placed on reserve/COVID-19 list
2022-01-04,Browns,,• D'Ernest Johnson,placed on reserve/COVID-19 list
2022-01-04,Browns,,• Jovante Moffatt,placed on reserve/practice squad COVID-19 list
2022-01-04,Browns,• Elijah Lee,,activated from reserve/COVID-19 list
2022-01-04,Browns,• Nick Mullens,,activated from practice squad IR
2022-01-04,Browns,• Tedric Thompson,,activated from practice squad IR
2022-01-04,Buccaneers,• Jaelon Darden,,activated from reserve/COVID-19 list
2022-01-04,Cardinals,,• Tanner Vallejo,placed on reserve/COVID-19 list
2022-01-04,Cardinals,,• Zach Kerr,placed on reserve/COVID-19 list
2022-01-04,Cowboys,,• Josh Ball,placed on reserve/COVID-19 list
2022-01-04,Cowboys,,• Michael Gallup,placed on IR with torn ACL in left knee
2022-01-04,Cowboys,• Isaac Alarcon,,activated from practice squad IR
2022-01-04,Cowboys,• Quinton Bohanna,,activated from reserve/COVID-19 list
2022-01-04,Cowboys,• Tyler Coyle,,activated from practice squad IR
2022-01-04,Eagles,,• Dallas Goedert,placed on reserve/COVID-19 list
2022-01-04,Eagles,• Craig James (b. 1996-04-29),,activated from practice squad IR
2022-01-04,Eagles,• John Hightower,,activated from practice squad IR
2022-01-04,Eagles,• Noah Togiai,,activated from practice squad IR
2022-01-04,Falcons,• Hayden Hurst,,activated from reserve/COVID-19 list
2022-01-04,Falcons,• James Vaughters,,activated from reserve/COVID-19 list
2022-01-04,Falcons,• Jaylinn Hawkins,,activated from reserve/COVID-19 list
2022-01-04,Falcons,• Marlon Davidson,,activated from reserve/COVID-19 list
2022-01-04,Falcons,• Tajae Sharpe,,activated from reserve/COVID-19 list
2022-01-04,Falcons,• Willie Beavers,,activated from practice squad IR
2022-01-04,Giants,,• Matt Peart,placed on reserve/COVID-19 list
2022-01-04,Jets,,• Bryce Huff,placed on IR with ankle injury
2022-01-04,Jets,,• Daniel Brown / Dan Brown,placed on practice squad IR with undisclosed injury
2022-01-04,Jets,,• George Fant,placed on IR with knee injury
2022-01-04,Lions,,• Joel Heath,placed on reserve/COVID-19 list
2022-01-04,Lions,• Kalif Raymond,,activated from reserve/COVID-19 list
2022-01-04,Packers,,• Billy Turner,placed on reserve/COVID-19 list
2022-01-04,Packers,• Amari Rodgers,,activated from exempt/COVID-19 list
2022-01-04,Packers,• Darnell Savage,,activated from reserve/COVID-19 list
2022-01-04,Packers,• Dennis Kelly,,activated from reserve/COVID-19 list
2022-01-04,Packers,• Elgton Jenkins,,activated from reserve/COVID-19 list
2022-01-04,Packers,• Kingsley Keke,,activated from exempt/COVID-19 list
2022-01-04,Panthers,• Darryl Johnson Jr.,,activated from reserve/COVID-19 list
2022-01-04,Ravens,• Kevin Toliver II,,activated from practice squad IR
2022-01-04,Redskins,,• Deshazor Everett,placed on reserve/COVID-19 list
2022-01-04,Redskins,• Tress Way,,activated from reserve/COVID-19 list
2022-01-04,Saints,,• Albert Huggins,placed on reserve/COVID-19 list
2022-01-04,Saints,• Ethan Wolf,,activated from practice squad IR
2022-01-04,Saints,• Kevin White (Romone),,activated from practice squad IR
2022-01-04,Seahawks,,• Alex Collins,placed on IR with abdominal injury
2022-01-04,Seahawks,,• Alton Robinson,placed on reserve/COVID-19 list
2022-01-04,Seahawks,,• Gavin Heslop,placed on reserve/COVID-19 list
2022-01-04,Seahawks,• Blessuan Austin / Bless Austin,,activated from reserve/COVID-19 list
2022-01-04,Steelers,• Anthony Miller (b. 1994-10-09),,activated from practice squad IR
2022-01-04,Steelers,• Steven Sims Jr.,,activated from practice squad IR
2022-01-04,Steelers,• Tyler Vaughns,,activated from practice squad IR
2022-01-04,Titans,,• Monty Rice,placed on reserve/COVID-19 list
2022-01-04,Vikings,,• Chris Herndon,placed on reserve/COVID-19 list
2022-01-04,Vikings,,• Parry Nickerson,placed on reserve/practice squad COVID-19 list
2022-01-04,Vikings,• Nick Vigil,,activated from reserve/COVID-19 list
2022-01-04,Browns,• Alex Taylor / Armani Taylor-Prioleau,,activated from reserve/COVID-19 list
2022-01-04,Cardinals,• Breon Borders,,activated from reserve/COVID-19 list
2022-01-04,Cardinals,• D.J. Humphries,,activated from reserve/COVID-19 list
2022-01-04,Cardinals,• Devon Kennard,,activated from reserve/COVID-19 list
2022-01-04,Cardinals,• Markus Golden,,activated from reserve/COVID-19 list
2022-01-04,Jaguars,• B.J. Emmons,,activated from practice squad IR
2022-01-04,Jets,• LaRoy Reynolds,,activated from practice squad IR
2022-01-04,Packers,• Jayson Stanley,,activated from practice squad IR
2022-01-04,Ravens,• Josh Oliver,,activated from reserve/COVID-19 list
2022-01-04,Washington,• Kyle Shurmur,,activated from practice squad IR
2022-01-04,Cardinals,,• Breon Borders,placed on exempt/COVID-19 list
2022-01-04,Cardinals,,• D.J. Humphries,placed on exempt/COVID-19 list
2022-01-04,Cardinals,,• Devon Kennard,placed on exempt/COVID-19 list
2022-01-04,Cardinals,,• Markus Golden,placed on exempt/COVID-19 list
2022-01-04,Ravens,,• Josh Oliver,placed on exempt/COVID-19 list
2022-01-05,49ers,,• Ambry Thomas,placed on reserve/COVID-19 list
2022-01-05,Bears,,• Charles Snowden,placed on reserve/practice squad COVID-19 list
2022-01-05,Bengals,,• B.J. Hill,placed on reserve/COVID-19 list
2022-01-05,Bengals,,• Joe Mixon,placed on reserve/COVID-19 list
2022-01-05,Bengals,• Scotty Washington,,activated from practice squad IR
2022-01-05,Bengals,• Trae Waynes,,activated from reserve/COVID-19 list
2022-01-05,Bengals,• Trenton Irwin,,activated from reserve/COVID-19 list
2022-01-05,Broncos,,• Dalton Risner,placed on IR with elbow injury
2022-01-05,Broncos,,• Kareem Jackson,"placed on IR with back, shoulder injuries"
2022-01-05,Broncos,,• Teddy Bridgewater,placed on IR with concussion
2022-01-05,Broncos,• Tyrie Cleveland,,activated from practice squad IR
2022-01-05,Browns,,• Baker Mayfield,placed on IR with surgery on left shoulder to repair torn labrum and fracture
2022-01-05,Browns,,• Sione Takitaki,placed on IR with shoulder injury
2022-01-05,Buccaneers,• Bradley Pinion,,activated from reserve/COVID-19 list
2022-01-05,Cardinals,,• Maxx Williams,placed on reserve/COVID-19 list
2022-01-05,Cardinals,• Breon Borders,,activated from exempt/COVID-19 list
2022-01-05,Cardinals,• D.J. Humphries,,activated from exempt/COVID-19 list
2022-01-05,Cardinals,• Devon Kennard,,activated from exempt/COVID-19 list
2022-01-05,Cardinals,• Markus Golden,,activated from exempt/COVID-19 list
2022-01-05,Chargers,• Damon Lloyd,,activated from reserve/COVID-19 list
2022-01-05,Chargers,• Jared Cook,,activated from reserve/COVID-19 list
2022-01-05,Chiefs,,• Josh Jackson,placed on reserve/practice squad COVID-19 list
2022-01-05,Colts,• Luke Rhodes,,activated from reserve/COVID-19 list
2022-01-05,Cowboys,,• Josiah Bronson,placed on reserve/practice squad COVID-19 list
2022-01-05,Cowboys,,• Micah Parsons,placed on reserve/COVID-19 list
2022-01-05,Cowboys,• Keanu Neal,,activated from reserve/COVID-19 list
2022-01-05,Cowboys,• Kyron Brown,,activated from practice squad IR
2022-01-05,Eagles,• Keesean Johnson,,activated from practice squad IR
2022-01-05,Giants,,• Elerson Smith,placed on IR with neck injury
2022-01-05,Giants,,• Woodrow Hamilton IV,placed on reserve/practice squad COVID-19 list
2022-01-05,Giants,• Danny Shelton,,activated from reserve/COVID-19 list
2022-01-05,Giants,• Darius Slayton,,activated from reserve/COVID-19 list
2022-01-05,Giants,• Dexter Lawrence,,activated from reserve/COVID-19 list
2022-01-05,Giants,• Ka'Dar Hollman,,activated from practice squad IR (COVID)
2022-01-05,Giants,• Korey Cunningham,,activated from reserve/COVID-19 list
2022-01-05,Giants,• Matt Peart,,activated from reserve/COVID-19 list
2022-01-05,Giants,• Omari Cobb,,activated from practice squad IR
2022-01-05,Jaguars,,• J.K. Scott,placed on reserve/COVID-19 list
2022-01-05,Jaguars,• Dan Arnold,,activated from reserve/COVID-19 list
2022-01-05,Jaguars,• Jacob Hollister,,activated from reserve/COVID-19 list
2022-01-05,Jaguars,• Jay Tufele,,activated from reserve/COVID-19 list
2022-01-05,Jaguars,• Jaydon Mickens,,activated from reserve/COVID-19 list
2022-01-05,Jaguars,• Josh Hammond,,activated from practice squad IR
2022-01-05,Jets,• Isaiah Williams (a),,activated from practice squad IR
2022-01-05,Lions,,• Hunter Bryant,placed on reserve/COVID-19 list
2022-01-05,Packers,• J.J. Molson,,activated from reserve/practice squad COVID-19 list
2022-01-05,Packers,• Ray Wilborn,,activated from reserve/practice squad COVID-19 list
2022-01-05,Panthers,,• Cameron Erving,placed on IR with calf injury
2022-01-05,Panthers,,• Terrace Marshall Jr.,placed on IR with foot injury
2022-01-05,Panthers,,• Yetur Gross-Matos,placed on reserve/COVID-19 list
2022-01-05,Panthers,• Frank Herron,,activated from practice squad IR
2022-01-05,Panthers,• Haason Reddick,,activated from reserve/COVID-19 list
2022-01-05,Panthers,• Phillip Walker / P.J. Walker,,activated from reserve/COVID-19 list
2022-01-05,Panthers,• Reggie Bonnafon,,activated from practice squad IR
2022-01-05,Panthers,• Tommy Tremble,,activated from reserve/COVID-19 list
2022-01-05,Raiders,,• Kamaal Seymour,placed on reserve/COVID-19 list
2022-01-05,Raiders,• Carl Nassib,,activated from reserve/COVID-19 list
2022-01-05,Raiders,• Darren Waller,,activated from reserve/COVID-19 list
2022-01-05,Raiders,• Jordan Simmons,,activated from reserve/COVID-19 list
2022-01-05,Saints,,• Jordan Miller (b. 1997-02-08),placed on reserve/practice squad COVID-19 list
2022-01-05,Saints,• Dylan Mabin,,activated from practice squad IR
2022-01-05,Saints,• Ryan Ramczyk,,activated from reserve/COVID-19 list
2022-01-05,Seahawks,,• Al Woods (Joseph),placed on reserve/COVID-19 list
2022-01-05,Seahawks,,• Myles Adams,placed on reserve/practice squad COVID-19 list
2022-01-05,Steelers,,• Joe Haden,placed on reserve/COVID-19 list
2022-01-05,Texans,• Antony Auclair,,activated from reserve/COVID-19 list
2022-01-05,Texans,• Chris Moore (b. 1993-06-16),,activated from reserve/COVID-19 list
2022-01-05,Texans,• Danny Amendola,,activated from reserve/COVID-19 list
2022-01-05,Texans,• David Johnson (Jerome),,activated from reserve/COVID-19 list
2022-01-05,Texans,• Kevin Pierre-Louis,,activated from reserve/COVID-19 list
2022-01-05,Texans,• Lonnie Johnson Jr.,,activated from reserve/COVID-19 list
2022-01-05,Texans,• Paul Quessenberry,,activated from practice squad IR
2022-01-05,Texans,• Ron'Dell Carter,,activated from reserve/COVID-19 list
2022-01-05,Texans,• Tytus Howard,,activated from reserve/COVID-19 list
2022-01-05,Titans,• Kendall Lamm,,activated from exempt/COVID-19 list
2022-01-05,Vikings,,• Tashawn Bower,placed on reserve/COVID-19 list
2022-01-05,Vikings,• Brian O'Neill (b),,activated from reserve/COVID-19 list
2022-01-05,Vikings,• Kirk Cousins,,activated from reserve/COVID-19 list
2022-01-05,Washington,,• William Jackson III,placed on reserve/COVID-19 list
2022-01-05,Washington,• Antonio Gibson (b. 1998-06-23),,activated from reserve/COVID-19 list
2022-01-05,Washington,• Ereck Flowers,,activated from reserve/COVID-19 list
2022-01-05,Bears,• Jesper Horsted,,activated from exempt/COVID-19 list
2022-01-05,Broncos,• Baron Browning,,activated from reserve/COVID-19 list
2022-01-05,Broncos,• Bobby Massie,,activated from reserve/COVID-19 list
2022-01-05,Broncos,• Bradley Chubb,,activated from reserve/COVID-19 list
2022-01-05,Broncos,• Bryce Callahan,,activated from reserve/COVID-19 list
2022-01-05,Broncos,• Caden Sterns,,activated from reserve/COVID-19 list
2022-01-05,Broncos,• Jerry Jeudy,,activated from reserve/COVID-19 list
2022-01-05,Broncos,• Jonathon Cooper,,activated from reserve/COVID-19 list
2022-01-05,Broncos,• McTelvin Agim,,activated from reserve/COVID-19 list
2022-01-05,Broncos,• Mike Ford Jr.,,activated from reserve/COVID-19 list
2022-01-05,Broncos,• Mike Purcell,,activated from reserve/COVID-19 list
2022-01-05,Broncos,• Stephen Weatherly,,activated from reserve/COVID-19 list
2022-01-05,Broncos,• Tim Patrick,,activated from reserve/COVID-19 list
2022-01-05,Browns,• Tony Fields II,,activated from reserve/COVID-19 list
2022-01-05,Jets,• Jabari Zuniga,,activated from practice squad IR
2022-01-05,Jets,• Quinnen Williams,,activated from reserve/COVID-19 list
2022-01-05,Jets,• Tevin Coleman,,activated from reserve/COVID-19 list
2022-01-05,Jets,• Tyler Kroft,,activated from reserve/COVID-19 list
2022-01-05,Steelers,• Anthony McFarland Jr.,,activated from reserve/COVID-19 list
2022-01-05,Steelers,• Arthur Maulet,,activated from reserve/COVID-19 list
2022-01-05,Steelers,• Chris Wormley,,activated from reserve/COVID-19 list
2022-01-05,Steelers,• Devin Bush Jr.,,activated from reserve/COVID-19 list
2022-01-05,Steelers,• Joe Schobert,,activated from reserve/COVID-19 list
2022-01-05,Steelers,• Zach Banner,,activated from reserve/COVID-19 list
2022-01-05,Texans,• Dominik Eberle,,activated from practice squad IR
2022-01-05,Bears,,• Jesper Horsted,placed on IR with undisclosed injury
2022-01-05,Broncos,,• Baron Browning,placed on exempt/COVID-19 list
2022-01-05,Broncos,,• Bradley Chubb,placed on exempt/COVID-19 list
2022-01-05,Broncos,,• Bryce Callahan,placed on exempt/COVID-19 list
2022-01-05,Broncos,,• Caden Sterns,placed on exempt/COVID-19 list
2022-01-05,Broncos,,• Jerry Jeudy,placed on exempt/COVID-19 list
2022-01-05,Broncos,,• Jonathon Cooper,placed on exempt/COVID-19 list
2022-01-05,Broncos,,• McTelvin Agim,placed on exempt/COVID-19 list
2022-01-05,Broncos,,• Mike Ford Jr.,placed on exempt/COVID-19 list
2022-01-05,Broncos,,• Mike Purcell,placed on exempt/COVID-19 list
2022-01-05,Broncos,,• Stephen Weatherly,placed on exempt/COVID-19 list
2022-01-05,Broncos,,• Tim Patrick,placed on exempt/COVID-19 list
2022-01-05,Browns,,• Tony Fields II,placed on exempt/COVID-19 list
2022-01-05,Jets,,• Quinnen Williams,placed on exempt/COVID-19 list
2022-01-05,Jets,,• Tevin Coleman,placed on exempt/COVID-19 list
2022-01-05,Jets,,• Tyler Kroft,placed on exempt/COVID-19 list
2022-01-05,Steelers,,• Anthony McFarland Jr.,placed on exempt/COVID-19 list
2022-01-05,Steelers,,• Arthur Maulet,placed on exempt/COVID-19 list
2022-01-05,Steelers,,• Chris Wormley,placed on exempt/COVID-19 list
2022-01-05,Steelers,,• Devin Bush Jr.,placed on exempt/COVID-19 list
2022-01-05,Steelers,,• Joe Schobert,placed on exempt/COVID-19 list
2022-01-05,Steelers,,• Zach Banner,placed on exempt/COVID-19 list
2022-01-05,Browns,,• Dexter Williams,placed on reserve/COVID-19 list
2022-01-06,49ers,,• Deommodore Lenoir,placed on reserve/COVID-19 list
2022-01-06,Bears,,• Jakeem Grant,placed on IR with ankle injury
2022-01-06,Bears,,• Justin Fields,placed on reserve/COVID-19 list
2022-01-06,Bears,• Joel Iyiegbuniwe / Iggy Iyiegbuniwe,,activated from exempt/COVID-19 list
2022-01-06,Bengals,,• Larry Ogunjobi,placed on reserve/COVID-19 list
2022-01-06,Bengals,,• Thaddeus Moss,placed on practice squad IR with undisclosed injury
2022-01-06,Broncos,,• Marquiss Spencer,placed on reserve/practice squad COVID-19 list
2022-01-06,Broncos,• Baron Browning,,activated from exempt/COVID-19 list
2022-01-06,Broncos,• Bobby Massie,,activated from exempt/COVID-19 list
2022-01-06,Broncos,• Bradley Chubb,,activated from exempt/COVID-19 list
2022-01-06,Broncos,• Bryce Callahan,,activated from exempt/COVID-19 list
2022-01-06,Broncos,• Caden Sterns,,activated from exempt/COVID-19 list
2022-01-06,Broncos,• Jerry Jeudy,,activated from exempt/COVID-19 list
2022-01-06,Broncos,• Jonathon Cooper,,activated from exempt/COVID-19 list
2022-01-06,Broncos,• McTelvin Agim,,activated from exempt/COVID-19 list
2022-01-06,Broncos,• Mike Ford Jr.,,activated from exempt/COVID-19 list
2022-01-06,Broncos,• Mike Purcell,,activated from exempt/COVID-19 list
2022-01-06,Broncos,• Stephen Weatherly,,activated from exempt/COVID-19 list
2022-01-06,Broncos,• Tim Patrick,,activated from exempt/COVID-19 list
2022-01-06,Browns,,• Chris Blewitt,placed on reserve/practice squad COVID-19 list
2022-01-06,Browns,,• Malik Jackson (Barron),placed on reserve/COVID-19 list
2022-01-06,Buccaneers,,• Jose Borregales,placed on reserve/practice squad COVID-19 list
2022-01-06,Colts,,• Andrew Sendejo,placed on reserve/COVID-19 list
2022-01-06,Cowboys,,• Anthony Brown (Shaquille),placed on reserve/COVID-19 list
2022-01-06,Cowboys,,• Tyron Smith,placed on reserve/COVID-19 list
2022-01-06,Falcons,• Dorian Etheridge,,activated from practice squad IR
2022-01-06,Giants,,• Dwayne Johnson Jr.,placed on reserve/practice squad COVID-19 list
2022-01-06,Giants,• Dante Pettis,,activated from reserve/COVID-19 list
2022-01-06,Jaguars,,• Chapelle Russell,placed on reserve/COVID-19 list
2022-01-06,Jaguars,,• Will Richardson,placed on reserve/COVID-19 list
2022-01-06,Jaguars,• Ben Bartch,,activated from reserve/COVID-19 list
2022-01-06,Jaguars,• Dylan Moses,,activated from reserve/COVID-19 list
2022-01-06,Jaguars,• Shaquill Griffin,,activated from reserve/COVID-19 list
2022-01-06,Jets,• Tevin Coleman,,activated from exempt/COVID-19 list
2022-01-06,Jets,• Tyler Kroft,,activated from exempt/COVID-19 list
2022-01-06,Lions,• Geronimo Allison,,activated from practice squad IR
2022-01-06,Panthers,,• Shi Smith,placed on reserve/COVID-19 list
2022-01-06,Panthers,,• Stephon Gilmore,placed on reserve/COVID-19 list
2022-01-06,Panthers,• Daviyon Nixon,,activated from reserve/COVID-19 list
2022-01-06,Raiders,,• Marquel Lee,placed on reserve/COVID-19 list
2022-01-06,Ravens,,• Nick Boyle,placed on reserve/COVID-19 list
2022-01-06,Ravens,,• Patrick Ricard,placed on IR with knee injury
2022-01-06,Ravens,• Ar'Darius Washington,,activated from reserve/COVID-19 list
2022-01-06,Ravens,• Josh Oliver,,activated from exempt/COVID-19 list
2022-01-06,Ravens,• Justice Hill,,activated from reserve/COVID-19 list
2022-01-06,Saints,,• Blake Bortles,placed on reserve/practice squad COVID-19 list
2022-01-06,Saints,• Chase Hansen,,activated from practice squad IR
2022-01-06,Saints,• Nick Vannett,,activated from reserve/COVID-19 list
2022-01-06,Seahawks,,• Ryan Neal,placed on reserve/COVID-19 list
2022-01-06,Seahawks,• Damien Lewis,,activated from reserve/COVID-19 list
2022-01-06,Seahawks,• Sidney Jones IV,,activated from reserve/COVID-19 list
2022-01-06,Steelers,,• Diontae Johnson,placed on reserve/COVID-19 list
2022-01-06,Steelers,,• Kendrick Green,placed on reserve/COVID-19 list
2022-01-06,Steelers,• Arthur Maulet,,activated from exempt/COVID-19 list
2022-01-06,Steelers,• Chris Wormley,,activated from exempt/COVID-19 list
2022-01-06,Steelers,• Daniel Archibong,,activated from practice squad IR
2022-01-06,Steelers,• Joe Schobert,,activated from exempt/COVID-19 list
2022-01-06,Texans,,• Jeff Driskel,placed on reserve/COVID-19 list
2022-01-06,Vikings,,• Harrison Hand,placed on reserve/COVID-19 list
2022-01-06,Jets,• Kyle Phillips,,activated from reserve/COVID-19 list
2022-01-06,Jets,,• Kyle Phillips,placed on exempt/COVID-19 list
2022-01-07,49ers,• Ambry Thomas,,activated from reserve/COVID-19 list
2022-01-07,Broncos,,• Nate Hairston,placed on reserve/COVID-19 list
2022-01-07,Broncos,,• Patrick Surtain II / Pat Surtain II,placed on IR with calf injury
2022-01-07,Broncos,,• Ronald Darby,placed on IR with shoulder injury
2022-01-07,Broncos,• Brandon McManus,,activated from reserve/COVID-19 list
2022-01-07,Broncos,• Sam Martin,,activated from reserve/COVID-19 list
2022-01-07,Browns,,• Joe Jackson (b. 1996-12-20),placed on reserve/practice squad COVID-19 list
2022-01-07,Buccaneers,,• Shaquil Barrett / Shaq Barrett,placed on reserve/COVID-19 list
2022-01-07,Cardinals,• Javon Hagan,,activated from reserve/practice squad COVID-19 list
2022-01-07,Chiefs,,• Lucas Niang,placed on IR with knee injury
2022-01-07,Eagles,• Jason Kelce,,activated from reserve/COVID-19 list
2022-01-07,Jaguars,,• C.J. Beathard,placed on reserve/COVID-19 list
2022-01-07,Jaguars,• Dawuane Smoot,,activated from reserve/COVID-19 list
2022-01-07,Jaguars,• Jared Hocker,,activated from practice squad IR
2022-01-07,Jets,,• Braxton Berrios,placed on IR with quadriceps injury
2022-01-07,Jets,• Kyle Phillips,,activated from exempt/COVID-19 list
2022-01-07,Jets,• Quinnen Williams,,activated from exempt/COVID-19 list
2022-01-07,Panthers,• Jaycee Horn,,activated from reserve/COVID-19 list
2022-01-07,Redskins,• Deshazor Everett,,activated from reserve/COVID-19 list
2022-01-07,Steelers,,• Buddy Johnson,placed on IR with foot injury
2022-01-07,Steelers,• Anthony McFarland Jr.,,activated from exempt/COVID-19 list
2022-01-07,Steelers,• Devin Bush Jr.,,activated from exempt/COVID-19 list
2022-01-07,Steelers,• Diontae Johnson,,activated from reserve/COVID-19 list
2022-01-07,Steelers,• Zach Banner,,activated from exempt/COVID-19 list
2022-01-07,Washington,,• David Bada,placed on reserve/practice squad COVID-19 list
2022-01-07,Packers,• Jaire Alexander,,activated from reserve/COVID-19 list
2022-01-07,Steelers,• Damion Willis,,activated from practice squad IR
2022-01-08,49ers,• Dontae Johnson,,activated from reserve/COVID-19 list
2022-01-08,49ers,• Emmanuel Moseley,,activated from IR
2022-01-08,49ers,• Jimmie Ward,,activated from reserve/COVID-19 list
2022-01-08,49ers,• K'Waun Williams,,activated from reserve/COVID-19 list
2022-01-08,Browns,,• Denzel Ward,placed on reserve/COVID-19 list
2022-01-08,Browns,,• Malcolm Smith,placed on reserve/COVID-19 list
2022-01-08,Browns,• D'Ernest Johnson,,activated from reserve/COVID-19 list
2022-01-08,Browns,• Tony Fields II,,activated from exempt/COVID-19 list
2022-01-08,Buccaneers,• Aaron Stinnie,,activated from IR
2022-01-08,Chargers,• Kyler Fackrell,,activated from IR
2022-01-08,Colts,• Parris Campbell,,activated from IR
2022-01-08,Cowboys,,• Darian Thompson,placed on reserve/practice squad COVID-19 list
2022-01-08,Cowboys,,• Jayron Kearse,placed on reserve/COVID-19 list
2022-01-08,Cowboys,• Blake Jarwin,,activated from IR
2022-01-08,Jets,• Ross Pierschbacher,,activated from reserve/COVID-19 list
2022-01-08,Lions,• Penei Sewell,,activated from reserve/COVID-19 list
2022-01-08,Lions,• Taylor Decker,,activated from reserve/COVID-19 list
2022-01-08,Packers,• Josh Myers,,activated from IR
2022-01-08,Raiders,• Derek Carrier,,activated from IR
2022-01-08,Saints,,• Caleb Benenoch,placed on reserve/COVID-19 list
2022-01-08,Seahawks,,• Brandon Shell,placed on IR with shoulder injury
2022-01-08,Seahawks,,• Kyle Fuller (Emmitt),placed on reserve/COVID-19 list
2022-01-08,Steelers,,• James Washington (Edward),placed on reserve/COVID-19 list
2022-01-08,Steelers,• Joe Haden,,activated from reserve/COVID-19 list
2022-01-08,Steelers,• Kendrick Green,,activated from reserve/COVID-19 list
2022-01-08,Vikings,• Ben Ellefson,,activated from IR
2022-01-08,Vikings,• Christian Darrisaw,,activated from reserve/COVID-19 list
2022-01-08,Vikings,• Ezra Cleveland,,activated from reserve/COVID-19 list
2022-01-08,Washington,,• Jordan Kunaszyk,placed on reserve/COVID-19 list
2022-01-08,Washington,,• Ricky Seals-Jones,placed on IR with concussion
2022-01-08,Jets,• Sharrod Neasman,,activated from reserve/COVID-19 list
2022-01-08,Lions,• Rodney Smith Jr.,,activated from practice squad IR
2022-01-08,Vikings,• Parry Nickerson,,activated from practice squad IR
2022-01-09,Patriots,,• Shaun Wade,placed on reserve/COVID-19 list
2022-01-10,49ers,,• Tyler Bray (Ian),placed on reserve/practice squad COVID-19 list
2022-01-10,Bengals,• B.J. Hill,,activated from reserve/COVID-19 list
2022-01-10,Bengals,• Joe Mixon,,activated from reserve/COVID-19 list
2022-01-10,Bengals,• Larry Ogunjobi,,activated from reserve/COVID-19 list
2022-01-10,Bengals,• Quinton Spain,,activated from reserve/COVID-19 list
2022-01-10,Bengals,• Trey Hendrickson,,activated from reserve/COVID-19 list
2022-01-10,Bengals,• Trey Hopkins,,activated from reserve/COVID-19 list
2022-01-10,Bengals,• Vonn Bell,,activated from reserve/COVID-19 list
2022-01-10,Browns,• Dexter Williams,,activated from reserve/COVID-19 list
2022-01-10,Browns,• Jovante Moffatt,,activated from practice squad IR
2022-01-10,Cowboys,,• Will Grier,placed on IR with undisclosed injury
2022-01-10,Cowboys,• Anthony Brown (Shaquille),,activated from reserve/COVID-19 list
2022-01-10,Cowboys,• Darian Thompson,,activated from practice squad IR
2022-01-10,Cowboys,• Hunter Niswander,,activated from reserve/COVID-19 list
2022-01-10,Dolphins,• Noah Igbinoghene,,activated from reserve/COVID-19 list
2022-01-10,Dolphins,• Sheldrick Redwine,,activated from reserve/COVID-19 list
2022-01-10,Eagles,,• Brett Toth,placed on IR with knee injury
2022-01-10,Eagles,,• J.J. Arcega-Whiteside,placed on IR with finger injury
2022-01-10,Eagles,,• Tyree Jackson,placed on IR with torn ACL in right knee
2022-01-10,Eagles,• Alex Singleton,,activated from reserve/COVID-19 list
2022-01-10,Eagles,• Avonte Maddox,,activated from reserve/COVID-19 list
2022-01-10,Eagles,• Boston Scott,,activated from reserve/COVID-19 list
2022-01-10,Eagles,• Dallas Goedert,,activated from reserve/COVID-19 list
2022-01-10,Eagles,• Fletcher Cox,,activated from reserve/COVID-19 list
2022-01-10,Eagles,• Genard Avery,,activated from reserve/COVID-19 list
2022-01-10,Eagles,• Jack Stoll,,activated from reserve/COVID-19 list
2022-01-10,Eagles,• Jordan Howard,,activated from reserve/COVID-19 list
2022-01-10,Eagles,• Marcus Epps,,activated from reserve/COVID-19 list
2022-01-10,Eagles,• Nate Herbig,,activated from reserve/COVID-19 list
2022-01-10,Eagles,• Rodney McLeod Jr.,,activated from reserve/COVID-19 list
2022-01-10,Giants,• Dwayne Johnson Jr.,,activated from practice squad IR
2022-01-10,Giants,• Woodrow Hamilton IV,,activated from practice squad IR
2022-01-10,Lions,• Austin Bryant,,activated from reserve/COVID-19 list
2022-01-10,Lions,• Hunter Bryant,,activated from reserve/COVID-19 list
2022-01-10,Lions,• Joel Heath,,activated from reserve/COVID-19 list
2022-01-10,Packers,• David Moore (b. 1995-01-15),,activated from practice squad IR
2022-01-10,Packers,• Randy Ramsey,,activated from reserve/COVID-19 list
2022-01-10,Saints,• Albert Huggins,,activated from reserve/COVID-19 list
2022-01-10,Saints,• Blake Bortles,,activated from practice squad IR
2022-01-10,Saints,• Jalen Dalton,,activated from reserve/COVID-19 list
2022-01-10,Saints,• Jordan Miller (b. 1997-02-08),,activated from practice squad IR
2022-01-10,Titans,• Monty Rice,,activated from reserve/COVID-19 list
2022-01-10,Washington,• William Jackson III,,activated from reserve/COVID-19 list
2022-01-10,Cardinals,• Tanner Vallejo,,activated from reserve/COVID-19 list
2022-01-10,Cardinals,• Zach Kerr,,activated from reserve/COVID-19 list
2022-01-10,Packers,• Billy Turner,,activated from reserve/COVID-19 list
2022-01-10,Titans,• Paul Adams (b. 1996-05-17),,activated from practice squad IR
2022-01-10,Cardinals,,• Tanner Vallejo,placed on exempt/COVID-19 list
2022-01-10,Packers,,• Billy Turner,placed on exempt/COVID-19 list
2022-01-11,49ers,,• Josh Hokit,placed on reserve/practice squad COVID-19 list
2022-01-11,49ers,,• Luqman Barcoo / Luq Barcoo,placed on reserve/practice squad COVID-19 list
2022-01-11,49ers,• Deommodore Lenoir,,activated from reserve/COVID-19 list
2022-01-11,49ers,• Trey Sermon,,activated from IR
2022-01-11,Broncos,• Calvin Anderson,,activated from reserve/COVID-19 list
2022-01-11,Broncos,• Nate Hairston,,activated from reserve/COVID-19 list
2022-01-11,Browns,• Malik Jackson (Barron),,activated from reserve/COVID-19 list
2022-01-11,Buccaneers,,• Richard Sherman,placed on IR with Achilles injury
2022-01-11,Buccaneers,• Jose Borregales,,activated from practice squad IR
2022-01-11,Buccaneers,• Shaquil Barrett / Shaq Barrett,,activated from reserve/COVID-19 list
2022-01-11,Cardinals,• Tanner Vallejo,,activated from exempt/COVID-19 list
2022-01-11,Chiefs,• Joshua Kaindoh,,activated from IR
2022-01-11,Colts,• Andrew Sendejo,,activated from reserve/COVID-19 list
2022-01-11,Jaguars,• Andrew Wingard,,activated from reserve/COVID-19 list
2022-01-11,Jaguars,• Brandon Linder,,activated from reserve/COVID-19 list
2022-01-11,Jaguars,• Cam Robinson,,activated from reserve/COVID-19 list
2022-01-11,Jaguars,• Chapelle Russell,,activated from reserve/COVID-19 list
2022-01-11,Jaguars,• J.K. Scott,,activated from reserve/COVID-19 list
2022-01-11,Jaguars,• K'Lavon Chaisson,,activated from reserve/COVID-19 list
2022-01-11,Packers,• Billy Turner,,activated from exempt/COVID-19 list
2022-01-11,Panthers,• Yetur Gross-Matos,,activated from reserve/COVID-19 list
2022-01-11,Patriots,,• Jalen Mills,placed on reserve/COVID-19 list
2022-01-11,Patriots,• Myles Bryant,,activated from reserve/COVID-19 list
2022-01-11,Patriots,• Will Sherman (b. 1999-05-27),,activated from practice squad IR
2022-01-11,Raiders,,• Darius Philon,placed on IR with torn patellar tendon in knee
2022-01-11,Raiders,• Kendal Vickers,,activated from reserve/COVID-19 list
2022-01-11,Raiders,• Marquel Lee,,activated from reserve/COVID-19 list
2022-01-11,Titans,,• Jordan Wilkins,placed on reserve/practice squad COVID-19 list
2022-01-11,Bears,• Charles Snowden,,activated from practice squad IR
2022-01-11,Broncos,• Marquiss Spencer,,activated from reserve/COVID-19 list
2022-01-11,Browns,• Chris Blewitt,,activated from practice squad IR
2022-01-11,Seahawks,• Myles Adams,,activated from reserve/COVID-19 list
2022-01-12,49ers,• Doug Middleton,,activated from practice squad IR
2022-01-12,Bengals,,• Elliott Fry,placed on practice squad IR with right groin injury
2022-01-12,Cardinals,• Maxx Williams,,activated from reserve/COVID-19 list
2022-01-12,Chiefs,,• Mark Vitali,placed on reserve/practice squad COVID-19 list
2022-01-12,Cowboys,• Francis Bernard,,activated from reserve/COVID-19 list
2022-01-12,Cowboys,• Josh Ball,,activated from reserve/COVID-19 list
2022-01-12,Cowboys,• Josiah Bronson,,activated from reserve/COVID-19 list
2022-01-12,Cowboys,• Micah Parsons,,activated from reserve/COVID-19 list
2022-01-12,Cowboys,• Tyron Smith,,activated from reserve/COVID-19 list
2022-01-12,Falcons,• Jason Spriggs,,activated from reserve/COVID-19 list
2022-01-12,Falcons,• Jonathan Bullard,,activated from reserve/COVID-19 list
2022-01-12,Packers,,• Lucas Patrick,placed on reserve/COVID-19 list
2022-01-12,Panthers,• Shi Smith,,activated from reserve/COVID-19 list
2022-01-12,Panthers,• Stephon Gilmore,,activated from reserve/COVID-19 list
2022-01-12,Patriots,• Yodny Cajuste,,activated from reserve/COVID-19 list
2022-01-12,Rams,,• Jordan Fuller,placed on IR with ankle injury
2022-01-12,Ravens,• Mazzi Wilkins,,activated from practice squad IR
2022-01-12,Ravens,• Nick Boyle,,activated from reserve/COVID-19 list
2022-01-12,Ravens,• Patrick Ricard,,activated from reserve/COVID-19 list
2022-01-12,Seahawks,• Al Woods (Joseph),,activated from reserve/COVID-19 list
2022-01-12,Seahawks,• Alton Robinson,,activated from reserve/COVID-19 list
2022-01-12,Seahawks,• Gavin Heslop,,activated from reserve/COVID-19 list
2022-01-12,Seahawks,• Ryan Neal,,activated from reserve/COVID-19 list
2022-01-12,Texans,• Jeff Driskel,,activated from reserve/COVID-19 list
2022-01-12,Texans,• Justin Reid,,activated from reserve/COVID-19 list
2022-01-12,49ers,• Tyler Bray (Ian),,activated from practice squad IR
2022-01-12,Washington,• David Bada,,activated from practice squad IR
2022-01-13,Bears,• Justin Fields,,activated from reserve/COVID-19 list
2022-01-13,Browns,• Denzel Ward,,activated from reserve/COVID-19 list
2022-01-13,Browns,• Joe Jackson (b. 1996-12-20),,activated from practice squad IR
2022-01-13,Browns,• Malcolm Smith,,activated from reserve/COVID-19 list
2022-01-13,Jaguars,• C.J. Beathard,,activated from reserve/COVID-19 list
2022-01-13,Saints,• Caleb Benenoch,,activated from reserve/COVID-19 list
2022-01-13,Steelers,,• Buddy Johnson,placed on reserve/COVID-19 list
2022-01-13,Cowboys,• Jayron Kearse,,activated from reserve/COVID-19 list
2022-01-13,Steelers,• James Washington (Edward),,activated from reserve/COVID-19 list
2022-01-13,Washington,• Jordan Kunaszyk,,activated from reserve/COVID-19 list
2022-01-13,Cowboys,,• Jayron Kearse,placed on exempt/COVID-19 list
2022-01-13,Steelers,,• James Washington (Edward),placed on exempt/COVID-19 list
2022-01-14,Chiefs,• Josh Jackson,,activated from practice squad IR
2022-01-14,Cowboys,,• Israel Mukuamu,placed on IR with hamstring injury
2022-01-14,Cowboys,• Jayron Kearse,,activated from exempt/COVID-19 list
2022-01-14,Seahawks,• Kyle Fuller (Emmitt),,activated from reserve/COVID-19 list
2022-01-14,Steelers,,• James Pierre,placed on reserve/COVID-19 list
2022-01-14,Steelers,• James Washington (Edward),,activated from exempt/COVID-19 list
2022-01-14,Vikings,• Camryn Bynum,,activated from reserve/COVID-19 list
2022-01-14,Vikings,• Chris Herndon,,activated from reserve/COVID-19 list
2022-01-14,Vikings,• Eric Kendricks,,activated from reserve/COVID-19 list
2022-01-14,Vikings,• Harrison Hand,,activated from reserve/COVID-19 list
2022-01-14,Vikings,• Tashawn Bower,,activated from reserve/COVID-19 list
2022-01-15,Buccaneers,• Giovani Bernard,,activated from IR
2022-01-15,Buccaneers,• Lavonte David,,activated from IR
2022-01-15,Eagles,,• Marlon Tuipulotu,placed on reserve/COVID-19 list
2022-01-15,Steelers,• JuJu Smith-Schuster,,activated from IR
2022-01-17,Bengals,,• Larry Ogunjobi,placed on IR with right foot injury
2022-01-17,Bengals,• Xavier Su'a-Filo,,activated from IR
2022-01-17,Cardinals,• Ezekiel Turner / Zeke Turner,,activated from IR
2022-01-17,Cardinals,• J.J. Watt,,activated from IR
2022-01-17,Packers,• Lucas Patrick,,activated from reserve/COVID-19 list
2022-01-17,Patriots,• Jalen Mills,,activated from reserve/COVID-19 list
2022-01-17,Patriots,• Shaun Wade,,activated from reserve/COVID-19 list
2022-01-17,Seahawks,• Adrian Peterson (Lewis),,activated from practice squad IR
2022-01-17,Titans,• Jordan Wilkins,,activated from practice squad IR
2022-01-17,Broncos,• Duke Dawson,,activated from practice squad IR
2022-01-17,Browns,• John Kelly Jr.,,activated from practice squad IR
2022-01-17,Chargers,• Joe Reed,,activated from practice squad IR
2022-01-17,Colts,• Ibraheim Campbell,,activated from practice squad IR
2022-01-17,Colts,• Marvell Tell III,,activated from practice squad IR
2022-01-17,Dolphins,• Jordan Scarlett,,activated from practice squad IR
2022-01-17,Dolphins,• Tommylee Lewis,,activated from practice squad IR
2022-01-17,Giants,• Jonotthan Harrison,,activated from practice squad IR
2022-01-17,Giants,• Ka'Dar Hollman,,activated from practice squad IR
2022-01-17,Jets,• Daniel Brown / Dan Brown,,activated from practice squad IR
2022-01-17,Jets,• Kendarius Webster / Ken Webster,,activated from practice squad IR
2022-01-17,Ravens,• Nate McCrary,,activated from practice squad IR
2022-01-18,49ers,• Josh Hokit,,activated from reserve/practice squad COVID-19 list
2022-01-18,49ers,• Raheem Mostert,,activated from reserve/COVID-19 list
2022-01-18,Bills,,• Eli Ankou,placed on reserve/practice squad COVID-19 list
2022-01-18,49ers,• Luqman Barcoo / Luq Barcoo,,activated from reserve/practice squad COVID-19 list
2022-01-19,Chiefs,• Mark Vitali,,activated from reserve/practice squad COVID-19 list
2022-01-19,Eagles,• Marlon Tuipulotu,,activated from reserve/COVID-19 list
2022-01-19,Panthers,• Phil Hoskins,,activated from reserve/COVID-19 list
2022-01-19,Steelers,• Buddy Johnson,,activated from reserve/COVID-19 list
2022-01-19,Steelers,• James Pierre,,activated from reserve/COVID-19 list
2022-01-19,Titans,,• Greg Mabin,placed on reserve/COVID-19 list
2022-01-20,Bengals,,• Joe Bachie,placed on reserve/COVID-19 list
2022-01-20,Bengals,• Akeem Davis-Gaither,,activated from reserve/COVID-19 list
2022-01-20,Bengals,• Jordan Evans,,activated from reserve/COVID-19 list
2022-01-20,Packers,• Randall Cobb,,activated from IR
2022-01-21,Packers,• Whitney Mercilus,,activated from IR
2022-01-21,Packers,• Za'Darius Smith,,activated from IR
2022-01-21,Titans,• Derrick Henry,,activated from IR
2022-01-22,Buccaneers,• Leonard Fournette,,activated from IR
2022-01-24,Titans,• Greg Mabin,,activated from reserve/COVID-19 list
2022-01-25,Chiefs,• Khalen Saunders,,activated from IR
2022-01-26,49ers,• Mohamed Sanu,,activated from IR
2022-01-26,Eagles,• Brandon Brooks,,activated from IR
2022-01-28,Bengals,• Joe Bachie,,activated from reserve/COVID-19 list
2022-01-28,Falcons,• Matt Gono,,activated from reserve/physically unable to perform list
2022-01-29,49ers,• Trenton Cannon,,activated from IR
2022-01-29,Rams,• Ernest Jones (IV),,activated from IR
2022-02-01,Jaguars,• Johnathan Ford / Rudy Ford,,activated from reserve/COVID-19 list
2022-02-01,Jaguars,• Lerentee McCray,,activated from reserve/COVID-19 list
2022-02-01,Jaguars,• Will Richardson,,activated from reserve/COVID-19 list
2022-02-01,Rams,,• Sharrod Neasman,placed on practice squad IR with undisclosed injury
2022-02-02,Jets,• Cameron Clark / Cameron Clarke,,activated from IR
2022-02-11,Rams,,• Joe Noteboom,placed on IR with chest injury
2022-02-11,Rams,,• Tyler Higbee,placed on IR with knee injury
2022-02-11,Rams,• Darrell Henderson,,activated from IR
2022-02-11,Rams,• Sebastian Joseph / Sebastian Joseph-Day,,activated from IR
2022-02-12,Rams,,• Anthony Hines III,placed on practice squad IR with undisclosed injury
2022-02-12,Rams,,• Warren Jackson,placed on practice squad IR with undisclosed injury
2022-02-15,49ers,• Tarvarius Moore,,activated from reserve/physically unable to perform list
2022-02-15,Bears,• Tarik Cohen,,activated from reserve/physically unable to perform list
2022-02-15,Patriots,• Byron Cowart,,activated from reserve/physically unable to perform list
2022-02-15,Patriots,• Terez Hall,,activated from reserve/physically unable to perform list
2022-02-15,Saints,• Michael Thomas (William),,activated from reserve/physically unable to perform list
2022-05-02,Falcons,,• Beau Brinkley,placed on IR with undisclosed
2022-05-03,Texans,,• Scottie Phillips,placed on IR with undisclosed
2022-05-10,Bears,,• Ledarius Mack,placed on IR with undisclosed injury
2022-05-10,Jets,,• Zane Lewis,placed on physically unable to perform list with undisclosed
2022-05-11,Steelers,,• Isaiah Johnson (b. 1995-12-20),placed on IR with undisclosed injury
2022-05-12,Bears,,• Jesper Horsted,placed on reserve/physically unable to perform list with undisclosed
2022-05-13,Cardinals,,• Alex Ellis,placed on reserve/non-football injury list with undisclosed
2022-05-13,Bears,• Jesper Horsted,,activated from reserve/physically unable to perform list
2022-05-16,Saints,,• Dylan Soehner,placed on reserve/physically unable to perform list with undisclosed
2022-05-16,Saints,,• Ethan Wolf,placed on IR with undisclosed injury
2022-05-16,Titans,,• Jamal Carter,placed on IR with undisclosed injury
2022-05-17,Steelers,,• Bryce Watts,placed on IR with undisclosed injury
2022-05-17,Texans,,• Kolby Harvell-Peel,placed on IR with undisclosed injury
2022-05-18,Saints,,• Sharif Finch,placed on IR with undisclosed injury
2022-05-19,Giants,,• Jordan Mosley,placed on IR with undisclosed injury
2022-05-23,Bears,• Ledarius Mack,,activated from IR
2022-05-23,Steelers,• Bryce Watts,,activated from IR
2022-05-24,Jets,,• Rodney Adams,placed on reserve/non football injury list with undisclosed
2022-05-24,Raiders,,• Sincere McCormick,placed on IR with undisclosed injury
2022-05-26,Giants,• Jordan Mosley,,activated from IR
2022-06-03,Vikings,,• Kenny Willekes,placed on IR with undisclosed injury
2022-06-05,Saints,• Sharif Finch,,activated from IR
2022-06-08,Texans,• Kolby Harvell-Peel,,activated from IR
2022-06-10,Steelers,• Isaiah Johnson (b. 1995-12-20),,activated from IR
2022-06-13,Patriots,,• Quinn Nordin,placed on reserve/non-football injury list
2022-06-13,Titans,• Jamal Carter,,activated from IR
2022-06-14,Jaguars,,• Jordan Smith,placed on IR with surgery on knee
2022-06-16,Texans,• Scottie Phillips,,activated from IR
2022-06-17,Chiefs,,• Mathew Sexton,placed on IR with undisclosed injury
2022-06-21,Bears,,• Dakota Dozier,placed on IR with left knee injury
2022-07-08,Cowboys,,• Devante Bond,placed on IR with right knee injury
2022-07-19,Chargers,,• Stone Smartt,placed on non-football injury list
2022-07-19,Jets,,• Jeremy Ruckert,placed on non-football injury list
2022-07-19,Patriots,,• Andrew Stueber,placed on non-football injury list
2022-07-19,Patriots,,• Chasen Hines,placed on non-football injury list
2022-07-19,Raiders,,• Bilal Nichols,placed on physically unable to perform list
2022-07-19,Raiders,,• Johnathan Hankins,placed on physically unable to perform list
2022-07-19,Raiders,,• Trayvon Mullen,placed on physically unable to perform list
2022-07-19,Ravens,,• Binjimen Victor / Ben Victor,placed on non-football injury list
2022-07-19,Saints,,• Rashid Shaheed,placed on non-football injury list
2022-07-21,Falcons,,• Deion Jones,placed on physically unable to perform list
2022-07-21,Giants,,• Daniel Bellinger,placed on physically unable to perform list
2022-07-21,Jets,,• C.J. Uzomah,placed on physically unable to perform list
2022-07-21,Jets,,• Carl Lawson,placed on physically unable to perform list
2022-07-21,Jets,,• Dru Samia,placed on physically unable to perform list
2022-07-21,Jets,,• George Fant,placed on physically unable to perform list
2022-07-21,Jets,,• Greg Senat,placed on reserve/non-football injury list
2022-07-21,Jets,,• Mekhi Becton,placed on physically unable to perform list
2022-07-21,Patriots,,• David Andrews,placed on physically unable to perform list
2022-07-21,Patriots,,• Jabrill Peppers,placed on physically unable to perform list
2022-07-21,Patriots,,• James White (Calvin),placed on physically unable to perform list
2022-07-21,Patriots,,• Jonathan Jones,placed on physically unable to perform list
2022-07-21,Patriots,,• Raekwon McMillan,placed on physically unable to perform list
2022-07-21,Raiders,,• Dillon Stoner,placed on physically unable to perform list
2022-07-21,Raiders,,• Vernon Butler,placed on non-football injury list
2022-07-21,Saints,,• Marcus Davenport,placed on physically unable to perform list
2022-07-21,Saints,,• Michael Thomas (William),placed on physically unable to perform list
2022-07-22,Browns,,• David Bell,placed on physically unable to perform list
2022-07-22,Cardinals,,• Maxx Williams,placed on physically unable to perform list
2022-07-22,Dolphins,,• Byron Jones (Philip),placed on physically unable to perform list
2022-07-22,Dolphins,,• Elijah Campbell,placed on non-football injury list
2022-07-22,Packers,,• Caleb Jones,placed on non-football injury list
2022-07-22,Packers,,• Caliph Brice,placed on non-football injury list
2022-07-22,Packers,,• Christian Watson,placed on physically unable to perform list
2022-07-22,Packers,,• Dean Lowry,placed on physically unable to perform list
2022-07-22,Packers,,• Elgton Jenkins,placed on physically unable to perform list
2022-07-22,Packers,,• Hauati Pututau,placed on physically unable to perform list
2022-07-22,Packers,,• Kylin Hill,placed on physically unable to perform list
2022-07-22,Packers,,• Mason Crosby,placed on physically unable to perform list
2022-07-22,Packers,,• Patrick Taylor,placed on physically unable to perform list
2022-07-22,Packers,,• Randy Ramsey,placed on physically unable to perform list
2022-07-22,Packers,,• Rasheed Walker,placed on non-football injury list
2022-07-22,Packers,,• Robert Tonyan,placed on physically unable to perform list
2022-07-22,Ravens,,• Ar'Darius Washington,placed on physically unable to perform list
2022-07-22,Ravens,,• Gus Edwards,placed on physically unable to perform list
2022-07-22,Ravens,,• J.K. Dobbins,placed on physically unable to perform list
2022-07-22,Ravens,,• Marcus Peters (b. 1993-01-09),placed on physically unable to perform list
2022-07-22,Ravens,,• Ronnie Stanley,placed on physically unable to perform list
2022-07-22,Ravens,,• Tyus Bowser,placed on physically unable to perform list
2022-07-22,Chiefs,• Mathew Sexton,,activated from IR
2022-07-23,Bengals,,• Alex Cappa,placed on physically unable to perform list
2022-07-23,Bengals,,• Brandon Wilson,placed on physically unable to perform list
2022-07-23,Bengals,,• Joe Bachie,placed on physically unable to perform list
2022-07-23,Bengals,,• Khalid Kareem,placed on physically unable to perform list
2022-07-23,Bengals,,• La'el Collins,placed on non-football injury list
2022-07-23,Bengals,,• Samaje Perine,placed on physically unable to perform list
2022-07-23,Buccaneers,,• Don Gardner / Donnie Gardner,placed on physically unable to perform list
2022-07-23,Buccaneers,,• Sadarius Hutcherson,placed on physically unable to perform list
2022-07-23,Chiefs,,• Justyn Ross,placed on physically unable to perform list
2022-07-23,Chiefs,,• Lucas Niang,placed on physically unable to perform list
2022-07-23,Chiefs,,• Prince Tega Wanogho / Prince Wanogho,placed on physically unable to perform list
2022-07-23,Chiefs,,• Rashad Fenton,placed on physically unable to perform list
2022-07-23,Packers,,• David Bakhtiari,placed on physically unable to perform list
2022-07-23,Titans,,• Caleb Shudak,placed on physically unable to perform list
2022-07-23,Titans,,• Monty Rice,placed on physically unable to perform list
2022-07-23,Titans,,• Tommy Hudson,placed on physically unable to perform list
2022-07-24,Bills,,• Eli Ankou,placed on physically unable to perform list
2022-07-24,Bills,,• Ike Boettger,placed on physically unable to perform list
2022-07-24,Bills,,• Rodger Saffold,placed on non-football injury list
2022-07-24,Bills,,• Tre'Davious White,placed on physically unable to perform list
2022-07-24,Colts,,• Darius Leonard / Shaquille Leonard / Shaq Leonard,placed on physically unable to perform list
2022-07-24,Colts,,• Eric Johnson (b),placed on non-football injury list
2022-07-24,Colts,,• Mike Strachan,placed on physically unable to perform list
2022-07-24,Colts,,• Rodney McLeod Jr.,placed on physically unable to perform list
2022-07-24,Colts,,• Tyquan Lewis,placed on physically unable to perform list
2022-07-24,Lions,,• James Williams (b. 1996-05-17),placed on non-football injury list
2022-07-24,Lions,,• Jerry Jacobs (b. 1997-09-26),placed on physically unable to perform list
2022-07-24,Lions,,• Joshua Paschal / Josh Paschal,placed on physically unable to perform list
2022-07-24,Lions,,• Natrez Patrick,placed on non-football injury list
2022-07-24,Lions,,• Romeo Okwara,placed on physically unable to perform list
2022-07-24,Rams,,• Kyren Williams,placed on physically unable to perform list
2022-07-24,Rams,,• Quentin Lake,placed on physically unable to perform list
2022-07-24,Rams,,• Travin Howard,placed on non-football injury list
2022-07-24,Rams,,• Warren Jackson,placed on physically unable to perform list
2022-07-24,Ravens,,• Devon Williams,placed on non-football injury list
2022-07-24,Texans,,• John Metchie III,placed on non-football illness list
2022-07-25,Chiefs,,• Justyn Ross,placed on IR with foot injury
2022-07-25,Vikings,,• Blake Proehl,placed on physically unable to perform list with knee injury
2022-07-25,Vikings,,• Ryan Connelly,placed on physically unable to perform list
2022-07-26,Broncos,,• Billy Turner,placed on physically unable to perform list
2022-07-26,Broncos,,• Christopher Allen,placed on non-football injury list
2022-07-26,Broncos,,• K.J. Hamler,placed on physically unable to perform list
2022-07-26,Broncos,,• Randy Gregory,placed on physically unable to perform list
2022-07-26,Browns,,• Anthony Walker Jr.,placed on non-football injury list
2022-07-26,Browns,,• Denzel Ward,placed on physically unable to perform list
2022-07-26,Browns,,• Jack Conklin,placed on physically unable to perform list
2022-07-26,Browns,,• Javon Wims,placed on non-football illness list
2022-07-26,Browns,,• Sheldon Day,placed on non-football injury list
2022-07-26,Cardinals,,• Marquise Brown,placed on non-football injury list
2022-07-26,Chargers,,• Kenneth Murray Jr.,placed on physically unable to perform list
2022-07-26,Chiefs,,• Clyde Edwards-Helaire,placed on physically unable to perform list
2022-07-26,Chiefs,,• Cortez Broughton,placed on physically unable to perform list
2022-07-26,Commanders,,• Chase Roullier,placed on physically unable to perform list
2022-07-26,Commanders,,• Chase Young,placed on physically unable to perform list
2022-07-26,Commanders,,• Cornelius Lucas,placed on non-football illness list
2022-07-26,Commanders,,• Tyler Larsen,placed on physically unable to perform list
2022-07-26,Giants,,• Azeez Ojulari,placed on non-football injury list
2022-07-26,Giants,,• Matt Peart,placed on physically unable to perform list
2022-07-26,Giants,,• Nick Gates,placed on physically unable to perform list
2022-07-26,Giants,,• Sterling Shepard,placed on physically unable to perform list
2022-07-26,Jets,,• Tevin Coleman,placed on non-football illness list
2022-07-26,Jets,• C.J. Uzomah,,activated from physically unable to perform list
2022-07-26,Jets,• Carl Lawson,,activated from physically unable to perform list
2022-07-26,Jets,• Mekhi Becton,,activated from physically unable to perform list
2022-07-26,Packers,,• Keisean Nixon,placed on non-football injury list
2022-07-26,Packers,,• Sammy Watkins,placed on non-football injury list
2022-07-26,Patriots,,• Jake Bailey,placed on non-football illness list
2022-07-26,Patriots,,• Myles Bryant,placed on non-football injury list
2022-07-26,Raiders,• Vernon Butler,,activated from non-football injury list
2022-07-26,Saints,,• Nick Vannett,placed on non-football illness list
2022-07-26,Saints,,• Tanoh Kpassagnon,placed on non-football illness list
2022-07-26,Seahawks,,• Jon Rhattigan,placed on physically unable to perform list
2022-07-26,Seahawks,,• Liam Ryan,placed on physically unable to perform list
2022-07-26,Seahawks,,• Tre Brown,placed on physically unable to perform list
2022-07-26,Seahawks,,• Tyreke Smith,placed on physically unable to perform list
2022-07-26,Vikings,,• Nate Hairston,placed on non-football injury list
2022-07-26,Washington,,• Logan Thomas,placed on physically unable to perform list
2022-07-26,Cardinals,• Alex Ellis,,activated from reserve/non-football injury list
2022-07-26,Packers,• Hauati Pututau,,activated from physically unable to perform list
2022-07-27,49ers,,• Charlie Woerner,placed on physically unable to perform list
2022-07-27,49ers,,• Jason Verrett,placed on physically unable to perform list
2022-07-27,49ers,,• Kalia Davis,placed on non-football injury list
2022-07-27,Bears,,• Dane Cruikshank,placed on non-football injury list
2022-07-27,Bears,,• Michael Joseph,placed on non-football injury list
2022-07-27,Bears,,• Roquan Smith,placed on physically unable to perform list
2022-07-27,Bears,,• Sam Kamara,placed on physically unable to perform list
2022-07-27,Bears,,• Tajae Sharpe,placed on non-football injury list
2022-07-27,Bengals,• Alex Cappa,,activated from physically unable to perform list
2022-07-27,Bengals,• Samaje Perine,,activated from physically unable to perform list
2022-07-27,Chiefs,• Clyde Edwards-Helaire,,activated from physically unable to perform list
2022-07-27,Colts,• Rodney McLeod Jr.,,activated from physically unable to perform list
2022-07-27,Colts,• Tyquan Lewis,,activated from physically unable to perform list
2022-07-27,Cowboys,,• Aaron Hansford,placed on physically unable to perform list
2022-07-27,Cowboys,,• Damone Clark,placed on non-football injury list
2022-07-27,Cowboys,,• Dontario Drummond,placed on physically unable to perform list
2022-07-27,Cowboys,,• Michael Gallup,placed on physically unable to perform list
2022-07-27,Cowboys,,• Quandre Mosely,placed on physically unable to perform list
2022-07-27,Eagles,,• Brett Toth,placed on physically unable to perform list
2022-07-27,Eagles,,• Noah Elliss,placed on reserve/non-football injury list with undisclosed
2022-07-27,Eagles,,• Noah Elliss,placed on reserve/non-football injury list with undisclosed
2022-07-27,Eagles,,• Richard Rodgers (Christopher),placed on physically unable to perform list
2022-07-27,Eagles,,• Tyree Jackson,placed on physically unable to perform list
2022-07-27,Giants,• Daniel Bellinger,,activated from physically unable to perform list
2022-07-27,Jets,,• Dru Samia,placed on reserve/physically unable to perform list with undisclosed
2022-07-27,Jets,• George Fant,,activated from physically unable to perform list
2022-07-27,Lions,,• C.J. Moore,placed on non-football injury list
2022-07-27,Lions,,• Dan Skipper,placed on non-football illness list
2022-07-27,Lions,,• Jason Cabinda,placed on physically unable to perform list
2022-07-27,Packers,• Caleb Jones,,activated from non-football injury list
2022-07-27,Packers,• Dean Lowry,,activated from physically unable to perform list
2022-07-27,Packers,• Patrick Taylor,,activated from physically unable to perform list
2022-07-27,Panthers,,• Jaycee Horn,placed on physically unable to perform list
2022-07-27,Panthers,,• Shaq Thompson,placed on physically unable to perform list
2022-07-27,Ravens,,• Ben Cleveland,placed on non-football injury list
2022-07-27,Ravens,• Binjimen Victor / Ben Victor,,activated from non-football injury list
2022-07-27,Saints,,• Pete Werner,placed on non-football injury list
2022-07-27,Saints,• Michael Thomas (William),,activated from physically unable to perform list
2022-07-27,Saints,• Nick Vannett,,activated from non-football illness list
2022-07-27,Seahawks,,• Ben Burr-Kirven,placed on reserve/physically unable to perform list with undisclosed
2022-07-27,Steelers,,• Minkah Fitzpatrick,placed on non-football injury list
2022-07-27,Steelers,,• Tyson Alualu,placed on physically unable to perform list
2022-07-27,Texans,,• Jordan Jenkins,placed on physically unable to perform list
2022-07-27,Texans,,• Teagan Quitoriano,placed on physically unable to perform list
2022-07-27,Texans,,• Tristin McCollum,placed on physically unable to perform list
2022-07-28,Bengals,,• Elijah Holyfield,placed on IR with right knee injury
2022-07-28,Chiefs,,• Cortez Broughton,placed on physically unable to perform list
2022-07-28,Colts,• Eric Johnson (b),,activated from non-football injury list
2022-07-28,Commanders,• Chase Roullier,,activated from physically unable to perform list
2022-07-28,Ravens,• Devon Williams,,activated from non-football injury list
2022-07-29,Bears,• Sam Kamara,,activated from physically unable to perform list
2022-07-29,Broncos,• Christopher Allen,,activated from non-football injury list
2022-07-29,Buccaneers,• Sadarius Hutcherson,,activated from physically unable to perform list
2022-07-29,Cowboys,• Quandre Mosely,,activated from physically unable to perform list
2022-07-29,Packers,• Randy Ramsey,,activated from physically unable to perform list
2022-07-29,Packers,• Rasheed Walker,,activated from non-football injury list
2022-07-29,Packers,• Sammy Watkins,,activated from non-football injury list
2022-07-29,Patriots,• David Andrews,,activated from physically unable to perform list
2022-07-29,Patriots,• Jake Bailey,,activated from non-football injury list
2022-07-29,Raiders,,• Kyler Fackrell,placed on IR with undisclosed injury
2022-07-29,Lions,• Natrez Patrick,,activated from non-football injury list
2022-07-30,Lions,• Dan Skipper,,activated from non-football illness list
2022-07-30,Rams,,• Xavier Jones,placed on IR with undisclosed injury
2022-07-30,Saints,• Tanoh Kpassagnon,,activated from non-football illness list
2022-07-31,Buccaneers,• Don Gardner / Donnie Gardner,,activated from physically unable to perform list
2022-08-01,49ers,,• Maurice Hurst Jr.  / Maurice Hurst II (Roy),placed on IR with torn biceps
2022-08-01,Raiders,,• Micah Kiser,placed on IR with knee injury
2022-08-02,Bears,• Dane Cruikshank,,activated from non-football injury list
2022-08-02,Bears,• Michael Joseph,,activated from non-football injury list
2022-08-02,Bears,• Tajae Sharpe,,activated from non-football injury list
2022-08-02,Browns,,• Isaiah Weston,placed on IR with undisclosed injury
2022-08-02,Cardinals,• Marquise Brown,,activated from non-football injury list
2022-08-02,Colts,,• Carter O'Donnell,placed on IR with undisclosed injury
2022-08-02,Colts,,• John Hurst,placed on IR with undisclosed injury
2022-08-02,Giants,,• Jarren Williams,placed on IR with undisclosed injury
2022-08-03,Broncos,,• Damarea Crockett,placed on IR with torn ACL in right knee
2022-08-03,Broncos,,• Tim Patrick,placed on IR with torn ACL in right knee
2022-08-03,Dolphins,• Elijah Campbell,,activated from non-football injury list
2022-08-03,Eagles,• Richard Rodgers (Christopher),,activated from physically unable to perform list
2022-08-03,Jets,• Jeremy Ruckert,,activated from non-football injury list
2022-08-03,Panthers,,• Andrew Parchment,placed on IR with undisclosed injury
2022-08-03,Steelers,,• Jeremy McNichols,placed on IR with shoulder injury
2022-08-03,Texans,• Tristin McCollum,,activated from physically unable to perform list
2022-08-03,Titans,,• Daniel Munyer,placed on IR with undisclosed injury
2022-08-03,Cowboys,• Aaron Hansford,,activated from physically unable to perform list
2022-08-04,49ers,,• Jordan Matthews,placed on IR with torn ACL in left knee
2022-08-04,Broncos,,• Tom Compton,placed on physically unable to perform list
2022-08-04,Cardinals,• Maxx Williams,,activated from physically unable to perform list
2022-08-04,Chiefs,• Prince Tega Wanogho / Prince Wanogho,,activated from physically unable to perform list
2022-08-04,Commanders,,• Drew White (a),placed on IR with torn ACL in knee
2022-08-04,Cowboys,• Dontario Drummond,,activated from physically unable to perform list
2022-08-04,Jaguars,,• Jared Hocker,placed on IR with undisclosed injury
2022-08-04,Lions,,• Greg Bell (Alonzo),placed on IR with hamstring injury
2022-08-04,Lions,• C.J. Moore,,activated from non-football injury list
2022-08-04,Steelers,• Minkah Fitzpatrick,,activated from non-football injury list
2022-08-04,Texans,,• Davion Davis,placed on IR with hamstring injury
2022-08-04,Titans,,• Chris Williamson,placed on IR with undisclosed injury
2022-08-05,Eagles,,• Jaeden Graham,placed on IR with undisclosed injury
2022-08-05,Rams,,• Kyle Markway,placed on IR with undisclosed injury
2022-08-05,Saints,,• Smoke Monday,placed on IR with knee injury
2022-08-05,Chiefs,• Cortez Broughton,,activated from physically unable to perform list
2022-08-05,Titans,• Chris Williamson,,activated from IR
2022-08-05,Cowboys,,• Anthony Barr,placed on physically unable to perform list
2022-08-06,Browns,,• Reggie Robinson II,placed on IR with undisclosed injury
2022-08-06,Browns,,• Stephen Weatherly,placed on IR with knee injury
2022-08-06,Browns,• Anthony Walker Jr.,,activated from non-football injury list
2022-08-06,Browns,• David Bell,,activated from physically unable to perform list
2022-08-06,Browns,• Javon Wims,,activated from non-football illness list
2022-08-06,Browns,• Reggie Robinson II,,activated from IR
2022-08-06,Giants,,• Marcus McKethan,placed on IR with torn ACL in right knee
2022-08-06,Saints,,• Jerald Hawkins,placed on IR with undisclosed injury
2022-08-06,Giants,• Jarren Williams,,activated from IR
2022-08-06,Jaguars,• Jared Hocker,,activated from IR
2022-08-07,Bears,,• Christian Albright,placed on IR with undisclosed injury
2022-08-07,Falcons,,• Vincent Taylor,placed on IR with torn Achilles tendon
2022-08-08,Bears,,• C.J. Avery,placed on IR with undisclosed injury
2022-08-08,Commanders,,• Jequez Ezzard,placed on IR with undisclosed injury
2022-08-08,Jaguars,,• Nathan Cottrell,placed on IR with undisclosed injury
2022-08-08,Patriots,• Chasen Hines,,activated from non-football injury list
2022-08-08,Rams,• Kyren Williams,,activated from physically unable to perform list
2022-08-08,Rams,• Warren Jackson,,activated from physically unable to perform list
2022-08-08,Ravens,,• Vince Biegel,placed on IR with torn right Achilles tendon
2022-08-08,Ravens,• J.K. Dobbins,,activated from physically unable to perform list
2022-08-08,Saints,• Rashid Shaheed,,activated from non-football injury list
2022-08-08,Steelers,• Tyson Alualu,,activated from physically unable to perform list
2022-08-08,Rams,• Kyle Markway,,activated from IR
2022-08-09,Chiefs,• Rashad Fenton,,activated from physically unable to perform list
2022-08-09,Falcons,,• Bryce Rodgers,placed on IR with knee injury
2022-08-09,Saints,,• D'Marco Jackson,placed on IR with undisclosed injury (later identified as calf injury)
2022-08-09,Saints,,• Dylan Mabin,placed on IR with undisclosed injury
2022-08-09,Saints,• Marcus Davenport,,activated from physically unable to perform list
2022-08-09,Steelers,,• T.D. Moultry,placed on IR with undisclosed injury
2022-08-09,Colts,• John Hurst,,activated from IR
2022-08-10,Bears,• Roquan Smith,,activated from physically unable to perform list
2022-08-10,Bengals,• La'el Collins,,activated from non-football injury list
2022-08-10,Broncos,,• Christopher Allen,placed on IR with foot injury
2022-08-10,Browns,,• Jakeem Grant,placed on IR with torn left Achilles tendon
2022-08-10,Browns,,• Silas Kelly,placed on IR with undisclosed injury
2022-08-10,Chargers,,• Andrew Trainer,placed on IR with undisclosed injury
2022-08-10,Texans,,• Darius Anderson,placed on IR with dislocated knee
2022-08-10,Titans,,• Michael Griffin II,placed on IR with undisclosed injury
2022-08-11,49ers,,• Leon O'Neal Jr.,placed on IR with undisclosed injury
2022-08-11,Broncos,,• Tyreik Mcallister,placed on IR with undisclosed injury
2022-08-11,Jaguars,,• Jeremiah Ledbetter,placed on IR with undisclosed injury
2022-08-11,Packers,,• Osirus Mitchell,placed on IR with undisclosed injury
2022-08-11,Panthers,,• Jacob Tuioti-Mariner,placed on IR with undisclosed injury
2022-08-11,Saints,,• Bryce Thompson,placed on IR with undisclosed
2022-08-11,Steelers,,• Ulysees Gilbert III,placed on IR with undisclosed injury
2022-08-11,Bears,• Christian Albright,,activated from IR
2022-08-11,Browns,• Reggie Robinson II,,activated from IR
2022-08-11,Panthers,• Andrew Parchment,,activated from IR
2022-08-12,Eagles,,• Keric Wheatfall,placed on IR with undisclosed
2022-08-12,Panthers,,• Devin Jones,placed on IR with undisclosed
2022-08-12,Raiders,,• Cre'Von LeBlanc,placed on IR with undisclosed
2022-08-12,Steelers,,• Javon McKinley,placed on IR with undisclosed
2022-08-12,49ers,• Leon O'Neal Jr.,,activated from IR
2022-08-12,Bears,• C.J. Avery,,activated from IR
2022-08-12,Saints,• Dylan Mabin,,activated from IR
2022-08-12,Texans,• Davion Davis,,activated from IR
2022-08-12,Titans,• Daniel Munyer,,activated from IR
2022-08-13,Bills,• Eli Ankou,,activated from physically unable to perform list
2022-08-14,49ers,• Charlie Woerner,,activated from physically unable to perform list
2022-08-14,Giants,• Azeez Ojulari,,activated from non-football injury list
2022-08-14,Packers,• Christian Watson,,activated from physically unable to perform list
2022-08-14,Packers,• Elgton Jenkins,,activated from physically unable to perform list
2022-08-14,Packers,• Robert Tonyan,,activated from physically unable to perform list
2022-08-15,Bengals,,• Ben Brown (c),placed on IR with biceps injury
2022-08-15,Broncos,• Billy Turner,,activated from physically unable to perform list
2022-08-15,Broncos,• Randy Gregory,,activated from physically unable to perform list
2022-08-15,Browns,• Denzel Ward,,activated from physically unable to perform list
2022-08-15,Buccaneers,,• Kenjon Barner,placed on IR with ankle injury
2022-08-15,Colts,• Mike Strachan,,activated from physically unable to perform list
2022-08-15,Commanders,• Cornelius Lucas,,activated from non-football illness list
2022-08-15,Dolphins,,• Trill Williams,placed on IR with torn ACL in left knee
2022-08-15,Packers,,• Gabe Brkic,placed on IR with undisclosed
2022-08-15,Panthers,,• Kamal Martin,placed on IR with undisclosed
2022-08-15,Ravens,• Ar'Darius Washington,,activated from physically unable to perform list
2022-08-15,Ravens,• Marcus Peters (b. 1993-01-09),,activated from physically unable to perform list
2022-08-15,Saints,,• Ethan Greenidge,placed on IR with undisclosed
2022-08-15,Seahawks,,• Cody Thompson,placed on IR with shoulder injury
2022-08-15,Panthers,• Devin Jones,,activated from IR
2022-08-15,Saints,• Bryce Thompson,,activated from IR
2022-08-15,Texans,• Jordan Jenkins,,activated from physically unable to perform list
2022-08-15,Titans,• Michael Griffin II,,activated from IR
2022-08-16,Bears,,• Doug Kramer,placed on IR with Lisfranc injury
2022-08-16,Browns,,• Dawson Deaton,placed on IR with torn ACL in knee
2022-08-16,Browns,,• Nick Harris (b),placed on IR with right knee injury
2022-08-16,Chargers,,• Forrest Merrill,placed on IR with undisclosed
2022-08-16,Chargers,,• Isaac Weaver,placed on IR with undisclosed
2022-08-16,Chiefs,,• Gary Jennings,placed on IR with undisclosed
2022-08-16,Commanders,,• Alex Armah,placed on IR with undisclosed
2022-08-16,Cowboys,,• Ryan Nall,placed on IR with shoulder injury
2022-08-16,Cowboys,• Anthony Barr,,activated from physically unable to perform list
2022-08-16,Dolphins,,• Adam Shaheen,placed on IR with knee injury
2022-08-16,Falcons,,• Cornell Armstrong,placed on IR with undisclosed
2022-08-16,Jaguars,,• Elliott Fry,placed on IR
2022-08-16,Jets,,• Mekhi Becton,placed on IR with avulsion fracture of right kneecap
2022-08-16,Packers,,• Cole Schneider,placed on IR with undisclosed
2022-08-16,Packers,,• Donte Vaughn,placed on IR with undisclosed
2022-08-16,Patriots,,• Joejuan Williams,placed on IR with shoulder injury
2022-08-16,Patriots,,• Malcolm Butler,placed on IR with hip injury
2022-08-16,Ravens,,• Trent Harris,placed on IR with undisclosed
2022-08-16,Saints,,• Dylan Soehner,placed on physically unable to perform list
2022-08-16,Saints,,• Isaiah Pryor,placed on IR with undisclosed
2022-08-16,Saints,,• Jordan Brown,placed on IR with undisclosed
2022-08-16,Seahawks,• Liam Ryan,,activated from physically unable to perform list
2022-08-16,Steelers,,• Anthony Miller (b. 1994-10-09),placed on IR with shoulder injury
2022-08-16,Steelers,,• Karl Joseph,placed on IR with ankle injury
2022-08-16,Steelers,,• Tuzar Skipper,placed on IR with undisclosed
2022-08-16,Washington,,• Sammis Reyes / Sammie Reyes,placed on IR with hamstring injury
2022-08-16,Broncos,• Tyreik Mcallister,,activated from IR
2022-08-16,Browns,• Silas Kelly,,activated from IR
2022-08-16,Commanders,• Jequez Ezzard,,activated from IR
2022-08-16,Eagles,• Keric Wheatfall,,activated from IR
2022-08-16,Jaguars,• Nathan Cottrell,,activated from IR
2022-08-16,Panthers,• Jacob Tuioti-Mariner,,activated from IR
2022-08-16,Steelers,• Javon McKinley,,activated from IR
2022-08-17,Bears,,• Javin White,placed on IR with undisclosed
2022-08-17,Bears,,• Jayson Stanley,placed on IR with undisclosed
2022-08-17,Bears,,• Michael Joseph,placed on IR with undisclosed
2022-08-17,Browns,,• Elijah Nkansah,placed on IR with undisclosed
2022-08-17,Buccaneers,,• Joe Ozougwu / JoJo Ozougwu,placed on IR with undisclosed
2022-08-17,Buccaneers,,• Jonathan Hubbard,placed on IR with undisclosed
2022-08-17,Cowboys,,• Ian Bunting,placed on IR with neck injury
2022-08-17,Cowboys,,• Kyron Brown,placed on IR with undisclosed
2022-08-17,Cowboys,,• Ty Fryfogle,placed on IR with hamstring injury
2022-08-17,Dolphins,,• Tino Ellis,placed on IR with undisclosed
2022-08-17,Eagles,,• Jared Mayden,placed on IR with undisclosed
2022-08-17,Eagles,,• Jimmy Moreland,placed on IR with undisclosed
2022-08-17,Eagles,,• Lance Lenoir,placed on IR with undisclosed
2022-08-17,Giants,,• Austin Proehl,placed on IR with undisclosed
2022-08-17,Lions,,• Brady Breeze,placed on IR with undisclosed
2022-08-17,Packers,,• Dominique Dafney,placed on IR with undisclosed
2022-08-17,Raiders,• Bilal Nichols,,activated from physically unable to perform list
2022-08-17,Raiders,• Dillon Stoner,,activated from physically unable to perform list
2022-08-17,Raiders,• Johnathan Hankins,,activated from physically unable to perform list
2022-08-17,Raiders,• Trayvon Mullen,,activated from physically unable to perform list
2022-08-17,Rams,,• Warren Jackson,placed on IR with undisclosed
2022-08-17,Saints,,• Jaleel Johnson,placed on IR with undisclosed
2022-08-17,Vikings,,• Thomas Hennigan,placed on IR with undisclosed injury
2022-08-17,Vikings,,• Tyarise Stevenson,placed on IR with undisclosed
2022-08-17,Falcons,• Bryce Rodgers,,activated from IR
2022-08-17,Steelers,• T.D. Moultry,,activated from IR
2022-08-18,Colts,,• Andrew Ogletree,placed on IR with torn ACL in right knee
2022-08-18,Packers,,• Malik Taylor,placed on IR with shoulder injury
2022-08-18,Giants,• Austin Proehl,,activated from IR
2022-08-19,Giants,,• Robert Foster,placed on IR with hamstring injury
2022-08-19,Saints,,• Forrest Lamp,placed on IR with undisclosed injury
2022-08-19,Saints,,• Sage Doxtater,placed on IR with undisclosed
2022-08-19,Steelers,,• Master Teague III,placed on IR with undisclosed
2022-08-19,Jaguars,• Elliott Fry,,activated from IR
2022-08-19,Steelers,• Ulysees Gilbert III,,activated from IR
2022-08-20,Panthers,• Kamal Martin,,activated from IR
2022-08-21,Bears,,• David Moore (b. 1995-01-15),placed on IR with lower leg injury
2022-08-21,Commanders,,• Olubunmi Rotimi / Bunmi Rotimi,placed on IR with fractured foot
2022-08-21,Packers,• David Bakhtiari,,activated from physically unable to perform list
2022-08-21,Raiders,,• Jordan Jenkins,placed on IR with torn ACL in right knee
2022-08-21,Rams,,• J.J. Koski,placed on IR with undisclosed
2022-08-21,Texans,,• Chester Rogers,placed on IR with ankle injury
2022-08-21,Buccaneers,• Joe Ozougwu / JoJo Ozougwu,,activated from IR
2022-08-22,Buccaneers,,• Aaron Stinnie,"placed on IR with torn ACL, MCL in left knee"
2022-08-22,Buccaneers,,• Cam Gill,placed on IR with Lisfranc injury in foot
2022-08-22,Commanders,,• Eli Wolf,placed on IR with undisclosed injury
2022-08-22,Commanders,• Alex Armah,,activated from IR
2022-08-22,Eagles,• Lance Lenoir,,activated from IR
2022-08-22,Jaguars,• Jeremiah Ledbetter,,activated from IR
2022-08-22,Packers,• Dominique Dafney,,activated from IR
2022-08-22,Saints,• Jordan Brown,,activated from IR
2022-08-23,49ers,,• Austin Mack,placed on IR with undisclosed
2022-08-23,49ers,,• Jason Verrett,placed on reserve/physically unable to perform list with knee injury
2022-08-23,49ers,,• Kalia Davis,placed on IR / reserve/non football injury list with knee injury
2022-08-23,Bengals,,• Brandon Wilson,placed on reserve/physically unable to perform list recovering from torn ACL in left knee
2022-08-23,Bills,,• Ike Boettger,placed on reserve/physically unable to perform list with Achilles injury
2022-08-23,Broncos,,• Marquiss Spencer,placed on IR with undisclosed
2022-08-23,Broncos,,• Tom Compton,placed on reserve/physically unable to perform list with back injury
2022-08-23,Chargers,,• Stone Smartt,placed on IR / reserve/non football injury list
2022-08-23,Chiefs,,• Derrick Gore,placed on IR with fractured thumb
2022-08-23,Chiefs,,• Lucas Niang,placed on reserve/physically unable to perform list with knee injury
2022-08-23,Commanders,,• Chase Young,placed on reserve/physically unable to perform list recovering from torn ACL in right knee
2022-08-23,Commanders,,• Nathan Gerry / Nate Gerry,placed on IR with undisclosed
2022-08-23,Commanders,,• Tyler Larsen,placed on IR / reserve/physically unable to perform list with Achilles injury
2022-08-23,Cowboys,,• Jeremy Sprinkle,placed on IR with Achilles injury
2022-08-23,Dolphins,,• John Lovett (b. 1996-04-25),placed on IR with undisclosed
2022-08-23,Dolphins,,• Mackensie Alexander,placed on IR with groin injury
2022-08-23,Eagles,,• Brett Toth,placed on reserve/physically unable to perform list with knee injury
2022-08-23,Eagles,,• Tyree Jackson,placed on reserve/physically unable to perform list with right knee injury
2022-08-23,Giants,,• Andre Miller / Dre Miller,placed on IR with forearm injury
2022-08-23,Giants,,• Darrian Beavers,placed on IR with torn ACL in right knee
2022-08-23,Giants,,• Matt Peart,placed on reserve/physically unable to perform list with left knee injury
2022-08-23,Giants,,• Nick Gates,placed on reserve/physically unable to perform list with left leg injury
2022-08-23,Giants,,• Ricky Seals-Jones,placed on IR with toe injury
2022-08-23,Lions,,• Jameson Williams,placed on IR / non-football injury liust with torn ACL in left knee
2022-08-23,Lions,,• Jason Cabinda,placed on reserve/physically unable to perform list with ankle injury
2022-08-23,Lions,,• Joshua Paschal / Josh Paschal,placed on IR / physically unable to perform list with surgery to repair sports hernia
2022-08-23,Lions,,• Romeo Okwara,placed on reserve/physically unable to perform list recovering from torn left Achilles tendon
2022-08-23,Packers,,• Kylin Hill,placed on reserve/physically unable to perform list with right knee injury
2022-08-23,Panthers,,• Duke Dawson,placed on IR with groin injury
2022-08-23,Panthers,,• Khalan Tolson,placed on IR with undisclosed
2022-08-23,Panthers,,• Matt Corral,placed on IR with Lisfranc injury in left foot
2022-08-23,Patriots,,• Andrew Stueber,placed on IR / reserve/non-football injury list
2022-08-23,Patriots,,• Ronnie Perkins,placed on IR with undisclosed
2022-08-23,Ravens,,• Gus Edwards,placed on reserve/physically unable to perform list recovering from torn ACL in knee
2022-08-23,Saints,,• Kevin White (Romone),placed on IR with undisclosed
2022-08-23,Texans,,• John Metchie III,placed on IR / reserve/non football injury list with acute promyelocytic leukemia
2022-08-23,Titans,,• Caleb Shudak,placed on reserve/physically unable to perform list
2022-08-23,Titans,,• Shakur Brown,placed on IR
2022-08-23,Vikings,,• Blake Proehl,placed on reserve/physically unable to perform list with knee injury
2022-08-23,Vikings,,• Jullian Taylor,placed on IR with undisclosed
2022-08-23,Vikings,,• Ryan Connelly,placed on reserve/physically unable to perform list with knee injury
2022-08-23,Cowboys,• Kyron Brown,,activated from IR
2022-08-23,Cowboys,• Ryan Nall,,activated from IR
2022-08-23,Cowboys,• Ty Fryfogle,,activated from IR
2022-08-23,Raiders,• Cre'Von LeBlanc,,activated from IR
2022-08-23,Saints,• Jaleel Johnson,,activated from IR
2022-08-23,Saints,• Sage Doxtater,,activated from IR
2022-08-23,Washington,• Sammis Reyes / Sammie Reyes,,activated from IR
2022-08-24,49ers,,• Sam Schlueter,placed on IR with undisclosed
2022-08-24,Broncos,,• Casey Tucker,placed on IR with dislocated toe
2022-08-24,Buccaneers,,• Johnathan Howard / Bug Howard,placed on IR with undisclosed
2022-08-24,Cardinals,,• Darrell Baker Jr.,placed on IR with undisclosed
2022-08-24,Chargers,,• Damon Lloyd,placed on IR with undisclosed
2022-08-24,Chargers,,• Tevaughn Campbell,placed on IR with undisclosed
2022-08-24,Chargers,,• Ty Shelby,placed on IR with undisclosed
2022-08-24,Cowboys,,• Christian Sam,placed on IR with undisclosed
2022-08-24,Falcons,,• Jalen Dalton,placed on IR with undisclosed
2022-08-24,Falcons,• Deion Jones,,activated from physically unable to perform list
2022-08-24,Giants,,• Colin Johnson,placed on IR
2022-08-24,Giants,,• Collin Johnson,placed on IR with torn right Achilles tendon
2022-08-24,Giants,,• Marcus Kemp,placed on IR with hamstring injury
2022-08-24,Giants,• Sterling Shepard,,activated from physically unable to perform list
2022-08-24,Packers,,• Danny Davis,placed on IR with undisclosed
2022-08-24,Packers,,• Vernon Scott,placed on IR with shoulder injury
2022-08-24,Packers,,• waived,placed on IR
2022-08-24,Ravens,,• Slade Bolden,placed on IR with undisclosed
2022-08-24,Seahawks,,• Jon Rhattigan,placed on reserve/physically unable to perform list with knee injury
2022-08-24,Titans,,• Monty Rice,placed on reserve/physically unable to perform list with Achilles injury
2022-08-24,Broncos,• Marquiss Spencer,,activated from IR
2022-08-24,Chiefs,• Gary Jennings,,activated from IR
2022-08-24,Dolphins,• Tino Ellis,,activated from IR
2022-08-24,Eagles,• Jimmy Moreland,,activated from IR
2022-08-24,Falcons,• Cornell Armstrong,,activated from IR
2022-08-24,Lions,• Brady Breeze,,activated from IR
2022-08-24,Packers,• Cole Schneider,,activated from IR
2022-08-24,Packers,• Donte Vaughn,,activated from IR
2022-08-24,Saints,• Jerald Hawkins,,activated from IR
2022-08-24,Steelers,• Master Teague III,,activated from IR
2022-08-24,Steelers,• Tuzar Skipper,,activated from IR
2022-08-25,Bears,• Jayson Stanley,,activated from IR
2022-08-25,Buccaneers,• Jonathan Hubbard,,activated from IR
2022-08-25,Chiefs,• Derrick Gore,,activated from IR
2022-08-25,Commanders,• Nathan Gerry / Nate Gerry,,activated from IR
2022-08-25,Cowboys,• Christian Sam,,activated from IR
2022-08-25,Giants,• Robert Foster,,activated from IR
2022-08-25,Panthers,• Duke Dawson,,activated from IR
2022-08-25,Panthers,• Khalan Tolson,,activated from IR
2022-08-25,Patriots,• Malcolm Butler,,activated from IR
2022-08-25,Ravens,• Trent Harris,,activated from IR
2022-08-25,Vikings,• Tyarise Stevenson,,activated from IR
2022-08-26,Broncos,,• Barrington Wade,placed on IR
2022-08-26,Buccaneers,,• Cyril Grayson,placed on IR
2022-08-26,Ravens,,• Tyus Bowser,placed on reserve/physically unable to perform list with surgery on Achilles
2022-08-26,Ravens,• Ronnie Stanley,,activated from physically unable to perform list
2022-08-26,Cowboys,• Jeremy Sprinkle,,activated from IR
2022-08-27,49ers,• Austin Mack,,activated from IR
2022-08-27,Broncos,• Barrington Wade,,activated from IR
2022-08-27,Saints,• Kevin White (Romone),,activated from IR
2022-08-28,Raiders,,• Brandon Parker,placed on IR with triceps injury
2022-08-28,Raiders,,• Tae Davis (Marquez),placed on IR with undisclosed injury
2022-08-28,Raiders,,• Tyler Lancaster,placed on IR with undisclosed injury
2022-08-28,Seahawks,,• Tre Brown,placed on reserve/physically unable to perform list with knee injury
2022-08-28,Commanders,• Olubunmi Rotimi / Bunmi Rotimi,,activated from IR
2022-08-29,Browns,,• Chris Odom,placed on IR with torn ACL in left knee
2022-08-29,Dolphins,,• Calvin Munson,placed on IR with undisclosed injury
2022-08-29,Vikings,,• Olabisi Johnson,placed on IR with torn ACL in left knee
2022-08-29,Vikings,,• T.Y. McGill,placed on IR with ankle injury
2022-08-29,Cardinals,• Darrell Baker Jr.,,activated from IR
2022-08-29,Texans,• Chester Rogers,,activated from IR
2022-08-30,Bears,,• Tavon Young,placed on IR with leg injury
2022-08-30,Bengals,,• Joe Bachie,placed on reserve/physically unable to perform list recovering from torn ACL in left knee
2022-08-30,Bills,,• Tre'Davious White,placed on reserve/physically unable to perform list recovering from torn ACL in left knee
2022-08-30,Broncos,,• Brandon Johnson (b. 1998-07-26),placed on IR with ankle injury
2022-08-30,Buccaneers,,• Rashard Robinson,placed on IR with undisclosed injury
2022-08-30,Cardinals,,• Marquis Hayes,placed on IR with undisclosed injury
2022-08-30,Colts,,• Armani Watts,placed on IR with ankle injury
2022-08-30,Colts,,• Rigoberto Sanchez,placed on IR with torn Achilles tendon
2022-08-30,Colts,• Darius Leonard / Shaquille Leonard / Shaq Leonard,,activated from physically unable to perform list
2022-08-30,Commanders,,• Josh Drayden,placed on IR with undisclosed injury
2022-08-30,Commanders,,• Keith Ismael,placed on IR with undisclosed injury
2022-08-30,Commanders,,• Willie Beavers,placed on IR with undisclosed injury
2022-08-30,Cowboys,,• Damone Clark,placed on reserve/non-football injury list with neck injury
2022-08-30,Cowboys,• Michael Gallup,,activated from physically unable to perform list
2022-08-30,Dolphins,,• Brennan Scarlett,placed on IR with knee injury
2022-08-30,Dolphins,,• Byron Jones (Philip),placed on reserve/physically unable to perform list with ankle injury
2022-08-30,Eagles,,• Greg Ward,placed on IR with undisclosed injury
2022-08-30,Jets,,• Nick Bawden,placed on IR with undisclosed injury
2022-08-30,Lions,,• Jerry Jacobs (b. 1997-09-26),placed on reserve/physically unable to perform list recovering from torn ACL in left knee
2022-08-30,Packers,• Mason Crosby,,activated from physically unable to perform list
2022-08-30,Panthers,,• Julian Stanford,placed on IR with undisclosed injury
2022-08-30,Panthers,,• Zane Gonzalez,placed on IR with groin injury
2022-08-30,Patriots,,• Henry Anderson (Wyatt),placed on IR with undisclosed injury
2022-08-30,Patriots,,• Kristian Wilkerson,placed on IR with undisclosed injury
2022-08-30,Raiders,,• Jacob Hollister,placed on IR with undisclosed injury
2022-08-30,Rams,,• Logan Bruss,placed on IR with undisclosed injury
2022-08-30,Rams,,• Quentin Lake,placed on reserve/physically unable to perform list with undisclosed
2022-08-30,Rams,,• Travin Howard,placed on reserve/non-football injury list with undisclosed
2022-08-30,Saints,,• Albert Huggins,placed on IR with leg injury
2022-08-30,Seahawks,,• Tyreke Smith,placed on IR with undisclosed injury
2022-08-30,Texans,,• Derek Rivers,placed on IR with undisclosed injury
2022-08-30,Buccaneers,• Johnathan Howard / Bug Howard,,activated from IR
2022-08-30,Chargers,• Ty Shelby,,activated from IR
2022-08-30,Falcons,• Jalen Dalton,,activated from IR
2022-08-30,Giants,• Marcus Kemp,,activated from IR
2022-08-30,Rams,• Warren Jackson,,activated from IR
2022-08-30,Vikings,• Jullian Taylor,,activated from IR
2022-08-31,Bengals,,• Desmond Noel,placed on IR with undisclosed injury
2022-08-31,Bengals,,• Lamont Gaillard,placed on IR with undisclosed injury
2022-08-31,Broncos,,• Donnie Lewis Jr.,placed on IR with undisclosed injury
2022-08-31,Browns,,• Lavert Hill,placed on IR with undisclosed injury
2022-08-31,Buccaneers,,• Elijah Ponder,placed on IR with undisclosed injury
2022-08-31,Cardinals,,• Chris Pierce,placed on IR with undisclosed injury
2022-08-31,Cardinals,,• Greg Long (b. 1997-06-21),placed on IR with undisclosed injury
2022-08-31,Cardinals,,• Joshua Miles / Josh Miles,placed on IR with undisclosed injury
2022-08-31,Cardinals,,• Tae Daley,placed on IR with undisclosed injury
2022-08-31,Chiefs,,• Matt Bushman,placed on IR with undisclosed injury
2022-08-31,Cowboys,,• Aaron Shampklin,placed on IR with undisclosed injury
2022-08-31,Cowboys,,• Isaac Taylor-Stuart,placed on IR with undisclosed injury
2022-08-31,Dolphins,,• D'Angelo Ross,placed on IR with undisclosed injury
2022-08-31,Dolphins,,• Darius Hodge,placed on IR with undisclosed injury
2022-08-31,Eagles,,• Kobe Smith,placed on IR with undisclosed injury
2022-08-31,Falcons,,• Dorian Etheridge,placed on IR with undisclosed injury
2022-08-31,Falcons,,• John Raine,placed on IR with undisclosed injury
2022-08-31,Jaguars,,• Raequan Williams,placed on IR with undisclosed injury
2022-08-31,Jaguars,,• Willie Johnson (b),placed on IR with undisclosed injury
2022-08-31,Lions,,• C.J. Moore,placed on IR with undisclosed injury
2022-08-31,Lions,,• Eric Banks,placed on IR with undisclosed injury
2022-08-31,Lions,,• Jashon Cornell,placed on IR with undisclosed injury
2022-08-31,Lions,,• Kevin Jarvis,placed on IR with undisclosed injury
2022-08-31,Lions,,• Trinity Benson,placed on IR with undisclosed injury
2022-08-31,Packers,,• Akial Byers,placed on IR with undisclosed injury
2022-08-31,Packers,,• Alize Mack,placed on IR with undisclosed injury
2022-08-31,Packers,,• Innis Gaines,placed on IR with undisclosed injury
2022-08-31,Packers,,• Ishmael Hyman,placed on IR with undisclosed injury
2022-08-31,Packers,,• Nate Becker,placed on IR with undisclosed injury
2022-08-31,Packers,,• Shawn Davis (b. 1997-12-24),placed on IR with undisclosed injury
2022-08-31,Panthers,,• Isaiah Graham-Mobley,placed on IR with undisclosed injury
2022-08-31,Panthers,,• Spencer Brown (b. 1998-11-13),placed on IR with undisclosed injury
2022-08-31,Rams,,• Tyler Hall,placed on IR with undisclosed injury
2022-08-31,Ravens,,• Aaron Crawford,placed on IR with undisclosed injury
2022-08-31,Ravens,,• Daelin Hayes,placed on IR with undisclosed injury
2022-08-31,Ravens,,• Shemar Bridges,placed on IR with undisclosed injury
2022-08-31,Seahawks,,• John Reid,placed on IR with groin injury
2022-08-31,Seahawks,,• Josh Johnson (a),placed on IR with undisclosed injury
2022-08-31,Steelers,,• Carlins Platel,placed on IR with undisclosed injury
2022-08-31,Texans,,• Kendall Sheffield,placed on IR with undisclosed injury
2022-08-31,Titans,,• Tommy Hudson,placed on IR with undisclosed injury
2022-08-31,49ers,• Sam Schlueter,,activated from IR
2022-08-31,Raiders,• Kyler Fackrell,,activated from IR
2022-08-31,Bears,,• Tajae Sharpe,placed on IR with rib injury
2022-09-01,49ers,,• Curtis Robinson,placed on IR with high ankle sprain
2022-09-01,49ers,,• Jimmie Ward,placed on IR with hamstring injury
2022-09-01,Bears,,• N'Keal Harry,placed on IR recovering from tightrope surgery on ankle
2022-09-01,Bengals,,• Cam Taylor-Britt,placed on IR with abdominal injury
2022-09-01,Bengals,,• Khalid Kareem,placed on IR with hamstring injury
2022-09-01,Bills,,• Marquez Stevenson,placed on IR with surgery on foot
2022-09-01,Broncos,,• Greg Dulcich,placed on IR with hamstring injury
2022-09-01,Broncos,,• Michael Ojemudia,placed on IR with elbow injury
2022-09-01,Buccaneers,,• Ryan Jensen,placed on IR with left knee injury
2022-09-01,Cardinals,,• Antoine Wesley,placed on IR with groin injury
2022-09-01,Cardinals,,• Antonio Hamilton,"placed on reserve/non-football injury list with burns on feet, legs from cooking accident"
2022-09-01,Cardinals,,• Charles Washington (b. 1993-03-10),placed on IR with undisclosed injury
2022-09-01,Colts,,• Trevor Denbow,placed on IR with undisclosed injury
2022-09-01,Commanders,,• Brian Robinson Jr.,placed on reserve/non-football injury list with gunshot wounds to lower body
2022-09-01,Commanders,,• Curtis Hodges,placed on IR with undisclosed injury
2022-09-01,Cowboys,,• James Washington (Edward),placed on IR with fractured foot
2022-09-01,Cowboys,,• Tyron Smith,placed on IR with surgery on hamstring
2022-09-01,Dolphins,,• Clayton Fejedelem,placed on IR with undisclosed injury
2022-09-01,Falcons,,• Deion Jones,placed on IR with undisclosed injury
2022-09-01,Falcons,,• Isaiah Oliver,placed on IR with knee injury
2022-09-01,Falcons,,• Jalen Mayfield,placed on IR with undisclosed injury
2022-09-01,Falcons,,• John FitzPatrick (b),placed on IR with undisclosed injury
2022-09-01,Falcons,,• Marlon Davidson,placed on IR with undisclosed
2022-09-01,Giants,,• Elerson Smith,placed on IR with undisclosed injury
2022-09-01,Giants,,• Rodarius Williams,placed on IR with undisclosed injury
2022-09-01,Giants,,• Shane Lemieux,placed on IR with turf toe
2022-09-01,Jaguars,,• Jake Verity,placed on IR with undisclosed injury
2022-09-01,Jets,,• Vinny Curry,placed on IR with hamstring injury
2022-09-01,Panthers,,• Sam Darnold,placed on IR with sprained left ankle
2022-09-01,Patriots,,• Tyquan Thornton,placed on IR with collarbone injury
2022-09-01,Rams,,• Daniel Hardy,placed on IR with undisclosed injury
2022-09-01,Ravens,,• Charlie Kolar,placed on IR with surgery to repair sports hernia
2022-09-01,Ravens,,• David Ojabo,placed on reserve/non-football injury list with torn left Achilles tendon
2022-09-01,Saints,,• Malcolm Roach,placed on IR with undisclosed injury
2022-09-01,Saints,,• Trevor Penning,placed on IR with foot injury
2022-09-01,Seahawks,,• L.J. Collier,placed on IR with elbow injury
2022-09-01,Steelers,,• Calvin Austin III,placed on IR with undisclosed injury
2022-09-01,Steelers,,• Damontae Kazee,placed on IR with undisclosed injury
2022-09-01,Texans,,• Christian Harris,placed on IR with undisclosed injury
2022-09-01,Texans,,• Tavierre Thomas,placed on IR with undisclosed injury
2022-09-01,Texans,,• Teagan Quitoriano,placed on IR with undisclosed injury
2022-09-01,Titans,,• Racey McMath,placed on IR with hip injury
2022-09-01,Broncos,• Donnie Lewis Jr.,,activated from IR
2022-09-01,Buccaneers,• Cyril Grayson,,activated from IR
2022-09-01,Cardinals,• Greg Long (b. 1997-06-21),,activated from IR
2022-09-01,Dolphins,• D'Angelo Ross,,activated from IR
2022-09-01,Dolphins,• Mackensie Alexander,,activated from IR
2022-09-01,Giants,• Andre Miller / Dre Miller,,activated from IR
2022-09-01,Giants,• Ricky Seals-Jones,,activated from IR
2022-09-01,Packers,• Danny Davis,,activated from IR
2022-09-01,Ravens,• Aaron Crawford,,activated from IR
2022-09-02,Bengals,,• Isaiah Prince,placed on IR with elbow injury
2022-09-02,Bengals,,• Tycen Anderson,placed on IR with hamstring injury
2022-09-02,Titans,,• Harold Landry III,placed on IR with torn ACL in knee (out for season)
2022-09-02,Bengals,• Lamont Gaillard,,activated from IR
2022-09-02,Buccaneers,• Rashard Robinson,,activated from IR
2022-09-02,Cardinals,• Chris Pierce,,activated from IR
2022-09-02,Cowboys,• Aaron Shampklin,,activated from IR
2022-09-02,Eagles,• Jaeden Graham,,activated from IR
2022-09-02,Packers,• Alize Mack,,activated from IR
2022-09-02,Packers,• Nate Becker,,activated from IR
2022-09-02,Raiders,• Jacob Hollister,,activated from IR
2022-09-02,Raiders,• Tae Davis (Marquez),,activated from IR
2022-09-05,Chiefs,,• Blake Bell,placed on IR with hip flexor injury
2022-09-05,Lions,,• Halapoulivaati Vaitai,placed on IR with undisclosed injury
2022-09-05,Commanders,• Keith Ismael,,activated from IR
2022-09-05,Jaguars,• Raequan Williams,,activated from IR
2022-09-05,Lions,• C.J. Moore,,activated from IR
2022-09-05,Lions,• Eric Banks,,activated from IR
2022-09-05,Lions,• Jashon Cornell,,activated from IR
2022-09-05,Lions,• Kevin Jarvis,,activated from IR
2022-09-05,Raiders,• Tyler Lancaster,,activated from IR
2022-09-05,Ravens,• Shemar Bridges,,activated from IR
2022-09-06,Eagles,,• Andre Dillard,placed on IR with fractured forearm
2022-09-06,Raiders,,• Vitaliy Gurman,placed on practice squad IR with undisclosed injury
2022-09-06,Broncos,• Brandon Johnson (b. 1998-07-26),,activated from IR
2022-09-06,Dolphins,• Brennan Scarlett,,activated from IR
2022-09-06,Falcons,• John Raine,,activated from IR
2022-09-06,Jaguars,• Jake Verity,,activated from IR
2022-09-06,Rams,• Tyler Hall,,activated from IR
2022-09-06,Rams,• Xavier Jones,,activated from IR
2022-09-06,Vikings,• T.Y. McGill,,activated from IR
2022-09-07,Cardinals,,• Colt McCoy,placed on IR with arm / calf injury
2022-09-07,Steelers,,• Hamilcar Rashed Jr.,placed on practice squad IR with undisclosed injury
2022-09-07,Browns,• Lavert Hill,,activated from IR
2022-09-07,Chiefs,• Matt Bushman,,activated from IR
2022-09-07,Dolphins,• Darius Hodge,,activated from IR
2022-09-07,Packers,• Ishmael Hyman,,activated from IR
2022-09-07,Panthers,• Spencer Brown (b. 1998-11-13),,activated from IR
2022-09-08,Texans,,• Cedric Ogbuehi,placed on practice squad IR with undisclosed injury
2022-09-08,Commanders,• Josh Drayden,,activated from IR
2022-09-08,Eagles,• Kobe Smith,,activated from IR
2022-09-08,Falcons,• Dorian Etheridge,,activated from IR
2022-09-08,Packers,• Shawn Davis (b. 1997-12-24),,activated from IR
2022-09-08,Saints,• Isaiah Pryor,,activated from IR
2022-09-08,Seahawks,• Josh Johnson (a),,activated from IR
2022-09-09,Browns,,• Greedy Williams,placed on IR with strained hamstring
2022-09-09,Titans,,• Chance Campbell,placed on IR with knee injury
2022-09-09,Titans,,• Elijah Molden,placed on IR with groin injury
2022-09-09,Bears,• Tajae Sharpe,,activated from IR
2022-09-09,Buccaneers,• Elijah Ponder,,activated from IR
2022-09-09,Packers,• Akial Byers,,activated from IR
2022-09-09,Packers,• Innis Gaines,,activated from IR
2022-09-10,Cardinals,,• Cody Ford,placed on IR with ankle injury
2022-09-10,Jets,,• Duane Brown,placed on IR with shoulder injury
2022-09-10,Lions,,• Levi Onwuzurike,placed on IR with back injury
2022-09-10,Texans,,• Mario Addison,placed on IR with thigh injury
2022-09-12,Bengals,,• Clark Harris,placed on IR with right biceps injury
2022-09-12,Commanders,,• Phidarian Mathis,placed on IR with torn meniscus in knee
2022-09-12,Falcons,,• Tyler Vrabel,placed on practice squad IR with undisclosed injury
2022-09-12,Raiders,,• Anthony Averett,placed on IR with fractured right thumb
2022-09-12,Seahawks,,• Alton Robinson,placed on IR with sprained knee
2022-09-13,49ers,,• Elijah Mitchell (b),placed on IR with knee injury
2022-09-13,Chiefs,,• Trent McDuffie,placed on IR with hamstring injury
2022-09-13,Eagles,,• Derek Barnett,placed on IR with torn ACL in knee
2022-09-13,Packers,,• Krys Barnes,placed on IR with ankle injury
2022-09-13,Panthers,,• Andre Roberts,placed on IR with knee injury
2022-09-13,Patriots,,• Ty Montgomery,placed on IR with undisclosed injury
2022-09-13,Rams,,• Daniel Isom / Dan Isom,placed on practice squad IR with undisclosed injury
2022-09-13,Rams,,• Kyren Williams,placed on IR with ankle injury
2022-09-13,Ravens,,• Ja'Wuan James,placed on IR with torn left Achilles tendon
2022-09-13,Ravens,,• Kyle Fuller (Brandon),placed on IR with torn ACL in left knee
2022-09-13,Titans,,• A.J. Moore Jr.,placed on IR with ankle injury
2022-09-13,Titans,,• Da'Shawn Hand,placed on IR with quadriceps injury
2022-09-14,49ers,,• Jordan Willis,placed on IR with knee injury
2022-09-14,Bears,,• Alex Leatherwood,placed on reserve/non-football injury list with mononucleosis
2022-09-14,Broncos,,• Justin Simmons,placed on IR with quadriceps injury
2022-09-14,Cardinals,,• Rashaad Coward,placed on practice squad IR with undisclosed injury
2022-09-14,Cardinals,,• Victor Bolden Jr.,placed on practice squad IR with undisclosed injury
2022-09-14,Raiders,,• D.J. Turner (b. 1997-01-18),placed on IR with ankle injury
2022-09-14,Seahawks,,• Tyler Ott,placed on IR with shoulder injury
2022-09-15,Lions,,• Tommy Kraemer,placed on IR with back injury
2022-09-15,Raiders,,• Dillon Stoner,placed on practice squad IR with undisclosed injury
2022-09-15,Rams,,• Trey Ragas,placed on practice squad IR with undisclosed injury
2022-09-15,Seahawks,,• Jamal Adams,placed on IR with torn quadriceps (surgery)
2022-09-15,Steelers,,• T.J. Watt,placed on IR with torn pectoral muscle
2022-09-15,Packers,• Malik Taylor,,activated from IR
2022-09-16,Dolphins,,• Austin Jackson,placed on IR with ankle injury
2022-09-17,Cowboys,,• Tarell Basham,placed on IR with thigh injury
2022-09-17,Falcons,,• Damien Williams,placed on IR with ribs injury
2022-09-17,Bears,• David Moore (b. 1995-01-15),,activated from IR
2022-09-17,Bears,• Tavon Young,,activated from IR
2022-09-19,Ravens,,• Josh Ross,placed on IR with foot injury
2022-09-19,Ravens,,• Steven Means,placed on IR with torn Achilles tendon
2022-09-20,Browns,,• Chase Winovich,placed on IR with hamstring injury
2022-09-20,Browns,,• Jesse James (Dylan),placed on IR with biceps injury
2022-09-20,Commanders,,• Chase Roullier,placed on IR with right knee injury
2022-09-20,Panthers,,• Bravvion Roy,placed on IR with hamstring injury
2022-09-20,Rams,,• Tremayne Anchrum,placed on IR with fractured fibula
2022-09-20,Rams,,• Troy Hill (b. 1991-08-29),placed on IR with groin injury
2022-09-20,Texans,,• Kevin Pierre-Louis,placed on IR with groin injury
2022-09-20,Eagles,• Jared Mayden,,activated from IR
2022-09-20,Packers,• Gabe Brkic,,activated from IR
2022-09-21,49ers,,• Trey Lance,"placed on IR with fractured right ankle, ligament disruption in right ankle"
2022-09-21,Buccaneers,,• Giovani Bernard,placed on IR with ankle injury
2022-09-21,Buccaneers,,• Josh Wells,placed on IR with calf injury
2022-09-21,Commanders,,• Nolan Laufenberg,placed on practice squad IR with undisclosed injury
2022-09-21,Titans,,• Chris Jackson (D'Wayne ),placed on IR with undisclosed injury
2022-09-21,Titans,,• Trenton Cannon,placed on IR with torn ACL in right knee
2022-09-22,Titans,,• Jamarco Jones,placed on IR with triceps injury
2022-09-23,Browns,,• Anthony Walker Jr.,"placed on IR with quadricep, ankle injuries"
2022-09-24,Bills,,• Micah Hyde,placed on IR with neck injury
2022-09-24,Packers,,• Sammy Watkins,placed on IR with strained hamstring
2022-09-24,Rams,,• Van Jefferson,placed on IR recovering from surgery on knee
2022-09-24,Saints,,• Alontae Taylor,placed on IR with knee injury
2022-09-24,Titans,,• Taylor Lewan,placed on IR with right knee injury
2022-09-27,Bears,,• Byron Pringle,placed on IR with calf injury
2022-09-27,Bills,,• Tommy Doyle,placed on IR with torn ACL in knee
2022-09-27,Chargers,,• Jalen Guyton,placed on IR with torn ACL in knee
2022-09-27,Jets,,• George Fant,placed on IR with knee injury
2022-09-27,Lions,,• Tracy Walker III / Trey Walker,placed on IR with torn Achilles tendon
2022-09-27,Bengals,• Desmond Noel,,activated from IR
2022-09-28,Chargers,,• Joey Bosa,placed on IR with groin injury
2022-09-28,Chargers,,• Rashawn Slater,placed on IR with torn left biceps
2022-09-28,Giants,,• Sterling Shepard,placed on IR with torn ACL in left knee
2022-09-28,Seahawks,,• Travis Homer,placed on IR with rib injury
2022-09-29,Bengals,,• D.J. Reader,placed on IR with left knee injury
2022-09-29,Ravens,,• Michael Pierce,placed on IR with torn left biceps
2022-10-01,Commanders,,• Wes Schweitzer,placed on IR with concussion
2022-10-01,Packers,,• Caleb Jones,placed on reserve/non-football illness list with mononucleosis
2022-10-01,Patriots,,• Yodny Cajuste,placed on IR with thumb injury
2022-10-01,Bears,• Michael Joseph,,activated from IR
2022-10-03,49ers,,• Azeez Al-Shaair,placed on IR with knee injury
2022-10-03,Bengals,,• Drew Sample,placed on IR with right knee injury
2022-10-03,Falcons,,• Cordarrelle Patterson,placed on IR with knee injury
2022-10-04,Broncos,,• Javonte Williams,"placed on IR with torn ACL, LCL in right knee (out for season)"
2022-10-04,Broncos,,• Randy Gregory,placed on IR with right knee injury
2022-10-04,Browns,,• Jerome Ford,placed on IR with ankle injury
2022-10-04,Giants,,• Aaron Robinson,placed on IR with knee injury
2022-10-04,Vikings,,• Lewis Cine,placed on IR with fractured left leg
2022-10-04,Vikings,• Ryan Connelly,,activated from reserve/physically unable to perform list
2022-10-04,Titans,• Tommy Hudson,,activated from IR
2022-10-05,Bears,,• Cody Whitehair,placed on IR with knee injury
2022-10-05,Cardinals,,• Lachavious Simmons,placed on practice squad IR with undisclosed injury
2022-10-05,Cowboys,,• Jake McQuaide,placed on IR with torn triceps
2022-10-05,Panthers,,• Jeremy Chinn,placed on IR with hamstring injury
2022-10-06,Patriots,,• Brian Hoyer,placed on IR with concussion
2022-10-07,Raiders,,• Justin Herron,placed on IR with torn ACL in knee
2022-10-07,Seahawks,,• Darryl Johnson Jr.,placed on IR with ankle/foot injury
2022-10-07,Browns,• Elijah Nkansah,,activated from IR
2022-10-08,49ers,,• Colton McKivitz,placed on IR with sprained MCL in knee
2022-10-08,49ers,• Jimmie Ward,,activated from IR
2022-10-08,Bengals,• Cam Taylor-Britt,,activated from IR
2022-10-08,Bills,,• Jamison Crowder,placed on IR with fractured ankle
2022-10-08,Cardinals,,• Nick Vigil,placed on IR with hamstring injury
2022-10-08,Cardinals,• Antonio Hamilton,,activated from IR
2022-10-08,Commanders,,• Camilo Eifler / Milo Eifler,placed on IR with hamstring injury
2022-10-08,Commanders,• Brian Robinson Jr.,,activated from IR
2022-10-08,Commanders,• Tyler Larsen,,activated from reserve/physically unable to perform list
2022-10-08,Dolphins,,• Cethan Carter,placed on IR with concussion
2022-10-08,Dolphins,• Clayton Fejedelem,,activated from IR
2022-10-08,Jets,,• Max Mitchell,placed on IR with knee injury
2022-10-08,Jets,• Duane Brown,,activated from IR
2022-10-08,Lions,,• Quintez Cephus,placed on IR with foot injury
2022-10-08,Patriots,• Tyquan Thornton,,activated from IR
2022-10-08,Rams,,• Coleman Shelton,placed on IR with ankle injury
2022-10-08,Rams,,• Jordan Fuller,placed on IR with hamstring injury
2022-10-08,Saints,,• P.J. Williams,placed on IR with quadriceps injury
2022-10-08,Saints,• Malcolm Roach,,activated from IR
2022-10-08,Texans,• Mario Addison,,activated from IR
2022-10-08,Titans,,• Treylon Burks,placed on IR with turf toe
2022-10-08,Titans,• Monty Rice,,activated from reserve/physically unable to perform list
2022-10-08,Vikings,,• Ben Ellefson,placed on IR with groin injury
2022-10-10,Bears,• N'Keal Harry,,activated from IR
2022-10-10,Bengals,• Khalid Kareem,,activated from IR
2022-10-10,Broncos,,• Garett Bolles,placed on IR
2022-10-10,Broncos,,• Jacob Bobenmoyer,placed on IR
2022-10-10,Broncos,,• Ronald Darby,placed on IR
2022-10-11,Bears,,• Matthew Adams / Matt Adams,placed on IR
2022-10-11,Colts,,• Ashton Dulin,placed on IR with foot injury
2022-10-11,Giants,,• D.J. Davidson,placed on IR
2022-10-11,Jaguars,,• Ben Bartch,placed on IR
2022-10-11,Jaguars,,• K'Lavon Chaisson,placed on IR with knee injury
2022-10-11,Rams,,• David Edwards (b. 1997-03-20),placed on IR with concussion
2022-10-11,Ravens,,• Marcus Williams (Alan),placed on IR with wrist injury
2022-10-11,Vikings,,• Ty Chandler,placed on IR with fractured thumb
2022-10-12,Cardinals,,• Jonathan Ward,placed on IR
2022-10-12,Texans,,• Michael Dwumfour,placed on IR
2022-10-14,Seahawks,,• Rashaad Penny,placed on IR with fractured fibula
2022-10-15,49ers,,• Emmanuel Moseley,placed on IR
2022-10-15,49ers,,• Javon Kinlaw,placed on IR with knee injury
2022-10-15,49ers,• Curtis Robinson,,activated from IR
2022-10-15,Browns,• Greedy Williams,,activated from IR
2022-10-15,Cardinals,• Colt McCoy,,activated from IR
2022-10-15,Chiefs,,• Tershawn Wharton,placed on IR
2022-10-15,Cowboys,,• Rico Dowdle,placed on IR
2022-10-15,Cowboys,,• Simi Fehoko,placed on IR with shoulder injury
2022-10-15,Eagles,,• Janarius Robinson,placed on IR with ankle injury
2022-10-15,Eagles,• Andre Dillard,,activated from IR
2022-10-15,Falcons,• Isaiah Oliver,,activated from IR
2022-10-15,Giants,,• Tony Jefferson,placed on IR
2022-10-15,Jets,• Vinny Curry,,activated from IR
2022-10-15,Packers,,• Tipa Galeai,placed on IR
2022-10-15,Panthers,,• Stantley Thomas-Oliver,placed on IR
2022-10-15,Saints,,• Deonte Harty / Deonte Harris,placed on IR
2022-10-15,Steelers,,• DeMarvin Leal,placed on IR with surgery on knee
2022-10-17,Broncos,• Greg Dulcich,,activated from IR
2022-10-17,Broncos,• Justin Simmons,,activated from IR
2022-10-17,Broncos,• Michael Ojemudia,,activated from IR
2022-10-17,Raiders,,• Nate Hobbs,placed on IR with left hand injury
2022-10-17,Titans,,• Olasunkanmi Adeniyi / Ola Adeniyi,placed on IR with neck injury
2022-10-17,Vikings,• Blake Proehl,,activated from reserve/physically unable to perform list
2022-10-18,Buccaneers,,• Logan Ryan,placed on IR with fractured foot
2022-10-18,Falcons,,• Casey Hayward Jr.,placed on IR
2022-10-18,Patriots,,• Cody Davis,placed on IR
2022-10-18,Rams,,• Grant Haley,placed on IR
2022-10-18,Rams,,• Joe Noteboom,placed on IR
2022-10-19,Dolphins,,• Nik Needham,placed on IR with torn Achilles tendon
2022-10-19,Dolphins,,• Trey Flowers,placed on IR with foot injury
2022-10-19,Lions,,• Saivion Smith,placed on practice squad IR with undisclosed injury
2022-10-20,Cardinals,,• Justin Pugh,placed on IR with knee injury
2022-10-20,Cardinals,,• Marquise Brown,placed on IR with foot injury
2022-10-20,Cardinals,• Cody Ford,,activated from IR
2022-10-20,Saints,• Alontae Taylor,,activated from IR
2022-10-21,Broncos,,• Aaron Patrick,placed on IR with torn ACL in knee
2022-10-21,Commanders,,• Tariq Castro-Fields,placed on IR with knee injury
2022-10-22,Bengals,• Joe Bachie,,activated from reserve/physically unable to perform list
2022-10-22,Browns,• Deion Jones,,activated from IR
2022-10-22,Buccaneers,• Josh Wells,,activated from IR
2022-10-22,Chargers,,• Joshua Kelley / Josh Kelley,placed on IR with sprained MCL in knee
2022-10-22,Commanders,,• Carson Wentz,placed on IR with fractured right ring finger
2022-10-22,Cowboys,,• Matt Waletzko,placed on IR with shoulder injury
2022-10-22,Falcons,,• Jared Bernhardt,placed on IR with groin injury
2022-10-22,Giants,,• Azeez Ojulari,placed on IR with calf injury
2022-10-22,Lions,,• Bobby Price,placed on IR with knee injury
2022-10-22,Lions,,• D.J. Chark,placed on IR with ankle injury
2022-10-22,Lions,• Jerry Jacobs (b. 1997-09-26),,activated from reserve/physically unable to perform list
2022-10-22,Lions,• Joshua Paschal / Josh Paschal,,activated from physically unable to perform list
2022-10-22,Packers,,• Jake Hanson,placed on IR with biceps injury
2022-10-22,Packers,,• Randall Cobb,placed on IR with ankle injury
2022-10-22,Packers,• Sammy Watkins,,activated from IR
2022-10-22,Panthers,,• Pat Elflein,placed on IR with hip injury
2022-10-22,Panthers,• Bravvion Roy,,activated from IR
2022-10-22,Raiders,• Anthony Averett,,activated from IR
2022-10-22,Raiders,• D.J. Turner (b. 1997-01-18),,activated from IR
2022-10-22,Ravens,,• J.K. Dobbins,placed on IR with knee injury
2022-10-22,Ravens,• Gus Edwards,,activated from reserve/physically unable to perform list
2022-10-22,Seahawks,,• Isaiah Dunn,placed on IR with hamstring injury
2022-10-22,Texans,,• Jonathan Greenard,placed on IR with calf injury
2022-10-22,Texans,• Christian Harris,,activated from IR
2022-10-24,Broncos,,• Mike Boone,placed on IR with ankle injury
2022-10-25,Buccaneers,,• K.J. Britt,placed on IR with ankle injury
2022-10-25,Dolphins,,• Brandon Jones (b. 1998-04-02),placed on IR with knee injury
2022-10-25,Dolphins,,• Freddie Swain,placed on IR with undisclosed injury
2022-10-25,Jets,,• Alijah Vera-Tucker,placed on IR with triceps injury
2022-10-25,Jets,,• Breece Hall,placed on IR with knee injury
2022-10-25,Panthers,,• Henry Anderson (Wyatt),placed on reserve/non-football injury list with illness
2022-10-25,Saints,,• Bradley Roby,placed on IR with ankle injury
2022-10-25,Titans,,• Kyle Philips,placed on IR with hamstring injury
2022-10-26,49ers,• Jason Verrett,,activated from reserve/physically unable to perform list
2022-10-26,Browns,,• Jacob Phillips,placed on IR with torn pectoral muscle
2022-10-26,Cardinals,,• Rashard Lawrence,placed on IR with right shoulder injury
2022-10-26,Chargers,,• J.C. Jackson,placed on IR with ruptured patellar tendon in right knee
2022-10-26,Cowboys,,• Jourdan Lewis,placed on IR with Lisfranc injury in right foot
2022-10-26,Cowboys,,• Matt Farniok,placed on IR with torn hamstring
2022-10-26,Cowboys,• Damone Clark,,activated from reserve/non-football injury list
2022-10-26,Giants,• Nick Gates,,activated from reserve/physically unable to perform list
2022-10-26,Jaguars,,• Shaquill Griffin,placed on IR with back injury
2022-10-26,Patriots,,• LaBryan Ray,placed on practice squad IR with undisclosed injury
2022-10-26,Seahawks,• L.J. Collier,,activated from IR
2022-10-27,Bears,,• Lucas Patrick,placed on IR with toe injury
2022-10-27,Buccaneers,,• Anthony Chesley,placed on practice squad IR with undisclosed injury
2022-10-27,Texans,,• Drew Estrada,placed on practice squad IR with undisclosed injury
2022-10-28,Bears,• Alex Leatherwood,,activated from reserve/non-football injury list
2022-10-28,Broncos,,• Caden Sterns,placed on IR with hip injury
2022-10-29,Browns,,• Joe Haeg,placed on IR with concussion
2022-10-29,Cowboys,,• Devin Harper,placed on IR with Achilles injury
2022-10-29,Giants,,• Ben Bredeson,placed on IR with knee injury
2022-10-29,Giants,• Elerson Smith,,activated from IR
2022-10-29,Patriots,,• Chasen Hines,placed on IR with undisclosed injury
2022-10-29,Rams,• Troy Hill (b. 1991-08-29),,activated from IR
2022-10-29,Rams,• Van Jefferson,,activated from IR
2022-10-29,Seahawks,• Travis Homer,,activated from IR
2022-10-31,Buccaneers,,• Shaquil Barrett / Shaq Barrett,placed on IR with torn Achilles tendon (out for season)
2022-10-31,Colts,,• Tyquan Lewis,placed on IR with ruptured patellar tendon in left knee
2022-10-31,Colts,• Trevor Denbow,,activated from IR
2022-11-01,Bills,• Tre'Davious White,,activated from reserve/physically unable to perform list
2022-11-01,Chiefs,• Trent McDuffie,,activated from IR
2022-11-01,Dolphins,,• Liam Eichenberg,placed on IR with MCL injury in knee
2022-11-01,Dolphins,• Austin Jackson,,activated from IR
2022-11-01,Ravens,• David Ojabo,,activated from reserve/non-football injury list
2022-11-01,Ravens,• Tyus Bowser,,activated from reserve/physically unable to perform list
2022-11-01,Vikings,,• Irv Smith Jr.,placed on IR with high ankle sprain
2022-11-02,Cardinals,,• Darrel Williams,placed on IR with hip injury
2022-11-02,Eagles,,• Jordan Davis,placed on IR with high ankle sprain
2022-11-02,Packers,• Kylin Hill,,activated from reserve/physically unable to perform list
2022-11-03,Raiders,,• Myron Tagovailoa-Amosa,placed on practice squad IR with undisclosed injury
2022-11-03,Saints,,• Michael Thomas (William),placed on IR with surgery on toe
2022-11-03,Texans,,• Grayland Arnold,placed on IR with quadriceps injury
2022-11-03,Texans,• Tavierre Thomas,,activated from IR
2022-11-03,Texans,• Teagan Quitoriano,,activated from IR
2022-11-04,Bears,• Cody Whitehair,,activated from IR
2022-11-05,Bengals,,• Chidobe Awuzie,placed on IR with knee injury
2022-11-05,Chargers,,• Donald Parham Jr.,placed on IR with hamstring injury
2022-11-05,Falcons,,• Elijah Wilkinson,placed on IR with knee injury
2022-11-05,Falcons,• Cordarrelle Patterson,,activated from IR
2022-11-05,Packers,• Krys Barnes,,activated from IR
2022-11-05,Patriots,,• Marcus Cannon,placed on IR with concussion
2022-11-05,Rams,,• Jacob Hummel / Jake Hummel,placed on IR with hip injury
2022-11-05,Rams,• Travin Howard,,activated from reserve/non-football injury list
2022-11-07,Giants,,• Nick Williams (b. 1990-02-21),placed on IR with biceps injury
2022-11-07,Giants,,• Xavier McKinney,placed on reserve/non-football injury list with fractured hand
2022-11-07,Panthers,• Sam Darnold,,activated from IR
2022-11-07,Raiders,,• Divine Deablo,placed on IR with forearm injury
2022-11-07,Ravens,,• Rashod Bateman,placed on IR with Lisfranc injury in foot (surgery)
2022-11-07,Saints,,• Chase Hansen,placed on IR with knee injury
2022-11-07,Saints,• P.J. Williams,,activated from IR
2022-11-08,Broncos,,• Lloyd Cushenberry III,placed on IR with groin injury
2022-11-08,Falcons,,• Matt Hennessy,placed on IR with knee injury
2022-11-08,Ravens,• Charlie Kolar,,activated from IR
2022-11-09,Cardinals,,• Antwaun Woods,placed on practice squad IR with undisclosed injury
2022-11-09,Cardinals,,• Will Hernandez,placed on IR with pectoral muscle injury
2022-11-09,Chargers,,• Austin Johnson (Hunter),"placed on IR with sprained MCL, fracture in left knee"
2022-11-09,Colts,,• D'Vonte Price,placed on practice squad IR with undisclosed injury
2022-11-09,Cowboys,• Tarell Basham,,activated from IR
2022-11-09,Lions,,• Craig Reynolds,placed on IR with rib injury
2022-11-09,Packers,,• Rashan Gary,placed on IR with torn ACL in knee (out for season)
2022-11-10,Raiders,,• Darren Waller,placed on IR with hamstring injury
2022-11-10,Raiders,,• Hunter Renfrow,placed on IR with oblique injury
2022-11-10,Steelers,,• Chris Boswell,placed on IR with right groin injury
2022-11-10,Steelers,• Damontae Kazee,,activated from IR
2022-11-10,Texans,,• Jordan Steckler,placed on practice squad IR with undisclosed injury
2022-11-11,49ers,,• Jason Verrett,placed on IR with torn Achilles tendon
2022-11-12,49ers,• Azeez Al-Shaair,,activated from IR
2022-11-12,49ers,• Colton McKivitz,,activated from IR
2022-11-12,49ers,• Elijah Mitchell (b),,activated from IR
2022-11-12,49ers,• Jordan Willis,,activated from IR
2022-11-12,Bears,• Byron Pringle,,activated from IR
2022-11-12,Browns,• Jerome Ford,,activated from IR
2022-11-12,Cardinals,,• Rodney Hudson,placed on IR with knee injury
2022-11-12,Colts,,• Darius Leonard / Shaquille Leonard / Shaq Leonard,"placed on IR with back injury, concussion"
2022-11-12,Colts,• Ashton Dulin,,activated from IR
2022-11-12,Giants,• Matt Peart,,activated from reserve/physically unable to perform list
2022-11-12,Lions,• Jason Cabinda,,activated from reserve/physically unable to perform list
2022-11-12,Packers,,• Eric Stokes (Jamane),"placed on IR with ankle, knee injuries"
2022-11-12,Rams,• Coleman Shelton,,activated from IR
2022-11-12,Rams,• Kyren Williams,,activated from IR
2022-11-12,Rams,• Quentin Lake,,activated from reserve/physically unable to perform list
2022-11-12,Saints,,• Erik McCoy,placed on IR with calf injury
2022-11-12,Seahawks,,• Cullen Gillaspia,placed on IR with surgery on knee
2022-11-12,Steelers,,• William Jackson III,placed on IR with back injury
2022-11-12,Steelers,• T.J. Watt,,activated from IR
2022-11-12,Titans,,• Josh Thompson (b. 1998-10-20),placed on IR with knee injury
2022-11-12,Titans,,• Zach Cunningham,placed on IR with elbow injury
2022-11-12,Titans,• Elijah Molden,,activated from IR
2022-11-12,Titans,• Treylon Burks,,activated from IR
2022-11-12,Vikings,,• Cameron Dantzler,placed on IR with ankle injury
2022-11-14,Dolphins,,• Emmanuel Ogbah,placed on IR with torn triceps
2022-11-14,Eagles,,• Avonte Maddox,placed on IR with hamstring injury
2022-11-14,Giants,• Rodarius Williams,,activated from IR
2022-11-14,Panthers,,• Donte Jackson,placed on IR with torn Achilles tendon
2022-11-15,49ers,,• Tajae Sharpe,placed on practice squad IR with undisclosed injury
2022-11-15,Bears,,• Khalil Herbert,placed on IR with hip injury
2022-11-15,Broncos,,• Billy Turner,placed on IR with knee injury
2022-11-15,Broncos,• Tom Compton,,activated from reserve/physically unable to perform list
2022-11-15,Cowboys,,• Alec Lindstrom,placed on practice squad IR with undisclosed injury
2022-11-15,Seahawks,• Tre Brown,,activated from reserve/physically unable to perform list
2022-11-15,Titans,,• Caleb Farley,placed on IR with herniated disc
2022-11-16,Bears,• Matthew Adams / Matt Adams,,activated from IR
2022-11-16,Broncos,,• Mitchell Fraboni,placed on IR with undisclosed injury
2022-11-16,Chargers,,• Christian Covington,placed on IR with torn pectoral muscle
2022-11-16,Chargers,,• Otito Ogbonnia,placed on IR with torn patellar tendon in left knee
2022-11-16,Eagles,,• Dallas Goedert,placed on IR with shoulder injury
2022-11-16,Eagles,,• Marlon Tuipulotu,placed on IR with knee injury
2022-11-16,Eagles,• Tyree Jackson,,activated from reserve/physically unable to perform list
2022-11-16,Rams,,• Alaric Jackson / A.J. Jackson,placed on IR with blood clots
2022-11-16,Rams,,• Chandler Brewer,placed on IR with surgery to repair MCL in knee
2022-11-17,Bills,,• Jake Kumerow,placed on IR with ankle injury
2022-11-17,Chiefs,,• Mecole Hardman,placed on IR with abdominal injury
2022-11-17,Packers,• Randall Cobb,,activated from IR
2022-11-17,Rams,,• Cooper Kupp,placed on IR with surgery on right ankle
2022-11-17,Titans,,• Lonnie Johnson Jr.,placed on IR with hamstring injury
2022-11-18,Lions,,• Trinity Benson,placed on IR with knee injury
2022-11-18,Patriots,,• Christian Barmore,placed on IR with knee injury
2022-11-19,Bengals,• D.J. Reader,,activated from IR
2022-11-19,Broncos,,• Jonas Griffith,placed on IR with ankle injury
2022-11-19,Broncos,• Jacob Bobenmoyer,,activated from IR
2022-11-19,Browns,,• Michael Dunn,placed on IR with back injury
2022-11-19,Browns,• Chase Winovich,,activated from IR
2022-11-19,Chargers,• Stone Smartt,,activated from reserve/non-football injury list
2022-11-19,Commanders,,• Armani Rogers,placed on IR with knee injury
2022-11-19,Commanders,,• J.D. McKissic,placed on IR with neck injury
2022-11-19,Giants,• Shane Lemieux,,activated from IR
2022-11-19,Lions,• D.J. Chark,,activated from IR
2022-11-19,Panthers,• Jeremy Chinn,,activated from IR
2022-11-19,Patriots,,• Jake Bailey,placed on IR with back injury
2022-11-19,Texans,• Michael Dwumfour,,activated from IR
2022-11-21,Bengals,• Isaiah Prince,,activated from IR
2022-11-21,Commanders,• Chase Young,,activated from reserve/physically unable to perform list
2022-11-21,Falcons,,• Justin Shaffer,placed on practice squad IR with undisclosed injury
2022-11-21,Falcons,,• Kyle Pitts,placed on IR with torn MCL in right knee
2022-11-21,Falcons,,• Ta'Quon Graham,placed on IR with knee injury
2022-11-21,Giants,,• Wan'Dale Robinson,placed on IR with torn ACL in knee
2022-11-22,Broncos,,• Chase Edmonds,placed on IR with high ankle sprain
2022-11-22,Browns,,• Ethan Pocic,placed on IR with knee injury
2022-11-22,Cardinals,• Jonathan Ward,,activated from IR
2022-11-22,Chargers,,• Dustin Hopkins,placed on IR with right hamstring injury
2022-11-23,Chiefs,,• Clyde Edwards-Helaire,placed on IR with ankle injury
2022-11-23,Chiefs,,• Jordan Franks,placed on practice squad IR with undisclosed injury
2022-11-23,Chiefs,• Lucas Niang,,activated from reserve/physically unable to perform list
2022-11-25,Commanders,,• Cole Holcomb,placed on IR with foot injury
2022-11-26,Bills,,• Christian Benford,placed on IR with oblique injury
2022-11-26,Cardinals,,• D.J. Humphries,placed on IR with back injury
2022-11-26,Cardinals,,• Zach Ertz,placed on IR with knee injury
2022-11-26,Cardinals,• Marquise Brown,,activated from IR
2022-11-26,Rams,,• A'Shawn Robinson,placed on IR with knee injury
2022-11-26,Ravens,,• Jalyn Armour-Davis,placed on IR with hip injury
2022-11-26,Seahawks,,• D'Wayne Eskridge / Dee Eskridge,placed on IR with fractured hand
2022-11-26,Titans,• Caleb Shudak,,activated from reserve/physically unable to perform list
2022-11-28,Browns,,• Will Holden,placed on practice squad IR with undisclosed injury
2022-11-28,Dolphins,• Freddie Swain,,activated from IR
2022-11-28,Lions,,• Charles Harris (b. 1995-03-06),placed on IR with groin injury
2022-11-29,Bears,,• Darnell Mooney,placed on IR with ankle injury
2022-11-29,Bears,,• Eddie Jackson (b. 1993-12-10),placed on IR with foot injury (out for season)
2022-11-29,Buccaneers,• Anthony Chesley,,activated from practice squad IR
2022-11-29,Raiders,,• Anthony Averett,placed on IR with toe injury
2022-11-29,Rams,,• Allen Robinson II,placed on IR with foot injury (surgery)
2022-11-29,Saints,,• Drew Desjarlais,placed on practice squad IR with undisclosed injury
2022-11-29,Cardinals,• Tae Daley,,activated from IR
2022-11-30,Bears,,• Dane Cruikshank,placed on IR with hamstring injury
2022-11-30,Vikings,,• Andrew Booth Jr.,placed on IR with surgery on knee to repair meniscus
2022-11-30,Vikings,• Ben Ellefson,,activated from IR
2022-12-01,Bills,,• Von Miller,placed on IR with right knee injury
2022-12-03,49ers,,• Elijah Mitchell (b),placed on IR with knee injury
2022-12-03,Bears,,• Trevor Siemian,placed on IR with oblique injury
2022-12-03,Broncos,,• K.J. Hamler,placed on IR with hamstring injury
2022-12-03,Broncos,• Mike Boone,,activated from IR
2022-12-03,Commanders,• Wes Schweitzer,,activated from IR
2022-12-03,Eagles,,• Chauncey Gardner-Johnson / C.J. Gardner-Johnson,placed on IR with kidney injury
2022-12-03,Eagles,• Jordan Davis,,activated from IR
2022-12-03,Giants,• Azeez Ojulari,,activated from IR
2022-12-03,Giants,• Tony Jefferson,,activated from IR
2022-12-03,Jets,,• Cedric Ogbuehi,"placed on IR with groin injury, illness"
2022-12-03,Jets,• George Fant,,activated from IR
2022-12-03,Lions,,• Julian Okwara,placed on IR with elbow injury
2022-12-03,Lions,• Jameson Williams,,activated from non-football injury list
2022-12-03,Lions,• Romeo Okwara,,activated from reserve/physically unable to perform list
2022-12-03,Raiders,,• Lester Cotton,placed on IR with calf injury
2022-12-03,Raiders,• Nate Hobbs,,activated from IR
2022-12-03,Rams,,• Matthew Stafford,"placed on IR with concussion, neck injury"
2022-12-03,Rams,• Daniel Hardy,,activated from IR
2022-12-03,Ravens,,• Tylan Wallace,placed on IR with hamstring injury
2022-12-03,Steelers,,• Ahkello Witherspoon,placed on IR with oblique injury
2022-12-03,Steelers,• DeMarvin Leal,,activated from IR
2022-12-03,Titans,• Olasunkanmi Adeniyi / Ola Adeniyi,,activated from IR
2022-12-05,Buccaneers,• Logan Ryan,,activated from IR
2022-12-05,Dolphins,,• Austin Jackson,placed on IR with ankle injury
2022-12-05,Titans,,• Cody Hollister,placed on IR with neck injury
2022-12-06,Bills,• Marquez Stevenson,,activated from IR
2022-12-06,Browns,,• Sione Takitaki,placed on IR with torn ACL in knee
2022-12-06,Eagles,,• Robert Quinn,placed on IR with knee injury
2022-12-06,Eagles,• Janarius Robinson,,activated from IR
2022-12-06,Seahawks,,• Josh Jones (b. 1994-09-20),placed on IR with hamstring injury
2022-12-06,Saints,• Dylan Soehner,,activated from reserve/physically unable to perform list
2022-12-07,Browns,,• Anthony Schwartz,placed on IR with concussion
2022-12-07,Jets,,• Max Mitchell,placed on reserve/non-football injury list with blood clots
2022-12-07,Titans,,• Elijah Molden,placed on IR with groin injury
2022-12-07,Vikings,,• Akayleb Evans,placed on IR with concussion
2022-12-07,Vikings,,• Ben Ellefson,placed on IR with groin injury
2022-12-08,Bills,,• Eli Ankou,placed on practice squad IR with undisclosed injury
2022-12-10,Buccaneers,• K.J. Britt,,activated from IR
2022-12-10,Chargers,,• Richard Rodgers (Christopher),placed on IR with knee injury
2022-12-10,Cowboys,• James Washington (Edward),,activated from IR
2022-12-10,Eagles,• Avonte Maddox,,activated from IR
2022-12-10,Jaguars,• K'Lavon Chaisson,,activated from IR
2022-12-10,Lions,,• Chase Lucas,placed on IR with hamstring injury
2022-12-10,Panthers,• Henry Anderson (Wyatt),,activated from IR
2022-12-10,Ravens,,• Daryl Worley,placed on IR with hamstring injury
2022-12-10,Ravens,• J.K. Dobbins,,activated from IR
2022-12-10,Ravens,• Marcus Williams (Alan),,activated from IR
2022-12-10,Seahawks,• Jon Rhattigan,,activated from reserve/physically unable to perform list
2022-12-10,Steelers,• Chris Boswell,,activated from IR
2022-12-10,Titans,,• David Long Jr. (b. 1998-10-12),placed on IR with hamstring injury
2022-12-10,Titans,• Josh Thompson (b. 1998-10-20),,activated from IR
2022-12-10,Titans,• Racey McMath,,activated from IR
2022-12-10,Vikings,,• Jonathan Bullard,placed on IR with biceps injury
2022-12-10,Vikings,• Cameron Dantzler,,activated from IR
2022-12-10,Cowboys,,• Anthony Brown (Shaquille),placed on IR with torn Achilles tendon
2022-12-12,Commanders,,• Tyler Larsen,placed on IR with dislocated kneecap
2022-12-12,Commanders,• Carson Wentz,,activated from IR
2022-12-12,Rams,,• Jacob Harris,placed on IR with torn pectoral muscle
2022-12-13,49ers,,• Dontae Johnson,placed on practice squad IR with knee injury
2022-12-13,Broncos,,• Mike Boone,placed on IR with ankle injury
2022-12-13,Browns,,• Jeremiah Owusu-Koramoah,placed on IR with foot injury
2022-12-13,Eagles,,• Arryn Siposs,placed on IR with ankle injury
2022-12-13,Jets,,• Marcell Harris,placed on practice squad IR with undisclosed injury
2022-12-13,Raiders,,• Jayon Brown,placed on IR with hand injury
2022-12-13,Falcons,• Damien Williams,,activated from IR
2022-12-14,Broncos,,• Jacob Martin / Jake Martin,placed on IR with knee injury
2022-12-14,Cardinals,,• Kyler Murray,placed on IR with torn ACL in right knee
2022-12-14,Cardinals,,• Rondale Moore,placed on IR with groin injury
2022-12-14,Cowboys,,• Johnathan Hankins,placed on IR with strained pectoral muscle
2022-12-14,Cowboys,,• Terence Steele,"placed on IR with torn ACL, MCL in left knee"
2022-12-14,Falcons,,• Marcus Mariota,placed on IR with surgery on knee
2022-12-14,Packers,• Caleb Jones,,activated from reserve/non-football illness list
2022-12-14,Saints,,• Mark Ingram II / Mark Ingram Jr.,placed on IR with sprained MCL in knee
2022-12-14,Steelers,,• Chris Wormley,placed on IR with surgery on knee
2022-12-14,Texans,,• Jalen Camp,placed on practice squad IR with undisclosed injury
2022-12-14,Texans,• Jordan Steckler,,activated from practice squad IR
2022-12-14,Vikings,,• Blake Brandel,placed on IR with torn MCL in knee
2022-12-15,49ers,,• Hassan Ridgeway,placed on IR with pectoral injury
2022-12-15,Giants,,• Elerson Smith,placed on IR with undisclosed injury
2022-12-15,Raiders,• Lester Cotton,,activated from IR
2022-12-17,Broncos,,• Dre'Mont Jones,placed on IR with hip injury
2022-12-17,Broncos,• Billy Turner,,activated from IR
2022-12-17,Broncos,• Randy Gregory,,activated from IR
2022-12-17,Cardinals,,• C.J. Board,placed on IR with rib injury
2022-12-17,Cardinals,• Will Hernandez,,activated from IR
2022-12-17,Chargers,• Donald Parham Jr.,,activated from IR
2022-12-17,Cowboys,• Tyron Smith,,activated from IR
2022-12-17,Falcons,• Elijah Wilkinson,,activated from IR
2022-12-17,Giants,,• Joshua Ezeudu,placed on IR with neck injury
2022-12-17,Giants,• Ben Bredeson,,activated from IR
2022-12-17,Lions,• Craig Reynolds,,activated from IR
2022-12-17,Panthers,,• Brandon Smith (Nathaniel),placed on IR with ankle injury
2022-12-17,Patriots,,• Isaiah Wynn,placed on IR with foot injury
2022-12-17,Patriots,• Christian Barmore,,activated from IR
2022-12-17,Raiders,• Darren Waller,,activated from IR
2022-12-17,Raiders,• Hunter Renfrow,,activated from IR
2022-12-17,Saints,,• Zack Baun,placed on IR with ankle injury
2022-12-17,Saints,• Chase Hansen,,activated from IR
2022-12-17,Saints,• Erik McCoy,,activated from IR
2022-12-17,Texans,,• Dameon Pierce,placed on IR with ankle injury
2022-12-17,Texans,,• Derek Stingley Jr.,placed on IR with hamstring injury (out for season)
2022-12-17,Texans,,• Taylor Stallworth,placed on IR with calf injury
2022-12-17,Texans,• Jonathan Greenard,,activated from IR
2022-12-17,Titans,,• Dontrell Hilliard,placed on IR with neck injury
2022-12-17,Titans,• Lonnie Johnson Jr.,,activated from IR
2022-12-19,Bills,• Ike Boettger,,activated from reserve/physically unable to perform list
2022-12-19,Broncos,,• Dakota Allen,placed on IR with hamstring injury
2022-12-20,Bears,,• Jack Sanborn,placed on IR with ankle injury
2022-12-20,Broncos,,• Darius Phillips,placed on IR with hamstring injury
2022-12-20,Colts,,• Jonathan Taylor,placed on IR with ankle injury
2022-12-20,Eagles,• Dallas Goedert,,activated from IR
2022-12-20,Falcons,,• Caleb Huntley,placed on IR with torn Achilles tendon
2022-12-20,Ravens,,• Devin Duvernay,placed on IR with fractured foot (out for season)
2022-12-20,Saints,,• Cesar Ruiz,placed on IR with foot injury
2022-12-20,Seahawks,,• Bryan Mone,placed on IR with torn ACL in left knee
2022-12-21,Chargers,,• Joe Gaziano,placed on IR with groin injury
2022-12-21,Titans,,• Dillon Radunz,placed on IR with knee injury
2022-12-22,Bears,• Khalil Herbert,,activated from IR
2022-12-22,Broncos,,• Tom Compton,placed on IR with back injury
2022-12-22,Saints,,• Jarvis Landry,placed on IR with ankle injury
2022-12-22,Titans,,• Ben Jones (1989-07-02),placed on IR with concussion
2022-12-22,Titans,,• Terrance Mitchell,placed on IR with hamstring injury
2022-12-23,Bears,,• Jaylon Johnson,"placed on IR with finger, ribs injuries (out for season)"
2022-12-23,Bears,,• Kindle Vildor,placed on IR with ankle injury
2022-12-23,Browns,• Ethan Pocic,,activated from IR
2022-12-23,Buccaneers,,• Genard Avery,"placed on IR with abdominal, oblique injuries"
2022-12-23,Chiefs,,• Jody Fortson Jr. / Joe Fortson,placed on IR with elbow injury
2022-12-23,Chiefs,• Blake Bell,,activated from IR
2022-12-23,Eagles,,• Tyree Jackson,placed on IR
2022-12-23,Patriots,,• Joe Cardona,placed on IR with ankle injury
2022-12-23,Texans,,• Nico Collins,placed on IR with foot injury
2022-12-23,Texans,• Grayland Arnold,,activated from IR
2022-12-23,Titans,,• Nate Davis (Matthew Eugene),placed on IR with ankle injury
2022-12-23,Titans,• Zach Cunningham,,activated from IR
2022-12-24,Broncos,• Chase Edmonds,,activated from IR
2022-12-24,Cardinals,,• Byron Murphy Jr.,placed on IR with back injury
2022-12-24,Rams,,• Jake Gervase,placed on IR with ankle injury
2022-12-26,Cardinals,,• Aaron Brewer (b. 1990-07-05),placed on IR with pectoral injury
2022-12-26,Chargers,,• Kemon Hall,placed on IR with hamstring injury
2022-12-26,Jaguars,,• Cam Robinson,placed on IR with knee injury
2022-12-26,Jaguars,,• Dawuane Smoot,placed on IR with torn right Achilles tendon
2022-12-27,Buccaneers,,• Josh Wells,placed on IR with knee injury
2022-12-27,Dolphins,,• Myles Gaskin,placed on IR with sprained MCL in knee
2022-12-27,Dolphins,• Liam Eichenberg,,activated from IR
2022-12-27,Packers,,• Dean Lowry,placed on IR with calf injury
2022-12-27,Patriots,,• Scotty Washington,placed on practice squad IR with undisclosed injury
2022-12-27,Seahawks,,• Joey Blount,placed on IR with knee injury
2022-12-27,Seahawks,,• Will Dissly,placed on IR with knee injury
2022-12-27,Steelers,,• Marcus Allen (Deshawn),placed on IR with biceps injury
2022-12-27,Packers,• Tipa Galeai,,activated from IR
2022-12-28,Cardinals,,• Budda Baker,placed on IR with fractured shoulder
2022-12-28,Cardinals,,• Nate Hairston,placed on practice squad IR with undisclosed injury
2022-12-28,Cardinals,,• Trysten Hill,placed on IR with sprained knee
2022-12-28,Cardinals,• Lachavious Simmons,,activated from practice squad IR
2022-12-28,Colts,,• Isaiah Rodgers,placed on IR with knee injury
2022-12-28,Falcons,• Justin Shaffer,,activated from practice squad IR
2022-12-28,Giants,,• Shane Lemieux,placed on IR with toe injury
2022-12-28,Raiders,,• Chandler Jones (James),placed on IR with elbow injury
2022-12-28,Raiders,,• Denzel Perryman,placed on IR with shoulder injury
2022-12-28,Raiders,• Vitaliy Gurman,,activated from practice squad IR
2022-12-28,Vikings,• Ty Chandler,,activated from IR
2022-12-29,Falcons,,• Emeka Emezie,placed on practice squad IR with undisclosed injury
2022-12-29,Raiders,,• Rock Ya-Sin,placed on IR with knee injury
2022-12-29,Titans,,• Bud Dupree,placed on IR with pectoral injury
2022-12-29,Titans,,• Ryan Tannehill,placed on IR with ankle injury (surgery)
2022-12-29,Titans,,• Zach Cunningham,placed on IR with elbow injury
2022-12-30,Bengals,,• La'el Collins,placed on IR with left knee injury
2022-12-30,Broncos,,• Greg Dulcich,placed on IR with hamstring injury
2022-12-30,Commanders,,• Jonathan Bostic / Jon Bostic (b),placed on IR with pectoral injury
2022-12-31,Broncos,,• Randy Gregory,placed on IR with knee injury
2022-12-31,Browns,,• Jordan Kunaszyk,placed on IR with hand injury
2022-12-31,Chargers,• Joey Bosa,,activated from IR
2022-12-31,Colts,,• Yannick Ngakoue,placed on IR with surgery on throat
2022-12-31,Dolphins,,• Justin Zimmer,placed on IR with undisclosed
2022-12-31,Falcons,,• Chuma Edoga,placed on IR with knee injury
2022-12-31,Falcons,,• Jovante Moffatt,placed on IR with calf injury
2022-12-31,Falcons,• Matt Hennessy,,activated from IR
2022-12-31,Giants,• Xavier McKinney,,activated from reserve/non-football injury list
2022-12-31,Jets,,• Jeff Smith (Alan),placed on IR with knee injury
2022-12-31,Jets,• Cedric Ogbuehi,,activated from IR
2022-12-31,Panthers,• Andre Roberts,,activated from IR
2022-12-31,Patriots,,• Jack Jones (b. 1997-12-20),placed on IR with knee injury
2022-12-31,Rams,• Chandler Brewer,,activated from IR
2022-12-31,Seahawks,,• Marquise Goodwin,"placed on IR with shoulder, wrist injuries"
2023-01-02,Panthers,,• Jaycee Horn,placed on IR with wrist injury (surgery)
2023-01-02,Titans,,• Andrew Adams,placed on IR with knee injury
2023-01-03,Broncos,,• Dalton Risner,placed on IR with hyperextended left elbow
2023-01-03,Broncos,,• Marlon Mack,placed on IR with hamstring injury
2023-01-03,Vikings,,• Austin Schlottmann,placed on IR with fractured fibula in leg
2023-01-03,Vikings,,• Brian O'Neill (b),"placed on IR with calf, Achilles injuries"
2023-01-04,Bears,,• Josh Blackwell,placed on IR with undisclosed
2023-01-04,Bears,,• Michael Schofield,placed on IR with knee injury
2023-01-04,Bears,,• Teven Jenkins,placed on IR with neck injury
2023-01-04,Chiefs,• Mecole Hardman,,activated from IR
2023-01-04,Colts,,• Kenny Moore II,placed on IR with ankle injury
2023-01-04,Commanders,,• De'Jon Harris,placed on IR with undisclosed
2023-01-04,Saints,,• Dwayne Washington,placed on reserve/non-football injury list
2023-01-04,Seahawks,,• Jordyn Brooks,placed on IR with torn ACL in right knee
2023-01-05,Commanders,,• Antonio Gibson (b. 1998-06-23),"placed on IR with foot, knee injuries"
2023-01-05,Dolphins,,• Eric Fisher,placed on IR with calf injury
2023-01-06,Bills,,• Damar Hamlin,placed on IR with heart ailment (out for season)
2023-01-06,Bills,• Christian Benford,,activated from IR
2023-01-06,Cardinals,,• Chris Banjo,placed on IR with concussion
2023-01-06,Cardinals,,• Jonathan Ledbetter,placed on IR with knee injury
2023-01-06,Commanders,,• Benjamin St-Juste,placed on IR with ankle injury
2023-01-06,Commanders,,• Saahdiq Charles,placed on IR with concussion / knee injury (out for season)
2023-01-07,49ers,• Elijah Mitchell (b),,activated from IR
2023-01-07,Commanders,,• Jamin Davis,placed on IR with knee injury
2023-01-07,Commanders,• Armani Rogers,,activated from IR
2023-01-07,Eagles,,• Janarius Robinson,placed on IR with ankle injury
2023-01-07,Eagles,,• Shaun Bradley,placed on IR with wrist injury
2023-01-07,Eagles,• Chauncey Gardner-Johnson / C.J. Gardner-Johnson,,activated from IR
2023-01-07,Eagles,• Robert Quinn,,activated from IR
2023-01-07,Jets,,• Brandin Echols,placed on IR with quadriceps injury
2023-01-07,Jets,,• Duane Brown,placed on IR with shoulder injury
2023-01-07,Jets,,• George Fant,placed on IR with knee injury
2023-01-07,Jets,,• Lamarcus Joyner,placed on IR with hip injury
2023-01-07,Jets,,• Nate Herbig,placed on IR with calf injury
2023-01-07,Rams,,• Nick Scott,placed on IR with shoulder injury
2023-01-07,Ravens,• Daryl Worley,,activated from IR
2023-01-07,Ravens,• Tylan Wallace,,activated from IR
2023-01-07,Seahawks,,• Travis Homer,placed on IR with ankle injury
2023-01-07,Vikings,• Irv Smith Jr.,,activated from IR
2023-01-07,Vikings,• Jonathan Bullard,,activated from IR
2023-01-10,Buccaneers,,• Anthony Chesley,placed on IR with hamstring injury
2023-01-12,Bills,• Eli Ankou,,activated from practice squad IR
2023-01-14,Ravens,,• Tylan Wallace,placed on IR with hamstring injury (out for season)
2023-01-14,Vikings,• Blake Brandel,,activated from IR
2023-01-16,Buccaneers,• Ryan Jensen,,activated from IR
2023-01-16,Cowboys,• Johnathan Hankins,,activated from IR
2023-01-17,Steelers,• Anthony Miller (b. 1994-10-09),,activated from IR
2023-01-19,Bills,,• Alec Anderson,placed on practice squad IR with undisclosed injury
2023-01-19,Cowboys,,• Mackensie Alexander,placed on practice squad IR with undisclosed injury
2023-01-28,Chiefs,• Jody Fortson Jr. / Joe Fortson,,activated from IR
2023-01-29,Chiefs,• Mecole Hardman,,activated from IR
2023-02-06,Chiefs,,• Mecole Hardman,placed on IR with pelvis injury
2023-02-06,Chiefs,• Clyde Edwards-Helaire,,activated from IR
2023-02-15,49ers,• Kalia Davis,,activated from IR / reserve/non football injury list with knee injury
2023-02-15,Bengals,• Brandon Wilson,,activated from reserve/physically unable to perform list
2023-02-15,Dolphins,• Byron Jones (Philip),,activated from reserve/physically unable to perform list
2023-02-15,Eagles,• Brett Toth,,activated from reserve/physically unable to perform list
2023-02-15,Eagles,• Noah Elliss,,activated from reserve/non-football injury list
2023-02-15,Jets,• Dru Samia,,activated from reserve/physically unable to perform list
2023-02-15,Jets,• Greg Senat,,activated from reserve/non-football injury list
2023-02-15,Jets,• Max Mitchell,,activated from reserve/non-football injury list
2023-02-15,Jets,• Rodney Adams,,activated from reserve/non-football injury list
2023-02-15,Jets,• Zane Lewis,,activated from physically unable to perform list
2023-02-15,Patriots,• Andrew Stueber,,activated from IR / reserve/non-football injury list
2023-02-15,Saints,• Dwayne Washington,,activated from reserve/non-football injury list
2023-02-15,Seahawks,• Ben Burr-Kirven,,activated from reserve/physically unable to perform list
2023-02-15,Texans,• John Metchie III,,activated from IR / reserve/non football injury list with acute promyelocytic leukemia
2023-02-15,Patriots,• Quinn Nordin,,activated from reserve/non-football injury list
2023-05-08,Giants,,• Terrell Burgess,placed on reserve/physically unable to perform list
2023-05-15,Commanders,,• Drew White (a),placed on reserve/physically unable to perform list
2023-05-16,Falcons,,• B.J. Baylor,placed on IR with undisclosed
2023-05-16,Steelers,,• Renell Wren,placed on IR with undisclosed
2023-05-17,Jaguars,,• Jaylon Moore (b. 1997-07-01),placed on IR with undisclosed
2023-05-18,Texans,,• Taylor Stallworth,placed on IR with hamstring injury
2023-05-25,Jets,,• Bradlee Anae,placed on IR with undisclosed injury
2023-05-25,Patriots,,• Raekwon McMillan,placed on IR with torn Achilles tendon
2023-05-30,Texans,• Taylor Stallworth,,activated from IR
2023-05-30,Commanders,,• Andrew Norwell,placed on physically unable to perform list
2023-06-02,Seahawks,,• LaTrell Bumphus,placed on IR with undisclosed injury
2023-06-14,Bills,,• Zach Davidson,placed on IR with knee injury
2023-06-14,Colts,,• Daniel Scott,placed on IR with surgery on knee to repair torn ACL
2023-06-16,Falcons,,• Avery Williams (b),placed on IR recovering from surgery on knee to repair torn ACL
2023-06-16,Giants,,• Andre Miller / Dre Miller,placed on IR with undisclosed
2023-07-11,Browns,,• Dawson Deaton,placed on IR with undisclosed injury
2023-07-11,Jaguars,,• Leonard Taylor,placed on IR with undisclosed injury
2023-07-18,49ers,,• Darrell Luter Jr.,placed on physically unable to perform list with undisclosed
2023-07-18,Dolphins,,• Ezekiel Vandenburgh / Zeke Vandenburgh,placed on IR with undisclosed injury
2023-07-18,Giants,,• Jarrad Davis,placed on IR with knee injury
2023-07-18,Saints,,• Kendre Miller,placed on reserve/non-football injury list with knee injury
2023-07-19,Chargers,,• Ontaria Wilson / Pokey Wilson,placed on reserve/non-football injury list with illness
2023-07-19,Chiefs,,• Tershawn Wharton,placed on physically unable to perform list with knee injury
2023-07-19,Dolphins,,• Ethan Bonner,placed on reserve/non-football injury list with illness
2023-07-19,Jets,,• Breece Hall,placed on physically unable to perform list with knee injury
2023-07-19,Jets,,• C.J. Uzomah,placed on physically unable to perform list with leg injury
2023-07-19,Jets,,• Chuck Clark,placed on IR recovering from torn ACL in knee
2023-07-19,Jets,,• Diontae Spencer,placed on IR with undisclosed injury
2023-07-19,Jets,,• Jarrick Bernard-Converse,placed on physically unable to perform list with undisclosed
2023-07-19,Jets,,• Randall Cobb,placed on physically unable to perform list with ankle injury
2023-07-19,Ravens,,• Andrew Vorhees,placed on reserve/non-football injury list with knee injury
2023-07-19,Saints,,• A.T. Perry,placed on reserve/non-football injury list with undisclosed
2023-07-19,Saints,,• Nick Saldiveri,placed on physically unable to perform list with undisclosed
2023-07-19,Saints,,• Shaquan Davis / Shaq Davis,placed on reserve/non-football injury list with undisclosed
2023-07-20,Dolphins,,• Nik Needham,placed on physically unable to perform list recovering from torn Achilles tendon
2023-07-20,Falcons,,• Caleb Huntley,placed on physically unable to perform list recovering from torn Achilles tendon
2023-07-20,Giants,,• Leonard Johnson (d),placed on IR
2023-07-20,Lions,,• Derrick Deese Jr.,placed on reserve/non-football injury list with undisclosed
2023-07-20,Lions,,• Hendon Hooker,placed on reserve/non-football injury list recovering from surgery to repair torn ACL in knee
2023-07-20,Lions,,• Zach Morton,placed on reserve/non-football injury list with undisclosed
2023-07-20,Saints,,• Miller Forristall,placed on physically unable to perform list with undisclosed
2023-07-21,Browns,,• Anthony Schwartz,placed on reserve/non-football injury list with hamstring injury
2023-07-21,Browns,,• Marquise Goodwin,placed on reserve/non-football injury list with illness
2023-07-21,Browns,,• Michael Woods II / Mike Woods,placed on reserve/non-football injury list with Achilles injury
2023-07-21,Packers,,• Eric Stokes (Jamane),placed on physically unable to perform list with various injuries
2023-07-21,Packers,,• Jeff Cotton,placed on physically unable to perform list with undisclosed
2023-07-21,Packers,,• Rashan Gary,placed on physically unable to perform list recovering from surgery to repair torn ACL in knee
2023-07-21,Raiders,,• Byron Young (b. 2000-11-10),placed on physically unable to perform list with undisclosed
2023-07-21,Raiders,,• Tyree Wilson,placed on reserve/non-football injury list with foot injury
2023-07-21,Ravens,,• Damarion Williams,placed on physically unable to perform list with undisclosed
2023-07-21,Ravens,,• J.K. Dobbins,placed on physically unable to perform list with knee injury
2023-07-21,Ravens,,• Mike Thomas (Davonta),placed on physically unable to perform list with shoulder injury
2023-07-21,Ravens,,• Patrick Ricard,placed on physically unable to perform list with hip injury
2023-07-21,Ravens,,• Rayshad Nichols,placed on physically unable to perform list with undisclosed
2023-07-21,Ravens,,• Tyus Bowser,placed on reserve/non-football injury list with knee injury
2023-07-22,Commanders,,• Xavier Henderson,placed on physically unable to perform list with undisclosed
2023-07-22,Jaguars,,• Ben Bartch,placed on physically unable to perform list with knee injury
2023-07-22,Jets,,• Duane Brown,placed on physically unable to perform list with shoulder injury
2023-07-23,Bears,,• Chase Claypool,placed on physically unable to perform list with undisclosed
2023-07-23,Bengals,,• Chidobe Awuzie,placed on physically unable to perform list with knee injury
2023-07-23,Bengals,,• Devin Cochran,placed on physically unable to perform list with undisclosed
2023-07-23,Bengals,,• La'el Collins,placed on physically unable to perform list with knee injury
2023-07-23,Broncos,,• Baron Browning,placed on physically unable to perform list recovering from surgery on knee
2023-07-23,Broncos,,• K.J. Hamler,placed on physically unable to perform list recovering from surgery to repair partially torn pectoral muscle
2023-07-23,Broncos,,• Kendall Hinton,placed on physically unable to perform list with knee injury
2023-07-23,Broncos,,• Mike Purcell,placed on reserve/non-football injury list with knee injury
2023-07-23,Lions,,• Emmanuel Moseley,placed on physically unable to perform list with knee injury
2023-07-23,Lions,,• Marvin Jones Jr.,placed on reserve/non-football injury list with undisclosed
2023-07-23,Panthers,,• Austin Corbett,placed on physically unable to perform list with left knee injury
2023-07-23,Panthers,,• Chandler Zavala,placed on physically unable to perform list with pectoral injury
2023-07-23,Panthers,,• Jalen Redmond,placed on physically unable to perform list with undisclosed
2023-07-23,Panthers,,• John Penisini,placed on physically unable to perform list with undisclosed
2023-07-23,Titans,,• Caleb Farley,placed on physically unable to perform list with back injury
2023-07-23,Titans,,• Dillon Radunz,placed on physically unable to perform list with knee injury
2023-07-23,Titans,,• Josh Thompson (b. 1998-10-20),placed on reserve/non-football injury list with illness
2023-07-24,Bears,• Chase Claypool,,activated from physically unable to perform list
2023-07-24,Ravens,,• Rashod Bateman,placed on physically unable to perform list with foot injury
2023-07-24,Vikings,,• Andre Carter II,placed on physically unable to perform list with undisclosed
2023-07-24,Vikings,,• Chris Reed (b. 1992-07-22),placed on reserve/non-football injury list with lower leg injury
2023-07-24,Commanders,• Andrew Norwell,,activated from physically unable to perform list
2023-07-24,Giants,• Andre Miller / Dre Miller,,activated from IR
2023-07-24,Bengals,,• Mitchell Wilcox,placed on physically unable to perform list with undisclosed
2023-07-25,Bears,,• Dante Pettis,placed on reserve/non-football injury list with undisclosed
2023-07-25,Bengals,• Chidobe Awuzie,,activated from physically unable to perform list
2023-07-25,Bills,,• Jordan Phillips,placed on physically unable to perform list recovering from surgery on shoulder to repair rotator cuff
2023-07-25,Bills,,• Nyheim Hines,placed on reserve/non-football injury list with surgery on left knee to repair torn ACL
2023-07-25,Bills,,• Tyler Matakevich,placed on physically unable to perform list with undisclosed
2023-07-25,Bills,,• Von Miller,placed on physically unable to perform list with right knee injury
2023-07-25,Cardinals,,• Matt Hembrough,placed on IR with back injury
2023-07-25,Colts,,• Jonathan Taylor,placed on physically unable to perform list with ankle injury
2023-07-25,Colts,,• Tyquan Lewis,placed on physically unable to perform list with knee injury
2023-07-25,Colts,,• Will Mallory,placed on physically unable to perform list with foot injury
2023-07-25,Commanders,,• Armani Rogers,placed on IR with Achilles injury
2023-07-25,Cowboys,,• Jourdan Lewis,placed on physically unable to perform list with foot injury
2023-07-25,Cowboys,,• Luke Schoonmaker,placed on reserve/non-football injury list with foot injury
2023-07-25,Dolphins,,• Isaiah Wynn,placed on physically unable to perform list with undisclosed
2023-07-25,Dolphins,,• Tanner Conner,placed on physically unable to perform list with undisclosed
2023-07-25,Dolphins,,• Terron Armstead,placed on physically unable to perform list with hip injury
2023-07-25,Dolphins,• Ethan Bonner,,activated from non-football injury list
2023-07-25,Falcons,,• Calais Campbell,placed on reserve/non-football injury list with undisclosed
2023-07-25,Giants,,• A'Shawn Robinson,placed on physically unable to perform list with knee injury
2023-07-25,Giants,,• Aaron Robinson,placed on physically unable to perform list with knee injury
2023-07-25,Giants,,• D.J. Davidson,placed on physically unable to perform list with knee injury
2023-07-25,Giants,,• Jamison Crowder,placed on reserve/non-football injury list with calf injury
2023-07-25,Giants,,• Marcus McKethan,placed on physically unable to perform list with knee injury
2023-07-25,Giants,,• Sterling Shepard,placed on physically unable to perform list with knee injury
2023-07-25,Giants,,• Wan'Dale Robinson,placed on physically unable to perform list with knee injury
2023-07-25,Packers,,• Tariq Carpenter,placed on reserve/non-football injury list with undisclosed
2023-07-25,Packers,,• Tarvarius Moore,placed on reserve/non-football injury list with undisclosed
2023-07-25,Patriots,,• Calvin Anderson,placed on reserve/non-football injury list with illness
2023-07-25,Patriots,,• DaMarcus Mitchell,placed on reserve/non-football injury list with undisclosed
2023-07-25,Texans,,• Charlie Heck,placed on physically unable to perform list with undisclosed
2023-07-25,Texans,,• Chase Winovich,placed on physically unable to perform list with undisclosed
2023-07-25,Texans,,• Dylan Deatherage,placed on physically unable to perform list with undisclosed
2023-07-25,Texans,,• Kendall Sheffield,placed on physically unable to perform list with undisclosed
2023-07-25,Texans,,• Sheldon Rankins,placed on reserve/non-football injury list with illness
2023-07-25,Texans,,• Teagan Quitoriano,placed on physically unable to perform list with undisclosed
2023-07-25,Vikings,,• Malik Knowles,placed on reserve/non-football injury list with undisclosed
2023-07-25,Giants,• Leonard Johnson (d),,activated from IR
2023-07-26,Cardinals,,• B.J. Ojulari,placed on physically unable to perform list with knee injury
2023-07-26,Cardinals,,• Garrett Williams,placed on reserve/non-football injury list with knee injury
2023-07-26,Cardinals,,• Kyler Murray,placed on physically unable to perform list recovering from surgery on right knee to repair torn ACL
2023-07-26,Cardinals,,• Zach Ertz,placed on physically unable to perform list with knee injury
2023-07-26,Chargers,,• Austin Johnson (Hunter),placed on physically unable to perform list with knee injury
2023-07-26,Chargers,,• Jalen Guyton,placed on physically unable to perform list with knee injury
2023-07-26,Chargers,,• Otito Ogbonnia,placed on physically unable to perform list recovering from torn patellar tendon in left knee
2023-07-26,Eagles,,• Devon Allen,placed on physically unable to perform list with undisclosed
2023-07-26,Giants,,• Elerson Smith,placed on IR with illness
2023-07-26,Jaguars,,• Dawuane Smoot,placed on physically unable to perform list recovering from torn right Achilles tendon
2023-07-26,Packers,,• Caleb Jones,placed on reserve/non-football injury list with illness
2023-07-26,Raiders,,• Neil Farrell Jr.,placed on reserve/non-football injury list with undisclosed
2023-07-26,Rams,,• Hunter Long,placed on physically unable to perform list with undisclosed
2023-07-26,Rams,,• Warren McClendon,placed on physically unable to perform list with undisclosed
2023-07-26,Ravens,,• Trayvon Mullen,placed on reserve/non-football injury list with undisclosed
2023-07-26,Saints,• A.T. Perry,,activated from reserve/non-football injury list
2023-07-26,Saints,• Anthony Johnson (a),,activated from physically unable to perform list
2023-07-26,Seahawks,,• Austin Faoliu,placed on physically unable to perform list with knee injury
2023-07-26,Seahawks,,• Bryan Mone,placed on physically unable to perform list recovering from torn ACL in left knee
2023-07-26,Seahawks,,• Jamal Adams,placed on physically unable to perform list recovering from surgery to repair torn quadriceps
2023-07-26,Seahawks,,• Jordyn Brooks,placed on physically unable to perform list recovering from torn ACL in right knee
2023-07-26,Seahawks,,• Noah Fant,placed on physically unable to perform list with knee injury
2023-07-26,Seahawks,,• Tariq Woolen,placed on physically unable to perform list recovering from surgery on knee
2023-07-27,49ers,• Mitch Wishnowsky,,activated from non-football injury list
2023-07-27,Jets,• C.J. Uzomah,,activated from physically unable to perform list
2023-07-27,Packers,,• Jeff Cotton,placed on IR with undisclosed injury
2023-07-27,Panthers,,• Marquez Stevenson,placed on IR with undisclosed injury
2023-07-28,Broncos,• Kendall Hinton,,activated from physically unable to perform list
2023-07-28,Patriots,• DaMarcus Mitchell,,activated from reserve/non-football injury list
2023-07-28,Raiders,,• Jordan Perryman,placed on IR with undisclosed injury
2023-07-28,Jets,• Diontae Spencer,,activated from IR
2023-07-29,Bills,,• Cameron Dantzler,placed on IR with undisclosed injury
2023-07-29,Lions,,• Tom Kennedy (b. 1996-07-29),placed on IR with arm / torso injury
2023-07-29,Texans,,• Dylan Deatherage,placed on IR with undisclosed injury
2023-07-29,Giants,• Elerson Smith,,activated from IR
2023-07-29,Giants,,• Vernon Butler,placed on IR with undisclosed injury
2023-07-29,Ravens,,• Trayvon Mullen,placed on reserve/non-football injury list
2023-07-30,Bengals,,• Devin Cochran,placed on IR with left knee injury
2023-07-30,Browns,,• Thakarius Keyes / Ty Keyes / BoPete Keyes,placed on IR with finger injury
2023-07-30,Chiefs,,• Nazeeh Johnson,placed on IR with knee injury
2023-07-30,Dolphins,• Isaiah Wynn,,activated from physically unable to perform list
2023-07-30,Giants,• Jamison Crowder,,activated from reserve/non-football injury list
2023-07-30,Giants,• Sterling Shepard,,activated from physically unable to perform list
2023-07-30,Jets,• Randall Cobb,,activated from physically unable to perform list
2023-07-30,Seahawks,• Noah Fant,,activated from physically unable to perform list
2023-07-30,Texans,• Kendall Sheffield,,activated from physically unable to perform list
2023-07-30,Texans,• Sheldon Rankins,,activated from reserve/non-football injury list
2023-07-30,Bills,• Cameron Dantzler,,activated from IR
2023-07-31,Chiefs,,• Isaiah Moore,placed on IR with knee injury
2023-07-31,Colts,• Will Mallory,,activated from physically unable to perform list
2023-07-31,Dolphins,• Terron Armstead,,activated from physically unable to perform list
2023-07-31,Lions,• Marvin Jones Jr.,,activated from reserve/non-football injury list
2023-07-31,Rams,• Warren McClendon,,activated from physically unable to perform list
2023-07-31,Ravens,• Damarion Williams,,activated from physically unable to perform list
2023-07-31,Saints,,• Trai Turner,placed on IR with torn quadriceps
2023-08-01,Giants,,• J.C. Hassenauer,placed on IR with triceps injury
2023-08-01,Texans,,• Troy Hairston,placed on IR with back injury
2023-08-02,Broncos,,• Tim Patrick,placed on IR with torn right Achilles tendon
2023-08-02,Chiefs,• Tershawn Wharton,,activated from physically unable to perform list
2023-08-02,Lions,,• Emmanuel Moseley,placed on physically unable to perform list with knee injury
2023-08-02,Lions,,• Shane Zylstra,placed on IR with knee injury
2023-08-02,Panthers,,• John Penisini,placed on physically unable to perform list with undisclosed
2023-08-02,Saints,,• Andrew Dowell,placed on IR with knee injury
2023-08-02,Steelers,,• Cory Trice Jr.,placed on IR with right leg injury
2023-08-03,49ers,,• Terrance Mitchell,placed on IR with undisclosed injury
2023-08-03,Broncos,,• Jonas Griffith,placed on IR with torn ACL in left knee
2023-08-03,Commanders,,• David Bada,placed on IR with torn triceps
2023-08-03,Dolphins,,• Bennett Williams,placed on IR with undisclosed injury
2023-08-03,Falcons,,• Ethan Greenidge,placed on IR with leg injury
2023-08-03,Raiders,,• Austin Walter,placed on IR with undisclosed injury
2023-08-03,Saints,,• Scott Lashley,placed on IR with undisclosed injury
2023-08-03,Steelers,,• Alfonzo Graham,placed on IR with undisclosed injury
2023-08-03,Texans,• Chase Winovich,,activated from physically unable to perform list
2023-08-04,49ers,,• Darryl Johnson Jr.,placed on IR with undisclosed
2023-08-04,Falcons,,• Chris Blair,placed on IR with undisclosed injury
2023-08-04,Falcons,,• Feleipe Franks,placed on IR with undisclosed injury
2023-08-04,Falcons,,• Ikenna Enechukwu,placed on IR with undisclosed injury
2023-08-04,Giants,,• Jeff Smith (Alan),placed on IR with knee injury
2023-08-04,Patriots,,• Terez Hall,placed on IR with undisclosed injury
2023-08-04,Ravens,,• Trayvon Mullen,placed on reserve/non-football injury list with undisclosed
2023-08-04,Texans,,• Scott Quessenberry,"placed on IR with with torn ACL, MCL in left knee"
2023-08-04,Texans,• Dylan Deatherage,,activated from IR
2023-08-05,Browns,,• Daylen Baldwin,placed on IR with hamstring injury
2023-08-05,Browns,,• Thomas Graham Jr.,placed on IR with ankle injury
2023-08-05,Colts,,• Ethan Fernea,placed on IR with undisclosed injury
2023-08-05,Colts,,• Jake Witt,placed on IR with hip injury
2023-08-05,Dolphins,,• John Lovett (b. 1996-04-25),placed on IR with undisclosed injury
2023-08-05,Lions,,• Jarren Williams,placed on IR with undisclosed injury
2023-08-05,Panthers,• Chandler Zavala,,activated from physically unable to perform list
2023-08-05,Dolphins,• Bennett Williams,,activated from IR
2023-08-06,Bears,,• Chase Allen (b. 1997-07-09),placed on IR with undisclosed injury
2023-08-06,Broncos,,• Yasir Durant,placed on IR with undisclosed injury
2023-08-06,Saints,,• Eno Benjamin,placed on IR with torn Achilles tendon
2023-08-06,Seahawks,• Tariq Woolen,,activated from physically unable to perform list
2023-08-06,Texans,,• D.J. Scaife Jr.,placed on IR with right leg injury
2023-08-06,Vikings,,• James Lynch,placed on IR with torn ACL in knee
2023-08-06,Vikings,• Andre Carter II,,activated from physically unable to perform list
2023-08-07,Bengals,,• Devonnsha Maxwell,placed on IR with right knee injury
2023-08-07,Cardinals,• B.J. Ojulari,,activated from physically unable to perform list
2023-08-07,Commanders,,• Troy Apke,placed on IR with shoulder injury
2023-08-07,Cowboys,• Luke Schoonmaker,,activated from reserve/non-football injury list
2023-08-07,Eagles,,• Charleston Rambo,placed on IR with undisclosed injury
2023-08-07,Falcons,• Calais Campbell,,activated from reserve/non-football injury list
2023-08-07,Giants,• A'Shawn Robinson,,activated from physically unable to perform list
2023-08-07,Giants,• Marcus McKethan,,activated from physically unable to perform list
2023-08-07,Jets,,• Hamsah Nasirildeen,placed on IR with neck injury
2023-08-07,Jets,,• Maalik Hall,placed on IR with undisclosed injury
2023-08-07,Packers,• Grant DuBose,,activated from non-football injury list
2023-08-07,Packers,• Rashan Gary,,activated from physically unable to perform list
2023-08-07,Ravens,• Patrick Ricard,,activated from physically unable to perform list
2023-08-07,Texans,,• Greg Little,placed on IR with undisclosed injury
2023-08-07,Chiefs,• Isaiah Moore,,activated from IR
2023-08-07,Lions,• Tom Kennedy (b. 1996-07-29),,activated from IR
2023-08-08,Colts,• Tyquan Lewis,,activated from physically unable to perform list
2023-08-08,Commanders,,• Curtis Brooks,placed on IR with undisclosed injury
2023-08-08,Eagles,• Devon Allen,,activated from non-football injury list
2023-08-08,Jets,,• Chris Streveler,placed on IR with thumb injury
2023-08-08,Texans,,• Jesse Matthews,placed on IR with torn ACL in knee
2023-08-08,Patriots,,• Trey Flowers,placed on physically unable to perform list
2023-08-09,Bears,,• Jake Tonges,placed on IR with undisclosed injury
2023-08-09,Bears,• Dante Pettis,,activated from reserve/non-football injury list
2023-08-09,Cardinals,,• Marlon Mack,placed on IR with torn left Achilles tendon
2023-08-09,Jets,,• Yodny Cajuste,placed on IR with undisclosed injury
2023-08-09,Panthers,,• Jalen Redmond,placed on IR with undisclosed injury
2023-08-09,Ravens,• Rashod Bateman,,activated from physically unable to perform list
2023-08-09,Seahawks,,• Andrew Whitaker,placed on IR with undisclosed injury
2023-08-09,Steelers,,• Ja'Marcus Bradley,placed on IR with undisclosed injury
2023-08-09,49ers,• Terrance Mitchell,,activated from IR
2023-08-09,Lions,• Jarren Williams,,activated from IR
2023-08-09,Panthers,• John Penisini,,activated from physically unable to perform list
2023-08-10,Chargers,,• Nicolas Melsop / Nicholas Melsop / Nic Melsop,placed on IR with undisclosed injury
2023-08-10,Saints,,• Koda Martin,placed on IR
2023-08-10,Seahawks,,• Joshua Onujiogu / Josh Onujiogu,placed on IR with undisclosed injury
2023-08-10,Bears,• Chase Allen (b. 1997-07-09),,activated from IR
2023-08-10,Broncos,• Yasir Durant,,activated from IR
2023-08-10,Colts,• Ethan Fernea,,activated from IR
2023-08-11,49ers,,• Anthony Averett,placed on IR with undisclosed injury
2023-08-11,Colts,,• La'Michael Pettway,placed on IR with undisclosed injury
2023-08-11,Colts,,• Michael Tutsie,placed on IR with undisclosed injury
2023-08-11,Browns,• Daylen Baldwin,,activated from IR
2023-08-11,Giants,• Jeff Smith (Alan),,activated from IR
2023-08-12,Texans,• Teagan Quitoriano,,activated from physically unable to perform list
2023-08-12,Dolphins,• John Lovett (b. 1996-04-25),,activated from IR
2023-08-13,49ers,,• Daelin Hayes,placed on IR with undisclosed injury
2023-08-13,Browns,,• Bubba Bolden,placed on IR with hamstring injury
2023-08-13,Browns,,• Jacob Phillips,placed on IR with torn pectoral muscle
2023-08-13,Raiders,,• D.J. Turner (b. 1997-01-18),placed on IR with undisclosed injury
2023-08-13,Raiders,,• Darius Harris,placed on IR with undisclosed injury
2023-08-13,Saints,• Koda Martin,,activated from IR
2023-08-14,Cardinals,,• Rashad Fenton,placed on IR with undisclosed injury
2023-08-14,Dolphins,,• Freddie Swain,placed on IR with hamstring injury
2023-08-14,Dolphins,,• Mark Gilbert,placed on IR with undisclosed injury
2023-08-14,Eagles,,• Shaun Bradley,placed on IR with torn right Achilles tendon
2023-08-14,Giants,• D.J. Davidson,,activated from physically unable to perform list
2023-08-14,Jaguars,,• Henry Mondeaux,placed on IR with undisclosed injury
2023-08-14,Jaguars,• Ben Bartch,,activated from physically unable to perform list
2023-08-14,Jets,,• Ifeadi Odenigbo,placed on IR with undisclosed injury
2023-08-14,Steelers,,• Chapelle Russell,placed on IR with knee injury
2023-08-14,Steelers,,• Duke Dawson,placed on IR with left knee injury
2023-08-14,Titans,,• Shakel Brown,placed on IR with ankle injury
2023-08-14,Titans,• Josh Thompson (b. 1998-10-20),,activated from reserve/non-football injury list
2023-08-14,Falcons,• Chris Blair,,activated from IR
2023-08-15,Bills,• Tyler Matakevich,,activated from physically unable to perform list
2023-08-15,Cardinals,• Zach Ertz,,activated from physically unable to perform list
2023-08-15,Chiefs,,• Jody Fortson Jr. / Joe Fortson,placed on IR with shoulder injury
2023-08-15,Falcons,,• Adetokunbo Ogundeji / Ade Ogundeji,placed on IR with foot injury
2023-08-15,Falcons,,• Frank Darby,placed on IR
2023-08-15,Jets,• Breece Hall,,activated from physically unable to perform list
2023-08-15,Lions,,• Trey Quinn,placed on IR
2023-08-15,Raiders,,• Brandon Parker,placed on IR with triceps injury
2023-08-15,Seahawks,• Jordyn Brooks,,activated from physically unable to perform list
2023-08-15,Vikings,,• William Kwenkeu,placed on IR with undisclosed injury
2023-08-15,Dolphins,• Freddie Swain,,activated from IR
2023-08-15,Texans,• Greg Little,,activated from IR
2023-08-16,Broncos,,• Elliott Fry,placed on IR with undisclosed injury
2023-08-16,Chiefs,,• Anthony Witherstone,placed on IR with toe injury
2023-08-16,Falcons,,• Matt Hennessy,placed on IR with knee/leg injury
2023-08-16,Giants,,• Devery Hamilton,placed on IR with calf injury
2023-08-16,Panthers,,• Damiere Byrd,placed on IR with hamstring injury
2023-08-16,Raiders,• Tyree Wilson,,activated from reserve/non-football injury list
2023-08-16,49ers,• Darryl Johnson Jr.,,activated from IR
2023-08-16,Jets,• Chris Streveler,,activated from IR
2023-08-16,Lions,• Trey Quinn,,activated from IR
2023-08-16,Packers,• Jeff Cotton,,activated from IR
2023-08-16,Panthers,• Jalen Redmond,,activated from IR
2023-08-16,Raiders,• Darius Harris,,activated from IR
2023-08-17,Broncos,,• Forrest Merrill,placed on IR with undisclosed injury
2023-08-17,Chargers,,• Kemon Hall,placed on IR with undisclosed injury
2023-08-17,Colts,,• Ashton Dulin,placed on IR with torn ACL in knee
2023-08-17,Giants,,• Troy Brown (a),placed on IR with undisclosed injury
2023-08-17,Jets,,• Javelin Guidry Jr.,placed on IR with undisclosed injury
2023-08-17,49ers,• Anthony Averett,,activated from IR
2023-08-17,Bears,• Jake Tonges,,activated from IR
2023-08-17,Browns,• Bubba Bolden,,activated from IR
2023-08-17,Colts,• La'Michael Pettway,,activated from IR
2023-08-17,Colts,• Michael Tutsie,,activated from IR
2023-08-17,Jets,• Yodny Cajuste,,activated from IR
2023-08-17,Raiders,• D.J. Turner (b. 1997-01-18),,activated from IR
2023-08-17,Steelers,• Ja'Marcus Bradley,,activated from IR
2023-08-18,Bears,,• Buddy Johnson,placed on IR with undisclosed injury
2023-08-18,Colts,,• Genard Avery,placed on IR with surgery on knee
2023-08-18,Colts,,• Malik Turner,placed on IR with undisclosed injury
2023-08-18,Seahawks,,• Ra'Shaun Henry,placed on IR with undisclosed injury
2023-08-18,Chargers,• Nicolas Melsop / Nicholas Melsop / Nic Melsop,,activated from IR
2023-08-18,Dolphins,• Mark Gilbert,,activated from IR
2023-08-19,49ers,,• Taco Charlton,placed on IR with hamstring injury
2023-08-19,Lions,,• Denzel Mims,placed on IR with undisclosed injury
2023-08-19,Ravens,,• Jordan Swann,placed on IR
2023-08-20,Bills,• Jordan Phillips,,activated from physically unable to perform list (date approximate)
2023-08-20,Buccaneers,,• Russell Gage,placed on IR with torn patellar tendon in right knee
2023-08-20,Eagles,,• Noah Elliss,placed on IR with undisclosed injury
2023-08-20,Eagles,,• Tyrie Cleveland,"placed on IR with concussion, neck injury"
2023-08-20,Eagles,,• Zech McPhearson,placed on IR with torn right Achilles tendon
2023-08-21,Bears,,• Adrian Colbert,placed on IR with undisclosed injury
2023-08-21,Bengals,• Mitchell Wilcox,,activated from physically unable to perform list
2023-08-21,Bills,,• Shane Ray,placed on IR with hamstring injury
2023-08-21,Lions,,• Mohamed Ibrahim,placed on IR with undisclosed injury
2023-08-21,Packers,,• Tyler Davis,placed on IR with torn ACL in right knee
2023-08-21,Chiefs,• Anthony Witherstone,,activated from IR
2023-08-21,Falcons,• Frank Darby,,activated from IR
2023-08-21,Saints,• Scott Lashley,,activated from IR
2023-08-21,Steelers,• Duke Dawson,,activated from IR
2023-08-22,Bears,,• Jared Pinkney,placed on IR with undisclosed injury
2023-08-22,Broncos,,• Jalen Virgil,placed on IR with torn meniscus in right knee
2023-08-22,Dolphins,,• Tino Ellis,placed on IR with undisclosed injury
2023-08-22,Dolphins,• Tanner Conner,,activated from physically unable to perform list
2023-08-22,Jets,• Duane Brown,,activated from physically unable to perform list
2023-08-22,Raiders,,• Darien Butler,placed on IR with undisclosed injury
2023-08-22,Steelers,,• Cody White (b. 1998-11-28),placed on IR with undisclosed injury
2023-08-22,Steelers,,• Hakeem Butler,placed on IR with undisclosed injury
2023-08-22,49ers,• Daelin Hayes,,activated from IR
2023-08-22,Broncos,• Elliott Fry,,activated from IR
2023-08-22,Jaguars,• Henry Mondeaux,,activated from IR
2023-08-22,Texans,,• Alex Bachman,placed on IR with undisclosed injury
2023-08-23,Broncos,• Mike Purcell,,activated from reserve/non-football injury list
2023-08-23,Cardinals,,• Lachavious Simmons,placed on IR with undisclosed injury
2023-08-23,Chargers,,• Andrew Trainer,placed on IR with undisclosed injury
2023-08-23,Packers,,• Jake Hanson,placed on IR with undisclosed injury
2023-08-23,Patriots,,• Tre Nixon,placed on IR with undisclosed injury
2023-08-23,Patriots,• Mike Onwenu,,activated from physically unable to perform list
2023-08-23,Chargers,• Kemon Hall,,activated from IR
2023-08-23,Giants,• Troy Brown (a),,activated from IR
2023-08-23,Packers,• Jake Hanson,,activated from IR
2023-08-24,Seahawks,• Jamal Adams,,activated from physically unable to perform list
2023-08-24,Texans,,• Kilian Zierer,placed on IR with ankle injury
2023-08-24,Texans,,• Tyree Gillespie,placed on IR with undisclosed injury
2023-08-24,Giants,• Devery Hamilton,,activated from IR
2023-08-24,Lions,• Denzel Mims,,activated from IR
2023-08-24,Raiders,• Brandon Parker,,activated from IR
2023-08-25,Bears,,• Dante Pettis,placed on IR with undisclosed injury
2023-08-25,Dolphins,,• Myles Dorn,placed on IR with undisclosed injury
2023-08-25,Bills,• Shane Ray,,activated from IR
2023-08-25,Panthers,• Damiere Byrd,,activated from IR
2023-08-25,Steelers,• Cody White (b. 1998-11-28),,activated from IR
2023-08-25,Steelers,• Hakeem Butler,,activated from IR
2023-08-26,Eagles,,• Roderick Johnson,placed on IR with undisclosed injury
2023-08-26,Rams,• Hunter Long,,activated from physically unable to perform list
2023-08-26,49ers,• Taco Charlton,,activated from IR
2023-08-26,Lions,• Mohamed Ibrahim,,activated from IR
2023-08-27,Browns,,• Jakeem Grant,placed on IR with torn patellar tendon in right knee
2023-08-27,Browns,• Marquise Goodwin,,activated from reserve/non-football injury list
2023-08-27,Buccaneers,,• Ryan Jensen,placed on IR with left knee injury
2023-08-27,Giants,,• Bryce Ford-Wheaton,placed on IR with torn ACL in knee
2023-08-27,Raiders,,• Brittain Brown,placed on IR with undisclosed injury
2023-08-27,Raiders,,• Isaiah Zuber,placed on IR with undisclosed injury
2023-08-27,Raiders,,• Jacob Hollister,placed on IR with undisclosed injury
2023-08-28,Browns,,• Drew Forbes,placed on reserve/non-football injury list with back injury
2023-08-28,Cardinals,,• Pat Elflein,placed on IR with hip injury
2023-08-28,Commanders,,• Braeden Daniels,placed on IR with shoulder injury
2023-08-28,Giants,,• Chris Myarick,placed on IR with hand injury
2023-08-28,Jets,,• Jimmy Moreland,placed on IR with hand injury
2023-08-28,Titans,,• Hassan Haskins,placed on IR with upper body injury
2023-08-28,Titans,• Dillon Radunz,,activated from physically unable to perform list
2023-08-28,Eagles,• Noah Elliss,,activated from IR
2023-08-29,49ers,,• A.J. Parker,placed on IR with hamstring injury
2023-08-29,49ers,,• Cameron Latu,placed on IR with torn meniscus in knee
2023-08-29,49ers,,• Darrell Luter Jr.,placed on reserve/physically unable to perform list with knee injury
2023-08-29,49ers,,• Tayler Hawkins,placed on IR with fractured hand
2023-08-29,49ers,,• Zane Gonzalez,placed on IR with calf injury
2023-08-29,Bears,,• Isaiah Ford,placed on IR with undisclosed
2023-08-29,Bears,• Adrian Colbert,,activated from IR
2023-08-29,Bengals,,• La'el Collins,placed on reserve/physically unable to perform list with knee injury
2023-08-29,Bengals,,• Marvell Tell III,placed on IR with concussion
2023-08-29,Bengals,,• Tautala Pesefea Jr.,placed on IR with elbow injury
2023-08-29,Bills,,• Matt Barkley,placed on IR with elbow injury
2023-08-29,Bills,,• Von Miller,placed on reserve/physically unable to perform list with right knee injury
2023-08-29,Broncos,,• Baron Browning,placed on reserve/physically unable to perform list recovering from surgery on knee
2023-08-29,Cardinals,,• Jon Gaines II,placed on IR with knee injury
2023-08-29,Cardinals,,• Kyler Murray,placed on reserve/physically unable to perform list recovering from surgery on right knee to repair torn ACL
2023-08-29,Chargers,,• Jalen Guyton,placed on reserve/physically unable to perform list with knee injury
2023-08-29,Chargers,,• Otito Ogbonnia,placed on reserve/physically unable to perform list recovering from torn patellar tendon in left knee
2023-08-29,Colts,,• Danny Pinter,placed on IR with fractured left ankle
2023-08-29,Colts,,• JoJo Domann,placed on IR with undisclosed
2023-08-29,Colts,,• Jonathan Taylor,"placed on reserve/physically unable to perform list with ankle, back injuries"
2023-08-29,Colts,,• Ricky Seals-Jones,placed on IR with undisclosed
2023-08-29,Colts,,• Titus Leo,placed on IR with undisclosed
2023-08-29,Commanders,,• Brandon Dillon,placed on IR with undisclosed
2023-08-29,Commanders,,• Jonathan Williams (b. 1994-02-02),placed on IR with undisclosed
2023-08-29,Commanders,,• Kaden Smith,placed on IR with undisclosed
2023-08-29,Commanders,,• Kyric McGowan,placed on IR with undisclosed
2023-08-29,Cowboys,,• David Durden,placed on IR with torn ACL in left knee
2023-08-29,Cowboys,,• DeMarvion Overshown,placed on IR with torn ACL in left knee
2023-08-29,Cowboys,,• John Stephens Jr.,placed on IR with torn ACL in left knee
2023-08-29,Cowboys,,• Josh Ball,placed on IR with groin/hip injury
2023-08-29,Cowboys,• Jourdan Lewis,,activated from physically unable to perform list
2023-08-29,Dolphins,,• Eric Saubert,placed on IR with undisclosed
2023-08-29,Dolphins,,• Keion Crossen,placed on IR with shoulder injury
2023-08-29,Dolphins,,• Nik Needham,placed on reserve/physically unable to perform list recovering from torn Achilles tendon
2023-08-29,Falcons,,• Cornell Armstrong,placed on IR with undisclosed
2023-08-29,Falcons,,• Penny Hart,placed on IR with undisclosed
2023-08-29,Giants,,• Aaron Robinson,placed on reserve/physically unable to perform list with knee injury
2023-08-29,Giants,,• Tommy Sweeney,placed on reserve/non-football injury list with undisclosed
2023-08-29,Giants,• Wan'Dale Robinson,,activated from physically unable to perform list
2023-08-29,Jaguars,,• Dawuane Smoot,placed on reserve/physically unable to perform list recovering from torn right Achilles tendon
2023-08-29,Jaguars,,• Josh Wells,placed on IR with abdominal injury
2023-08-29,Jaguars,,• Ventrell Miller,placed on IR with torn right Achilles tendon (out for season)
2023-08-29,Jets,,• Jarrick Bernard-Converse,placed on reserve/physically unable to perform list with undisclosed
2023-08-29,Lions,,• Nate Sudfeld,placed on IR with torn ACL in left knee
2023-08-29,Lions,• Emmanuel Moseley,,activated from physically unable to perform list
2023-08-29,Packers,,• Eric Stokes (Jamane),"placed on reserve/physically unable to perform list with various injuries / foot, knee injuries"
2023-08-29,Packers,,• Tarvarius Moore,placed on IR with with knee injury
2023-08-29,Panthers,,• Austin Corbett,placed on reserve/physically unable to perform list with left knee injury
2023-08-29,Panthers,,• Henry Anderson (Wyatt),placed on IR with foot injury
2023-08-29,Patriots,,• Cody Davis,placed on reserve/physically unable to perform list
2023-08-29,Patriots,,• Conor McDermott,placed on IR with undisclosed
2023-08-29,Patriots,,• Isaiah Bolden,placed on IR with concussion
2023-08-29,Patriots,,• Trey Flowers,placed on reserve/physically unable to perform list
2023-08-29,Raiders,,• Dalton Wagner,placed on IR with undisclosed
2023-08-29,Ravens,,• Nick Moore (Robert),placed on reserve/non-football injury list with torn Achilles tendon
2023-08-29,Seahawks,,• Austin Faoliu,placed on reserve/physically unable to perform list with knee injury
2023-08-29,Seahawks,,• Bryan Mone,placed on reserve/physically unable to perform list recovering from torn ACL in left knee
2023-08-29,Texans,,• Charlie Heck,placed on reserve/physically unable to perform list with undisclosed
2023-08-29,Texans,,• Kenyon Green,placed on IR with shoulder injury
2023-08-29,Texans,• Alex Bachman,,activated from IR
2023-08-29,Titans,,• Caleb Farley,placed on reserve/physically unable to perform list with back injury
2023-08-29,Bears,• Jared Pinkney,,activated from IR
2023-08-29,Dolphins,• Myles Dorn,,activated from IR
2023-08-29,Eagles,• Tyrie Cleveland,,activated from IR
2023-08-30,Bears,,• Gabe Houy,placed on IR with leg injury
2023-08-30,Bears,,• Joe Reed,placed on IR with undisclosed
2023-08-30,Bears,,• Trestan Ebner,placed on IR with concussion
2023-08-30,Broncos,,• Christopher Allen,placed on IR with groin injury
2023-08-30,Browns,,• Anthony Schwartz,placed on IR with hamstring injury
2023-08-30,Buccaneers,,• Dominique Dafney,placed on IR with undisclosed
2023-08-30,Buccaneers,,• Don Gardner / Donnie Gardner,placed on IR with undisclosed
2023-08-30,Buccaneers,,• Kedrick Whitehead,placed on IR with undisclosed
2023-08-30,Cardinals,,• Kyler McMichael,placed on IR with undisclosed
2023-08-30,Chargers,,• Amechi Uzodinma II,placed on IR with undisclosed
2023-08-30,Chargers,,• Blake Lynch,placed on IR with undisclosed
2023-08-30,Chargers,,• Darrius Shepherd,placed on IR with undisclosed
2023-08-30,Chargers,,• Milton Wright,placed on IR with undisclosed
2023-08-30,Chiefs,,• Jerome Carvin,placed on IR with undisclosed
2023-08-30,Chiefs,,• Nikko Remigio,placed on IR with undisclosed
2023-08-30,Chiefs,,• Olakunle Fatukasi,placed on IR with undisclosed
2023-08-30,Eagles,,• Trey Sermon,placed on IR with undisclosed
2023-08-30,Giants,,• Jack Anderson (b),placed on IR with undisclosed
2023-08-30,Giants,,• Wyatt Davis,placed on IR with undisclosed
2023-08-30,Giants,,• Zyon Gilbert,placed on IR with undisclosed
2023-08-30,Jaguars,,• Jaray Jenkins,placed on IR with surgery on foot
2023-08-30,Lions,,• Jermar Jefferson,placed on IR
2023-08-30,Packers,,• Broughton Hatcher / B.R. Hatcher,placed on IR with undisclosed
2023-08-30,Packers,,• Lew Nichols III,placed on IR with shoulder injury
2023-08-30,Packers,,• Tyler Goodson,placed on IR with shoulder injury
2023-08-30,Panthers,,• Mac McCain III,placed on IR with undisclosed
2023-08-30,Patriots,,• Diego Fagot,placed on IR with undisclosed
2023-08-30,Raiders,,• Chris Lacy (b. 1996-01-28),placed on IR with undisclosed
2023-08-30,Rams,,• DeAndre Square,placed on IR with undisclosed
2023-08-30,Rams,,• Rashad Torrence II,placed on IR with undisclosed
2023-08-30,Rams,,• Ryan Smenda Jr.,placed on IR with undisclosed
2023-08-30,Seahawks,,• Joey Blount,placed on IR with undisclosed
2023-08-30,Seahawks,,• Vi Jones (b. 1998-05-05),placed on IR with undisclosed
2023-08-30,Texans,,• Keaton Sutherland,placed on IR with undisclosed
2023-08-30,Texans,,• Roy Lopez,placed on IR with hamstring injury
2023-08-30,Titans,,• Alize Mack,placed on IR with undisclosed
2023-08-30,Titans,,• Tyler Shelvin,placed on IR with undisclosed
2023-08-30,Vikings,,• Abraham Beauplan,placed on IR with undisclosed
2023-08-30,Vikings,,• Tay Gowan,placed on IR with undisclosed
2023-08-30,Chargers,,• Matt Kaskey,placed on IR with undisclosed
2023-08-30,Giants,• Vernon Butler,,activated from IR
2023-08-30,Raiders,• Jacob Hollister,,activated from IR
2023-08-30,Seahawks,,• Jonathan Sutherland,placed on IR with undisclosed
2023-08-30,Titans,,• Jonathan Ward,placed on IR with undisclosed
2023-08-30,Titans,,• Josh Thompson (b. 1998-10-20),placed on IR with undisclosed
2023-08-30,Chargers,• Matt Kaskey,,activated from IR
2023-08-30,Titans,• Jonathan Ward,,activated from IR
2023-08-30,Seahawks,• Jonathan Sutherland,,activated from IR
2023-08-30,Titans,• Josh Thompson (b. 1998-10-20),,activated from IR
2023-08-31,49ers,,• Danny Gray,placed on IR with sprained shoulder
2023-08-31,49ers,,• Robert Beal Jr.,placed on IR with hamstring injury
2023-08-31,Bears,,• Doug Kramer,placed on IR with undisclosed injury
2023-08-31,Bears,,• Teven Jenkins,placed on IR with leg injury
2023-08-31,Bills,,• Baylon Spector,placed on IR with hamstring injury
2023-08-31,Bills,,• Justin Shorter,placed on IR with hamstring injury
2023-08-31,Broncos,,• Alex Palczewski,placed on IR with hand injury
2023-08-31,Broncos,,• K'Waun Williams,placed on IR with surgery on left ankle
2023-08-31,Broncos,,• P.J. Locke,placed on IR with leg injury
2023-08-31,Browns,,• Jordan Kunaszyk,placed on IR with torn MCL in knee
2023-08-31,Cardinals,,• Dennis Daley,placed on IR with ankle injury
2023-08-31,Cardinals,,• Myjai Sanders,placed on IR with hand injury
2023-08-31,Colts,,• Jelani Woods,placed on IR with hamstring injury
2023-08-31,Commanders,,• Efe Obada,placed on IR with undisclosed injury
2023-08-31,Commanders,,• Phidarian Mathis,placed on IR with calf injury
2023-08-31,Cowboys,,• Matt Waletzko,placed on IR with shoulder injury
2023-08-31,Cowboys,,• Nahshon Wright,placed on IR with high ankle sprain
2023-08-31,Dolphins,,• Jalen Ramsey,placed on IR recovering from surgery on left knee to repair torn meniscus
2023-08-31,Dolphins,,• Jeff Wilson Jr.,placed on IR with various injuries
2023-08-31,Dolphins,,• Robert Jones (e),placed on IR with sprained MCL in knee
2023-08-31,Jaguars,,• Cooper Hodges,placed on IR with patellar tendon injury in knee
2023-08-31,Jaguars,,• Davon Hamilton,placed on IR with back injury
2023-08-31,Jets,,• Carter Warren,placed on IR with torn meniscus in knee
2023-08-31,Jets,,• Kenny Yeboah,placed on IR with hamstring injury
2023-08-31,Lions,,• Julian Okwara,placed on IR with undisclosed injury
2023-08-31,Packers,,• Luke Tenuta,placed on IR with ankle injury
2023-08-31,Panthers,,• Stephen Sullivan,placed on IR with hip injury
2023-08-31,Patriots,,• Tyquan Thornton,placed on IR with shoulder injury
2023-08-31,Ravens,,• Damarion Williams,placed on IR with ankle injury
2023-08-31,Ravens,,• Keaton Mitchell,placed on IR with shoulder injury
2023-08-31,Ravens,,• Malik Hamm,placed on IR with undisclosed injury
2023-08-31,Texans,,• Cameron Johnston,placed on IR with calf injury
2023-08-31,Texans,,• Juice Scruggs,placed on IR with hamstring injury
2023-08-31,Titans,,• Kyle Philips,placed on IR with MCL injury in knee
2023-08-31,Vikings,,• Kene Nwangwu,placed on IR with leg injury
2023-08-31,Bears,• Gabe Houy,,activated from IR
2023-08-31,Bears,• Trestan Ebner,,activated from IR
2023-08-31,Cardinals,• Lachavious Simmons,,activated from IR
2023-08-31,Chargers,• Blake Lynch,,activated from IR
2023-08-31,Commanders,• Kyric McGowan,,activated from IR
2023-08-31,Giants,• Zyon Gilbert,,activated from IR
2023-08-31,Seahawks,• Joey Blount,,activated from IR
2023-09-01,Rams,,• Ochaun Mathis,placed on IR with knee injury
2023-09-01,Bills,• Matt Barkley,,activated from IR
2023-09-01,Chargers,• Darrius Shepherd,,activated from IR
2023-09-01,Chiefs,• Olakunle Fatukasi,,activated from IR
2023-09-01,Commanders,• Jonathan Williams (b. 1994-02-02),,activated from IR
2023-09-01,Panthers,• Marquez Stevenson,,activated from IR
2023-09-01,Patriots,• Diego Fagot,,activated from IR
2023-09-01,Texans,• Tyree Gillespie,,activated from IR
2023-09-04,Panthers,,• Marquis Haynes,placed on IR with back injury
2023-09-04,Patriots,,• Riley Reiff,placed on IR with knee injury
2023-09-04,Seahawks,,• Dareke Young,placed on IR with abductor injury in hip
2023-09-04,Broncos,• Christopher Allen,,activated from IR
2023-09-04,Buccaneers,• Dominique Dafney,,activated from IR
2023-09-04,Buccaneers,• Kedrick Whitehead,,activated from IR
2023-09-04,Giants,• Jack Anderson (b),,activated from IR
2023-09-04,Jaguars,• Jaray Jenkins,,activated from IR
2023-09-04,Raiders,• Chris Lacy (b. 1996-01-28),,activated from IR
2023-09-04,Rams,• Rashad Torrence II,,activated from IR
2023-09-04,Texans,• Keaton Sutherland,,activated from IR
2023-09-04,Texans,• Roy Lopez,,activated from IR
2023-09-04,Titans,• Alize Mack,,activated from IR
2023-09-05,49ers,• A.J. Parker,,activated from IR
2023-09-05,49ers,• Zane Gonzalez,,activated from IR
2023-09-05,Buccaneers,• Don Gardner / Donnie Gardner,,activated from IR
2023-09-05,Raiders,• Isaiah Zuber,,activated from IR
2023-09-05,Raiders,• Jordan Perryman,,activated from IR
2023-09-05,Vikings,• Abraham Beauplan,,activated from IR
2023-09-06,Rams,,• Shaun Jolly,placed on IR with undisclosed injury
2023-09-06,Texans,,• Tytus Howard,placed on IR with surgery on hand to repair fracture
2023-09-06,49ers,• Tayler Hawkins,,activated from IR
2023-09-06,Bears,• Dante Pettis,,activated from IR
2023-09-06,Bears,• Isaiah Ford,,activated from IR
2023-09-06,Chiefs,• Jerome Carvin,,activated from IR
2023-09-06,Colts,• Ricky Seals-Jones,,activated from IR
2023-09-06,Dolphins,• Eric Saubert,,activated from IR
2023-09-06,Jets,• Jimmy Moreland,,activated from IR
2023-09-06,Lions,• Jermar Jefferson,,activated from IR
2023-09-06,Packers,• Broughton Hatcher / B.R. Hatcher,,activated from IR
2023-09-06,Packers,• Tarvarius Moore,,activated from IR
2023-09-06,Packers,• Tyler Goodson,,activated from IR
2023-09-06,Seahawks,• Vi Jones (b. 1998-05-05),,activated from IR
2023-09-07,Chargers,• Milton Wright,,activated from IR
2023-09-07,Packers,• Lew Nichols III,,activated from IR
2023-09-07,Rams,• Ryan Smenda Jr.,,activated from IR
2023-09-07,Titans,• Tyler Shelvin,,activated from IR
2023-09-07,Vikings,• Tay Gowan,,activated from IR
2023-09-08,Commanders,,• Dax Milne,placed on IR with groin injury
2023-09-08,Raiders,,• Brandon Facyson,placed on IR with shin injury
2023-09-08,Colts,• JoJo Domann,,activated from IR
2023-09-08,Falcons,• Cornell Armstrong,,activated from IR
2023-09-08,Jaguars,• Josh Wells,,activated from IR
2023-09-08,Patriots,• Conor McDermott,,activated from IR
2023-09-08,Rams,• Shaun Jolly,,activated from IR
2023-09-09,Patriots,,• Jack Jones (b. 1997-12-20),placed on IR with hamstring injury
2023-09-09,Rams,,• Cooper Kupp,placed on IR with hamstring injury
2023-09-09,Rams,,• Hunter Long,placed on IR with thigh injury
2023-09-09,Saints,,• Tre'Quan Smith,placed on IR with groin injury
2023-09-09,Seahawks,,• Kenny McIntosh,placed on IR with sprained knee
2023-09-09,Rams,• DeAndre Square,,activated from IR
2023-09-11,Broncos,• Forrest Merrill,,activated from IR
2023-09-12,Browns,,• Jack Conklin,"placed on IR with torn ACL, MCL in left knee"
2023-09-12,Eagles,,• Nakobe Dean,placed on IR with right foot injury
2023-09-12,Jets,,• Aaron Rodgers,placed on IR with torn left Achilles tendon
2023-09-12,Ravens,,• J.K. Dobbins,placed on IR with torn left Achilles tendon
2023-09-12,Bengals,• La'el Collins,,activated from reserve/physically unable to perform list
2023-09-12,Bengals,• Tautala Pesefea Jr.,,activated from IR
2023-09-12,Eagles,• Charleston Rambo,,activated from IR
2023-09-13,Broncos,,• Caden Sterns,placed on IR with knee injury
2023-09-13,Colts,,• Evan Hull,placed on IR with knee injury
2023-09-13,Panthers,,• Brady Christensen,placed on IR with biceps injury
2023-09-13,Rams,,• Stetson Bennett,placed on reserve/non-football injury list with undisclosed
2023-09-13,Saints,,• Payton Turner,placed on IR with surgery on toe
2023-09-13,Saints,,• Ryan Connelly,placed on practice squad IR with undisclosed injury
2023-09-13,Seahawks,,• Abraham Lucas,placed on IR with knee injury
2023-09-13,Texans,,• Hassan Ridgeway,placed on IR with calf injury
2023-09-13,Texans,,• Noah Brown,placed on IR with groin injury
2023-09-14,Bears,,• Kyler Gordon,placed on IR with hand injury
2023-09-14,Colts,,• Jack Anderson (b),placed on practice squad IR
2023-09-14,Steelers,,• Cameron Heyward / Cam Heyward,placed on IR with surgery on groin
2023-09-15,Panthers,,• Jaycee Horn,placed on IR with hamstring injury
2023-09-15,Rams,,• Jason Taylor II,placed on IR with groin injury
2023-09-15,Eagles,• Trey Sermon,,activated from IR
2023-09-16,49ers,,• Samuel Womack,placed on IR with MCL injury in knee
2023-09-16,Broncos,,• Greg Dulcich,placed on IR with hamstring injury
2023-09-16,Cardinals,,• L.J. Collier,placed on IR with biceps injury
2023-09-16,Jaguars,,• Gregory Junior,placed on IR with hamstring injury
2023-09-16,Lions,,• Joshua Paschal / Josh Paschal,placed on IR with knee injury
2023-09-16,Lions,,• Khalil Dorsey,placed on IR with illness
2023-09-18,Cardinals,,• Budda Baker,placed on IR with hamstring injury
2023-09-18,Steelers,,• Anthony McFarland Jr.,placed on IR with knee injury
2023-09-18,Steelers,,• Diontae Johnson,placed on IR with hamstring injury
2023-09-19,Lions,,• Chauncey Gardner-Johnson / C.J. Gardner-Johnson,placed on IR with pectoral muscle injury
2023-09-19,Lions,,• James Houston,placed on IR with fractured ankle
2023-09-19,Panthers,,• Shaq Thompson,placed on IR with fractured fibula in right leg
2023-09-19,Ravens,,• Ar'Darius Washington,placed on IR with chest injury
2023-09-19,Vikings,,• Olisaemeka Udoh / Oli Udoh,placed on IR with torn quadriceps tendon
2023-09-19,Bengals,• Marvell Tell III,,activated from IR
2023-09-19,Browns,• Anthony Schwartz,,activated from IR
2023-09-19,Browns,• Thakarius Keyes / Ty Keyes / BoPete Keyes,,activated from IR
2023-09-19,Panthers,• Mac McCain III,,activated from IR
2023-09-20,Bears,,• Braxton Jones,placed on IR with neck injury
2023-09-20,Browns,,• Nick Chubb,placed on IR with left knee injury
2023-09-20,Buccaneers,,• Chase Edmonds,placed on IR with sprained MCL in knee
2023-09-20,Eagles,,• Avonte Maddox,placed on IR with torn pectoral muscle
2023-09-20,Seahawks,,• Mike Morris (Jr.),placed on IR with shoulder injury
2023-09-21,Vikings,,• Jalen Nailor,placed on IR with hamstring injury
2023-09-22,Patriots,,• Marcus Jones Jr.,placed on IR with torn labrum in shoulder
2023-09-22,Titans,,• Kearis Jackson,placed on IR with ankle injury
2023-09-22,Titans,,• Hassan Haskins,placed on IR with undisclosed injury
2023-09-23,Bears,,• Khalid Kareem,placed on IR with hip injury
2023-09-23,Cardinals,,• Carlos Watkins,placed on IR with biceps injury
2023-09-23,Chiefs,,• Richie James,placed on IR with knee injury
2023-09-23,Cowboys,,• Trevon Diggs,placed on IR with torn ACL in left knee
2023-09-23,Jets,,• Duane Brown,"placed on IR with various injuries / shoulder, hip injuries"
2023-09-23,Saints,,• Jamaal Williams,placed on IR with hamstring injury
2023-09-23,Texans,,• Derek Stingley Jr.,placed on IR with hamstring injury
2023-09-25,Ravens,,• Tylan Wallace,placed on IR with hamstring injury
2023-09-25,Jaguars,,• Leonard Taylor,placed on IR with undisclosed injury
2023-09-26,Chargers,,• Mike Williams (K.),placed on IR with torn ACL in left knee
2023-09-26,Falcons,,• Troy Andersen,placed on IR with shoulder injury / pectoral injury
2023-09-26,Patriots,,• Daniel Ekuale,placed on IR with torn biceps
2023-09-26,Titans,,• Julius Chestnut,placed on IR with hamstring injury
2023-09-26,Titans,,• Mike Brown (b. 1999-04-07),placed on IR with undisclosed injury
2023-09-26,Saints,• Tre'Quan Smith,,activated from IR
2023-09-26,Seahawks,• Ra'Shaun Henry,,activated from IR
2023-09-27,Chiefs,,• Prince Tega Wanogho / Prince Wanogho,placed on IR with torn quadriceps
2023-09-28,Lions,,• Matt Nelson,placed on IR with ankle injury
2023-09-28,Packers,,• David Bakhtiari,placed on IR with left knee injury
2023-09-29,Bears,,• Josh Blackwell,placed on IR with hamstring injury
2023-09-29,Bengals,,• Charlie Jones (b. 1998-10-29),placed on IR with thumb injury
2023-09-29,Dolphins,,• Erik Ezukanma,placed on reserve/non-football injury list with neck injury
2023-09-29,Dolphins,,• River Cracraft,placed on IR with shoulder injury
2023-09-30,Chargers,,• Corey Linsley,placed on reserve/non-football injury list with illness
2023-09-30,Chargers,,• J.T. Woods,placed on reserve/non-football injury list with undisclosed
2023-09-30,Raiders,,• Curtis Bolton,placed on IR with knee injury
2023-09-30,Ravens,,• David Ojabo,"placed on IR with ankle, knee injuries / various injuries"
2023-10-03,Bears,• Buddy Johnson,,activated from IR
2023-10-04,Colts,,• Dallis Flowers,placed on IR with torn Achilles tendon
2023-10-04,Falcons,,• Josh Ali,placed on IR with ankle injury
2023-10-04,Texans,,• Kendrick Green,placed on IR with torn meniscus in right knee
2023-10-05,Bears,• Teven Jenkins,,activated from IR
2023-10-06,Dolphins,,• Terron Armstead,placed on IR with knee injury
2023-10-06,Rams,• Cooper Kupp,,activated from IR
2023-10-07,Bills,,• Tre'Davious White,placed on IR with torn right Achilles tendon
2023-10-07,Bills,• Von Miller,,activated from reserve/physically unable to perform list
2023-10-07,Broncos,• P.J. Locke,,activated from IR
2023-10-07,Colts,• Jonathan Taylor,,activated from reserve/physically unable to perform list
2023-10-07,Eagles,,• Cam Jurgens,placed on IR with foot injury
2023-10-07,Jaguars,,• Parker Washington,placed on IR with knee injury
2023-10-07,Lions,,• Jason Cabinda,placed on IR with knee injury
2023-10-07,Lions,• Julian Okwara,,activated from IR
2023-10-07,Patriots,,• Christian Gonzalez,placed on IR recovering from surgery on right shoulder to repair labrum
2023-10-07,Patriots,• Riley Reiff,,activated from IR
2023-10-07,Rams,• Ochaun Mathis,,activated from IR
2023-10-07,Ravens,,• Daryl Worley,placed on IR with shoulder injury
2023-10-07,Texans,• Cameron Johnston,,activated from IR
2023-10-07,Texans,• Tytus Howard,,activated from IR
2023-10-07,Titans,• Kyle Philips,,activated from IR
2023-10-09,Falcons,• Penny Hart,,activated from IR
2023-10-10,Cardinals,,• James Conner,placed on IR with knee injury
2023-10-10,Commanders,,• Darrick Forrest,placed on IR with fractured shoulder
2023-10-10,Commanders,,• Jeremy Reaves,placed on IR with partially torn ACL in knee
2023-10-10,Giants,• Cole Beasley,,activated from practice squad IR
2023-10-10,Rams,,• Bobby Brown III,placed on IR with sprained MCL in knee
2023-10-11,Bills,,• DaQuan Jones,placed on IR with torn pectoral muscle
2023-10-11,Bills,,• Matt Milano,"placed on IR with fractured right leg, knee"
2023-10-11,Colts,,• Anthony Richardson,placed on IR with sprained AC joint in right shoulder
2023-10-11,Dolphins,,• De'Von Achane,placed on IR with knee injury
2023-10-11,Jets,,• Alijah Vera-Tucker,placed on IR with torn Achilles tendon
2023-10-11,Vikings,,• Justin Jefferson,placed on IR with right hamstring injury
2023-10-11,Vikings,,• Nick Mullens,placed on IR with back injury
2023-10-12,Broncos,• Greg Dulcich,,activated from IR
2023-10-12,Cowboys,,• Peyton Hendershot,placed on IR with ankle injury
2023-10-13,Bears,,• Equanimeous St. Brown,placed on IR with hamstring injury
2023-10-13,Bears,,• Khalil Herbert,placed on IR with ankle injury
2023-10-13,Eagles,,• Justin Evans (b. 1995-08-26),placed on IR with knee injury
2023-10-14,Bears,• Kyler Gordon,,activated from IR
2023-10-14,Bills,• Baylon Spector,,activated from IR
2023-10-14,Cardinals,• Dennis Daley,,activated from IR
2023-10-14,Commanders,• Efe Obada,,activated from IR
2023-10-14,Dolphins,• Robert Jones (e),,activated from IR
2023-10-14,Eagles,,• Quez Watkins,placed on IR with hamstring injury
2023-10-14,Eagles,• Nakobe Dean,,activated from IR
2023-10-14,Giants,,• Azeez Ojulari,placed on IR with ankle injury
2023-10-14,Jaguars,,• Christian Braswell,placed on IR with hamstring injury (out for season)
2023-10-14,Jaguars,• Dawuane Smoot,,activated from reserve/physically unable to perform list
2023-10-14,Jets,,• Justin Hardee,placed on IR recovering from surgery on hamstring
2023-10-14,Jets,• Carter Warren,,activated from IR
2023-10-14,Lions,,• Emmanuel Moseley,placed on IR with torn ACL in right knee
2023-10-14,Lions,,• Zonovan Knight / Bam Knight,placed on IR with shoulder injury
2023-10-14,Lions,• Khalil Dorsey,,activated from IR
2023-10-14,Panthers,,• Ian Thomas (c),placed on IR with calf injury
2023-10-14,Patriots,,• Matthew Judon / Matt Judon,placed on IR with biceps/elbow injury
2023-10-14,Patriots,,• Tyrone Wheatley Jr.,placed on IR with knee injury
2023-10-14,Patriots,• Tyquan Thornton,,activated from IR
2023-10-14,Ravens,• Keaton Mitchell,,activated from IR
2023-10-14,Saints,,• Adam Prentice,placed on IR with knee injury
2023-10-14,Seahawks,,• Coby Bryant,placed on IR with toe injury
2023-10-14,Texans,• Noah Brown,,activated from IR
2023-10-16,Cowboys,,• C.J. Goodwin,placed on IR with torn pectoral muscle
2023-10-16,Cowboys,,• Leighton Vander Esch,"placed on IR with concussion, neck injury"
2023-10-16,Cowboys,• Nahshon Wright,,activated from IR
2023-10-16,Commanders,• Kaden Smith,,activated from IR
2023-10-17,Browns,,• Michael Dunn,placed on IR with calf injury
2023-10-17,Colts,• Jack Anderson (b),,activated from practice squad IR
2023-10-17,Giants,,• Joshua Ezeudu,placed on IR with right toe injury
2023-10-18,Chargers,,• Raheem Layne,placed on IR with torn ACL in knee
2023-10-18,Raiders,,• Roderic Teamer,placed on IR with hamstring injury
2023-10-18,Rams,,• Ronnie Rivers,placed on IR with sprained PCL in knee
2023-10-18,Texans,,• Eric Murray,placed on IR with knee injury
2023-10-18,Vikings,,• Marcus Davenport,placed on IR with sprained left ankle
2023-10-19,Giants,,• Shane Lemieux,placed on IR with torn biceps
2023-10-19,Saints,• Jamaal Williams,,activated from IR
2023-10-20,Bills,,• Damien Harris,"placed on IR with concussion, neck injury"
2023-10-20,Dolphins,,• Christopher Brooks / Chris Brooks (b),placed on IR with ankle injury
2023-10-21,Bears,• Doug Kramer,,activated from IR
2023-10-21,Broncos,,• Greg Dulcich,placed on IR with hamstring injury
2023-10-21,Broncos,• Baron Browning,,activated from reserve/physically unable to perform list
2023-10-21,Cardinals,• Budda Baker,,activated from IR
2023-10-21,Cardinals,• Garrett Williams,,activated reserve/from non-football injury list
2023-10-21,Dolphins,• Jeff Wilson Jr.,,activated from IR
2023-10-21,Lions,• Joshua Paschal / Josh Paschal,,activated from IR
2023-10-21,Packers,• Eric Stokes (Jamane),,activated from reserve/physically unable to perform list
2023-10-21,Patriots,,• Riley Reiff,placed on IR with knee injury
2023-10-21,Patriots,• Cody Davis,,activated from reserve/physically unable to perform list
2023-10-21,Patriots,• Jack Jones (b. 1997-12-20),,activated from IR
2023-10-21,Rams,,• Kyren Williams,placed on IR with ankle injury
2023-10-21,Steelers,,• Pat Freiermuth,placed on IR with hamstring injury
2023-10-21,Steelers,• Diontae Johnson,,activated from IR
2023-10-24,Cardinals,,• Zach Ertz,placed on IR with strained quadriceps
2023-10-24,Dolphins,,• Isaiah Wynn,placed on IR with quadriceps injury
2023-10-24,Dolphins,• Nik Needham,,activated from reserve/physically unable to perform list
2023-10-24,Giants,,• Eric Gray,placed on IR with calf injury
2023-10-24,Giants,,• Matt Peart,placed on IR with shoulder injury
2023-10-24,Jets,• Jarrick Bernard-Converse,,activated from reserve/physically unable to perform list
2023-10-24,Panthers,,• Giovanni Ricci,placed on IR with shoulder injury
2023-10-24,Panthers,,• Jeremy Chinn,placed on IR with quadriceps injury
2023-10-24,Panthers,,• Yetur Gross-Matos,placed on IR with hamstring injury
2023-10-24,Panthers,• Austin Corbett,,activated from reserve/physically unable to perform list
2023-10-24,Saints,• Ryan Connelly,,activated from practice squad IR
2023-10-24,Jets,• Hamsah Nasirildeen,,activated from IR
2023-10-24,Patriots,• Trey Flowers,,activated from reserve/physically unable to perform list
2023-10-25,Buccaneers,• Chase Edmonds,,activated from IR
2023-10-25,Packers,,• Darnell Savage,placed on IR with calf injury
2023-10-25,Packers,,• Eric Stokes (Jamane),placed on IR with hamstring injury
2023-10-25,Titans,,• Taylor Stallworth,placed on IR with undisclosed
2023-10-26,Bills,,• Dawson Knox,placed on IR recovering from surgery on wrist
2023-10-26,Seahawks,,• Uchenna Nwosu,placed on IR recovering from surgery to repair pectoral injury
2023-10-28,Bears,• Khalid Kareem,,activated from IR
2023-10-28,Bengals,,• Chase Brown (b. 2000-03-21),placed on IR with hamstring injury
2023-10-28,Broncos,,• Brandon Johnson (b. 1998-07-26),placed on IR with hamstring injury
2023-10-28,Cardinals,,• Elijah Wilkinson,placed on IR with neck injury
2023-10-28,Chiefs,,• Nick Bolton,placed on IR recovering from surgery on wrist
2023-10-28,Commanders,,• Cody Barton,placed on IR with ankle injury
2023-10-28,Commanders,,• Saahdiq Charles,placed on IR with calf injury
2023-10-28,Commanders,• Phidarian Mathis,,activated from IR
2023-10-28,Dolphins,• Jalen Ramsey,,activated from IR
2023-10-28,Giants,,• Gary Brightwell,placed on IR with hamstring injury
2023-10-28,Jaguars,• Davon Hamilton,,activated from IR
2023-10-28,Ravens,• Tylan Wallace,,activated from IR
2023-10-28,Texans,• Hassan Ridgeway,,activated from IR
2023-10-30,Raiders,,• Kana'i Mauga,placed on IR with knee injury
2023-10-30,Raiders,• Curtis Bolton,,activated from IR
2023-10-31,Cardinals,,• Damien Williams,placed on practice squad IR with undisclosed injury
2023-10-31,Cardinals,,• Jeff Smith (Alan),placed on practice squad IR with undisclosed injury
2023-10-31,Falcons,,• Grady Jarrett,placed on IR with torn ACL in knee
2023-10-31,Jets,,• Al Woods (Joseph),placed on IR with torn Achilles tendon
2023-10-31,Jets,,• Connor McGovern (b. 1993-04-27),placed on IR with dislocated kneecap
2023-10-31,Jets,,• Wes Schweitzer,placed on IR with calf injury
2023-10-31,Lions,,• Scott Daly,placed on IR with surgery on knee
2023-10-31,Patriots,,• Kendrick Bourne,placed on IR with torn ACL in right knee
2023-10-31,Texans,,• Jarrett Patterson,placed on IR with ankle / lower leg injury
2023-10-31,Texans,,• Teagan Quitoriano,placed on IR with groin injury
2023-10-31,Vikings,,• Kirk Cousins,placed on IR with torn right Achilles tendon
2023-11-01,Falcons,,• LaCale London,placed on IR with knee injury
2023-11-01,Steelers,• Cameron Heyward / Cam Heyward,,activated from IR
2023-11-02,Bills,,• Kaiir Elam,placed on IR with ankle injury
2023-11-03,Bengals,,• Tycen Anderson,placed on IR with left knee injury
2023-11-03,Giants,,• Graham Gano,placed on IR with surgery on left knee
2023-11-03,Panthers,,• Claudin Cherelus,placed on IR with knee injury
2023-11-03,Patriots,,• Calvin Anderson,placed on IR with illness
2023-11-04,Bears,• Braxton Jones,,activated from IR
2023-11-04,Dolphins,• Terron Armstead,,activated from IR
2023-11-04,Giants,,• Darren Waller,placed on IR with hamstring injury
2023-11-04,Giants,,• Tyrod Taylor,placed on IR with rib injury
2023-11-04,Panthers,,• Justin Houston,placed on IR with hamstring injury
2023-11-04,Ravens,• Daryl Worley,,activated from IR
2023-11-04,Vikings,• Jalen Nailor,,activated from IR
2023-11-06,Chargers,,• Joshua Palmer / Josh Palmer,placed on IR with knee injury
2023-11-06,Chargers,• Jalen Guyton,,activated from reserve/physically unable to perform list
2023-11-06,Chargers,• Otito Ogbonnia,,activated from reserve/physically unable to perform list
2023-11-06,Panthers,,• Tarik Cohen,placed on practice squad IR with undisclosed injury
2023-11-06,Seahawks,,• Drake Thomas,placed on IR with knee injury
2023-11-06,Seahawks,• Austin Faoliu,,activated from reserve/physically unable to perform list
2023-11-06,Steelers,,• Cole Holcomb,placed on IR with surgery on knee (out for season)
2023-11-06,Steelers,• Anthony McFarland Jr.,,activated from IR
2023-11-07,Bills,,• Kameron Cline,placed on practice squad IR with undisclosed injury
2023-11-07,Browns,,• Cameron Mitchell,placed on IR with hamstring / shoulder injury
2023-11-07,Browns,,• Jedrick Wills Jr.,placed on IR with sprained MCL in knee
2023-11-07,Cardinals,,• Bobby Price,placed on IR with undisclosed
2023-11-07,Cardinals,• Kyler Murray,,activated from reserve/physically unable to perform list
2023-11-07,Commanders,,• Ricky Stromberg,placed on IR with knee injury
2023-11-07,Panthers,,• Chandler Wooten,placed on IR with ankle injury
2023-11-07,Panthers,,• Luiji Vilain,placed on IR with knee injury
2023-11-07,Texans,,• Hassan Ridgeway,placed on IR with torn right Achilles tendon (out for season)
2023-11-07,Texans,,• M.J. Stewart,placed on IR with shoulder injury
2023-11-08,Giants,,• Daniel Jones,placed on IR with torn ACL in right knee
2023-11-08,Vikings,,• Cam Akers,placed on IR with torn left Achilles tendon
2023-11-09,Bears,• Equanimeous St. Brown,,activated from IR
2023-11-09,Bears,• Josh Blackwell,,activated from IR
2023-11-09,Panthers,• Marquis Haynes,,activated from IR
2023-11-11,49ers,,• Drake Jackson,placed on IR with knee injury
2023-11-11,Cardinals,• James Conner,,activated from IR
2023-11-11,Giants,• Azeez Ojulari,,activated from IR
2023-11-11,Jaguars,• Gregory Junior,,activated from IR
2023-11-11,Saints,• Adam Prentice,,activated from IR
2023-11-11,Seahawks,• Dareke Young,,activated from IR
2023-11-11,Seahawks,• Kenny McIntosh,,activated from IR
2023-11-11,Texans,,• Ka'imi Fairbairn,placed on IR with quadriceps injury
2023-11-11,Texans,• Derek Stingley Jr.,,activated from IR
2023-11-11,Titans,,• Nicholas Petit-Frere,placed on IR with shoulder injury
2023-11-13,Giants,• Chris Myarick,,activated from IR
2023-11-14,Dolphins,• River Cracraft,,activated from IR
2023-11-14,Lions,,• Halapoulivaati Vaitai,placed on IR with back injury
2023-11-14,Rams,• Hunter Long,,activated from IR
2023-11-14,Steelers,,• Kwon Alexander,placed on IR with torn left Achilles tendon (out for season)
2023-11-14,Vikings,,• Jordan Hicks (b. 1992-06-27),placed on IR with bruised shin
2023-11-14,Titans,• Taylor Stallworth,,activated from IR
2023-11-15,49ers,,• Nick Zakelj,placed on IR with torn biceps
2023-11-15,Browns,,• Deshaun Watson,placed on IR with fracture in right shoulder
2023-11-15,Chargers,,• Chris Rumph II,placed on IR with fractured foot
2023-11-15,Titans,,• Chance Campbell,placed on IR with undisclosed injury
2023-11-16,Bengals,• Charlie Jones (b. 1998-10-29),,activated from IR
2023-11-16,Eagles,,• Nakobe Dean,placed on IR with Lisfranc injury in foot (surgery)
2023-11-18,49ers,• Darrell Luter Jr.,,activated from reserve/physically unable to perform list
2023-11-18,Bears,• Khalil Herbert,,activated from IR
2023-11-18,Browns,• Michael Dunn,,activated from IR
2023-11-18,Cowboys,,• Viliami Fehoko Jr.,placed on IR with knee injury
2023-11-18,Dolphins,• De'Von Achane,,activated from IR
2023-11-18,Eagles,• Cam Jurgens,,activated from IR
2023-11-18,Jaguars,,• Jamal Agnew,"placed on IR with shoulder, ribs injuries / various injuries"
2023-11-18,Jaguars,• Parker Washington,,activated from IR
2023-11-18,Panthers,• Ian Thomas (c),,activated from IR
2023-11-18,Rams,• Bobby Brown III,,activated from IR
2023-11-18,Steelers,,• Keanu Neal,placed on IR with rib injury
2023-11-18,Steelers,• Pat Freiermuth,,activated from IR
2023-11-18,Texans,,• Grayland Arnold,placed on IR with calf injury
2023-11-18,Titans,• Mike Brown (b. 1999-04-07),,activated from IR
2023-11-18,Vikings,• Nick Mullens,,activated from IR
2023-11-20,Bengals,,• Jaxson Kirkland,placed on practice squad IR with wrist injury
2023-11-20,Commanders,,• Efe Obada,placed on IR with fractured right leg
2023-11-20,Falcons,,• Jacob Saylors,placed on practice squad IR with undisclosed injury
2023-11-20,Steelers,,• Elijah Riley,placed on IR with ankle injury
2023-11-20,Vikings,,• Dean Lowry,placed on IR with torn pectoral muscle
2023-11-20,Vikings,• Chris Reed (b. 1992-07-22),,activated from reserve/non-football injury list
2023-11-20,Commanders,• Troy Apke,,activated from IR
2023-11-21,49ers,,• Talanoa Hufanga,placed on IR with torn ACL in right knee
2023-11-21,Browns,,• Rodney McLeod Jr.,placed on IR with torn biceps
2023-11-21,Cardinals,,• Kyzir White,placed on IR with torn biceps
2023-11-21,Cardinals,,• Leki Fotu,placed on IR with hand injury
2023-11-21,Chargers,,• Tanner Muse,placed on IR with knee injury
2023-11-21,Dolphins,,• Salvon Ahmed,placed on IR with foot injury
2023-11-21,Saints,,• Michael Thomas (William),placed on IR with knee injury
2023-11-22,Buccaneers,,• Rakim Jarrett,placed on IR with undisclosed
2023-11-22,Chargers,,• Joey Bosa,placed on IR with sprained foot
2023-11-22,Commanders,,• De'Jon Harris,placed on IR with quadriceps injury
2023-11-22,Packers,,• Emanuel Wilson,placed on IR with shoulder injury
2023-11-22,Packers,,• Luke Musgrave,placed on IR with lacerated kidney
2023-11-22,Panthers,,• Austin Corbett,placed on IR with knee injury
2023-11-22,Panthers,,• Dicaprio Bootle,placed on IR with knee injury
2023-11-23,49ers,• Samuel Womack,,activated from IR
2023-11-23,Commanders,• Cody Barton,,activated from IR
2023-11-23,Jets,• Duane Brown,,activated from IR
2023-11-23,Panthers,,• Derek Wright,placed on practice squad IR with undisclosed injury
2023-11-23,Seahawks,,• Jerrick Reed II,placed on IR with torn ACL in knee
2023-11-23,Seahawks,• Coby Bryant,,activated from IR
2023-11-23,Texans,,• Dylan Horton,placed on reserve/non-football illness list with undisclosed
2023-11-25,Bengals,,• Joe Burrow,placed on IR with right wrist injury (surgery)
2023-11-25,Bengals,• Chase Brown (b. 2000-03-21),,activated from IR
2023-11-25,Browns,• Jordan Kunaszyk,,activated from IR
2023-11-25,Chiefs,,• Mecole Hardman,placed on IR with thumb injury
2023-11-25,Eagles,• Quez Watkins,,activated from IR
2023-11-25,Giants,• Eric Gray,,activated from IR
2023-11-25,Raiders,• Roderic Teamer,,activated from IR
2023-11-25,Rams,• Jason Taylor II,,activated from IR
2023-11-25,Rams,• Kyren Williams,,activated from IR
2023-11-25,Ravens,,• Mark Andrews,placed on IR recovering from surgery on left ankle
2023-11-25,Saints,,• Marshon Lattimore,placed on IR with ankle injury
2023-11-25,Texans,• Juice Scruggs,,activated from IR
2023-11-25,Titans,,• Chris Hubbard,placed on IR with biceps injury
2023-11-27,49ers,,• George Odum,placed on IR with torn biceps
2023-11-27,49ers,• Robert Beal Jr.,,activated from IR
2023-11-27,Jaguars,,• Cam Robinson,placed on IR with left knee injury
2023-11-28,Dolphins,,• Jaelan Phillips,placed on IR with torn right Achilles tendon (out for season)
2023-11-28,Rams,,• Duke Shelley,placed on IR with hamstring injury
2023-11-28,Texans,• Charlie Heck,,activated from reserve/physically unable to perform list
2023-11-28,Vikings,• Justin Jefferson,,activated from IR
2023-11-28,Browns,• Thomas Graham Jr.,,activated from IR
2023-11-28,Giants,• Tommy Sweeney,,activated from reserve/non-football injury list
2023-11-29,Panthers,,• Chandler Zavala,placed on IR with knee injury
2023-11-29,Texans,,• Tytus Howard,placed on IR with surgery on knee
2023-11-30,Panthers,,• Laviska Shenault Jr.,placed on IR with ankle injury
2023-11-30,Seahawks,,• Phil Haynes,placed on IR with toe injury
2023-11-30,Seahawks,• Abraham Lucas,,activated from IR
2023-11-30,Cardinals,• Zach Ertz,,activated from IR
2023-12-01,Buccaneers,,• Mike Greene (b. 1999-05-03),placed on IR with calf injury
2023-12-02,Broncos,• Brandon Johnson (b. 1998-07-26),,activated from IR
2023-12-02,Jets,• Wes Schweitzer,,activated from IR
2023-12-02,Packers,• Darnell Savage,,activated from IR
2023-12-02,Panthers,• Jaycee Horn,,activated from IR
2023-12-02,Panthers,• Jeremy Chinn,,activated from IR
2023-12-02,Panthers,• Yetur Gross-Matos,,activated from IR
2023-12-04,Bengals,,• Cam Taylor-Britt,"placed on IR with ankle, quadriceps injuries"
2023-12-05,Chargers,• J.T. Woods,,activated from reserve/non-football injury list
2023-12-05,Jets,,• Tanzel Smart,placed on practice squad IR with undisclosed injury
2023-12-05,Lions,,• Alim McNeill,placed on IR with sprained knee
2023-12-05,Texans,,• Jared Wayne,placed on practice squad IR with undisclosed injury
2023-12-05,Texans,,• Nathaniel Dell / Tank Dell,placed on IR with fractured fibula in leg
2023-12-05,Commanders,• Drew White (a),,activated from reserve/physically unable to perform list
2023-12-05,Jaguars,• Leonard Taylor,,activated from IR
2023-12-06,Cowboys,,• Sean McKeon,placed on IR with ankle injury
2023-12-06,Cowboys,• Peyton Hendershot,,activated from IR
2023-12-06,Jets,,• C.J. Uzomah,placed on IR with MCL injury in knee
2023-12-06,Saints,,• Malcolm Roach,placed on IR with knee injury
2023-12-06,Saints,,• Marcus Maye,placed on IR with shoulder injury
2023-12-08,Chiefs,• Nick Bolton,,activated from IR
2023-12-08,Jaguars,,• Christian Kirk (Davon),placed on IR with core muscle injury
2023-12-08,Titans,,• Joe Jones (Edwin),placed on IR with finger injury
2023-12-08,Titans,,• Ryan Stonehouse,placed on IR with surgery on knee (out for season)
2023-12-09,49ers,,• Ray-Ray McCloud,placed on IR with rib injury
2023-12-09,Bills,• Dawson Knox,,activated from IR
2023-12-09,Browns,• Cameron Mitchell,,activated from IR
2023-12-09,Chargers,,• Zack Bailey,placed on IR with back injury
2023-12-09,Chiefs,,• Bryan Cook (b),placed on IR with ankle injury
2023-12-09,Dolphins,,• Alexander Johnson / A.J. Johnson,placed on practice squad IR with undisclosed injury
2023-12-09,Dolphins,,• Jerome Baker,placed on IR with knee injury
2023-12-09,Jets,,• Wes Schweitzer,placed on IR with calf injury
2023-12-09,Raiders,• Kana'i Mauga,,activated from IR
2023-12-09,Saints,,• Nick Saldiveri,placed on IR with shoulder injury
2023-12-11,Giants,• Tyrod Taylor,,activated from IR
2023-12-12,Browns,,• Dawand Jones,placed on IR with surgery on knee (out for season)
2023-12-12,Browns,,• Maurice Hurst Jr. / Maurice Hurst II (Roy),placed on IR with torn pectoral muscle
2023-12-12,Chargers,• Joshua Palmer / Josh Palmer,,activated from IR
2023-12-12,Chiefs,,• Gerrit Prince,placed on practice squad IR with undisclosed injury
2023-12-12,Raiders,,• Kana'i Mauga,placed on IR with knee injury
2023-12-12,Rams,,• Alex Ward,placed on IR with stinger in neck
2023-12-12,Rams,,• Hunter Long,placed on IR with MCL injury in knee (surgery) (out for season)
2023-12-12,Ravens,• Damarion Williams,,activated from IR
2023-12-12,Chargers,,• Justin Herbert,placed on IR recovering from surgery to repair fractured right index finger (out for season)
2023-12-13,Bears,,• Yannick Ngakoue,placed on IR with fractured ankle
2023-12-13,Bills,• Justin Shorter,,activated from IR
2023-12-13,Browns,,• Grant Delpit,placed on IR with groin injury
2023-12-13,Dolphins,,• Connor Williams,placed on IR with torn ACL in left knee (out for season)
2023-12-13,Ravens,,• Devin Duvernay,placed on IR with back injury
2023-12-13,Titans,,• Kristian Fulton,placed on IR with hamstring injury
2023-12-13,Titans,,• Kyle Peko,placed on IR with calf injury
2023-12-14,Commanders,,• Jamin Davis,placed on IR with surgery on shoulder
2023-12-15,Commanders,,• Curtis Hodges,placed on IR with back injury
2023-12-15,Panthers,,• Hayden Hurst,placed on IR with concussion
2023-12-15,Panthers,,• Justin McCray,placed on IR with calf injury
2023-12-16,Cardinals,• Elijah Wilkinson,,activated from IR
2023-12-16,Falcons,,• Kentavius Street,placed on IR with pectoral injury
2023-12-16,Falcons,• LaCale London,,activated from IR
2023-12-16,Giants,• Darren Waller,,activated from IR
2023-12-16,Jaguars,• Jamal Agnew,,activated from IR
2023-12-16,Jets,,• Zaire Barnes,placed on IR with hamstring injury
2023-12-16,Packers,• Eric Stokes (Jamane),,activated from IR
2023-12-16,Texans,,• Tavierre Thomas,placed on IR with hamstring injury
2023-12-16,Texans,• Ka'imi Fairbairn,,activated from IR
2023-12-18,Bengals,,• D.J. Ivey,placed on IR with knee injury
2023-12-18,Bengals,,• D.J. Reader,placed on IR with quadriceps injury
2023-12-18,Chargers,,• Will Clapp,placed on IR with knee injury
2023-12-18,Chiefs,,• Skyy Moore,placed on IR with knee injury
2023-12-18,Patriots,,• Cole Strange,placed on IR with knee injury
2023-12-19,Dolphins,• Christopher Brooks / Chris Brooks (b),,activated from IR
2023-12-19,Jets,,• Quinton Jefferson,placed on IR with hip injury
2023-12-19,Lions,• Hendon Hooker,,activated from reserve/non-football injury list
2023-12-19,Patriots,,• J.C. Jackson,placed on reserve/non-football illness list
2023-12-19,Ravens,,• Keaton Mitchell,placed on IR with torn ACL in knee (out for season)
2023-12-20,49ers,,• Kalia Davis,placed on IR with high ankle sprain
2023-12-20,Cardinals,,• Geoff Swaim,placed on IR with calf injury
2023-12-20,Cardinals,,• Josh Woods,placed on IR with undisclosed injury
2023-12-20,Titans,,• Nick Westbrook-Ikhine / Nick Westbrook,placed on IR with undisclosed
2023-12-20,Jets,• Aaron Rodgers,,activated from IR
2023-12-21,Bills,,• Jordan Phillips,placed on IR recovering from surgery on wrist
2023-12-21,Giants,,• Randy Bullock,placed on IR with hamstring injury
2023-12-21,Rams,• Ronnie Rivers,,activated from IR
2023-12-22,Steelers,• Elijah Riley,,activated from IR
2023-12-22,Titans,,• Amani Hooker,placed on IR with knee injury
2023-12-23,Falcons,,• (Alton) Keith Smith,placed on IR with ankle injury
2023-12-23,Patriots,,• Conor McDermott,placed on IR with concussion
2023-12-23,Titans,,• Jack Gibbens,placed on IR with back injury
2023-12-23,Titans,,• Jeffery Simmons,placed on IR with knee injury
2023-12-23,Titans,,• Luke Gifford,placed on IR with hamstring injury
2023-12-23,Vikings,• Jordan Hicks (b. 1992-06-27),,activated from IR
2023-12-24,Chiefs,,• Jerick McKinnon,placed on IR with groin injury
2023-12-24,Giants,,• Evan Neal,placed on IR with ankle injury
2023-12-26,Browns,,• Dorian Thompson-Robinson,placed on IR with hip injury
2023-12-26,Colts,,• Julian Blackmon,placed on IR with shoulder injury
2023-12-26,Jaguars,,• Daniel Thomas,placed on IR with fractured left forearm
2023-12-26,Texans,,• Jimmie Ward,placed on IR with quadriceps injury
2023-12-27,Cowboys,• Matt Waletzko,,activated from IR
2023-12-27,Jets,,• Duane Brown,placed on IR with back injury
2023-12-27,Panthers,,• Amare Barno,placed on IR with knee injury
2023-12-27,Patriots,,• Rhamondre Stevenson,placed on IR with ankle injury
2023-12-27,Raiders,,• Jesper Horsted,placed on IR with hamstring injury
2023-12-27,Vikings,,• D.J. Wonnum,placed on IR with quadriceps injury
2023-12-27,Vikings,,• T.J. Hockenson,"placed on IR with torn ACL, MCL in knee"
2023-12-28,Bills,• Kameron Cline,,activated from IR
2023-12-28,Commanders,,• Chris Rodriguez Jr.,placed on IR with ankle injury
2023-12-28,Commanders,,• Christopher Rodriguez Jr.,placed on IR
2023-12-28,Commanders,• De'Jon Harris,,activated from IR
2023-12-28,Eagles,,• Devon Allen,placed on practice squad IR with undisclosed injury
2023-12-28,Lions,• Jason Cabinda,,activated from IR
2023-12-29,Bengals,• Cam Taylor-Britt,,activated from IR
2023-12-29,Cardinals,,• Jonathan Ledbetter,placed on IR with knee injury
2023-12-29,Cardinals,,• Marquise Brown,placed on IR with heel injury
2023-12-30,Bills,• DaQuan Jones,,activated from IR
2023-12-30,Broncos,,• Dwayne Washington,placed on reserve/non-football injury list with illness
2023-12-30,Cardinals,• Bobby Price,,activated from IR
2023-12-30,Chiefs,• Mecole Hardman,,activated from IR
2023-12-30,Commanders,,• Percy Butler,placed on IR with wrist injury
2023-12-30,Commanders,,• Tyler Larsen,placed on IR with knee injury
2023-12-30,Eagles,,• Albert Okwuegbunam,placed on IR with hamstring injury
2023-12-30,Eagles,• Avonte Maddox,,activated from IR
2023-12-30,Giants,,• Lawrence Cager,placed on IR with groin injury
2023-12-30,Jaguars,• Cam Robinson,,activated from IR
2023-12-30,Packers,,• Eric Stokes (Jamane),placed on IR with hamstring injury
2023-12-30,Patriots,,• JuJu Smith-Schuster,placed on IR with ankle injury
2023-12-30,Ravens,,• Jalyn Armour-Davis,placed on IR with concussion
2023-12-30,Saints,,• Ryan Ramczyk,placed on IR with knee injury
2023-12-30,Seahawks,,• D'Wayne Eskridge / Dee Eskridge,placed on IR with rib injury
2023-12-30,Seahawks,,• Jamal Adams,placed on IR with knee injury
2023-12-30,Titans,,• Josh Whyle,placed on IR with knee injury
2023-12-30,Vikings,,• Troy Dye,placed on IR with wrist injury
2023-12-30,Washington,,• Charles Leno Jr.,placed on IR with calf injury
2024-01-01,Packers,,• Samori Toure,placed on IR with knee injury
2024-01-02,Giants,,• Tyre Phillips,placed on IR with torn right quadriceps
2024-01-02,Jaguars,,• Henry Mondeaux,placed on practice squad IR with undisclosed injury
2024-01-02,Panthers,,• Jonathan Mingo,placed on IR with foot injury
2024-01-02,Raiders,,• Cole Fotheringham,placed on practice squad IR with undisclosed injury
2024-01-02,Rams,,• Shaun Jolly,placed on IR with undisclosed injury
2024-01-03,Cowboys,,• Deuce Vaughn,placed on IR with ankle injury
2024-01-03,Cowboys,• Viliami Fehoko Jr.,,activated from IR
2024-01-04,Broncos,,• Delarrin Turner-Yell,placed on IR with torn ACL in knee
2024-01-05,Browns,,• Anthony Walker Jr.,placed on IR with knee injury
2024-01-05,Buccaneers,• Rakim Jarrett,,activated from IR
2024-01-05,Cardinals,,• D.J. Humphries,placed on IR with torn ACL in knee
2024-01-05,Cardinals,,• Dante Stills,placed on IR with knee injury
2024-01-05,Commanders,,• Christian Holmes,placed on IR with concussion
2024-01-05,Commanders,,• Kendall Fuller,placed on IR with knee injury
2024-01-05,Commanders,,• Tariq Castro-Fields,placed on IR with shoulder injury
2024-01-05,Ravens,,• Daryl Worley,placed on IR with shoulder injury
2024-01-05,Saints,,• Nephi Sewell,placed on IR with surgery on knee to repair torn ACL (out for season)
2024-01-06,49ers,,• Ross Dwelley,placed on IR with ankle injury
2024-01-06,49ers,• Ray-Ray McCloud,,activated from IR
2024-01-06,Bears,,• Lucas Patrick,placed on IR with calf injury
2024-01-06,Broncos,,• Mike McGlinchey,placed on IR with rib injury
2024-01-06,Broncos,• Alex Palczewski,,activated from IR
2024-01-06,Cardinals,• Leki Fotu,,activated from IR
2024-01-06,Chargers,,• Justin Hollins,placed on IR with shoulder injury
2024-01-06,Dolphins,,• Bradley Chubb,placed on IR with torn ACL in knee
2024-01-06,Dolphins,• Jerome Baker,,activated from IR
2024-01-06,Giants,,• Jason Pinnock,placed on IR with toe injury
2024-01-06,Jaguars,,• Jamal Agnew,placed on IR with fractured lower leg
2024-01-06,Jaguars,• Christian Kirk (Davon),,activated from IR
2024-01-06,Jets,,• Jake Hanson,placed on IR with concussion
2024-01-06,Jets,,• Jeremy Ruckert,placed on IR with concussion
2024-01-06,Jets,,• Zach Wilson (Kapono),placed on IR with concussion
2024-01-06,Lions,• Alim McNeill,,activated from IR
2024-01-06,Lions,• Chauncey Gardner-Johnson / C.J. Gardner-Johnson,,activated from IR
2024-01-06,Packers,,• Johnathan Ford / Rudy Ford,placed on IR with hamstring injury
2024-01-06,Packers,• Emanuel Wilson,,activated from IR
2024-01-06,Packers,• Luke Musgrave,,activated from IR
2024-01-06,Patriots,,• Hunter Henry,placed on IR with knee injury
2024-01-06,Raiders,,• Michael Mayer,placed on IR with toe injury
2024-01-06,Saints,• Payton Turner,,activated from IR
2024-01-06,Titans,,• Colton Dowell,placed on IR with torn ACL in knee
2024-01-06,Vikings,,• Jalen Nailor,placed on IR with concussion
2024-01-08,Bears,• Lucas Patrick,,activated from IR
2024-01-08,Bears,• Yannick Ngakoue,,activated from IR
2024-01-08,Bengals,• D.J. Ivey,,activated from IR
2024-01-08,Bengals,• D.J. Reader,,activated from IR
2024-01-08,Bengals,• Devin Cochran,,activated from IR
2024-01-08,Bengals,• Devonnsha Maxwell,,activated from IR
2024-01-08,Bengals,• Joe Burrow,,activated from IR
2024-01-08,Bengals,• Tycen Anderson,,activated from IR
2024-01-08,Broncos,• Caden Sterns,,activated from IR
2024-01-08,Broncos,• Delarrin Turner-Yell,,activated from IR
2024-01-08,Broncos,• Dwayne Washington,,activated from reserve/non-football injury list
2024-01-08,Broncos,• Greg Dulcich,,activated from IR
2024-01-08,Broncos,• Jalen Virgil,,activated from IR
2024-01-08,Broncos,• Jonas Griffith,,activated from IR
2024-01-08,Broncos,• K'Waun Williams,,activated from IR
2024-01-08,Broncos,• Mike McGlinchey,,activated from IR
2024-01-08,Broncos,• Tim Patrick,,activated from IR
2024-01-08,Cardinals,• Carlos Watkins,,activated from IR
2024-01-08,Cardinals,• D.J. Humphries,,activated from IR
2024-01-08,Cardinals,• Dante Stills,,activated from IR
2024-01-08,Cardinals,• Geoff Swaim,,activated from IR
2024-01-08,Cardinals,• Jon Gaines II,,activated from IR
2024-01-08,Cardinals,• Jonathan Ledbetter,,activated from IR
2024-01-08,Cardinals,• Josh Woods,,activated from IR
2024-01-08,Cardinals,• Kyzir White,,activated from IR
2024-01-08,Cardinals,• L.J. Collier,,activated from IR
2024-01-08,Cardinals,• Marlon Mack,,activated from IR
2024-01-08,Cardinals,• Marquise Brown,,activated from IR
2024-01-08,Cardinals,• Matt Hembrough,,activated from IR
2024-01-08,Cardinals,• Pat Elflein,,activated from IR
2024-01-08,Cardinals,• Rashad Fenton,,activated from IR
2024-01-08,Chargers,• Chris Rumph II,,activated from IR
2024-01-08,Chargers,• Corey Linsley,,activated from reserve/non-football injury list
2024-01-08,Chargers,• Joey Bosa,,activated from IR
2024-01-08,Chargers,• Justin Herbert,,activated from IR
2024-01-08,Chargers,• Justin Hollins,,activated from IR
2024-01-08,Chargers,• Mike Williams (K.),,activated from IR
2024-01-08,Chargers,• Raheem Layne,,activated from IR
2024-01-08,Chargers,• Tanner Muse,,activated from IR
2024-01-08,Chargers,• Will Clapp,,activated from IR
2024-01-08,Chargers,• Zack Bailey,,activated from IR
2024-01-08,Colts,• Anthony Richardson,,activated from IR
2024-01-08,Colts,• Ashton Dulin,,activated from IR
2024-01-08,Colts,• Dallis Flowers,,activated from IR
2024-01-08,Colts,• Daniel Scott,,activated from IR
2024-01-08,Colts,• Danny Pinter,,activated from IR
2024-01-08,Colts,• Evan Hull,,activated from IR
2024-01-08,Colts,• Genard Avery,,activated from IR
2024-01-08,Colts,• Jake Witt,,activated from IR
2024-01-08,Colts,• Jelani Woods,,activated from IR
2024-01-08,Colts,• Julian Blackmon,,activated from IR
2024-01-08,Colts,• Malik Turner,,activated from IR
2024-01-08,Colts,• Michael Tutsie,,activated from IR
2024-01-08,Colts,• Titus Leo,,activated from IR
2024-01-08,Commanders,• Armani Rogers,,activated from IR
2024-01-08,Commanders,• Braeden Daniels,,activated from IR
2024-01-08,Commanders,• Brandon Dillon,,activated from IR
2024-01-08,Commanders,• Chris Rodriguez Jr.,,activated from IR
2024-01-08,Commanders,• Christian Holmes,,activated from IR
2024-01-08,Commanders,• Curtis Brooks,,activated from IR
2024-01-08,Commanders,• Darrick Forrest,,activated from IR
2024-01-08,Commanders,• David Bada,,activated from IR
2024-01-08,Commanders,• Dax Milne,,activated from IR
2024-01-08,Commanders,• Efe Obada,,activated from IR
2024-01-08,Commanders,• Jamin Davis,,activated from IR
2024-01-08,Commanders,• Jeremy Reaves,,activated from IR
2024-01-08,Commanders,• Kendall Fuller,,activated from IR
2024-01-08,Commanders,• Percy Butler,,activated from IR
2024-01-08,Commanders,• Ricky Stromberg,,activated from IR
2024-01-08,Commanders,• Tariq Castro-Fields,,activated from IR
2024-01-08,Commanders,• Tyler Larsen,,activated from IR
2024-01-08,Falcons,• (Alton) Keith Smith,,activated from IR
2024-01-08,Falcons,• Adetokunbo Ogundeji / Ade Ogundeji,,activated from IR
2024-01-08,Falcons,• Avery Williams (b),,activated from IR
2024-01-08,Falcons,• Ethan Greenidge,,activated from IR
2024-01-08,Falcons,• Feleipe Franks,,activated from IR
2024-01-08,Falcons,• Grady Jarrett,,activated from IR
2024-01-08,Falcons,• Ikenna Enechukwu,,activated from IR
2024-01-08,Falcons,• Josh Ali,,activated from IR
2024-01-08,Falcons,• Kentavius Street,,activated from IR
2024-01-08,Falcons,• Matt Hennessy,,activated from IR
2024-01-08,Falcons,• Troy Andersen,,activated from IR
2024-01-08,Giants,• Aaron Robinson,,activated from reserve/physically unable to perform list
2024-01-08,Giants,• Bryce Ford-Wheaton,,activated from IR
2024-01-08,Giants,• Daniel Jones,,activated from IR
2024-01-08,Giants,• Devery Hamilton,,activated from IR
2024-01-08,Giants,• Evan Neal,,activated from IR
2024-01-08,Giants,• Gary Brightwell,,activated from IR
2024-01-08,Giants,• Graham Gano,,activated from IR
2024-01-08,Giants,• J.C. Hassenauer,,activated from IR
2024-01-08,Giants,• Jarrad Davis,,activated from IR
2024-01-08,Giants,• Jason Pinnock,,activated from IR
2024-01-08,Giants,• Joshua Ezeudu,,activated from IR
2024-01-08,Giants,• Lawrence Cager,,activated from IR
2024-01-08,Giants,• Matt Peart,,activated from IR
2024-01-08,Giants,• Randy Bullock,,activated from IR
2024-01-08,Giants,• Shane Lemieux,,activated from IR
2024-01-08,Giants,• Tyre Phillips,,activated from IR
2024-01-08,Jaguars,• Christian Braswell,,activated from IR
2024-01-08,Jaguars,• Cooper Hodges,,activated from IR
2024-01-08,Jaguars,• Daniel Thomas,,activated from IR
2024-01-08,Jaguars,• Jamal Agnew,,activated from IR
2024-01-08,Jets,• Al Woods (Joseph),,activated from IR
2024-01-08,Jets,• Alijah Vera-Tucker,,activated from IR
2024-01-08,Jets,• Bradlee Anae,,activated from IR
2024-01-08,Jets,• C.J. Uzomah,,activated from IR
2024-01-08,Jets,• Chuck Clark,,activated from IR
2024-01-08,Jets,• Connor McGovern (b. 1993-04-27),,activated from IR
2024-01-08,Jets,• Duane Brown,,activated from IR
2024-01-08,Jets,• Ifeadi Odenigbo,,activated from IR
2024-01-08,Jets,• Jake Hanson,,activated from IR
2024-01-08,Jets,• Jeremy Ruckert,,activated from IR
2024-01-08,Jets,• Maalik Hall,,activated from IR
2024-01-08,Jets,• Quinton Jefferson,,activated from IR
2024-01-08,Jets,• Wes Schweitzer,,activated from IR
2024-01-08,Jets,• Zach Wilson (Kapono),,activated from IR
2024-01-08,Jets,• Zaire Barnes,,activated from IR
2024-01-08,Panthers,• Amare Barno,,activated from IR
2024-01-08,Panthers,• Austin Corbett,,activated from IR
2024-01-08,Panthers,• Brady Christensen,,activated from IR
2024-01-08,Panthers,• Chandler Wooten,,activated from IR
2024-01-08,Panthers,• Chandler Zavala,,activated from IR
2024-01-08,Panthers,• Claudin Cherelus,,activated from IR
2024-01-08,Panthers,• Dicaprio Bootle,,activated from IR
2024-01-08,Panthers,• Giovanni Ricci,,activated from IR
2024-01-08,Panthers,• Hayden Hurst,,activated from IR
2024-01-08,Panthers,• Henry Anderson (Wyatt),,activated from IR
2024-01-08,Panthers,• Jonathan Mingo,,activated from IR
2024-01-08,Panthers,• Justin McCray,,activated from IR
2024-01-08,Panthers,• Laviska Shenault Jr.,,activated from IR
2024-01-08,Panthers,• Luiji Vilain,,activated from IR
2024-01-08,Panthers,• Shaq Thompson,,activated from IR
2024-01-08,Patriots,• Calvin Anderson,,activated from IR
2024-01-08,Patriots,• Christian Gonzalez,,activated from IR
2024-01-08,Patriots,• Cole Strange,,activated from IR
2024-01-08,Patriots,• Conor McDermott,,activated from IR
2024-01-08,Patriots,• Daniel Ekuale,,activated from IR
2024-01-08,Patriots,• Hunter Henry,,activated from IR
2024-01-08,Patriots,• Isaiah Bolden,,activated from IR
2024-01-08,Patriots,• J.C. Jackson,,activated from reservelnon-football injury list
2024-01-08,Patriots,• JuJu Smith-Schuster,,activated from IR
2024-01-08,Patriots,• Kendrick Bourne,,activated from IR
2024-01-08,Patriots,• Marcus Jones Jr.,,activated from IR
2024-01-08,Patriots,• Matthew Judon / Matt Judon,,activated from IR
2024-01-08,Patriots,• Raekwon McMillan,,activated from IR
2024-01-08,Patriots,• Rhamondre Stevenson,,activated from IR
2024-01-08,Patriots,• Riley Reiff,,activated from IR
2024-01-08,Patriots,• Tyrone Wheatley Jr.,,activated from IR
2024-01-08,Raiders,• Austin Walter,,activated from IR
2024-01-08,Raiders,• Brittain Brown,,activated from IR
2024-01-08,Raiders,• Dalton Wagner,,activated from IR
2024-01-08,Raiders,• Darien Butler,,activated from IR
2024-01-08,Raiders,• Jesper Horsted,,activated from IR
2024-01-08,Raiders,• Kana'i Mauga,,activated from IR
2024-01-08,Raiders,• Michael Mayer,,activated from IR
2024-01-08,Saints,• Andrew Dowell,,activated from IR
2024-01-08,Saints,• Eno Benjamin,,activated from IR
2024-01-08,Saints,• Malcolm Roach,,activated from IR
2024-01-08,Saints,• Marcus Maye,,activated from IR
2024-01-08,Saints,• Marshon Lattimore,,activated from IR
2024-01-08,Saints,• Michael Thomas (William),,activated from IR
2024-01-08,Saints,• Nephi Sewell,,activated from IR
2024-01-08,Saints,• Nick Saldiveri,,activated from IR
2024-01-08,Saints,• Ryan Ramczyk,,activated from IR
2024-01-08,Saints,• Trai Turner,,activated from IR
2024-01-08,Seahawks,• Bryan Mone,,activated from reserve/physically unable to perform list
2024-01-08,Seahawks,• D'Wayne Eskridge / Dee Eskridge,,activated from IR
2024-01-08,Seahawks,• Drake Thomas,,activated from IR
2024-01-08,Seahawks,• Jamal Adams,,activated from IR
2024-01-08,Seahawks,• Jerrick Reed II,,activated from IR
2024-01-08,Seahawks,• Joshua Onujiogu / Josh Onujiogu,,activated from IR
2024-01-08,Seahawks,• Mike Morris (Jr.),,activated from IR
2024-01-08,Seahawks,• Phil Haynes,,activated from IR
2024-01-08,Seahawks,• Uchenna Nwosu,,activated from IR
2024-01-08,Titans,• Amani Hooker,,activated from IR
2024-01-08,Titans,• Caleb Farley,,activated from IR
2024-01-08,Titans,• Chance Campbell,,activated from IR
2024-01-08,Titans,• Chris Hubbard,,activated from IR
2024-01-08,Titans,• Colton Dowell,,activated from IR
2024-01-08,Titans,• Hassan Haskins,,activated from IR
2024-01-08,Titans,• Jack Gibbens,,activated from IR
2024-01-08,Titans,• Jeffery Simmons,,activated from IR
2024-01-08,Titans,• Joe Jones (Edwin),,activated from IR
2024-01-08,Titans,• Josh Whyle,,activated from IR
2024-01-08,Titans,• Julius Chestnut,,activated from IR
2024-01-08,Titans,• Kearis Jackson,,activated from IR
2024-01-08,Titans,• Kristian Fulton,,activated from IR
2024-01-08,Titans,• Kyle Peko,,activated from IR
2024-01-08,Titans,• Luke Gifford,,activated from IR
2024-01-08,Titans,• Nicholas Petit-Frere,,activated from IR
2024-01-08,Titans,• Nick Westbrook-Ikhine / Nick Westbrook,,activated from IR
2024-01-08,Titans,• Ryan Stonehouse,,activated from IR
2024-01-08,Titans,• Shakel Brown,,activated from IR
2024-01-08,Vikings,• Cam Akers,,activated from IR
2024-01-08,Vikings,• D.J. Wonnum,,activated from IR
2024-01-08,Vikings,• Dean Lowry,,activated from IR
2024-01-08,Vikings,• Jalen Nailor,,activated from IR
2024-01-08,Vikings,• James Lynch,,activated from IR
2024-01-08,Vikings,• Kirk Cousins,,activated from IR
2024-01-08,Vikings,• Malik Knowles,,activated from reserve/non-football injury list
2024-01-08,Vikings,• Marcus Davenport,,activated from IR
2024-01-08,Vikings,• Olisaemeka Udoh / Oli Udoh,,activated from IR
2024-01-08,Vikings,• T.J. Hockenson,,activated from IR
2024-01-08,Vikings,• Troy Dye,,activated from IR
2024-01-08,Washington,• Charles Leno Jr.,,activated from IR
2024-01-08,Commanders,• Curtis Hodges,,activated from IR
2024-01-09,Dolphins,,• Andrew Van Ginkel,placed on IR with foot injury (out for season)
2024-01-09,Dolphins,,• Cameron Goode,placed on IR with patellar injury (out for season)
2024-01-09,Dolphins,,• Jerome Baker,placed on IR recovering from surgery on wrist (out for season)
2024-01-10,Rams,• Duke Shelley,,activated from IR
2024-01-10,Steelers,,• Trenton Thompson (b. 1997-12-18),placed on IR with neck injury
2024-01-13,Lions,,• James Mitchell,placed on IR with surgery on hand (out for season)
2024-01-13,Lions,,• Jerry Jacobs (b. 1997-09-26),placed on IR with hamstring injury
2024-01-14,Browns,• Anthony Walker Jr.,,activated from IR
2024-01-14,Browns,• Dawand Jones,,activated from IR
2024-01-14,Browns,• Dawson Deaton,,activated from IR
2024-01-14,Browns,• Deshaun Watson,,activated from IR
2024-01-14,Browns,• Dorian Thompson-Robinson,,activated from IR
2024-01-14,Browns,• Drew Forbes,,activated from reserve/non-football injury list
2024-01-14,Browns,• Grant Delpit,,activated from IR
2024-01-14,Browns,• Jack Conklin,,activated from IR
2024-01-14,Browns,• Jacob Phillips,,activated from IR
2024-01-14,Browns,• Jakeem Grant,,activated from IR
2024-01-14,Browns,• Jedrick Wills Jr.,,activated from IR
2024-01-14,Browns,• Maurice Hurst Jr. / Maurice Hurst II (Roy),,activated from IR
2024-01-14,Browns,• Nick Chubb,,activated from IR
2024-01-14,Browns,• Rodney McLeod Jr.,,activated from IR
2024-01-14,Dolphins,• Andrew Van Ginkel,,activated from IR
2024-01-14,Dolphins,• Bradley Chubb,,activated from IR
2024-01-14,Dolphins,• Cameron Goode,,activated from IR
2024-01-14,Dolphins,• Connor Williams,,activated from IR
2024-01-14,Dolphins,• Erik Ezukanma,,activated from reserve/non-football injury list
2024-01-14,Dolphins,• Ezekiel Vandenburgh / Zeke Vandenburgh,,activated from IR
2024-01-14,Dolphins,• Isaiah Wynn,,activated from IR
2024-01-14,Dolphins,• Jaelan Phillips,,activated from IR
2024-01-14,Dolphins,• Jerome Baker,,activated from IR
2024-01-14,Dolphins,• Keion Crossen,,activated from IR
2024-01-14,Dolphins,• Salvon Ahmed,,activated from IR
2024-01-15,Cowboys,• C.J. Goodwin,,activated from IR
2024-01-15,Cowboys,• David Durden,,activated from IR
2024-01-15,Cowboys,• DeMarvion Overshown,,activated from IR
2024-01-15,Cowboys,• Deuce Vaughn,,activated from IR
2024-01-15,Cowboys,• John Stephens Jr.,,activated from IR
2024-01-15,Cowboys,• Josh Ball,,activated from IR
2024-01-15,Cowboys,• Leighton Vander Esch,,activated from IR
2024-01-15,Cowboys,• Sean McKeon,,activated from IR
2024-01-15,Cowboys,• Trevon Diggs,,activated from IR
2024-01-15,Rams,• Alex Ward,,activated from IR
2024-01-15,Rams,• Hunter Long,,activated from IR
2024-01-15,Rams,• Shaun Jolly,,activated from IR
2024-01-15,Ravens,,• Damarion Williams,placed on IR with undisclosed injury
2024-01-15,Texans,,• Noah Brown,placed on IR with shoulder injury
2024-01-16,Eagles,• Albert Okwuegbunam,,activated from IR
2024-01-16,Eagles,• Justin Evans (b. 1995-08-26),,activated from IR
2024-01-16,Eagles,• Nakobe Dean,,activated from IR
2024-01-16,Eagles,• Roderick Johnson,,activated from IR
2024-01-16,Eagles,• Shaun Bradley,,activated from IR
2024-01-16,Steelers,• Chapelle Russell,,activated from IR
2024-01-16,Steelers,• Cole Holcomb,,activated from IR
2024-01-16,Steelers,• Cory Trice Jr.,,activated from IR
2024-01-16,Steelers,• Ja'Marcus Bradley,,activated from IR
2024-01-16,Steelers,• Keanu Neal,,activated from IR
2024-01-16,Steelers,• Kwon Alexander,,activated from IR
2024-01-16,Steelers,• Renell Wren,,activated from IR
2024-01-16,Steelers,• Trenton Thompson (b. 1997-12-18),,activated from IR
2024-01-17,Chiefs,,• Cam Jones,placed on IR with chest injury
2024-01-18,Lions,• James Houston,,activated from IR
2024-01-19,Ravens,• Ar'Darius Washington,,activated from IR
2024-01-19,Ravens,• Devin Duvernay,,activated from IR
2024-01-20,49ers,,• Clelin Ferrell,placed on IR with knee injury
2024-01-20,49ers,• George Odum,,activated from IR
2024-01-21,Packers,• David Bakhtiari,,activated from IR
2024-01-21,Packers,• Eric Stokes (Jamane),,activated from IR
2024-01-21,Packers,• Johnathan Ford / Rudy Ford,,activated from IR
2024-01-21,Packers,• Luke Tenuta,,activated from IR
2024-01-21,Packers,• Samori Toure,,activated from IR
2024-01-21,Packers,• Tyler Davis,,activated from IR
2024-01-21,Texans,• D.J. Scaife Jr.,,activated from IR
2024-01-21,Texans,• Dylan Horton,,activated from reserve/non-football injury list
2024-01-21,Texans,• Eric Murray,,activated from IR
2024-01-21,Texans,• Grayland Arnold,,activated from IR
2024-01-21,Texans,• Greg Little,,activated from IR
2024-01-21,Texans,• Hassan Ridgeway,,activated from IR
2024-01-21,Texans,• Jarrett Patterson,,activated from IR
2024-01-21,Texans,• Jesse Matthews,,activated from IR
2024-01-21,Texans,• Jimmie Ward,,activated from IR
2024-01-21,Texans,• Kendrick Green,,activated from IR
2024-01-21,Texans,• Kenyon Green,,activated from IR
2024-01-21,Texans,• Kilian Zierer,,activated from IR
2024-01-21,Texans,• M.J. Stewart,,activated from IR
2024-01-21,Texans,• Nathaniel Dell / Tank Dell,,activated from IR
2024-01-21,Texans,• Noah Brown,,activated from IR
2024-01-21,Texans,• Scott Quessenberry,,activated from IR
2024-01-21,Texans,• Tavierre Thomas,,activated from IR
2024-01-21,Texans,• Teagan Quitoriano,,activated from IR
2024-01-21,Texans,• Troy Hairston,,activated from IR
2024-01-21,Texans,• Tytus Howard,,activated from IR
2024-01-22,Bills,• Damien Harris,,activated from IR
2024-01-22,Bills,• Jordan Phillips,,activated from IR
2024-01-22,Bills,• Matt Milano,,activated from IR
2024-01-22,Bills,• Nyheim Hines,,activated from reserve/non-football injury list
2024-01-22,Bills,• Tommy Doyle,,activated from IR
2024-01-22,Bills,• Tre'Davious White,,activated from IR
2024-01-22,Buccaneers,• Mike Greene (b. 1999-05-03),,activated from IR
2024-01-22,Buccaneers,• Russell Gage,,activated from IR
2024-01-22,Buccaneers,• Ryan Jensen,,activated from IR
2024-01-24,Lions,,• Brock Wright,placed on IR with forearm injury
2024-01-26,Ravens,• Mark Andrews,,activated from IR
2024-01-27,Chiefs,,• Derrick Nnadi,placed on IR with triceps injury
2024-01-29,Lions,• Brock Wright,,activated from IR
2024-01-29,Lions,• Emmanuel Moseley,,activated from IR
2024-01-29,Lions,• Halapoulivaati Vaitai,,activated from IR
2024-01-29,Lions,• James Mitchell,,activated from IR
2024-01-29,Lions,• Jerry Jacobs (b. 1997-09-26),,activated from IR
2024-01-29,Lions,• Matt Nelson,,activated from IR
2024-01-29,Lions,• Nate Sudfeld,,activated from IR
2024-01-29,Lions,• Scott Daly,,activated from IR
2024-01-29,Lions,• Shane Zylstra,,activated from IR
2024-01-29,Lions,• Zonovan Knight / Bam Knight,,activated from IR
2024-01-29,Ravens,• Andrew Vorhees,,activated from reserve/non-football injury list
2024-01-29,Ravens,• Damarion Williams,,activated from IR
2024-01-29,Ravens,• Daryl Worley,,activated from IR
2024-01-29,Ravens,• David Ojabo,,activated from IR
2024-01-29,Ravens,• J.K. Dobbins,,activated from IR
2024-01-29,Ravens,• Jalyn Armour-Davis,,activated from IR
2024-01-29,Ravens,• Keaton Mitchell,,activated from IR
2024-01-29,Ravens,• Malik Hamm,,activated from IR
2024-01-29,Ravens,• Nick Moore (Robert),,activated from reserve/non-football injury list
2024-01-29,Ravens,• Trayvon Mullen,,activated from reserve/non-football injury list
2024-01-29,Ravens,• Tyus Bowser,,activated from reserve/non-football injury list
2024-02-07,Chiefs,,• Charles Omenihu,placed on IR with torn ACL in knee
2024-02-07,Chiefs,• Skyy Moore,,activated from IR
2024-02-10,Chiefs,,• Joe Thuney,placed on IR with pectoral injury
2024-02-10,Chiefs,• Jerick McKinnon,,activated from IR
2024-02-12,49ers,• Cameron Latu,,activated from IR
2024-02-12,49ers,• Clelin Ferrell,,activated from IR
2024-02-12,49ers,• Danny Gray,,activated from IR
2024-02-12,49ers,• Drake Jackson,,activated from IR
2024-02-12,49ers,• Kalia Davis,,activated from IR
2024-02-12,49ers,• Nick Zakelj,,activated from IR
2024-02-12,49ers,• Ross Dwelley,,activated from IR
2024-02-12,49ers,• Taco Charlton,,activated from IR
2024-02-12,49ers,• Talanoa Hufanga,,activated from IR
2024-02-12,Chiefs,• Bryan Cook (b),,activated from IR
2024-02-12,Chiefs,• Cam Jones,,activated from IR
2024-02-12,Chiefs,• Charles Omenihu,,activated from IR
2024-02-12,Chiefs,• Derrick Nnadi,,activated from IR
2024-02-12,Chiefs,• Jody Fortson Jr. / Joe Fortson,,activated from IR
2024-02-12,Chiefs,• Joe Thuney,,activated from IR
2024-02-12,Chiefs,• Nazeeh Johnson,,activated from IR
2024-02-12,Chiefs,• Prince Tega Wanogho / Prince Wanogho,,activated from IR
2024-05-03,Eagles,,• Le'Raven Clark,placed on IR with undisclosed injury
2024-05-07,Packers,,• Thyrick Pitts,placed on IR
2024-05-13,Giants,,• Deon Jackson,placed on IR
2024-05-13,Panthers,,• Ilm Manning,placed on IR
2024-05-13,Panthers,,• Raequan Williams,placed on IR
2024-05-13,Panthers,,• Spencer Brown (b. 1998-11-13),placed on IR
2024-05-16,Jaguars,,• Wayne Ruby Jr.,placed on IR
2024-05-22,Steelers,,• Keilahn Harris,placed on IR
2024-05-23,Falcons,,• Tucker Fisk,placed on IR
2024-05-28,Steelers,• Keilahn Harris,,activated from IR
2024-05-29,Texans,,• Marcus Haynes,placed on IR
2024-05-30,Jets,,• Markese Stepp,placed on IR
2024-05-31,Giants,,• Gary Brightwell,placed on IR
2024-06-03,Buccaneers,,• Deven Thompkins,placed on IR
2024-06-04,Steelers,,• Luqman Barcoo / Luq Barcoo,placed on IR
2024-06-05,Bills,,• Tommy Doyle,placed on reserve/physically unable to perform list
2024-06-06,Colts,,• Daniel Scott,placed on IR with torn Achilles tendon
2024-06-06,Jaguars,,• David White Jr.,placed on IR
2024-06-11,Lions,,• Craig James (b. 1996-04-29),placed on IR
2024-06-12,Seahawks,,• Buddha Jones,placed on IR
2024-06-14,Jaguars,,• Chandler Brewer,placed on IR with undisclosed injury
2024-06-18,Giants,,• Chase Cota,placed on IR
2024-07-15,Ravens,,• Adisa Isaac,placed on non-football injury list with hamstring injury
2024-07-15,Ravens,,• Keaton Mitchell,placed on physically unable to perform list with knee injury
2024-07-15,Ravens,,• T.J. Tampa,placed on physically unable to perform list with undisclosed
2024-07-16,49ers,,• Ricky Pearsall,placed on non-football injury list with undisclosed
2024-07-16,Chiefs,,• B.J. Thompson,placed on non-football illness with undisclosed
2024-07-16,Dolphins,,• Mark Perry,placed on physically unable to perform list with undisclosed
2024-07-16,Dolphins,,• Tahj Washington,placed on physically unable to perform list with undisclosed
2024-07-16,Giants,,• Theo Johnson,placed on physically unable to perform list with hip injury
2024-07-16,Saints,,• Bub Means,placed on non-football injury list with undisclosed
2024-07-17,Bears,,• Jamree Kromah,placed on active/physically unable to perform list
2024-07-17,Bears,,• Kiran Amegadjie,placed on non-football injury list with quadriceps injury
2024-07-17,Broncos,,• Blake Watson,placed on non-football injury list with undisclosed
2024-07-17,Chargers,,• Junior Colson,placed on non-football illness list with undisclosed
2024-07-17,Chiefs,,• Charles Omenihu,placed on physically unable to perform list with knee injury
2024-07-17,Chiefs,,• Derrick Nnadi,placed on physically unable to perform list with triceps injury
2024-07-17,Chiefs,,• Jaylen Watson,placed on physically unable to perform list with undisclosed
2024-07-17,Chiefs,,• Joe Thuney,placed on physically unable to perform list with pectoral injury
2024-07-17,Packers,,• Alex McGough,placed on active/physically unable to perform list with undisclosed
2024-07-17,Packers,,• Donovan Jennings,placed on active/physically unable to perform list
2024-07-17,Packers,,• Kitan Oladapo,placed on non-football injury list
2024-07-17,Packers,,• Tucker Kraft,placed on physically unable to perform list with pectoral injury
2024-07-17,Packers,,• Zach Tom,placed on physically unable to perform list
2024-07-17,Texans,,• Andrew Beck,placed on physically unable to perform list with calf injury
2024-07-17,Texans,,• D'Angelo Ross,placed on physically unable to perform list
2024-07-17,Texans,,• Del'Shawn Phillips,placed on physically unable to perform list
2024-07-17,Texans,,• Dylan Horton,placed on non-football illness list
2024-07-18,Dolphins,,• Bradley Chubb,placed on physically unable to perform list recovering from torn ACL in knee
2024-07-18,Dolphins,,• Cameron Goode,placed on physically unable to perform list with undisclosed
2024-07-18,Dolphins,,• Isaiah Wynn,placed on physically unable to perform list with strained quadriceps
2024-07-18,Dolphins,,• Jaelan Phillips,placed on physically unable to perform list recovering from torn right Achilles tendon
2024-07-18,Dolphins,,• Salvon Ahmed,placed on non-football injury list with undisclosed
2024-07-18,Jets,,• Jordan Travis,placed on non-football injury list with ankle injury
2024-07-18,Jets,,• Leonard Taylor III,placed on physically unable to perform list with undisclosed
2024-07-18,Jets,,• Mike Williams (K.),placed on physically unable to perform list recovering from torn ACL in left knee
2024-07-18,Jets,,• Nick Bawden,placed on physically unable to perform list with undisclosed
2024-07-18,Jets,,• Tyler Harrell,placed on non-football injury list with undisclosed
2024-07-18,Saints,,• Chase Young,placed on active/physically unable to perform list recovering from surgery on neck
2024-07-18,Saints,,• Chris Olave,placed on non-football injury list with back injury
2024-07-18,Saints,,• Juwan Johnson,placed on physically unable to perform list with foot injury
2024-07-18,Saints,,• Nephi Sewell,placed on physically unable to perform list recovering from surgery on knee to repair torn ACL
2024-07-18,Saints,,• Ryan Ramczyk,placed on reserve/physically unable to perform list with knee injury (out for season)
2024-07-18,Saints,,• Ryan Ramczyk,placed on reserve/physically unable to perform list with knee injury
2024-07-18,Saints,,• Tanoh Kpassagnon,placed on physically unable to perform list recovering from torn Achilles tendon
2024-07-18,Saints,• Bub Means,,activated from non-football injury list
2024-07-18,Seahawks,,• Abraham Lucas,placed on physically unable to perform list recovering from surgery on knee
2024-07-18,Seahawks,,• Anthony Bradford,placed on active/non-football injury list with ankle injury
2024-07-18,Seahawks,,• Cameron Young (Colette),placed on physically unable to perform list with lower body injury
2024-07-18,Seahawks,,• D.J. James,placed on non-football injury list with undisclosed
2024-07-18,Seahawks,,• Dee Williams,placed on active/non-football injury list with undisclosed
2024-07-18,Seahawks,,• Drake Thomas,placed on active/physically unable to perform list with knee injury
2024-07-18,Seahawks,,• Easton Gibbs,placed on non-football injury list with undisclosed
2024-07-18,Seahawks,,• Jerome Baker,placed on physically unable to perform list recovering from surgery on wrist
2024-07-18,Seahawks,,• Jerrick Reed II,placed on physically unable to perform list recovering from torn ACL in knee
2024-07-18,Seahawks,,• Lance Boykin,placed on active/physically unable to perform list with undisclosed
2024-07-18,Seahawks,,• Nehemiah Pritchett,placed on non-football injury list with undisclosed
2024-07-18,Seahawks,,• Tyrel Dodson,placed on physically unable to perform list with undisclosed
2024-07-18,Texans,,• LaDarius Henderson,placed on non-football injury list
2024-07-19,Bears,,• Gerald Everett,placed on non-football injury list with undisclosed
2024-07-19,Bears,• Jamree Kromah,,activated from physically unable to perform list
2024-07-19,Commanders,,• Jer'Zhan Newton / Johnny Newton,placed on non-football injury list with foot injury
2024-07-19,Panthers,,• D.J. Wonnum,placed on physically unable to perform list with quadriceps injury
2024-07-19,Panthers,,• Jalen Coker,placed on physically unable to perform list with undisclosed
2024-07-19,Panthers,,• Jonathon Brooks,placed on non-football injury list with knee injury
2024-07-20,Bengals,,• D.J. Ivey,placed on physically unable to perform list recovering from surgery to repair torn ACL
2024-07-20,Bengals,,• Devonnsha Maxwell,placed on physically unable to perform list with knee injury
2024-07-20,Bengals,,• Erick All,placed on non-football injury list with torn ACL in knee
2024-07-20,Chiefs,,• Clyde Edwards-Helaire,placed on non-football illness list
2024-07-20,Jaguars,,• Arik Armstead,placed on physically unable to perform list with surgery on knee
2024-07-20,Packers,,• Alex McGough,placed on IR
2024-07-20,Panthers,,• Amare Barno,placed on physically unable to perform list with knee injury
2024-07-20,Panthers,,• Cam Sims,placed on physically unable to perform list with undisclosed
2024-07-20,Panthers,,• Chau Smith-Wade,placed on physically unable to perform list with undisclosed
2024-07-20,Panthers,,• Yosh Nijman,placed on physically unable to perform list with undisclosed
2024-07-20,Patriots,,• Jontrey Hunter,placed on non-football injury list with undisclosed
2024-07-20,Patriots,,• Terrell Jennings,placed on physically unable to perform list with undisclosed
2024-07-20,Seahawks,• Anthony Bradford,,activated from active/non-football injury list
2024-07-20,Seahawks,• Dee Williams,,activated from active/non-football injury list
2024-07-21,Bears,• Gerald Everett,,activated from non-football injury list
2024-07-21,Broncos,,• Caden Sterns,placed on physically unable to perform list with knee injury
2024-07-21,Broncos,,• Delarrin Turner-Yell,placed on physically unable to perform list recovering from torn ACL in knee
2024-07-21,Broncos,,• Drew Sanders,placed on physically unable to perform list with Achilles tendon injury
2024-07-21,Chiefs,,• Justin Reid,placed on non-football injury list with quadriceps injury
2024-07-21,Chiefs,• Clyde Edwards-Helaire,,activated from non-football illness list
2024-07-21,Eagles,,• Sydney Brown,placed on physically unable to perform list recovering from torn ACL in knee
2024-07-21,Lions,,• Amik Robertson,placed on non-football injury list with undisclosed
2024-07-21,Lions,,• Brian Branch,placed on physically unable to perform list with lower leg injury
2024-07-21,Lions,,• Carlton Davis,placed on non-football injury list
2024-07-21,Lions,,• D.J. Reader,placed on physically unable to perform list with quadriceps injury
2024-07-21,Lions,,• Donovan Peoples-Jones,placed on non-football injury list
2024-07-21,Lions,,• Giovanni Manu,placed on non-football injury list with undisclosed
2024-07-21,Lions,,• Marcus Davenport,placed on physically unable to perform list with ankle injury
2024-07-21,Lions,,• Tre'Quan Smith,placed on non-football injury list
2024-07-21,Packers,,• Caleb Jones,placed on non-football injury list
2024-07-21,Packers,,• Corey Ballentine,placed on non-football injury list
2024-07-21,Packers,,• Jayden Reed,placed on non-football injury list with undisclosed
2024-07-22,Buccaneers,,• Tanner Taula,placed on non-football injury list with undisclosed
2024-07-22,Buccaneers,,• Zack Annexstad,placed on non-football injury list
2024-07-22,Dolphins,,• Shaquil Barrett / Shaq Barrett,placed on reserve/retired list
2024-07-22,Packers,• Zach Tom,,activated from physically unable to perform list
2024-07-22,Texans,• D'Angelo Ross,,activated from physically unable to perform list
2024-07-22,Texans,• Del'Shawn Phillips,,activated from physically unable to perform list
2024-07-22,Vikings,,• DeWayne McBride,placed on non-football injury list with undisclosed
2024-07-22,Vikings,,• NaJee Thompson,placed on physically unable to perform list with knee injury
2024-07-22,Vikings,,• T.J. Hockenson,"placed on physically unable to perform list recovering from torn ACL, MCL in knee"
2024-07-23,49ers,,• Drake Jackson,placed on physically unable to perform list with knee injury
2024-07-23,49ers,,• Dre Greenlaw,placed on physically unable to perform list with Achilles injury
2024-07-23,49ers,,• Talanoa Hufanga,placed on physically unable to perform list with knee injury
2024-07-23,Bengals,,• Trent Brown,placed on non-football injury list with undisclosed
2024-07-23,Dolphins,,• David Long Jr. (b. 1998-10-12),placed on physically unable to perform list with undisclosed
2024-07-23,Dolphins,,• Odell Beckham Jr.,placed on physically unable to perform list with undisclosed
2024-07-23,Dolphins,,• Tahj Washington,placed on IR with undisclosed injury
2024-07-23,Dolphins,• Mark Perry,,activated from IR
2024-07-23,Dolphins,• Salvon Ahmed,,activated from non-football injury list
2024-07-23,Eagles,,• Cooper DeJean,placed on non-football injury list with hamstring injury
2024-07-23,Giants,,• Aaron Robinson,placed on physically unable to perform list
2024-07-23,Giants,,• Evan Neal,placed on physically unable to perform list
2024-07-23,Giants,,• Jalen Mills,placed on non-football injury list with undisclosed
2024-07-23,Giants,,• Stantley Thomas-Oliver,placed on non-football injury list
2024-07-23,Jets,• Leonard Taylor III,,activated from physically unable to perform list
2024-07-23,Jets,• Tyler Harrell,,activated from non-football injury list
2024-07-23,Panthers,• Chau Smith-Wade,,activated from physically unable to perform list
2024-07-23,Panthers,• Jalen Coker,,activated from physically unable to perform list
2024-07-23,Patriots,,• Antonio Gibson (b. 1998-06-23),placed on non-football injury list with undisclosed
2024-07-23,Patriots,,• Cole Strange,placed on physically unable to perform list
2024-07-23,Patriots,,• Jake Andrews,placed on physically unable to perform list
2024-07-23,Patriots,,• Kendrick Bourne,placed on physically unable to perform list with knee injury
2024-07-23,Patriots,,• Sione Takitaki,placed on physically unable to perform list with knee injury
2024-07-23,Raiders,,• Darien Butler,placed on physically unable to perform list
2024-07-23,Raiders,,• Jackson Powers-Johnson,placed on physically unable to perform list
2024-07-23,Raiders,,• Jacob Johanning / Jake Johanning,placed on physically unable to perform list
2024-07-23,Rams,,• Tyler Higbee,placed on physically unable to perform list with knee injury
2024-07-23,Texans,,• Jared Wayne,placed on IR
2024-07-23,Titans,,• Colton Dowell,placed on physically unable to perform list
2024-07-23,Titans,,• Nicholas Petit-Frere,placed on physically unable to perform list
2024-07-24,Browns,,• D'Anthony Bell,placed on physically unable to perform list with shin injury
2024-07-24,Browns,,• Dalvin Tomlinson,placed on physically unable to perform list with knee injury
2024-07-24,Browns,,• Greg Newsome II,placed on non-football injury list with hamstring injury
2024-07-24,Browns,,• Jack Conklin,placed on physically unable to perform list with knee injury
2024-07-24,Browns,,• Jedrick Wills Jr.,placed on physically unable to perform list with knee injury
2024-07-24,Browns,,• Nick Chubb,placed on physically unable to perform list recovering from surgery on left knee
2024-07-24,Browns,,• Nyheim Hines,placed on non-football injury list with knee injury
2024-07-24,Cardinals,,• Carter O'Donnell,placed on IR
2024-07-24,Colts,,• Chris Lammons,placed on physically unable to perform list with foot injury
2024-07-24,Colts,,• Raekwon Davis,placed on non-football injury list with undisclosed
2024-07-24,Commanders,,• Efe Obada,placed on physically unable to perform list
2024-07-24,Commanders,• Jer'Zhan Newton / Johnny Newton,,activated from non-football injury list
2024-07-24,Eagles,,• Gottlieb Ayedze,placed on non-football injury list with undisclosed
2024-07-24,Eagles,,• Shaquan Davis / Shaq Davis,placed on non-football injury list with undisclosed
2024-07-24,Lions,• Amik Robertson,,activated from non-football injury list
2024-07-24,Lions,• Brian Branch,,activated from physically unable to perform list
2024-07-24,Lions,• Carlton Davis,,activated from non-football injury list
2024-07-24,Lions,• Donovan Peoples-Jones,,activated from non-football injury list
2024-07-24,Lions,• Giovanni Manu,,activated from non-football injury list
2024-07-24,Lions,• Marcus Davenport,,activated from physically unable to perform list
2024-07-24,Lions,• Tre'Quan Smith,,activated from non-football injury list
2024-07-24,Packers,• Jayden Reed,,activated from non-football injury list
2024-07-24,Raiders,,• Jalen Guyton,placed on physically unable to perform list
2024-07-24,Raiders,,• Kolton Miller,placed on physically unable to perform list
2024-07-24,Saints,• Chase Young,,activated from active/physically unable to perform list
2024-07-24,Saints,• Chris Olave,,activated from non-football injury list
2024-07-24,Seahawks,• D.J. James,,activated from non-football injury list
2024-07-24,Seahawks,• Jerome Baker,,activated from physically unable to perform list
2024-07-24,Seahawks,• Lance Boykin,,activated from physically unable to perform list
2024-07-24,Seahawks,• Nehemiah Pritchett,,activated from non-football injury list
2024-07-24,Seahawks,• Tyrel Dodson,,activated from physically unable to perform list
2024-07-24,Steelers,,• Cole Holcomb,placed on physically unable to perform list with knee injury
2024-07-24,Steelers,,• Cordarrelle Patterson,placed on non-football injury list with hamstring injury
2024-07-24,Steelers,,• Dean Lowry,placed on physically unable to perform list with pectoral injury
2024-07-24,Vikings,• DeWayne McBride,,activated from non-football injury list
2024-07-25,Cowboys,,• Trevon Diggs,placed on physically unable to perform list recovering from torn ACL in left knee
2024-07-25,Falcons,,• Robert Burns (b. 1998-09-25),placed on physically unable to perform list
2024-07-25,Lions,,• Matt Farniok,placed on IR
2024-07-25,Seahawks,• Easton Gibbs,,activated from non-football injury list
2024-07-25,Vikings,,• Mekhi Blackmon,placed on IR with torn ACL in knee
2024-07-26,Eagles,• Shaquan Davis / Shaq Davis,,activated from non-football injury list
2024-07-26,Packers,• Caleb Jones,,activated from non-football injury list
2024-07-26,Packers,• Corey Ballentine,,activated from non-football injury list
2024-07-26,Packers,• Donovan Jennings,,activated from physically unable to perform list
2024-07-26,Panthers,,• Cam Sims,placed on IR
2024-07-26,Panthers,,• Popo Aumavae,placed on IR
2024-07-26,Raiders,,• Jacob Johanning / Jake Johanning,placed on IR
2024-07-26,Rams,,• Derion Kendrick,placed on IR with torn ACL in knee
2024-07-27,Lions,,• Christian Mahogany,placed on non-football injury / non-football illness list with illness
2024-07-27,Lions,,• Michael Badgley / Mike Badgley,placed on IR with hamstring injury
2024-07-28,Bengals,• Erick All,,activated from non-football injury list
2024-07-28,Broncos,• Caden Sterns,,activated from physically unable to perform list
2024-07-28,Chiefs,• Joe Thuney,,activated from physically unable to perform list
2024-07-28,Dolphins,• David Long Jr. (b. 1998-10-12),,activated from physically unable to perform list
2024-07-28,Giants,• Theo Johnson,,activated from physically unable to perform list
2024-07-28,Patriots,• Antonio Gibson (b. 1998-06-23),,activated from non-football injury list
2024-07-28,Patriots,• Terrell Jennings,,activated from physically unable to perform list
2024-07-28,Saints,,• Justin Herron,placed on IR with knee injury
2024-07-29,49ers,• Ricky Pearsall,,activated from non-football injury list
2024-07-29,Browns,,• Brian Allen (b. 1995-10-11),placed on IR with calf injury
2024-07-29,Jets,• Nick Bawden,,activated from physically unable to perform list
2024-07-29,Texans,• Andrew Beck,,activated from physically unable to perform list
2024-07-30,Chargers,• Junior Colson,,activated from non-football illness list
2024-07-30,Cowboys,• Trevon Diggs,,activated from physically unable to perform list
2024-07-30,Packers,• Kitan Oladapo,,activated from non-football injury list
2024-07-30,Ravens,,• Malik Hamm,placed on IR with knee injury
2024-07-31,Chiefs,• Jaylen Watson,,activated from physically unable to perform list
2024-07-31,Raiders,,• Darien Butler,placed on IR
2024-08-01,Broncos,,• Quinn Bailey,placed on IR with leg injury
2024-08-01,Broncos,• Blake Watson,,activated from non-football injury list
2024-08-01,Browns,,• Charlie Thomas III,placed on IR with knee injury
2024-08-01,Lions,,• Netane Muti,placed on IR with upper body injury
2024-08-01,Panthers,,• Daewood Davis,placed on IR
2024-08-01,Panthers,,• Stephen Sullivan,placed on IR with quadriceps injury
2024-08-02,Buccaneers,,• Iosua Opeta / Sua Opeta,placed on IR with torn ACL in knee
2024-08-02,Saints,,• Tommy Hudson,placed on IR
2024-08-02,Steelers,,• David Perales,placed on IR
2024-08-02,Titans,• Nicholas Petit-Frere,,activated from physically unable to perform list
2024-08-03,Cowboys,,• Corey Crooms,placed on IR
2024-08-03,Jets,,• Marcus Riley (b),placed on IR
2024-08-03,Patriots,,• Tyrone Wheatley Jr.,placed on IR
2024-08-03,Texans,,• Charlie Heck,placed on IR
2024-08-04,Bengals,• Trent Brown,,activated from non-football injury list
2024-08-04,Eagles,,• McCallan Castles,placed on IR
2024-08-04,Panthers,,• Curtis Hodges,placed on IR
2024-08-04,Saints,,• Jermaine Jackson,placed on IR
2024-08-04,Texans,,• Jaylon Thomas,placed on IR
2024-08-05,49ers,,• Pat Elflein,placed on IR with calf injury
2024-08-05,Bills,,• David Ugwoegbu,placed on IR
2024-08-05,Cardinals,,• B.J. Ojulari,placed on IR with torn ACL in knee (out for season)
2024-08-05,Colts,• Chris Lammons,,activated from physically unable to perform list
2024-08-05,Jaguars,,• Josh Pederson,placed on IR
2024-08-05,Packers,• Tucker Kraft,,activated from physically unable to perform list
2024-08-05,Panthers,,• Kemoko Turay,placed on IR
2024-08-05,Patriots,,• Jake Andrews,placed on IR with undisclosed
2024-08-05,Raiders,• Jalen Guyton,,activated from physically unable to perform list
2024-08-06,49ers,,• Malik Turner,placed on IR with undisclosed
2024-08-06,Chiefs,• Derrick Nnadi,,activated from physically unable to perform list
2024-08-06,Giants,,• Jashaun Corbin,placed on IR
2024-08-06,Panthers,,• Devin Carter,placed on IR
2024-08-06,Ravens,• Adisa Isaac,,activated from non-football injury list
2024-08-06,Saints,,• Chandler Brewer,placed on IR with undisclosed
2024-08-07,Bengals,,• Cameron Sample / Cam Sample,placed on IR with torn Achilles tendon (out for season)
2024-08-07,Broncos,,• Ronnie Perkins,placed on IR
2024-08-07,Colts,,• Wesley French,placed on IR with surgery on ankle
2024-08-07,Commanders,,• Alex Akingbulu,placed on IR
2024-08-07,Cowboys,,• Sam Williams (Degarrick),"placed on IR with torn ACL, MCL in knee (out for season)"
2024-08-07,Jaguars,,• Gregory Junior,placed on IR
2024-08-07,Jets,• Mike Williams (K.),,activated from physically unable to perform list
2024-08-07,Panthers,,• J.D. DiRenzo,placed on IR
2024-08-07,Raiders,,• Tomari Fox,placed on IR
2024-08-07,Seahawks,,• Joshua Onujiogu / Josh Onujiogu,placed on IR
2024-08-08,49ers,,• Drake Jackson,placed on reserve/physically unable to perform list
2024-08-08,49ers,,• Terique Owens,placed on IR
2024-08-08,Buccaneers,,• Silas Dzansi,placed on IR with knee injury
2024-08-08,Jets,,• Hamze El-Zayat,placed on IR
2024-08-08,Packers,,• Don Callis,placed on IR
2024-08-08,Packers,,• Rory Starkey,placed on IR
2024-08-08,Seahawks,,• Marcus Simms,placed on IR
2024-08-08,Steelers,,• Tyler Murray,placed on IR
2024-08-08,Falcons,,• Rondale Moore,placed on IR with knee injury (out for season)
2024-08-09,49ers,,• Austin Bryant,placed on IR with foot injury
2024-08-09,Jaguars,,• De'Shaan Dixon,placed on IR
2024-08-09,Steelers,,• Nathan Meadors / Nate Meadors,placed on IR
2024-08-09,Steelers,• Cordarrelle Patterson,,activated from non-football injury list
2024-08-10,Dolphins,,• Kion Smith,placed on IR with torn ACL in knee
2024-08-10,Seahawks,,• Matthew Gotel / Matt Gotel,placed on IR
2024-08-10,Steelers,,• Breiden Fehoko,placed on IR with shoulder injury
2024-08-11,Falcons,,• Bralen Trice,placed on IR with torn ACL in knee
2024-08-11,Falcons,,• Harrison Hand,placed on IR with knee injury
2024-08-11,Giants,• Evan Neal,,activated from physically unable to perform list
2024-08-11,Lions,,• Nate Lynn,placed on IR with shoulder injury
2024-08-11,Steelers,• Dean Lowry,,activated from physically unable to perform list
2024-08-12,Bengals,• Devonnsha Maxwell,,activated from physically unable to perform list
2024-08-12,Chiefs,• Justin Reid,,activated from non-football injury list
2024-08-12,Dolphins,,• Cameron Brown / Cam Brown (a),placed on IR with undisclosed injury
2024-08-12,Dolphins,,• Grayson Murphy,placed on IR with knee injury
2024-08-12,Dolphins,• Jaelan Phillips,,activated from physically unable to perform list
2024-08-12,Jets,,• Jimmy Ciarlo,placed on IR
2024-08-12,Lions,,• Connor Galvin,placed on IR
2024-08-12,Panthers,,• Deven Thompkins,placed on IR
2024-08-12,Ravens,• T.J. Tampa,,activated from physically unable to perform list
2024-08-12,Seahawks,• Drake Thomas,,activated from physically unable to perform list
2024-08-13,49ers,,• Frank Darby,placed on IR
2024-08-13,Bills,,• Chase Claypool,placed on IR with toe injury
2024-08-13,Bills,,• Shane Buechele,placed on IR with neck injury (out for season)
2024-08-13,Browns,,• Vincent Gray,placed on IR
2024-08-13,Colts,,• Trent Pennix,placed on IR
2024-08-13,Eagles,• Cooper DeJean,,activated from non-football injury list
2024-08-13,Falcons,,• Robert Burns (b. 1998-09-25),placed on IR
2024-08-13,Jaguars,• Arik Armstead,,activated from physically unable to perform list
2024-08-13,Jets,,• Myles Jones,placed on IR
2024-08-13,Lions,,• Antoine Green,placed on IR
2024-08-13,Patriots,,• John Morgan III,placed on IR
2024-08-13,Steelers,,• Kalon Barnes,placed on IR
2024-08-13,Raiders,,• Keelan Doss,placed on IR
2024-08-14,Bills,,• Bryan Thompson,placed on IR
2024-08-14,Lions,,• DaRon Gilbert,placed on IR
2024-08-14,Raiders,• Jackson Powers-Johnson,,activated from physically unable to perform list
2024-08-14,Steelers,,• Tarik Black,placed on IR
2024-08-14,Vikings,,• Jabril Cox,placed on IR
2024-08-15,Colts,,• Ethan Fernea,placed on IR
2024-08-15,Cowboys,,• Shaka Toney,placed on IR
2024-08-15,Falcons,,• Jakeem Grant,placed on IR with hamstring injury
2024-08-15,Giants,,• Elijah Riley,placed on IR with concussion
2024-08-15,Lions,,• Morice Norris Jr.,placed on IR
2024-08-15,Seahawks,,• Nathan Pickering,placed on IR
2024-08-15,Steelers,,• Grayland Arnold,placed on IR with calf injury
2024-08-16,Panthers,,• Nash Jensen,placed on IR
2024-08-16,Titans,,• Marlon Davidson,placed on IR with biceps injury
2024-08-16,Vikings,,• J.J. McCarthy,placed on IR recovering from surgery on knee (out for season)
2024-08-17,Browns,,• Brady Breeze,placed on IR
2024-08-17,Eagles,,• Tyler Hall,placed on IR with undisclosed
2024-08-17,Giants,,• Tyree Jackson,placed on IR
2024-08-18,Bears,• Kiran Amegadjie,,activated from non-football injury list
2024-08-18,Buccaneers,• Tanner Taula,,activated from non-football injury list
2024-08-18,Eagles,,• Mekhi Garner,placed on IR
2024-08-18,Jets,,• Malik Taylor,placed on IR with undisclosed injury
2024-08-19,Bengals,,• Chris Evans,placed on IR with torn patellar tendon in knee
2024-08-19,Bengals,,• D'Ante Smith,placed on IR with patellar injury
2024-08-19,Browns,,• Hakeem Adeniji,placed on IR with knee injury
2024-08-19,Colts,,• Ryan Coll (a),placed on IR with shoulder injury
2024-08-19,Colts,• Raekwon Davis,,activated from non-football injury list
2024-08-19,Cowboys,,• Earl Bostick Jr.,placed on IR with surgery on right leg
2024-08-19,Dolphins,,• Sean Harlow,placed on IR with undisclosed injury
2024-08-19,Dolphins,,• Willie Snead IV,placed on IR with undisclosed injury
2024-08-19,Giants,,• Yodny Cajuste,placed on IR with undisclosed injury
2024-08-19,Panthers,,• Anthony Brown (Shaquille),placed on IR with thumb injury
2024-08-19,Panthers,,• Jake Luton,placed on IR with undisclosed injury
2024-08-20,Chiefs,,• McKade Mettauer,placed on IR
2024-08-20,Colts,,• Josh Sills,placed on IR
2024-08-20,Dolphins,,• Ezekiel Vandenburgh / Zeke Vandenburgh,placed on IR
2024-08-20,Giants,,• Ryder Anderson,placed on IR
2024-08-20,Lions,,• Malik Jefferson,placed on IR with undisclosed injury
2024-08-20,Lions,,• Tre'Quan Smith,placed on IR with undisclosed injury
2024-08-20,Panthers,,• Lamar Jackson (b. 1998-04-13),placed on IR
2024-08-20,Panthers,,• Tayvion Robinson,placed on IR
2024-08-20,Patriots,,• JaQuae Jackson,placed on IR with knee injury
2024-08-20,Raiders,• Kolton Miller,,activated from physically unable to perform list
2024-08-20,Steelers,,• Nate Herbig,placed on IR with torn rotator cuff in shoulder
2024-08-20,Titans,,• Garret Wallow,placed on IR with torn pectoral muscle
2024-08-21,Bears,,• Freddie Swain,placed on IR with undisclosed injury
2024-08-21,Commanders,,• Ben Nikkel,placed on IR
2024-08-21,Commanders,,• Keandre Jones,placed on IR
2024-08-21,Giants,,• Dennis Houston,placed on IR
2024-08-21,Packers,,• Jarveon Howard,placed on IR
2024-08-21,Saints,• Juwan Johnson,,activated from physically unable to perform list
2024-08-21,Texans,,• Dalton Keene (b. 1999-04-14),placed on IR with knee injury
2024-08-22,Browns,,• Brandon Bouyer-Randle,placed on IR
2024-08-22,Chiefs,,• Jaaron Hayek,placed on IR
2024-08-22,Panthers,• Yosh Nijman,,activated from physically unable to perform list
2024-08-22,Raiders,,• Jeff Foreman,placed on IR
2024-08-22,Saints,,• Sincere Haynesworth,placed on IR
2024-08-22,Vikings,,• Jeremy Flax,placed on IR
2024-08-22,Vikings,,• NaJee Thompson,placed on IR
2024-08-23,49ers,,• Tayler Hawkins,placed on IR
2024-08-23,Panthers,,• Badara Traore,placed on IR
2024-08-23,Vikings,,• Trey Knox,placed on IR
2024-08-24,Bears,,• Ian Wheeler,placed on IR with torn ACL in knee
2024-08-24,Bears,,• Nsimba Webster,placed on IR with groin injury
2024-08-25,Bills,,• Dee Delaney,placed on IR with knee injury
2024-08-25,Bills,,• Terrell Burgess,placed on IR with hamstring injury
2024-08-25,Dolphins,,• Anthony Schwartz,placed on IR with left knee injury
2024-08-25,Lions,• D.J. Reader,,activated from physically unable to perform list
2024-08-26,Browns,• Dalvin Tomlinson,,activated from physically unable to perform list
2024-08-26,Browns,• Greg Newsome II,,activated from non-football injury list
2024-08-27,49ers,,• Dre Greenlaw,placed on reserve/physically unable to perform list with Achilles injury
2024-08-27,49ers,,• Elijah Mitchell (b),placed on IR with hamstring injury
2024-08-27,49ers,,• Kalia Davis,placed on IR with knee injury
2024-08-27,49ers,• Talanoa Hufanga,,activated from physically unable to perform list
2024-08-27,Bears,,• Dante Pettis,placed on IR with undisclosed injury
2024-08-27,Bears,,• Jacob Martin / Jake Martin,placed on IR
2024-08-27,Bears,,• Larry Borom,placed on IR
2024-08-27,Bengals,,• Brad Robbins,placed on IR
2024-08-27,Bengals,,• D.J. Ivey,placed on reserve/physically unable to perform list recovering from surgery to repair torn ACL
2024-08-27,Bengals,,• Myles Murphy (a),placed on IR
2024-08-27,Bills,,• Darrynton Evans,placed on IR with hamstring injury
2024-08-27,Bills,,• Matt Milano,placed on IR
2024-08-27,Bills,,• Travis Clayton,placed on IR with right shoulder injury
2024-08-27,Broncos,,• Damarri Mathis,placed on IR
2024-08-27,Broncos,,• Delarrin Turner-Yell,placed on reserve/physically unable to perform list recovering from torn ACL in knee
2024-08-27,Broncos,,• Drew Sanders,placed on reserve/physically unable to perform list with Achilles tendon injury
2024-08-27,Browns,,• Luke Wypler,placed on IR with fractured right ankle
2024-08-27,Browns,,• Michael Dunn,placed on non-football illness list
2024-08-27,Buccaneers,,• Chase Edmonds,placed on IR with knee injury
2024-08-27,Buccaneers,,• Rakim Jarrett,placed on IR with undisclosed injury
2024-08-27,Cardinals,,• Christian Jones (b),placed on IR
2024-08-27,Cardinals,,• Darius Robinson,placed on IR
2024-08-27,Cardinals,,• Tony Jones Jr.,placed on IR with shoulder injury
2024-08-27,Chargers,,• Bucky Williams,placed on IR with undisclosed injury
2024-08-27,Chargers,,• Chris Collins (b),placed on IR with undisclosed injury
2024-08-27,Chargers,,• Chris Rumph II,placed on IR with foot injury
2024-08-27,Chargers,,• Nick Niemann,placed on IR with undisclosed injury
2024-08-27,Chargers,,• Tyler McLellan,placed on IR with leg injury
2024-08-27,Chiefs,,• Charles Omenihu,placed on reserve/physically unable to perform list with knee injury
2024-08-27,Colts,,• Cameron McGrone,placed on IR
2024-08-27,Colts,,• Jelani Woods,placed on IR with toe injury
2024-08-27,Colts,,• Juwann Winfree,placed on IR with undisclosed injury
2024-08-27,Colts,,• Samson Ebukam,placed on IR with torn Achilles tendon
2024-08-27,Commanders,,• Efe Obada,placed on reserve/physically unable to perform list with undisclosed
2024-08-27,Commanders,,• Jordan Magee,placed on IR with knee injury
2024-08-27,Commanders,,• Norell Pollard,placed on IR with undisclosed injury
2024-08-27,Commanders,,• Taylor Stallworth,placed on IR with hamstring injury
2024-08-27,Cowboys,,• DaRon Bland,placed on IR with foot injury
2024-08-27,Cowboys,,• Nathan Thomas,placed on IR with undisclosed injury
2024-08-27,Dolphins,,• Bradley Chubb,placed on reserve/physically unable to perform list recovering from torn ACL in knee
2024-08-27,Dolphins,,• Cam Smith (Marquise Jani'),placed on IR with hamstring injury
2024-08-27,Dolphins,,• Cameron Goode,placed on reserve/physically unable to perform list with undisclosed
2024-08-27,Dolphins,,• Isaiah Wynn,placed on reserve/physically unable to perform list with strained quadriceps
2024-08-27,Dolphins,,• Odell Beckham Jr.,placed on reserve/physically unable to perform list with undisclosed
2024-08-27,Dolphins,,• River Cracraft,placed on IR with upper body injury
2024-08-27,Dolphins,,• Wyatt Ray,placed on IR with undisclosed injury
2024-08-27,Eagles,,• Ainias Smith,placed on IR with ankle injury
2024-08-27,Eagles,,• Albert Okwuegbunam,placed on IR with core muscle injury
2024-08-27,Eagles,,• Sydney Brown,placed on reserve/physically unable to perform list recovering from torn ACL in knee
2024-08-27,Falcons,,• DeMarcco Hellams,placed on IR
2024-08-27,Giants,,• Isaiah McKenzie,placed on IR with various injuries
2024-08-27,Giants,,• Matthew Adams / Matt Adams,placed on IR
2024-08-27,Jaguars,,• Andrew Wingard,placed on IR with knee injury
2024-08-27,Jaguars,,• Keilan Robinson,placed on IR with toe injury
2024-08-27,Jets,,• Kenny Yeboah,placed on IR with groin injury
2024-08-27,Jets,,• Leki Fotu,placed on IR with undisclosed injury
2024-08-27,Lions,,• Brodric Martin,placed on IR
2024-08-27,Lions,,• Emmanuel Moseley,placed on IR with pectoral injury
2024-08-27,Packers,,• A.J. Dillon,placed on IR with neck injury
2024-08-27,Packers,,• Jonathan Ford,placed on IR
2024-08-27,Panthers,,• Amare Barno,placed on reserve/physically unable to perform list with knee injury
2024-08-27,Panthers,,• Cam Gill,placed on IR with right foot injury
2024-08-27,Panthers,,• D.J. Wonnum,placed on reserve/physically unable to perform list with quadriceps injury
2024-08-27,Panthers,,• Dane Jackson,placed on IR with hamstring injury
2024-08-27,Panthers,,• Sam Franklin Jr.,placed on IR
2024-08-27,Panthers,,• Tae Davis (Marquez),placed on IR with foot injury
2024-08-27,Patriots,,• Armon Watts,placed on IR with undisclosed injury
2024-08-27,Patriots,,• Christian Barmore,placed on non-football injury list with blood clots
2024-08-27,Patriots,,• Cole Strange,placed on reserve/physically unable to perform list with knee injury
2024-08-27,Patriots,,• Kendrick Bourne,placed on reserve/physically unable to perform list with knee injury
2024-08-27,Patriots,,• Marte Mapu,placed on IR with undisclosed injury
2024-08-27,Patriots,,• Sione Takitaki,placed on reserve/physically unable to perform list with knee injury
2024-08-27,Raiders,,• Trey Taylor,placed on IR with knee injury
2024-08-27,Rams,,• K.T. Leveston,placed on IR with ankle injury
2024-08-27,Rams,,• Larrell Murchison,placed on IR with arm injury
2024-08-27,Rams,,• Tre'Vius Hodges-Tomlinson / Tre Tomlinson,placed on IR with undisclosed injury
2024-08-27,Rams,,• Tyler Davis,placed on IR with shoulder injury
2024-08-27,Rams,,• Tyler Higbee,placed on reserve/physically unable to perform list with knee injury
2024-08-27,Ravens,,• Arthur Maulet,placed on IR with undisclosed injury
2024-08-27,Ravens,,• Christian Matthew,placed on IR with undisclosed injury
2024-08-27,Ravens,,• Deion Jennings,placed on IR with undisclosed injury
2024-08-27,Ravens,,• Isaiah Washington,placed on IR with undisclosed injury
2024-08-27,Ravens,,• Keaton Mitchell,placed on reserve/physically unable to perform list with knee injury
2024-08-27,Ravens,,• Owen Wright,placed on IR with undisclosed injury
2024-08-27,Ravens,,• Trayvon Mullen,placed on IR with undisclosed injury
2024-08-27,Saints,,• Camron Peterson,placed on IR with undisclosed injury
2024-08-27,Saints,,• Kendre Miller,placed on IR with hamstring injury
2024-08-27,Saints,,• Kevin Rader,placed on IR with undisclosed injury
2024-08-27,Saints,,• Nephi Sewell,placed on reserve/physically unable to perform list recovering from surgery on knee to repair torn ACL
2024-08-27,Saints,,• Rejzohn Wright,placed on IR with undisclosed injury
2024-08-27,Saints,,• Tanoh Kpassagnon,placed on reserve/physically unable to perform list recovering from torn Achilles tendon
2024-08-27,Seahawks,,• Abraham Lucas,placed on reserve/physically unable to perform list recovering from surgery on knee
2024-08-27,Seahawks,,• Cameron Young (Colette),placed on reserve/physically unable to perform list with lower body injury
2024-08-27,Seahawks,,• Jerrick Reed II,placed on reserve/physically unable to perform list recovering from torn ACL in knee
2024-08-27,Steelers,,• Cole Holcomb,placed on reserve/physically unable to perform list with knee injury
2024-08-27,Steelers,,• Dylan Cook,placed on IR with foot injury
2024-08-27,Steelers,,• Jeremiah Moon,placed on IR with undisclosed injury
2024-08-27,Steelers,,• Julius Welschof,placed on IR with knee injury
2024-08-27,Steelers,,• Ryan Watts,placed on IR with stinger
2024-08-27,Texans,,• Brandon Hill,placed on IR with surgery on knee
2024-08-27,Texans,,• Case Keenum,placed on IR with foot injury
2024-08-27,Texans,,• Christian Harris,placed on IR
2024-08-27,Texans,,• Dylan Horton,placed on non-football injury list with undisclosed
2024-08-27,Texans,,• Kurt Hinish,placed on IR
2024-08-27,Titans,,• Chance Campbell,placed on IR with torn ACL in knee
2024-08-27,Titans,,• Colton Dowell,placed on reserve/physically unable to perform list with knee injury
2024-08-27,Titans,,• Lachavious Simmons,placed on IR
2024-08-27,Titans,,• T.K. McLendon Jr.,placed on IR with turf toe
2024-08-27,Vikings,,• Dalton Risner,placed on IR with back injury
2024-08-27,Vikings,,• Gabriel Murphy,placed on IR with undisclosed injury
2024-08-27,Vikings,,• Jordan Kunaszyk,placed on IR with undisclosed injury
2024-08-27,Vikings,,• T.J. Hockenson,"placed on reserve/physically unable to perform list recovering from torn ACL, MCL in knee"
2024-08-27,Patriots,,• Calvin Anderson,placed on IR with undisclosed injury
2024-08-28,Bears,,• Douglas Coleman III,placed on IR
2024-08-28,Bengals,,• Lance Robinson,placed on IR
2024-08-28,Broncos,,• Durell Nchami,placed on IR
2024-08-28,Browns,,• Chase Williams (b),placed on IR
2024-08-28,Buccaneers,,• Kalen DeLoach,placed on IR
2024-08-28,Buccaneers,,• Lwal Uguak,placed on IR
2024-08-28,Buccaneers,,• Shaun Peterson Jr.,placed on IR
2024-08-28,Chiefs,,• Tyree Gillespie,placed on IR
2024-08-28,Commanders,,• Alex Taylor / Armani Taylor-Prioleau,placed on IR
2024-08-28,Commanders,,• Ricky Stromberg,placed on IR
2024-08-28,Cowboys,,• David Durden,placed on IR
2024-08-28,Cowboys,,• Durrell Johnson,placed on IR
2024-08-28,Cowboys,,• Viliami Fehoko Jr.,placed on IR
2024-08-28,Dolphins,,• Braylon Sanders,placed on IR
2024-08-28,Dolphins,,• Christopher Brooks / Chris Brooks (b),placed on IR
2024-08-28,Dolphins,,• Ryan Hayes,placed on IR
2024-08-28,Eagles,,• Jacob Harris,placed on IR
2024-08-28,Eagles,,• Joseph Ngata,placed on IR
2024-08-28,Falcons,,• Camilo Eifler / Milo Eifler,placed on IR
2024-08-28,Falcons,,• Josh Thompson (b. 1998-10-20),placed on IR
2024-08-28,Giants,,• Jalen Mayfield,placed on IR
2024-08-28,Giants,,• Jonathan Sutherland,placed on IR
2024-08-28,Giants,,• Mario Goodrich,placed on IR
2024-08-28,Giants,,• Ovie Oghoufo,placed on IR
2024-08-28,Giants,,• Timmy Horne,placed on IR
2024-08-28,Jaguars,,• Patrick Murtagh,placed on IR
2024-08-28,Lions,,• David Bada,placed on IR
2024-08-28,Packers,,• Alonzo Davis / L.J. Davis,placed on IR
2024-08-28,Packers,,• Ralen Goforth,placed on IR
2024-08-28,Panthers,,• Tyler Smith (b),placed on IR
2024-08-28,Raiders,,• Brandon Facyson,placed on IR
2024-08-28,Raiders,,• Corey Luciano,placed on IR
2024-08-28,Raiders,,• Elerson Smith,placed on IR
2024-08-28,Raiders,,• Ron Stone Jr.,placed on IR
2024-08-28,Rams,,• Anthony Goodlow,placed on IR
2024-08-28,Saints,,• Trajan Jeffcoat,placed on IR
2024-08-28,Seahawks,,• Jack Westover,placed on IR
2024-08-28,Texans,,• Jawhar Jordan,placed on IR
2024-08-28,Texans,,• Pheldarius Payne,placed on IR
2024-08-28,Texans,,• Teagan Quitoriano,placed on IR
2024-08-28,Titans,,• JoJo Domann,placed on IR
2024-08-28,Titans,,• Kyle Philips,placed on IR
2024-08-28,Titans,,• Tre'Shaun Harrison,placed on IR
2024-08-28,Vikings,,• Malik Knowles,placed on IR
2024-08-29,49ers,,• Ambry Thomas,placed on IR
2024-08-29,49ers,,• Jon Feliciano,placed on IR (out for season)
2024-08-29,Bengals,,• McKinnley Jackson,placed on IR with knee injury
2024-08-29,Cardinals,,• Elijah Jones,placed on IR with heel injury
2024-08-29,Cowboys,,• Chuma Edoga,placed on IR with toe injury
2024-08-29,Dolphins,,• Patrick McMorris,placed on IR with foot injury
2024-08-29,Eagles,,• James Bradberry,placed on IR with lower leg injury
2024-08-29,Giants,,• Austin Schlottmann,placed on IR with leg injury
2024-08-29,Giants,,• Dyontae Johnson,placed on IR with ankle injury
2024-08-29,Lions,,• John Cominsky,placed on IR
2024-08-29,Packers,,• Nate McCrary,placed on IR
2024-08-29,Panthers,,• Jaden Crumedy,placed on IR with high ankle sprain
2024-08-29,Rams,,• Conor McDermott,placed on IR
2024-08-29,Titans,,• Cedric Gray,placed on IR with shoulder injury
2024-08-29,Bears,,• Patrick Scales,placed on IR recovering from surgery on back
2024-09-02,49ers,,• Ricky Pearsall,placed on non-football injury list with gunshot wounds to chest
2024-09-04,Steelers,,• Boston Scott,placed on practice squad IR with undisclosed injury
2024-09-04,Panthers,,• Messiah Swinson,placed on IR
2024-09-05,Buccaneers,,• Earnest Brown IV,placed on IR with ribcage injury
2024-09-05,Rams,,• Darious Williams,placed on IR with hamstring injury
2024-09-05,Ravens,,• Rasheen Ali,placed on IR with neck injury
2024-09-06,Texans,,• Cameron Erving,placed on practice squad IR with undisclosed injury
2024-09-07,Chargers,,• D.J. Chark,placed on IR with hip injury
2024-09-07,Commanders,,• Marcus Mariota,placed on IR with pectoral muscle injury
2024-09-07,Jaguars,,• Brian Thomas Jr.,placed on IR with calf injury
2024-09-07,Jets,,• Wes Schweitzer,placed on IR with hand injury
2024-09-07,Raiders,,• Malcolm Koonce,placed on IR with knee injury
2024-09-07,Steelers,,• Logan Lee,placed on IR with calf injury
2024-09-09,Jets,,• Zaire Barnes,placed on IR with ankle injury
2024-09-09,Giants,,• Carter Coughlin,placed on practice squad IR with undisclosed injury
2024-09-10,Buccaneers,,• Bryce Hall,placed on IR with ankle injury
2024-09-10,Colts,,• Julius Brents / JuJu Brents,placed on IR with knee injury
2024-09-10,Panthers,,• Derrick Brown,placed on IR with knee injury
2024-09-10,Steelers,,• Cameron Johnston,placed on IR with knee injury
2024-09-11,Broncos,,• Audric Estime,placed on IR with ankle injury
2024-09-11,Browns,,• Juan Thornhill,placed on IR with calf injury
2024-09-11,Browns,,• Maurice Hurst Jr. / Maurice Hurst II (Roy),placed on IR with ankle injury
2024-09-11,Browns,,• Mohamoud Diabate,placed on IR with hip injury
2024-09-11,Browns,,• Tony Fields II,placed on IR with ankle injury
2024-09-11,Cardinals,,• Jonah Williams (b. 1997-11-17),placed on IR with knee injury
2024-09-11,Rams,,• Joe Noteboom,placed on IR with ankle injury
2024-09-11,Rams,,• Puka Nacua,placed on IR with strained PCL in knee
2024-09-11,Rams,,• Steve Avila,placed on IR with knee injury
2024-09-11,Texans,,• Jeff Okudah,placed on IR with hip injury
2024-09-12,Browns,,• Myles Harden,placed on IR with shin injury
2024-09-12,Jaguars,,• Tyson Campbell,placed on IR with hamstring injury
2024-09-13,Chiefs,,• Marquise Brown,placed on IR with surgery on shoulder
2024-09-14,49ers,,• Christian McCaffrey,"placed on IR with Achilles, calf injuries"
2024-09-14,Bears,,• Ryan Bates,"placed on IR with elbow, shoulder injuries"
2024-09-14,Giants,,• Gunner Olszewski,placed on IR with groin injury
2024-09-16,Falcons,,• Nate Landman,placed on IR with calf injury
2024-09-17,Browns,,• David Bell,placed on IR with hip injury
2024-09-17,Colts,,• DeForest Buckner,placed on IR with ankle injury
2024-09-17,Dolphins,,• Tua Tagovailoa,placed on IR with concussion
2024-09-17,Giants,,• Graham Gano,placed on IR with hamstring injury
2024-09-17,Packers,,• MarShawn Lloyd,placed on IR with ankle injury
2024-09-17,Steelers,,• Tyler Matakevich,placed on IR with hamstring injury
2024-09-18,Broncos,,• Mike McGlinchey,placed on IR with knee injury
2024-09-18,Chiefs,,• Isiah Pacheco,placed on IR with fractured fibula in leg
2024-09-18,Cowboys,,• Jordan Phillips,placed on IR with wrist injury
2024-09-18,Patriots,,• Oshane Ximines,placed on IR with knee injury
2024-09-18,Rams,,• John Johnson III,placed on IR with fractured shoulder
2024-09-18,Rams,,• Jonah Jackson,placed on IR with shoulder injury
2024-09-18,Steelers,,• Ben Skowronek,placed on IR with shoulder injury
2024-09-18,Texans,,• Brevin Jordan,placed on IR with torn ACL in knee (out for season)
2024-09-18,Vikings,,• Nick Muse,placed on IR with hand injury
2024-09-19,Jets,,• Jermaine Johnson II,placed on IR with torn Achilles tendon
2024-09-19,Patriots,,• Chukwuma Okorafor / Chuks Okorafor,placed on IR
2024-09-21,Bears,,• Travis Homer,placed on IR with finger injury
2024-09-21,Broncos,,• Baron Browning,placed on IR with foot injury
2024-09-21,Dolphins,,• Grant DuBose,placed on IR with shoulder injury
2024-09-21,Seahawks,,• George Fant,placed on IR with knee injury
2024-09-21,Steelers,,• Troy Fautanu,placed on IR with knee injury
2024-09-24,Buccaneers,,• Evan Deckers,placed on IR with hamstring injury
2024-09-24,Colts,,• Jason Bean,placed on practice squad IR with undisclosed injury
2024-09-24,Eagles,,• Britain Covey,placed on IR with shoulder injury
2024-09-24,Falcons,,• Drew Dalman,placed on IR with ankle injury
2024-09-24,Giants,,• Lawrence Cager,placed on practice squad IR with undisclosed injury
2024-09-24,Lions,,• Derrick Barnes (Danta),placed on IR with knee injury
2024-09-24,Lions,,• Marcus Davenport,placed on IR with triceps injury
2024-09-24,Panthers,,• Adam Thielen,placed on IR with hamstring injury
2024-09-24,Panthers,,• Jordan Fuller,placed on IR with hamstring injury
2024-09-24,Raiders,,• Marcus Epps,placed on IR with torn ACL in knee (out for season)
2024-09-24,Seahawks,,• George Holani,placed on practice squad IR with undisclosed injury
2024-09-24,Steelers,,• Cory Trice Jr.,placed on IR with hamstring injury
2024-09-25,Broncos,,• Alex Singleton,placed on IR with torn ACL in knee
2024-09-25,Browns,,• Wyatt Teller,placed on IR with knee injury
2024-09-25,Cardinals,,• Jackson Barton,placed on practice squad IR with toe injury
2024-09-25,Cardinals,,• Justin Jones (Maurice),placed on IR with triceps injury
2024-09-25,Patriots,,• Ja'Whaun Bentley,placed on IR with pectoral injury
2024-09-25,Saints,,• Erik McCoy,placed on IR with surgery on groin
2024-09-26,Bears,,• Sam Roberts,placed on practice squad IR with undisclosed injury
2024-09-26,Bills,,• Tylan Grable,placed on IR with groin injury
2024-09-26,Chiefs,,• Baylor Cupp,placed on practice squad IR with undisclosed injury
2024-09-27,Jets,,• Brandon Smith (Nathaniel),placed on practice squad IR with undisclosed injury
2024-09-27,Titans,,• Chidobe Awuzie,placed on IR with groin injury
2024-09-28,49ers,,• Curtis Robinson,placed on IR with torn ACL in knee (out for season)
2024-09-28,49ers,,• Javon Hargrave,placed on IR with torn pectoral muscle (out for season)
2024-09-28,Bears,,• Stephen Carlson,placed on IR with fractured clavicle
2024-09-28,Bengals,,• Trent Brown,placed on IR with torn patellar tendon in knee (out for season)
2024-09-28,Jaguars,,• Foyesade Oluokun / Foye Oluokun,placed on IR with foot injury
2024-09-28,Lions,,• Ifeatu Melifonwu,placed on IR with ankle injury
2024-09-28,Patriots,,• Alex Austin,placed on IR with ankle injury
2024-09-28,Ravens,,• Jalyn Armour-Davis,placed on IR with hamstring injury
2024-09-30,Bengals,• Brad Robbins,,activated from IR
2024-10-01,Buccaneers,,• SirVocea Dennis,placed on IR
2024-10-01,Chargers,,• Nick Niemann,placed on IR
2024-10-01,Colts,,• Tyquan Lewis,placed on IR
2024-10-01,Cowboys,,• Demarcus Lawrence,placed on IR
2024-10-01,Steelers,,• James Daniels (b. 1997-09-13),placed on IR
2024-10-02,Cardinals,,• Angelo Blackson,placed on practice squad IR with undisclosed injury
2024-10-02,Commanders,,• Jamison Crowder,placed on IR with calf injury
2024-10-03,Chiefs,,• Rashee Rice,placed on IR with knee injury
2024-10-03,Dolphins,,• Jaelan Phillips,placed on IR with knee injury (out for season)
2024-10-04,Patriots,,• Caedan Wallace,placed on IR with ankle injury
2024-10-04,Patriots,,• David Andrews,placed on IR recovering from surgery on shoulder (out for season)
2024-10-04,Rams,• Larrell Murchison,,activated from IR
2024-10-05,49ers,,• Yetur Gross-Matos,placed on IR with knee injury
2024-10-05,49ers,• Kalia Davis,,activated from IR
2024-10-05,Bengals,• McKinnley Jackson,,activated from IR
2024-10-05,Bengals,• Myles Murphy (a),,activated from IR
2024-10-05,Broncos,,• Tyler Badie,placed on IR with back injury
2024-10-05,Browns,,• Alex Wright,placed on IR recovering from surgery on triceps (out for season)
2024-10-05,Browns,• Michael Dunn,,activated from non-football injury list
2024-10-05,Commanders,• Marcus Mariota,,activated from IR
2024-10-05,Cowboys,,• Brandin Cooks,placed on IR with infection in knee
2024-10-05,Dolphins,• Odell Beckham Jr.,,activated from reserve/physically unable to perform list
2024-10-05,Giants,• Matthew Adams / Matt Adams,,activated from IR
2024-10-05,Panthers,,• Shaq Thompson,placed on IR recovering from surgery to repair torn Achilles tendon (out for season)
2024-10-05,Patriots,• Kendrick Bourne,,activated from reserve/physically unable to perform list
2024-10-05,Patriots,• Marte Mapu,,activated from IR
2024-10-05,Raiders,,• Luke Masterson,placed on IR with knee injury
2024-10-05,Rams,,• Larrell Murchison,placed on IR with foot injury
2024-10-05,Rams,• Darious Williams,,activated from IR
2024-10-05,Steelers,• Jeremiah Moon,,activated from IR
2024-10-05,Texans,,• Jerry Hughes,placed on IR with hip injury
2024-10-05,Texans,• Dylan Horton,,activated from non-football injury list
2024-10-07,Buccaneers,,• Cody Thompson,placed on practice squad IR with shoulder injury
2024-10-07,Buccaneers,,• Markees Watts,placed on IR with quadriceps injury
2024-10-07,Colts,,• Will Fries,placed on IR with fractured tibia in leg
2024-10-07,Saints,,• Shane Lemieux,placed on IR with ankle injury
2024-10-08,Bengals,,• Daxton Hill / Dax Hill,placed on IR with torn ACL in knee (out for season)
2024-10-08,Bengals,,• Jaxson Kirkland,placed on IR with biceps injury (out for season)
2024-10-08,Cardinals,,• Will Hernandez,placed on IR with knee injury (out for season)
2024-10-08,Texans,,• British Brooks,placed on IR with knee injury
2024-10-09,49ers,,• Talanoa Hufanga,placed on IR with wrist injury
2024-10-09,Browns,,• Charley Hughlett,placed on IR with rib injury
2024-10-09,Cowboys,,• Marshawn Kneeland,placed on IR with knee injury
2024-10-09,Jaguars,,• Devin Duvernay,placed on IR with hamstring injury
2024-10-09,Raiders,,• Christian Wilkins,placed on IR with surgery on foot
2024-10-09,Texans,,• Nico Collins,placed on IR with hamstring injury
2024-10-10,Seahawks,,• Uchenna Nwosu,placed on IR with thigh injury
2024-10-10,Seahawks,• Cameron Young (Colette),,activated from reserve/physically unable to perform list
2024-10-11,Packers,,• Luke Musgrave,placed on IR with ankle injury
2024-10-12,Broncos,,• Josh Reynolds,placed on IR with surgery on finger
2024-10-12,Broncos,,• Luke Wattenberg,placed on IR with ankle injury
2024-10-12,Broncos,• Audric Estime,,activated from IR
2024-10-12,Browns,,• James Hudson,placed on IR with shoulder injury
2024-10-12,Browns,• Maurice Hurst Jr. / Maurice Hurst II (Roy),,activated from IR
2024-10-12,Browns,• Mohamoud Diabate,,activated from IR
2024-10-12,Chargers,,• Asante Samuel Jr.,placed on IR with shoulder injury
2024-10-12,Chargers,,• Gus Edwards,placed on IR with ankle injury
2024-10-12,Chargers,• Nick Niemann,,activated from IR
2024-10-12,Commanders,• Efe Obada,,activated from reserve/physically unable to perform list
2024-10-12,Falcons,• Nate Landman,,activated from IR
2024-10-12,Giants,,• Kayvon Thibodeaux,placed on IR with fractured wrist
2024-10-12,Jaguars,• Brian Thomas Jr.,,activated from IR
2024-10-12,Panthers,,• Austin Corbett,placed on IR with biceps injury (out for season)
2024-10-12,Patriots,• Sione Takitaki,,activated from reserve/physically unable to perform list
2024-10-12,Raiders,• Trey Taylor,,activated from IR
2024-10-12,Ravens,• Rasheen Ali,,activated from IR
2024-10-12,Saints,,• Will Harris (Jamahl),placed on IR with hamstring injury
2024-10-12,Saints,• Kendre Miller,,activated from IR
2024-10-12,Steelers,,• DeMarvin Leal,placed on IR with neck injury
2024-10-12,Titans,,• Jamal Adams,placed on reserve/non-football injury list with hip injury
2024-10-14,Jets,• Leki Fotu,,activated from IR
2024-10-14,Packers,,• T.J. Luther,placed on practice squad IR with undisclosed injury
2024-10-15,Browns,,• Nick Harris (b),placed on IR with ankle injury
2024-10-15,Cardinals,,• Bilal Nichols,placed on IR with neck injury
2024-10-15,Cardinals,,• Matt Prater,placed on IR with knee injury
2024-10-15,Falcons,,• Micah Abernathy,placed on IR with knee injury
2024-10-15,Jets,,• Chuck Clark,placed on IR with ankle injury
2024-10-15,Lions,,• Aidan Hutchinson,placed on IR recovering from surgery on lower leg to repair fracture (out for season)
2024-10-15,Lions,,• Kyle Peko,placed on IR with pectoral injury
2024-10-15,Seahawks,,• Artie Burns,placed on IR with toe injury
2024-10-15,Texans,• Kurt Hinish,,activated from IR
2024-10-16,Commanders,,• Javontae Jean-Baptiste,placed on IR with ankle injury
2024-10-16,Giants,,• Andrew Thomas,placed on IR with surgery on foot
2024-10-16,Washington,,• Jonathan Allen,placed on IR with torn pectoral muscle
2024-10-17,Broncos,• Baron Browning,,activated from IR
2024-10-17,Broncos,• Damarri Mathis,,activated from IR
2024-10-17,Broncos,• Mike McGlinchey,,activated from IR
2024-10-17,Saints,,• Rashid Shaheed,placed on IR with surgery on knee
2024-10-17,Seahawks,,• Rayshawn Jenkins,placed on IR with hand injury
2024-10-18,Eagles,,• Jordan Mailata,placed on IR with hamstring injury
2024-10-18,Ravens,,• Qadir Ismail,placed on practice squad IR with undisclosed injury
2024-10-18,Steelers,,• Anthony Averett,placed on practice squad IR with undisclosed injury
2024-10-19,49ers,,• Matthew Wright,"placed on IR with various injuries / back, shoulder injuries"
2024-10-19,49ers,• Ricky Pearsall,,activated from non-football injury list
2024-10-19,Bengals,• D.J. Ivey,,activated from reserve/physically unable to perform list
2024-10-19,Browns,• Juan Thornhill,,activated from IR
2024-10-19,Browns,• Nick Chubb,,activated from physically unable to perform list
2024-10-19,Eagles,• Sydney Brown,,activated from reserve/physically unable to perform list
2024-10-19,Falcons,,• Lorenzo Carter,placed on IR with concussion
2024-10-19,Jaguars,• Tyson Campbell,,activated from IR
2024-10-19,Panthers,• Dane Jackson,,activated from IR
2024-10-19,Ravens,,• Deonte Harty / Deonte Harris,placed on IR with knee injury
2024-10-19,Titans,,• Treylon Burks,placed on IR with left knee injury
2024-10-21,Buccaneers,,• Jamel Dean,placed on IR with hamstring injury
2024-10-21,Buccaneers,,• Kameron Johnson,placed on IR with ankle injury
2024-10-21,Buccaneers,• Earnest Brown IV,,activated from IR
2024-10-21,Chargers,,• Deane Leonard,placed on IR with hamstring injury
2024-10-21,Dolphins,,• Braxton Berrios,placed on IR with knee injury
2024-10-21,Dolphins,• Cam Smith (Marquise Jani'),,activated from IR
2024-10-21,Eagles,,• John Ross III,placed on practice squad IR with undisclosed injury
2024-10-21,Packers,• Jonathan Ford,,activated from IR
2024-10-22,Browns,,• Deshaun Watson,placed on IR with torn Achilles tendon (out for season)
2024-10-22,Chiefs,,• Jaylen Watson,placed on IR with surgery on ankle
2024-10-22,Raiders,,• Aidan O'Connell,placed on IR with fractured right thumb
2024-10-22,Ravens,• Arthur Maulet,,activated from IR
2024-10-22,Saints,,• Paulson Adebo,placed on IR with leg injury
2024-10-22,Steelers,,• Montravius Adams,placed on IR with knee injury
2024-10-23,49ers,,• Brandon Aiyuk,"placed on IR with torn ACL, MCL in knee (out for season)"
2024-10-23,Buccaneers,,• Chris Godwin,placed on IR with surgery on ankle
2024-10-23,Cardinals,• Christian Jones (b),,activated from IR
2024-10-23,Commanders,• Jordan Magee,,activated from IR
2024-10-23,Jets,,• Xavier Newman-Johnson,placed on IR with neck injury
2024-10-23,Rams,,• Zach VanValkenburg,placed on practice squad IR with undisclosed injury
2024-10-23,Seahawks,,• Stone Forsythe,placed on IR with hand injury
2024-10-24,Bears,,• Tommy Sweeney,placed on practice squad IR with undisclosed injury
2024-10-24,Chiefs,,• Skyy Moore,placed on IR with core muscle injury
2024-10-24,Rams,,• Troy Reeder,placed on IR with hamstring injury
2024-10-24,Rams,• Puka Nacua,,activated from IR
2024-10-25,Bills,,• DeWayne Carter,placed on IR with surgery on wrist
2024-10-25,Cardinals,,• Dennis Gardeck,placed on IR with knee injury
2024-10-25,Dolphins,,• Tyler Huntley,placed on IR with right shoulder injury
2024-10-25,Eagles,,• Byron Young (b. 2000-11-10),placed on IR with hamstring injury
2024-10-25,Vikings,,• Christian Darrisaw,"placed on IR with torn ACL, MCL in knee"
2024-10-25,Vikings,• T.J. Hockenson,,activated from reserve/physically unable to perform list
2024-10-26,Bears,• Jacob Martin / Jake Martin,,activated from IR
2024-10-26,Bears,• Travis Homer,,activated from IR
2024-10-26,Browns,• Wyatt Teller,,activated from IR
2024-10-26,Buccaneers,• Rakim Jarrett,,activated from IR
2024-10-26,Colts,,• Jaylon Carlies,placed on IR with fibula injury
2024-10-26,Colts,• Cameron McGrone,,activated from IR
2024-10-26,Colts,• DeForest Buckner,,activated from IR
2024-10-26,Cowboys,,• John Stephens Jr.,placed on IR with torn ACL in knee (out for season)
2024-10-26,Dolphins,• Tua Tagovailoa,,activated from IR
2024-10-26,Eagles,• Ainias Smith,,activated from IR
2024-10-26,Jaguars,• Foyesade Oluokun / Foye Oluokun,,activated from IR
2024-10-26,Panthers,,• Nick Scott,placed on IR with hamstring injury
2024-10-26,Panthers,• Sam Franklin Jr.,,activated from IR
2024-10-26,Ravens,,• T.J. Tampa,placed on IR with ankle injury
2024-10-26,Ravens,• Jalyn Armour-Davis,,activated from IR
2024-10-26,Seahawks,• Jerrick Reed II,,activated from reserve/physically unable to perform list
2024-10-26,Titans,,• Jaelyn Duncan,placed on IR with hamstring injury
2024-10-28,Cardinals,• Darius Robinson,,activated from IR
2024-10-28,Chiefs,,• Jody Fortson Jr. / Joe Fortson,placed on IR
2024-10-28,Chiefs,,• Joseph Fortson,placed on IR with knee injury
2024-10-28,Colts,,• Trevor Denbow,placed on IR with knee injury
2024-10-28,Steelers,,• Roman Wilson,placed on IR with hamstring injury
2024-10-28,Titans,• Cedric Gray,,activated from IR
2024-10-29,Bears,,• Bill Murray (b. 1997-07-03),placed on IR with pectoral injury
2024-10-29,Browns,,• Tony Brown (Mendell),placed on IR with foot injury
2024-10-29,Colts,• Jason Bean,,activated from practice squad IR
2024-10-29,Lions,• Christian Mahogany,,activated from non-football injury list / non-football illness list
2024-10-29,Texans,,• Stefon Diggs,placed on IR with torn ACL in right knee
2024-10-30,Cowboys,,• Amani Oruwariye,placed on IR with back injury
2024-10-30,Cowboys,• DaRon Bland,,activated from IR
2024-10-30,Jets,,• Greg Zuerlein,placed on IR with left knee injury
2024-10-30,Ravens,,• Michael Pierce,placed on IR with calf injury
2024-10-30,Steelers,• Dylan Cook,,activated from IR
2024-10-31,Jets,,• Allen Lazard,placed on IR with chest injury
2024-10-31,Jets,,• Leki Fotu,placed on IR with knee injury
2024-10-31,Jets,• Kenny Yeboah,,activated from IR
2024-11-01,Falcons,,• Ruke Orhorhoro,placed on IR with ankle injury
2024-11-02,Bears,• Larry Borom,,activated from IR
2024-11-02,Browns,,• Jeremiah Owusu-Koramoah,placed on IR with neck injury
2024-11-02,Chargers,,• Brenden Rice,placed on IR with shoulder injury
2024-11-02,Chargers,• D.J. Chark,,activated from IR
2024-11-02,Chiefs,,• Jared Wiley,placed on IR with torn ACL in knee (out for season)
2024-11-02,Giants,,• Greg Joseph,placed on IR with oblique injury
2024-11-02,Jaguars,,• Christian Kirk (Davon),placed on IR with fractured sternum (out for season)
2024-11-02,Saints,,• Bub Means,placed on IR with high ankle sprain
2024-11-02,Saints,,• Kendre Miller,placed on IR with hamstring injury
2024-11-02,Seahawks,,• Cameron Young (Colette),placed on IR with knee injury
2024-11-02,Seahawks,• George Fant,,activated from IR
2024-11-02,Titans,,• Andrew Rupcich,placed on IR with torn triceps
2024-11-02,Vikings,,• Taki Taimani,placed on IR with ankle injury
2024-11-02,Vikings,• Dalton Risner,,activated from IR
2024-11-04,Jaguars,,• Cooper Hodges,placed on IR with knee injury
2024-11-05,Bengals,,• Erick All,placed on IR with torn ACL in knee (out for season)
2024-11-05,Bengals,,• Zack Moss,placed on IR with neck injury
2024-11-05,Bills,,• Dawuane Smoot,placed on IR with surgery on wrist
2024-11-05,Colts,,• Ryan Kelly,placed on IR with leg injury
2024-11-05,Rams,• Joe Noteboom,,activated from IR
2024-11-05,Vikings,,• Andrew DePaola,placed on IR with hand injury
2024-11-05,Vikings,,• Will Reichard,placed on IR with strained quadriceps
2024-11-06,Chargers,,• Junior Colson,placed on IR with ankle injury
2024-11-06,Chargers,,• Simi Fehoko,placed on IR with elbow injury
2024-11-06,Panthers,• Jaden Crumedy,,activated from IR
2024-11-06,Panthers,• Jonathon Brooks,,activated from non-football injury list
2024-11-06,Titans,,• Lloyd Cushenberry III,placed on IR with Achilles injury
2024-11-06,Titans,,• Quandre Diggs,placed on IR with foot injury
2024-11-07,Bears,,• Andrew Billings,placed on IR with surgery to repair torn pectoral muscle
2024-11-07,Bears,,• Jaylon Jones (Terrell),placed on IR with shoulder injury
2024-11-07,Ravens,• Keaton Mitchell,,activated from reserve/physically unable to perform list
2024-11-08,Texans,,• Kenyon Green,placed on IR with shoulder injury (out for season)
2024-11-09,49ers,• Christian McCaffrey,,activated from IR
2024-11-09,Bears,• Ryan Bates,,activated from IR
2024-11-09,Bills,,• Baylon Spector,placed on IR with calf injury
2024-11-09,Broncos,• Luke Wattenberg,,activated from IR
2024-11-09,Buccaneers,• Evan Deckers,,activated from IR
2024-11-09,Chargers,• Gus Edwards,,activated from IR
2024-11-09,Commanders,,• Colson Yankoff,placed on IR with hamstring injury
2024-11-09,Giants,• Graham Gano,,activated from IR
2024-11-09,Jaguars,• Andrew Wingard,,activated from IR
2024-11-09,Jaguars,• Devin Duvernay,,activated from IR
2024-11-09,Lions,,• Jalen Reeves-Maybin,placed on IR with neck injury
2024-11-09,Panthers,• D.J. Wonnum,,activated from reserve/physically unable to perform list
2024-11-09,Panthers,• Jordan Fuller,,activated from IR
2024-11-09,Saints,,• Chris Olave,placed on IR with concussion
2024-11-09,Saints,• Shane Lemieux,,activated from IR
2024-11-09,Saints,• Will Harris (Jamahl),,activated from IR
2024-11-09,Steelers,• Ben Skowronek,,activated from IR
2024-11-09,Steelers,• Tyler Matakevich,,activated from IR
2024-11-09,Texans,• Jerry Hughes,,activated from IR
2024-11-09,Texans,• Nico Collins,,activated from IR
2024-11-11,Dolphins,,• Austin Jackson,placed on IR with knee injury (out for season)
2024-11-11,Dolphins,• River Cracraft,,activated from IR
2024-11-11,Rams,• Jonah Jackson,,activated from IR
2024-11-11,Rams,• Steve Avila,,activated from IR
2024-11-11,Seahawks,,• K'Von Wallace,placed on IR with ankle injury
2024-11-12,Dolphins,,• Tanner Conner,placed on IR with knee injury
2024-11-12,Panthers,• Adam Thielen,,activated from IR
2024-11-13,Eagles,• Jordan Mailata,,activated from IR
2024-11-13,Seahawks,,• George Fant,placed on IR with knee injury
2024-11-13,Seahawks,• Abraham Lucas,,activated from reserve/physically unable to perform list
2024-11-14,Bears,,• Jaquan Brisker,placed on IR with concussion
2024-11-15,Chiefs,,• Harrison Butker,placed on IR with surgery on left knee
2024-11-16,49ers,,• Darrell Luter Jr.,placed on IR with pelvic injury
2024-11-16,49ers,,• Mitch Wishnowsky,placed on IR with back injury
2024-11-16,49ers,• Yetur Gross-Matos,,activated from IR
2024-11-16,Browns,,• Michael Hall Jr. / Mike Hall Jr.,placed on IR with knee injury
2024-11-16,Falcons,,• James Smith-Williams,placed on IR with tibia injury
2024-11-16,Falcons,,• Ta'Quon Graham,placed on IR with pectoral muscle injury
2024-11-16,Falcons,• Drew Dalman,,activated from IR
2024-11-16,Falcons,• Lorenzo Carter,,activated from IR
2024-11-16,Jets,• Chuck Clark,,activated from IR
2024-11-16,Packers,,• Jordan Morgan,placed on IR with shoulder injury
2024-11-16,Patriots,• Christian Barmore,,activated from non-football injury list
2024-11-16,Saints,• Erik McCoy,,activated from IR
2024-11-16,Saints,• Nephi Sewell,,activated from reserve/physically unable to perform list
2024-11-16,Steelers,,• C.J. Henderson,placed on IR with neck injury
2024-11-16,Steelers,,• Zyon Gilbert,placed on practice squad IR with knee injury
2024-11-18,Cowboys,,• Dak Prescott,placed on IR recovering from surgery to repair torn hamstring (out for season)
2024-11-18,Lions,,• Alex Anzalone,placed on IR with fractured forearm
2024-11-18,Lions,• Ifeatu Melifonwu,,activated from IR
2024-11-18,Packers,• MarShawn Lloyd,,activated from IR
2024-11-18,Panthers,,• Ian Thomas (c),placed on IR with calf injury
2024-11-18,Patriots,• Alex Austin,,activated from IR
2024-11-18,Texans,• Jeff Okudah,,activated from IR
2024-11-19,Bengals,,• D.J. Turner II (JuanDrago),placed on IR
2024-11-19,Browns,,• Dawand Jones,placed on IR with fractured ankle (surgery) (out for season)
2024-11-19,Jaguars,,• Gabriel Davis / Gabe Davis,placed on IR with torn meniscus in knee (out for season)
2024-11-19,Jaguars,• Keilan Robinson,,activated from IR
2024-11-19,Lions,,• Ezekiel Turner / Zeke Turner,placed on IR with fractured clavicle
2024-11-19,Lions,,• Ifeatu Melifonwu,placed on IR with finger injury
2024-11-19,Patriots,,• Curtis Jacobs,placed on IR with head injury
2024-11-19,Saints,,• Trajan Jeffcoat,placed on practice squad IR with undisclosed injury
2024-11-20,Cardinals,• Jonah Williams (b. 1997-11-17),,activated from IR
2024-11-20,Lions,• Brodric Martin,,activated from IR
2024-11-20,Packers,,• MarShawn Lloyd,placed on non-football injury / non-football illness list with appendicitis
2024-11-20,Seahawks,,• Jamie Sheriff,placed on practice squad IR with undisclosed injury
2024-11-22,Eagles,,• Bryce Huff,placed on IR with wrist injury
2024-11-23,49ers,,• Tatum Bethune,placed on IR with knee injury
2024-11-23,Buccaneers,• Jamel Dean,,activated from IR
2024-11-23,Colts,• Tyquan Lewis,,activated from IR
2024-11-23,Commanders,• Javontae Jean-Baptiste,,activated from IR
2024-11-23,Cowboys,,• Markquese Bell,placed on IR with dislocated shoulder (out for season)
2024-11-23,Cowboys,• Chuma Edoga,,activated from IR
2024-11-23,Cowboys,• Marshawn Kneeland,,activated from IR
2024-11-23,Eagles,• Britain Covey,,activated from IR
2024-11-23,Giants,• Kayvon Thibodeaux,,activated from IR
2024-11-23,Lions,,• Ennis Rakestraw Jr.,placed on IR with hamstring injury
2024-11-23,Lions,• Emmanuel Moseley,,activated from IR
2024-11-23,Panthers,,• Miles Sanders,placed on IR with ankle injury
2024-11-23,Seahawks,• Rayshawn Jenkins,,activated from IR
2024-11-23,Titans,,• Jack Gibbens,placed on IR with ankle injury
2024-11-23,Titans,,• L'Jarius Sneed,placed on IR with quadriceps injury
2024-11-23,Vikings,• Nick Muse,,activated from IR
2024-11-25,Chargers,,• Hayden Hurst,placed on IR with hip injury
2024-11-25,Chargers,• Deane Leonard,,activated from IR
2024-11-25,Dolphins,• Isaiah Wynn,,activated from reserve/physically unable to perform list
2024-11-26,Broncos,• Drew Sanders,,activated from reserve/physically unable to perform list
2024-11-26,Chiefs,,• Peyton Hendershot,placed on IR with calf injury
2024-11-26,Commanders,,• Austin Seibert,placed on IR with right hip injury
2024-11-26,Dolphins,• Patrick McMorris,,activated from IR
2024-11-26,Eagles,,• Brandon Graham,placed on IR with triceps injury
2024-11-26,Giants,,• Azeez Ojulari,placed on IR with toe injury
2024-11-26,Vikings,,• Ivan Pace Jr.,placed on IR with hamstring injury
2024-11-26,Vikings,• Gabriel Murphy,,activated from IR
2024-11-27,Chargers,,• Eli Apple,placed on IR with hamstring injury
2024-11-27,Cowboys,,• Asim Richards,placed on IR with ankle injury
2024-11-27,Cowboys,,• Caelen Carson,placed on IR with shoulder injury
2024-11-27,Cowboys,• Brandin Cooks,,activated from IR
2024-11-27,Giants,,• Armon Watts,placed on IR with shoulder injury
2024-11-27,Lions,,• Kalif Raymond,placed on IR with foot injury
2024-11-27,Seahawks,,• Anthony Bradford,placed on IR with ankle injury
2024-11-27,Seahawks,• George Holani,,activated from practice squad IR
2024-11-27,Texans,,• Ka'Dar Hollman,placed on IR with knee injury
2024-11-28,Chiefs,• Charles Omenihu,,activated from reserve/physically unable to perform list
2024-11-28,Chiefs,• Isiah Pacheco,,activated from IR
2024-11-28,Dolphins,,• Tyus Bowser,placed on IR with knee injury
2024-11-28,Dolphins,• Tyler Huntley,,activated from IR
2024-11-28,Raiders,,• Gardner Minshew II,placed on IR with fractured clavicle (out for season)
2024-11-28,Raiders,,• Jakorian Bennett,placed on IR with shoulder injury
2024-11-28,Raiders,• Aidan O'Connell,,activated from IR
2024-11-28,Texans,,• Teagan Quitoriano,placed on IR with knee injury
2024-11-29,Buccaneers,,• Jordan Whitehead,placed on IR with pectoral injury
2024-11-30,Bills,• Matt Milano,,activated from IR
2024-11-30,Browns,,• Geoff Swaim,placed on IR with concussion
2024-11-30,Chargers,,• Alohi Gilman,placed on IR with hamstring injury
2024-11-30,Chargers,,• J.K. Dobbins,placed on IR with sprained knee
2024-11-30,Commanders,,• Austin Ekeler,placed on IR with concussion
2024-11-30,Eagles,,• Ben VanSumeren,placed on IR with knee injury
2024-11-30,Jets,,• Tyron Smith,placed on IR with neck injury
2024-11-30,Jets,• Xavier Newman-Johnson,,activated from IR
2024-11-30,Lions,,• Malcolm Rodriguez,placed on IR with torn ACL in knee (out for season)
2024-11-30,Lions,,• Mekhi Wingo,placed on IR with knee injury (out for season)
2024-11-30,Panthers,• Amare Barno,,activated from reserve/physically unable to perform list
2024-11-30,Ravens,,• Arthur Maulet,placed on IR with calf injury
2024-11-30,Ravens,,• Charlie Kolar,placed on IR with fractured arm
2024-12-02,Giants,,• Dexter Lawrence,placed on IR with dislocated elbow
2024-12-02,Giants,,• Theo Johnson,placed on IR with foot injury
2024-12-03,49ers,,• Christian McCaffrey,placed on IR with knee injury
2024-12-03,Panthers,,• Dillon Johnson,placed on practice squad IR with undisclosed injury
2024-12-03,Panthers,,• Stephen Sullivan,placed on practice squad IR with undisclosed injury
2024-12-03,Raiders,,• D.J. Turner (b. 1997-01-18),placed on IR with knee injury
2024-12-04,49ers,,• Kevin Givens,placed on IR with torn pectoral muscle (out for season)
2024-12-04,Bengals,,• Evan McPherson,placed on IR with groin injury
2024-12-04,Cardinals,• Jackson Barton,,activated from practice squad IR
2024-12-04,Chiefs,,• Spencer Shrader,placed on IR with hamstring injury
2024-12-04,Dolphins,,• Blake Ferguson,placed on IR
2024-12-04,Dolphins,,• Cam Smith (Marquise Jani'),placed on IR with shoulder injury
2024-12-04,Jaguars,,• Trevor Lawrence,placed on IR with concussion
2024-12-05,Seahawks,• Uchenna Nwosu,,activated from IR
2024-12-05,Steelers,• Cory Trice Jr.,,activated from IR
2024-12-06,Bengals,,• Logan Wilson,placed on IR with surgery on knee (out for season)
2024-12-06,Buccaneers,,• Troy Hill (b. 1991-08-29),placed on IR with various injuries
2024-12-06,Saints,,• Taysom Hill,placed on IR with torn ACL in knee (out for season)
2024-12-06,Seahawks,,• Jason Peters,placed on practice squad IR with undisclosed injury
2024-12-06,Vikings,,• Henry Byrd,placed on practice squad IR with undisclosed injury
2024-12-07,49ers,,• George Odum,placed on IR with knee injury
2024-12-07,49ers,,• Jordan Mason,placed on IR with ankle injury
2024-12-07,49ers,• Talanoa Hufanga,,activated from IR
2024-12-07,Bills,• DeWayne Carter,,activated from IR
2024-12-07,Browns,,• Jedrick Wills Jr.,placed on IR with knee injury
2024-12-07,Browns,,• Maurice Hurst Jr. / Maurice Hurst II (Roy),placed on IR with ankle injury
2024-12-07,Chargers,• Junior Colson,,activated from IR
2024-12-07,Chiefs,,• Mecole Hardman,placed on IR with knee injury (out for season)
2024-12-07,Eagles,,• Dallas Goedert,placed on IR with knee injury
2024-12-07,Giants,,• D.J. Davidson,placed on IR
2024-12-07,Jets,,• Clint Mosley Jr. / C.J. Mosley,placed on IR with neck injury
2024-12-07,Jets,• Allen Lazard,,activated from IR
2024-12-07,Jets,• Wes Schweitzer,,activated from IR
2024-12-07,Saints,,• Nick Saldiveri,placed on IR with knee injury
2024-12-07,Saints,• Kendre Miller,,activated from IR
2024-12-07,Titans,,• Logan Bruss,placed on IR with torn ACL in knee
2024-12-07,Titans,• Chidobe Awuzie,,activated from IR
2024-12-07,Vikings,• Andrew DePaola,,activated from IR
2024-12-07,Vikings,• Will Reichard,,activated from IR
2024-12-07,Bills,,• Zach Davidson,placed on IR with shoulder injury
2024-12-09,Cowboys,,• Josh Butler,placed on IR with knee injury
2024-12-09,Cowboys,,• Zack Martin,placed on IR recovering from surgery on ankle (out for season)
2024-12-09,Cowboys,• Amani Oruwariye,,activated from IR
2024-12-10,Browns,,• Greg Newsome II,placed on IR with hamstring injury
2024-12-10,Colts,,• Trysten Hill,placed on practice squad IR with undisclosed injury
2024-12-10,Giants,,• Jimmy Morrissey,placed on practice squad IR with undisclosed injury
2024-12-10,Giants,,• Tre Hawkins III,placed on IR with fractured back
2024-12-10,Panthers,,• Jonathon Brooks,placed on IR with torn ACL in knee (out for season)
2024-12-10,Patriots,• Cole Strange,,activated from reserve/physically unable to perform list
2024-12-10,Raiders,,• Zamir White,placed on IR with quadriceps injury
2024-12-11,Bears,,• DeAndre Carter,placed on IR with hamstring injury
2024-12-11,Falcons,,• Jase McClellan,placed on IR with knee injury
2024-12-11,Giants,,• Tyler Nubin,placed on IR with surgery on ankle
2024-12-11,Jets,,• Irvin Charles,placed on IR with torn ACL in knee
2024-12-12,49ers,,• Ben Bartch,placed on IR with ankle injury
2024-12-12,49ers,• Dre Greenlaw,,activated from reserve/physically unable to perform list
2024-12-13,Panthers,• Nick Scott,,activated from IR
2024-12-13,Patriots,,• Jaquelin Roy,placed on IR with foot injury
2024-12-13,Texans,,• Jalen Pitre,placed on IR with shoulder injury
2024-12-14,Bengals,,• Joe Bachie,placed on IR with adductor injury
2024-12-14,Bills,• Baylon Spector,,activated from IR
2024-12-14,Bills,• Dawuane Smoot,,activated from IR
2024-12-14,Browns,• Michael Hall Jr. / Mike Hall Jr.,,activated from IR
2024-12-14,Browns,• Myles Harden,,activated from IR
2024-12-14,Cardinals,,• Blake Gillikin,placed on IR with foot injury
2024-12-14,Cardinals,,• Emari Demercado,placed on IR with back injury
2024-12-14,Chargers,,• Jalen Reagor,placed on IR with finger injury
2024-12-14,Chiefs,• Harrison Butker,,activated from IR
2024-12-14,Commanders,,• Noah Brown,placed on IR with with kidney injury
2024-12-14,Commanders,• Jamison Crowder,,activated from IR
2024-12-14,Cowboys,,• DeMarvion Overshown,"placed on IR with torn ACL, MCL, PCL in right knee (out for season)"
2024-12-14,Dolphins,• Grant DuBose,,activated from IR
2024-12-14,Giants,,• Jon Runyan Jr.,placed on IR with ankle injury
2024-12-14,Jaguars,,• Evan Engram,placed on IR recovering from surgery on shoulder to repair torn labrum (out for season)
2024-12-14,Jets,,• Kene Nwangwu,placed on IR with hand injury
2024-12-14,Ravens,• Michael Pierce,,activated from IR
2024-12-14,Saints,,• D'Marco Jackson,placed on IR with ankle injury
2024-12-14,Saints,• Tanoh Kpassagnon,,activated from reserve/physically unable to perform list
2024-12-14,Seahawks,,• Jerrick Reed II,placed on IR with quadriceps injury
2024-12-14,Seahawks,• Artie Burns,,activated from IR
2024-12-14,Steelers,,• Calvin Anderson,placed on IR with groin injury
2024-12-14,Steelers,• Montravius Adams,,activated from IR
2024-12-14,Texans,• Christian Harris,,activated from IR
2024-12-16,Falcons,,• Troy Andersen,placed on IR with knee injury
2024-12-16,Falcons,• Ruke Orhorhoro,,activated from IR
2024-12-17,49ers,,• Mason Pline,placed on practice squad IR with undisclosed injury
2024-12-17,Bills,• Tylan Grable,,activated from IR
2024-12-17,Commanders,,• Kazmeir Allen,placed on practice squad IR with undisclosed injury (out for season)
2024-12-17,Dolphins,,• Grant DuBose,placed on IR with head injury
2024-12-17,Lions,,• Alim McNeill,placed on IR with torn ACL in knee (out for season)
2024-12-17,Lions,,• Carlton Davis,placed on IR with fractured jaw
2024-12-17,Lions,,• Khalil Dorsey,placed on IR with fractured leg (out for season)
2024-12-17,Panthers,,• Claudin Cherelus,placed on IR with toe injury
2024-12-17,Panthers,,• Trevin Wallace,placed on IR with shoulder injury
2024-12-17,Rams,,• Nick Hampton,placed on IR recovering from surgery to repair torn pectoral muscle (out for season)
2024-12-17,Rams,• Tyler Higbee,,activated from reserve/physically unable to perform list
2024-12-18,Browns,,• Nick Chubb,placed on IR with surgery on foot (out for season)
2024-12-18,Falcons,,• Younghoe Koo,placed on IR with hip injury
2024-12-18,Jets,,• Jalen Mills,placed on IR with clavicle injury
2024-12-18,Raiders,,• Maxx Crosby,placed on IR with ankle injury
2024-12-18,Raiders,,• Sincere McCormick,placed on IR with ankle injury
2024-12-18,Seahawks,• Stone Forsythe,,activated from IR
2024-12-18,Texans,• Kenyon Green,,activated from IR
2024-12-19,Chargers,• Hayden Hurst,,activated from IR
2024-12-19,Patriots,,• Christian Barmore,placed on non-football injury list with blood clots
2024-12-19,Ravens,• T.J. Tampa,,activated from IR
2024-12-20,Cardinals,,• Jesse Luketa,placed on IR with thigh injury
2024-12-20,Chiefs,,• Baylor Cupp,placed on practice squad IR with undisclosed injury (out for season)
2024-12-20,Chiefs,• Marquise Brown,,activated from IR
2024-12-21,Bears,,• Ryan Bates,placed on IR with concussion
2024-12-21,Colts,• Jaylon Carlies,,activated from IR
2024-12-21,Colts,• Ryan Kelly,,activated from IR
2024-12-21,Cowboys,,• Trevon Diggs,placed on IR with surgery on knee (out for season)
2024-12-21,Dolphins,• Cameron Goode,,activated from reserve/physically unable to perform list
2024-12-21,Giants,,• Bobby Okereke,placed on IR with back injury
2024-12-21,Giants,,• Patrick Johnson (a),placed on IR with knee injury
2024-12-21,Lions,• Ifeatu Melifonwu,,activated from IR
2024-12-21,Seahawks,,• Trevis Gipson,placed on IR with ankle injury
2024-12-23,Bears,,• Braxton Jones,placed on IR with surgery on ankle (out for season)
2024-12-23,Chargers,,• Marcus Maye,placed on IR with ankle injury
2024-12-23,Chiefs,,• Jack Cochrane,placed on IR with fractured ankle
2024-12-23,Packers,• Luke Musgrave,,activated from IR
2024-12-23,Texans,,• Jimmie Ward,placed on IR with surgery on foot
2024-12-23,Texans,,• Nathaniel Dell / Tank Dell,"placed on IR with surgery on left knee to repair torn ACL, torn LCL, torn MCL, dislocated kneecap, meniscus injury (out for season)"
2024-12-23,Titans,• Jaelyn Duncan,,activated from IR
2024-12-23,Colts,,• Tre Flowers,placed on practice squad IR with shoulder injury
2024-12-24,Bills,,• Baylon Spector,placed on IR with calf injury
2024-12-24,Cardinals,,• Paris Johnson Jr.,placed on IR with knee injury
2024-12-24,Chiefs,• Peyton Hendershot,,activated from IR
2024-12-24,Giants,• Dyontae Johnson,,activated from IR
2024-12-24,Jets,,• Olumuyiwa Fashanu / Olu Fashanu,placed on IR with surgery on foot
2024-12-24,Lions,,• Jonah Williams (b. 1995-08-17),placed on IR with knee injury
2024-12-24,Packers,,• Ellis Merriweather,placed on practice squad IR with undisclosed injury
2024-12-25,49ers,,• Jaylon Moore (b. 1998-01-09),placed on IR with quadriceps injury
2024-12-25,Titans,,• Kenneth Murray Jr.,placed on IR with wrist injury
2024-12-26,49ers,,• Trent Williams,placed on IR with ankle injury
2024-12-26,Browns,,• Shelby Harris,placed on IR with elbow injury
2024-12-26,Buccaneers,,• Christian Izien,placed on IR with pectoral injury
2024-12-26,Seahawks,,• Kenneth Walker III (b. 2000-10-20),placed on IR with ankle injury
2024-12-27,Chargers,• J.K. Dobbins,,activated from IR
2024-12-27,Patriots,,• Marcus Jones Jr.,placed on IR with hip injury
2024-12-27,Patriots,• Caedan Wallace,,activated from IR
2024-12-28,Buccaneers,• Jordan Whitehead,,activated from IR
2024-12-28,Buccaneers,• Kameron Johnson,,activated from IR
2024-12-28,Cowboys,,• Amani Oruwariye,placed on IR with foot injury
2024-12-28,Cowboys,,• CeeDee Lamb,placed on IR with shoulder injury
2024-12-28,Cowboys,• 11/27/2024,,activated from IR
2024-12-28,Cowboys,• Asim Richards,,activated from IR
2024-12-28,Dolphins,,• Kendall Fuller,placed on IR with knee injury
2024-12-28,Eagles,,• Britain Covey,placed on IR with neck injury
2024-12-28,Eagles,• Bryce Huff,,activated from IR
2024-12-28,Falcons,,• Antonio Hamilton,placed on IR with quadriceps injury
2024-12-28,Giants,,• Raheem Layne,placed on IR with torn meniscus in knee
2024-12-28,Giants,• Armon Watts,,activated from IR
2024-12-28,Giants,• Austin Schlottmann,,activated from IR
2024-12-28,Jets,• Greg Zuerlein,,activated from IR
2024-12-28,Panthers,,• Chau Smith-Wade,placed on IR with illness
2024-12-28,Panthers,,• Chuba Hubbard,placed on IR with calf injury
2024-12-28,Saints,,• Erik McCoy,placed on IR with elbow injury
2024-12-28,Saints,,• Lucas Patrick,placed on IR with knee injury
2024-12-28,Vikings,• Ivan Pace Jr.,,activated from IR
2024-12-28,Washington,• Jonathan Allen,,activated from IR
2024-12-30,49ers,,• Aaron Banks,placed on IR with MCL injury in knee
2024-12-30,49ers,• Tatum Bethune,,activated from IR
2024-12-30,Bengals,,• Sheldon Rankins,placed on non-football injury list / non-football illness with illness
2024-12-30,Cardinals,,• Joey Blount,placed on IR with rib injury
2024-12-30,Jets,,• Chuck Clark,placed on IR with undisclosed injury
2024-12-30,Lions,• Jalen Reeves-Maybin,,activated from IR
2024-12-31,49ers,,• Dre Greenlaw,placed on IR with calf injury
2024-12-31,Browns,,• Cedric Tillman (b),placed on IR with concussion
2024-12-31,Buccaneers,,• Daniel Grzesiak,placed on practice squad IR with undisclosed injury (out for season)
2024-12-31,Cardinals,,• Trey Benson,placed on IR with ankle injury
2024-12-31,Jets,,• Greg Zuerlein,placed on IR with knee injury
2024-12-31,Saints,,• Jaylan Ford,placed on IR with fractured fibula in leg
2024-12-31,Texans,,• Zachary Thomas / Zach Thomas,placed on non-football injury list with illness
2025-01-01,Cardinals,,• James Conner,placed on IR with knee injury
2025-01-01,Chargers,,• Elijah Molden,placed on IR with fractured fibula in leg (out for season)
2025-01-01,Dolphins,,• Kendall Lamm,placed on IR with back injury
2025-01-01,Eagles,,• C.J. Uzomah,placed on IR with abdominal injury
2025-01-03,Browns,,• David Njoku,placed on IR with knee injury
2025-01-03,Browns,,• Jerome Ford,placed on IR with ankle injury
2025-01-03,Browns,,• Pierre Strong Jr.,placed on IR with concussion
2025-01-03,Giants,,• Armon Watts,placed on IR with knee injury
2025-01-03,Packers,,• MarShawn Lloyd,placed on IR
2025-01-03,Panthers,,• D.J. Johnson (b),placed on non-football injury list with concussion
2025-01-03,Ravens,,• Jalyn Armour-Davis,placed on IR with hamstring injury
2025-01-03,Ravens,• Charlie Kolar,,activated from IR
2025-01-03,Seahawks,,• Brady Russell,placed on IR with foot injury
2025-01-04,49ers,,• Demetrius Flannigan-Fowles,placed on IR with calf injury
2025-01-04,49ers,,• Spencer Burford,placed on IR with calf injury
2025-01-04,Buccaneers,,• Jordan Whitehead,placed on non-football injury list with undisclosed
2025-01-04,Cardinals,,• Jackson Barton,placed on IR with ankle injury
2025-01-04,Chargers,• Alohi Gilman,,activated from IR
2025-01-04,Colts,• Julius Brents / JuJu Brents,,activated from IR
2025-01-04,Commanders,,• Tyler Owens,placed on IR with ankle injury
2025-01-04,Commanders,• Austin Ekeler,,activated from IR
2025-01-04,Cowboys,,• Kemon Hall,placed on IR with hamstring injury
2025-01-04,Eagles,• Dallas Goedert,,activated from IR
2025-01-04,Jets,,• Ahmad Gardner / Sauce Gardner,placed on IR with hamstring injury
2025-01-04,Lions,,• Emmanuel Moseley,placed on non-football injury list / non-football illness list with illness
2025-01-04,Lions,• Alex Anzalone,,activated from IR
2025-01-04,Lions,• Kalif Raymond,,activated from IR
2025-01-04,Packers,,• Jaire Alexander,placed on IR with knee injury
2025-01-04,Panthers,,• Amare Barno,placed on IR with shoulder injury
2025-01-04,Panthers,• Miles Sanders,,activated from IR
2025-01-04,Patriots,,• Ben Brown (c),placed on IR with concussion
2025-01-04,Patriots,,• Ja'Lynn Polk,placed on IR with shoulder injury
2025-01-04,Patriots,,• Jabrill Peppers,placed on IR with hamstring injury
2025-01-04,Seahawks,,• Abraham Lucas,placed on IR with various injuries
2025-01-04,Seahawks,,• Josh Jobe,placed on IR with knee injury
2025-01-04,Texans,,• Jamal Hill,placed on IR with hamstring injury
2025-01-04,Titans,,• Otis Reese,placed on IR with ankle injury
2025-01-07,Rams,,• Blake Corum,placed on IR with forearm injury
2025-01-07,Rams,• John Johnson III,,activated from IR
2025-01-08,Commanders,,• Haggai Ndubuisi / Haggai Chisom Ndubuisi,placed on practice squad IR with undisclosed injury
2025-01-10,Chargers,,• Ja'Sir Taylor,placed on IR with rib injury
2025-01-10,Chargers,• Eli Apple,,activated from IR
2025-01-10,Chargers,• Simi Fehoko,,activated from IR
2025-01-10,Chiefs,,• Marlon Tuipulotu,placed on IR with undisclosed injury
2025-01-10,Eagles,,• Jack Driscoll,placed on IR with ankle injury
2025-01-11,Broncos,,• Frank Crum,placed on non-football injury list with illness
2025-01-11,Broncos,• Tyler Badie,,activated from IR
2025-01-11,Steelers,• Calvin Anderson,,activated from IR
2025-01-14,Eagles,,• Nakobe Dean,placed on IR
2025-01-14,Texans,,• Cade Stover,placed on IR with fractured clavicle
2025-01-17,Chiefs,• Jaylen Watson,,activated from IR
2025-01-18,Commanders,,• Jordan Magee,placed on IR with hamstring injury
2025-01-18,Commanders,• Colson Yankoff,,activated from IR
2025-01-18,Lions,• Ennis Rakestraw Jr.,,activated from IR
2025-02-08,Eagles,,• Nick Gates,placed on IR with groin injury
2025-02-08,Eagles,• Brandon Graham,,activated from IR
2025-02-10,Chiefs,• B.J. Thompson,,activated from non-football injury list
2025-02-10,Chiefs,• Jack Cochrane,,activated from IR
2025-02-10,Chiefs,• Jared Wiley,,activated from IR
2025-02-10,Chiefs,• Joseph Fortson,,activated from IR
2025-02-10,Chiefs,• Marlon Tuipulotu,,activated from IR
2025-02-10,Chiefs,• Mecole Hardman,,activated from IR
2025-02-10,Chiefs,• Rashee Rice,,activated from IR
2025-02-10,Chiefs,• Skyy Moore,,activated from IR
2025-02-10,Chiefs,• Spencer Shrader,,activated from IR
2025-02-10,Eagles,• Ben VanSumeren,,activated from IR
2025-02-10,Eagles,• Britain Covey,,activated from IR
2025-02-10,Eagles,• Byron Young (b. 2000-11-10),,activated from IR
2025-02-10,Eagles,• C.J. Uzomah,,activated from IR
2025-02-10,Eagles,• Jack Driscoll,,activated from IR
2025-02-10,Eagles,• James Bradberry,,activated from IR
2025-02-10,Eagles,• Le'Raven Clark,,activated from IR
2025-02-10,Eagles,• Nakobe Dean,,activated from IR
2025-02-10,Eagles,• Nick Gates,,activated from IR
